case,k,U_k (power at pass k),p_k,A'_k,eta_ext^(k),fraction >60 deg,cumulative eta_ext,p (cos.sin),A' (cos.sin),eq3
Ag n_sub 1.5,0,1.0,0.3839512689572701,0.03381932944851518,0.3839512689572701,0.29021102614570343,0.3839512689572701,0.4273761614677933,0.02755034248112953,0.9644005268479652
Ag n_sub 1.5,1,0.5952133509958808,0.33855995494476976,0.03671324760722372,0.20151540529569084,0.4036633695431967,0.585466674252961,0.4273761614677933,0.02755034248112953,0.9644005268479652
Ag n_sub 1.5,2,0.3792431131879289,0.29361280815433055,0.03956871468672585,0.11135063543629845,0.512606330821189,0.6968173096892594,0.4273761614677933,0.02755034248112953,0.9644005268479652
Ag n_sub 1.5,3,0.25729151241410764,0.2533323998204984,0.04208904174503891,0.06518027629331144,0.6071635353050494,0.7619975859825708,0.4273761614677933,0.02755034248112953,0.9644005268479652
Ag n_sub 1.5,4,0.1840247344656471,0.22032365938031132,0.04414743378157737,0.040545002913961466,0.6820638819907805,0.8025425888965323,0.4273761614677933,0.02755034248112953,0.9644005268479652
Ag n_sub 1.5,5,0.13714481384290156,0.1950841477029442,0.04575128598508382,0.02675477912042139,0.737228284903962,0.8292973680169536,0.4273761614677933,0.02755034248112953,0.9644005268479652
Ag n_sub 1.5,6,0.10533895191760086,0.17664034359483535,0.046974747340865375,0.018607108660644855,0.7758428532922842,0.8479044766775985,0.4273761614677933,0.02755034248112953,0.9644005268479652
Ag n_sub 1.5,7,0.08265709227156363,0.16345478602006525,0.047907026907079264,0.013510697330289223,0.8020837944978282,0.8614151740078877,0.4273761614677933,0.02755034248112953,0.9644005268479652
Ag n_sub 1.5,8,0.06583329904685152,0.15403782742485453,0.048626861579233016,0.010140818357387754,0.8197273779889032,0.8715559923652755,0.4273761614677933,0.02755034248112953,0.9644005268479652
Ag n_sub 1.5,9,0.052983874988891934,0.14719788991457156,0.04919504248928808,0.007799114597862336,0.8316647900956231,0.8793551069631378,0.4273761614677933,0.02755034248112953,0.9644005268479652
Ag n_sub 1.5,10,0.04296147791804893,0.14207183688739725,0.04965541235156956,0.006103616083214566,0.839918183715229,0.8854587230463523,0.4273761614677933,0.02755034248112953,0.9644005268479652
Ag n_sub 1.5,11,0.03502728894298802,0.13806781330232976,0.050038510721430396,0.004836141190267229,0.8458306622297997,0.8902948642366195,0.4273761614677933,0.02755034248112953,0.9644005268479652
Ag n_sub 1.5,12,0.02868007997736004,0.1347919178548392,0.05036529404933798,0.0038658429843785335,0.8502685479592407,0.894160707220998,0.4273761614677933,0.02755034248112953,0.9644005268479652
Ag n_sub 1.5,13,0.023564143221190645,0.13198578576480643,0.050650112503490385,0.0031101319589232844,0.8537820205929526,0.8972708391799213,0.4273761614677933,0.02755034248112953,0.9644005268479652
Ag n_sub 1.5,14,0.01941772376108362,0.12948075421396418,0.05090286069902694,0.0025142215177035203,0.856718170371346,0.8997850606976249,0.4273761614677933,0.02755034248112953,0.9644005268479652
Ag n_sub 1.5,15,0.016042801790715117,0.12716653264395597,0.05113045373586078,0.0020401074776194893,0.8592958111713542,0.9018251681752444,0.4273761614677933,0.02755034248112953,0.9644005268479652
Ag n_sub 1.5,16,0.01328649001380639,0.12497059386761586,0.05133781321626696,0.0016604205474415321,0.8616533410293621,0.9034855887226859,0.4273761614677933,0.02755034248112953,0.9644005268479652
Ag n_sub 1.5,17,0.011028994033889211,0.1228448987996762,0.05152851720884899,0.0013548556559553526,0.8638787867495236,0.9048404443786413,0.4273761614677933,0.02755034248112953,0.9644005268479652
Ag n_sub 1.5,18,0.00917544587535633,0.12075743765223801,0.05170522667223654,0.0011080033332248264,0.8660284740882597,0.9059484477118661,0.4273761614677933,0.02755034248112953,0.9644005268479652
Ag n_sub 1.5,19,0.007650133391810683,0.11868686382418041,0.05186996557717383,0.0009079703401106498,0.8681385765313696,0.9068564180519768,0.4273761614677933,0.02755034248112953,0.9644005268479652
Ag n_sub 1.5,20,0.006392283826759967,0.11661908848895947,0.05202430602617092,0.0007454623132394651,0.8702322543103802,0.9076018803652163,0.4273761614677933,0.02755034248112953,0.9644005268479652
Ag n_sub 1.5,21,0.005352901392600321,0.11454510909912231,0.052169491838600535,0.0006131486740122476,0.8723240794022886,0.9082150290392286,0.4273761614677933,0.02755034248112953,0.9644005268479652
Ag n_sub 1.5,22,0.004492348054822295,0.11245961071102265,0.052306522238849906,0.0005052077134237352,0.874422795798972,0.9087202367526523,0.4273761614677933,0.02755034248112953,0.9644005268479652
Ag n_sub 1.5,23,0.0037784654688667015,0.11036004923047057,0.05243620958653461,0.00041699163515976226,0.8765330608901618,0.9091372283878121,0.4273761614677933,0.02755034248112953,0.9644005268479652
Ag n_sub 1.5,24,0.0031851010676070576,0.10824603341843217,0.052559220127594286,0.00034477455660527755,0.8786565646588085,0.9094820029444174,0.4273761614677933,0.02755034248112953,0.9644005268479652
Ag n_sub 1.5,25,0.0026909419050369586,0.10611889039178897,0.05267610356155883,0.0002855597690712888,0.8807927702704019,0.9097675627134887,0.4273761614677933,0.02755034248112953,0.9644005268479652
Ag n_sub 1.5,26,0.0022785863142108734,0.1039813421915423,0.05278731517610469,0.00023693046325092595,0.8829394256029638,0.9100044931767396,0.4273761614677933,0.02755034248112953,0.9644005268479652
Ag n_sub 1.5,27,0.0019338013688111415,0.1018372481800941,0.05289323298255599,0.0001969330099266259,0.8850929373588986,0.9102014261866662,0.4273761614677933,0.02755034248112953,0.9644005268479652
Ag n_sub 1.5,28,0.0016449267266033356,0.09969138546048668,0.05299417143178675,0.00016398502435606972,0.8872486635405415,0.9103654112110223,0.4273761614677933,0.02755034248112953,0.9644005268479652
Ag n_sub 1.5,29,0.0014023945349487094,0.09754925082695691,0.053090392732307756,0.00013680253624806524,0.8894011576879839,0.9105022137472704,0.4273761614677933,0.02755034248112953,0.9644005268479652
Ag n_sub 1.5,30,0.0011983418174898585,0.09541687519043383,0.05318211642598214,0.00011434203163490747,0.8915443841853056,0.9106165557789053,0.4273761614677933,0.02755034248112953,0.9644005268479652
Ag n_sub 1.5,31,0.0010262968448012937,0.09330064633321702,0.053269527635617875,9.575415894970202e-05,0.8936719150148719,0.910712309937855,0.4273761614677933,0.02755034248112953,0.9644005268479652
Ag n_sub 1.5,32,0.0008809248829661091,0.09120713905864665,0.053352784240670026,8.034663830091194e-05,0.8957771126981795,0.9107926565761559,0.4273761614677933,0.02755034248112953,0.9644005268479652
Ag n_sub 1.5,33,0.0007578217261811754,0.089142953818987,0.05343202313561113,6.755446713999353e-05,0.897853300669511,0.910860211043296,0.4273761614677933,0.02755034248112953,0.9644005268479652
Ag n_sub 1.5,34,0.0006533457717110736,0.08711456604684123,0.05350736566262726,5.691593338114877e-05,0.8998939202883952,0.9109171269766771,0.4273761614677933,0.02755034248112953,0.9644005268479652
Ag n_sub 1.5,35,0.0005644812450893527,0.08512818889723552,0.05357892227436345,4.805326606091312e-05,0.9018926726666701,0.9109651802427381,0.4273761614677933,0.02755034248112953,0.9644005268479652
Ag n_sub 1.5,36,0.000488726645828583,0.0831896520891476,0.05364679646501813,4.0656999633175876e-05,0.9038436431691295,0.9110058372423713,0.4273761614677933,0.02755034248112953,0.9644005268479652
Ag n_sub 1.5,37,0.00042400364527903707,0.08130429914888015,0.05371108800316671,3.44733192159825e-05,0.9057414066285562,0.9110403105615873,0.4273761614677933,0.02755034248112953,0.9644005268479652
Ag n_sub 1.5,38,0.00036858259401918345,0.07947690472051411,0.053771895502519484,2.9293803706502577e-05,0.9075811118288721,0.9110696043652938,0.4273761614677933,0.02755034248112953,0.9644005268479652
Ag n_sub 1.5,39,0.0003210215363630859,0.07771161282712334,0.05382931837387617,2.4947101343016427e-05,0.9093585445169262,0.9110945514666369,0.4273761614677933,0.02755034248112953,0.9644005268479652
Ag n_sub 1.5,40,0.0002801162229823731,0.07601189613535723,0.0538834582100961,2.129216524716471e-05,0.9110701689901288,0.911115843631884,0.4273761614677933,0.02755034248112953,0.9644005268479652
Ag n_sub 1.5,41,0.00024485908946446215,0.07438053547586843,0.05393441966396362,1.8212750190500267e-05,0.9127131490813316,0.9111340563820746,0.4273761614677933,0.02755034248112953,0.9644005268479652
Ag n_sub 1.5,42,0.00021440555254318696,0.07281961816599931,0.05398231088510952,1.5612930468864977e-05,0.9142853500533756,0.9111496693125434,0.4273761614677933,0.02755034248112953,0.9644005268479652
Ag n_sub 1.5,43,0.00018804628540142922,0.07133055311303949,0.0540272435858582,1.3413445548536428e-05,0.9157853234750579,0.9111630827580919,0.4273761614677933,0.02755034248112953,0.9644005268479652
Ag n_sub 1.5,44,0.00016518438362208144,0.06991410027068412,0.05406933280674209,1.1548717559705355e-05,0.91721227755043,0.9111746314756516,0.4273761614677933,0.02755034248112953,0.9644005268479652
Ag n_sub 1.5,45,0.00014531653577823882,0.0685704117846043,0.05410869645057326,9.96441469742602e-06,0.9185660356060733,0.9111845958903491,0.4273761614677933,0.02755034248112953,0.9644005268479652
Ag n_sub 1.5,46,0.000128017476645227,0.06729908208679888,0.05414545464968912,8.61545866929199e-06,0.9198469855137548,0.9111932113490183,0.4273761614677933,0.02755034248112953,0.9644005268479652
Ag n_sub 1.5,47,0.00011292713404520062,0.06609920426290862,0.05417972902488366,7.464393700078578e-06,0.9210560227578688,0.9112006757427183,0.4273761614677933,0.02755034248112953,0.9644005268479652
Ag n_sub 1.5,48,9.973998837138615e-05,0.06496943019506007,0.05421164188712313,6.4800502121508754e-06,0.9221944896749679,0.9112071557929305,0.4273761614677933,0.02755034248112953,0.9644005268479652
Ag n_sub 1.5,49,8.819625167458465e-05,0.06390803224490875,0.05424131542504684,5.636448895899443e-06,0.9232641131266843,0.9112127922418265,0.4273761614677933,0.02755034248112953,0.9644005268479652
Ag n_sub 1.5,50,7.807454468025074e-05,0.06291296455723865,0.05426887091299548,4.91190106229116e-06,0.924266942547592,0.9112177041428888,0.4273761614677933,0.02755034248112953,0.9644005268479652
Ag n_sub 1.5,51,6.918580834094275e-05,0.06198192240614613,0.054294427966282366,4.288269404194811e-06,0.9252052899638795,0.9112219924122931,0.4273761614677933,0.02755034248112953,0.9644005268479652
Ag n_sub 1.5,52,6.136823401659901e-05,0.061112398350065135,0.054318103863049805,3.7503599632624166e-06,0.9260816732305759,0.9112257427722563,0.4273761614677933,0.02755034248112953,0.9644005268479652
Ag n_sub 1.5,53,5.448303513315078e-05,0.06030173429026874,0.054340012945442995,3.285421507926635e-06,0.9268987634031133,0.9112290281937643,0.4273761614677933,0.02755034248112953,0.9644005268479652
Ag n_sub 1.5,54,4.841091483122753e-05,0.05954716882679477,0.05436026610721245,2.8827329185146883e-06,0.9276593368564494,0.9112319109266828,0.4273761614677933,0.02755034248112953,0.9644005268479652
Ag n_sub 1.5,55,4.304911000305384e-05,0.058845879567628295,0.054378970370209334,2.533262742733289e-06,0.9283662325002956,0.9112344441894255,0.4273761614677933,0.02755034248112953,0.9644005268479652
Ag n_sub 1.5,56,3.83089132985122e-05,0.05819502026729127,0.05439622854855497,2.2293879858248218e-06,0.9290223142163,0.9112366735774112,0.4273761614677933,0.02755034248112953,0.9644005268479652
Ag n_sub 1.5,57,3.411359203007826e-05,0.05759175284898709,0.05441213899649644,1.964661560987443e-06,0.9296304384631515,0.9112386382389722,0.4273761614677933,0.02755034248112953,0.9644005268479652
Ag n_sub 1.5,58,3.039663712697308e-05,0.05703327450191882,0.05442679543398721,1.7336197491978726e-06,0.9301934268565889,0.9112403718587214,0.4273761614677933,0.02755034248112953,0.9644005268479652
Ag n_sub 1.5,59,2.710028695538152e-05,0.05651684014587151,0.05444028684274116,1.5316225857645442e-06,0.9307140434297326,0.9112419034813072,0.4273761614677933,0.02755034248112953,0.9644005268479652
Ag n_sub 1.5,60,2.4174280400962102e-05,0.05603978062318313,0.05445269742479686,1.3547213703932316e-06,0.9311949762103587,0.9112432582026776,0.4273761614677933,0.02755034248112953,0.9644005268479652
Ag n_sub 1.5,61,2.1574801482415067e-05,0.05559951701885477,0.054464106615375485,1.1995485421999498e-06,0.9316388227106084,0.9112444577512198,0.4273761614677933,0.02755034248112953,0.9644005268479652
Ag n_sub 1.5,62,1.9263584240512247e-05,0.05519357152783246,0.05447458914189007,1.0632260146611388e-06,0.9320480789061106,0.9112455209772344,0.4273761614677933,0.02755034248112953,0.9644005268479652
Ag n_sub 1.5,63,1.7207151978508408e-05,0.05481957528922653,0.05448421512132784,9.432887633990049e-07,0.9324251312806793,0.9112464642659979,0.4273761614677933,0.02755034248112953,0.9644005268479652
Ag n_sub 1.5,64,1.537616932357153e-05,0.05447527359475338,0.05449305018874151,8.376210307408132e-07,0.932772251525316,0.9112473018870286,0.4273761614677933,0.02755034248112953,0.9644005268479652
Ag n_sub 1.5,65,1.3744889203317065e-05,0.0541585288567584,0.05450115565021363,7.444029785507942e-07,0.9330915935023327,0.9112480462900072,0.4273761614677933,0.02755034248112953,0.9644005268479652
Ag n_sub 1.5,66,1.22906798244566e-05,0.05386732169297615,0.05450858865436614,6.620660039293754e-07,0.9333851921138842,0.9112487083560111,0.4273761614677933,0.02755034248112953,0.9644005268479652
Ag n_sub 1.5,67,1.0993619214648818e-05,0.05359975045327875,0.05451540237718344,5.89255246483547e-07,0.9336549637463583,0.9112492976112576,0.4273761614677933,0.02755034248112953,0.9644005268479652
Ag n_sub 1.5,68,9.83614693609183e-06,0.0533540294800911,0.054521646215629604,5.247980735987513e-07,0.9339027079959966,0.9112498224093312,0.4273761614677933,0.02755034248112953,0.9644005268479652
Ag n_sub 1.5,69,8.802764275759904e-06,0.0531284863604516,0.054527365986198784,4.676775417589807e-07,0.9341301104151033,0.911250290086873,0.4273761614677933,0.02755034248112953,0.9644005268479652
Ag n_sub 1.5,70,7.879775624376544e-06,0.05292155839500054,0.05453260412516603,4.1701000584494513e-07,0.9343387460512314,0.9112507070968788,0.4273761614677933,0.02755034248112953,0.9644005268479652
Ag n_sub 1.5,71,7.055064925011372e-06,0.05273178847826532,0.05453739988787287,3.7202619132612847e-07,0.9345300835829359,0.9112510791230701,0.4273761614677933,0.02755034248112953,0.9644005268479652
Ag n_sub 1.5,72,6.317902044270444e-06,0.05255782055598318,0.054541789544879316,3.320551619330453e-07,0.9347054898845977,0.911251411178232,0.4273761614677933,0.02755034248112953,0.9644005268479652
Ag n_sub 1.5,73,5.658774728652984e-06,0.052398394799141594,0.054545806573280786,2.9651071231136443e-07,0.9348662348791389,0.9112517076889444,0.4273761614677933,0.02755034248112953,0.9644005268479652
Ag n_sub 1.5,74,5.069242483912101e-06,0.052252342611035445,0.05454948184186148,2.648797950477914e-07,0.9350134965610573,0.9112519725687395,0.4273761614677933,0.02755034248112953,0.9644005268479652
Ag n_sub 1.5,75,4.541809279330254e-06,0.05211858156293276,0.0545528437891053,2.367126573680587e-07,0.935148366093134,0.9112522092813968,0.4273761614677933,0.02755034248112953,0.9644005268479652
Ag n_sub 1.5,76,4.06981245075848e-06,0.05199611033580857,0.05455591859335829,2.1161441723568542e-07,0.935271852898471,0.911252420895814,0.4273761614677933,0.02755034248112953,0.9644005268479652
Ag n_sub 1.5,77,3.6473255717718498e-06,0.05188400372989739,0.054558730334691496,1.8923785356996078e-07,0.935384889685395,0.9112526101336677,0.4273761614677933,0.02755034248112953,0.9644005268479652
Ag n_sub 1.5,78,3.269073394309339e-06,0.05178140779033781,0.054561301148194574,1.6927722252727568e-07,0.9354883373563705,0.9112527794108902,0.4273761614677933,0.02755034248112953,0.9644005268479652
Ag n_sub 1.5,79,2.9303572393798125e-06,0.051687535085731574,0.05456365136860597,1.5146294262417158e-07,0.935582989763642,0.9112529308738329,0.4273761614677933,0.02755034248112953,0.9644005268479652
Ag n_sub 1.5,80,2.626989453654566e-06,0.05160166016680123,0.05456579966630959,1.3555701704925376e-07,0.9356695782840591,0.9112530664308499,0.4273761614677933,0.02755034248112953,0.9644005268479652
Ag n_sub 1.5,81,2.3552357463306687e-06,0.051523115224293516,0.05456776317483314,1.2134908273856997e-07,0.9357487761936675,0.9112531877799327,0.4273761614677933,0.02755034248112953,0.9644005268479652
Ag n_sub 1.5,82,2.1117643885805808e-06,0.05145128595864253,0.054569557610062214,1.0865299343413737e-07,0.9358212028293388,0.9112532964329261,0.4273761614677933,0.02755034248112953,0.9644005268479652
Ag n_sub 1.5,83,1.8936014002093958e-06,0.05138560766849002,0.054571197381447334,9.730385863166337e-08,0.935887427530211,0.9112533937367847,0.4273761614677933,0.02755034248112953,0.9644005268479652
Ag n_sub 1.5,84,1.698090968975691e-06,0.05132556156078811,0.05457269569551981,8.715547256398017e-08,0.9359479733561059,0.9112534808922573,0.4273761614677933,0.02755034248112953,0.9644005268479652
Ag n_sub 1.5,85,1.5228604508456177e-06,0.0512706712817308,0.05457406465207393,7.807807758325403e-08,0.936003320583629,0.9112535589703349,0.4273761614677933,0.02755034248112953,0.9644005268479652
Ag n_sub 1.5,86,1.3657893871121322e-06,0.051220499665034835,0.05457531533337434,6.99564148450851e-08,0.9360539099834054,0.9112536289267498,0.4273761614677933,0.02755034248112953,0.9644005268479652
Ag n_sub 1.5,87,1.224982049211691e-06,0.0511746456919995,0.05457645788677756,6.268802234746778e-08,0.9361001458840207,0.9112536916147721,0.4273761614677933,0.02755034248112953,0.9644005268479652
Ag n_sub 1.5,88,1.098743086201985e-06,0.051132741656211386,0.054577501601143386,5.618174637331449e-08,0.9361423990298251,0.9112537477965185,0.4273761614677933,0.02755034248112953,0.9644005268479652
Ag n_sub 1.5,89,9.855559048906012e-07,0.05109445052463308,0.05457845497742231,5.0356437421692806e-08,0.9361810092408933,0.9112537981529559,0.4273761614677933,0.02755034248112953,0.9644005268479652
Ag n_sub 1.5,90,8.84063459917655e-07,0.05105946348604544,0.054579325793780886,4.51398059510125e-08,0.9362162878842252,0.9112538432927619,0.4273761614677933,0.02755034248112953,0.9644005268479652
Ag n_sub 1.5,91,7.930511718615389e-07,0.05102749767733546,0.05458012116564015,4.046741683017284e-08,0.9362485201657409,0.9112538837601788,0.4273761614677933,0.02755034248112953,0.9644005268479652
Ag n_sub 1.5,92,7.114317266343348e-07,0.05099829407787628,0.054580847600964155,3.6281804411229093e-08,0.9362779672528948,0.9112539200419832,0.4273761614677933,0.02755034248112953,0.9644005268479652
Ag n_sub 1.5,93,6.382315398846097e-07,0.05097161556218739,0.05458151105113773,3.253169269066119e-08,0.9363048682377785,0.9112539525736759,0.4273761614677933,0.02755034248112953,0.9644005268479652
Ag n_sub 1.5,94,5.725786965227153e-07,0.050947245101148585,0.05458211695774995,2.9171307191438948e-08,0.9363294419505082,0.9112539817449831,0.4273761614677933,0.02755034248112953,0.9644005268479652
Ag n_sub 1.5,95,5.13692198411602e-07,0.05092498410224218,0.054582670295584945,2.615976703755667e-08,0.9363518886324893,0.9112540079047501,0.4273761614677933,0.02755034248112953,0.9644005268479652
Ag n_sub 1.5,96,4.6087237321826816e-07,0.050904650879577115,0.05458317561210224,2.3460547258718106e-08,0.9363723914788734,0.9112540313652974,0.4273761614677933,0.02755034248112953,0.9644005268479652
Ag n_sub 1.5,97,4.134923148154715e-07,0.05088607924479638,0.05458363706367286,2.1041002698814374e-08,0.9363911180591649,0.9112540524063001,0.4273761614677933,0.02755034248112953,0.9644005268479652
Ag n_sub 1.5,98,3.7099024081501255e-07,0.05086911721035435,0.05458405844882486,1.887194604391646e-08,0.9364082216245647,0.9112540712782461,0.4273761614677933,0.02755034248112953,0.9644005268479652
Ag n_sub 1.5,99,3.3286266610445993e-07,0.05085362579706675,0.05458444323872791,1.692727346389018e-08,0.9364238423102004,0.9112540882055196,0.4273761614677933,0.02755034248112953,0.9644005268479652
Ag n_sub 1.5,100,2.986583029056172e-07,0.05083947793826704,0.05458479460513577,1.51836322016504e-08,0.9364381082399715,0.9112541033891518,0.4273761614677933,0.02755034248112953,0.9644005268479652
Ag n_sub 1.5,101,2.6797260809478385e-07,0.05082655747334055,0.054585115445989985,1.3620125166610495e-08,0.9364511365412976,0.9112541170092769,0.4273761614677933,0.02755034248112953,0.9644005268479652
Ag n_sub 1.5,102,2.404429075096653e-07,0.05081475822384484,0.05458540840887238,1.2218048211741929e-08,0.9364630342766059,0.9112541292273252,0.4273761614677933,0.02755034248112953,0.9644005268479652
Ag n_sub 1.5,103,2.157440348765859e-07,0.05080398314585311,0.054585675912479426,1.0960656311688415e-08,0.9364738992979791,0.9112541401879815,0.4273761614677933,0.02755034248112953,0.9644005268479652
Ag n_sub 1.5,104,1.935844299627386e-07,0.05079414355257768,0.054585920166283275,9.832955325071264e-09,0.9364838210309515,0.9112541500209368,0.4273761614677933,0.02755034248112953,0.9644005268479652
Ag n_sub 1.5,105,1.737026467106096e-07,0.05078515840173301,0.05458614318852284,8.821516427998576e-09,0.9364928811930326,0.9112541588424532,0.4273761614677933,0.02755034248112953,0.9644005268479652
Ag n_sub 1.5,106,1.5586422754814274e-07,0.0507769536424862,0.05458634682266672,7.914310656733964e-09,0.9365011544521589,0.9112541667567639,0.4273761614677933,0.02755034248112953,0.9644005268479652
Ag n_sub 1.5,107,1.3985890487744188e-07,0.05076946161721142,0.054586532752477046,7.100561303000509e-09,0.9365087090298928,0.9112541738573251,0.4273761614677933,0.02755034248112953,0.9644005268479652
Ag n_sub 1.5,108,1.2549809500374916e-07,0.050762620513614846,0.054586702515782015,6.370612171856902e-09,0.9365156072538348,0.9112541802279372,0.4273761614677933,0.02755034248112953,0.9644005268479652
Ag n_sub 1.5,109,1.1261265354181785e-07,0.05075637386312695,0.05458685751707526,5.7158099448872946e-09,0.9365219060633906,0.9112541859437472,0.4273761614677933,0.02755034248112953,0.9644005268479652
Ag n_sub 1.5,110,1.0105086468666497e-07,0.05075067008176999,0.054586999039034856,5.128399095190516e-09,0.9365276574727112,0.9112541910721463,0.4273761614677933,0.02755034248112953,0.9644005268479652
Ag n_sub 1.5,111,9.067663971058544e-08,0.050745462049999655,0.05458712825305301,4.601427979255005e-09,0.9365329089943394,0.9112541956735744,0.4273761614677933,0.02755034248112953,0.9644005268479652
Ag n_sub 1.5,112,8.136790269236994e-08,0.05074070672829193,0.05458724622886402,4.1286648876097385e-09,0.936537704026814,0.9112541998022392,0.4273761614677933,0.02755034248112953,0.9644005268479652
Ag n_sub 1.5,113,7.301514383645811e-08,0.050736364805500915,0.054587353943341466,3.7045229740126603e-09,0.936542082209235,0.9112542035067622,0.4273761614677933,0.02755034248112953,0.9644005268479652
Ag n_sub 1.5,114,6.552012283306172e-08,0.05073240037724866,0.05458745228854078,3.323993104333399e-09,0.9365460797455455,0.9112542068307553,0.4273761614677933,0.02755034248112953,0.9644005268479652
Ag n_sub 1.5,115,5.879470657473431e-08,0.05072878065182871,0.054587542079045925,2.9825837733183284e-09,0.9365497297010738,0.911254209813339,0.4273761614677933,0.02755034248112953,0.9644005268479652
Ag n_sub 1.5,116,5.275982720647161e-08,0.05072547568130752,0.054587624058685,2.6762673319118628e-09,0.9365530622736699,0.9112542124896064,0.4273761614677933,0.02755034248112953,0.9644005268479652
Ag n_sub 1.5,117,4.734454796809766e-08,0.0507224581156967,0.05458769890666415,2.401431851318427e-09,0.9365561050415777,0.9112542148910382,0.4273761614677933,0.02755034248112953,0.9644005268479652
Ag n_sub 1.5,118,4.2485225609593103e-08,0.050719702978243734,0.054587767243173935,2.1548380238822364e-09,0.9365588831900156,0.9112542170458762,0.4273761614677933,0.02755034248112953,0.9644005268479652
Ag n_sub 1.5,119,3.812475933994899e-08,0.050717187460048434,0.054587829634507146,1.9335805663134253e-09,0.9365614197182691,0.9112542189794567,0.4273761614677933,0.02755034248112953,0.9644005268479652
Ag n_sub 1.5,120,3.421191732379287e-08,0.050714890732362,0.05458788659773839,1.735053648820758e-09,0.9365637356289552,0.9112542207145103,0.4273761614677933,0.02755034248112953,0.9644005268479652
Ag n_sub 1.5,121,3.0700732681329254e-08,0.05071279377506167,0.05458793860499567,1.5569199252115465e-09,0.9365658501009783,0.9112542222714303,0.4273761614677933,0.02755034248112953,0.9644005268479652
Ag n_sub 1.5,122,2.7549961788362415e-08,0.05071087921991918,0.054587986087362816,1.397082784763035e-09,0.9365677806475647,0.911254223668513,0.4273761614677933,0.02755034248112953,0.9644005268479652
Ag n_sub 1.5,123,2.4722598425223123e-08,0.050709131207398485,0.05458802943844476,1.2536614873324625e-09,0.9365695432606613,0.9112542249221746,0.4273761614677933,0.02755034248112953,0.9644005268479652
Ag n_sub 1.5,124,2.218543799596891e-08,0.05070753525582344,0.054588069017622365,1.1249688793464784e-09,0.9365711525428564,0.9112542260471435,0.4273761614677933,0.02755034248112953,0.9644005268479652
Ag n_sub 1.5,125,1.9908686640849917e-08,0.05070607814185421,0.054588105153025035,1.0094914205126248e-09,0.9365726218279009,0.9112542270566348,0.4273761614677933,0.02755034248112953,0.9644005268479652
Ag n_sub 1.5,126,1.786561060335351e-08,0.05070474779130126,0.05458813814424812,9.058712797806373e-10,0.9365739632908041,0.9112542279625061,0.4273761614677933,0.02755034248112953,0.9644005268479652
Ag n_sub 1.5,127,1.6032221694939574e-08,0.05070353317938775,0.054588168264830816,8.128902846486688e-10,0.9365751880484035,0.9112542287753964,0.4273761614677933,0.02755034248112953,0.9644005268479652
Ag n_sub 1.5,128,1.4386995131886666e-08,0.05070242423964728,0.05458819576452223,7.294555307106579e-10,0.936576306251227,0.9112542295048519,0.4273761614677933,0.02755034248112953,0.9644005268479652
Ag n_sub 1.5,129,1.2910616404858499e-08,0.05070141178071279,0.05458822087134829,6.545864786855565e-10,0.9365773271673977,0.9112542301594384,0.4273761614677933,0.02755034248112953,0.9644005268479652
Ag n_sub 1.5,130,1.1585754187655929e-08,0.050700487410315756,0.05458824379349991,5.874033843302625e-10,0.9365782592592693,0.9112542307468418,0.4273761614677933,0.02755034248112953,0.9644005268479652
Ag n_sub 1.5,131,1.039685660140808e-08,0.05069964346587371,0.05458826472105882,5.271169228572052e-10,0.936579110253417,0.9112542312739587,0.4273761614677933,0.02755034248112953,0.9644005268479652
Ag n_sub 1.5,132,9.329968427983333e-09,0.05069887295109721,0.05458828382757175,4.730188839680751e-10,0.9365798872045603,0.9112542317469775,0.4273761614677933,0.02755034248112953,0.9644005268479652
Ag n_sub 1.5,133,8.372567115062162e-09,0.05069816947809506,0.054588301271487505,4.244738265661469e-10,0.9365805965539401,0.9112542321714513,0.4273761614677933,0.02755034248112953,0.9644005268479652
Ag n_sub 1.5,134,7.51341563814191e-09,0.05069752721450378,0.05458831719747026,3.8091159378857776e-10,0.9365812441826317,0.9112542325523629,0.4273761614677933,0.02755034248112953,0.9644005268479652
Ag n_sub 1.5,135,6.7424304844465205e-09,0.05069694083520487,0.05458833173759958,3.4182059935546697e-10,0.9365818354602292,0.9112542328941835,0.4273761614677933,0.02755034248112953,0.9644005268479652
Ag n_sub 1.5,136,6.0505632027121015e-09,0.05069640547823407,0.05458834501246279,3.0674180549637526e-10,0.9365823752893054,0.9112542332009254,0.4273761614677933,0.02755034248112953,0.9644005268479652
Ag n_sub 1.5,137,5.4296941232751665e-09,0.05069591670451871,0.05458835713215615,2.752633210045726e-10,0.9365828681460096,0.9112542334761887,0.4273761614677933,0.02755034248112953,0.9644005268479652
Ag n_sub 1.5,138,4.872536996738678e-09,0.050695470461111954,0.05458836819719737,2.470155553888408e-10,0.9365833181171406,0.9112542337232042,0.4273761614677933,0.02755034248112953,0.9644005268479652
Ag n_sub 1.5,139,4.372553428461662e-09,0.050695063047620274,0.05458837829935792,2.2166687173495215e-10,0.9365837289339999,0.9112542339448712,0.4273761614677933,0.02755034248112953,0.9644005268479652
Ag n_sub 1.5,140,3.923876101758908e-09,0.050694691085547916,0.054588387522424564,1.9891968683663183e-10,0.936584104003303,0.9112542341437908,0.4273761614677933,0.02755034248112953,0.9644005268479652
Ag n_sub 1.5,141,3.521239886393493e-09,0.050694351490304684,0.05458839594289355,1.7850697248251226e-10,0.9365844464354053,0.9112542343222978,0.4273761614677933,0.02755034248112953,0.9644005268479652
Ag n_sub 1.5,142,3.159920021936153e-09,0.05069404144564642,0.05458840363060524,1.601891165569593e-10,0.9365847590700743,0.9112542344824869,0.4273761614677933,0.02755034248112953,0.9644005268479652
Ag n_sub 1.5,143,2.8356766489622755e-09,0.050693758380336955,0.054588410649323515,1.4375110688725716e-10,0.9365850445000238,0.911254234626238,0.4273761614677933,0.02755034248112953,0.9644005268479652
Ag n_sub 1.5,144,2.544705035853331e-09,0.05069349994683852,0.05458841705726303,1.2900000459975056e-10,0.9365853050924006,0.911254234755238,0.4273761614677933,0.02755034248112953,0.9644005268479652
Ag n_sub 1.5,145,2.2835909160553845e-09,0.050693264001854664,0.054588422907573486,1.1576267717983273e-10,0.9365855430084045,0.9112542348710007,0.4273761614677933,0.02755034248112953,0.9644005268479652
Ag n_sub 1.5,146,2.0492704108204158e-09,0.05069304858856462,0.05458842824877996,1.0388376450682712e-10,0.9365857602212019,0.9112542349748844,0.4273761614677933,0.02755034248112953,0.9644005268479652
Ag n_sub 1.5,147,1.8389940664311495e-09,0.05069285192040261,0.05458843312518402,9.322385389209331e-11,0.9365859585322823,0.9112542350681083,0.4273761614677933,0.02755034248112953,0.9644005268479652
Ag n_sub 1.5,148,1.6502945833272197e-09,0.050692672366247256,0.05458843757723397,8.365784262039928e-11,0.9365861395863921,0.9112542351517662,0.4273761614677933,0.02755034248112953,0.9644005268479652
Ag n_sub 1.5,149,1.4809578579835866e-09,0.05069250843689908,0.05458844164185639,7.507346871052495e-11,0.9365863048851709,0.9112542352268397,0.4273761614677933,0.02755034248112953,0.9644005268479652
Ag n_sub 1.5,150,1.3289969973554926e-09,0.05069235877273398,0.05458844535276641,6.736999259783082e-11,0.9365864557996,0.9112542352942097,0.4273761614677933,0.02755034248112953,0.9644005268479652
Ag n_sub 1.5,151,1.192629000658896e-09,0.05069222213243037,0.0545884487407442,6.04570142229792e-11,0.9365865935813702,0.9112542353546667,0.4273761614677933,0.02755034248112953,0.9644005268479652
Ag n_sub 1.5,152,1.0702538346145135e-09,0.050692097382676986,0.05458845183389138,5.4253411608462386e-11,0.9365867193732602,0.91125423540892,0.4273761614677933,0.02755034248112953,0.9644005268479652
Ag n_sub 1.5,153,9.604356564178618e-10,0.05069198348877563,0.054588454657865215,4.8686388437165636e-11,0.9365868342186119,0.9112542354576064,0.4273761614677933,0.02755034248112953,0.9644005268479652
Ag n_sub 1.5,154,8.618859639392355e-10,0.05069187950606141,0.054588457236089405,4.369061943197332e-11,0.9365869390699803,0.911254235501297,0.4273761614677933,0.02755034248112953,0.9644005268479652
Ag n_sub 1.5,155,7.734484753042373e-10,0.05069178457206952,0.05458845958994962,3.920748348771803e-11,0.9365870347970359,0.9112542355405046,0.4273761614677933,0.02755034248112953,0.9644005268479652
Ag n_sub 1.5,156,6.940855603244911e-10,0.050691697899383055,0.05458846173897014,3.5184375540293115e-11,0.9365871221937727,0.911254235575689,0.4273761614677933,0.02755034248112953,0.9644005268479652
Ag n_sub 1.5,157,6.228660644789811e-10,0.050691618769103226,0.05458846370097703,3.157408908478018e-11,0.9365872019850957,0.911254235607263,0.4273761614677933,0.02755034248112953,0.9644005268479652
Ag n_sub 1.5,158,5.58954382504018e-10,0.050691546524887665,0.05458846549224439,2.8334262085992283e-11,0.9365872748328293,0.9112542356355973,0.4273761614677933,0.02755034248112953,0.9644005268479652
Ag n_sub 1.5,159,5.016006533267504e-10,0.0506914805675073,0.05458846712763066,2.5426879770761936e-11,0.9365873413412091,0.9112542356610241,0.4273761614677933,0.02755034248112953,0.9644005268479652
Ag n_sub 1.5,160,4.5013196124632846e-10,0.050691420349876753,0.05458846862070055,2.2817828460452067e-11,0.9365874020618897,0.911254235683842,0.4273761614677933,0.02755034248112953,0.9644005268479652
Ag n_sub 1.5,161,4.039444400832455e-10,0.05069136537251721,0.05458846998383926,2.0476495202456684e-11,0.9365874574985236,0.9112542357043185,0.4273761614677933,0.02755034248112953,0.9644005268479652
Ag n_sub 1.5,162,3.624961876201743e-10,0.05069131517941395,0.054588471228353086,1.837540849799023e-11,0.936587508110934,0.9112542357226939,0.4273761614677933,0.02755034248112953,0.9644005268479652
Ag n_sub 1.5,163,3.253009071714577e-10,0.05069126935423431,0.054588472364565876,1.6489915906605133e-11,0.9365875543189318,0.9112542357391838,0.4273761614677933,0.02755034248112953,0.9644005268479652
Ag n_sub 1.5,164,2.9192220165527096e-10,0.05069122751687484,0.05458847340190176,1.4797894741334357e-11,0.9365875965057964,0.9112542357539818,0.4273761614677933,0.02755034248112953,0.9644005268479652
Ag n_sub 1.5,165,2.6196845320270995e-10,0.0506911893203085,0.05458847434896563,1.3279492457246948e-11,0.9365876350214526,0.9112542357672613,0.4273761614677933,0.02755034248112953,0.9644005268479652
Ag n_sub 1.5,166,2.35088228211748e-10,0.05069115444770682,0.054588475213612986,1.1916893685119465e-11,0.9365876701853763,0.9112542357791782,0.4273761614677933,0.02755034248112953,0.9644005268479652
Ag n_sub 1.5,167,2.1096615392196346e-10,0.05069112260981179,0.05458847600301575,1.0694111174978676e-11,0.9365877022892417,0.9112542357898723,0.4273761614677933,0.02755034248112953,0.9644005268479652
Ag n_sub 1.5,168,1.8931921812063884e-10,0.05069109354253692,0.05458847672372247,9.596798195153254e-12,0.9365877315993418,0.9112542357994691,0.4273761614677933,0.02755034248112953,0.9644005268479652
Ag n_sub 1.5,169,1.6989344855733834e-10,0.050691067004776755,0.05458847738171102,8.61208018449263e-12,0.9365877583587959,0.9112542358080812,0.4273761614677933,0.02755034248112953,0.9644005268479652
Ag n_sub 1.5,170,1.5246093310072224e-10,0.05069104277640713,0.054588477982439265,7.728403681539657e-12,0.9365877827895669,0.9112542358158096,0.4273761614677933,0.02755034248112953,0.9644005268479652
Ag n_sub 1.5,171,1.368171456705209e-10,0.05069102065645935,0.054588478530890217,6.935400757342183e-12,0.9365878050943027,0.911254235822745,0.4273761614677933,0.02755034248112953,0.9644005268479652
Ag n_sub 1.5,172,1.2277854656624573e-10,0.050691000461453424,0.054588479031613235,6.223767360646143e-12,0.936587825458016,0.9112542358289688,0.4273761614677933,0.02755034248112953,0.9644005268479652
Ag n_sub 1.5,173,1.1018042903450634e-10,0.050690982023876015,0.054588479488761665,5.585154147571108e-12,0.9365878440496194,0.911254235834554,0.4273761614677933,0.02755034248112953,0.9644005268479652
Ag n_sub 1.5,174,9.88749868065595e-11,0.0506909651907911,0.054588479906127696,5.012068514451237e-12,0.9365878610233264,0.9112542358395661,0.4273761614677933,0.02755034248112953,0.9644005268479652
Ag n_sub 1.5,175,8.872957993086696e-11,0.050690949822571524,0.05458848028717278,4.4977866840534264e-12,0.9365878765199307,0.9112542358440638,0.4273761614677933,0.02755034248112953,0.9644005268479652
Ag n_sub 1.5,176,7.962517855243952e-11,0.0506909357917407,0.0545884806350585,4.0362748134076006e-12,0.936587890667974,0.9112542358481002,0.4273761614677933,0.02755034248112953,0.9644005268479652
Ag n_sub 1.5,177,7.145496637891393e-11,0.050690922981915375,0.05458848095266999,3.622118197388879e-12,0.9365879035848116,0.9112542358517223,0.4273761614677933,0.02755034248112953,0.9644005268479652
Ag n_sub 1.5,178,6.412308744716654e-11,0.05069091128684022,0.05458848124264193,3.2504577372226168e-12,0.9365879153775862,0.9112542358549728,0.4273761614677933,0.02755034248112953,0.9644005268479652
Ag n_sub 1.5,179,5.754352148581028e-11,0.0506909006095065,0.054588481507379494,2.9169329283582106e-12,0.9365879261441177,0.9112542358578897,0.4273761614677933,0.02755034248112953,0.9644005268479652
Ag n_sub 1.5,180,5.1639074677891615e-11,0.050690890861347405,0.05458848174907871,2.6176306986779723e-12,0.936587935973712,0.9112542358605074,0.4273761614677933,0.02755034248112953,0.9644005268479652
Ag n_sub 1.5,181,4.6340473982213246e-11,0.05069088196150346,0.05458848196974442,2.349039496672494e-12,0.9365879449479048,0.9112542358628564,0.4273761614677933,0.02755034248112953,0.9644005268479652
Ag n_sub 1.5,182,4.158555438685339e-11,0.05069087383615175,0.0545884821712076,2.108008090830412e-12,0.9365879531411347,0.9112542358649643,0.4273761614677933,0.02755034248112953,0.9644005268479652
Ag n_sub 1.5,183,3.731852955889428e-11,0.05069086641789367,0.054588482355138246,1.8917085967821263e-12,0.9365879606213644,0.911254235866856,0.4273761614677933,0.02755034248112953,0.9644005268479652
Ag n_sub 1.5,184,3.3489337332912005e-11,0.050690859645195804,0.0545884825230627,1.6976032983532585e-12,0.9365879674506409,0.9112542358685537,0.4273761614677933,0.02755034248112953,0.9644005268479652
Ag n_sub 1.5,185,3.0053052358899806e-11,0.05069085346187954,0.05458848267637384,1.5234148732071834e-12,0.9365879736856123,0.9112542358700771,0.4273761614677933,0.02755034248112953,0.9644005268479652
Ag n_sub 1.5,186,2.696935901830558e-11,0.05069084781665508,0.05458848281634354,1.3670996737096626e-12,0.9365879793779965,0.9112542358714443,0.4273761614677933,0.02755034248112953,0.9644005268479652
Ag n_sub 1.5,187,2.420207842400745e-11,0.05069084266269604,0.05458848294413221,1.2268237495015921e-12,0.9365879845750115,0.9112542358726711,0.4273761614677933,0.02755034248112953,0.9644005268479652
Ag n_sub 1.5,188,2.171874395462986e-11,0.050690837957250955,0.05458848306080066,1.100941330439166e-12,0.9365879893197654,0.911254235873772,0.4273761614677933,0.02755034248112953,0.9644005268479652
Ag n_sub 1.5,189,1.9490220343062024e-11,0.05069083366128879,0.05458848316731624,9.87975517432024e-13,0.9365879936516158,0.91125423587476,0.4273761614677933,0.02755034248112953,0.9644005268479652
Ag n_sub 1.5,190,1.7490361850064542e-11,0.050690829739175,0.054588483264562226,8.866009546181835e-13,0.9365879976064944,0.9112542358756466,0.4273761614677933,0.02755034248112953,0.9644005268479652
Ag n_sub 1.5,191,1.5695705512434813e-11,0.05069082615837618,0.054588483353345874,7.956282795638999e-13,0.9365880012172069,0.9112542358764422,0.4273761614677933,0.02755034248112953,0.9644005268479652
Ag n_sub 1.5,192,1.4085195866729207e-11,0.05069082288919001,0.054588483434403035,7.139901690399214e-13,0.9365880045137037,0.9112542358771561,0.4273761614677933,0.02755034248112953,0.9644005268479652
Ag n_sub 1.5,193,1.2639937918838482e-11,0.05069081990449895,0.05458848350840628,6.407288166478888e-13,0.9365880075233286,0.9112542358777969,0.4273761614677933,0.02755034248112953,0.9644005268479652
Ag n_sub 1.5,194,1.1342975461116525e-11,0.05069081717954534,0.05458848357596979,5.749846953715269e-13,0.9365880102710463,0.9112542358783718,0.4273761614677933,0.02755034248112953,0.9644005268479652
Ag n_sub 1.5,195,1.0179092136159651e-11,0.05069081469172603,0.05458848363765345,5.159864732040746e-13,0.9365880127796486,0.9112542358788879,0.4273761614677933,0.02755034248112953,0.9644005268479652
Ag n_sub 1.5,196,9.13463291321387e-12,0.050690812420404796,0.05458848369396929,4.630419635329801e-13,0.9365880150699444,0.911254235879351,0.4273761614677933,0.02755034248112953,0.9644005268479652
Ag n_sub 1.5,197,8.197343882682807e-12,0.05069081034674132,0.0545884837453845,4.155300041040943e-13,0.9365880171609313,0.9112542358797665,0.4273761614677933,0.02755034248112953,0.9644005268479652
Ag n_sub 1.5,198,7.356228489128826e-12,0.05069080845353478,0.05458848379232528,3.7289316928286486e-13,0.9365880190699534,0.9112542358801394,0.4273761614677933,0.02755034248112953,0.9644005268479652
Ag n_sub 1.5,199,6.601418516026582e-12,0.05069080672508119,0.054588483835181,3.3463123010727575e-13,0.9365880208128464,0.911254235880474,0.4273761614677933,0.02755034248112953,0.9644005268479652
Ag n_sub 1.5,200,5.924058308604666e-12,0.05069080514704326,0.05458848387430737,3.002952854012018e-13,0.9365880224040671,0.9112542358807744,0.4273761614677933,0.02755034248112953,0.9644005268479652
Ag n_sub 1.5,201,5.316200876427641e-12,0.05069080370633135,0.05458848391002891,2.6948249509042024e-13,0.9365880238568146,0.9112542358810438,0.4273761614677933,0.02755034248112953,0.9644005268479652
Ag n_sub 1.5,202,4.770714656750442e-12,0.050690802390994875,0.05458848394264182,2.418313539291596e-13,0.9365880251831392,0.9112542358812856,0.4273761614677933,0.02755034248112953,0.9644005268479652
Ag n_sub 1.5,203,4.281199844754809e-12,0.05069080119012325,0.054588483972416446,2.1701745018565253e-13,0.936588026394043,0.9112542358815027,0.4273761614677933,0.02755034248112953,0.9644005268479652
Ag n_sub 1.5,204,3.841913309020862e-12,0.05069080009375541,0.054588483999599924,1.9474965952511484e-13,0.9365880274995697,0.9112542358816974,0.4273761614677933,0.02755034248112953,0.9644005268479652
Ag n_sub 1.5,205,3.4477012113130704e-12,0.05069079909279707,0.05458848402441829,1.7476672943466395e-13,0.9365880285088901,0.9112542358818722,0.4273761614677933,0.02755034248112953,0.9644005268479652
Ag n_sub 1.5,206,3.093938540150438e-12,0.05069079817894539,0.05458848404707661,1.5683421411682678e-13,0.936588029430376,0.911254235882029,0.4273761614677933,0.02755034248112953,0.9644005268479652
Ag n_sub 1.5,207,2.776474848746372e-12,0.05069079734462007,0.054588484067762955,1.4074172389023702e-13,0.9365880302716713,0.9112542358821698,0.4273761614677933,0.02755034248112953,0.9644005268479652
Ag n_sub 1.5,208,2.4915855606960432e-12,0.050690796582900474,0.05458848408664929,1.2630045682613515e-13,0.9365880310397543,0.9112542358822961,0.4273761614677933,0.02755034248112953,0.9644005268479652
Ag n_sub 1.5,209,2.235928272112229e-12,0.050690795887468214,0.054588484103892054,1.1334098366066047e-13,0.936588031740996,0.9112542358824095,0.4273761614677933,0.02755034248112953,0.9644005268479652
Ag n_sub 1.5,210,2.0065035375309987e-12,0.05069079525255474,0.05458848411963435,1.0171125999451063e-13,0.9365880323812137,0.9112542358825112,0.4273761614677933,0.02755034248112953,0.9644005268479652
Ag n_sub 1.5,211,1.8006196795139826e-12,0.05069079467289348,0.05458848413400652,9.127484245821456e-14,0.9365880329657172,0.9112542358826025,0.4273761614677933,0.02755034248112953,0.9644005268479652
Ag n_sub 1.5,212,1.6158612090815398e-12,0.05069079414367628,0.05458848414712825,8.190928791430419e-14,0.9365880334993555,0.9112542358826844,0.4273761614677933,0.02755034248112953,0.9644005268479652
Ag n_sub 1.5,213,1.4500604864747866e-12,0.05069079366051325,0.054588484159107664,7.350471691515688e-14,0.9365880339865545,0.9112542358827579,0.4273761614677933,0.02755034248112953,0.9644005268479652
Ag n_sub 1.5,214,1.3012722897611805e-12,0.05069079321939668,0.054588484170045026,6.596252456241484e-14,0.9365880344313566,0.9112542358828238,0.4273761614677933,0.02755034248112953,0.9644005268479652
Ag n_sub 1.5,215,1.1677509929142452e-12,0.05069079281666753,0.05458848418003026,5.91942236432738e-14,0.93658803483745,0.911254235882883,0.4273761614677933,0.02755034248112953,0.9644005268479652
Ag n_sub 1.5,216,1.0479300856132947e-12,0.05069079244898516,0.05458848418914686,5.312040647087077e-14,0.9365880352082038,0.9112542358829361,0.4273761614677933,0.02755034248112953,0.9644005268479652
Ag n_sub 1.5,217,9.404037944829108e-13,0.050690792113299715,0.054588484197469866,4.766981324869146e-14,0.9365880355466936,0.9112542358829837,0.4273761614677933,0.02755034248112953,0.9644005268479652
Ag n_sub 1.5,218,8.439105901467315e-13,0.05069079180682674,0.05458848420506879,4.277849602870426e-14,0.9365880358557269,0.9112542358830265,0.4273761614677933,0.02755034248112953,0.9644005268479652
Ag n_sub 1.5,219,7.573183865951309e-13,0.05069079152702403,0.05458848421200624,3.838906845447597e-14,0.9365880361378669,0.9112542358830649,0.4273761614677933,0.02755034248112953,0.9644005268479652
Ag n_sub 1.5,220,6.796112592211617e-13,0.05069079127157067,0.05458848421834017,3.4450032486989214e-14,0.9365880363954544,0.9112542358830993,0.4273761614677933,0.02755034248112953,0.9644005268479652
Ag n_sub 1.5,221,6.098775256966571e-13,0.0506907910383477,0.05458848422412277,3.091517421407378e-14,0.9365880366306256,0.9112542358831301,0.4273761614677933,0.02755034248112953,0.9644005268479652
Ag n_sub 1.5,222,5.472990498496649e-13,0.05069079082542058,0.05458848422940199,2.7743021654880793e-14,0.9365880368453317,0.9112542358831579,0.4273761614677933,0.02755034248112953,0.9644005268479652
Ag n_sub 1.5,223,4.911416430530442e-13,0.05069079063102304,0.05458848423422202,2.4896358198178513e-14,0.9365880370413533,0.9112542358831828,0.4273761614677933,0.02755034248112953,0.9644005268479652
Ag n_sub 1.5,224,4.407464505103992e-13,0.050690790453542627,0.05458848423862239,2.234178596596534e-14,0.9365880372203162,0.9112542358832051,0.4273761614677933,0.02755034248112953,0.9644005268479652
Ag n_sub 1.5,225,3.955222213806611e-13,0.05069079029150714,0.05458848424264007,2.0049333979638153e-14,0.9365880373837053,0.9112542358832252,0.4273761614677933,0.02755034248112953,0.9644005268479652
Ag n_sub 1.5,226,3.549383720520925e-13,0.050690790143572514,0.05458848424630813,1.7992106531593886e-14,0.9365880375328758,0.9112542358832432,0.4273761614677933,0.02755034248112953,0.9644005268479652
Ag n_sub 1.5,227,3.1851876118197366e-13,0.05069079000851166,0.05458848424965668,1.6145967636846702e-14,0.9365880376690648,0.9112542358832593,0.4273761614677933,0.02755034248112953,0.9644005268479652
Ag n_sub 1.5,228,2.8583610346887903e-13,0.0506907898852042,0.05458848425271412,1.4489257862546435e-14,0.9365880377934024,0.9112542358832738,0.4273761614677933,0.02755034248112953,0.9644005268479652
Ag n_sub 1.5,229,2.5650695661826425e-13,0.0506907897726274,0.05458848425550533,1.300254021315289e-14,0.9365880379069197,0.9112542358832868,0.4273761614677933,0.02755034248112953,0.9644005268479652
Ag n_sub 1.5,230,2.3018722268695887e-13,0.050690789669847386,0.05458848425805363,1.1668372089910954e-14,0.9365880380105583,0.9112542358832985,0.4273761614677933,0.02755034248112953,0.9644005268479652
Ag n_sub 1.5,231,2.0656811102701334e-13,0.050690789576011606,0.05458848426038021,1.0471100649184536e-14,0.936588038105178,0.9112542358833089,0.4273761614677933,0.02755034248112953,0.9644005268479652
Ag n_sub 1.5,232,1.8537251546496863e-13,0.050690789490341774,0.05458848426250429,9.39667915872985e-15,0.9365880381915636,0.9112542358833183,0.4273761614677933,0.02755034248112953,0.9644005268479652
Ag n_sub 1.5,233,1.6635176321255425e-13,0.050690789412127166,0.054588484264443515,8.43250219734363e-15,0.9365880382704316,0.9112542358833268,0.4273761614677933,0.02755034248112953,0.9644005268479652
Ag n_sub 1.5,234,1.4928269736608236e-13,0.0506907893407191,0.05458848426621399,7.567257764398402e-15,0.9365880383424362,0.9112542358833343,0.4273761614677933,0.02755034248112953,0.9644005268479652
Ag n_sub 1.5,235,1.3396505876556992e-13,0.050690789275525144,0.054588484267830584,6.7907945641688475e-15,0.9365880384081746,0.9112542358833411,0.4273761614677933,0.02755034248112953,0.9644005268479652
Ag n_sub 1.5,236,1.202191364967963e-13,0.0506907892160046,0.05458848426930629,6.094002907889187e-15,0.9365880384681926,0.9112542358833472,0.4273761614677933,0.02755034248112953,0.9644005268479652
Ag n_sub 1.5,237,1.0788365947130347e-13,0.05069078916166373,0.05458848427065388,5.4687078362485705e-15,0.9365880385229873,0.9112542358833526,0.4273761614677933,0.02755034248112953,0.9644005268479652
Ag n_sub 1.5,238,9.681390434774263e-14,0.050690789112051764,0.054588484271883675,4.907573208405773e-15,0.9365880385730138,0.9112542358833575,0.4273761614677933,0.02755034248112953,0.9644005268479652
Ag n_sub 1.5,239,8.687999759615216e-14,0.05069078906675723,0.054588484273006777,4.4040156322669245e-15,0.9365880386186867,0.911254235883362,0.4273761614677933,0.02755034248112953,0.9644005268479652
Ag n_sub 1.5,240,7.796539178449285e-14,0.05069078902540434,0.05458848427403218,3.9521272262307195e-15,0.936588038660385,0.911254235883366,0.4273761614677933,0.02755034248112953,0.9644005268479652
Ag n_sub 1.5,241,6.996549821079385e-14,0.05069078898765015,0.05458848427496843,3.5466063062191653e-15,0.9365880386984545,0.9112542358833695,0.4273761614677933,0.02755034248112953,0.9644005268479652
Ag n_sub 1.5,242,6.278645983855427e-14,0.05069078895318144,0.05458848427582308,3.182695184793557e-15,0.9365880387332114,0.9112542358833727,0.4273761614677933,0.02755034248112953,0.9644005268479652
Ag n_sub 1.5,243,5.634405013912454e-14,0.050690788921712304,0.05458848427660301,2.8561243525967368e-15,0.9365880387649433,0.9112542358833756,0.4273761614677933,0.02755034248112953,0.9644005268479652
Ag n_sub 1.5,244,5.0562684921968956e-14,0.05069078889298171,0.05458848427731555,2.563062387241878e-15,0.9365880387939138,0.9112542358833782,0.4273761614677933,0.02755034248112953,0.9644005268479652
Ag n_sub 1.5,245,4.537453555931734e-14,0.050690788866751345,0.05458848427796581,2.3000710019642567e-15,0.9365880388203633,0.9112542358833805,0.4273761614677933,0.02755034248112953,0.9644005268479652
Ag n_sub 1.5,246,4.0718733201302217e-14,0.05069078884280365,0.05458848427855956,2.0640647066536688e-15,0.936588038844511,0.9112542358833826,0.4273761614677933,0.02755034248112953,0.9644005268479652
Ag n_sub 1.5,247,3.654065464520454e-14,0.05069078882093994,0.05458848427910179,1.8522746079989616e-15,0.9365880388665576,0.9112542358833845,0.4273761614677933,0.02755034248112953,0.9644005268479652
Ag n_sub 1.5,248,3.2791281480420855e-14,0.0506907888009789,0.054588484279596616,1.6622159240374644e-15,0.9365880388866853,0.9112542358833862,0.4273761614677933,0.02755034248112953,0.9644005268479652
Ag n_sub 1.5,249,2.9426624990456395e-14,0.05069078878275492,0.0545884842800487,1.4916588319805626e-15,0.9365880389050616,0.9112542358833876,0.4273761614677933,0.02755034248112953,0.9644005268479652
Ag n_sub 1.5,250,2.640721006472936e-14,0.05069078876611686,0.054588484280461036,1.338602307293671e-15,0.9365880389218386,0.9112542358833889,0.4273761614677933,0.02755034248112953,0.9644005268479652
Ag n_sub 1.5,251,2.3697612065291477e-14,0.05069078875092669,0.054588484280837735,1.2012506471031018e-15,0.9365880389371558,0.9112542358833902,0.4273761614677933,0.02755034248112953,0.9644005268479652
Ag n_sub 1.5,252,2.1266041214852418e-14,0.05069078873705844,0.05458848428118179,1.0779924024956616e-15,0.9365880389511396,0.9112542358833913,0.4273761614677933,0.02755034248112953,0.9644005268479652
Ag n_sub 1.5,253,1.908396963002921e-14,0.050690788724397036,0.05458848428149565,9.673814725386201e-16,0.936588038963907,0.9112542358833923,0.4273761614677933,0.02755034248112953,0.9644005268479652
Ag n_sub 1.5,254,1.7125796624067892e-14,0.05069078871283746,0.0545884842817822,8.681201382096507e-16,0.9365880389755631,0.9112542358833932,0.4273761614677933,0.02755034248112953,0.9644005268479652
Ag n_sub 1.5,255,1.536854835227301e-14,0.05069078870228387,0.05458848428204377,7.790438371859041e-16,0.9365880389862051,0.9112542358833939,0.4273761614677933,0.02755034248112953,0.9644005268479652
Ag n_sub 1.5,256,1.3791608276299156e-14,0.050690788692648654,0.05458848428228247,6.991075008656649e-16,0.9365880389959206,0.9112542358833946,0.4273761614677933,0.02755034248112953,0.9644005268479652
Ag n_sub 1.5,257,1.2376475285034438e-14,0.050690788683851934,0.05458848428250074,6.273732933245969e-16,0.9365880390047908,0.9112542358833953,0.4273761614677933,0.02755034248112953,0.9644005268479652
Ag n_sub 1.5,258,1.110654663428088e-14,0.05069078867582074,0.05458848428269991,5.629996083564801e-16,0.9365880390128891,0.9112542358833958,0.4273761614677933,0.02755034248112953,0.9644005268479652
Ag n_sub 1.5,259,9.96692315861794e-15,0.05069078866848845,0.054588484282881544,5.052311955085654e-16,0.9365880390202826,0.9112542358833964,0.4273761614677933,0.02755034248112953,0.9644005268479652
Ag n_sub 1.5,260,8.944234470139055e-15,0.05069078866179422,0.05458848428304752,4.533902992673538e-16,0.9365880390270328,0.9112542358833968,0.4273761614677933,0.02755034248112953,0.9644005268479652
Ag n_sub 1.5,261,8.026482093242722e-15,0.050690788655682564,0.05458848428319907,4.068687074371874e-16,0.9365880390331955,0.9112542358833973,0.4273761614677933,0.02755034248112953,0.9644005268479652
Ag n_sub 1.5,262,7.20289869509072e-15,0.05069078865010274,0.05458848428333751,3.6512061542094455e-16,0.9365880390388218,0.9112542358833976,0.4273761614677933,0.02755034248112953,0.9644005268479652
Ag n_sub 1.5,263,6.4638217601848805e-15,0.05069078864500853,0.054588484283463745,3.276562226845388e-16,0.9365880390439586,0.9112542358833979,0.4273761614677933,0.02755034248112953,0.9644005268479652
Ag n_sub 1.5,264,5.800580226976482e-15,0.050690788640357615,0.0545884842835791,2.9403598627710247e-16,0.9365880390486485,0.9112542358833983,0.4273761614677933,0.02755034248112953,0.9644005268479652
Ag n_sub 1.5,265,5.2053927564965396e-15,0.05069078863611143,0.05458848428368446,2.6386546398751154e-16,0.9365880390529303,0.9112542358833985,0.4273761614677933,0.02755034248112953,0.9644005268479652
Ag n_sub 1.5,266,4.6712764394655005e-15,0.05069078863223478,0.05458848428378038,2.3679068663568393e-16,0.9365880390568391,0.9112542358833987,0.4273761614677933,0.02755034248112953,0.9644005268479652
Ag n_sub 1.5,267,4.191964870808068e-15,0.05069078862869546,0.05458848428386831,2.1249400520504846e-16,0.9365880390604079,0.9112542358833989,0.4273761614677933,0.02755034248112953,0.9644005268479652
Ag n_sub 1.5,268,3.761834630399953e-15,0.05069078862546417,0.05458848428394836,1.9069036409355514e-16,0.9365880390636665,0.9112542358833992,0.4273761614677933,0.02755034248112953,0.9644005268479652
Ag n_sub 1.5,269,3.3758393074976707e-15,0.050690788622514055,0.05458848428402163,1.7112395675993866e-16,0.936588039066641,0.9112542358833994,0.4273761614677933,0.02755034248112953,0.9644005268479652
Ag n_sub 1.5,270,3.029450294807139e-15,0.05069078861982069,0.05458848428408836,1.5356522452832216e-16,0.936588039069357,0.9112542358833995,0.4273761614677933,0.02755034248112953,0.9644005268479652
Ag n_sub 1.5,271,2.7186036575702013e-15,0.05069078861736171,0.05458848428414931,1.3780816334027748e-16,0.9365880390718364,0.9112542358833996,0.4273761614677933,0.02755034248112953,0.9644005268479652
Ag n_sub 1.5,272,2.4396524543219927e-15,0.05069078861511671,0.05458848428420515,1.236679068563868e-16,0.9365880390741002,0.9112542358833997,0.4273761614677933,0.02755034248112953,0.9644005268479652
Ag n_sub 1.5,273,2.1893239499326833e-15,0.05069078861306706,0.05458848428425567,1.1097855755156267e-16,0.936588039076167,0.9112542358833998,0.4273761614677933,0.02755034248112953,0.9644005268479652
Ag n_sub 1.5,274,1.9646812189447668e-15,0.05069078861119581,0.054588484284302186,9.959124035791569e-17,0.9365880390780539,0.9112542358833999,0.4273761614677933,0.02755034248112953,0.9644005268479652
Ag n_sub 1.5,275,1.7630886887252987e-15,0.05069078860948738,0.054588484284344485,8.93723560199524e-17,0.9365880390797766,0.9112542358834,0.4273761614677933,0.02755034248112953,0.9644005268479652
Ag n_sub 1.5,276,1.5821812181754917e-15,0.050690788607927625,0.05458848428438323,8.020201366996727e-17,0.9365880390813492,0.9112542358834002,0.4273761614677933,0.02755034248112953,0.9644005268479652
Ag n_sub 1.5,277,1.4198363492202744e-15,0.0506907886065036,0.05458848428441854,7.197262423415475e-17,0.9365880390827854,0.9112542358834003,0.4273761614677933,0.02755034248112953,0.9644005268479652
Ag n_sub 1.5,278,1.2741494055243548e-15,0.050690788605203506,0.054588484284450844,6.458763816688078e-17,0.9365880390840962,0.9112542358834004,0.4273761614677933,0.02755034248112953,0.9644005268479652
Ag n_sub 1.5,279,1.1434111462858231e-15,0.05069078860401656,0.054588484284480154,5.796041270385091e-17,0.9365880390852931,0.9112542358834005,0.4273761614677933,0.02755034248112953,0.9644005268479652
Ag n_sub 1.5,280,1.0260877129352174e-15,0.050690788602932885,0.05458848428450713,5.201319534446599e-17,0.9365880390863858,0.9112542358834005,0.4273761614677933,0.02755034248112953,0.9644005268479652
Ag n_sub 1.5,281,9.208026334690014e-16,0.05069078860194355,0.05458848428453145,4.6676211637290065e-17,0.9365880390873835,0.9112542358834005,0.4273761614677933,0.02755034248112953,0.9644005268479652
Ag n_sub 1.5,282,8.26320673287158e-16,0.05069078860104029,0.054588484284553984,4.1886846566268606e-17,0.9365880390882942,0.9112542358834005,0.4273761614677933,0.02755034248112953,0.9644005268479652
Ag n_sub 1.5,283,7.415333430683128e-16,0.05069078860021564,0.05458848428457419,3.7588909933487023e-17,0.9365880390891258,0.9112542358834005,0.4273761614677933,0.02755034248112953,0.9644005268479652
Ag n_sub 1.5,284,6.654458936566448e-16,0.05069078859946274,0.054588484284593064,3.373197711972954e-17,0.9365880390898849,0.9112542358834005,0.4273761614677933,0.02755034248112953,0.9644005268479652
Ag n_sub 1.5,285,5.971656453808827e-16,0.05069078859877539,0.05458848428461027,3.02707974884536e-17,0.9365880390905782,0.9112542358834005,0.4273761614677933,0.02755034248112953,0.9644005268479652
Ag n_sub 1.5,286,5.358915148816275e-16,0.0506907885981478,0.054588484284625705,2.7164763492405757e-17,0.936588039091211,0.9112542358834005,0.4273761614677933,0.02755034248112953,0.9644005268479652
Ag n_sub 1.5,287,4.809046165727472e-16,0.050690788597574865,0.054588484284639804,2.4377434254286927e-17,0.9365880390917883,0.9112542358834005,0.4273761614677933,0.02755034248112953,0.9644005268479652
Ag n_sub 1.5,288,4.315598284705099e-16,0.05069078859705179,0.054588484284653016,2.187610803197855e-17,0.936588039092316,0.9112542358834005,0.4273761614677933,0.02755034248112953,0.9644005268479652
Ag n_sub 1.5,289,3.8727822343835313e-16,0.050690788596574214,0.054588484284664784,1.963143855237039e-17,0.9365880390927976,0.9112542358834005,0.4273761614677933,0.02755034248112953,0.9644005268479652
Ag n_sub 1.5,290,3.475402770484914e-16,0.05069078859613822,0.05458848428467544,1.7617090712508387e-17,0.9365880390932373,0.9112542358834005,0.4273761614677933,0.02755034248112953,0.9644005268479652
Ag n_sub 1.5,291,3.118797723730588e-16,0.05069078859574015,0.054588484284685435,1.5809431608650285e-17,0.9365880390936386,0.9112542358834005,0.4273761614677933,0.02755034248112953,0.9644005268479652
Ag n_sub 1.5,292,2.798783301940541e-16,0.050690788595376735,0.054588484284694316,1.4187253268293842e-17,0.936588039094005,0.9112542358834005,0.4273761614677933,0.02755034248112953,0.9644005268479652
Ag n_sub 1.5,293,2.5116050045895097e-16,0.05069078859504494,0.054588484284702754,1.273152383219037e-17,0.9365880390943397,0.9112542358834005,0.4273761614677933,0.02755034248112953,0.9644005268479652
Ag n_sub 1.5,294,2.253893573935305e-16,0.050690788594742006,0.05458848428471008,1.1425164267140207e-17,0.9365880390946449,0.9112542358834005,0.4273761614677933,0.02755034248112953,0.9644005268479652
Ag n_sub 1.5,295,2.0226254659254065e-16,0.050690788594465463,0.054588484284717076,1.0252847989900699e-17,0.936588039094924,0.9112542358834005,0.4273761614677933,0.02755034248112953,0.9644005268479652
Ag n_sub 1.5,296,1.815087377115241e-16,0.05069078859421297,0.05458848428472329,9.200821051337319e-18,0.9365880390951786,0.9112542358834005,0.4273761614677933,0.02755034248112953,0.9644005268479652
Ag n_sub 1.5,297,1.6288444114178082e-16,0.05069078859398245,0.054588484284729066,8.256740771166988e-18,0.936588039095411,0.9112542358834005,0.4273761614677933,0.02755034248112953,0.9644005268479652
Ag n_sub 1.5,298,1.4617115132078869e-16,0.05069078859377197,0.054588484284734506,7.409530930110351e-18,0.9365880390956232,0.9112542358834005,0.4273761614677933,0.02755034248112953,0.9644005268479652
Ag n_sub 1.5,299,1.3117278316258413e-16,0.05069078859357983,0.054588484284738836,6.6492518205260406e-18,0.936588039095817,0.9112542358834005,0.4273761614677933,0.02755034248112953,0.9644005268479652
Ag n_sub 1.8,0,1.0,0.2432980636200934,0.03650259763426067,0.2432980636200934,0.48291892197853237,0.2432980636200934,0.2884110764088703,0.03096722613039793,0.9290186914636044
Ag n_sub 1.8,1,0.7290794384297008,0.23521631471782262,0.037852450126741544,0.17149137864397387,0.4888072715071771,0.4147894422640673,0.2884110764088703,0.03096722613039793,0.9290186914636044
Ag n_sub 1.8,2,0.5364812058493404,0.22747329531395366,0.03922129889767445,0.12203514776855298,0.5011954748054961,0.5368245900326203,0.2884110764088703,0.03096722613039793,0.9290186914636044
Ag n_sub 1.8,3,0.39819028016154445,0.2200859908072002,0.04057478705312956,0.08763610233915015,0.5169029858484593,0.6244606923717704,0.2884110764088703,0.03096722613039793,0.9290186914636044
Ag n_sub 1.8,4,0.2979529408664572,0.21311493918879687,0.04188908283747517,0.06349822287387821,0.5339600222632538,0.6879589152456486,0.2884110764088703,0.03096722613039793,0.9290186914636044
Ag n_sub 1.8,5,0.2246331408759376,0.20661478414300005,0.04314754304159851,0.046412527913445974,0.5511453637757175,0.7343714431590945,0.2884110764088703,0.03096722613039793,0.9290186914636044
Ag n_sub 1.8,6,0.17053041828286994,0.20061995722277878,0.044339207155380755,0.03421180522109194,0.5677168586790801,0.7685832483801864,0.2884110764088703,0.03096722613039793,0.9290186914636044
Ag n_sub 1.8,7,0.1302740011300245,0.1951431038879212,0.0454577883947489,0.025422072936411532,0.5832466494296709,0.794005321316598,0.2884110764088703,0.03096722613039793,0.9290186914636044
Ag n_sub 1.8,8,0.10008529023350772,0.19017802801032024,0.046500786509911074,0.019034023129449063,0.5975155893873646,0.813039344446047,0.2884110764088703,0.03096722613039793,0.9290186914636044
Ag n_sub 1.8,9,0.07728206220748195,0.18570399440792848,0.047468654197939886,0.01435158764801141,0.6104427326437616,0.8273909320940583,0.2884110764088703,0.03096722613039793,0.9290186914636044
Ag n_sub 1.8,10,0.05994302994358149,0.18169008629439962,0.04836403361774877,0.010891054283197102,0.6220368310380384,0.8382819863772555,0.2884110764088703,0.03096722613039793,0.9290186914636044
Ag n_sub 1.8,11,0.04667943665879306,0.17809906411786214,0.04919108989005694,0.008313563982480069,0.6323624668803796,0.8465955503597355,0.2884110764088703,0.03096722613039793,0.9290186914636044
Ag n_sub 1.8,12,0.036478453396086984,0.17489051698697794,0.04995495738168543,0.0063797355733270335,0.6415163950547373,0.8529752859330626,0.2884110764088703,0.03096722613039793,0.9290186914636044
Ag n_sub 1.8,13,0.028595000897560584,0.172023274240282,0.05066130084143183,0.004919005681302174,0.6496112263702453,0.8578942916143648,0.2884110764088703,0.03096722613039793,0.9290186914636044
Ag n_sub 1.8,14,0.022476421767344133,0.1694571370961181,0.051315983076966165,0.0038087900848590077,0.6567644552377997,0.8617030816992238,0.2884110764088703,0.03096722613039793,0.9290186914636044
Ag n_sub 1.8,15,0.017709584196544042,0.16715403385132785,0.05192482489570316,0.0029602284362820635,0.6630913682845835,0.8646633101355059,0.2884110764088703,0.03096722613039793,0.9290186914636044
Ag n_sub 1.8,16,0.013983413062019286,0.16507871546210465,0.0524934407534261,0.0023083638660541593,0.6687007336479743,0.86697167400156,0.2884110764088703,0.03096722613039793,0.9290186914636044
Ag n_sub 1.8,17,0.011062113214209496,0.16319910372120153,0.05302713379259549,0.0018053269618214494,0.6736924398468609,0.8687770009633815,0.2884110764088703,0.03096722613039793,0.9290186914636044
Ag n_sub 1.8,18,0.008765863616006786,0.16148639015273827,0.05353083563370231,0.0014155676719201649,0.6781564621605218,0.8701925686353017,0.2884110764088703,0.03096722613039793,0.9290186914636044
Ag n_sub 1.8,19,0.006956775795359637,0.15991496594632293,0.054009078603890925,0.0011124925644111399,0.6821726988793774,0.8713050611997128,0.2884110764088703,0.03096722613039793,0.9290186914636044
Ag n_sub 1.8,20,0.005528594010574356,0.1584622453372688,0.05446599052376777,0.0008760734204737885,0.6858113481204219,0.8721811346201866,0.2884110764088703,0.03096722613039793,0.9290186914636044
Ag n_sub 1.8,21,0.004399078236878637,0.15710842876679423,0.05490530442817443,0.0006911322698182022,0.6891335942468909,0.8728722668900049,0.2884110764088703,0.03096722613039793,0.9290186914636044
Ag n_sub 1.8,22,0.0035043275362338804,0.15583623876009287,0.055330377531231156,0.000546101222630111,0.6921924466321628,0.873418368112635,0.2884110764088703,0.03096722613039793,0.9290186914636044
Ag n_sub 1.8,23,0.0027945188543047066,0.15463065088029573,0.05574421532160412,0.0004321182693383951,0.6950336274365818,0.8738504863819734,0.2884110764088703,0.03096722613039793,0.9290186914636044
Ag n_sub 1.8,24,0.002230686872469705,0.15347863411380414,0.05614949790845747,0.00034236277432224394,0.6976964435726742,0.8741928491562956,0.2884110764088703,0.03096722613039793,0.9290186914636044
Ag n_sub 1.8,25,0.0017822756277029177,0.152368909213168,0.056548606676045,0.0002715633933103079,0.7002146048391636,0.8744644125496059,0.2884110764088703,0.03096722613039793,0.9290186914636044
Ag n_sub 1.8,26,0.00142526654604123,0.15129172942684288,0.05694364999820145,0.00021563104064480066,0.7026169683564714,0.8746800435902508,0.2884110764088703,0.03096722613039793,0.9290186914636044
Ag n_sub 1.8,27,0.0011407399869764266,0.1502386852718968,0.05733648726438079,0.000171383275880419,0.7049282013434127,0.8748514268661312,0.2884110764088703,0.03096722613039793,0.9290186914636044
Ag n_sub 1.8,28,0.0009137649234544394,0.1492025332089477,0.05772875082156981,0.00013633604133688254,0.707169361777725,0.874987762907468,0.2884110764088703,0.03096722613039793,0.9290186914636044
Ag n_sub 1.8,29,0.0007325384591294205,0.14817704698022433,0.05812186567872224,0.00010854538567324128,0.709358400951741,0.8750963082931413,0.2884110764088703,0.03096722613039793,0.9290186914636044
Ag n_sub 1.8,30,0.0005877165843832144,0.14715688975805238,0.0585170669819739,8.648654461705977e-05,0.7115105943641715,0.8751827948377584,0.2884110764088703,0.03096722613039793,0.9290186914636044
Ag n_sub 1.8,31,0.0004718920216953147,0.14613750496359035,0.05891541537266276,6.896112266277774e-05,0.7136389084869393,0.8752517559604212,0.2884110764088703,0.03096722613039793,0.9290186914636044
Ag n_sub 1.8,32,0.0003791856914783637,0.14511502353963587,0.05931781040310957,5.502554054477585e-05,0.7157543112048438,0.875306781500966,0.2884110764088703,0.03096722613039793,0.9290186914636044
Ag n_sub 1.8,33,0.00030492628285205706,0.144086185516154,0.05972500221984178,4.3935664959772736e-05,0.7178660334813627,0.8753507171659257,0.2884110764088703,0.03096722613039793,0.9290186914636044
Ag n_sub 1.8,34,0.00024539837754273966,0.1430482738375291,0.060137601739448154,3.5103814310019174e-05,0.7199817892798765,0.8753858209802358,0.2884110764088703,0.03096722613039793,0.9290186914636044
Ag n_sub 1.8,35,0.0001976440757788093,0.14199905858959616,0.06055608954489755,2.8065272696401725e-05,0.7221079601113388,0.8754138862529321,0.2884110764088703,0.03096722613039793,0.9290186914636044
Ag n_sub 1.8,36,0.00015930648979978375,0.14093674994855326,0.06098082372441982,2.2452138918093874e-05,0.7242497498779717,0.8754363383918502,0.2884110764088703,0.03096722613039793,0.9290186914636044
Ag n_sub 1.8,37,0.00012850607852884783,0.1398599583583474,0.06141204686380619,1.7972854791839182e-05,0.7264113149923875,0.8754543112466421,0.2884110764088703,0.03096722613039793,0.9290186914636044
Ag n_sub 1.8,38,0.00010374279732053709,0.13876766061972645,0.06184989238833727,1.4396145290317359e-05,0.7285958741028404,0.8754687073919324,0.2884110764088703,0.03096722613039793,0.9290186914636044
Ag n_sub 1.8,39,8.381857782385044e-05,0.1376591707386533,0.06229439043366647,1.1538395915724528e-05,0.7308058011625127,0.8754802457878481,0.2884110764088703,0.03096722613039793,0.9290186914636044
Ag n_sub 1.8,40,6.777584503504811e-05,0.1365341145326154,0.06274547340672165,9.253714988560053e-06,0.7330427050485612,0.8754894995028367,0.2884110764088703,0.03096722613039793,0.9290186914636044
Ag n_sub 1.8,41,5.484870389547864e-05,0.13539240713055758,0.06320298137853786,7.426098048400044e-06,0.7353074984638849,0.8754969256008851,0.2884110764088703,0.03096722613039793,0.9290186914636044
Ag n_sub 1.8,42,4.442414827599482e-05,0.13423423262665118,0.06366666743119442,5.963241453920734e-06,0.7376004584368948,0.8755028888423391,0.2884110764088703,0.03096722613039793,0.9290186914636044
Ag n_sub 1.8,43,3.601120777988077e-05,0.1330600252612177,0.06413620306093004,4.791652216877895e-06,0.7399212803661529,0.875507680494556,0.2884110764088703,0.03096722613039793,0.9290186914636044
Ag n_sub 1.8,44,2.9216388185805467e-05,0.13187045160528577,0.06461118371923302,3.852778304337503e-06,0.7422691272314166,0.8755115332728604,0.2884110764088703,0.03096722613039793,0.9290186914636044
Ag n_sub 1.8,45,2.372410684482254e-05,0.1306663933198133,0.06509113455345472,3.0999434761468568e-06,0.7446426753044986,0.8755146332163365,0.2884110764088703,0.03096722613039793,0.9290186914636044
Ag n_sub 1.8,46,1.9281095920513093e-05,0.12944893014766626,0.06557551638844394,2.495917238984952e-06,0.7470401574372322,0.8755171291335755,0.2884110764088703,0.03096722613039793,0.9290186914636044
Ag n_sub 1.8,47,1.568396020525921e-05,0.1282193228768468,0.06606373197116211,2.0109867575457467e-06,0.7494594047753803,0.875519140120333,0.2884110764088703,0.03096722613039793,0.9290186914636044
Ag n_sub 1.8,48,1.2769244892116693e-05,0.1269789960877501,0.0665551324814434,1.6214258971996085e-06,0.7518978875431112,0.8755207615462303,0.2884110764088703,0.03096722613039793,0.9290186914636044
Ag n_sub 1.8,49,1.0405501868122374e-05,0.12572952056565825,0.06704902429436022,1.3082787611240873e-06,0.7543527553601695,0.8755220698249914,0.2884110764088703,0.03096722613039793,0.9290186914636044
Ag n_sub 1.8,50,8.48694840797549e-06,0.12447259532226078,0.0675446759633942,1.0563924947068387e-06,0.7568208773913194,0.8755231262174861,0.2884110764088703,0.03096722613039793,0.9290186914636044
Ag n_sub 1.8,51,6.928395513577393e-06,0.12321002922653151,0.06804132537906982,8.536478137208405e-07,0.7592988824839579,0.8755239798652998,0.2884110764088703,0.03096722613039793,0.9290186914636044
Ag n_sub 1.8,52,5.66118920543592e-06,0.12194372229546963,0.06853818704527737,6.903464843297882e-07,0.7617831993244047,0.8755246702117842,0.2884110764088703,0.03096722613039793,0.9290186914636044
Ag n_sub 1.8,53,4.629960467404681e-06,0.12067564673862007,0.06903445940538766,5.587234737783036e-07,0.7642700965360133,0.875525228935258,0.2884110764088703,0.03096722613039793,0.9290186914636044
Ag n_sub 1.8,54,3.790021138563949e-06,0.11940782788652095,0.06952933214274526,4.525581917999202e-07,0.7667557225529071,0.8755256814934498,0.2884110764088703,0.03096722613039793,0.9290186914636044
Ag n_sub 1.8,55,3.105276088513981e-06,0.11814232516193107,0.07002199337525927,3.6686453736678823e-07,0.7692361450317675,0.8755260483579872,0.2884110764088703,0.03096722613039793,0.9290186914636044
Ag n_sub 1.8,56,2.546548281561206e-06,0.11688121327363052,0.07051163666176397,2.9764365280875264e-07,0.7717073895106136,0.87552634600164,0.2884110764088703,0.03096722613039793,0.9290186914636044
Ag n_sub 1.8,57,2.090234233865965e-06,0.11562656382567087,0.0709974677384716,2.4168660205270525e-07,0.7741654769875821,0.8755265876882421,0.2884110764088703,0.03096722613039793,0.9290186914636044
Ag n_sub 1.8,58,1.717224004258731e-06,0.11438042754029773,0.07147871090709534,1.964168157895757e-07,0.7766064600737528,0.8755267841050579,0.2884110764088703,0.03096722613039793,0.9290186914636044
Ag n_sub 1.8,59,1.4120331113640314e-06,0.1131448172906723,0.07195461500189726,1.5976422839366286e-07,0.7790264573711277,0.8755269438692863,0.2884110764088703,0.03096722613039793,0.9290186914636044
Ag n_sub 1.8,60,1.162104331687277e-06,0.11192169213052248,0.07242445887065363,1.3006468323465e-07,0.7814216857386836,0.8755270739339696,0.2884110764088703,0.03096722613039793,0.9290186914636044
Ag n_sub 1.8,61,9.572457561824504e-07,0.110712942492654,0.0728875563140352,1.0597949435556472e-07,0.7837884901343534,0.875527179913464,0.2884110764088703,0.03096722613039793,0.9290186914636044
Ag n_sub 1.8,62,7.891782034685034e-07,0.10952037670775637,0.07334326043875028,8.64310941334209e-08,0.7861233707569304,0.8755272663445581,0.2884110764088703,0.03096722613039793,0.9290186914636044
Ag n_sub 1.8,63,6.511704531950778e-07,0.10834570897015836,0.07379096739151358,7.055152441184002e-08,0.7884230072570915,0.8755273368960825,0.2884110764088703,0.03096722613039793,0.9290186914636044
Ag n_sub 1.8,64,5.377450486686139e-07,0.10719054884924337,0.07423011945315494,5.764118690775181e-08,0.7906842798386773,0.8755273945372695,0.2884110764088703,0.03096722613039793,0.9290186914636044
Ag n_sub 1.8,65,4.444408428264784e-07,0.10605639241527887,0.07466020748438873,4.713579243218227e-08,0.792904287127736,0.8755274416730618,0.2884110764088703,0.03096722613039793,0.9290186914636044
Ag n_sub 1.8,66,3.676212002613375e-07,0.1049446150175988,0.07508077272668467,3.8579865333733653e-08,0.7950803607452409,0.8755274802529271,0.2884110764088703,0.03096722613039793,0.9290186914636044
Ag n_sub 1.8,67,3.0431895895217117e-07,0.10385646572248836,0.07549140797283505,3.1605491529119504e-08,0.7972100765776885,0.8755275118584187,0.2884110764088703,0.03096722613039793,0.9290186914636044
Ag n_sub 1.8,68,2.5211100910314395e-07,0.10279306338876366,0.07589175813197324,2.591526293974465e-08,0.799291262795925,0.8755275377736816,0.2884110764088703,0.03096722613039793,0.9290186914636044
Ag n_sub 1.8,69,2.090167510274141e-07,0.1017553943317686,0.07628152022271051,2.1268581922739623e-08,0.8013220047248122,0.8755275590422635,0.2884110764088703,0.03096722613039793,0.9290186914636044
Ag n_sub 1.8,70,1.7341581948826754e-07,0.10074431150205182,0.07666044283553897,1.7470657337909614e-08,0.803300646713316,0.8755275765129209,0.2884110764088703,0.03096722613039793,0.9290186914636044
Ag n_sub 1.8,71,1.4398136427016142e-07,0.09976053508386079,0.07702832511163771,1.4363657941695578e-08,0.8052257911951469,0.8755275908765788,0.2884110764088703,0.03096722613039793,0.9290186914636044
Ag n_sub 1.8,72,1.196259006370524e-07,0.0988046544011829,0.07738501528962605,1.1819595769874207e-08,0.8070962951635349,0.8755276026961746,0.2884110764088703,0.03096722613039793,0.9290186914636044
Ag n_sub 1.8,73,9.945732438048893e-08,0.09787713100554457,0.07773040887470861,9.734597567850057e-09,0.8089112643096168,0.8755276124307722,0.2884110764088703,0.03096722613039793,0.9290186914636044
Ag n_sub 1.8,74,8.274315282674238e-08,0.09697830281020045,0.07806444648610122,8.024290530302516e-09,0.8106700450922105,0.8755276204550627,0.2884110764088703,0.03096722613039793,0.9290186914636044
Ag n_sub 1.8,75,6.888142820296304e-08,0.09610838912958411,0.07838711143871269,6.620083105531881e-09,0.8123722150176447,0.8755276270751459,0.2884110764088703,0.03096722613039793,0.9290186914636044
Ag n_sub 1.8,76,5.7377021337961787e-08,0.09526749648071892,0.07869842711397013,5.466165178388409e-09,0.814017571412228,0.875527632541311,0.2884110764088703,0.03096722613039793,0.9290186914636044
Ag n_sub 1.8,77,4.782231633529745e-08,0.09445562500438619,0.07899845417255591,4.517086778607987e-09,0.815606118967526,0.8755276370583979,0.2884110764088703,0.03096722613039793,0.9290186914636044
Ag n_sub 1.8,78,3.988145224126687e-08,0.09367267536781193,0.0792872876588322,3.735802328993087e-09,0.817138056330617,0.8755276407942002,0.2884110764088703,0.03096722613039793,0.9290186914636044
Ag n_sub 1.8,79,3.3277455154356565e-08,0.09291845601702903,0.07956505404311276,3.092089753118736e-09,0.8186137619987739,0.87552764388629,0.2884110764088703,0.03096722613039793,0.9290186914636044
Ag n_sub 1.8,80,2.7781721148168377e-08,0.09219269065544373,0.07983190824378605,2.5612716236888864e-09,0.8200337797614757,0.8755276464475616,0.2884110764088703,0.03096722613039793,0.9290186914636044
Ag n_sub 1.8,81,2.3205412787422038e-08,0.09149502583501191,0.08008803066685832,2.1231798424972953e-09,0.8213988039131614,0.8755276485707415,0.2884110764088703,0.03096722613039793,0.9290186914636044
Ag n_sub 1.8,82,1.9392414701984142e-08,0.09082503855738246,0.08033362429584245,1.7613168130284601e-09,0.8227096644385833,0.8755276503320583,0.2884110764088703,0.03096722613039793,0.9290186914636044
Ag n_sub 1.8,83,1.6213560494469794e-08,0.09018224379397102,0.08056891186026949,1.4621752652805723e-09,0.8239673123497939,0.8755276517942335,0.2884110764088703,0.03096722613039793,0.9290186914636044
Ag n_sub 1.8,84,1.3561897281346994e-08,0.0895661018458204,0.0807941331065033,1.2146862731236797e-09,0.8251728053304221,0.8755276530089198,0.2884110764088703,0.03096722613039793,0.9290186914636044
Ag n_sub 1.8,85,1.134879788636166e-08,0.08897602547595997,0.08100954219014744,1.0097709298584358e-09,0.8263272938196145,0.8755276540186907,0.2884110764088703,0.03096722613039793,0.9290186914636044
Ag n_sub 1.8,86,9.500766112180807e-09,0.08841138675852213,0.08121540520515236,8.39975907246278e-10,0.8274320076453351,0.8755276548586666,0.2884110764088703,0.03096722613039793,0.9290186914636044
Ag n_sub 1.8,87,7.956809214669047e-09,0.08787152359988952,0.08141199786089459,6.991769486866096e-10,0.8284882432951076,0.8755276555578435,0.2884110764088703,0.03096722613039793,0.9290186914636044
Ag n_sub 1.8,88,6.66627498424228e-09,0.08735574589746073,0.08159960331497906,5.823374236060677e-10,0.8294973518920299,0.8755276561401809,0.2884110764088703,0.03096722613039793,0.9290186914636044
Ag n_sub 1.8,89,5.587069739020048e-09,0.08686334131110975,0.08177851016637083,4.853115456694713e-10,0.8304607279252716,0.8755276566254925,0.2884110764088703,0.03096722613039793,0.9290186914636044
Ag n_sub 1.8,90,4.684188891945052e-09,0.08639358063099792,0.08194901061070403,4.046838507270797e-10,0.8313797987674297,0.8755276570301763,0.2884110764088703,0.03096722613039793,0.9290186914636044
Ag n_sub 1.8,91,3.928504243425083e-09,0.08594572273302785,0.08211139875720463,3.3763813646093553e-10,0.8322560149961328,0.8755276573678145,0.2884110764088703,0.03096722613039793,0.9290186914636044
Ag n_sub 1.8,92,3.2957623167928547e-09,0.08551901911990063,0.08226596910465056,2.8185036058445616e-10,0.8330908415241928,0.8755276576496648,0.2884110764088703,0.03096722613039793,0.9290186914636044
Ag n_sub 1.8,93,2.765756335527118e-09,0.08511271805146131,0.0824130151720941,2.3540103918476244e-10,0.8338857495313748,0.8755276578850658,0.2884110764088703,0.03096722613039793,0.9290186914636044
Ag n_sub 1.8,94,2.3216411938840195e-09,0.08472606827283205,0.0825528282787138,1.9670353029803675e-10,0.8346422091813941,0.8755276580817694,0.2884110764088703,0.03096722613039793,0.9290186914636044
Ag n_sub 1.8,95,1.9493662835194693e-09,0.08435832235278606,0.08268569646609647,1.6444526932878794e-10,0.8353616830999921,0.8755276582462146,0.2884110764088703,0.03096722613039793,0.9290186914636044
Ag n_sub 1.8,96,1.6372055402184739e-09,0.0840087396479781,0.08281190355543955,1.375395739784411e-10,0.8360456205837307,0.8755276583837541,0.2884110764088703,0.03096722613039793,0.9290186914636044
Ag n_sub 1.8,97,1.3753677551729593e-09,0.08367658891108054,0.08293172833161222,1.1508608225116339e-10,0.836695452504353,0.8755276584988402,0.2884110764088703,0.03096722613039793,0.9290186914636044
Ag n_sub 1.8,98,1.155673206887192e-09,0.08336115056266227,0.08304544384564772,9.633824820055796e-11,0.8373125868700486,0.8755276585951784,0.2884110764088703,0.03096722613039793,0.9290186914636044
Ag n_sub 1.8,99,9.712851364556954e-10,0.08306171864785909,0.08315331682705696,8.06766127311304e-11,0.8378984050025695,0.875527658675855,0.2884110764088703,0.03096722613039793,0.9290186914636044
Ag n_sub 1.8,100,8.164866110863586e-10,0.08277760249959973,0.0832556071973437,6.758680413875187e-11,0.8384542582877273,0.8755276587434419,0.2884110764088703,0.03096722613039793,0.9290186914636044
Ag n_sub 1.8,101,6.864949799326843e-10,0.0825081281304376,0.08335256767617372,5.6641415765188105e-11,0.8389814654562253,0.8755276588000833,0.2884110764088703,0.03096722613039793,0.9290186914636044
Ag n_sub 1.8,102,5.773074889107068e-10,0.0822526393749691,0.08344444347188196,4.7485064693841337e-11,0.8394813103519119,0.8755276588475683,0.2884110764088703,0.03096722613039793,0.9290186914636044
Ag n_sub 1.8,103,4.855727412147725e-10,0.08201049880444969,0.0835314720482514,3.982206271286746e-11,0.8399550401452456,0.8755276588873904,0.2884110764088703,0.03096722613039793,0.9290186914636044
Ag n_sub 1.8,104,4.0848361170566604e-10,0.0817810884346154,0.08361388295986949,3.3406234372992173e-11,0.8404038639509315,0.8755276589207966,0.2884110764088703,0.03096722613039793,0.9290186914636044
Ag n_sub 1.8,105,3.4368798209290294e-10,0.08156381024692214,0.08369189774874941,2.803250135557311e-11,0.8408289518102484,0.8755276589488291,0.2884110764088703,0.03096722613039793,0.9290186914636044
Ag n_sub 1.8,106,2.892142891402921e-10,0.08135808654248101,0.08376572989531805,2.3529921165198012e-11,0.8412314340003901,0.8755276589723591,0.2884110764088703,0.03096722613039793,0.9290186914636044
Ag n_sub 1.8,107,2.4340939389662475e-10,0.08116336014693064,0.08383558481733056,1.9755924299977854e-11,0.841612400635183,0.875527658992115,0.2884110764088703,0.03096722613039793,0.9290186914636044
Ag n_sub 1.8,108,2.0488670573511206e-10,0.08097909448338043,0.08390165991071419,1.6591539902112204e-11,0.8419729015236875,0.8755276590087065,0.2884110764088703,0.03096722613039793,0.9290186914636044
Ag n_sub 1.8,109,1.724828467670622e-10,0.08080477352941647,0.08396414462680024,1.3937437370721504e-11,0.8423139462554352,0.875527659022644,0.2884110764088703,0.03096722613039793,0.9290186914636044
Ag n_sub 1.8,110,1.4522143307347167e-10,0.08063990167299982,0.08402322058085188,1.1710642083856879e-11,0.842636504483308,0.8755276590343546,0.2884110764088703,0.03096722613039793,0.9290186914636044
Ag n_sub 1.8,111,1.2228278990771362e-10,0.0804840034809352,0.08407906168722834,9.84180848859089e-12,0.8429415063773311,0.8755276590441964,0.2884110764088703,0.03096722613039793,0.9290186914636044
Ag n_sub 1.8,112,1.0297861737077041e-10,0.0803366233924523,0.08413183431695492,8.272954401191029e-12,0.8432298432248507,0.8755276590524693,0.2884110764088703,0.03096722613039793,0.9290186914636044
Ag n_sub 1.8,113,8.673078827989636e-11,0.08019732534934501,0.08418169747385773,6.955577245488007e-12,0.843502368154735,0.8755276590594249,0.2884110764088703,0.03096722613039793,0.9290186914636044
Ag n_sub 1.8,114,7.305359698655029e-11,0.08006569237305645,0.08422880298581537,5.849086823070379e-12,0.843759896965278,0.875527659065274,0.2884110764088703,0.03096722613039793,0.9290186914636044
Ag n_sub 1.8,115,6.153889163986453e-11,0.07994132609809278,0.08427329570803155,4.919500604297606e-12,0.84400320903747,0.8755276590701935,0.2884110764088703,0.03096722613039793,0.9290186914636044
Ag n_sub 1.8,116,5.1843616863941746e-11,0.07982384627019931,0.08431531373556844,4.138356902638399e-12,0.8442330483171439,0.8755276590743318,0.2884110764088703,0.03096722613039793,0.9290186914636044
Ag n_sub 1.8,117,4.367937233862588e-11,0.07971289021684114,0.0843549886226933,3.481809011969412e-12,0.8444501243512478,0.8755276590778136,0.2884110764088703,0.03096722613039793,0.9290186914636044
Ag n_sub 1.8,118,3.680365808040235e-11,0.07960811229669906,0.08439244560688242,2.9298697453939863e-12,0.8446551133651276,0.8755276590807435,0.2884110764088703,0.03096722613039793,0.9290186914636044
Ag n_sub 1.8,119,3.101253157143241e-11,0.0795091833341222,0.08442780383557635,2.4657810583682727e-12,0.8448486593692016,0.8755276590832093,0.2884110764088703,0.03096722613039793,0.9290186914636044
Ag n_sub 1.8,120,2.6134447146385558e-11,0.07941579004376671,0.08446117659404762,2.0754877674872735e-12,0.8450313752847973,0.8755276590852847,0.2884110764088703,0.03096722613039793,0.9290186914636044
Ag n_sub 1.8,121,2.2025085761479237e-11,0.07932763444999948,0.08449267153293838,1.7471979520165132e-12,0.8452038440802045,0.8755276590870319,0.2884110764088703,0.03096722613039793,0.9290186914636044
Ag n_sub 1.8,122,1.856301471454903e-11,0.07924443330504795,0.08452239089423763,1.4710155814877044e-12,0.8453666199091544,0.8755276590885029,0.2884110764088703,0.03096722613039793,0.9290186914636044
Ag n_sub 1.8,123,1.5646043116189497e-11,0.07916591750933738,0.0845504317346546,1.2386333586837936e-12,0.8455202292450001,0.8755276590897416,0.2884110764088703,0.03096722613039793,0.9290186914636044
Ag n_sub 1.8,124,1.3188160806107128e-11,0.07909183153696439,0.08457688614548753,1.0430757927590215e-12,0.8456651720048292,0.8755276590907847,0.2884110764088703,0.03096722613039793,0.9290186914636044
Ag n_sub 1.8,125,1.1116966692383988e-11,0.07902193286881343,0.08460184146825789,8.784841956704024e-13,0.8458019226586067,0.8755276590916632,0.2884110764088703,0.03096722613039793,0.9290186914636044
Ag n_sub 1.8,126,9.371507767379199e-12,0.07895599143542568,0.08462538050549218,7.399366870182174e-13,0.8459309313192288,0.8755276590924032,0.2884110764088703,0.03096722613039793,0.9290186914636044
Ag n_sub 1.8,127,7.900462823317858e-12,0.07889378907137316,0.08464758172615394,6.232974475490645e-13,0.8460526248100539,0.8755276590930264,0.2884110764088703,0.03096722613039793,0.9290186914636044
Ag n_sub 1.8,128,6.660615569465153e-12,0.07883511898257364,0.0846685194653396,5.250904209159679e-13,0.8461674077071075,0.8755276590935516,0.2884110764088703,0.03096722613039793,0.9290186914636044
Ag n_sub 1.8,129,5.615570787317416e-12,0.07877978522770136,0.08468826411792818,4.423934605558199e-13,0.8462756633537002,0.875527659093994,0.2884110764088703,0.03096722613039793,0.9290186914636044
Ag n_sub 1.8,130,4.734674638530619e-12,0.07872760221459832,0.08470688232596335,3.7274958155778567e-13,0.8463777548456969,0.8755276590943667,0.2884110764088703,0.03096722613039793,0.9290186914636044
Ag n_sub 1.8,131,3.992106502226833e-12,0.0786783942123729,0.08472443715962041,3.1409252911997986e-13,0.8464740259860799,0.8755276590946808,0.2884110764088703,0.03096722613039793,0.9290186914636044
Ag n_sub 1.8,132,3.3661149637367373e-12,0.0786319948796808,0.08474098829165,2.6468433459296403e-13,0.8465648022078597,0.8755276590949455,0.2884110764088703,0.03096722613039793,0.9290186914636044
Ag n_sub 1.8,133,2.838374972378371e-12,0.07858824680951414,0.0847565921652762,2.2306291286721927e-13,0.8466503914646722,0.8755276590951685,0.2884110764088703,0.03096722613039793,0.9290186914636044
Ag n_sub 1.8,134,2.3934468705317774e-12,0.07854700109068281,0.08477130215553219,1.879980739501509e-13,0.8467310850887265,0.8755276590953565,0.2884110764088703,0.03096722613039793,0.9290186914636044
Ag n_sub 1.8,135,2.0183210860512485e-12,0.07850811688604338,0.08478516872409181,1.5845458773727744e-13,0.8468071586159776,0.8755276590955149,0.2884110764088703,0.03096722613039793,0.9290186914636044
Ag n_sub 1.8,136,1.7020348718304708e-12,0.07847146102742665,0.08479823956765753,1.335611631121659e-13,0.8468788725786298,0.8755276590956484,0.2884110764088703,0.03096722613039793,0.9290186914636044
Ag n_sub 1.8,137,1.435349651031583e-12,0.07843690762712195,0.08481055976001606,1.12584387990586e-13,0.8469464732652447,0.875527659095761,0.2884110764088703,0.03096722613039793,0.9290186914636044
Ag n_sub 1.8,138,1.2104793517535962e-12,0.0784043377057008,0.08482217188787633,9.490683188066674e-14,0.8470101934488835,0.875527659095856,0.2884110764088703,0.03096722613039793,0.9290186914636044
Ag n_sub 1.8,139,1.0208616473182581e-12,0.07837363883589703,0.08483311618063794,8.000864204834005e-14,0.8470702530838309,0.875527659095936,0.2884110764088703,0.03096722613039793,0.9290186914636044
Ag n_sub 1.8,140,8.609653052191183e-13,0.07834470480220929,0.08484343063424116,6.745207268233584e-14,0.8471268599715618,0.8755276590960035,0.2884110764088703,0.03096722613039793,0.9290186914636044
Ag n_sub 1.8,141,7.261279287235981e-13,0.0783174352758467,0.08485315112927005,5.686847705979502e-14,0.8471802103966861,0.8755276590960603,0.2884110764088703,0.03096722613039793,0.9290186914636044
Ag n_sub 1.8,142,6.124192833051382e-13,0.07829173550460693,0.08486231154348434,4.794736854644682e-14,0.8472304897336821,0.8755276590961083,0.2884110764088703,0.03096722613039793,0.9290186914636044
Ag n_sub 1.8,143,5.165261632947672e-13,0.07826751601724674,0.08487094385896199,4.04272197590002e-14,0.8472778730252719,0.8755276590961487,0.2884110764088703,0.03096722613039793,0.9290186914636044
Ag n_sub 1.8,144,4.356553956582017e-13,0.07824469234188663,0.0848790782640424,3.408772240035889e-14,0.8473225255333436,0.8755276590961828,0.2884110764088703,0.03096722613039793,0.9290186914636044
Ag n_sub 1.8,145,3.674521171397204e-13,0.07822318473797732,0.08488674325025725,2.874327484138123e-14,0.8473646032633378,0.8755276590962116,0.2884110764088703,0.03096722613039793,0.9290186914636044
Ag n_sub 1.8,146,3.0993091453032334e-13,0.07820291794134476,0.08489396570444352,2.4237501876500813e-14,0.8474042534630463,0.8755276590962358,0.2884110764088703,0.03096722613039793,0.9290186914636044
Ag n_sub 1.8,147,2.6141779924006614e-13,0.07818382092182867,0.0849007709962265,2.043864240156389e-14,0.847441615096774,0.8755276590962562,0.2884110764088703,0.03096722613039793,0.9290186914636044
Ag n_sub 1.8,148,2.2050130819887894e-13,0.07816582665302561,0.08490718306106204,1.7235667033438948e-14,0.8474768192958193,0.8755276590962734,0.2884110764088703,0.03096722613039793,0.9290186914636044
Ag n_sub 1.8,149,1.8599129304185356e-13,0.07814887189365076,0.08491322447903005,1.4535009733262272e-14,0.8475099897862199,0.8755276590962879,0.2884110764088703,0.03096722613039793,0.9290186914636044
Ag n_sub 1.8,150,1.568841866681305e-13,0.0781328969800383,0.08491891654955364,1.2257815994738138e-14,0.8475412432947109,0.8755276590963001,0.2884110764088703,0.03096722613039793,0.9290186914636044
Ag n_sub 1.8,151,1.3233372741102904e-13,0.07811784562930468,0.08492427936223446,1.0337625689445252e-14,0.8475706899338181,0.8755276590963105,0.2884110764088703,0.03096722613039793,0.9290186914636044
Ag n_sub 1.8,152,1.1162628194430799e-13,0.0781036647527112,0.08492933186397122,8.71842170256985e-15,0.8475984335670005,0.8755276590963192,0.2884110764088703,0.03096722613039793,0.9290186914636044
Ag n_sub 1.8,153,9.416004348397566e-14,0.07809030427876865,0.08493409192253798,7.352986446565746e-15,0.8476245721547295,0.8755276590963266,0.2884110764088703,0.03096722613039793,0.9290186914636044
Ag n_sub 1.8,154,7.942749586772752e-14,0.07807771698564184,0.08493857638678726,6.2015175432386656e-15,0.847649198082376,0.8755276590963328,0.2884110764088703,0.03096722613039793,0.9290186914636044
Ag n_sub 1.8,155,6.70006301013381e-14,0.07806585834242144,0.08494280114363262,5.230461698344038e-15,0.8476723984707492,0.875527659096338,0.2884110764088703,0.03096722613039793,0.9290186914636044
Ag n_sub 1.8,156,5.651848080856121e-14,0.07805468635884576,0.08494678117197829,4.411532292990688e-15,0.8476942554701019,0.8755276590963424,0.2884110764088703,0.03096722613039793,0.9290186914636044
Ag n_sub 1.8,157,4.767661810930273e-14,0.07804416144306718,0.08495053059373314,3.720881680781883e-15,0.8477148465384009,0.8755276590963462,0.2884110764088703,0.03096722613039793,0.9290186914636044
Ag n_sub 1.8,158,4.0218287799298984e-14,0.07803424626707253,0.08495406272205919,3.1384037745704956e-15,0.8477342447046169,0.8755276590963493,0.2884110764088703,0.03096722613039793,0.9290186914636044
Ag n_sub 1.8,159,3.3926941011805287e-14,0.07802490563938146,0.08495739010699543,2.6471463710789683e-15,0.8477525188177824,0.875527659096352,0.2884110764088703,0.03096722613039793,0.9290186914636044
Ag n_sub 1.8,160,2.861993523686227e-14,0.07801610638466012,0.08496052457858194,2.23281591216113e-15,0.8477697337825152,0.8755276590963542,0.2884110764088703,0.03096722613039793,0.9290186914636044
Ag n_sub 1.8,161,2.4143222858955702e-14,0.07800781722990292,0.0849634772876211,1.8833601161222306e-15,0.8477859507816947,0.8755276590963561,0.2884110764088703,0.03096722613039793,0.9290186914636044
Ag n_sub 1.8,162,2.0366872261206488e-14,0.07800000869684776,0.08496625874419095,1.5886162135016933e-15,0.8478012274869425,0.8755276590963577,0.2884110764088703,0.03096722613039793,0.9290186914636044
Ag n_sub 1.8,163,1.7181290885297315e-14,0.07799265300030671,0.0849688788540296,1.3400144581143259e-15,0.8478156182575295,0.875527659096359,0.2884110764088703,0.03096722613039793,0.9290186914636044
Ag n_sub 1.8,164,1.44940401480918e-14,0.07798572395210449,0.08497134695290431,1.1303282139398067e-15,0.8478291743283106,0.8755276590963601,0.2884110764088703,0.03096722613039793,0.9290186914636044
Ag n_sub 1.8,165,1.2227149401908896e-14,0.07797919687033456,0.08497367183906646,9.534632903744471e-16,0.8478419439872598,0.8755276590963611,0.2884110764088703,0.03096722613039793,0.9290186914636044
Ag n_sub 1.8,166,1.0314850693885225e-14,0.07797304849365182,0.08497586180390027,8.042803533590908e-16,0.8478539727431458,0.8755276590963619,0.2884110764088703,0.03096722613039793,0.9290186914636044
Ag n_sub 1.8,167,8.701668358744294e-15,0.07796725690033775,0.08497792466085363,6.784452123877567e-16,0.8478653034838776,0.8755276590963625,0.2884110764088703,0.03096722613039793,0.9290186914636044
Ag n_sub 1.8,168,7.340807829005436e-15,0.07796180143188253,0.08497986777275379,5.723026023145304e-16,0.8478759766260059,0.8755276590963631,0.2884110764088703,0.03096722613039793,0.9290186914636044
Ag n_sub 1.8,169,6.192796770765133e-15,0.07795666262084427,0.08498169807758216,4.827697685379914e-16,0.8478860302558638,0.8755276590963635,0.2884110764088703,0.03096722613039793,0.9290186914636044
Ag n_sub 1.8,170,5.2243390073689944e-15,0.0779518221227538,0.08498342211280363,4.07246745011392e-16,0.8478955002627852,0.875527659096364,0.2884110764088703,0.03096722613039793,0.9290186914636044
Ag n_sub 1.8,171,4.407347892967881e-15,0.0779472626518481,0.08498504603832169,3.435407038112368e-16,0.8479044204648403,0.8755276590963643,0.2884110764088703,0.03096722613039793,0.9290186914636044
Ag n_sub 1.8,172,3.718131024591709e-15,0.07794296792042327,0.08498657565813639,2.89802167173682e-16,0.8479128227274834,0.8755276590963647,0.2884110764088703,0.03096722613039793,0.9290186914636044
Ag n_sub 1.8,173,3.1367025878804532e-15,0.07793892258161057,0.08498801644077802,2.4447122015835218e-16,0.8479207370755087,0.8755276590963649,0.2884110764088703,0.03096722613039793,0.9290186914636044
Ag n_sub 1.8,174,2.646203346821588e-15,0.07793511217538764,0.08498937353858016,2.0623215467342665e-16,0.8479281917986731,0.8755276590963651,0.2884110764088703,0.03096722613039793,0.9290186914636044
Ag n_sub 1.8,175,2.2324114203238815e-15,0.07793152307764752,0.08499065180586152,1.7397522212177444e-16,0.8479352135513386,0.8755276590963653,0.2884110764088703,0.03096722613039793,0.9290186914636044
Ag n_sub 1.8,176,1.883329629702937e-15,0.07792814245215668,0.0849918558160706,1.4676437966785795e-16,0.8479418274464632,0.8755276590963654,0.2884110764088703,0.03096722613039793,0.9290186914636044
Ag n_sub 1.8,177,1.5888374282730254e-15,0.0779249582052424,0.08499298987795734,1.2381009019310032e-16,0.8479480571442496,0.8755276590963655,0.2884110764088703,0.03096722613039793,0.9290186914636044
Ag n_sub 1.8,178,1.340397302223027e-15,0.07792195894305788,0.08499405805081994,1.0444638355120825e-16,0.8479539249357523,0.8755276590963657,0.2884110764088703,0.03096722613039793,0.9290186914636044
Ag n_sub 1.8,179,1.1308071155807342e-15,0.07791913393128186,0.08499506415888491,8.811151108938176e-17,0.8479594518217234,0.8755276590963658,0.2884110764088703,0.03096722613039793,0.9290186914636044
Ag n_sub 1.8,180,9.539912075141902e-16,0.07791647305711646,0.08499601180486172,7.43316302170054e-17,0.8479646575869586,0.8755276590963659,0.2884110764088703,0.03096722613039793,0.9290186914636044
Ag n_sub 1.8,181,8.048241764050211e-16,0.07791396679345566,0.08499690438272522,6.270704415499112e-17,0.8479695608703994,0.875527659096366,0.2884110764088703,0.03096722613039793,0.9290186914636044
Ag n_sub 1.8,182,6.789822348701062e-16,0.07791160616510123,0.08499774508976465,5.290059647629998e-17,0.8479741792312284,0.875527659096366,0.2884110764088703,0.03096722613039793,0.9290186914636044
Ag n_sub 1.8,183,5.728178208674543e-16,0.07790938271691247,0.08499853693794202,4.462788283303031e-17,0.8479785292111821,0.875527659096366,0.2884110764088703,0.03096722613039793,0.9290186914636044
Ag n_sub 1.8,184,4.832538255220497e-16,0.07790728848377997,0.08499928276459923,3.7648995195836595e-17,0.8479826263932925,0.875527659096366,0.2884110764088703,0.03096722613039793,0.9290186914636044
Ag n_sub 1.8,185,4.0769436801102984e-16,0.07790531596232096,0.08499998524255192,3.176155855595804e-17,0.847986485457266,0.875527659096366,0.2884110764088703,0.03096722613039793,0.9290186914636044
Ag n_sub 1.8,186,3.4394952833394567e-16,0.07790345808419863,0.08500064688960152,2.6794857663643427e-17,0.8479901202316791,0.875527659096366,0.2884110764088703,0.03096722613039793,0.9290186914636044
Ag n_sub 1.8,187,2.901718540421165e-16,0.07790170819097342,0.08500127007750014,2.2604883098822688e-17,0.8479935437431805,0.875527659096366,0.2884110764088703,0.03096722613039793,0.9290186914636044
Ag n_sub 1.8,188,2.448027987984876e-16,0.07790006001039987,0.08500185704040308,1.907015271711603e-17,0.8479967682628642,0.875527659096366,0.2884110764088703,0.03096722613039793,0.9290186914636044
Ag n_sub 1.8,189,2.065275389252961e-16,0.07789850763408643,0.08500240988282881,1.608818706762126e-17,0.8479998053499768,0.875527659096366,0.2884110764088703,0.03096722613039793,0.9290186914636044
Ag n_sub 1.8,190,1.7423685725268855e-16,0.07789704549644082,0.08500293058716879,1.3572536396569545e-17,0.8480026658931075,0.875527659096366,0.2884110764088703,0.03096722613039793,0.9290186914636044
Ag n_sub 1.8,191,1.469949886751209e-16,0.07789566835482796,0.08500342102075409,1.145027288765891e-17,0.8480053601490093,0.875527659096366,0.2884110764088703,0.03096722613039793,0.9290186914636044
Ag n_sub 1.8,192,1.2401249481428132e-16,0.07789437127087079,0.08500388294252492,9.659875313290568e-18,0.84800789777918,0.875527659096366,0.2884110764088703,0.03096722613039793,0.9290186914636044
Ag n_sub 1.8,193,1.0462338110392824e-16,0.07789314959282963,0.08500431800930763,8.149444675235907e-18,0.8480102878843379,0.875527659096366,0.2884110764088703,0.03096722613039793,0.9290186914636044
Ag n_sub 1.8,194,8.826579269251966e-17,0.07789199893899726,0.08500472778173307,6.875199030755493e-18,0.8480125390369058,0.875527659096366,0.2884110764088703,0.03096722613039793,0.9290186914636044
Ag n_sub 1.8,195,7.44657293788937e-17,0.07789091518205273,0.08500511372981245,5.8002038110211014e-18,0.8480146593116225,0.875527659096366,0.2884110764088703,0.03096722613039793,0.9290186914636044
Ag n_sub 1.8,196,6.282330736969652e-17,0.07788989443431817,0.08500547723819063,4.893300779040384e-18,0.8480166563143865,0.875527659096366,0.2884110764088703,0.03096722613039793,0.9290186914636044
Ag n_sub 1.8,197,5.3001169517697533e-17,0.0778889330338672,0.08500581961109666,4.1282045432805865e-18,0.8480185372094332,0.875527659096366,0.2884110764088703,0.03096722613039793,0.9290186914636044
Ag n_sub 1.8,198,4.471470801234358e-17,0.07788802753143625,0.08500614207700685,3.48274040872555e-18,0.848020308744942,0.875527659096366,0.2884110764088703,0.03096722613039793,0.9290186914636044
Ag n_sub 1.8,199,3.77238160568291e-17,0.07788717467809211,0.08500644579303962,2.9382014507424642e-18,0.8480219772771638,0.875527659096366,0.2884110764088703,0.03096722613039793,0.9290186914636044
Ag n_sub 1.8,200,3.18259294053333e-17,0.0778863714136129,0.08500673184909491,2.478806158247214e-18,0.8480235487931521,0.875527659096366,0.2884110764088703,0.03096722613039793,0.9290186914636044
Ag n_sub 1.8,201,2.685015603678306e-17,0.07788561485554107,0.08500700127175354,2.0912409118920667e-18,0.8480250289321809,0.875527659096366,0.2884110764088703,0.03096722613039793,0.9290186914636044
Ag n_sub 1.8,202,2.2652323792985046e-17,0.07788490228886973,0.08500725502795381,1.764274025232479e-18,0.848026423005921,0.875527659096366,0.2884110764088703,0.03096722613039793,0.9290186914636044
Ag n_sub 1.8,203,1.9110802424775575e-17,0.077884231156326,0.08500749402845087,1.4884301536340965e-18,0.8480277360174509,0.875527659096366,0.2884110764088703,0.03096722613039793,0.9290186914636044
Ag n_sub 1.8,204,1.612297894221441e-17,0.07788359904921713,0.08500771913108007,1.255715627414398e-18,0.8480289726791653,0.875527659096366,0.2884110764088703,0.03096722613039793,0.9290186914636044
Ag n_sub 1.8,205,1.3602284105187997e-17,0.07788300369880645,0.08500793114382676,1.059386743276573e-18,0.8480301374296468,0.875527659096366,0.2884110764088703,0.03096722613039793,0.9290186914636044
Ag n_sub 1.8,206,1.1475683868543296e-17,0.07788244296818898,0.08500813082772274,8.937542944127896e-19,0.8480312344495614,0.875527659096366,0.2884110764088703,0.03096722613039793,0.9290186914636044
Ag n_sub 1.8,207,9.681563074516942e-18,0.07788191484463805,0.08500831889957139,7.540186709325206e-19,0.8480322676766312,0.875527659096366,0.2884110764088703,0.03096722613039793,0.9290186914636044
Ag n_sub 1.8,208,8.167940055706952e-18,0.07788141743239496,0.08500849603451621,6.361307490412925e-19,0.8480332408197404,0.875527659096366,0.2884110764088703,0.03096722613039793,0.9290186914636044
Ag n_sub 1.8,209,6.890960403935021e-18,0.07788094894587698,0.08500866286846132,5.366745354069232e-19,0.8480341573722239,0.875527659096366,0.2884110764088703,0.03096722613039793,0.9290186914636044
Ag n_sub 1.8,210,5.813626252249302e-18,0.07788050770327923,0.08500882000034837,4.527681641222881e-19,0.8480350206243841,0.875527659096366,0.2884110764088703,0.03096722613039793,0.9290186914636044
Ag n_sub 1.8,211,4.904724243680561e-18,0.07788009212054715,0.08500896799430613,3.8198037592372306e-19,0.8480358336752845,0.875527659096366,0.2884110764088703,0.03096722613039793,0.9290186914636044
Ag n_sub 1.8,212,4.137921119137289e-18,0.07787970070569879,0.08500910738167056,3.222600583022022e-19,0.8480365994438552,0.875527659096366,0.2884110764088703,0.03096722613039793,0.9290186914636044
Ag n_sub 1.8,213,3.49100071498966e-18,0.07787933205347665,0.08500923866289223,2.718768038816041e-19,0.848037320679359,0.875527659096366,0.2884110764088703,0.03096722613039793,0.9290186914636044
Ag n_sub 1.8,214,2.9452202593082248e-18,0.07787898484030947,0.08500936230932798,2.293707639260376e-19,0.8480379999712455,0.875527659096366,0.2884110764088703,0.03096722613039793,0.9290186914636044
Ag n_sub 1.8,215,2.484767313216862e-18,0.0778786578195667,0.08500947876493359,1.935103433472601e-19,0.8480386397584379,0.875527659096366,0.2884110764088703,0.03096722613039793,0.9290186914636044
Ag n_sub 1.8,216,2.0963016206294852e-18,0.0778783498170879,0.08500958844785611,1.6325651093351133e-19,0.8480392423380768,0.875527659096366,0.2884110764088703,0.03096722613039793,0.9290186914636044
Ag n_sub 1.8,217,1.7685685903261983e-18,0.07787805972697213,0.08500969175192996,1.377326903086706e-19,0.8480398098737598,0.875527659096366,0.2884110764088703,0.03096722613039793,0.9290186914636044
Ag n_sub 1.8,218,1.4920732102204644e-18,0.0778777865076116,0.08500978904809542,1.1619935891927601e-19,0.8480403444033008,0.875527659096366,0.2884110764088703,0.03096722613039793,0.9290186914636044
Ag n_sub 1.8,219,1.2588049449508683e-18,0.07787752917795529,0.08500988068572435,9.803261882976565e-20,0.8480408478460393,0.875527659096366,0.2884110764088703,0.03096722613039793,0.9290186914636044
Ag n_sub 1.8,220,1.0620056453637888e-18,0.07787728681399003,0.08500996699387642,8.270611824207237e-20,0.8480413220097253,0.875527659096366,0.2884110764088703,0.03096722613039793,0.9290186914636044
Ag n_sub 1.8,221,8.959737448617705e-19,0.07787705854542534,0.0850100482824786,6.977579978376409e-20,0.8480417685970056,0.875527659096366,0.2884110764088703,0.03096722613039793,0.9290186914636044
Ag n_sub 1.8,222,7.558990691039702e-19,0.07787684355257139,0.08501012484343728,5.886703354614424e-20,0.8480421892115303,0.875527659096366,0.2884110764088703,0.03096722613039793,0.9290186914636044
Ag n_sub 1.8,223,6.377234726370221e-19,0.07787664106339778,0.08501019695168655,4.966376197625695e-20,0.8480425853637094,0.875527659096366,0.2884110764088703,0.03096722613039793,0.9290186914636044
Ag n_sub 1.8,224,5.380232644180252e-19,0.07787645035076338,0.08501026486617302,4.1899342039005976e-20,0.8480429584761296,0.875527659096366,0.2884110764088703,0.03096722613039793,0.9290186914636044
Ag n_sub 1.8,225,4.539100155562135e-19,0.07787627072980724,0.08501032883078763,3.5348819258426695e-20,0.8480433098886615,0.875527659096366,0.2884110764088703,0.03096722613039793,0.9290186914636044
Ag n_sub 1.8,226,3.8294687524441244e-19,0.07787610155549057,0.08501038907523828,2.9822409746891644e-20,0.8480436408632663,0.875527659096366,0.2884110764088703,0.03096722613039793,0.9290186914636044
Ag n_sub 1.8,227,3.2307797021227643e-19,0.07787594222028213,0.08501044581587658,2.5160001340897268e-20,0.8480439525885248,0.875527659096366,0.2884110764088703,0.03096722613039793,0.9290186914636044
Ag n_sub 1.8,228,2.725688421332825e-19,0.07787579215197774,0.08501049925647264,2.122651449707674e-20,0.8480442461839045,0.875527659096366,0.2884110764088703,0.03096722613039793,0.9290186914636044
Ag n_sub 1.8,229,2.299561972428192e-19,0.07787565081164638,0.08501054958894783,1.7907988518455866e-20,0.8480445227037758,0.875527659096366,0.2884110764088703,0.03096722613039793,0.9290186914636044
Ag n_sub 1.8,230,1.9400551224377635e-19,0.07787551769169612,0.08501059699406222,1.5108279701026775e-20,0.848044783141198,0.875527659096366,0.2884110764088703,0.03096722613039793,0.9290186914636044
Ag n_sub 1.8,231,1.6367526820786355e-19,0.07787539231405188,0.08501064164206484,1.2746275723795038e-20,0.8480450284314823,0.875527659096366,0.2884110764088703,0.03096722613039793,0.9290186914636044
Ag n_sub 1.8,232,1.3808677622182497e-19,0.07787527422843941,0.08501068369330456,1.0753545565595766e-20,0.8480452594555506,0.875527659096366,0.2884110764088703,0.03096722613039793,0.9290186914636044
Ag n_sub 1.8,233,1.1649872054271156e-19,0.07787516301076905,0.08501072329880488,9.072356852809692e-21,0.8480454770430972,0.875527659096366,0.2884110764088703,0.03096722613039793,0.9290186914636044
Ag n_sub 1.8,234,9.828568171017563e-20,0.07787505826161303,0.08501076060080681,7.654003189462281e-21,0.8480456819755666,0.875527659096366,0.2884110764088703,0.03096722613039793,0.9290186914636044
Ag n_sub 1.8,235,8.292001737704246e-20,0.07787495960477196,0.08501079573327908,6.45739300366417e-21,0.84804587498896,0.875527659096366,0.2884110764088703,0.03096722613039793,0.9290186914636044
Ag n_sub 1.8,236,6.995657590356814e-20,0.07787486668592382,0.08501082882240085,5.447859022294079e-21,0.8480460567764776,0.875527659096366,0.2884110764088703,0.03096722613039793,0.9290186914636044
Ag n_sub 1.8,237,5.90197998347216e-20,0.07787477917135213,0.08501085998701163,4.59615387886635e-21,0.8480462279910054,0.875527659096366,0.2884110764088703,0.03096722613039793,0.9290186914636044
Ag n_sub 1.8,238,4.979284562169405e-20,0.07787469674674777,0.08501088933904055,3.877602752947051e-21,0.848046389247462,0.875527659096366,0.2884110764088703,0.03096722613039793,0.9290186914636044
Ag n_sub 1.8,239,4.200840436494665e-20,0.07787461911608037,0.08501091698390728,3.2713884895945084e-21,0.8480465411250043,0.875527659096366,0.2884110764088703,0.03096722613039793,0.9290186914636044
Ag n_sub 1.8,240,3.544095763907175e-20,0.07787454600053563,0.0850109430209004,2.759948485966928e-21,0.8480466841691081,0.875527659096366,0.2884110764088703,0.03096722613039793,0.9290186914636044
Ag n_sub 1.8,241,2.9900244037528174e-20,0.07787447713751404,0.08501096754353443,2.3284658707065782e-21,0.8480468188935262,0.875527659096366,0.2884110764088703,0.03096722613039793,0.9290186914636044
Ag n_sub 1.8,242,2.522574715261153e-20,0.07787441227968811,0.08501099063988504,1.9644402338256385e-21,0.8480469457821326,0.875527659096366,0.2884110764088703,0.03096722613039793,0.9290186914636044
Ag n_sub 1.8,243,2.1282045299175614e-20,0.07787435119411419,0.0850110123929061,1.6573254697570489e-21,0.8480470652906612,0.875527659096366,0.2884110764088703,0.03096722613039793,0.9290186914636044
Ag n_sub 1.8,244,1.7954888257061456e-20,0.07787429366139621,0.08501103288072653,1.3982242407879582e-21,0.8480471778483414,0.875527659096366,0.2884110764088703,0.03096722613039793,0.9290186914636044
Ag n_sub 1.8,245,1.5147887370288474e-20,0.07787423947489747,0.08501105217693161,1.1796302086126194e-21,0.8480472838594387,0.875527659096366,0.2884110764088703,0.03096722613039793,0.9290186914636044
Ag n_sub 1.8,246,1.2779723111089222e-20,0.0778741884399991,0.08501107035082633,9.952105657639737e-22,0.8480473837047087,0.875527659096366,0.2884110764088703,0.03096722613039793,0.9290186914636044
Ag n_sub 1.8,247,1.0781789208682524e-20,0.07787414037340099,0.0850110874676866,8.396225663133628e-22,0.8480474777427615,0.875527659096366,0.2884110764088703,0.03096722613039793,0.9290186914636044
Ag n_sub 1.8,248,9.096205090638133e-21,0.07787409510246336,0.08501110358899044,7.083587402998653e-22,0.8480475663113513,0.875527659096366,0.2884110764088703,0.03096722613039793,0.9290186914636044
Ag n_sub 1.8,249,7.674139055238741e-21,0.07787405246458724,0.08501111877264089,5.976163074081997e-22,0.848047649728589,0.875527659096366,0.2884110764088703,0.03096722613039793,0.9290186914636044
Ag n_sub 1.8,250,6.4743935955467615e-21,0.07787401230663014,0.0850111330731731,5.041870065375759e-22,0.8480477282940844,0.875527659096366,0.2884110764088703,0.03096722613039793,0.9290186914636044
Ag n_sub 1.8,251,5.4622118907541254e-21,0.07787397448435635,0.08501114654195097,4.253641494087346e-22,0.8480478022900216,0.875527659096366,0.2884110764088703,0.03096722613039793,0.9290186914636044
Ag n_sub 1.8,252,4.608270887875213e-21,0.07787393886191876,0.08501115922735047,3.588642053815544e-22,0.8480478719821736,0.875527659096366,0.2884110764088703,0.03096722613039793,0.9290186914636044
Ag n_sub 1.8,253,3.887831802575316e-21,0.07787390531137131,0.08501117117493484,3.0276064566028817e-22,0.8480479376208555,0.875527659096366,0.2884110764088703,0.03096722613039793,0.9290186914636044
Ag n_sub 1.8,254,3.28002342852533e-21,0.07787387371220915,0.0850111824276163,2.554281302460688e-22,0.8480479994418247,0.875527659096366,0.2884110764088703,0.03096722613039793,0.9290186914636044
Ag n_sub 1.8,255,2.7672374922675307e-21,0.07787384395093604,0.08501119302581173,2.1549542064802127e-22,0.8480480576671262,0.875527659096366,0.2884110764088703,0.03096722613039793,0.9290186914636044
Ag n_sub 1.8,256,2.3346185366392598e-21,0.07787381592065691,0.08501120300758813,1.8180565416719912e-22,0.8480481125058911,0.875527659096366,0.2884110764088703,0.03096722613039793,0.9290186914636044
Ag n_sub 1.8,257,1.9696335543754316e-21,0.07787378952069358,0.08501121240879683,1.5338282884632795e-22,0.8480481641550867,0.875527659096366,0.2884110764088703,0.03096722613039793,0.9290186914636044
Ag n_sub 1.8,258,1.661708903937913e-21,0.07787376465622348,0.08501122126320537,1.294035281124121e-22,0.848048212800226,0.875527659096366,0.2884110764088703,0.03096722613039793,0.9290186914636044
Ag n_sub 1.8,259,1.4019239888368119e-21,0.07787374123793903,0.08501122960261687,1.091730659419372e-22,0.8480482586160306,0.875527659096366,0.2884110764088703,0.03096722613039793,0.9290186914636044
Ag n_sub 1.8,260,1.1827528261871242e-21,0.07787371918172682,0.0850112374569848,9.210536144788986e-23,0.8480483017670611,0.875527659096366,0.2884110764088703,0.03096722613039793,0.9290186914636044
Ag n_sub 1.8,261,9.978460176269473e-22,0.07787369840836562,0.08501124485452005,7.770595983466958e-23,0.8480483424083072,0.875527659096366,0.2884110764088703,0.03096722613039793,0.9290186914636044
Ag n_sub 1.8,262,8.418468062047031e-22,0.07787367884324184,0.08501125182179414,6.55577078215939e-23,0.8480483806857433,0.875527659096366,0.2884110764088703,0.03096722613039793,0.9290186914636044
Ag n_sub 1.8,263,7.102358903329101e-22,0.07787366041608146,0.08501125838383083,5.530866853909831e-23,0.8480484167368545,0.875527659096366,0.2884110764088703,0.03096722613039793,0.9290186914636044
Ag n_sub 1.8,264,5.992004990136229e-22,0.0778736430606977,0.0850112645642006,4.666192578197881e-23,0.8480484506911296,0.875527659096366,0.2884110764088703,0.03096722613039793,0.9290186914636044
Ag n_sub 1.8,265,5.0552393540178e-22,0.07787362671475348,0.08501127038510192,3.9366982240851364e-23,0.8480484826705253,0.875527659096366,0.2884110764088703,0.03096722613039793,0.9290186914636044
Ag n_sub 1.8,266,4.264923887499206e-22,0.07787361131953713,0.08501127586744239,3.321250251225224e-23,0.848048512789906,0.875527659096366,0.2884110764088703,0.03096722613039793,0.9290186914636044
Ag n_sub 1.8,267,3.5981631505017285e-22,0.0778735968197519,0.08501128103091349,2.8020190647385985e-23,0.848048541157455,0.875527659096366,0.2884110764088703,0.03096722613039793,0.9290186914636044
Ag n_sub 1.8,268,3.0356410875039807e-22,0.0778735831633171,0.08501128589406148,2.363962486817236e-23,0.8480485678750632,0.875527659096366,0.2884110764088703,0.03096722613039793,0.9290186914636044
Ag n_sub 1.8,269,2.561061439983435e-22,0.07787357030118129,0.08501129047435463,1.994389980921946e-23,0.8480485930386954,0.875527659096366,0.2884110764088703,0.03096722613039793,0.9290186914636044
Ag n_sub 1.8,270,2.160675642764486e-22,0.07787355818714586,0.08501129478824365,1.68259500390369e-23,0.8480486167387358,0.875527659096366,0.2884110764088703,0.03096722613039793,0.9290186914636044
Ag n_sub 1.8,271,1.8228845273359876e-22,0.07787354677769925,0.08501129885122416,1.4195448350984322e-23,0.8480486390603097,0.875527659096366,0.2884110764088703,0.03096722613039793,0.9290186914636044
Ag n_sub 1.8,272,1.5379022934107822e-22,0.07787353603186065,0.08501130267788914,1.1976188965940567e-23,0.8480486600835937,0.875527659096366,0.2884110764088703,0.03096722613039793,0.9290186914636044
Ag n_sub 1.8,273,1.2974730139275693e-22,0.07787352591103273,0.08501130628198361,1.010387983689543e-23,0.8480486798840993,0.875527659096366,0.2884110764088703,0.03096722613039793,0.9290186914636044
Ag n_sub 1.8,274,1.094631460602335e-22,0.07787351637886314,0.08501130967645276,8.524280097603481e-24,0.848048698532947,0.875527659096366,0.2884110764088703,0.03096722613039793,0.9290186914636044
Ag n_sub 1.8,275,9.23501321113049e-23,0.07787350740111382,0.08501131287348906,7.191628696463541e-24,0.8480487160971204,0.875527659096366,0.2884110764088703,0.03096722613039793,0.9290186914636044
Ag n_sub 1.8,276,7.79124962244782e-23,0.07787349894553805,0.085011315884576,6.0673186925811404e-24,0.8480487326397074,0.875527659096366,0.2884110764088703,0.03096722613039793,0.9290186914636044
Ag n_sub 1.8,277,6.57319807214922e-23,0.07787349098176476,0.0850113187205288,5.118778807928658e-24,0.8480487482201263,0.875527659096366,0.2884110764088703,0.03096722613039793,0.9290186914636044
Ag n_sub 1.8,278,5.545571664156207e-23,0.07787348348118923,0.08501132139153333,4.3185298338241946e-24,0.8480487628943398,0.875527659096366,0.2884110764088703,0.03096722613039793,0.9290186914636044
Ag n_sub 1.8,279,4.678600112896623e-23,0.07787347641687058,0.08501132390718413,3.643388555556232e-24,0.8480487767150549,0.875527659096366,0.2884110764088703,0.03096722613039793,0.9290186914636044
Ag n_sub 1.8,280,3.9471672984125795e-23,0.07787346976343476,0.08501132627651697,3.0737961326415047e-24,0.8480487897319142,0.875527659096366,0.2884110764088703,0.03096722613039793,0.9290186914636044
Ag n_sub 1.8,281,3.3300836527329673e-23,0.07787346349698368,0.08501132850804183,2.593251477730028e-24,0.8480488019916725,0.875527659096366,0.2884110764088703,0.03096722613039793,0.9290186914636044
Ag n_sub 1.8,282,2.809472298503386e-23,0.07787345759500902,0.08501133060977384,2.18783321901856e-24,0.8480488135383645,0.875527659096366,0.2884110764088703,0.03096722613039793,0.9290186914636044
Ag n_sub 1.8,283,2.370251156281001e-23,0.07787345203631181,0.08501133258926263,1.8457963973266113e-24,0.8480488244134642,0.875527659096366,0.2884110764088703,0.03096722613039793,0.9290186914636044
Ag n_sub 1.8,284,1.999696017122946e-23,0.077873446800926,0.0850113344536183,1.5572322140744737e-24,0.8480488346560341,0.875527659096366,0.2884110764088703,0.03096722613039793,0.9290186914636044
Ag n_sub 1.8,285,1.6870719226680056e-23,0.07787344187004683,0.08501133620953716,1.3137809730047507e-24,0.8480488443028636,0.875527659096366,0.2884110764088703,0.03096722613039793,0.9290186914636044
Ag n_sub 1.8,286,1.4233221737841856e-23,0.07787343722596317,0.08501133786332582,1.1083898995250421e-24,0.8480488533886028,0.875527659096366,0.2884110764088703,0.03096722613039793,0.9290186914636044
Ag n_sub 1.8,287,1.2008059583578788e-23,0.07787343285199423,0.08501133942092509,9.351088216645685e-25,0.8480488619458867,0.875527659096366,0.2884110764088703,0.03096722613039793,0.9290186914636044
Ag n_sub 1.8,288,1.0130769972993274e-23,0.07787342873242924,0.08501134088792939,7.889177934965258e-25,0.8480488700054518,0.875527659096366,0.2884110764088703,0.03096722613039793,0.9290186914636044
Ag n_sub 1.8,289,8.546967961385898e-24,0.07787342485247127,0.08501134226960794,6.655816672574643e-25,0.8480488775962467,0.875527659096366,0.2884110764088703,0.03096722613039793,0.9290186914636044
Ag n_sub 1.8,290,7.210770921113535e-24,0.07787342119818408,0.08501134357092388,5.615274011034921e-25,0.848048884745537,0.875527659096366,0.2884110764088703,0.03096722613039793,0.9290186914636044
Ag n_sub 1.8,291,6.083469324280672e-24,0.07787341775644188,0.0850113447965507,4.73740548098208e-25,0.8480488914790013,0.875527659096366,0.2884110764088703,0.03096722613039793,0.9290186914636044
Ag n_sub 1.8,292,5.132405329857151e-24,0.07787341451488247,0.08501134595089155,3.99677927710358e-25,0.8480488978208259,0.875527659096366,0.2884110764088703,0.03096722613039793,0.9290186914636044
Ag n_sub 1.8,293,4.3300266879125126e-24,0.07787341146186255,0.08501134703809199,3.37193949908657e-25,0.8480489037937894,0.875527659096366,0.2884110764088703,0.03096722613039793,0.9290186914636044
Ag n_sub 1.8,294,3.653088552594937e-24,0.0778734085864161,0.08501134806205746,2.844784574585849e-25,0.8480489094193466,0.875527659096366,0.2884110764088703,0.03096722613039793,0.9290186914636044
Ag n_sub 1.8,295,3.0819800803991893e-24,0.07787340587821483,0.08501134902646579,2.4000428570949922e-25,0.8480489147177032,0.875527659096366,0.2884110764088703,0.03096722613039793,0.9290186914636044
Ag n_sub 1.8,296,2.600156305297029e-24,0.07787340332753132,0.08501134993478099,2.0248302067701921e-25,0.8480489197078903,0.875527659096366,0.2884110764088703,0.03096722613039793,0.9290186914636044
Ag n_sub 1.8,297,2.1936588321730877e-24,0.07787340092520374,0.08501135079026545,1.708276737309291e-25,0.8480489244078319,0.875527659096366,0.2884110764088703,0.03096722613039793,0.9290186914636044
Ag n_sub 1.8,298,1.850711463074075e-24,0.0778733986626033,0.08501135159599249,1.4412119157341726e-25,0.8480489288344097,0.875527659096366,0.2884110764088703,0.03096722613039793,0.9290186914636044
Ag n_sub 1.8,299,1.5613790415811985e-24,0.07787339653160298,0.0850113523548558,1.215898892411869e-25,0.8480489330035235,0.875527659096366,0.2884110764088703,0.03096722613039793,0.9290186914636044
Al n_sub 1.5,0,1.0,0.39813689377483147,0.14762563858816458,0.39813689377483147,0.280161183364661,0.39813689377483147,0.4273761614677933,0.14258164886351965,0.8396028439952589
Al n_sub 1.5,1,0.5130121763202841,0.3644523192916646,0.1511892882624618,0.1869684774847919,0.3691413044808421,0.5851053712596234,0.4273761614677933,0.14258164886351965,0.8396028439952589
Al n_sub 1.5,2,0.27674902122909784,0.32985855715726664,0.1546059694058718,0.09128803283731597,0.4564783880249657,0.6763934040969394,0.4273761614677933,0.14258164886351965,0.8396028439952589
Al n_sub 1.5,3,0.15678734184122145,0.2959824909864382,0.15739978554933598,0.04640630799330693,0.5376102364073369,0.7227997120902463,0.4273761614677933,0.14258164886351965,0.8396028439952589
Al n_sub 1.5,4,0.09300687298607854,0.2643443415313498,0.15928838449264415,0.024585840597394815,0.6090403373442684,0.7473855526876411,0.4273761614677933,0.14258164886351965,0.8396028439952589
Al n_sub 1.5,5,0.057522187775421625,0.23597028596947445,0.16016908642182137,0.013573527098956048,0.6690347265403758,0.7609590797865972,0.4273761614677933,0.14258164886351965,0.8396028439952589
Al n_sub 1.5,6,0.0369093030749573,0.21125447546920126,0.16006705361881657,0.0077972554610338815,0.7176330250797028,0.7687563352476311,0.4273761614677933,0.14258164886351965,0.8396028439952589
Al n_sub 1.5,7,0.024452047035213448,0.1900622331279762,0.15907631068258488,0.004647410664062978,0.7561239860510673,0.773403745911694,0.4273761614677933,0.14258164886351965,0.8396028439952589
Al n_sub 1.5,8,0.016654081511315325,0.17194586837423811,0.1573149692686875,0.0028636005074384576,0.7863715123312653,0.7762673464191325,0.4273761614677933,0.14258164886351965,0.8396028439952589
Al n_sub 1.5,9,0.011620936554161757,0.1563492887255884,0.15490017035765946,0.0018169251645683809,0.8102830846258546,0.7780842715837009,0.4273761614677933,0.14258164886351965,0.8396028439952589
Al n_sub 1.5,10,0.00828528170905795,0.14274379189661168,0.1519385450641012,0.0011826725280825712,0.8295118873999227,0.7792669441117834,0.4273761614677933,0.14258164886351965,0.8396028439952589
Al n_sub 1.5,11,0.006023369600020299,0.13069318106513184,0.14852554606026125,0.0007872133337576637,0.8453518180049324,0.7800541574455411,0.4273761614677933,0.14258164886351965,0.8396028439952589
Al n_sub 1.5,12,0.00445837995040532,0.11986974911743335,0.14474830879699851,0.0005344248861252806,0.8587471162544226,0.7805885823316664,0.4273761614677933,0.14258164886351965,0.8396028439952589
Al n_sub 1.5,13,0.0033559012633279798,0.11004388657922456,0.1406888451407774,0.00036929641799274065,0.8703521843681762,0.7809578787496592,0.4273761614677933,0.14258164886351965,0.8396028439952589
Al n_sub 1.5,14,0.0025663598024945216,0.10106328287071377,0.13642610411147393,0.00025936474666753297,0.8806029023389458,0.7812172434963267,0.4273761614677933,0.14258164886351965,0.8396028439952589
Al n_sub 1.5,15,0.0019922021452232646,0.09283073094019918,0.13203653129620307,0.0001849375813217085,0.8897811152663228,0.7814021810776484,0.4273761614677933,0.14258164886351965,0.8396028439952589
Al n_sub 1.5,16,0.0015685852382677922,0.08528475083344918,0.12759335028702568,0.00013377640120669517,0.8980660276390925,0.7815359574788551,0.4273761614677933,0.14258164886351965,0.8396028439952589
Al n_sub 1.5,17,0.0012516863081763962,0.0783845031853589,0.12316504501638437,9.811280941032285e-05,0.9055721160632758,0.7816340702882654,0.4273761614677933,0.14258164886351965,0.8396028439952589
Al n_sub 1.5,18,0.0010114467917402767,0.07209906901736357,0.11881356658154696,7.292437204507317e-05,0.9123754970695714,0.7817069946603105,0.4273761614677933,0.14258164886351965,0.8396028439952589
Al n_sub 1.5,19,0.0008269699225382479,0.06640053739178009,0.11459270785029618,5.4911247263378416e-05,0.9185312786718596,0.7817619059075739,0.4273761614677933,0.14258164886351965,0.8396028439952589
Al n_sub 1.5,20,0.0006835463523405936,0.061260106789364395,0.110546946653577,4.1874122539865264e-05,0.9240842860489692,0.7818037800301137,0.4273761614677933,0.14258164886351965,0.8396028439952589
Al n_sub 1.5,21,0.0005707003741417885,0.056646378374561754,0.10671090186115073,3.232810933213971e-05,0.9290751625033243,0.7818361081394459,0.4273761614677933,0.14258164886351965,0.8396028439952589
Al n_sub 1.5,22,0.0004808880161821348,0.05252510101583307,0.10310941029101661,2.5258691627270196e-05,0.933543411638071,0.7818613668310732,0.4273761614677933,0.14258164886351965,0.8396028439952589
Al n_sub 1.5,23,0.00040861830374979536,0.04885976320574715,0.09975813531823485,1.9964993562749063e-05,0.9375285449644696,0.7818813318246359,0.4273761614677933,0.14258164886351965,0.8396028439952589
Al n_sub 1.5,24,0.00034985316270565473,0.04561257949222877,0.09666456518396849,1.5957705194519322e-05,0.9410701585633089,0.7818972895298304,0.4273761614677933,0.14258164886351965,0.8396028439952589
Al n_sub 1.5,25,0.00030159314086143543,0.042745563905919846,0.09382924483187838,1.2891768876279574e-05,0.9442074898902878,0.7819101812987067,0.4273761614677933,0.14258164886351965,0.8396028439952589
Al n_sub 1.5,26,0.00026158847825337466,0.04022150506331338,0.09124709853579627,1.052148230257255e-05,0.9469787989797722,0.7819207027810093,0.4273761614677933,0.14258164886351965,0.8396028439952589
Al n_sub 1.5,27,0.00022813563605787637,0.03800475062555438,0.0889087294820472,8.670237957181823e-06,0.949420769807721,0.7819293730189665,0.4273761614677933,0.14258164886351965,0.8396028439952589
Al n_sub 1.5,28,0.00019993266931800575,0.03606177270903954,0.08680161658979302,7.209926478057487e-06,0.9515680273572392,0.7819365829454445,0.4273761614677933,0.14258164886351965,0.8396028439952589
Al n_sub 1.5,29,0.00017597550051007637,0.034361524900607836,0.08491116114331843,6.046786542673916e-06,0.9534528030489748,0.7819426297319872,0.4273761614677933,0.14258164886351965,0.8396028439952589
Al n_sub 1.5,30,0.00015548287956980927,0.03287562170086654,0.08322156242017897,5.1115963296984405e-06,0.9551047453135051,0.7819477413283169,0.4273761614677933,0.14258164886351965,0.8396028439952589
Al n_sub 1.5,31,0.00013784163917420075,0.03157837849996715,0.08171652109036376,4.35281545489881e-06,0.9565508544073584,0.7819520941437718,0.4273761614677933,0.14258164886351965,0.8396028439952589
Al n_sub 1.5,32,0.00012256642990484518,0.03044674962923322,0.08037978202282414,3.7317494042617843e-06,0.9578155142754611,0.781955825893176,0.4273761614677933,0.14258164886351965,0.8396028439952589
Al n_sub 1.5,33,0.00010926987090450047,0.029460197382539275,0.07919553539613655,3.219111964811169e-06,0.9589205944296574,0.7819590450051408,0.4273761614677933,0.14258164886351965,0.8396028439952589
Al n_sub 1.5,34,9.764025207438504e-05,0.02860051866977555,0.07814869807287528,2.79256185237504e-06,0.9598855981708369,0.7819618375669932,0.4273761614677933,0.14258164886351965,0.8396028439952589
Al n_sub 1.5,35,8.74247536115083e-05,0.027851649649161765,0.0772250973993488,2.434923608252019e-06,0.9607278380119476,0.7819642724906015,0.4273761614677933,0.14258164886351965,0.8396028439952589
Al n_sub 1.5,36,7.841672678690116e-05,0.027199463060274855,0.07641157804114918,2.1328928635479837e-06,0.96146262372659,0.7819664053834651,0.4273761614677933,0.14258164886351965,0.8396028439952589
Al n_sub 1.5,37,7.044598576713384e-05,0.0266315683517672,0.07569604999258694,1.876087085065044e-06,0.9621034524970965,0.7819682814705501,0.4273761614677933,0.14258164886351965,0.8396028439952589
Al n_sub 1.5,38,6.337134744142042e-05,0.026137121100426822,0.0750674930798545,1.6563445823736288e-06,0.9626621939605469,0.7819699378151325,0.4273761614677933,0.14258164886351965,0.8396028439952589
Al n_sub 1.5,39,5.7074860882273084e-05,0.025706645546673228,0.0745159304793741,1.4672032183262794e-06,0.963149265537617,0.7819714050183508,0.4273761614677933,0.14258164886351965,0.8396028439952589
Al n_sub 1.5,40,5.145731499957084e-05,0.025331872166650074,0.07403238120322309,1.303510125608174e-06,0.9635737953572469,0.7819727085284764,0.4273761614677933,0.14258164886351965,0.8396028439952589
Al n_sub 1.5,41,4.643471918246068e-05,0.025005590896775697,0.0736087992631067,1.1611275912832745e-06,0.9639437714739936,0.7819738696560677,0.4273761614677933,0.14258164886351965,0.8396028439952589
Al n_sub 1.5,42,4.19355290657967e-05,0.024721519773547064,0.073238005343087,1.0367100110142507e-06,0.9642661770313503,0.7819749063660788,0.4273761614677933,0.14258164886351965,0.8396028439952589
Al n_sub 1.5,43,3.789844624509273e-05,0.024474188225739844,0.07291361527729545,9.27533706865483e-07,0.9645471116574655,0.7819758338997856,0.4273761614677933,0.14258164886351965,0.8396028439952589
Al n_sub 1.5,44,3.427066258353739e-05,0.02425883396069134,0.07262996840804947,8.313663133369108e-07,0.9647918997759461,0.781976665266099,0.4273761614677933,0.14258164886351965,0.8396028439952589
Al n_sub 1.5,45,3.100645080022684e-05,0.0240713122477357,0.0723820579486133,7.463659589063148e-07,0.9650051867418029,0.7819774116320579,0.4273761614677933,0.14258164886351965,0.8396028439952589
Al n_sub 1.5,46,2.8066026215640206e-05,0.02390801636642639,0.0721654647482014,6.710030141040782e-07,0.9651910238228555,0.7819780826350721,0.4273761614677933,0.14258164886351965,0.8396028439952589
Al n_sub 1.5,47,2.541462194828212e-05,0.023765808016726328,0.07197629531234484,6.03999026040552e-07,0.9653529430784576,0.7819786866340981,0.4273761614677933,0.14258164886351965,0.8396028439952589
Al n_sub 1.5,48,2.302173301318628e-05,0.023641956556324315,0.07181112453199379,5.442788117490474e-07,0.9654940231678878,0.7819792309129099,0.4273761614677933,0.14258164886351965,0.8396028439952589
Al n_sub 1.5,49,2.0860494763540782e-05,0.023534086018659906,0.07166694328795287,4.909326781569733e-07,0.9656169470698951,0.7819797218455881,0.4273761614677933,0.14258164886351965,0.8396028439952589
Al n_sub 1.5,50,1.8907168741147185e-05,0.023440128962243383,0.0715411108971572,4.431864736033869e-07,0.9657240526263026,0.7819801650320617,0.4273761614677933,0.14258164886351965,0.8396028439952589
Al n_sub 1.5,51,1.7140714847967226e-05,0.023358286299883436,0.07143131223278099,4.0037772480348147e-07,0.9658173767455273,0.7819805654097864,0.4273761614677933,0.14258164886351965,0.8396028439952589
Al n_sub 1.5,52,1.5542433254643694e-05,0.02328699235087895,0.0713355192644527,3.6193652431493433e-07,0.9658986940224865,0.7819809273463108,0.4273761614677933,0.14258164886351965,0.8396028439952589
Al n_sub 1.5,53,1.4095662946139977e-05,0.023224884447488967,0.07125195671486073,3.273701431348529e-07,0.9659695504535468,0.7819812547164539,0.4273761614677933,0.14258164886351965,0.8396028439952589
Al n_sub 1.5,54,1.2785526511477165e-05,0.023170776507779205,0.0711790715047308,2.962505773317233e-07,0.9660312928512977,0.7819815509670311,0.4273761614677933,0.14258164886351965,0.8396028439952589
Al n_sub 1.5,55,1.1598712895845463e-05,0.023123636059813265,0.0711155056518683,2.682044157657933e-07,0.96608509449531,0.7819818191714469,0.4273761614677933,0.14258164886351965,0.8396028439952589
Al n_sub 1.5,56,1.0523291486542915e-05,0.023082564267198232,0.0710600722960103,2.4290455204058683e-07,0.9661319774922854,0.781982062075999,0.4273761614677933,0.14258164886351965,0.8396028439952589
Al n_sub 1.5,57,9.54855220355548e-06,0.02304677856359757,0.0710117345352903,2.200633682382948e-07,0.9661728322622796,0.7819822821393672,0.4273761614677933,0.14258164886351965,0.8396028439952589
Al n_sub 1.5,58,8.664867290665484e-06,0.02301559755455049,0.07096958677917553,1.9942709842554505e-07,0.9662084345168361,0.7819824815664655,0.4273761614677933,0.14258164886351965,0.8396028439952589
Al n_sub 1.5,59,7.863571314649492e-06,0.022988427889414152,0.07093283834446185,1.8077114212008549e-07,0.966239460049604,0.7819826623376077,0.4273761614677933,0.14258164886351965,0.8396028439952589
Al n_sub 1.5,60,7.136856525204508e-06,0.022964752845120725,0.07090079904380997,1.6389614619240862e-07,0.9662664976199158,0.7819828262337539,0.4273761614677933,0.14258164886351965,0.8396028439952589
Al n_sub 1.5,61,6.477681242831251e-06,0.022944122397341223,0.07087286653921454,1.4862471128648164e-07,0.9662900601744069,0.7819829748584652,0.4273761614677933,0.14258164886351965,0.8396028439952589
Al n_sub 1.5,62,5.879689353959581e-06,0.022926144584157645,0.07084851525505498,1.3479860823880982e-07,0.9663105946206642,0.7819831096570735,0.4273761614677933,0.14258164886351965,0.8396028439952589
Al n_sub 1.5,63,5.337139323837256e-06,0.02291047799300094,0.0708272866664782,1.2227641302435338e-07,0.9663284903395556,0.7819832319334865,0.4273761614677933,0.14258164886351965,0.8396028439952589
Al n_sub 1.5,64,4.8448414050357845e-06,0.02289682522390049,0.07080878079854336,1.1093148688862084e-07,0.9663440865989974,0.7819833428649734,0.4273761614677933,0.14258164886351965,0.8396028439952589
Al n_sub 1.5,65,4.398101936076268e-06,0.02288492720143868,0.07079264878971325,1.0065024263161192e-07,0.9663576790109935,0.781983443515216,0.4273761614677933,0.14258164886351965,0.8396028439952589
Al n_sub 1.5,66,3.992673801002615e-06,0.022874558224597365,0.07077858638981882,9.133064933285879e-08,0.9663695251555232,0.7819835348458654,0.4273761614677933,0.14258164886351965,0.8396028439952589
Al n_sub 1.5,67,3.624712264869313e-06,0.022865521658252702,0.07076632827760743,8.288093679730349e-08,0.9663798494788991,0.7819836177268021,0.4273761614677933,0.14258164886351965,0.8396028439952589
Al n_sub 1.5,68,3.2907355184787354e-06,0.02285764618271679,0.07075564309646754,7.521846816228602e-08,0.966388847560338,0.7819836929452703,0.4273761614677933,0.14258164886351965,0.8396028439952589
Al n_sub 1.5,69,2.9875893633641094e-06,0.022850782528693023,0.07074632911898837,6.82687548272697e-08,0.966396689828352,0.7819837612140251,0.4273761614677933,0.14258164886351965,0.8396028439952589
Al n_sub 1.5,70,2.712415548980122e-06,0.022844800634530104,0.07073821046175921,6.196459245445041e-08,0.966403524798034,0.7819838231786176,0.4273761614677933,0.14258164886351965,0.8396028439952589
Al n_sub 1.5,71,2.4626233415186686e-06,0.02283958717091924,0.07073113378137852,5.624530047775605e-08,0.9664094818910988,0.7819838794239181,0.4273761614677933,0.14258164886351965,0.8396028439952589
Al n_sub 1.5,72,2.235863960247956e-06,0.022835043385349644,0.07072496539108686,5.105605053600175e-08,0.9664146738925575,0.7819839304799686,0.4273761614677933,0.14258164886351965,0.8396028439952589
Al n_sub 1.5,73,2.0300075648031198e-06,0.02283108322486215,0.07071958874492745,4.634727165911977e-08,0.9664191990909191,0.7819839768272403,0.4273761614677933,0.14258164886351965,0.8396028439952589
Al n_sub 1.5,74,1.8431225170558259e-06,0.022827631701046486,0.07071490224291921,4.207412199925616e-08,0.9664231431427626,0.7819840189013623,0.4273761614677933,0.14258164886351965,0.8396028439952589
Al n_sub 1.5,75,1.6734566753599261e-06,0.022824623465923184,0.07071081731653206,3.819601850162597e-08,0.9664265806972243,0.7819840570973807,0.4273761614677933,0.14258164886351965,0.8396028439952589
Al n_sub 1.5,76,1.5194205081576037e-06,0.022822001571430488,0.07070725675885581,3.467621722483654e-08,0.9664295768113713,0.781984091773598,0.4273761614677933,0.14258164886351965,0.8396028439952589
Al n_sub 1.5,77,1.3795718389820813e-06,0.022819716388781247,0.07070415326832669,3.1481438103520485e-08,0.9664321881834109,0.7819841232550361,0.4273761614677933,0.14258164886351965,0.8396028439952589
Al n_sub 1.5,78,1.252602056495003e-06,0.022817724667036146,0.07070144817880541,2.8581528842466234e-08,0.9664344642272179,0.7819841518365649,0.4273761614677933,0.14258164886351965,0.8396028439952589
Al n_sub 1.5,79,1.1373236419074435e-06,0.022815988712918157,0.07069909035223665,2.5949163376695204e-08,0.9664364480086218,0.7819841777857283,0.4273761614677933,0.14258164886351965,0.8396028439952589
Al n_sub 1.5,80,1.0326588824091377e-06,0.022814475676222138,0.07069703521313342,2.355957095455801e-08,0.9664381770612634,0.7819842013452992,0.4273761614677933,0.14258164886351965,0.8396028439952589
Al n_sub 1.5,81,9.376296534449745e-07,0.022813156927199332,0.07069524390677129,2.139029242363573e-08,0.9664396840975232,0.7819842227355916,0.4273761614677933,0.14258164886351965,0.8396028439952589
Al n_sub 1.5,82,8.513481651390018e-07,0.02281200751405877,0.07069368256526287,1.9420960740231055e-08,0.9664409976280376,0.7819842421565524,0.4273761614677933,0.14258164886351965,0.8396028439952589
Al n_sub 1.5,83,7.730085791289048e-07,0.022811005690260153,0.07069232166772432,1.7633103097129364e-08,0.9664421425015625,0.7819842597896555,0.4273761614677933,0.14258164886351965,0.8396028439952589
Al n_sub 1.5,84,7.018794117497799e-07,0.02281013250260735,0.07069113548247852,1.600996238286458e-08,0.966443140375436,0.7819842757996178,0.4273761614677933,0.14258164886351965,0.8396028439952589
Al n_sub 1.5,85,6.372966480717121e-07,0.022809371432312184,0.07069010158079758,1.4536335958435221e-08,0.9664440101255721,0.7819842903359537,0.4273761614677933,0.14258164886351965,0.8396028439952589
Al n_sub 1.5,86,5.786574988993854e-07,0.02280870808220898,0.07068920041301374,1.3198429971977245e-08,0.9664447682037598,0.7819843035343838,0.4273761614677933,0.14258164886351965,0.8396028439952589
Al n_sub 1.5,87,5.254147396085833e-07,0.022808129904179613,0.07068841493901135,1.1983727634563273e-08,0.9664454289490444,0.7819843155181114,0.4273761614677933,0.14258164886351965,0.8396028439952589
Al n_sub 1.5,88,4.770715757297755e-07,0.022807625961615147,0.0706877303061253,1.0880870056163074e-08,0.9664460048590997,0.7819843263989815,0.4273761614677933,0.14258164886351965,0.8396028439952589
Al n_sub 1.5,89,4.331769855830509e-07,0.022807186722406645,0.07068713356836975,9.879548394041892e-09,0.9664465068267329,0.7819843362785299,0.4273761614677933,0.14258164886351965,0.8396028439952589
Al n_sub 1.5,90,3.93321495098426e-07,0.02280680387853832,0.07068661344169758,8.970406199923273e-09,0.9664469443460016,0.7819843452489361,0.4273761614677933,0.14258164886351965,0.8396028439952589
Al n_sub 1.5,91,3.571333442871585e-07,0.0228064701888623,0.07068616009066686,8.144950969933777e-09,0.9664473256918541,0.781984353393887,0.4273761614677933,0.14258164886351965,0.8396028439952589
Al n_sub 1.5,92,3.2427500872022474e-07,0.022806179342074216,0.0706857649424878,7.3954740050261255e-09,0.9664476580766915,0.7819843607893611,0.4273761614677933,0.14258164886351965,0.8396028439952589
Al n_sub 1.5,93,2.9444004286902634e-07,0.022805925837292886,0.0706854205249361,6.714977781200353e-09,0.9664479477868209,0.7819843675043389,0.4273761614677933,0.14258164886351965,0.8396028439952589
Al n_sub 1.5,94,2.6735021531375414e-07,0.022805704879981185,0.07068512032506968,6.097110110044904e-09,0.9664482003013806,0.781984373601449,0.4273761614677933,0.14258164886351965,0.8396028439952589
Al n_sub 1.5,95,2.4275290866428293e-07,0.02280551229123647,0.07068485866608387,5.536104442276708e-09,0.9664484203959904,0.7819843791375535,0.4273761614677933,0.14258164886351965,0.8396028439952589
Al n_sub 1.5,96,2.204187596000022e-07,0.02280534442873246,0.07068463059996832,5.02672573123203e-09,0.9664486122330923,0.7819843841642792,0.4273761614677933,0.14258164886351965,0.8396028439952589
Al n_sub 1.5,97,2.00139516747663e-07,0.02280519811781555,0.07068443181394912,4.564221330634318e-09,0.9664487794406847,0.7819843887285005,0.4273761614677933,0.14258164886351965,0.8396028439952589
Al n_sub 1.5,98,1.8172609620578014e-07,0.0228050705914506,0.07068425854893579,4.1442764522815595e-09,0.966448925180949,0.781984392872777,0.4273761614677933,0.14258164886351965,0.8396028439952589
Al n_sub 1.5,99,1.650068164130976e-07,0.022804959437879673,0.07068410752844068,3.762973755274349e-09,0.9664490522100617,0.7819843966357507,0.4273761614677933,0.14258164886351965,0.8396028439952589
Al n_sub 1.5,100,1.498257957672657e-07,0.022804862555002525,0.07068397589662179,3.416756679666373e-09,0.9664491629303261,0.7819844000525074,0.4273761614677933,0.14258164886351965,0.8396028439952589
Al n_sub 1.5,101,1.3604149794614975e-07,0.022804778110615695,0.07068386116427972,3.102396174497726e-09,0.9664492594356076,0.7819844031549036,0.4273761614677933,0.14258164886351965,0.8396028439952589
Al n_sub 1.5,102,1.2352541128410837e-07,0.022804704507757526,0.07068376116178798,2.8169605035333085e-09,0.9664493435509391,0.7819844059718641,0.4273761614677933,0.14258164886351965,0.8396028439952589
Al n_sub 1.5,103,1.1216084982346495e-07,0.022804640354503282,0.07068367399806419,2.557787842079571e-09,0.966449416867036,0.781984408529652,0.4273761614677933,0.14258164886351965,0.8396028439952589
Al n_sub 1.5,104,1.0184186481006986e-07,0.022804584437638976,0.07068359802481161,2.3224614053478516e-09,0.9664494807703818,0.7819844108521135,0.4273761614677933,0.14258164886351965,0.8396028439952589
Al n_sub 1.5,105,9.247225644281804e-08,0.022804535699715554,0.07068353180534781,2.1087868732834955e-09,0.9664495364694505,0.7819844129609004,0.4273761614677933,0.14258164886351965,0.8396028439952589
Al n_sub 1.5,106,8.396467663057732e-08,0.02280449321904955,0.07068347408743791,1.914771898861689e-09,0.9664495850175621,0.7819844148756723,0.4273761614677933,0.14258164886351965,0.8396028439952589
Al n_sub 1.5,107,7.623981436549296e-08,0.022804456192291617,0.07068342377961467,1.7386075068063292e-09,0.9664496273328024,0.7819844166142798,0.4273761614677933,0.14258164886351965,0.8396028439952589
Al n_sub 1.5,108,6.9225656097429e-08,0.022804423919233287,0.0706833799305373,1.5786512077328275e-09,0.9664496642153854,0.781984418192931,0.4273761614677933,0.14258164886351965,0.8396028439952589
Al n_sub 1.5,109,6.285681419793494e-08,0.02280439578956456,0.07068334171100321,1.4334116690408296e-09,0.9664496963627888,0.7819844196263427,0.4273761614677933,0.14258164886351965,0.8396028439952589
Al n_sub 1.5,110,5.707391724038798e-08,0.022804371271331766,0.07068330839826642,1.3015347986590704e-09,0.9664497243829425,0.7819844209278775,0.4273761614677933,0.14258164886351965,0.8396028439952589
Al n_sub 1.5,111,5.1823056402004965e-08,0.022804349900877353,0.0706832793623694,1.1817911111242233e-09,0.9664497488057261,0.7819844221096686,0.4273761614677933,0.14258164886351965,0.8396028439952589
Al n_sub 1.5,112,4.7055282818794964e-08,0.02280433127407136,0.0706832540542327,1.0730642575949188e-09,0.9664497700929903,0.7819844231827329,0.4273761614677933,0.14258164886351965,0.8396028439952589
Al n_sub 1.5,113,4.272615120125288e-08,0.0228043150386688,0.07068323199526894,9.74340612383168e-10,0.9664497886472898,0.7819844241570735,0.4273761614677933,0.14258164886351965,0.8396028439952589
Al n_sub 1.5,114,3.879530545121721e-08,0.022804300887648184,0.070683212768335,8.84699818537775e-10,0.9664498048194973,0.7819844250417733,0.4273761614677933,0.14258164886351965,0.8396028439952589
Al n_sub 1.5,115,3.5226102412941466e-08,0.022804288553405327,0.07068319600984196,8.033062040365249e-10,0.9664498189154381,0.7819844258450795,0.4273761614677933,0.14258164886351965,0.8396028439952589
Al n_sub 1.5,116,3.198527024777743e-08,0.022804277802692726,0.07068318140287988,7.294009883245189e-10,0.9664498312016744,0.7819844265744805,0.4273761614677933,0.14258164886351965,0.8396028439952589
Al n_sub 1.5,117,2.9042598245311364e-08,0.022804268432208567,0.07068316867122537,6.622952063548699e-10,0.9664498419105446,0.7819844272367757,0.4273761614677933,0.14258164886351965,0.8396028439952589
Al n_sub 1.5,118,2.637065517738242e-08,0.02280426026475207,0.07068315757411858,6.013632840170604e-10,0.9664498512445596,0.781984427838139,0.4273761614677933,0.14258164886351965,0.8396028439952589
Al n_sub 1.5,119,2.3944533567914416e-08,0.022804253145872484,0.07068314790170827,5.460372049425616e-10,0.9664498593802296,0.7819844283841763,0.4273761614677933,0.14258164886351965,0.8396028439952589
Al n_sub 1.5,120,2.1741617493414206e-08,0.02280424694094829,0.07068313947108584,4.958012142154587e-10,0.9664498664714043,0.7819844288799774,0.4273761614677933,0.14258164886351965,0.8396028439952589
Al n_sub 1.5,121,1.9741371748607752e-08,0.02280424153264141,0.07068313212282462,4.5018700954091465e-10,0.9664498726521804,0.7819844293301644,0.4273761614677933,0.14258164886351965,0.8396028439952589
Al n_sub 1.5,122,1.792515041105898e-08,0.022804236818678242,0.07068312571796642,4.087693749842166e-10,0.9664498780394402,0.7819844297389338,0.4273761614677933,0.14258164886351965,0.8396028439952589
Al n_sub 1.5,123,1.6276023019618633e-08,0.022804232709915592,0.07068312013539257,3.711622165313264e-10,0.9664498827350587,0.781984430110096,0.4273761614677933,0.14258164886351965,0.8396028439952589
Al n_sub 1.5,124,1.4778616745875769e-08,0.022804229128654912,0.07068311526953497,3.3701496247752745e-10,0.9664498868278317,0.781984430447111,0.4273761614677933,0.14258164886351965,0.8396028439952589
Al n_sub 1.5,125,1.3418973086973317e-08,0.022804226007173002,0.07068311102837777,3.060092950595115e-10,0.9664498903951559,0.7819844307531203,0.4273761614677933,0.14258164886351965,0.8396028439952589
Al n_sub 1.5,126,1.2184417743597587e-08,0.02280422328644129,0.07068310733171967,2.7785618284027653e-10,0.9664498935044907,0.7819844310309765,0.4273761614677933,0.14258164886351965,0.8396028439952589
Al n_sub 1.5,127,1.1063442469926673e-08,0.022804220915009592,0.07068310410965495,2.522931861647072e-10,0.9664498962146351,0.7819844312832697,0.4273761614677933,0.14258164886351965,0.8396028439952589
Al n_sub 1.5,128,1.0045597793974851e-08,0.022804218848033145,0.07068310130125366,2.290820105531215e-10,0.9664498985768384,0.7819844315123516,0.4273761614677933,0.14258164886351965,0.8396028439952589
Al n_sub 1.5,129,9.12139560814263e-09,0.022804217046424564,0.07068309885340729,2.0800628521438832e-10,0.9664499006357715,0.7819844317203579,0.4273761614677933,0.14258164886351965,0.8396028439952589
Al n_sub 1.5,130,8.28222072182254e-09,0.022804215476114695,0.07068309671982664,1.8886954596118339e-10,0.9664499024303694,0.7819844319092275,0.4273761614677933,0.14258164886351965,0.8396028439952589
Al n_sub 1.5,131,7.520250551478703e-09,0.022804214107408332,0.07068309486016455,1.7149340371727592e-10,0.9664499039945686,0.7819844320807209,0.4273761614677933,0.14258164886351965,0.8396028439952589
Al n_sub 1.5,132,6.828382199494276e-09,0.022804212914422715,0.07068309323925426,1.5571588153832157e-10,0.9664499053579488,0.7819844322364368,0.4273761614677933,0.14258164886351965,0.8396028439952589
Al n_sub 1.5,133,6.20016624197328e-09,0.022804211874598,0.07068309182644372,1.4138990463968874e-10,0.9664499065462923,0.7819844323778267,0.4273761614677933,0.14258164886351965,0.8396028439952589
Al n_sub 1.5,134,5.6297466082353805e-09,0.022804210968270684,0.0706830905950161,1.2838192935210594e-10,0.9664499075820707,0.7819844325062086,0.4273761614677933,0.14258164886351965,0.8396028439952589
Al n_sub 1.5,135,5.111805991537542e-09,0.02280421017830176,0.07068308952168467,1.1657069822172434e-10,0.9664499084848713,0.7819844326227794,0.4273761614677933,0.14258164886351965,0.8396028439952589
Al n_sub 1.5,136,4.641516282125184e-09,0.02280420948975262,0.07068308858615235,1.0584610964768041e-10,0.9664499092717662,0.7819844327286255,0.4273761614677933,0.14258164886351965,0.8396028439952589
Al n_sub 1.5,137,4.214493560538713e-09,0.02280420888960253,0.07068308777072818,9.610819151840954e-11,0.966449909957636,0.7819844328247337,0.4273761614677933,0.14258164886351965,0.8396028439952589
Al n_sub 1.5,138,3.826757231615848e-09,0.022804208366502397,0.07068308705999116,8.726616927778766e-11,0.9664499105554508,0.7819844329119999,0.4273761614677933,0.14258164886351965,0.8396028439952589
Al n_sub 1.5,139,3.4746929182326243e-09,0.02280420791056023,0.07068308644050236,7.923761973272803e-11,0.9664499110765153,0.7819844329912375,0.4273761614677933,0.14258164886351965,0.8396028439952589
Al n_sub 1.5,140,3.1550187688764313e-09,0.02280420751315397,0.07068308590054606,7.194770271335371e-11,0.9664499115306835,0.7819844330631852,0.4273761614677933,0.14258164886351965,0.8396028439952589
Al n_sub 1.5,141,2.864754864969763e-09,0.02280420716676851,0.07068308542991186,6.532846342277842e-11,0.9664499119265433,0.7819844331285136,0.4273761614677933,0.14258164886351965,0.8396028439952589
Al n_sub 1.5,142,2.60119544276042e-09,0.022804206864853575,0.07068308501969978,5.9318198972623e-11,0.9664499122715811,0.7819844331878318,0.4273761614677933,0.14258164886351965,0.8396028439952589
Al n_sub 1.5,143,2.3618836708320892e-09,0.022804206601699826,0.07068308466215256,5.3860883198836145e-11,0.9664499125723208,0.7819844332416928,0.4273761614677933,0.14258164886351965,0.8396028439952589
Al n_sub 1.5,144,2.1445887481132915e-09,0.022804206372330955,0.07068308435050863,4.890564439575439e-11,0.9664499128344506,0.7819844332905984,0.4273761614677933,0.14258164886351965,0.8396028439952589
Al n_sub 1.5,145,1.947285108894745e-09,0.022804206172409476,0.07068308407887536,4.44062910996986e-11,0.9664499130629269,0.7819844333350047,0.4273761614677933,0.14258164886351965,0.8396028439952589
Al n_sub 1.5,146,1.7681335410069245e-09,0.02280420599815483,0.07068308384211541,4.0320881501368846e-11,0.9664499132620706,0.7819844333753255,0.4273761614677933,0.14258164886351965,0.8396028439952589
Al n_sub 1.5,147,1.6054640411441982e-09,0.022804205846271765,0.07068308363575171,3.661133247303962e-11,0.9664499134356473,0.7819844334119369,0.4273761614677933,0.14258164886351965,0.8396028439952589
Al n_sub 1.5,148,1.4577602475156112e-09,0.022804205713888137,0.07068308345588181,3.324306456587449e-11,0.9664499135869393,0.78198443344518,0.4273761614677933,0.14258164886351965,0.8396028439952589
Al n_sub 1.5,149,1.323645304706201e-09,0.0228042055985005,0.07068308329910455,3.0184679668010046e-11,0.9664499137188077,0.7819844334753646,0.4273761614677933,0.14258164886351965,0.8396028439952589
Al n_sub 1.5,150,1.2018690289837097e-09,0.02280420549792686,0.07068308316245497,2.740766831853833e-11,0.9664499138337463,0.7819844335027722,0.4273761614677933,0.14258164886351965,0.8396028439952589
Al n_sub 1.5,151,1.0912962544082138e-09,0.02280420541026532,0.07068308304334925,2.4886143948978066e-11,0.9664499139339287,0.7819844335276583,0.4273761614677933,0.14258164886351965,0.8396028439952589
Al n_sub 1.5,152,9.908962511094938e-10,0.02280420533385815,0.07068308293953451,2.2596601574851164e-11,0.9664499140212491,0.7819844335502549,0.4273761614677933,0.14258164886351965,0.8396028439952589
Al n_sub 1.5,153,8.997331170916013e-10,0.022804205267260475,0.07068308284904834,2.051769868790898e-11,0.9664499140973591,0.7819844335707726,0.4273761614677933,0.14258164886351965,0.8396028439952589
Al n_sub 1.5,154,8.169570539991416e-10,0.022804205209212912,0.0706830827701791,1.863005630651046e-11,0.9664499141636974,0.7819844335894027,0.4273761614677933,0.14258164886351965,0.8396028439952589
Al n_sub 1.5,155,7.417964455199482e-10,0.02280420515861775,0.0706830827014352,1.6916078329570314e-11,0.9664499142215193,0.7819844336063188,0.4273761614677933,0.14258164886351965,0.8396028439952589
Al n_sub 1.5,156,6.735506645808603e-10,0.022804205114518222,0.07068308264151724,1.5359787510122002e-11,0.9664499142719173,0.7819844336216786,0.4273761614677933,0.14258164886351965,0.8396028439952589
Al n_sub 1.5,157,6.115835422869856e-10,0.022804205076080403,0.07068308258929179,1.3946676519468111e-11,0.9664499143158453,0.7819844336356252,0.4273761614677933,0.14258164886351965,0.8396028439952589
Al n_sub 1.5,158,5.553174377234764e-10,0.0228042050425774,0.07068308254377109,1.2663572713564863e-11,0.966449914354134,0.7819844336482887,0.4273761614677933,0.14258164886351965,0.8396028439952589
Al n_sub 1.5,159,5.042278533399599e-10,0.022804205013375642,0.07068308250409461,1.149851534101875e-11,0.9664499143875063,0.7819844336597872,0.4273761614677933,0.14258164886351965,0.8396028439952589
Al n_sub 1.5,160,4.57838545723569e-10,0.022804204987922964,0.07068308246951227,1.0440644048052807e-11,0.9664499144165943,0.7819844336702279,0.4273761614677933,0.14258164886351965,0.8396028439952589
Al n_sub 1.5,161,4.1571708618442837e-10,0.02280420496573801,0.07068308243936938,9.480097641109077e-12,0.966449914441948,0.7819844336797079,0.4273761614677933,0.14258164886351965,0.8396028439952589
Al n_sub 1.5,162,3.774708297704887e-10,0.02280420494640125,0.07068308241309651,8.607922163374363e-12,0.9664499144640466,0.7819844336883158,0.4273761614677933,0.14258164886351965,0.8396028439952589
Al n_sub 1.5,163,3.427432551358964e-10,0.022804204929547028,0.0706830823901966,7.815987428339003e-12,0.9664499144833082,0.7819844336961318,0.4273761614677933,0.14258164886351965,0.8396028439952589
Al n_sub 1.5,164,3.112106411440896e-10,0.02280420491485663,0.0706830823702368,7.096911232333731e-12,0.9664499145000968,0.7819844337032287,0.4273761614677933,0.14258164886351965,0.8396028439952589
Al n_sub 1.5,165,2.825790492257708e-10,0.022804204902052254,0.07068308235283949,6.443990539571588e-12,0.96644991451473,0.7819844337096726,0.4273761614677933,0.14258164886351965,0.8396028439952589
Al n_sub 1.5,166,2.5658158336208073e-10,0.022804204890891754,0.07068308233767573,5.851138998218311e-12,0.9664499145274846,0.7819844337155237,0.4273761614677933,0.14258164886351965,0.8396028439952589
Al n_sub 1.5,167,2.3297590215124975e-10,0.022804204881164098,0.07068308232445886,5.312830205031139e-12,0.9664499145386017,0.7819844337208366,0.4273761614677933,0.14258164886351965,0.8396028439952589
Al n_sub 1.5,168,2.115419597668636e-10,0.022804204872685318,0.07068308231293863,4.824046189692912e-12,0.9664499145482914,0.7819844337256606,0.4273761614677933,0.14258164886351965,0.8396028439952589
Al n_sub 1.5,169,1.920799547495484e-10,0.02280420486529508,0.07068308230289766,4.38023063862531e-12,0.9664499145567371,0.7819844337300409,0.4273761614677933,0.14258164886351965,0.8396028439952589
Al n_sub 1.5,170,1.7440846751125117e-10,0.022804204858853636,0.07068308229414566,3.9772464222452904e-12,0.9664499145640986,0.7819844337340182,0.4273761614677933,0.14258164886351965,0.8396028439952589
Al n_sub 1.5,171,1.5836276919042266e-10,0.02280420485323918,0.07068308228651732,3.611337029744632e-12,0.9664499145705152,0.7819844337376295,0.4273761614677933,0.14258164886351965,0.8396028439952589
Al n_sub 1.5,172,1.437932860936972e-10,0.022804204848345527,0.07068308227986819,3.279091551897425e-12,0.9664499145761077,0.7819844337409085,0.4273761614677933,0.14258164886351965,0.8396028439952589
Al n_sub 1.5,173,1.3056420541000174e-10,0.02280420484408014,0.0706830822740725,2.9774128854742363e-12,0.9664499145809825,0.7819844337438859,0.4273761614677933,0.14258164886351965,0.8396028439952589
Al n_sub 1.5,174,1.185522091999318e-10,0.022804204840362368,0.07068308226902142,2.703488862872737e-12,0.9664499145852312,0.7819844337465894,0.4273761614677933,0.14258164886351965,0.8396028439952589
Al n_sub 1.5,175,1.0764532485897909e-10,0.02280420483712189,0.07068308226461861,2.4547660378426884e-12,0.9664499145889344,0.7819844337490442,0.4273761614677933,0.14258164886351965,0.8396028439952589
Al n_sub 1.5,176,9.774188133893517e-11,0.022804204834297456,0.07068308226078102,2.2289258829426738e-12,0.9664499145921623,0.7819844337512731,0.4273761614677933,0.14258164886351965,0.8396028439952589
Al n_sub 1.5,177,8.87495613976456e-11,0.022804204831835623,0.07068308225743603,2.023863176847482e-12,0.9664499145949759,0.781984433753297,0.4273761614677933,0.14258164886351965,0.8396028439952589
Al n_sub 1.5,178,8.058454104243878e-11,0.02280420482968985,0.0706830822545208,1.8376663800383225e-12,0.966449914597428,0.7819844337551346,0.4273761614677933,0.14258164886351965,0.8396028439952589
Al n_sub 1.5,179,7.317070814535165e-11,0.022804204827819568,0.0706830822519795,1.6685998159432046e-12,0.9664499145995654,0.7819844337568032,0.4273761614677933,0.14258164886351965,0.8396028439952589
Al n_sub 1.5,180,6.643895294629151e-11,0.022804204826189396,0.07068308224976472,1.5150874914247912e-12,0.9664499146014283,0.7819844337583183,0.4273761614677933,0.14258164886351965,0.8396028439952589
Al n_sub 1.5,181,6.032652383039455e-11,0.02280420482476852,0.07068308224783415,1.3756984057945965e-12,0.9664499146030523,0.781984433759694,0.4273761614677933,0.14258164886351965,0.8396028439952589
Al n_sub 1.5,182,5.477644237430953e-11,0.02280420482353006,0.07068308224615127,1.2491332114080458e-12,0.9664499146044676,0.7819844337609431,0.4273761614677933,0.14258164886351965,0.8396028439952589
Al n_sub 1.5,183,4.973697220862482e-11,0.022804204822450592,0.07068308224468478,1.1342121014940133e-12,0.9664499146057012,0.7819844337620773,0.4273761614677933,0.14258164886351965,0.8396028439952589
Al n_sub 1.5,184,4.5161136745316595e-11,0.022804204821509716,0.07068308224340625,1.0298638123124083e-12,0.9664499146067766,0.7819844337631071,0.4273761614677933,0.14258164886351965,0.8396028439952589
Al n_sub 1.5,185,4.100628127460234e-11,0.022804204820689632,0.07068308224229203,9.351156371208418e-13,0.9664499146077137,0.7819844337640423,0.4273761614677933,0.14258164886351965,0.8396028439952589
Al n_sub 1.5,186,3.7233675349184065e-11,0.02280420481997484,0.07068308224132092,8.490843588632416e-13,0.9664499146085307,0.7819844337648914,0.4273761614677933,0.14258164886351965,0.8396028439952589
Al n_sub 1.5,187,3.38081517494137e-11,0.022804204819351817,0.07068308224047426,7.709680170573575e-13,0.9664499146092427,0.7819844337656623,0.4273761614677933,0.14258164886351965,0.8396028439952589
Al n_sub 1.5,188,3.069777866391049e-11,0.022804204818808772,0.0706830822397364,7.000384321342728e-13,0.9664499146098633,0.7819844337663623,0.4273761614677933,0.14258164886351965,0.8396028439952589
Al n_sub 1.5,189,2.787356202978623e-11,0.02280420481833545,0.07068308223909348,6.356344175438232e-13,0.9664499146104041,0.7819844337669979,0.4273761614677933,0.14258164886351965,0.8396028439952589
Al n_sub 1.5,190,2.5309175257773586e-11,0.022804204817922898,0.0706830822385327,5.771556163509754e-13,0.9664499146108757,0.7819844337675751,0.4273761614677933,0.14258164886351965,0.8396028439952589
Al n_sub 1.5,191,2.2980713822827742e-11,0.022804204817563303,0.07068308223804409,5.24056904869572e-13,0.9664499146112867,0.7819844337680991,0.4273761614677933,0.14258164886351965,0.8396028439952589
Al n_sub 1.5,192,2.0866472432560602e-11,0.022804204817249894,0.07068308223761832,4.758433111656106e-13,0.9664499146116446,0.781984433768575,0.4273761614677933,0.14258164886351965,0.8396028439952589
Al n_sub 1.5,193,1.8946742696331696e-11,0.0228042048169767,0.07068308223724717,4.3206540106170537e-13,0.966449914611957,0.7819844337690071,0.4273761614677933,0.14258164886351965,0.8396028439952589
Al n_sub 1.5,194,1.7203629408921144e-11,0.02280420481673859,0.07068308223692377,3.923150886323052e-13,0.9664499146122292,0.7819844337693994,0.4273761614677933,0.14258164886351965,0.8396028439952589
Al n_sub 1.5,195,1.562088373623048e-11,0.022804204816531042,0.07068308223664166,3.562218321362186e-13,0.9664499146124663,0.7819844337697557,0.4273761614677933,0.14258164886351965,0.8396028439952589
Al n_sub 1.5,196,1.4183751748013147e-11,0.022804204816350145,0.07068308223639597,3.234491799259562e-13,0.9664499146126732,0.7819844337700791,0.4273761614677933,0.14258164886351965,0.8396028439952589
Al n_sub 1.5,197,1.2878836885697442e-11,0.022804204816192473,0.0706830822361817,2.9369163413577887e-13,0.9664499146128531,0.7819844337703727,0.4273761614677933,0.14258164886351965,0.8396028439952589
Al n_sub 1.5,198,1.1693975083263854e-11,0.02280420481605504,0.07068308223599473,2.6667180291259325e-13,0.9664499146130101,0.7819844337706394,0.4273761614677933,0.14258164886351965,0.8396028439952589
Al n_sub 1.5,199,1.061812137708715e-11,0.022804204815935262,0.0706830822358323,2.4213781464355593e-13,0.9664499146131471,0.7819844337708816,0.4273761614677933,0.14258164886351965,0.8396028439952589
Al n_sub 1.5,200,9.641246947750553e-12,0.022804204815830852,0.07068308223569053,2.1986097007650767e-13,0.9664499146132666,0.7819844337711014,0.4273761614677933,0.14258164886351965,0.8396028439952589
Al n_sub 1.5,201,8.75424563408346e-12,0.022804204815739845,0.07068308223556685,1.9963361044693557e-13,0.9664499146133705,0.781984433771301,0.4273761614677933,0.14258164886351965,0.8396028439952589
Al n_sub 1.5,202,7.948849047971658e-12,0.02280420481566053,0.07068308223545905,1.812671817387139e-13,0.9664499146134614,0.7819844337714823,0.4273761614677933,0.14258164886351965,0.8396028439952589
Al n_sub 1.5,203,7.217549498663064e-12,0.02280420481559138,0.07068308223536501,1.645904770341814e-13,0.96644991461354,0.7819844337716468,0.4273761614677933,0.14258164886351965,0.8396028439952589
Al n_sub 1.5,204,6.5535300080900605e-12,0.02280420481553113,0.07068308223528286,1.4944804056921513e-13,0.9664499146136092,0.7819844337717963,0.4273761614677933,0.14258164886351965,0.8396028439952589
Al n_sub 1.5,205,5.950600764830074e-12,0.022804204815478606,0.07068308223521191,1.3569871861632865e-13,0.9664499146136689,0.7819844337719319,0.4273761614677933,0.14258164886351965,0.8396028439952589
Al n_sub 1.5,206,5.403141424345221e-12,0.022804204815432823,0.07068308223514963,1.2321434368751784e-13,0.9664499146137212,0.7819844337720552,0.4273761614677933,0.14258164886351965,0.8396028439952589
Al n_sub 1.5,207,4.9060487176394005e-12,0.022804204815392918,0.07068308223509523,1.1187853979134467e-13,0.9664499146137668,0.7819844337721671,0.4273761614677933,0.14258164886351965,0.8396028439952589
Al n_sub 1.5,208,4.4546888799547614e-12,0.022804204815358144,0.07068308223504793,1.0158563760718674e-13,0.9664499146138067,0.7819844337722687,0.4273761614677933,0.14258164886351965,0.8396028439952589
Al n_sub 1.5,209,4.044854456060641e-12,0.022804204815327824,0.07068308223500686,9.223968946419826e-14,0.9664499146138413,0.7819844337723609,0.4273761614677933,0.14258164886351965,0.8396028439952589
Al n_sub 1.5,210,3.672725079485461e-12,0.022804204815301404,0.0706830822349711,8.375357494288058e-14,0.9664499146138716,0.7819844337724446,0.4273761614677933,0.14258164886351965,0.8396028439952589
Al n_sub 1.5,211,3.3348318600861296e-12,0.02280420481527837,0.0706830822349398,7.604818876191984e-14,0.9664499146138977,0.7819844337725207,0.4273761614677933,0.14258164886351965,0.8396028439952589
Al n_sub 1.5,212,3.0280250479854003e-12,0.022804204815258296,0.07068308223491238,6.90517033799914e-14,0.9664499146139209,0.7819844337725897,0.4273761614677933,0.14258164886351965,0.8396028439952589
Al n_sub 1.5,213,2.7494446724491336e-12,0.022804204815240803,0.0706830822348885,6.26988994387027e-14,0.966449914613941,0.7819844337726525,0.4273761614677933,0.14258164886351965,0.8396028439952589
Al n_sub 1.5,214,2.4964938820069167e-12,0.022804204815225552,0.07068308223486808,5.693055780524326e-14,0.9664499146139583,0.7819844337727094,0.4273761614677933,0.14258164886351965,0.8396028439952589
Al n_sub 1.5,215,2.2668147372998308e-12,0.022804204815212253,0.07068308223484998,5.16929075475269e-14,0.9664499146139736,0.7819844337727612,0.4273761614677933,0.14258164886351965,0.8396028439952589
Al n_sub 1.5,216,2.0582662310027775e-12,0.022804204815200672,0.0706830822348341,4.693712469599848e-14,0.9664499146139868,0.7819844337728081,0.4273761614677933,0.14258164886351965,0.8396028439952589
Al n_sub 1.5,217,1.8689043299289907e-12,0.022804204815190573,0.07068308223482045,4.26188771196972e-14,0.9664499146139983,0.7819844337728508,0.4273761614677933,0.14258164886351965,0.8396028439952589
Al n_sub 1.5,218,1.6969638532745787e-12,0.02280420481518177,0.07068308223480857,3.869791127403356e-14,0.9664499146140082,0.7819844337728895,0.4273761614677933,0.14258164886351965,0.8396028439952589
Al n_sub 1.5,219,1.5408420180769673e-12,0.022804204815174103,0.07068308223479791,3.513767696805336e-14,0.9664499146140171,0.7819844337729246,0.4273761614677933,0.14258164886351965,0.8396028439952589
Al n_sub 1.5,220,1.3990834985024211e-12,0.022804204815167414,0.07068308223478892,3.190498665337018e-14,0.9664499146140247,0.7819844337729565,0.4273761614677933,0.14258164886351965,0.8396028439952589
Al n_sub 1.5,221,1.2703668596893297e-12,0.022804204815161586,0.07068308223478104,2.8969706058749114e-14,0.9664499146140313,0.7819844337729854,0.4273761614677933,0.14258164886351965,0.8396028439952589
Al n_sub 1.5,222,1.153492239687194e-12,0.022804204815156506,0.07068308223477404,2.6304473286520372e-14,0.9664499146140373,0.7819844337730117,0.4273761614677933,0.14258164886351965,0.8396028439952589
Al n_sub 1.5,223,1.0473701646656484e-12,0.022804204815152083,0.07068308223476827,2.3884443752315008e-14,0.9664499146140421,0.7819844337730356,0.4273761614677933,0.14258164886351965,0.8396028439952589
Al n_sub 1.5,224,9.510113931319048e-13,0.022804204815148218,0.07068308223476283,2.16870585905194e-14,0.9664499146140464,0.7819844337730573,0.4273761614677933,0.14258164886351965,0.8396028439952589
Al n_sub 1.5,225,8.635176944871381e-13,0.022804204815144856,0.07068308223475828,1.969183436658638e-14,0.9664499146140505,0.7819844337730769,0.4273761614677933,0.14258164886351965,0.8396028439952589
Al n_sub 1.5,226,7.840734759619918e-13,0.02280420481514192,0.07068308223475428,1.7880172135957516e-14,0.9664499146140538,0.7819844337730948,0.4273761614677933,0.14258164886351965,0.8396028439952589
Al n_sub 1.5,227,7.119381798797421e-13,0.022804204815139364,0.07068308223475084,1.623518406969517e-14,0.9664499146140568,0.781984433773111,0.4273761614677933,0.14258164886351965,0.8396028439952589
Al n_sub 1.5,228,6.464393803764552e-13,0.02280420481513714,0.07068308223474784,1.474153603067503e-14,0.9664499146140593,0.7819844337731258,0.4273761614677933,0.14258164886351965,0.8396028439952589
Al n_sub 1.5,229,5.869665152276071e-13,0.022804204815135197,0.07068308223474506,1.3385304632876526e-14,0.9664499146140616,0.7819844337731392,0.4273761614677933,0.14258164886351965,0.8396028439952589
Al n_sub 1.5,230,5.329651943509459e-13,0.022804204815133507,0.07068308223474296,1.2153847451316406e-14,0.9664499146140635,0.7819844337731513,0.4273761614677933,0.14258164886351965,0.8396028439952589
Al n_sub 1.5,231,4.839320319309805e-13,0.02280420481513203,0.07068308223474096,1.1035685172757093e-14,0.9664499146140652,0.7819844337731623,0.4273761614677933,0.14258164886351965,0.8396028439952589
Al n_sub 1.5,232,4.394099539915532e-13,0.022804204815130742,0.07068308223473907,1.0020394588630556e-14,0.9664499146140666,0.7819844337731723,0.4273761614677933,0.14258164886351965,0.8396028439952589
Al n_sub 1.5,233,3.989839376749444e-13,0.022804204815129632,0.07068308223473752,9.098511432686348e-15,0.9664499146140679,0.7819844337731814,0.4273761614677933,0.14258164886351965,0.8396028439952589
Al n_sub 1.5,234,3.6227714251021375e-13,0.02280420481512865,0.0706830822347364,8.261442157642464e-15,0.9664499146140689,0.7819844337731896,0.4273761614677933,0.14258164886351965,0.8396028439952589
Al n_sub 1.5,235,3.289473976075002e-13,0.02280420481512779,0.07068308223473507,7.501383828444712e-15,0.9664499146140699,0.7819844337731972,0.4273761614677933,0.14258164886351965,0.8396028439952589
Al n_sub 1.5,236,2.9868401203284964e-13,0.022804204815127047,0.07068308223473418,6.811251385400975e-15,0.9664499146140708,0.7819844337732039,0.4273761614677933,0.14258164886351965,0.8396028439952589
Al n_sub 1.5,237,2.7120487863073924e-13,0.02280420481512641,0.07068308223473341,6.184611599156877e-15,0.9664499146140717,0.7819844337732101,0.4273761614677933,0.14258164886351965,0.8396028439952589
Al n_sub 1.5,238,2.462538442969113e-13,0.022804204815125833,0.07068308223473263,5.615623101858872e-15,0.9664499146140723,0.7819844337732158,0.4273761614677933,0.14258164886351965,0.8396028439952589
Al n_sub 1.5,239,2.235983221879043e-13,0.02280420481512535,0.07068308223473174,5.098981935491357e-15,0.9664499146140728,0.7819844337732209,0.4273761614677933,0.14258164886351965,0.8396028439952589
Al n_sub 1.5,240,2.03027123608941e-13,0.02280420481512492,0.0706830822347313,4.629872109803975e-15,0.9664499146140733,0.7819844337732256,0.4273761614677933,0.14258164886351965,0.8396028439952589
Al n_sub 1.5,241,1.8434848936961332e-13,0.022804204815124556,0.07068308223473074,4.2039207089434744e-15,0.9664499146140737,0.7819844337732298,0.4273761614677933,0.14258164886351965,0.8396028439952589
Al n_sub 1.5,242,1.67388302256191e-13,0.022804204815124234,0.07068308223473041,3.8171571283061015e-15,0.9664499146140741,0.7819844337732336,0.4273761614677933,0.14258164886351965,0.8396028439952589
Al n_sub 1.5,243,1.5198846395770033e-13,0.022804204815123942,0.07068308223472997,3.465976061627482e-15,0.9664499146140744,0.781984433773237,0.4273761614677933,0.14258164886351965,0.8396028439952589
Al n_sub 1.5,244,1.3800542131591397e-13,0.022804204815123692,0.07068308223472952,3.1471038932855393e-15,0.9664499146140747,0.7819844337732401,0.4273761614677933,0.14258164886351965,0.8396028439952589
Al n_sub 1.5,245,1.253088281613495e-13,0.02280420481512347,0.0706830822347293,2.857568182534526e-15,0.9664499146140748,0.781984433773243,0.4273761614677933,0.14258164886351965,0.8396028439952589
Al n_sub 1.5,246,1.1378033026127161e-13,0.022804204815123286,0.07068308223472908,2.5946699552104078e-15,0.966449914614075,0.7819844337732456,0.4273761614677933,0.14258164886351965,0.8396028439952589
Al n_sub 1.5,247,1.0331246205330909e-13,0.02280420481512312,0.07068308223472886,2.355958544618296e-15,0.9664499146140751,0.7819844337732479,0.4273761614677933,0.14258164886351965,0.8396028439952589
Al n_sub 1.5,248,9.38076448803335e-14,0.022804204815122985,0.07068308223472863,2.1392087470754482e-15,0.9664499146140755,0.78198443377325,0.4273761614677933,0.14258164886351965,0.8396028439952589
Al n_sub 1.5,249,8.51772773884146e-14,0.022804204815122842,0.07068308223472852,1.9424000791599382e-15,0.9664499146140757,0.7819844337732519,0.4273761614677933,0.14258164886351965,0.8396028439952589
Al n_sub 1.5,250,7.734090960878554e-14,0.022804204815122745,0.0706830822347283,1.7636979433066403e-15,0.9664499146140757,0.7819844337732537,0.4273761614677933,0.14258164886351965,0.8396028439952589
Al n_sub 1.5,251,7.022549302483255e-14,0.022804204815122648,0.07068308223472819,1.6014365261812483e-15,0.9664499146140758,0.7819844337732552,0.4273761614677933,0.14258164886351965,0.8396028439952589
Al n_sub 1.5,252,6.376469963343435e-14,0.022804204815122575,0.07068308223472808,1.4541032704156081e-15,0.9664499146140761,0.7819844337732567,0.4273761614677933,0.14258164886351965,0.8396028439952589
Al n_sub 1.5,253,5.789830365312412e-14,0.022804204815122495,0.07068308223472808,1.3203247749539972e-15,0.9664499146140759,0.781984433773258,0.4273761614677933,0.14258164886351965,0.8396028439952589
Al n_sub 1.5,254,5.257162011552339e-14,0.022804204815122436,0.07068308223472797,1.198853992577206e-15,0.9664499146140761,0.7819844337732592,0.4273761614677933,0.14258164886351965,0.8396028439952589
Al n_sub 1.5,255,4.773499510674826e-14,0.022804204815122377,0.07068308223472775,1.0885586052631517e-15,0.9664499146140761,0.7819844337732603,0.4273761614677933,0.14258164886351965,0.8396028439952589
Al n_sub 1.5,256,4.334334290695457e-14,0.02280420481512234,0.07068308223472763,9.884104690222721e-16,0.9664499146140764,0.7819844337732613,0.4273761614677933,0.14258164886351965,0.8396028439952589
Al n_sub 1.5,257,3.935572571336174e-14,0.02280420481512229,0.07068308223472763,8.974760298152759e-16,0.9664499146140763,0.7819844337732622,0.4273761614677933,0.14258164886351965,0.8396028439952589
Al n_sub 1.5,258,3.57349720290458e-14,0.022804204815122256,0.07068308223472752,8.149076212130253e-16,0.9664499146140764,0.781984433773263,0.4273761614677933,0.14258164886351965,0.8396028439952589
Al n_sub 1.5,259,3.244733016022452e-14,0.02280420481512222,0.07068308223472763,7.399355626776525e-16,0.9664499146140763,0.7819844337732638,0.4273761614677933,0.14258164886351965,0.8396028439952589
Al n_sub 1.5,260,2.946215359202923e-14,0.0228042048151222,0.07068308223472752,6.718609848072228e-16,0.9664499146140765,0.7819844337732644,0.4273761614677933,0.14258164886351965,0.8396028439952589
Al n_sub 1.5,261,2.6751615309920916e-14,0.022804204815122176,0.07068308223472741,6.1004931466279465e-16,0.9664499146140765,0.781984433773265,0.4273761614677933,0.14258164886351965,0.8396028439952589
Al n_sub 1.5,262,2.429044840373138e-14,0.022804204815122145,0.07068308223472741,5.539243604498472e-16,0.9664499146140764,0.7819844337732655,0.4273761614677933,0.14258164886351965,0.8396028439952589
Al n_sub 1.5,263,2.2055710536310064e-14,0.022804204815122145,0.07068308223472752,5.029629404130622e-16,0.9664499146140765,0.7819844337732661,0.4273761614677933,0.14258164886351965,0.8396028439952589
Al n_sub 1.5,264,2.0026570081216452e-14,0.022804204815122117,0.07068308223472741,4.566900058764567e-16,0.9664499146140765,0.7819844337732665,0.4273761614677933,0.14258164886351965,0.8396028439952589
Al n_sub 1.5,265,1.8184111935891056e-14,0.022804204815122107,0.07068308223472752,4.146742129671662e-16,0.9664499146140765,0.781984433773267,0.4273761614677933,0.14258164886351965,0.8396028439952589
Al n_sub 1.5,266,1.6511161200147488e-14,0.022804204815122086,0.07068308223472719,3.765239017436603e-16,0.9664499146140765,0.7819844337732673,0.4273761614677933,0.14258164886351965,0.8396028439952589
Al n_sub 1.5,267,1.499212307636386e-14,0.02280420481512209,0.0706830822347273,3.4188344524691974e-16,0.9664499146140766,0.7819844337732677,0.4273761614677933,0.14258164886351965,0.8396028439952589
Al n_sub 1.5,268,1.3612837498966099e-14,0.022804204815122072,0.07068308223472741,3.10429934441397e-16,0.9664499146140766,0.781984433773268,0.4273761614677933,0.14258164886351965,0.8396028439952589
Al n_sub 1.5,269,1.2360447138098194e-14,0.022804204815122065,0.0706830822347273,2.8187016814368057e-16,0.9664499146140767,0.7819844337732683,0.4273761614677933,0.14258164886351965,0.8396028439952589
Al n_sub 1.5,270,1.1223277547045104e-14,0.022804204815122058,0.07068308223472719,2.5593791987977726e-16,0.9664499146140766,0.7819844337732685,0.4273761614677933,0.14258164886351965,0.8396028439952589
Al n_sub 1.5,271,1.0190728336174703e-14,0.022804204815122055,0.07068308223472752,2.3239145619339593e-16,0.9664499146140766,0.7819844337732688,0.4273761614677933,0.14258164886351965,0.8396028439952589
Al n_sub 1.5,272,9.253174358951515e-15,0.022804204815122048,0.07068308223472741,2.11011283271566e-16,0.9664499146140766,0.781984433773269,0.4273761614677933,0.14258164886351965,0.8396028439952589
Al n_sub 1.5,273,8.401875988904781e-15,0.022804204815122034,0.0706830822347273,1.915981008822406e-16,0.9664499146140765,0.7819844337732692,0.4273761614677933,0.14258164886351965,0.8396028439952589
Al n_sub 1.5,274,7.628897651176808e-15,0.022804204815122037,0.0706830822347273,1.7397094455103936e-16,0.9664499146140765,0.7819844337732694,0.4273761614677933,0.14258164886351965,0.8396028439952589
Al n_sub 1.5,275,6.9270338492246225e-15,0.022804204815122027,0.0706830822347273,1.579654986590014e-16,0.9664499146140765,0.7819844337732695,0.4273761614677933,0.14258164886351965,0.8396028439952589
Al n_sub 1.5,276,6.289741997115648e-15,0.022804204815122027,0.07068308223472741,1.434325647364999e-16,0.9664499146140764,0.7819844337732696,0.4273761614677933,0.14258164886351965,0.8396028439952589
Al n_sub 1.5,277,5.711081431298128e-15,0.022804204815122027,0.07068308223472741,1.3023667067516276e-16,0.9664499146140766,0.7819844337732698,0.4273761614677933,0.14258164886351965,0.8396028439952589
Al n_sub 1.5,278,5.1856580333303864e-15,0.022804204815122034,0.07068308223472719,1.1825480789324906e-16,0.9664499146140768,0.7819844337732699,0.4273761614677933,0.14258164886351965,0.8396028439952589
Al n_sub 1.5,279,4.708573947356876e-15,0.022804204815122023,0.07068308223472752,1.0737528468267378e-16,0.9664499146140765,0.78198443377327,0.4273761614677933,0.14258164886351965,0.8396028439952589
Al n_sub 1.5,280,4.275381923610808e-15,0.022804204815122023,0.0706830822347273,9.749668504889126e-17,0.9664499146140765,0.7819844337732701,0.4273761614677933,0.14258164886351965,0.8396028439952589
Al n_sub 1.5,281,3.882043862345791e-15,0.02280420481512202,0.0706830822347273,8.852692333822078e-17,0.9664499146140765,0.7819844337732702,0.4273761614677933,0.14258164886351965,0.8396028439952589
Al n_sub 1.5,282,3.524893171754096e-15,0.022804204815122017,0.07068308223472719,8.038238584010547e-17,0.9664499146140766,0.7819844337732703,0.4273761614677933,0.14258164886351965,0.8396028439952589
Al n_sub 1.5,283,3.2006005889821934e-15,0.02280420481512202,0.07068308223472719,7.298715136255011e-17,0.9664499146140765,0.7819844337732704,0.4273761614677933,0.14258164886351965,0.8396028439952589
Al n_sub 1.5,284,2.9061431456362437e-15,0.02280420481512202,0.07068308223472719,6.627228351515188e-17,0.9664499146140766,0.7819844337732705,0.4273761614677933,0.14258164886351965,0.8396028439952589
Al n_sub 1.5,285,2.6387759884823004e-15,0.022804204815122027,0.0706830822347273,6.017518810257646e-17,0.9664499146140766,0.7819844337732706,0.4273761614677933,0.14258164886351965,0.8396028439952589
Al n_sub 1.5,286,2.3960067926613775e-15,0.02280420481512202,0.0706830822347273,5.463902963827365e-17,0.9664499146140765,0.7819844337732706,0.4273761614677933,0.14258164886351965,0.8396028439952589
Al n_sub 1.5,287,2.1755725289062245e-15,0.022804204815122017,0.07068308223472741,4.9612201539330506e-17,0.9664499146140764,0.7819844337732706,0.4273761614677933,0.14258164886351965,0.8396028439952589
Al n_sub 1.5,288,1.975418368190055e-15,0.022804204815122017,0.0706830822347273,4.5047845063760126e-17,0.9664499146140765,0.7819844337732706,0.4273761614677933,0.14258164886351965,0.8396028439952589
Al n_sub 1.5,289,1.7936785271620156e-15,0.022804204815122023,0.07068308223472719,4.090341250588901e-17,0.9664499146140767,0.7819844337732706,0.4273761614677933,0.14258164886351965,0.8396028439952589
Al n_sub 1.5,290,1.6286588758156997e-15,0.022804204815122017,0.0706830822347273,3.714027057806759e-17,0.9664499146140766,0.7819844337732706,0.4273761614677933,0.14258164886351965,0.8396028439952589
Al n_sub 1.5,291,1.4788211452640452e-15,0.022804204815122013,0.0706830822347273,3.372334028153459e-17,0.9664499146140766,0.7819844337732706,0.4273761614677933,0.14258164886351965,0.8396028439952589
Al n_sub 1.5,292,1.3427685884097532e-15,0.022804204815122013,0.07068308223472741,3.062076990940828e-17,0.9664499146140766,0.7819844337732706,0.4273761614677933,0.14258164886351965,0.8396028439952589
Al n_sub 1.5,293,1.2192329598438282e-15,0.022804204815122013,0.0706830822347273,2.780363813362609e-17,0.9664499146140765,0.7819844337732706,0.4273761614677933,0.14258164886351965,0.8396028439952589
Al n_sub 1.5,294,1.107062693602361e-15,0.022804204815122017,0.07068308223472741,2.524568440808891e-17,0.9664499146140765,0.7819844337732706,0.4273761614677933,0.14258164886351965,0.8396028439952589
Al n_sub 1.5,295,1.0052121685777761e-15,0.022804204815122013,0.07068308223472719,2.2923064174900564e-17,0.9664499146140766,0.7819844337732706,0.4273761614677933,0.14258164886351965,0.8396028439952589
Al n_sub 1.5,296,9.127319615195825e-16,0.022804204815122013,0.07068308223472741,2.0814126591800626e-17,0.9664499146140764,0.7819844337732706,0.4273761614677933,0.14258164886351965,0.8396028439952589
Al n_sub 1.5,297,8.287599967657243e-16,0.02280420481512202,0.07068308223472719,1.889921270882544e-17,0.9664499146140766,0.7819844337732706,0.4273761614677933,0.14258164886351965,0.8396028439952589
Al n_sub 1.5,298,7.525135102047014e-16,0.02280420481512202,0.07068308223472719,1.7160472212854423e-17,0.9664499146140768,0.7819844337732706,0.4273761614677933,0.14258164886351965,0.8396028439952589
Al n_sub 1.5,299,6.832817525586694e-16,0.022804204815122017,0.07068308223472741,1.558169703178342e-17,0.9664499146140766,0.7819844337732706,0.4273761614677933,0.14258164886351965,0.8396028439952589
Al n_sub 1.8,0,1.0,0.24957814484917992,0.15672896265659653,0.24957814484917992,0.4731738568119751,0.24957814484917992,0.2884110764088703,0.1496876928859685,0.7302892546510465
Al n_sub 1.8,1,0.6328082642484678,0.24078501713365882,0.1579818672281924,0.15237074874938822,0.47600948008930716,0.4019488935985681,0.2884110764088703,0.1496876928859685,0.7302892546510465
Al n_sub 1.8,2,0.4045365257413643,0.2330276191060313,0.1593044484459828,0.09426818343493586,0.485251652877414,0.496217077033504,0.2884110764088703,0.1496876928859685,0.7302892546510465
Al n_sub 1.8,3,0.2608407734677745,0.22592622381669464,0.16063234811258453,0.05893077096700017,0.4981291721350531,0.5551478480005041,0.2884110764088703,0.1496876928859685,0.7302892546510465
Al n_sub 1.8,4,0.16947638132600643,0.21932634493077074,0.16192452306061178,0.03717063526832652,0.5128340030498334,0.5923184832688306,0.2884110764088703,0.1496876928859685,0.7302892546510465
Al n_sub 1.8,5,0.11088193164341117,0.2131611534088615,0.16315382253833788,0.023635720441312062,0.5282085360412642,0.6159542037101426,0.2884110764088703,0.1496876928859685,0.7302892546510465
Al n_sub 1.8,6,0.07301144479487652,0.20739340613806762,0.1643024061900794,0.01514209222307093,0.5435334316004939,0.6310962959332136,0.2884110764088703,0.1496876928859685,0.7302892546510465
Al n_sub 1.8,7,0.048361108245388154,0.2019915025649966,0.16535895268379375,0.0097685329201944,0.5583855189160298,0.640864828853408,0.2884110764088703,0.1496876928859685,0.7302892546510465
Al n_sub 1.8,8,0.03221081055430055,0.19692026570874846,0.16631669780309855,0.006342961373047023,0.5725424986891278,0.647207790226455,0.2884110764088703,0.1496876928859685,0.7302892546510465
Al n_sub 1.8,9,0.021565483331909923,0.1921380935462663,0.1671719605436487,0.004143550853796955,0.5859184468348728,0.6513513410802519,0.2884110764088703,0.1496876928859685,0.7302892546510465
Al n_sub 1.8,10,0.014509384154041254,0.18759680625415798,0.16792301375916774,0.002721914128012827,0.5985196519000718,0.6540732552082648,0.2884110764088703,0.1496876928859685,0.7302892546510465
Al n_sub 1.8,11,0.009808009494051771,0.18324255375727158,0.16856922601155322,0.0017972447069656116,0.610414036696051,0.6558704999152304,0.2884110764088703,0.1496876928859685,0.7302892546510465
Al n_sub 1.8,12,0.006660336727603289,0.1790170725362335,0.1691104301888786,0.001192313983081098,0.621709768696006,0.6570628138983114,0.2884110764088703,0.1496876928859685,0.7302892546510465
Al n_sub 1.8,13,0.004543274253256641,0.17485901957006666,0.16954648928316318,0.000794432481562383,0.6325401137612155,0.6578572463798739,0.2884110764088703,0.1496876928859685,0.7302892546510465
Al n_sub 1.8,14,0.0031131987830782908,0.17070532921106157,0.16987703930727793,0.0005314396231648559,0.6430524766702637,0.6583886860030387,0.2884110764088703,0.1496876928859685,0.7302892546510465
Al n_sub 1.8,15,0.0021431446843719545,0.16649264889793067,0.1701013962930613,0.00035681783547260624,0.653400129137813,0.6587455038385113,0.2884110764088703,0.1496876928859685,0.7302892546510465
Al n_sub 1.8,16,0.0014824431270197122,0.16215896008773917,0.17021861881409273,0.00024039143586673274,0.6637354976686229,0.658985895274378,0.2884110764088703,0.1496876928859685,0.7302892546510465
Al n_sub 1.8,17,0.0010306091197913683,0.15764550055993903,0.17022771858490549,0.0001624708905711484,0.674204162340124,0.6591483661649492,0.2884110764088703,0.1496876928859685,0.7302892546510465
Al n_sub 1.8,18,0.0007203387133312719,0.15289907851252826,0.17012800806219863,0.00011013912548525173,0.6849389641073625,0.6592585052904345,0.2884110764088703,0.1496876928859685,0.7302892546510465
Al n_sub 1.8,19,0.0005063724432095514,0.14787480702062544,0.16991956446978707,7.487972732017502e-05,0.6960538730660194,0.6593333850177546,0.2884110764088703,0.1496876928859685,0.7302892546510465
Al n_sub 1.8,20,0.00035816120631352287,0.14253918888507514,0.16960377409118443,5.10520078380296e-05,0.7076375568650803,0.6593844370255927,0.2884110764088703,0.1496876928859685,0.7302892546510465
Al n_sub 1.8,21,0.00025501204447593676,0.1368733519611793,0.16918390063923627,3.49043533178948e-05,0.719746909836356,0.6594193413789106,0.2884110764088703,0.1496876928859685,0.7302892546510465
Al n_sub 1.8,22,0.0001828605344731719,0.13087609060937827,0.16866560115691076,2.3932071878590184e-05,0.7324011340148191,0.6594432734507891,0.2884110764088703,0.1496876928859685,0.7302892546510465
Al n_sub 1.8,23,0.00013211569920656177,0.12456624192211357,0.16805729888968501,1.6457156149073762e-05,0.7455772448737532,0.6594597306069382,0.2884110764088703,0.1496876928859685,0.7302892546510465
Al n_sub 1.8,24,9.62155026458172e-05,0.11798386072758289,0.16737032280763398,1.1351876463998479e-05,0.7592080219505671,0.6594710824834021,0.2884110764088703,0.1496876928859685,0.7302892546510465
Al n_sub 1.8,25,7.065520258376813e-05,0.11118970183241729,0.1666187443244056,7.856130908198218e-06,0.7731833477273319,0.6594789386143103,0.2884110764088703,0.1496876928859685,0.7302892546510465
Al n_sub 1.8,26,5.233162913908677e-05,0.10426270070653419,0.16581888452421933,5.456236986413948e-06,0.7873555219706598,0.6594843948512967,0.2884110764088703,0.1496876928859685,0.7302892546510465
Al n_sub 1.8,27,3.909931285218094e-05,0.09729545481217736,0.1649885233402718,3.8041854267965564e-06,0.8015485256552977,0.6594881990367235,0.2884110764088703,0.1496876928859685,0.7302892546510465
Al n_sub 1.8,28,2.946914884392757e-05,0.09038808636421729,0.16414590161486098,2.663659970784899e-06,0.8155704611704577,0.6594908626966943,0.2884110764088703,0.1496876928859685,0.7302892546510465
Al n_sub 1.8,29,2.240325790339237e-05,0.0836412125654036,0.16330865054841637,1.8738356564551994e-06,0.8292277154076182,0.6594927365323507,0.2884110764088703,0.1496876928859685,0.7302892546510465
Al n_sub 1.8,30,1.7174956562732353e-05,0.07714895428249688,0.16249279700304786,1.325029938662108e-06,0.8423389922053885,0.6594940615622894,0.2884110764088703,0.1496876928859685,0.7302892546510465
Al n_sub 1.8,31,1.3272913456173055e-05,0.07099291000293738,0.1617119733009067,9.422827504708702e-07,0.8547473760445448,0.6594950038450399,0.2884110764088703,0.1496876928859685,0.7302892546510465
Al n_sub 1.8,32,1.033536950274625e-05,0.06523780951092015,0.1609769137122803,6.742568668451333e-07,0.8663290168590535,0.6594956781019068,0.2884110764088703,0.1496876928859685,0.7302892546510465
Al n_sub 1.8,33,8.104863792082935e-06,0.05992921104469068,0.16029526183721277,4.857180926842102e-07,0.8769977260562825,0.6594961638199994,0.2884110764088703,0.1496876928859685,0.7302892546510465
Al n_sub 1.8,34,6.396979947073592e-06,0.05509322434180348,0.1596716599938589,3.5243025133414354e-07,0.886705532077843,0.6594965162502507,0.2884110764088703,0.1496876928859685,0.7302892546510465
Al n_sub 1.8,35,5.078702265877123e-06,0.05073793059287024,0.15910805530612027,2.576828430679263e-07,0.8954398605346859,0.6594967739330938,0.2884110764088703,0.1496876928859685,0.7302892546510465
Al n_sub 1.8,36,4.053375038932744e-06,0.04685598859156083,0.15860414166975068,1.8992489458155007e-07,0.9032183615566594,0.6594969638579884,0.2884110764088703,0.1496876928859685,0.7302892546510465
Al n_sub 1.8,37,3.2502110056556533e-06,0.043427872978503965,0.1581578596399138,1.4114975070694935e-07,0.910082489402392,0.6594971050077391,0.2884110764088703,0.1496876928859685,0.7302892546510465
Al n_sub 1.8,38,2.6169425903600864e-06,0.04042525502562514,0.15776589116770834,1.0579057160272656e-07,0.9160908078862469,0.6594972107983107,0.2884110764088703,0.1496876928859685,0.7302892546510465
Al n_sub 1.8,39,2.1146508532820948e-06,0.03781416132808958,0.1574241060196434,7.996374851859142e-08,0.921312744764577,0.6594972907620592,0.2884110764088703,0.1496876928859685,0.7302892546510465
Al n_sub 1.8,40,1.7141083831445894e-06,0.03555768606482362,0.15712793614438003,6.09497277689377e-08,0.9258232383423248,0.659497351711787,0.2884110764088703,0.1496876928859685,0.7302892546510465
Al n_sub 1.8,41,1.3931784723154163e-06,0.03361815682087206,0.15687266999709892,4.683609236176263e-08,0.9296984722632562,0.6594973985478794,0.2884110764088703,0.1496876928859685,0.7302892546510465
Al n_sub 1.8,42,1.1349542029310934e-06,0.03195874695289326,0.1566536697610249,3.627171417459748e-08,0.9330127099898069,0.6594974348195936,0.2884110764088703,0.1496876928859685,0.7302892546510465
Al n_sub 1.8,43,9.264181210332536e-07,0.030544586438906847,0.156466520787244,2.829705837646988e-08,0.9358361239059414,0.6594974631166519,0.2884110764088703,0.1496876928859685,0.7302892546510465
Al n_sub 1.8,44,7.574699804850879e-07,0.02934345297262436,0.156307125372811,2.222678475053887e-08,0.9382334553641918,0.6594974853434367,0.2884110764088703,0.1496876928859685,0.7302892546510465
Al n_sub 1.8,45,6.202161292204909e-07,0.02832613363874843,0.15617175334874933,1.756832496120689e-08,0.9402633255272008,0.6594975029117616,0.2884110764088703,0.1496876928859685,0.7302892546510465
Al n_sub 1.8,46,5.084459882160714e-07,0.027466542726000936,0.156057060860473,1.3965253459200494e-08,0.9419780267959603,0.6594975168770151,0.2884110764088703,0.1496876928859685,0.7302892546510465
Al n_sub 1.8,47,4.1724318062274396e-07,0.02674166948319003,0.15596008695197072,1.1157779230328377e-08,0.9434236482773662,0.6594975280347943,0.2884110764088703,0.1496876928859685,0.7302892546510465
Al n_sub 1.8,48,3.4269424511098736e-07,0.02613141537030049,0.15587823561483594,8.955085664006778e-09,0.94464041725702,0.65949753698988,0.2884110764088703,0.1496876928859685,0.7302892546510465
Al n_sub 1.8,49,2.816685980422445e-07,0.025618366342674528,0.1558092491264026,7.2158893318737565e-09,0.9456631665885776,0.6594975442057693,0.2884110764088703,0.1496876928859685,0.7302892546510465
Al n_sub 1.8,50,2.3165092497018363e-07,0.025187533360700936,0.1557511769194927,5.834715400723729e-09,0.9465218624760903,0.6594975500404847,0.2884110764088703,0.1496876928859685,0.7302892546510465
Al n_sub 1.8,51,1.9061246790702147e-07,0.024826084190531103,0.1557023429445642,4.732161176024623e-09,0.947242147239966,0.6594975547726459,0.2884110764088703,0.1496876928859685,0.7302892546510465
Al n_sub 1.8,52,1.569114094457609e-07,0.02452308168150175,0.155661313493222,3.84795131059796e-09,0.9478458672819018,0.6594975586205972,0.2884110764088703,0.1496876928859685,0.7302892546510465
Al n_sub 1.8,53,1.2921520691799807e-07,0.024269237833510253,0.1556268667133789,3.1359545883991347e-09,0.9483515680881305,0.6594975617565518,0.2884110764088703,0.1496876928859685,0.7302892546510465
Al n_sub 1.8,54,1.0643962370021093e-07,0.024056688757701773,0.15559796451488472,2.5605848988428713e-09,0.9487749464271419,0.6594975643171367,0.2884110764088703,0.1496876928859685,0.7302892546510465
Al n_sub 1.8,55,8.770056564404994e-08,0.023878792730110357,0.15557372719504547,2.0941836293277058e-09,0.9491292556207628,0.6594975664113203,0.2884110764088703,0.1496876928859685,0.7302892546510465
Al n_sub 1.8,56,7.22758149921799e-08,0.023729951619479356,0.15555341086626684,1.7151015930228696e-09,0.9494256635364695,0.6594975681264219,0.2884110764088703,0.1496876928859685,0.7302892546510465
Al n_sub 1.8,57,5.957447132657773e-08,0.02360545477036277,0.15553638761032096,1.4062824883678045e-09,0.9496735652957559,0.6594975695327044,0.2884110764088703,0.1496876928859685,0.7302892546510465
Al n_sub 1.8,58,4.911243559761981e-08,0.023501343729986197,0.1555221281896213,1.1542082303964731e-09,0.949880854037499,0.6594975706869127,0.2884110764088703,0.1496876928859685,0.7302892546510465
Al n_sub 1.8,59,4.049266288399472e-08,0.02341429586216336,0.15551018709582076,9.481071890126934e-10,0.9500541537342528,0.6594975716350199,0.2884110764088703,0.1496876928859685,0.7302892546510465
Al n_sub 1.8,60,3.3389200203768856e-08,0.0233415247760274,0.1555001896955137,7.793548438080099e-10,0.9501990182668704,0.6594975724143747,0.2884110764088703,0.1496876928859685,0.7302892546510465
Al n_sub 1.8,61,2.7534244368197366e-08,0.023280695527062828,0.15549182123138883,6.410163597037473e-10,0.9503201008857917,0.659497573055391,0.2884110764088703,0.1496876928859685,0.7302892546510465
Al n_sub 1.8,62,2.2707620748472715e-08,0.023229852663992624,0.15548481744746756,5.274946843368431e-10,0.9504212979422024,0.6594975735828857,0.2884110764088703,0.1496876928859685,0.7302892546510465
Al n_sub 1.8,63,1.8728210688956848e-08,0.02318735935739122,0.15547895662400113,4.342577513657778e-10,0.9505058704381357,0.6594975740171435,0.2884110764088703,0.1496876928859685,0.7302892546510465
Al n_sub 1.8,64,1.544695309519352e-08,0.023151846027968964,0.1554740528277584,3.5762547966117903e-10,0.9505765465735533,0.659497574374769,0.2884110764088703,0.1496876928859685,0.7302892546510465
Al n_sub 1.8,65,1.2741121682046851e-08,0.023122167077425645,0.1554699502046225,2.9460234428609774e-10,0.9506356080936121,0.6594975746693713,0.2884110764088703,0.1496876928859685,0.7302892546510465
Al n_sub 1.8,66,1.0509638782264958e-08,0.02309736450237448,0.1554665181621866,2.427449577422648e-10,0.9506849628806276,0.6594975749121162,0.2884110764088703,0.1496876928859685,0.7302892546510465
Al n_sub 1.8,67,8.669233397146556e-09,0.023076637336369284,0.15546364730963058,2.0005675509029173e-10,0.9507262059037397,0.659497575112173,0.2884110764088703,0.1496876928859685,0.7302892546510465
Al n_sub 1.8,68,7.151288226887964e-09,0.023059316013781115,0.1554612460400846,1.6490381512944198e-10,0.9507606703402061,0.6594975752770769,0.2884110764088703,0.1496876928859685,0.7302892546510465
Al n_sub 1.8,69,5.899249930224142e-09,0.023044840881327033,0.1554592376567987,1.3594727596119495e-10,0.9507894704170112,0.6594975754130241,0.2884110764088703,0.1496876928859685,0.7302892546510465
Al n_sub 1.8,70,4.866500481364666e-09,0.02303274419878413,0.15545755795868577,1.1208886073053218e-10,0.9508135372893096,0.659497575525113,0.2884110764088703,0.1496876928859685,0.7302892546510465
Al n_sub 1.8,71,4.014606475481421e-09,0.023022635070833783,0.1554561532132901,9.242681983801498e-11,0.9508336490709469,0.6594975756175399,0.2884110764088703,0.1496876928859685,0.7302892546510465
Al n_sub 1.8,72,3.3118785496056473e-09,0.023014186838428905,0.15545497845605183,7.62201917268093e-11,0.950850455959176,0.65949757569376,0.2884110764088703,0.1496876928859685,0.7302892546510465
Al n_sub 1.8,73,2.7321854831914853e-09,0.02300712653205032,0.15545399606408317,6.285973712081755e-11,0.9508645012476147,0.6594975757566197,0.2884110764088703,0.1496876928859685,0.7302892546510465
Al n_sub 1.8,74,2.253977606574627e-09,0.023001226052213733,0.155453174560663,5.184424844545066e-11,0.9508762388954781,0.6594975758084639,0.2884110764088703,0.1496876928859685,0.7302892546510465
Al n_sub 1.8,75,1.8594823354610093e-09,0.022996294796028445,0.15545248761349906,4.276120395426883e-11,0.9508860482142826,0.6594975758512251,0.2884110764088703,0.1496876928859685,0.7302892546510465
Al n_sub 1.8,76,1.5340413285113368e-09,0.022992173493803718,0.1554519131956087,3.52709443717978e-11,0.9508942461428791,0.659497575886496,0.2884110764088703,0.1496876928859685,0.7302892546510465
Al n_sub 1.8,77,1.2655642216554441e-09,0.02298872905782514,0.15545143288260665,2.9093712996914365e-11,0.9509010975055266,0.6594975759155898,0.2884110764088703,0.1496876928859685,0.7302892546510465
Al n_sub 1.8,78,1.0440783575515831e-09,0.02298585027752255,0.1554510312643571,2.3999028804682343e-11,0.950906823583602,0.6594975759395888,0.2884110764088703,0.1496876928859685,0.7302892546510465
Al n_sub 1.8,79,8.613575866390394e-10,0.022983444222233123,0.15545069545247037,1.9796964047915695e-11,0.9509116092776795,0.6594975759593857,0.2884110764088703,0.1496876928859685,0.7302892546510465
Al n_sub 1.8,80,7.106162166043982e-10,0.022981433235412494,0.15545041466809906,1.6330979137895402e-11,0.9509156090915181,0.6594975759757167,0.2884110764088703,0.1496876928859685,0.7302892546510465
Al n_sub 1.8,81,5.862566503289455e-10,0.022979752423140803,0.1554501798969885,1.3472032680978995e-11,0.9509189521315851,0.6594975759891887,0.2884110764088703,0.1496876928859685,0.7302892546510465
Al n_sub 1.8,82,4.836612762556108e-10,0.022978347555684155,0.15544998360084195,1.1113736905027193e-11,0.9509217462840114,0.6594975760003025,0.2884110764088703,0.1496876928859685,0.7302892546510465
Al n_sub 1.8,83,3.9902083908406043e-10,0.022977173314197095,0.15544981947583392,9.168370975610806e-12,0.9509240817042941,0.6594975760094708,0.2884110764088703,0.1496876928859685,0.7302892546510465
Al n_sub 1.8,84,3.291928875353227e-10,0.022976191825801368,0.15544968225058542,7.56359893170103e-12,0.9509260337328321,0.6594975760170344,0.2884110764088703,0.1496876928859685,0.7302892546510465
Al n_sub 1.8,85,2.7158502249855134e-10,0.022975371439603647,0.15544956751716743,6.23976676933733e-12,0.9509276653307875,0.6594975760232742,0.2884110764088703,0.1496876928859685,0.7302892546510465
Al n_sub 1.8,86,2.2405859642317784e-10,0.022974685704013762,0.1554494715897392,5.147675832104973e-12,0.9509290291152205,0.6594975760284219,0.2884110764088703,0.1496876928859685,0.7302892546510465
Al n_sub 1.8,87,1.848492787606892e-10,0.022974112512244196,0.15544939138631408,4.246748128055265e-12,0.9509301690594523,0.6594975760326686,0.2884110764088703,0.1496876928859685,0.7302892546510465
Al n_sub 1.8,88,1.525015316244305e-10,0.02297363338832059,0.15544932432986902,3.5035142786970453e-12,0.9509311219137565,0.6594975760361721,0.2884110764088703,0.1496876928859685,0.7302892546510465
Al n_sub 1.8,89,1.258145584504741e-10,0.0229732328904865,0.15544926826563987,2.8903671522964678e-12,0.9509319183924039,0.6594975760390624,0.2884110764088703,0.1496876928859685,0.7302892546510465
Al n_sub 1.8,90,1.0379771587923858e-10,0.022972898112689672,0.15544922139195383,2.384534351223659e-12,0.9509325841655145,0.659497576041447,0.2884110764088703,0.1496876928859685,0.7302892546510465
Al n_sub 1.8,91,8.563373142344688e-11,0.022972618268015693,0.15544918220238813,1.9672310228566253e-12,0.9509331406878277,0.6594975760434142,0.2884110764088703,0.1496876928859685,0.7302892546510465
Al n_sub 1.8,92,7.064835997434621e-11,0.022972384340590523,0.15544914943739696,1.6229612783630733e-12,0.950933605891231,0.6594975760450371,0.2884110764088703,0.1496876928859685,0.7302892546510465
Al n_sub 1.8,93,5.828535171247638e-11,0.022972188794691293,0.15544912204386274,1.338942103503991e-12,0.9509339947634498,0.659497576046376,0.2884110764088703,0.1496876928859685,0.7302892546510465
Al n_sub 1.8,94,4.808580149455402e-11,0.022972025331657937,0.15544909914127258,1.10462825002597e-12,0.9509343198316301,0.6594975760474807,0.2884110764088703,0.1496876928859685,0.7302892546510465
Al n_sub 1.8,95,3.9671112665284926e-11,0.022971888686746163,0.1554490799934325,9.113203842262912e-13,0.9509345915664515,0.659497576048392,0.2884110764088703,0.1496876928859685,0.7302892546510465
Al n_sub 1.8,96,3.2728942572295695e-11,0.022971774459355523,0.15544906398481806,7.518418870639759e-13,0.950934818719839,0.6594975760491438,0.2884110764088703,0.1496876928859685,0.7302892546510465
Al n_sub 1.8,97,2.7001607853701652e-11,0.022971678971146207,0.15544905060079917,6.202722673200145e-13,0.9509350086071897,0.6594975760497641,0.2884110764088703,0.1496876928859685,0.7302892546510465
Al n_sub 1.8,98,2.2276518949840233e-11,0.02297159914746097,0.15544903941110344,5.11727263716548e-13,0.9509351673432382,0.6594975760502758,0.2884110764088703,0.1496876928859685,0.7302892546510465
Al n_sub 1.8,99,1.8378288666608208e-11,0.022971532418222227,0.1554490300559901,4.221774538964366e-13,0.9509353000391784,0.659497576050698,0.2884110764088703,0.1496876928859685,0.7302892546510465
Al n_sub 1.8,100,1.5162221793233843e-11,0.022971476635104,0.1554490222346906,3.482986236595359e-13,0.9509354109674083,0.6594975760510463,0.2884110764088703,0.1496876928859685,0.7302892546510465
Al n_sub 1.8,101,1.2508944065379853e-11,0.022971430002305154,0.15544901569574177,2.8734833300062374e-13,0.9509355036992222,0.6594975760513336,0.2884110764088703,0.1496876928859685,0.7302892546510465
Al n_sub 1.8,102,1.0319971072616248e-11,0.022971391018689113,0.15544901022890412,2.3706409081062833e-13,0.9509355812198902,0.6594975760515707,0.2884110764088703,0.1496876928859685,0.7302892546510465
Al n_sub 1.8,103,8.514052610462334e-12,0.022971358429423244,0.15544900565840403,1.955793542018969e-13,0.9509356460248439,0.6594975760517663,0.2884110764088703,0.1496876928859685,0.7302892546510465
Al n_sub 1.8,104,7.024156768589381e-12,0.022971331185557366,0.15544900183728472,1.613542314305411e-13,0.9509357002000683,0.6594975760519276,0.2884110764088703,0.1496876928859685,0.7302892546510465
Al n_sub 1.8,105,5.79498179828583e-12,0.022971308410237864,0.15544899864268213,1.3311831412013862e-13,0.950935745489298,0.6594975760520607,0.2884110764088703,0.1496876928859685,0.7302892546510465
Al n_sub 1.8,106,4.780903396355348e-12,0.022971289370467465,0.15544899597187511,1.098235153699294e-13,0.950935783350181,0.6594975760521705,0.2884110764088703,0.1496876928859685,0.7302892546510465
Al n_sub 1.8,107,3.944281207109179e-12,0.022971273453500227,0.15544899373898347,9.06051621860069e-14,0.9509358150012236,0.6594975760522611,0.2884110764088703,0.1496876928859685,0.7302892546510465
Al n_sub 1.8,108,3.2540616794152467e-12,0.02297126014711069,0.15544899187220695,7.474989737259154e-14,0.9509358414610318,0.6594975760523358,0.2884110764088703,0.1496876928859685,0.7302892546510465
Al n_sub 1.8,109,2.684625417127765e-12,0.022971249023101156,0.1554489903115176,6.16691989905887e-14,0.9509358635811098,0.6594975760523974,0.2884110764088703,0.1496876928859685,0.7302892546510465
Al n_sub 1.8,110,2.2148362371771004e-12,0.02297123972351542,0.15544898900672854,5.0877534152524024e-14,0.9509358820732778,0.6594975760524483,0.2884110764088703,0.1496876928859685,0.7302892546510465
Al n_sub 1.8,111,1.8272566371595127e-12,0.022971231949114986,0.15544898791588213,4.197433604275101e-14,0.9509358975325884,0.6594975760524903,0.2884110764088703,0.1496876928859685,0.7302892546510465
Al n_sub 1.8,112,1.5075005514409778e-12,0.022971225449746002,0.15544898700389964,3.462913503276712e-14,0.9509359104564848,0.6594975760525249,0.2884110764088703,0.1496876928859685,0.7302892546510465
Al n_sub 1.8,113,1.2436993709230853e-12,0.02297122001628692,0.1554489862414533,2.856929188359183e-14,0.9509359212608138,0.6594975760525534,0.2884110764088703,0.1496876928859685,0.7302892546510465
Al n_sub 1.8,114,1.0260614059114375e-12,0.022971215473917374,0.15544898560402443,2.356987764466223e-14,0.9509359302932118,0.659497576052577,0.2884110764088703,0.1496876928859685,0.7302892546510465
Al n_sub 1.8,115,8.465084400610696e-13,0.0229712116764913,0.1554489850711147,1.9445324562579276e-14,0.9509359378442934,0.6594975760525964,0.2884110764088703,0.1496876928859685,0.7302892546510465
Al n_sub 1.8,116,6.983758849134708e-13,0.02297120850183337,0.1554489846255862,1.6042538064999722e-14,0.9509359441570064,0.6594975760526124,0.2884110764088703,0.1496876928859685,0.7302892546510465
Al n_sub 1.8,117,5.761654053134774e-13,0.022971205847806923,0.1554489842531116,1.3235214127840997e-14,0.9509359494344514,0.6594975760526256,0.2884110764088703,0.1496876928859685,0.7302892546510465
Al n_sub 1.8,118,4.753408336377351e-13,0.02297120362902713,0.1554489839417118,1.0919151082683923e-14,0.9509359538464159,0.6594975760526365,0.2884110764088703,0.1496876928859685,0.7302892546510465
Al n_sub 1.8,119,3.921597975782136e-13,0.022971201774113187,0.15544898368137283,9.008381837864529e-15,0.9509359575348417,0.6594975760526455,0.2884110764088703,0.1496876928859685,0.7302892546510465
Al n_sub 1.8,120,3.235348118501035e-13,0.0229712002233914,0.15544898346372216,7.431982942245992e-15,0.9509359606183891,0.6594975760526529,0.2884110764088703,0.1496876928859685,0.7302892546510465
Al n_sub 1.8,121,2.669186778406146e-13,0.02297119892697488,0.15544898328176038,6.13144204600188e-15,0.9509359631962575,0.659497576052659,0.2884110764088703,0.1496876928859685,0.7302892546510465
Al n_sub 1.8,122,2.2020993747954429e-13,0.022971197843158535,0.15544898312963518,5.058486040872183e-15,0.9509359653513777,0.6594975760526641,0.2884110764088703,0.1496876928859685,0.7302892546510465
Al n_sub 1.8,123,1.8167487198543473e-13,0.022971196937076936,0.15544898300245436,4.173289262895663e-15,0.9509359671530782,0.6594975760526683,0.2884110764088703,0.1496876928859685,0.7302892546510465
Al n_sub 1.8,124,1.498831502530944e-13,0.022971196179582678,0.15544898289612785,3.4429952484776986e-15,0.9509359686593185,0.6594975760526718,0.2884110764088703,0.1496876928859685,0.7302892546510465
Al n_sub 1.8,125,1.2365473829435117e-13,0.022971195546308505,0.15544898280723618,2.8404971735871434e-15,0.9509359699185524,0.6594975760526747,0.2884110764088703,0.1496876928859685,0.7302892546510465
Al n_sub 1.8,126,1.0201609913011832e-13,0.022971195016883335,0.1554489827329203,2.3434317079796503e-15,0.9509359709712866,0.659497576052677,0.2884110764088703,0.1496876928859685,0.7302892546510465
Al n_sub 1.8,127,8.416405737321266e-14,0.022971194574276883,0.15544898267079044,1.933348938080671e-15,0.9509359718513857,0.6594975760526789,0.2884110764088703,0.1496876928859685,0.7302892546510465
Al n_sub 1.8,128,6.94359872377908e-14,0.02297119420425175,0.1554489826188481,1.5950275476032387e-15,0.9509359725871602,0.6594975760526804,0.2884110764088703,0.1496876928859685,0.7302892546510465
Al n_sub 1.8,129,5.728521742277277e-14,0.022971193894905394,0.15544898257542306,1.315909836730326e-15,0.9509359732022783,0.6594975760526818,0.2884110764088703,0.1496876928859685,0.7302892546510465
Al n_sub 1.8,130,4.7260739955245836e-14,0.0229711936362872,0.15544898253911876,1.0856356089061675e-15,0.9509359737165256,0.6594975760526829,0.2884110764088703,0.1496876928859685,0.7302892546510465
Al n_sub 1.8,131,3.899046983307882e-14,0.022971193420078393,0.15544898250876737,8.956576240753853e-16,0.9509359741464439,0.6594975760526838,0.2884110764088703,0.1496876928859685,0.7302892546510465
Al n_sub 1.8,132,3.21674341035404e-14,0.02297119323932438,0.15544898248339278,7.389243448056599e-16,0.9509359745058625,0.6594975760526846,0.2884110764088703,0.1496876928859685,0.7302892546510465
Al n_sub 1.8,133,2.653837774865882e-14,0.022971193088211064,0.15544898246217909,6.096181995123258e-16,0.9509359748063422,0.6594975760526851,0.2884110764088703,0.1496876928859685,0.7302892546510465
Al n_sub 1.8,134,2.1894363454357678e-14,0.022971192961877773,0.15544898244444372,5.02939647687535e-16,0.9509359750575482,0.6594975760526857,0.2884110764088703,0.1496876928859685,0.7302892546510465
Al n_sub 1.8,135,1.8063016348756398e-14,0.02297119285626098,0.1554489824296168,4.1492903211307827e-16,0.9509359752675606,0.6594975760526861,0.2884110764088703,0.1496876928859685,0.7302892546510465
Al n_sub 1.8,136,1.4902125852462867e-14,0.022971192767963482,0.15544898241722105,3.4231960560937664e-16,0.9509359754431344,0.6594975760526864,0.2884110764088703,0.1496876928859685,0.7302892546510465
Al n_sub 1.8,137,1.2294367156526387e-14,0.0229711926941452,0.1554489824068579,2.8241627700513764e-16,0.9509359755899175,0.6594975760526868,0.2884110764088703,0.1496876928859685,0.7302892546510465
Al n_sub 1.8,138,1.0142946401687832e-14,0.022971192632431775,0.15544898239819382,2.329955756536019e-16,0.9509359757126308,0.659497576052687,0.2884110764088703,0.1496876928859685,0.7302892546510465
Al n_sub 1.8,139,8.368007918199036e-15,0.022971192580838205,0.15544898239095084,1.9222312140692904e-16,0.9509359758152208,0.6594975760526872,0.2884110764088703,0.1496876928859685,0.7302892546510465
Al n_sub 1.8,140,6.9036701713896325e-15,0.022971192537705,0.15544898238489524,1.5858553672380213e-16,0.9509359759009884,0.6594975760526873,0.2884110764088703,0.1496876928859685,0.7302892546510465
Al n_sub 1.8,141,5.695580394244667e-15,0.022971192501644835,0.15544898237983273,1.3083427364478843e-16,0.9509359759726916,0.6594975760526874,0.2884110764088703,0.1496876928859685,0.7302892546510465
Al n_sub 1.8,142,4.698897140702329e-15,0.02297119247149785,0.15544898237560045,1.0793927062284411e-16,0.950935976032637,0.6594975760526876,0.2884110764088703,0.1496876928859685,0.7302892546510465
Al n_sub 1.8,143,3.876625876794401e-15,0.022971192446294364,0.15544898237206195,8.905071905812882e-17,0.9509359760827523,0.6594975760526877,0.2884110764088703,0.1496876928859685,0.7302892546510465
Al n_sub 1.8,144,3.198245830687829e-15,0.02297119242522377,0.15544898236910387,7.346752039989976e-17,0.9509359761246499,0.6594975760526878,0.2884110764088703,0.1496876928859685,0.7302892546510465
Al n_sub 1.8,145,2.638577133532031e-15,0.022971192407608334,0.15544898236663063,6.061126301667995e-17,0.9509359761596771,0.6594975760526879,0.2884110764088703,0.1496876928859685,0.7302892546510465
Al n_sub 1.8,146,2.176846202046511e-15,0.022971192392881472,0.15544898236456306,5.000475291692373e-17,0.9509359761889604,0.6594975760526879,0.2884110764088703,0.1496876928859685,0.7302892546510465
Al n_sub 1.8,147,1.7959146720505548e-15,0.02297119238056951,0.15544898236283455,4.12543014307607e-17,0.9509359762134417,0.6594975760526879,0.2884110764088703,0.1496876928859685,0.7302892546510465
Al n_sub 1.8,148,1.4816432627630993e-15,0.022971192370276464,0.1554489823613896,3.403511241305523e-17,0.9509359762339087,0.6594975760526879,0.2884110764088703,0.1496876928859685,0.7302892546510465
Al n_sub 1.8,149,1.2223669600135348e-15,0.022971192361671278,0.15544898236018123,2.807922657502225e-17,0.9509359762510198,0.6594975760526879,0.2884110764088703,0.1496876928859685,0.7302892546510465
Al n_sub 1.8,150,1.0084620384002108e-15,0.02297119235447716,0.15544898235917126,2.3165575466279375e-17,0.9509359762653247,0.6594975760526879,0.2884110764088703,0.1496876928859685,0.7302892546510465
Al n_sub 1.8,151,8.319888512789519e-16,0.02297119234846272,0.15544898235832694,1.9111775934505347e-17,0.9509359762772838,0.6594975760526879,0.2884110764088703,0.1496876928859685,0.7302892546510465
Al n_sub 1.8,152,6.863971297873633e-16,0.022971192343434522,0.15544898235762106,1.5767360492326913e-17,0.950935976287282,0.6594975760526879,0.2884110764088703,0.1496876928859685,0.7302892546510465
Al n_sub 1.8,153,5.662828522989194e-16,0.02297119233923085,0.15544898235703064,1.3008192318566732e-17,0.9509359762956406,0.6594975760526879,0.2884110764088703,0.1496876928859685,0.7302892546510465
Al n_sub 1.8,154,4.671876598737285e-16,0.02297119233571649,0.15544898235653737,1.0731857591832716e-17,0.9509359763026288,0.6594975760526879,0.2884110764088703,0.1496876928859685,0.7302892546510465
Al n_sub 1.8,155,3.854333724800639e-16,0.02297119233277841,0.15544898235612492,8.85386413071097e-18,0.950935976308471,0.6594975760526879,0.2884110764088703,0.1496876928859685,0.7302892546510465
Al n_sub 1.8,156,3.179854636186816e-16,0.02297119233032212,0.15544898235577997,7.304505243031382e-18,0.9509359763133551,0.6594975760526879,0.2884110764088703,0.1496876928859685,0.7302892546510465
Al n_sub 1.8,157,2.6234042584964063e-16,0.0229711923282686,0.15544898235549187,6.026272377671982e-18,0.9509359763174384,0.6594975760526879,0.2884110764088703,0.1496876928859685,0.7302892546510465
Al n_sub 1.8,158,2.1643284649536244e-16,0.02297119232655182,0.15544898235525062,4.971720542628038e-18,0.9509359763208522,0.6594975760526879,0.2884110764088703,0.1496876928859685,0.7302892546510465
Al n_sub 1.8,159,1.785587443889746e-16,0.022971192325116546,0.15544898235504911,4.10170725869046e-18,0.9509359763237063,0.6594975760526879,0.2884110764088703,0.1496876928859685,0.7302892546510465
Al n_sub 1.8,160,1.4731232210867184e-16,0.022971192323916628,0.15544898235488058,3.3839396828410564e-18,0.9509359763260922,0.6594975760526879,0.2884110764088703,0.1496876928859685,0.7302892546510465
Al n_sub 1.8,161,1.215337860900639e-16,0.022971192322913475,0.15544898235473992,2.7917759740066844e-18,0.9509359763280868,0.6594975760526879,0.2884110764088703,0.1496876928859685,0.7302892546510465
Al n_sub 1.8,162,1.0026629782203082e-16,0.022971192322074816,0.15544898235462212,2.3032364106923013e-18,0.9509359763297542,0.6594975760526879,0.2884110764088703,0.1496876928859685,0.7302892546510465
Al n_sub 1.8,163,8.27204582559131e-17,0.022971192321373672,0.15544898235452353,1.9001875555087423e-18,0.9509359763311483,0.6594975760526879,0.2884110764088703,0.1496876928859685,0.7302892546510465
Al n_sub 1.8,164,6.824500717299317e-17,0.022971192320787516,0.15544898235444138,1.5676691847043496e-18,0.9509359763323142,0.6594975760526879,0.2884110764088703,0.1496876928859685,0.7302892546510465
Al n_sub 1.8,165,5.63026499398317e-17,0.022971192320297464,0.15544898235437254,1.2933389999102583e-18,0.9509359763332884,0.6594975760526879,0.2884110764088703,0.1496876928859685,0.7302892546510465
Al n_sub 1.8,166,4.645011439757818e-17,0.022971192319887774,0.15544898235431504,1.0670145111075564e-18,0.950935976334103,0.6594975760526879,0.2884110764088703,0.1496876928859685,0.7302892546510465
Al n_sub 1.8,167,3.832169764398127e-17,0.02297119231954526,0.15544898235426696,8.802950865913582e-19,0.950935976334784,0.6594975760526879,0.2884110764088703,0.1496876928859685,0.7302892546510465
Al n_sub 1.8,168,3.1615692003417e-17,0.02297119231925892,0.15544898235422677,7.2625014131694815e-19,0.9509359763353534,0.6594975760526879,0.2884110764088703,0.1496876928859685,0.7302892546510465
Al n_sub 1.8,169,2.608318634892871e-17,0.02297119231901953,0.15544898235419313,5.991618899140663e-19,0.9509359763358296,0.6594975760526879,0.2884110764088703,0.1496876928859685,0.7302892546510465
Al n_sub 1.8,170,2.1518827107741464e-17,0.022971192318819385,0.15544898235416504,4.943131159673531e-19,0.9509359763362275,0.6594975760526879,0.2884110764088703,0.1496876928859685,0.7302892546510465
Al n_sub 1.8,171,1.775319602054669e-17,0.02297119231865208,0.15544898235414162,4.0781208005870676e-19,0.95093597633656,0.6594975760526879,0.2884110764088703,0.1496876928859685,0.7302892546510465
Al n_sub 1.8,172,1.464652173494307e-17,0.022971192318512197,0.15544898235412186,3.364480675706462e-19,0.9509359763368384,0.6594975760526879,0.2884110764088703,0.1496876928859685,0.7302892546510465
Al n_sub 1.8,173,1.2083491822200338e-17,0.022971192318395242,0.15544898235410542,2.7757221452552015e-19,0.9509359763370708,0.6594975760526879,0.2884110764088703,0.1496876928859685,0.7302892546510465
Al n_sub 1.8,174,9.968972651633474e-18,0.02297119231829747,0.15544898235409177,2.289991879965204e-19,0.9509359763372652,0.6594975760526879,0.2884110764088703,0.1496876928859685,0.7302892546510465
Al n_sub 1.8,175,8.224478254409996e-18,0.022971192318215736,0.15544898235408022,1.8892607169903526e-19,0.9509359763374277,0.6594975760526879,0.2884110764088703,0.1496876928859685,0.7302892546510465
Al n_sub 1.8,176,6.785257109335725e-18,0.022971192318147413,0.15544898235407067,1.5586544598662794e-19,0.9509359763375637,0.6594975760526879,0.2884110764088703,0.1496876928859685,0.7302892546510465
Al n_sub 1.8,177,5.597888718972305e-18,0.02297119231809028,0.15544898235406268,1.2859017833878084e-19,0.9509359763376772,0.6594975760526879,0.2884110764088703,0.1496876928859685,0.7302892546510465
Al n_sub 1.8,178,4.6183007666554494e-18,0.022971192318042517,0.1554489823540558,1.0608787509340552e-19,0.9509359763377724,0.6594975760526879,0.2884110764088703,0.1496876928859685,0.7302892546510465
Al n_sub 1.8,179,3.810133255954967e-18,0.02297119231800259,0.15544898235405047,8.752330377975893e-20,0.9509359763378519,0.6594975760526879,0.2884110764088703,0.1496876928859685,0.7302892546510465
Al n_sub 1.8,180,3.1433889132881024e-18,0.022971192317969204,0.15544898235404558,7.220739125731322e-20,0.950935976337918,0.6594975760526879,0.2884110764088703,0.1496876928859685,0.7302892546510465
Al n_sub 1.8,181,2.593319759811502e-18,0.0229711923179413,0.1554489823540417,5.957164694454735e-20,0.9509359763379736,0.6594975760526879,0.2884110764088703,0.1496876928859685,0.7302892546510465
Al n_sub 1.8,182,2.139508524764149e-18,0.022971192317917964,0.1554489823540387,4.914706178818222e-20,0.95093597633802,0.6594975760526879,0.2884110764088703,0.1496876928859685,0.7302892546510465
Al n_sub 1.8,183,1.7651108044891893e-18,0.02297119231789846,0.1554489823540357,4.0546699752321635e-20,0.9509359763380586,0.6594975760526879,0.2884110764088703,0.1496876928859685,0.7302892546510465
Al n_sub 1.8,184,1.456229837863347e-18,0.022971192317882156,0.1554489823540336,3.345133566459729e-20,0.9509359763380911,0.6594975760526879,0.2884110764088703,0.1496876928859685,0.7302892546510465
Al n_sub 1.8,185,1.2014006912711857e-18,0.02297119231786852,0.15544898235403148,2.759760633001059e-20,0.9509359763381182,0.6594975760526879,0.2884110764088703,0.1496876928859685,0.7302892546510465
Al n_sub 1.8,186,9.911647072859608e-19,0.022971192317857117,0.15544898235403004,2.276823510973836e-20,0.950935976338141,0.6594975760526879,0.2884110764088703,0.1496876928859685,0.7302892546510465
Al n_sub 1.8,187,8.17718421594885e-19,0.022971192317847593,0.1554489823540286,1.878396712430288e-20,0.9509359763381597,0.6594975760526879,0.2884110764088703,0.1496876928859685,0.7302892546510465
Al n_sub 1.8,188,6.7462391679239e-19,0.022971192317839628,0.1554489823540275,1.549691573485223e-20,0.9509359763381757,0.6594975760526879,0.2884110764088703,0.1496876928859685,0.7302892546510465
Al n_sub 1.8,189,5.565698620567272e-19,0.02297119231783297,0.1554489823540265,1.2785073339614847e-20,0.950935976338189,0.6594975760526879,0.2884110764088703,0.1496876928859685,0.7302892546510465
Al n_sub 1.8,190,4.591743690658035e-19,0.0229711923178274,0.1554489823540257,1.054778273922763e-20,0.9509359763382002,0.6594975760526879,0.2884110764088703,0.1496876928859685,0.7302892546510465
Al n_sub 1.8,191,3.788223466284105e-19,0.022971192317822752,0.15544898235402504,8.702000978690132e-21,0.9509359763382093,0.6594975760526879,0.2884110764088703,0.1496876928859685,0.7302892546510465
Al n_sub 1.8,192,3.125313170180253e-19,0.02297119231781886,0.1554489823540246,7.179216988562273e-21,0.950935976338217,0.6594975760526879,0.2884110764088703,0.1496876928859685,0.7302892546510465
Al n_sub 1.8,193,2.578407134276922e-19,0.022971192317815598,0.15544898235402405,5.922908615510296e-21,0.9509359763382235,0.6594975760526879,0.2884110764088703,0.1496876928859685,0.7302892546510465
Al n_sub 1.8,194,2.1272054952837645e-19,0.02297119231781288,0.1554489823540237,4.8864446531671755e-21,0.9509359763382289,0.6594975760526879,0.2884110764088703,0.1496876928859685,0.7302892546510465
Al n_sub 1.8,195,1.7549607116001222e-19,0.022971192317810616,0.1554489823540235,4.031354001636818e-21,0.9509359763382335,0.6594975760526879,0.2884110764088703,0.1496876928859685,0.7302892546510465
Al n_sub 1.8,196,1.4478559340357315e-19,0.02297119231780871,0.15544898235402316,3.3258977109215354e-21,0.9509359763382372,0.6594975760526879,0.2884110764088703,0.1496876928859685,0.7302892546510465
Al n_sub 1.8,197,1.1944921569276341e-19,0.02297119231780712,0.15544898235402282,2.7438909058896924e-21,0.9509359763382403,0.6594975760526879,0.2884110764088703,0.1496876928859685,0.7302892546510465
Al n_sub 1.8,198,9.854651139112727e-20,0.022971192317805787,0.1554489823540227,2.2637308654144233e-21,0.9509359763382429,0.6594975760526879,0.2884110764088703,0.1496876928859685,0.7302892546510465
Al n_sub 1.8,199,8.130162137138201e-20,0.02297119231780468,0.1554489823540226,1.867595180271355e-21,0.9509359763382452,0.6594975760526879,0.2884110764088703,0.1496876928859685,0.7302892546510465
Al n_sub 1.8,200,6.707445595289436e-20,0.022971192317803747,0.1554489823540225,1.5407802273059927e-21,0.950935976338247,0.6594975760526879,0.2884110764088703,0.1496876928859685,0.7302892546510465
Al n_sub 1.8,201,5.533693628108139e-20,0.022971192317802973,0.1554489823540225,1.2711554055907293e-21,0.9509359763382487,0.6594975760526879,0.2884110764088703,0.1496876928859685,0.7302892546510465
Al n_sub 1.8,202,4.5653393284725207e-20,0.022971192317802324,0.15544898235402238,1.0487128771036878e-21,0.9509359763382499,0.6594975760526879,0.2884110764088703,0.1496876928859685,0.7302892546510465
Al n_sub 1.8,203,3.7664396666686306e-20,0.022971192317801776,0.15544898235402216,8.651960993644233e-22,0.9509359763382508,0.6594975760526879,0.2884110764088703,0.1496876928859685,0.7302892546510465
Al n_sub 1.8,204,3.1073413698256935e-20,0.02297119231780132,0.15544898235402216,7.13793362033262e-22,0.9509359763382519,0.6594975760526879,0.2884110764088703,0.1496876928859685,0.7302892546510465
Al n_sub 1.8,205,2.5635802623039106e-20,0.02297119231780095,0.15544898235402205,5.888849522750173e-22,0.9509359763382527,0.6594975760526879,0.2884110764088703,0.1496876928859685,0.7302892546510465
Al n_sub 1.8,206,2.11497321314357e-20,0.02297119231780064,0.15544898235402205,4.858345642611771e-22,0.9509359763382532,0.6594975760526879,0.2884110764088703,0.1496876928859685,0.7302892546510465
Al n_sub 1.8,207,1.7448689858045704e-20,0.02297119231780037,0.15544898235402205,4.008172104228207e-22,0.9509359763382538,0.6594975760526879,0.2884110764088703,0.1496876928859685,0.7302892546510465
Al n_sub 1.8,208,1.43953018350403e-20,0.02297119231780015,0.15544898235402194,3.306772469254921e-22,0.9509359763382541,0.6594975760526879,0.2884110764088703,0.1496876928859685,0.7302892546510465
Al n_sub 1.8,209,1.1876233494193378e-20,0.022971192317799958,0.15544898235402194,2.7281124360621346e-22,0.9509359763382547,0.6594975760526879,0.2884110764088703,0.1496876928859685,0.7302892546510465
Al n_sub 1.8,210,9.797982954777399e-21,0.022971192317799805,0.15544898235402183,2.2507135078071604e-22,0.9509359763382549,0.6594975760526879,0.2884110764088703,0.1496876928859685,0.7302892546510465
Al n_sub 1.8,211,8.083410454084268e-21,0.02297119231779967,0.15544898235402194,1.8568557612448206e-22,0.950935976338255,0.6594975760526879,0.2884110764088703,0.1496876928859685,0.7302892546510465
Al n_sub 1.8,212,6.668875101210392e-21,0.022971192317799566,0.15544898235402194,1.5319201249328896e-22,0.9509359763382553,0.6594975760526879,0.2884110764088703,0.1496876928859685,0.7302892546510465
Al n_sub 1.8,213,5.50187267715359e-21,0.02297119231779948,0.15544898235402183,1.263845753749414e-22,0.9509359763382554,0.6594975760526879,0.2884110764088703,0.1496876928859685,0.7302892546510465
Al n_sub 1.8,214,4.53908680192783e-21,0.022971192317799403,0.15544898235402194,1.0426823587426923e-22,0.9509359763382557,0.6594975760526879,0.2884110764088703,0.1496876928859685,0.7302892546510465
Al n_sub 1.8,215,3.7447811326114884e-21,0.022971192317799344,0.15544898235402171,8.602208758528495e-23,0.9509359763382556,0.6594975760526879,0.2884110764088703,0.1496876928859685,0.7302892546510465
Al n_sub 1.8,216,3.089472914509368e-21,0.022971192317799285,0.15544898235402183,7.096887647982656e-23,0.9509359763382559,0.6594975760526879,0.2884110764088703,0.1496876928859685,0.7302892546510465
Al n_sub 1.8,217,2.5488386507733623e-21,0.02297119231779924,0.15544898235402194,5.854986283395484e-23,0.9509359763382559,0.6594975760526879,0.2884110764088703,0.1496876928859685,0.7302892546510465
Al n_sub 1.8,218,2.1028112715168056e-21,0.022971192317799198,0.15544898235402183,4.830408212604841e-23,0.9509359763382562,0.6594975760526879,0.2884110764088703,0.1496876928859685,0.7302892546510465
Al n_sub 1.8,219,1.7348352914675347e-21,0.022971192317799177,0.15544898235402194,3.9851235120005927e-23,0.9509359763382561,0.6594975760526879,0.2884110764088703,0.1496876928859685,0.7302892546510465
Al n_sub 1.8,220,1.431252309366934e-21,0.02297119231779914,0.15544898235402171,3.287757205376199e-23,0.9509359763382561,0.6594975760526879,0.2884110764088703,0.1496876928859685,0.7302892546510465
Al n_sub 1.8,221,1.1807940403006935e-21,0.022971192317799132,0.15544898235402171,2.712424698745829e-23,0.9509359763382561,0.6594975760526879,0.2884110764088703,0.1496876928859685,0.7302892546510465
Al n_sub 1.8,222,9.74164063516059e-22,0.022971192317799104,0.15544898235402171,2.237771005211605e-23,0.950935976338256,0.6594975760526879,0.2884110764088703,0.1496876928859685,0.7302892546510465
Al n_sub 1.8,223,8.036927611901351e-22,0.022971192317799094,0.15544898235402183,1.8461780981721574e-23,0.9509359763382562,0.6594975760526879,0.2884110764088703,0.1496876928859685,0.7302892546510465
Al n_sub 1.8,224,6.630526402894512e-22,0.02297119231779908,0.15544898235402171,1.523110971691344e-23,0.9509359763382562,0.6594975760526879,0.2884110764088703,0.1496876928859685,0.7302892546510465
Al n_sub 1.8,225,5.470234709390447e-22,0.022971192317799066,0.15544898235402183,1.2565781353290763e-23,0.9509359763382563,0.6594975760526879,0.2884110764088703,0.1496876928859685,0.7302892546510465
Al n_sub 1.8,226,4.512985237907671e-22,0.022971192317799063,0.15544898235402183,1.0366865182736527e-23,0.9509359763382564,0.6594975760526879,0.2884110764088703,0.1496876928859685,0.7302892546510465
Al n_sub 1.8,227,3.7232471437851844e-22,0.022971192317799052,0.15544898235402183,8.552742618658549e-24,0.9509359763382564,0.6594975760526879,0.2884110764088703,0.1496876928859685,0.7302892546510465
Al n_sub 1.8,228,3.0717072099556777e-22,0.02297119231779904,0.15544898235402171,7.056077706386179e-24,0.9509359763382566,0.6594975760526879,0.2884110764088703,0.1496876928859685,0.7302892546510465
Al n_sub 1.8,229,2.5341818094034306e-22,0.022971192317799045,0.15544898235402194,5.821317771207417e-24,0.9509359763382564,0.6594975760526879,0.2884110764088703,0.1496876928859685,0.7302892546510465
Al n_sub 1.8,230,2.090719265917246e-22,0.02297119231779904,0.15544898235402171,4.802631433991269e-24,0.9509359763382564,0.6594975760526879,0.2884110764088703,0.1496876928859685,0.7302892546510465
Al n_sub 1.8,231,1.7248592948848238e-22,0.022971192317799035,0.15544898235402183,3.962207458394252e-24,0.9509359763382563,0.6594975760526879,0.2884110764088703,0.1496876928859685,0.7302892546510465
Al n_sub 1.8,232,1.4230220363159613e-22,0.022971192317799025,0.15544898235402183,3.2688512868679933e-24,0.9509359763382563,0.6594975760526879,0.2884110764088703,0.1496876928859685,0.7302892546510465
Al n_sub 1.8,233,1.1740040024401194e-22,0.022971192317799028,0.1554489823540216,2.696827172191778e-24,0.9509359763382564,0.6594975760526879,0.2884110764088703,0.1496876928859685,0.7302892546510465
Al n_sub 1.8,234,9.685622306409536e-23,0.022971192317799028,0.15544898235402171,2.2249029271809763e-24,0.9509359763382563,0.6594975760526879,0.2884110764088703,0.1496876928859685,0.7302892546510465
Al n_sub 1.8,235,7.99071206464672e-23,0.022971192317799025,0.15544898235402171,1.8355618359315672e-24,0.9509359763382566,0.6594975760526879,0.2884110764088703,0.1496876928859685,0.7302892546510465
Al n_sub 1.8,236,6.592398224927317e-23,0.022971192317799025,0.15544898235402183,1.5143524746032231e-24,0.9509359763382564,0.6594975760526879,0.2884110764088703,0.1496876928859685,0.7302892546510465
Al n_sub 1.8,237,5.438778672592085e-23,0.02297119231779902,0.15544898235402183,1.2493523086205646e-24,0.9509359763382563,0.6594975760526879,0.2884110764088703,0.1496876928859685,0.7302892546510465
Al n_sub 1.8,238,4.4870337683170894e-23,0.022971192317799025,0.15544898235402183,1.0307251562847033e-24,0.9509359763382566,0.6594975760526879,0.2884110764088703,0.1496876928859685,0.7302892546510465
Al n_sub 1.8,239,3.7018369840047907e-23,0.02297119231779902,0.15544898235402183,8.503560928871515e-25,0.9509359763382564,0.6594975760526879,0.2884110764088703,0.1496876928859685,0.7302892546510465
Al n_sub 1.8,240,3.054043665306617e-23,0.022971192317799018,0.15544898235402171,7.015502438271412e-25,0.9509359763382564,0.6594975760526879,0.2884110764088703,0.1496876928859685,0.7302892546510465
Al n_sub 1.8,241,2.5196092507317724e-23,0.02297119231779902,0.15544898235402171,5.7878428664265035e-25,0.9509359763382564,0.6594975760526879,0.2884110764088703,0.1496876928859685,0.7302892546510465
Al n_sub 1.8,242,2.0786967941847553e-23,0.022971192317799018,0.1554489823540216,4.77501438296103e-25,0.9509359763382564,0.6594975760526879,0.2884110764088703,0.1496876928859685,0.7302892546510465
Al n_sub 1.8,243,1.714940664271268e-23,0.022971192317799014,0.15544898235402171,3.939423181258929e-25,0.9509359763382564,0.6594975760526879,0.2884110764088703,0.1496876928859685,0.7302892546510465
Al n_sub 1.8,244,1.414839090625826e-23,0.022971192317799018,0.15544898235402183,3.250054084950572e-25,0.9509359763382563,0.6594975760526879,0.2884110764088703,0.1496876928859685,0.7302892546510465
Al n_sub 1.8,245,1.1672530100121734e-23,0.02297119231779903,0.15544898235402183,2.6813193376519433e-25,0.9509359763382566,0.6594975760526879,0.2884110764088703,0.1496876928859685,0.7302892546510465
Al n_sub 1.8,246,9.629926105447182e-24,0.022971192317799018,0.15544898235402171,2.212108845744205e-25,0.9509359763382563,0.6594975760526879,0.2884110764088703,0.1496876928859685,0.7302892546510465
Al n_sub 1.8,247,7.944762275267636e-24,0.02297119231779902,0.15544898235402171,1.8250066214436738e-25,0.9509359763382566,0.6594975760526879,0.2884110764088703,0.1496876928859685,0.7302892546510465
Al n_sub 1.8,248,6.554489299228608e-24,0.022971192317799025,0.15544898235402194,1.5056443423753611e-25,0.9509359763382566,0.6594975760526879,0.2884110764088703,0.1496876928859685,0.7302892546510465
Al n_sub 1.8,249,5.4075035205826975e-24,0.022971192317799025,0.15544898235402194,1.2421680333048043e-25,0.9509359763382563,0.6594975760526879,0.2884110764088703,0.1496876928859685,0.7302892546510465
Al n_sub 1.8,250,4.461231530053092e-24,0.022971192317799025,0.15544898235402183,1.0247980745107838e-25,0.9509359763382563,0.6594975760526879,0.2884110764088703,0.1496876928859685,0.7302892546510465
Al n_sub 1.8,251,3.680549941203775e-24,0.022971192317799025,0.15544898235402183,8.454662053465581e-26,0.9509359763382562,0.6594975760526879,0.2884110764088703,0.1496876928859685,0.7302892546510465
Al n_sub 1.8,252,3.036481693101881e-24,0.022971192317799025,0.15544898235402171,6.97516049417193e-26,0.9509359763382566,0.6594975760526879,0.2884110764088703,0.1496876928859685,0.7302892546510465
Al n_sub 1.8,253,2.5051204900991694e-24,0.022971192317799014,0.15544898235402183,5.754560455732694e-26,0.9509359763382564,0.6594975760526879,0.2884110764088703,0.1496876928859685,0.7302892546510465
Al n_sub 1.8,254,2.0667434564717922e-24,0.02297119231779902,0.15544898235402183,4.7475561410166226e-26,0.9509359763382564,0.6594975760526879,0.2884110764088703,0.1496876928859685,0.7302892546510465
Al n_sub 1.8,255,1.7050790697496068e-24,0.02297119231779902,0.15544898235402183,3.916769922827207e-26,0.9509359763382564,0.6594975760526879,0.2884110764088703,0.1496876928859685,0.7302892546510465
Al n_sub 1.8,256,1.4067032001452787e-24,0.02297119231779902,0.15544898235402183,3.2313649744600526e-26,0.9509359763382563,0.6594975760526879,0.2884110764088703,0.1496876928859685,0.7302892546510465
Al n_sub 1.8,257,1.160540838490006e-24,0.02297119231779902,0.15544898235402194,2.665900679361366e-26,0.9509359763382564,0.6594975760526879,0.2884110764088703,0.1496876928859685,0.7302892546510465
Al n_sub 1.8,258,9.574550179909935e-25,0.022971192317799025,0.15544898235402171,2.199388335391284e-26,0.9509359763382563,0.6594975760526879,0.2884110764088703,0.1496876928859685,0.7302892546510465
Al n_sub 1.8,259,7.8990767155500505e-25,0.02297119231779902,0.15544898235402205,1.8145121036594845e-26,0.9509359763382564,0.6594975760526879,0.2884110764088703,0.1496876928859685,0.7302892546510465
Al n_sub 1.8,260,6.516798365010179e-25,0.022971192317799018,0.15544898235402171,1.4969862853896702e-26,0.9509359763382564,0.6594975760526879,0.2884110764088703,0.1496876928859685,0.7302892546510465
Al n_sub 1.8,261,5.376408213202426e-25,0.02297119231779902,0.15544898235402171,1.2350250704446712e-26,0.9509359763382566,0.6594975760526879,0.2884110764088703,0.1496876928859685,0.7302892546510465
Al n_sub 1.8,262,4.435577664975884e-25,0.022971192317799018,0.15544898235402171,1.0189050758269493e-26,0.9509359763382564,0.6594975760526879,0.2884110764088703,0.1496876928859685,0.7302892546510465
Al n_sub 1.8,263,3.6593853074102795e-25,0.022971192317799018,0.15544898235402183,8.40604436614496e-27,0.9509359763382566,0.6594975760526879,0.2884110764088703,0.1496876928859685,0.7302892546510465
Al n_sub 1.8,264,3.0190207092593055e-25,0.02297119231779902,0.15544898235402183,6.935050532381351e-27,0.9509359763382566,0.6594975760526879,0.2884110764088703,0.1496876928859685,0.7302892546510465
Al n_sub 1.8,265,2.4907150456333925e-25,0.02297119231779902,0.15544898235402171,5.721469432208022e-27,0.9509359763382564,0.6594975760526879,0.2884110764088703,0.1496876928859685,0.7302892546510465
Al n_sub 1.8,266,2.0548588552301036e-25,0.022971192317799018,0.15544898235402194,4.720255794942304e-27,0.9509359763382564,0.6594975760526879,0.2884110764088703,0.1496876928859685,0.7302892546510465
Al n_sub 1.8,267,1.695274183339507e-25,0.022971192317799018,0.15544898235402171,3.894246929689149e-27,0.9509359763382564,0.6594975760526879,0.2884110764088703,0.1496876928859685,0.7302892546510465
Al n_sub 1.8,268,1.3986140942880507e-25,0.022971192317799014,0.15544898235402171,3.21278333382751e-27,0.9509359763382564,0.6594975760526879,0.2884110764088703,0.1496876928859685,0.7302892546510465
Al n_sub 1.8,269,1.1538672646378868e-25,0.022971192317799018,0.15544898235402183,2.6505706845209592e-27,0.9509359763382566,0.6594975760526879,0.2884110764088703,0.1496876928859685,0.7302892546510465
Al n_sub 1.8,270,9.51949268808605e-26,0.022971192317799018,0.15544898235402183,2.186740973059062e-27,0.9509359763382564,0.6594975760526879,0.2884110764088703,0.1496876928859685,0.7302892546510465
Al n_sub 1.8,271,7.853653866067765e-26,0.022971192317799025,0.15544898235402171,1.8040779335486844e-27,0.9509359763382564,0.6594975760526879,0.2884110764088703,0.1496876928859685,0.7302892546510465
Al n_sub 1.8,272,6.479324168733853e-26,0.022971192317799018,0.15544898235402183,1.488378015693486e-27,0.9509359763382564,0.6594975760526879,0.2884110764088703,0.1496876928859685,0.7302892546510465
Al n_sub 1.8,273,5.345491716272744e-26,0.022971192317799025,0.15544898235402194,1.2279231824770278e-27,0.9509359763382564,0.6594975760526879,0.2884110764088703,0.1496876928859685,0.7302892546510465
Al n_sub 1.8,274,4.410071319880315e-26,0.02297119231779902,0.15544898235402171,1.0130459642418047e-27,0.9509359763382564,0.6594975760526879,0.2884110764088703,0.1496876928859685,0.7302892546510465
Al n_sub 1.8,275,3.638342378723567e-26,0.022971192317799014,0.15544898235402194,8.35770624996574e-28,0.9509359763382564,0.6594975760526879,0.2884110764088703,0.1496876928859685,0.7302892546510465
Al n_sub 1.8,276,3.001660133055426e-26,0.02297119231779902,0.15544898235402171,6.895171218908639e-28,0.9509359763382564,0.6594975760526879,0.2884110764088703,0.1496876928859685,0.7302892546510465
Al n_sub 1.8,277,2.476392438233168e-26,0.022971192317799028,0.15544898235402194,5.688568695299735e-28,0.9509359763382566,0.6594975760526879,0.2884110764088703,0.1496876928859685,0.7302892546510465
Al n_sub 1.8,278,2.043042595197495e-26,0.02297119231779902,0.15544898235402183,4.693112436773687e-28,0.9509359763382564,0.6594975760526879,0.2884110764088703,0.1496876928859685,0.7302892546510465
Al n_sub 1.8,279,1.685525678946652e-26,0.02297119231779902,0.15544898235402194,3.8718534527672314e-28,0.9509359763382563,0.6594975760526879,0.2884110764088703,0.1496876928859685,0.7302892546510465
Al n_sub 1.8,280,1.3905715040238507e-26,0.022971192317799028,0.15544898235402194,3.1943085450582917e-28,0.9509359763382564,0.6594975760526879,0.2884110764088703,0.1496876928859685,0.7302892546510465
Al n_sub 1.8,281,1.1472320665037798e-26,0.022971192317799018,0.15544898235402183,2.635328843280432e-28,0.9509359763382564,0.6594975760526879,0.2884110764088703,0.1496876928859685,0.7302892546510465
Al n_sub 1.8,282,9.464751798854344e-27,0.02297119231779903,0.15544898235402183,2.1741663381171747e-28,0.9509359763382564,0.6594975760526879,0.2884110764088703,0.1496876928859685,0.7302892546510465
Al n_sub 1.8,283,7.808492216131878e-27,0.022971192317799025,0.15544898235402183,1.7937037640880208e-28,0.9509359763382564,0.6594975760526879,0.2884110764088703,0.1496876928859685,0.7302892546510465
Al n_sub 1.8,284,6.442065464069805e-27,0.02297119231779902,0.15544898235402183,1.479819246989987e-28,0.9509359763382566,0.6594975760526879,0.2884110764088703,0.1496876928859685,0.7302892546510465
Al n_sub 1.8,285,5.3147530015620636e-27,0.022971192317799025,0.15544898235402194,1.2208621332048178e-28,0.9509359763382564,0.6594975760526879,0.2884110764088703,0.1496876928859685,0.7302892546510465
Al n_sub 1.8,286,4.384711646467506e-27,0.022971192317799018,0.15544898235402194,1.0072205448909826e-28,0.9509359763382563,0.6594975760526879,0.2884110764088703,0.1496876928859685,0.7302892546510465
Al n_sub 1.8,287,3.6174204552906106e-27,0.022971192317799025,0.15544898235402183,8.309646097282072e-29,0.9509359763382566,0.6594975760526879,0.2884110764088703,0.1496876928859685,0.7302892546510465
Al n_sub 1.8,288,2.9843993871061747e-27,0.022971192317799014,0.15544898235402183,6.855521227433745e-29,0.9509359763382566,0.6594975760526879,0.2884110764088703,0.1496876928859685,0.7302892546510465
Al n_sub 1.8,289,2.462152191552249e-27,0.02297119231779902,0.15544898235402183,5.655857150783704e-29,0.9509359763382564,0.6594975760526879,0.2884110764088703,0.1496876928859685,0.7302892546510465
Al n_sub 1.8,290,2.031294283384689e-27,0.02297119231779902,0.15544898235402183,4.666125163767544e-29,0.9509359763382567,0.6594975760526879,0.2884110764088703,0.1496876928859685,0.7302892546510465
Al n_sub 1.8,291,1.6758332323518993e-27,0.02297119231779901,0.15544898235402205,3.8495887472914233e-29,0.9509359763382564,0.6594975760526879,0.2884110764088703,0.1496876928859685,0.7302892546510465
Al n_sub 1.8,292,1.3825751618694204e-27,0.022971192317799014,0.15544898235402171,3.175939993711456e-29,0.9509359763382563,0.6594975760526879,0.2884110764088703,0.1496876928859685,0.7302892546510465
Al n_sub 1.8,293,1.1406350234119627e-27,0.022971192317799007,0.15544898235402194,2.620174648721337e-29,0.9509359763382564,0.6594975760526879,0.2884110764088703,0.1496876928859685,0.7302892546510465
Al n_sub 1.8,294,9.410325691623325e-28,0.022971192317799014,0.15544898235402194,2.1616640123540442e-29,0.9509359763382566,0.6594975760526879,0.2884110764088703,0.1496876928859685,0.7302892546510465
Al n_sub 1.8,295,7.763590263740566e-28,0.022971192317799018,0.15544898235402183,1.7833892502497653e-29,0.9509359763382563,0.6594975760526879,0.2884110764088703,0.1496876928859685,0.7302892546510465
Al n_sub 1.8,296,6.405021011855101e-28,0.022971192317799014,0.15544898235402194,1.4713096946286716e-29,0.9509359763382566,0.6594975760526879,0.2884110764088703,0.1496876928859685,0.7302892546510465
Al n_sub 1.8,297,5.284191046751542e-28,0.022971192317799018,0.15544898235402183,1.2138416877892137e-29,0.9509359763382567,0.6594975760526879,0.2884110764088703,0.1496876928859685,0.7302892546510465
Al n_sub 1.8,298,4.359497801316635e-28,0.022971192317799018,0.15544898235402183,1.001428624030664e-29,0.9509359763382566,0.6594975760526879,0.2884110764088703,0.1496876928859685,0.7302892546510465
Al n_sub 1.8,299,3.596618841282819e-28,0.022971192317799018,0.15544898235402171,8.26186230969271e-30,0.9509359763382563,0.6594975760526879,0.2884110764088703,0.1496876928859685,0.7302892546510465
