0.5,0.005302759029936139,0.004260145749602048,0.003306501920329477,0.00248707908455354,0.001837421770557547,0.001347088578539967,0.0009866154931430276,0.0007248720674680205,0.0005355924879896789,0.0003985923420444155,0.0002990418922248663,0.000226284271697085,0.0001727385003699355,0.0001330296598828552,0.000103344349171741,8.096855158657348e-05,6.39616370745507e-05,5.092808002085403e-05,4.085796206403377e-05,3.301544477677203e-05,2.686057478615796e-05,2.199424431672935e-05,1.81192665255319e-05,1.501270098150329e-05,1.250606478297998e-05,1.047109670091815e-05,8.809451693389724e-06,7.445192458898716e-06,6.319282885047714e-06,5.385522795257677e-06,4.607526709207643e-06,3.956463542776237e-06,3.409354417720175e-06,2.947782409636812e-06,2.556908273673065e-06,2.22471487768941e-06,1.941423655116929e-06,1.699041238429672e-06,1.49100520721959e-06,1.311905745845949e-06,1.157265774790104e-06,1.023366378237569e-06,9.071075116985296e-07,8.058963336660642e-07,7.17557277303686e-07,6.402593158919406e-07,5.724568911461435e-07,5.128417483134884e-07,4.603035162374875e-07,4.138973287029391e-07,3.728171382773628e-07,3.363736501186492e-07,3.039760192527971e-07,2.751166245301573e-07,2.493583663635333e-07,2.263240414422959e-07,2.056874320235321e-07,1.871658148245328e-07,1.705136486061995e-07,1.555172430530675e-07,0.02255960219909134
1.5,0.005274493598842694,0.004240588083985882,0.003289712659373236,0.002473550540989572,0.001827023123652494,0.001339264775413393,0.0009807626824477333,0.0007204801024387504,0.000532270109244071,0.0003960520171148779,0.0002970761587640729,0.0002247442936243954,0.0001715173478941493,0.0001320500692371752,0.0001025500209825396,8.031804619137221e-05,6.342411111352583e-05,5.048030722133713e-05,4.048224347990164e-05,3.269813416367339e-05,2.659103020012046e-05,2.176407626005265e-05,1.79217935993129e-05,1.484255174775874e-05,1.235888346179411e-05,1.034332325121753e-05,8.69815567772247e-06,7.347946180500411e-06,6.234063493548861e-06,5.310635982995236e-06,4.541546667335019e-06,3.898185289176788e-06,3.357755633413869e-06,2.901992654090174e-06,2.516183979355334e-06,2.188418910418823e-06,1.909008510808711e-06,1.670035157773399e-06,1.46500064790193e-06,1.288549771541887e-06,1.136252011475194e-06,1.004428258736228e-06,8.900125840592923e-07,7.904414517896054e-07,7.035645260668881e-07,6.275725499028649e-07,5.609387877927635e-07,5.023712931102604e-07,4.507738525225976e-07,4.052139151800588e-07,3.648961672578304e-07,3.291406870144092e-07,2.973648302195394e-07,2.690681644181545e-07,2.438199035026866e-07,2.212483994291484e-07,2.010323317211996e-07,1.828933023362945e-07,1.665895971249061e-07,1.519109182908352e-07,0.02243618709678364
2.5,0.005272962267348714,0.004224063078433328,0.003274172445819474,0.002461205674783769,0.001817751592348197,0.001332466717624999,0.0009758294858542586,0.0007169125301912609,0.0005296894509941536,0.0003941809538694705,0.0002957149497102364,0.000223750086117076,0.0001707881671776703,0.0001315130439316028,0.0001021529331587614,8.002333735487032e-05,6.320465027568173e-05,5.03164054260246e-05,4.035954451867637e-05,3.260612007810028e-05,2.652195848928158e-05,2.17122209382092e-05,1.788290081455601e-05,1.481344749481199e-05,1.233718956273463e-05,1.032725074806425e-05,8.686353827204367e-06,7.339391570802396e-06,6.22797824744778e-06,5.306427145125848e-06,4.538761091376657e-06,3.896475917600674e-06,3.356856188335376e-06,2.901698565244185e-06,2.516337956892505e-06,2.188899991111953e-06,1.909723712157858e-06,1.670913097802867e-06,1.465986652161323e-06,1.289602109371374e-06,1.137338992728058e-06,1.00552598832716e-06,8.911032210341906e-07,7.915118565242172e-07,7.046052069264418e-07,6.285768415952514e-07,5.619022094590011e-07,5.032910461977899e-07,4.516484276269179e-07,4.060427840227834e-07,3.656795413197979e-07,3.298793284545758e-07,2.980599038795701e-07,2.697211221618924e-07,2.444323940375356e-07,2.218221982308194e-07,2.01569286831568e-07,1.833952927006322e-07,1.6705850083633e-07,1.52348588660118e-07,0.02235606932186818
3.5,0.005365250216417582,0.004288137423581905,0.0033184755734128,0.00249233333612592,0.001839942660169319,0.00134848814792662,0.0009875276873733125,0.000725542709417334,0.0005361182157287744,0.0003990144021414842,0.0002993816484788528,0.0002265559854596353,0.0001729535893753336,0.0001331979527670838,0.0001034743922628993,8.106768405484927e-05,6.403605235817504e-05,5.098291907982922e-05,4.089743259709741e-05,3.304295088574436e-05,2.68788442837057e-05,2.2005445785448e-05,1.81251123364328e-05,1.501453523632468e-05,1.250493676484815e-05,1.046782124343082e-05,8.804658202270396e-06,7.439364352941316e-06,6.312789101598229e-06,5.378642814584235e-06,4.600470341005567e-06,3.949386513464102e-06,3.402370612119812e-06,2.940973460092865e-06,2.550331054207474e-06,2.218407348674447e-06,1.935409412454396e-06,1.693333047328677e-06,1.485607741456552e-06,1.306817706238125e-06,1.152481523240961e-06,1.018877194200571e-06,9.029025546696258e-07,8.019633770621428e-07,7.138832647715156e-07,6.368307798849759e-07,5.692602648407973e-07,5.098635950860139e-07,4.575306955724165e-07,4.113171132275332e-07,3.704172933573958e-07,3.341424849082408e-07,3.019024161077648e-07,2.731900521476176e-07,2.475688808043645e-07,2.246622782526205e-07,2.041445919382639e-07,1.857336449646182e-07,1.69184420635978e-07,1.542837294174399e-07,0.02267507637712828
4.5,0.005348023402245779,0.004286807511240593,0.003319278292421209,0.002493127828821376,0.001840521401290829,0.00134891107548772,0.00098785422113488,0.0007258076596084621,0.0005363403759730532,0.0003992042663481457,0.0002995456186621348,0.0002266984039009745,0.0001730776883760307,0.0001333063027384399,0.0001035691222048173,8.11505983188141e-05,6.410869901246219e-05,5.104663467060294e-05,4.095337458785735e-05,3.309212304224645e-05,2.692211755868348e-05,2.204357601235212e-05,1.815875545763011e-05,1.504426051020324e-05,1.253123825604377e-05,1.049112782643911e-05,8.825342266267216e-06,7.457749368316957e-06,6.329156188795092e-06,5.393236439708012e-06,4.613503248722256e-06,3.96104399518454e-06,3.412814196116155e-06,2.950344099869147e-06,2.558751882105126e-06,2.225986053292626e-06,1.942240290960532e-06,1.699498777072511e-06,1.491180909420098e-06,1.311862129687673e-06,1.157053390427729e-06,1.023026050016368e-06,9.066721527388247e-07,8.053924167813434e-07,7.170060292379449e-07,6.396776884341417e-07,5.718583519980559e-07,5.122369260856121e-07,4.597007271759883e-07,4.133030073509237e-07,3.722361899629923e-07,3.358097397160854e-07,3.034318079021081e-07,2.745939637885309e-07,2.488584574811077e-07,2.258475660235147e-07,2.052346591793594e-07,1.867366889866315e-07,1.70107861417392e-07,1.551342921339851e-07,0.02266147230352013
5.5,0.005376170817608617,0.004297553932372887,0.003322561104263505,0.002493359954345279,0.001839755187769646,0.001347970079214588,0.000987016408224456,0.0007251358970576975,0.0005358235201333169,0.0003988121613805033,0.0002992482956411643,0.0002264714147708189,0.0001729025418599206,0.0001331694636136056,0.0001034608092931903,8.106375846533616e-05,6.403822533067374e-05,5.098879994419272e-05,4.090543012654659e-05,3.305201753194869e-05,2.688830052489975e-05,2.201486015987273e-05,1.813421976528466e-05,1.502318152583742e-05,1.251304095738284e-05,1.047535012336742e-05,8.811609075902578e-06,7.445753460357667e-06,6.318643861878275e-06,5.383996679027439e-06,4.605359418955364e-06,3.953847400542536e-06,3.406439031394792e-06,2.944683449994008e-06,2.55371452126546e-06,2.221493860834836e-06,1.938226148254788e-06,1.695904843365382e-06,1.487957199208042e-06,1.30896533211996e-06,1.154445884561874e-06,1.020675079718643e-06,9.045491325683922e-07,8.034723459690852e-07,7.152669953330113e-07,6.381004456742159e-07,5.704259622038722e-07,5.109344520616907e-07,4.585149703475265e-07,4.12222282777665e-07,3.712501330173903e-07,3.349091396502788e-07,3.026084642984906e-07,2.73840562524811e-07,2.481684633683332e-07,2.252151297147762e-07,2.046545363137923e-07,1.862041698408156e-07,1.696187095945465e-07,1.546846910389397e-07,0.02269824512783821
6.5,0.005364524885249565,0.004287707164431622,0.003312125090146334,0.002483885608075432,0.001832041317769426,0.001342049166963584,0.0009826066125196787,0.0007218971930777058,0.0005334562832203511,0.0003970809657751166,0.0002979776052024047,0.0002255336064805997,0.0001722058791770344,0.0001326482552699748,0.0001030679871943287,8.076549064237129e-05,6.381007793314156e-05,5.081302543166372e-05,4.076905605599177e-05,3.294549847000752e-05,2.680456443625665e-05,2.194863104524053e-05,1.808153413551777e-05,1.498104134501693e-05,1.247916307855488e-05,1.044798428552016e-05,8.789404875182858e-06,7.427662500654393e-06,6.303847322655302e-06,5.371851356690151e-06,4.595357276188693e-06,3.945585052930594e-06,3.399594589063717e-06,2.938998836048143e-06,2.548981892910687e-06,2.217545122027845e-06,1.9349248054653e-06,1.693139647312385e-06,1.485637155454148e-06,1.307015766486435e-06,1.152805325630108e-06,1.019292777478004e-06,9.033830747728225e-07,8.024876657413561e-07,7.144346877386345e-07,6.373963293695007e-07,5.698298363052645e-07,5.104294091630802e-07,4.580868349258664e-07,4.118591506685898e-07,3.709419926554501e-07,3.346475596866409e-07,3.02386335284468e-07,2.736518827734992e-07,2.48008161024642e-07,2.250789145877361e-07,2.045387762398271e-07,1.861057873188501e-07,1.695350952145977e-07,1.546136308550429e-07,0.02262626274683895
7.5,0.00538137827170084,0.004309939367046096,0.003327731690155135,0.002494365939987653,0.001839261505384424,0.001347206713122577,0.0009864069059985301,0.0007247632755193726,0.0005356546815173432,0.0003987886608561826,0.0002993174014840658,0.0002265935544027869,0.0001730505961248424,0.0001333259527127679,0.0001036150786993217,8.120974435770338e-05,6.41728399870161e-05,5.111082185181618e-05,4.101476451859688e-05,3.314921507051641e-05,2.697425056905478e-05,2.209059979000683e-05,1.820081839765922e-05,1.508167420329156e-05,1.256439251258386e-05,1.052043855678405e-05,8.851220586991688e-06,7.480584277611973e-06,6.34930579416695e-06,5.411024469198489e-06,4.629218730696946e-06,3.974942750882467e-06,3.425121286739548e-06,2.961256694590837e-06,2.568442223807807e-06,2.234604334143535e-06,1.949917335907272e-06,1.706348487113786e-06,1.497302449345012e-06,1.317341864325488e-06,1.161966584192075e-06,1.027438349860638e-06,9.106408766444618e-07,8.089676699226915e-07,7.202316688676901e-07,6.425921568553346e-07,5.744953950691561e-07,5.146262127461828e-07,4.618683835990749e-07,4.152720775854267e-07,3.740270333533245e-07,3.37440373984214e-07,3.049182055438626e-07,2.759503083604375e-07,2.500973654215677e-07,2.269802788473499e-07,2.062712101924041e-07,1.876860480728743e-07,1.709780609420288e-07,1.559325365700295e-07,0.0227215741666091
8.5,0.005369091815717668,0.004286723987933982,0.003303236390073949,0.002473248249140261,0.001822597221514876,0.001334593605563666,0.0009770375963157872,0.0007178483715082596,0.0005305487467095575,0.0003950014001216325,0.0002964888839170287,0.0002244636276017808,0.0001714322859513857,0.0001320848829880129,0.0001026543549866966,8.045912458916277e-05,6.358106504388914e-05,5.064020669033092e-05,4.063738324293937e-05,3.28442030505259e-05,2.672588830660109e-05,2.188694468878691e-05,1.803272179655938e-05,1.494207051480565e-05,1.244778155209483e-05,1.042250583224347e-05,8.768556722323235e-06,7.410476136728191e-06,6.289579815625666e-06,5.359928283415441e-06,4.585331045082774e-06,3.937104256288316e-06,3.392381307295847e-06,2.932831711340324e-06,2.543683416019739e-06,2.212972016033578e-06,1.930960701173284e-06,1.689689465753199e-06,1.482622770530784e-06,1.304372633976843e-06,1.150479846460037e-06,1.017240222525165e-06,9.015659418229109e-07,8.00874371085655e-07,7.129985184672715e-07,6.361145999428359e-07,5.686832061022188e-07,5.094013275781287e-07,4.571630880613851e-07,4.110274893611852e-07,3.70191825933573e-07,3.339697011129145e-07,3.017727922342201e-07,2.730956807227763e-07,2.47503196502362e-07,2.246198316896014e-07,2.041208625833366e-07,1.857248860977001e-07,1.691875306316022e-07,1.542961447096976e-07,0.02257314183669769
9.5,0.005375272359705243,0.004283557845528024,0.003296201668655936,0.002465535416287494,0.001815776672502304,0.001329094148200547,0.000972788877553212,0.0007146276718725999,0.0005281234853752113,0.0003931750618342194,0.0002951084875661422,0.000223414366362422,0.0001706293805628832,0.0001314660820451121,0.0001021739485141661,8.008344203336454e-05,6.328518109465537e-05,5.040555987833997e-05,4.045006137919585e-05,3.269370829849783e-05,2.660424510108341e-05,2.178805246967777e-05,1.795188288890899e-05,1.487564376692149e-05,1.239292668997456e-05,1.037699359716474e-05,8.730626979734286e-06,7.378731171745022e-06,6.262903591295583e-06,5.33742497074545e-06,4.566277943938736e-06,3.920915526398327e-06,3.378579867326694e-06,2.921027345465107e-06,2.533555624777227e-06,2.204256513311013e-06,1.923438728516976e-06,1.683179295082411e-06,1.476972915438018e-06,1.299456401631579e-06,1.146190946454007e-06,1.01348921290364e-06,8.982773412271016e-07,7.979843031978016e-07,7.104527836173093e-07,6.338670908921337e-07,5.66694602223656e-07,5.076380150698101e-07,4.555962643425841e-07,4.096324180684081e-07,3.689472154672049e-07,3.328571848663249e-07,3.007764927631355e-07,2.722018434107126e-07,2.466998809239386e-07,2.238966510041308e-07,2.034687630126935e-07,1.851359599382845e-07,1.68654857385655e-07,1.538136558477585e-07,0.02253106679212132
10.5,0.005422996760910674,0.004312879860484765,0.003311436501412471,0.002473535121934429,0.001820328054647846,0.001331974939898342,0.0009747981722960918,0.000716128940042399,0.0005292921313924946,0.0003941049453067842,0.0002958566381301383,0.0002240196963295078,0.0001711206942774681,0.0001318657200583626,0.0001024996399885646,8.0349395751027e-05,6.350282491936604e-05,5.058409325593612e-05,4.059689009683316e-05,3.281479408787855e-05,2.670438851163065e-05,2.187112163429803e-05,1.802099800941823e-05,1.493332541513402e-05,1.244121469187106e-05,1.041754213829765e-05,8.764780587264908e-06,7.407585380176813e-06,6.287353378734453e-06,5.358203451105571e-06,4.583987305391489e-06,3.936051803370704e-06,3.391552808260988e-06,2.932176378080859e-06,2.543162712948927e-06,2.212556534789241e-06,1.930627872120968e-06,1.689421872726194e-06,1.482406902777887e-06,1.304197956705464e-06,1.15033810480548e-06,1.017124917474815e-06,9.014719334968803e-07,8.00797576847461e-07,7.129356820183041e-07,6.360631138268997e-07,5.68640974602064e-07,5.093666603113165e-07,4.571346170224263e-07,4.110041039556219e-07,3.701726218824921e-07,3.33953940098706e-07,3.017598699008497e-07,2.730851012019154e-07,2.474945520581165e-07,2.246127863942536e-07,2.041151391800506e-07,1.857202553924761e-07,1.691838028999309e-07,1.542931627138052e-07,0.02264852773948257
11.5,0.005448841046775716,0.004338597804656467,0.003328375455228578,0.002484182596901778,0.001827247633466726,0.001336708682053548,0.0009781904663120832,0.0007186470914444119,0.0005312087160223232,0.0003955897391116608,0.0002970220492486404,0.0002249438453497203,0.0001718598123278465,0.0001324612878760213,0.0001029827930608327,8.07438069443099e-05,6.382667685031432e-05,5.085147133323982e-05,4.081878839505806e-05,3.299985318420121e-05,2.685944313413203e-05,2.200161100358158e-05,1.813127578581752e-05,1.502689551029532e-05,1.252091188147411e-05,1.04856712749957e-05,8.823224554610236e-06,7.457889294727444e-06,6.330790635098189e-06,5.395827805602831e-06,4.616674163695099e-06,3.964531114018895e-06,3.416435394879585e-06,2.953975116572026e-06,2.562309638358301e-06,2.229416718877813e-06,1.945510727013541e-06,1.702590393836055e-06,1.49408525478522e-06,1.314577721738103e-06,1.159583446203968e-06,1.025376861177728e-06,9.08851928813351e-07,8.074104666630749e-07,7.188721873864937e-07,6.414019179636697e-07,5.734504754025414e-07,5.137064477757198e-07,4.610567217466036e-07,4.145540545866772e-07,3.733903427572048e-07,3.368745148536277e-07,3.044141924181332e-07,2.75500431636897e-07,2.496949927272766e-07,2.26619689861143e-07,2.059474588630886e-07,1.873948473528386e-07,1.707156860863288e-07,1.556957437924526e-07,0.02275504377607566
12.5,0.005487175970193749,0.004348779424784378,0.003325301072652799,0.002476967892258299,0.001819845169953336,0.001330427248465718,0.0009732456392237519,0.0007148804437080505,0.0005283776607574589,0.0003934689341494522,0.0002954299202332665,0.0002237424617340796,0.0001709471378616994,0.0001317626674011431,0.0001024437610762884,8.032456092589841e-05,6.349800531830971e-05,5.059181172429761e-05,4.06121184837468e-05,3.2834182819616e-05,2.672573364723906e-05,2.189299815327904e-05,1.804250820475487e-05,1.495392655601294e-05,1.246060114074688e-05,1.043556484149922e-05,8.781392213044739e-06,7.422803059900618e-06,6.301233530776888e-06,5.37082489567336e-06,4.595440062990569e-06,3.946429782193788e-06,3.400949144036945e-06,2.940680574131863e-06,2.550858993066694e-06,2.219523004427916e-06,1.936936209858672e-06,1.69513736147298e-06,1.487588670824234e-06,1.30889934068405e-06,1.154607075686478e-06,1.02100453077757e-06,9.050007787136977e-07,8.040102105382577e-07,7.158630354706752e-07,6.387328705068128e-07,5.710779154900412e-07,5.115929770777229e-07,4.591701941584067e-07,4.12866771663563e-07,3.718783818955398e-07,3.355171667503137e-07,3.031934887771354e-07,2.744007476334579e-07,2.487027115792137e-07,2.257229191406636e-07,2.0513579002706e-07,1.866591514643268e-07,1.700479399159502e-07,1.550888814800557e-07,0.02275879638665072
13.5,0.005486661792470271,0.004347662590364477,0.003319941602789852,0.002470567844076678,0.001814208133422148,0.001326058209565814,0.0009700720055204579,0.0007126576931931815,0.0005268554162942024,0.0003924424773447517,0.0002947465138182522,0.0002232932062990216,0.0001706562668773264,0.0001315781892984208,0.000102330286341884,8.025812213675322e-05,6.34624289711152e-05,5.057621838971168e-05,4.060921562648957e-05,3.28391043709221e-05,2.673525301395481e-05,2.19049949881632e-05,1.805560720466037e-05,1.4967252786542e-05,1.247361430043671e-05,1.044794703389274e-05,8.792972016789073e-06,7.433504241769147e-06,6.31104049951519e-06,5.379759532179246e-06,4.603546280226729e-06,3.953763332902122e-06,3.407570985205847e-06,2.946652635118198e-06,2.556241560785618e-06,2.224373189119397e-06,1.941307125834744e-06,1.69907777416037e-06,1.491142941461822e-06,1.312107554859283e-06,1.157505279437756e-06,1.023625023673339e-06,9.073724308550277e-07,8.061587823657925e-07,7.178114873376871e-07,6.405016544116416e-07,5.72685244972933e-07,5.130550736515881e-07,4.605015101556003e-07,4.140801903145307e-07,3.729853959986491e-07,3.365280375754118e-07,3.0411738695785e-07,2.752458778063035e-07,2.494764224630413e-07,2.264318006461844e-07,2.057857588619897e-07,1.872555265676351e-07,1.705955089227071e-07,1.555919592914221e-07,0.02272581235652159
14.5,0.005527615809611783,0.004368093236153284,0.003327493952526268,0.002472413346400095,0.001813949356121915,0.001325218335289535,0.0009692141689156531,0.0007119492881875829,0.0005263168908603658,0.0003920483572552558,0.0002944631015420296,0.0002230908025122839,0.0001705118359865204,0.0001314748382109355,0.0001022559573441569,8.020431879122582e-05,6.342319482439738e-05,5.054738012068021e-05,4.058784281074103e-05,3.282313105826858e-05,2.672321505416821e-05,2.189584835760111e-05,1.804860239521042e-05,1.496184780342042e-05,1.246941421149476e-05,1.044466179333418e-05,8.790386895073639e-06,7.43145898025699e-06,6.309414527986887e-06,5.378461419095496e-06,4.602506153258902e-06,3.952927395436356e-06,3.406897520665038e-06,2.946109074020121e-06,2.555802311864179e-06,2.224018023486079e-06,1.941019964210609e-06,1.698845769945966e-06,1.490955782484264e-06,1.311956927912516e-06,1.157384456872557e-06,1.023528542131965e-06,9.072958400517119e-07,8.060984474720005e-07,7.177644326578684e-07,6.404654390646274e-07,5.726578635324727e-07,5.130348763639685e-07,4.604871385979328e-07,4.140705252954463e-07,3.729795152140224e-07,3.365251810737883e-07,3.041169288859235e-07,2.752473032254756e-07,2.494793082768077e-07,2.264357998720947e-07,2.057905876339845e-07,1.872609533743893e-07,1.706013456824565e-07,1.555980539391909e-07,0.02279197631742311
15.5,0.00557041388066342,0.004383967103387038,0.003328590768732839,0.002468256549589802,0.00180890240131018,0.00132082357443691,0.0009658134521847488,0.0007094586124379115,0.0005245438510271026,0.0003908055454113336,0.0002935995879176965,0.0002224941154417208,0.0001701012432758165,0.0001311934832893386,0.0001020641790152426,8.007457146551874e-05,6.333637594229366e-05,5.049024114527693e-05,4.055118724662439e-05,3.28005677960125e-05,2.671029781598328e-05,2.188948166627543e-05,1.804663098701167e-05,1.496277224934801e-05,1.247219346169598e-05,1.044857570575939e-05,8.794940262475384e-06,7.436314348268715e-06,6.314345048541769e-06,5.383317689398871e-06,4.607192847484791e-06,3.957386773975404e-06,3.411097783397089e-06,2.950036134377217e-06,2.559453992297591e-06,2.227399968312317e-06,1.944142772345705e-06,1.701722994958375e-06,1.493602549434325e-06,1.314388988532256e-06,1.159617555731397e-06,1.025578002758211e-06,9.09176305879695e-07,8.078237310007431e-07,7.193474394750124e-07,6.419181429152365e-07,5.739913154617535e-07,5.142592358927898e-07,4.616117184395097e-07,4.15103843676144e-07,3.73929351697589e-07,3.373986331051676e-07,3.049204672117902e-07,2.759868250173686e-07,2.501601872545407e-07,2.270629330544438e-07,2.063684385702707e-07,1.877935918632948e-07,1.710924840842643e-07,1.560510802499059e-07,0.02282662577704006
16.5,0.005596469137057918,0.004398479042281433,0.003332992528164125,0.00246820422130967,0.001807467939475261,0.001319257023694814,0.0009645125705319938,0.0007084864007825443,0.0005238542955341,0.0003903307812670315,0.000293278877566969,0.0002222805405260479,0.0001699608505782282,0.0001311025123766602,0.0001020063080509117,8.003870916909344e-05,6.331503607807775e-05,5.047839452679762e-05,4.054546861372192e-05,3.279873442626069e-05,2.671086241523956e-05,2.189146433247303e-05,1.80493919472616e-05,1.496589918356618e-05,1.247542564891831e-05,1.0451752992656e-05,8.797968762746059e-06,7.439143420931303e-06,6.31695188119061e-06,5.385697009440349e-06,4.609350090166602e-06,3.959333578849457e-06,3.412849056856101e-06,2.951608162942729e-06,2.560863258265703e-06,2.228662432282318e-06,1.945273463615258e-06,1.702735802580436e-06,1.494510141858508e-06,1.315202813572742e-06,1.16034788874883e-06,1.026234021875466e-06,9.097661804398738e-07,8.083547144536336e-07,7.198259612166636e-07,6.423498958289094e-07,5.743813373753948e-07,5.14611984122228e-07,4.619311371944436e-07,4.153934244813142e-07,3.741921872017823e-07,3.376374647686861e-07,3.051377274145352e-07,2.761846741390304e-07,2.503405462618071e-07,2.272275120985979e-07,2.065187620591647e-07,1.879310204291661e-07,1.712182338261258e-07,1.56166239588107e-07,0.0228642500693206
17.5,0.005645417400345181,0.004415677433455927,0.003334003751561873,0.002463595922300336,0.001801940686090103,0.001314444644369429,0.0009607691529855581,0.0007057181213703345,0.0005218553842771193,0.0003889021758365223,0.0002922606309879114,0.0002215534795214856,0.0001694393017831685,0.0001307259464832197,0.0001017322887538445,7.983755120309471e-05,6.316595210742142e-05,5.036678281238686e-05,4.046102649844058e-05,3.273415308102463e-05,2.666092496491414e-05,2.185242206058387e-05,1.80185317466444e-05,1.494124255979792e-05,1.245551837739979e-05,1.043551742290457e-05,8.784599570041509e-06,7.428033613297262e-06,6.307639970520903e-06,5.377829059534071e-06,4.602652276428752e-06,3.953592215865283e-06,3.407895961737754e-06,2.947309853718983e-06,2.557112925609442e-06,2.225373929467146e-06,1.94237677468408e-06,1.700173600326918e-06,1.492235154630885e-06,1.313175796392421e-06,1.158536048989535e-06,1.024609789160998e-06,9.083062389481469e-07,8.070392365851704e-07,7.186379967954004e-07,6.412748822066608e-07,5.734067041127057e-07,5.137268321060487e-07,4.611259766926822e-07,4.146599601337504e-07,3.735231406016977e-07,3.370264273154447e-07,3.045790376720227e-07,2.756733151346397e-07,2.498720590916443e-07,2.267979229308629e-07,2.061245201972539e-07,1.875689455449667e-07,1.708854708296405e-07,1.558602198826151e-07,0.02290271517838382
18.5,0.005663017141657128,0.00441389346159452,0.003322965260266398,0.002450786069106839,0.001790536123388133,0.001305279846871913,0.0009537364028536853,0.0007004310714022955,0.0005179097533188414,0.0003859579784356971,0.0002900550561041079,0.0002198909627906886,0.0001681767917906847,0.0001297594632898955,0.0001009862771280811,7.925693854411856e-05,6.271038843011318e-05,5.000651665013482e-05,4.017396592989271e-05,3.250377144213765e-05,2.647476447395278e-05,2.170101999625471e-05,1.789464569354593e-05,1.483928803651321e-05,1.237115797623041e-05,1.036535861298999e-05,8.725970888915988e-06,7.378817756960275e-06,6.266148448563289e-06,5.342707413239533e-06,4.572807919070713e-06,3.928139128966871e-06,3.386112034020547e-06,2.928603764749409e-06,2.540998281760826e-06,2.21144894518829e-06,1.930308219968647e-06,1.689684049966486e-06,1.48309280766507e-06,1.305186307473987e-06,1.151535943149231e-06,1.018461129195494e-06,9.028922886951491e-07,8.022609197554104e-07,7.144109942393235e-07,6.375272437697761e-07,5.700768769945934e-07,5.107620276820418e-07,4.584808134296157e-07,4.122953325434663e-07,3.714052738931485e-07,3.351260851092335e-07,3.028708562737746e-07,2.741352427661185e-07,2.484848824134115e-07,2.255448663606358e-07,2.049909060920427e-07,1.865419053959328e-07,1.699536993132403e-07,1.550137649962419e-07,0.02284502227280336
19.5,0.00569951389714684,0.00442721267467345,0.003323993156565466,0.002447491040951704,0.00178655154986105,0.00130187051548297,0.0009511651662594294,0.000698611228125493,0.0005166705668937731,0.0003851379775591502,0.0002895266851796588,0.00021956089420903,0.0001679793627231702,0.0001296494853955025,0.0001009330752312187,7.923988866276016e-05,6.271573570744124e-05,5.002516282245969e-05,4.019995219773487e-05,3.253324632592652e-05,2.650528483136443e-05,2.17310790265861e-05,1.792335490454912e-05,1.486616339751776e-05,1.239597648743882e-05,1.038806243199234e-05,8.746603555121253e-06,7.39748206056864e-06,6.282978874288452e-06,5.357852376091486e-06,4.586418556300104e-06,3.94036245921613e-06,3.39708700396546e-06,2.93845918436468e-06,2.549851975549608e-06,2.219407668080099e-06,1.937468036787122e-06,1.696130979201548e-06,1.488903599218698e-06,1.310429270589764e-06,1.156271772029216e-06,1.022743694721575e-06,9.067693785259094e-07,8.057749181303539e-07,7.175994986384057e-07,6.404236192056889e-07,5.727107508808194e-07,5.131597294145887e-07,4.606657633803147e-07,4.142883853158298e-07,3.732250205919869e-07,3.367891191258065e-07,3.04392006757808e-07,2.755277795893736e-07,2.497606960553363e-07,2.267146257827978e-07,2.060641973248773e-07,1.875273532444578e-07,1.708590743000915e-07,1.558460774009929e-07,0.02287793773211341
20.5,0.005721972756674598,0.004429978165707242,0.003315946507661292,0.002437045694103865,0.001777205065956339,0.001294533839796473,0.0009457435460461923,0.0006947248002746406,0.0005139275062486668,0.0003832163608387205,0.0002881845687185639,0.0002186239842005926,0.0001673247548024113,0.0001291914262438359,0.0001006120096459372,7.901450574159918e-05,6.255735628393545e-05,4.991383650357494e-05,4.012176239967443e-05,3.247845459244226e-05,2.64670533655661e-05,2.170459011616311e-05,1.790520254313817e-05,1.485393173893039e-05,1.238794678518268e-05,1.038300856891696e-05,8.743648843801191e-06,7.395998564265929e-06,6.282516343831229e-06,5.35808789312288e-06,4.587120710558e-06,3.941365768243515e-06,3.398273579998686e-06,2.93974554972469e-06,2.551179550176788e-06,2.220735886419521e-06,1.938769354464994e-06,1.697387242855029e-06,1.490103402951726e-06,1.311566028788187e-06,1.157342313796584e-06,1.023747239100317e-06,9.077067882939876e-07,8.066481577510328e-07,7.184112420085009e-07,6.411769673944496e-07,5.734090306337187e-07,5.13806350920382e-07,4.612641214553088e-07,4.148417923124744e-07,3.737366623965961e-07,3.372620278668146e-07,3.048290455145018e-07,2.759316356269064e-07,2.501338800282717e-07,2.270594750296305e-07,2.06382881880962e-07,1.878218835756551e-07,1.711313100374804e-07,1.560977365629543e-07,0.02284958387481988
21.5,0.005793010878999492,0.00446248484269276,0.003328347202414191,0.002440828079702956,0.001777741171051472,0.001294050701872653,0.0009450769939569722,0.0006941447894379876,0.0005134915081994914,0.0003829114856200347,0.0002879810607104215,0.0002184933190380826,0.0001672443684933978,0.0001291448393017207,0.0001005876670499903,7.900449449462606e-05,6.255634126073895e-05,4.99182642182127e-05,4.012929348854653e-05,3.248756948744318e-05,2.647678216411195e-05,2.171432906528147e-05,1.791459002352108e-05,1.486276478211138e-05,1.239612507248641e-05,1.039049701093388e-05,8.750452698450369e-06,7.402147002447442e-06,6.2880516960365e-06,5.363058707157183e-06,4.591577357165259e-06,3.945357741706114e-06,3.401847918329247e-06,2.942945986885172e-06,2.554046139898168e-06,2.22330492326524e-06,1.941073476031681e-06,1.699455636393608e-06,1.491962066284811e-06,1.313238053305887e-06,1.158848169321473e-06,1.025105048418162e-06,9.089325844385539e-07,8.077561205859798e-07,7.19413912864398e-07,6.42085441901013e-07,5.742331307135627e-07,5.145547773691366e-07,4.61944588751737e-07,4.154611473676439e-07,3.743009889215007e-07,3.377767379518337e-07,3.052989598976391e-07,2.763610539974688e-07,2.505266425793589e-07,2.274190163429913e-07,2.06712278105394e-07,1.881238937471361e-07,1.714084122865461e-07,1.563521598625437e-07,0.02296702109407842
22.5,0.005850978695150229,0.004474929869275968,0.003322479029572075,0.002429958754629022,0.001767124350728979,0.001285266601408686,0.00093828055051241,0.000689038259324578,0.0005096984213131714,0.0003800997878878271,0.0002858902233431195,0.0002169289767306991,0.0001660647934097757,0.000128247640205787,9.98990131399049e-05,7.847102647456299e-05,6.213930958472873e-05,4.958935062417917e-05,3.98676524035305e-05,3.227773584092787e-05,2.630718902048152e-05,2.157625321969893e-05,1.780139812854327e-05,1.476937111152715e-05,1.231859894863422e-05,1.032577661141051e-05,8.696134911407623e-06,7.356331985040261e-06,6.249227039061744e-06,5.330012469617215e-06,4.563332290811733e-06,3.921121178073454e-06,3.380973314597042e-06,2.924903211695187e-06,2.53839835697735e-06,2.209690490199234e-06,1.929191681034712e-06,1.689055391661179e-06,1.482832893576168e-06,1.305202857734287e-06,1.151757416514996e-06,1.018832049374186e-06,9.033696595140004e-07,8.028114649044181e-07,7.150090241626627e-07,6.381530015358778e-07,5.707152514459263e-07,5.114015492955593e-07,4.591128685918608e-07,4.129135471604614e-07,3.720050287246379e-07,3.357041338980655e-07,3.034250243383187e-07,2.746641887563881e-07,2.489879097852474e-07,2.260217740838778e-07,2.054418703924515e-07,1.869673860978312e-07,1.70354365721712e-07,1.553904373260851e-07,0.02297356807462357
23.5,0.00590614777417647,0.004495194607426515,0.003325813371256124,0.002427364407731383,0.001763326919575113,0.001281909833119763,0.000935747953963706,0.0006872726966219784,0.0005085293927150387,0.0003793589119138582,0.0002854431547797912,0.0002166775423902126,0.0001659404337255284,0.0001282037472166566,9.990447787045668e-05,7.850539147441888e-05,6.218931767548524e-05,4.964655704433665e-05,3.992679969178057e-05,3.233565903513497e-05,2.636208324284674e-05,2.162718640552972e-05,1.78479885594214e-05,1.481157528014359e-05,1.23565730465343e-05,1.035978699254651e-05,8.726501021960565e-06,7.3833907203992e-06,6.273311158903566e-06,5.351438161368804e-06,4.58239261852238e-06,3.938083255593969e-06,3.396077778599048e-06,2.93836506191216e-06,2.55040855884065e-06,2.220417952901948e-06,1.938785368282924e-06,1.69764641731991e-06,1.490536516430837e-06,1.312120329639705e-06,1.157977663656112e-06,1.024433182156476e-06,9.084203160463706e-07,8.073719983489667e-07,7.191325468809506e-07,6.418862999428821e-07,5.740995854395952e-07,5.144733494878501e-07,4.619043436022207e-07,4.154532121214463e-07,3.74318165001627e-07,3.378131889069899e-07,3.053499592946403e-07,2.764227812241833e-07,2.505960170246599e-07,2.274935624184481e-07,2.067900151308992e-07,1.88203245941295e-07,1.714881350597683e-07,1.564312793652807e-07,0.0230363236766985
24.5,0.005944850861914488,0.004500437124711652,0.003316616789208428,0.00241482495993372,0.001751777090783056,0.001272536074069214,0.0009285362330603508,0.0006818510007807993,0.0005044865380916997,0.0003763447821624872,0.0002831864311876373,0.0002149765156414824,0.000164647892679897,0.0001272129869123567,9.913818822351022e-05,7.790737795255967e-05,6.171851217337879e-05,4.927274365968926e-05,3.962757961379508e-05,3.20942957314213e-05,2.616596853344696e-05,2.146674367125632e-05,1.771588414350637e-05,1.470214790595672e-05,1.226541817194843e-05,1.028345187276827e-05,8.66225935463697e-06,7.329074865850622e-06,6.22718629365972e-06,5.312107183632127e-06,4.548723764106919e-06,3.909154604451172e-06,3.371134412422944e-06,2.91678576403724e-06,2.53167976148752e-06,2.204113226198877e-06,1.924549174990911e-06,1.68518117217544e-06,1.479592221506112e-06,1.302486229813282e-06,1.149475495383458e-06,1.016911685844491e-06,9.017507558455445e-07,8.014444891576569e-07,7.138530312420635e-07,6.371740505572556e-07,5.698851346245985e-07,5.106967668570851e-07,4.585137988644833e-07,4.124037721940969e-07,3.715707843604426e-07,3.353338598247761e-07,3.03108994791984e-07,2.743942085036309e-07,2.487570631431982e-07,2.258242171732376e-07,2.052726587459576e-07,1.868223312706035e-07,1.70229915761063e-07,1.552835769244639e-07,0.02300769632741055
25.5,0.006002113440699131,0.00450962394585727,0.003309098269713048,0.002403596848350122,0.00174145315684048,0.001264303869065403,0.0009223559421952871,0.000677338064815839,0.0005012302995487765,0.0003740034191397101,0.0002815005196083086,0.0002137572831887252,0.0001637607031018056,0.0001265626572376006,9.865760142911329e-05,7.754915727990084e-05,6.144910498653814e-05,4.906827536743416e-05,3.947096554805647e-05,3.197323246414875e-05,2.607153530226429e-05,2.139242590051111e-05,1.765688903152258e-05,1.465492250131735e-05,1.222730827387188e-05,1.025245925381037e-05,8.636867939898694e-06,7.308125512069648e-06,6.209786001917661e-06,5.29756284451607e-06,4.536493482632625e-06,3.89881169810122e-06,3.362340601404464e-06,2.909271070827692e-06,2.525227338579378e-06,2.198547826996573e-06,1.919728335214742e-06,1.680988420819713e-06,1.475931821150365e-06,1.299279076618438e-06,1.146655903909414e-06,1.014424853077253e-06,8.995507497017442e-07,7.994926443326921e-07,7.121166632129745e-07,6.356254194407248e-07,5.685006062942752e-07,5.094561305962175e-07,4.573997098540814e-07,4.114012940336601e-07,3.706670121169975e-07,3.345176081979459e-07,3.023705391587425e-07,2.737250690834349e-07,2.481498244653653e-07,2.252723765566854e-07,2.047704987100437e-07,1.863648117557781e-07,1.698125828038031e-07,1.549024850442782e-07,0.0230140064354531
26.5,0.00604967333326204,0.00451978964500793,0.003304061631617676,0.002394465290578697,0.001732680078847668,0.001257197625413327,0.0009170007707623979,0.0006734394295177874,0.000498438871671349,0.000372019073106792,0.0002800925976645707,0.0002127572156384781,0.0001630482838239415,0.0001260531674072299,9.829161569372762e-05,7.728502296663639e-05,6.125757861917883e-05,4.892876186139747e-05,3.936890217010352e-05,3.18982744924395e-05,2.601629771658974e-05,2.135160913224158e-05,1.762666976390456e-05,1.46325275943817e-05,1.221071551172545e-05,1.024018620336539e-05,8.627822256608297e-06,7.301498276239294e-06,6.204975323648625e-06,5.294118860471232e-06,4.534078544936472e-06,3.897171406580399e-06,3.361282614777259e-06,2.908649527295347e-06,2.524931342343586e-06,2.19849289718581e-06,1.919850024288568e-06,1.681237529808914e-06,1.476270796085355e-06,1.299679282931438e-06,1.147095556511997e-06,1.014887438337158e-06,9.000238180773394e-07,7.999668834894825e-07,7.125851842459083e-07,6.360832056381161e-07,5.689440863338673e-07,5.098828473324937e-07,4.578080627838033e-07,4.117903387270306e-07,3.71036303821643e-07,3.348670797891805e-07,3.027004058628676e-07,2.740357541188438e-07,2.484419010607101e-07,2.255465228145804e-07,2.050274625621125e-07,1.866053838554978e-07,1.700375756690996e-07,1.55112717123661e-07,0.02302268771325693
27.5,0.006122079484312332,0.004537049600232316,0.003300466823513757,0.002385114212575984,0.00172319695325223,0.001249266485740774,0.0009108384113582164,0.0006687999075703603,0.0004949885432481073,0.0003694592686148154,0.0002781877297943065,0.0002113310946360054,0.0001619722603342842,0.0001252342163708818,9.766261570067123e-05,7.679743758024202e-05,6.087614414168682e-05,4.862769665598346e-05,3.912922061433448e-05,3.170588637083929e-05,2.586066088896948e-05,2.1224770734706e-05,1.752258040210275e-05,1.454654787638458e-05,1.213925865939706e-05,1.01804574274834e-05,8.577627333149565e-06,7.259101917833515e-06,6.168995615180521e-06,5.263447990145779e-06,4.507822840482778e-06,3.874605643797329e-06,3.34181495200714e-06,2.891794406719187e-06,2.510288406159609e-06,2.185730476278985e-06,1.908692126399992e-06,1.671453523689335e-06,1.467667185939318e-06,1.292093113603165e-06,1.140389098516954e-06,1.008943883132954e-06,8.947437751656513e-07,7.952655172969993e-07,7.083898640585485e-07,6.32331568942766e-07,5.655824368001704e-07,5.068648248542333e-07,4.550935356174849e-07,4.09344477652904e-07,3.688288060397638e-07,3.328715164263703e-07,3.008936718672164e-07,2.723976032329952e-07,2.46954551705611e-07,2.241943232452781e-07,2.037966057033893e-07,1.854836638864292e-07,1.690141797794052e-07,1.541780469717158e-07,0.02305675496608946
28.5,0.006192807145880161,0.004555302058576204,0.003298310101100566,0.002377255214453428,0.001715130328503654,0.001242623212004375,0.0009058160288699413,0.0006651512066757288,0.0004923884109839117,0.0003676224345979171,0.0002768938312745322,0.0002104191808657261,0.0001613279383018278,0.0001247772589903543,9.733708410424463e-05,7.656438835567683e-05,6.070843882236679e-05,4.850637490275515e-05,3.904098867356447e-05,3.164138430215333e-05,2.581326783810906e-05,2.118978015323728e-05,1.749662927004468e-05,1.452722042842182e-05,1.212481022530587e-05,1.016962117654619e-05,8.569478430267453e-06,7.252961587021585e-06,6.164363056218603e-06,5.259951819517849e-06,4.505186280516915e-06,3.872621438373961e-06,3.340327196994639e-06,2.890685320521986e-06,2.509468647390293e-06,2.185132021265086e-06,1.908263003422296e-06,1.671153900791537e-06,1.4674664504592e-06,1.29196768191052e-06,1.140320766021365e-06,1.008918575932093e-06,8.947506016596522e-07,7.952960448403882e-07,7.08437565171808e-07,6.323913958182675e-07,5.656504932716683e-07,5.06938112695164e-07,4.551697577354553e-07,4.094218849912863e-07,3.689060781689524e-07,3.329476681875957e-07,3.009679802255609e-07,2.724695498531535e-07,2.470237777942891e-07,2.242605939892898e-07,2.038597822329547e-07,1.855436811538795e-07,1.690710290981171e-07,1.542317622339216e-07,0.02310340994326649
29.5,0.006250210904263156,0.004556703694051463,0.003282758978202684,0.002359390207578304,0.001699677828009306,0.001230523473075098,0.0008967417282462905,0.0006584729851013824,0.0004875061119991899,0.0003640530166420866,0.0002742742514347331,0.0002084850170872098,0.0001598893019506395,0.0001236984774625355,9.652122107990992e-05,7.594197624151211e-05,6.022945440523163e-05,4.813458126835631e-05,3.874995935608334e-05,3.141170865510391e-05,2.563058161841192e-05,2.104337207758436e-05,1.737845021621966e-05,1.443117499799126e-05,1.204624714082101e-05,1.010496437497096e-05,8.515958246640039e-06,7.208417548838596e-06,6.127098219834083e-06,5.228624434344358e-06,4.478728658807309e-06,3.850178781489212e-06,3.321211156244715e-06,2.874338508350034e-06,2.495437339758063e-06,2.173045027056244e-06,1.89781520662535e-06,1.662093365560076e-06,1.459584259520465e-06,1.285089884536777e-06,1.134301963653366e-06,1.003636786317676e-06,8.901031266024044e-07,7.911961299326308e-07,7.048116876971959e-07,6.291770533364189e-07,5.627943931508015e-07,5.043946841763951e-07,4.528999245724554e-07,4.073920494832689e-07,3.670872773679285e-07,3.313148708686631e-07,2.994994993563964e-07,2.711465501608987e-07,2.458298618902145e-07,2.231814535926489e-07,2.028829035032861e-07,1.846580951255974e-07,1.682670998132179e-07,1.535010064665711e-07,0.02306611536359094
30.5,0.00630775125643508,0.004564273339009005,0.003272851671796211,0.002345881614082365,0.00168742229772431,0.001220723408789125,0.0008893078993915894,0.000652961677587815,0.000483453948213636,0.0003610751633471903,0.0002720773176229209,0.0002068537176450666,0.0001586683655286964,0.0001227766435216401,9.581880981286771e-05,7.540175782915665e-05,5.981011652280522e-05,4.780611206472537e-05,3.849039911184068e-05,3.120486485981342e-05,2.546441784689607e-05,2.090886735062388e-05,1.726878729492193e-05,1.43411593514281e-05,1.197188836361951e-05,1.004317258513974e-05,8.464322321983498e-06,7.165041965194982e-06,6.090482119667192e-06,5.197571329608209e-06,4.452278507629675e-06,3.827556519082972e-06,3.301787411548589e-06,2.857599408747928e-06,2.480961141205651e-06,2.160483905895486e-06,1.886880981606286e-06,1.652546232445173e-06,1.451223849972494e-06,1.27774812961395e-06,1.127837367011214e-06,9.979298051326515e-07,8.850524278581054e-07,7.867155422079102e-07,7.008277084215741e-07,6.256268018721826e-07,5.59623923392613e-07,5.015575883712327e-07,4.503561740451253e-07,4.051070288651481e-07,3.650309774873004e-07,3.294612122103391e-07,2.978257633452567e-07,2.696328997795413e-07,2.444589365430137e-07,2.219380258599112e-07,2.017535876311989e-07,1.836310988798087e-07,1.673320127717058e-07,1.526486190078969e-07,0.02305634950501337
31.5,0.006389709179278486,0.004583139809796412,0.003270029376128666,0.002337358182428909,0.001678831000832507,0.001213668642930272,0.0008839546564713516,0.0006490416371367104,0.0004806289327690984,0.0003590511351707379,0.0002706273965019655,0.0002058117422344309,0.0001579156227619466,0.0001222292796207486,9.54178387677781e-05,7.510568525224097e-05,5.958967816139464e-05,4.764058348040096e-05,3.836502733585908e-05,3.110908561854384e-05,2.539061760466052e-05,2.0851521737684e-05,1.722385940910257e-05,1.430567774655978e-05,1.194364961984668e-05,1.00205305664605e-05,8.446038007678039e-06,7.150175806585767e-06,6.078316402412768e-06,5.187553821142821e-06,4.44398128844797e-06,3.820645708505841e-06,3.29600075713763e-06,2.852729586448814e-06,2.476843228511806e-06,2.156985923519371e-06,1.88389670571219e-06,1.649989697579957e-06,1.44902511880169e-06,1.275850017732136e-06,1.126192892204612e-06,9.965001894574292e-07,8.838055240396155e-07,7.856245876001149e-07,6.998703332423382e-07,6.24784235896195e-07,5.58880358351343e-07,5.008996631404204e-07,4.497725571368391e-07,4.045880783967978e-07,3.645684631232946e-07,3.290480868940336e-07,2.974559752040781e-07,2.69301236576742e-07,2.441608966014266e-07,2.216697105985902e-07,2.015116118121176e-07,1.834125154174058e-07,1.671342495576365e-07,1.524694256810577e-07,0.02311059003202393
32.5,0.006471594210091439,0.004594611159176373,0.003259050273969823,0.002321840455164138,0.001664725841291183,0.001202404523924687,0.0008754215280528111,0.0006427203849964105,0.0004759824666138772,0.0003556357874431224,0.0002681060674666676,0.0002039376208136825,0.0001565109601702936,0.0001211668324917651,9.460653867540765e-05,7.448014759290333e-05,5.91027125371449e-05,4.725790790859889e-05,3.806155327249802e-05,3.08663068719953e-05,2.519477039724764e-05,2.069228275419497e-05,1.709341970644395e-05,1.419808008659493e-05,1.185431121649479e-05,9.945897002846528e-06,8.383330473482764e-06,7.097205131804971e-06,6.033345209633631e-06,5.149193573047465e-06,4.411114815369069e-06,3.792368471957563e-06,3.271575988317116e-06,2.831553773384398e-06,2.458419376875251e-06,2.140902698206599e-06,1.869812052300206e-06,1.637617899863064e-06,1.438126509427097e-06,1.266222750669459e-06,1.117666327609685e-06,9.889295470850236e-07,8.770675404807994e-07,7.796139722805032e-07,6.944968633846316e-07,6.199703652071264e-07,5.545592407314998e-07,4.9701351321497e-07,4.462712853298706e-07,4.014281507106726e-07,3.617119455519051e-07,3.26461842107991e-07,2.951109852605062e-07,2.671720302792192e-07,2.422250640366186e-07,2.199074905127034e-07,1.999055400227663e-07,1.819471245094006e-07,1.657958117816963e-07,1.512457323387238e-07,0.0231182313287854
33.5,0.006516668540080092,0.004590743756917914,0.003241391041915354,0.00230318692745756,0.001648980815163415,0.001190172406575266,0.00086625282209377,0.0006359491350694961,0.000471002618464974,0.0003519673822210551,0.0002653903617978007,0.0002019134269668586,0.0001549902403462908,0.000120014650761323,9.372594272375914e-05,7.380120319514091e-05,5.857469471170177e-05,4.684378373285983e-05,3.77340920740241e-05,3.060533436651003e-05,2.498522397636923e-05,2.052282786146444e-05,1.695546006739947e-05,1.408504542449827e-05,1.17611413721513e-05,9.86866580137295e-06,8.318969594205682e-06,7.043299974296737e-06,5.987982919561221e-06,5.110849101954309e-06,4.378564897340397e-06,3.764626228093238e-06,3.247840875234785e-06,2.811173021658026e-06,2.440858090361708e-06,2.12572052441441e-06,1.856644870180638e-06,1.626163362727381e-06,1.428132568001436e-06,1.257478493519871e-06,1.109994633876996e-06,9.821811643698673e-07,8.711162893841758e-07,7.743528461737227e-07,6.898348430055033e-07,6.158298067130778e-07,5.508737258652709e-07,4.93726073456666e-07,4.433329299563598e-07,3.987966427815329e-07,3.593507809078239e-07,3.243393951954879e-07,2.931997925114534e-07,2.654481872757727e-07,2.406677170888519e-07,2.18498406803911e-07,1.986287433190126e-07,1.807885857274868e-07,1.647431855742517e-07,1.502881323735274e-07,0.02305881183754233
34.5,0.006592534203675041,0.004599814785140256,0.003229837969217368,0.002287926865050271,0.001635430799551806,0.001179519439870077,0.000858290888561865,0.0006301280790012933,0.0004667812361755344,0.0003489080613801074,0.0002631651327957719,0.0002002848133412033,0.0001537889681316125,0.000119120785232144,9.305455880990688e-05,7.329200949439777e-05,5.81846911914333e-05,4.654212152256073e-05,3.749848943052927e-05,3.041957816634807e-05,2.483742420027535e-05,2.040419367860611e-05,1.685943764639056e-05,1.400670728821369e-05,1.169675134145642e-05,9.815367066632664e-06,8.274559569561703e-06,7.006066658416873e-06,5.95658510686417e-06,5.084228051315027e-06,4.355878713957809e-06,3.74520075443911e-06,3.231132663694024e-06,2.796741210250889e-06,2.428342885241107e-06,2.114826619608057e-06,1.847128582828319e-06,1.617822583840635e-06,1.420798861394342e-06,1.25101084476043e-06,1.104274474946026e-06,9.771083909207408e-07,8.666060550939602e-07,7.703329690919743e-07,6.862436966438158e-07,6.126145971910806e-07,5.479890781374444e-07,4.911328662369523e-07,4.409973317142583e-07,3.966893110471395e-07,3.574461947926278e-07,3.226152970310429e-07,2.916367192192587e-07,2.640290758025076e-07,2.393775711940162e-07,2.173240148414493e-07,1.975584385402916e-07,1.798120421499551e-07,1.638512436854213e-07,1.494726499335826e-07,0.02306255079208548
35.5,0.006642251168028565,0.00459451159642594,0.00321002585216055,0.002267507166578345,0.001618401843780988,0.001166384184319166,0.000848489905467385,0.0006229115420618982,0.0004614845390476776,0.0003450114153735095,0.0002602828171851599,0.0001981372986960856,0.0001521756606313678,0.0001178980843702929,9.211948136146611e-05,7.257038505646522e-05,5.762279037557027e-05,4.610075863518023e-05,3.714887440283568e-05,3.014039415825075e-05,2.461276146223993e-05,2.022208185610827e-05,1.671079739034579e-05,1.38845967862029e-05,1.159582126441592e-05,9.731463587959771e-06,8.204433196245908e-06,6.94715714044566e-06,5.90686139739078e-06,5.042068365189202e-06,4.319979990455549e-06,3.714509829388639e-06,3.20479357988192e-06,2.774054606909946e-06,2.408734489939738e-06,2.097822645488728e-06,1.832336399005049e-06,1.604915438526262e-06,1.409503739337391e-06,1.241098763456333e-06,1.095552689597547e-06,9.694141017840289e-07,8.598013038045323e-07,7.643004808619853e-07,6.808834786960887e-07,6.078411447071991e-07,5.437290704740725e-07,4.873232605150976e-07,4.375837798239505e-07,3.936248409141259e-07,3.546901083841409e-07,3.201322467589434e-07,2.89395931680321e-07,2.620036975963218e-07,2.375441162000404e-07,2.156618960653599e-07,1.960495706473527e-07,1.784405032383789e-07,1.626029868317782e-07,1.483352566563653e-07,0.02299784646051087
36.5,0.006701378084136696,0.004594397675058142,0.003192957495940766,0.002248650618854489,0.001602372622938154,0.001153962223904793,0.0008392380684612955,0.0006161360136730067,0.0004565490593564644,0.0003414129322020267,0.0002576471805940504,0.0001961939111683831,0.0001507312172880972,0.0001168150551963288,9.129995667612743e-05,7.194442242685574e-05,5.71401676157123e-05,4.572518677277631e-05,3.685394765813384e-05,2.99067534534091e-05,2.442610221322237e-05,2.007174890209558e-05,1.658878898722382e-05,1.378485453470252e-05,1.151372075450567e-05,9.663446632877642e-06,8.147740488914843e-06,6.899632548518608e-06,5.866807676214365e-06,5.008140010434006e-06,4.291103093032575e-06,3.689821693863007e-06,3.183596906510384e-06,2.755782479054812e-06,2.392923433444225e-06,2.084091759237579e-06,1.820371082686262e-06,1.594454624641964e-06,1.400329813782766e-06,1.233029561986782e-06,1.088435107046542e-06,9.631189617360068e-07,8.542192190899671e-07,7.593384972660711e-07,6.764623410920203e-07,6.038930603771162e-07,5.40195871534316e-07,4.841548882195595e-07,4.347370296290469e-07,3.910623196990763e-07,3.523793649860349e-07,3.180450446442661e-07,2.875076386158888e-07,2.602927719684408e-07,2.359916734394e-07,2.1425134167961e-07,1.947662888071798e-07,1.772715918326911e-07,1.615370315015214e-07,1.473621376111234e-07,0.02295687410275343
37.5,0.006762815082822508,0.004598508594089235,0.003180341163120816,0.002233757044477836,0.001589569255366888,0.00114404065840033,0.0008318747885909888,0.000610769245999231,0.0004526596260286092,0.0003385911917340148,0.0002555898770171534,0.0001946829469920397,0.000149611728642094,0.0001159775474715,9.066697139995489e-05,7.146097540212396e-05,5.676702141144894e-05,4.543415798382927e-05,3.662464275376387e-05,2.97242970401846e-05,2.427955176719413e-05,1.995298405156381e-05,1.649172938157857e-05,1.370490593068227e-05,1.144738025475538e-05,9.608019445951339e-06,8.101135254943102e-06,6.860212337198657e-06,5.833280681096925e-06,4.979478734475147e-06,4.266484123802842e-06,3.668580464030649e-06,3.165193440297985e-06,2.739775252557877e-06,2.378949272561816e-06,2.071850264086822e-06,1.809612471036364e-06,1.584970177016224e-06,1.391944312705595e-06,1.225595270602221e-06,1.081826944268306e-06,9.572306136627733e-07,8.489599877445611e-07,7.546307335680737e-07,6.722393434841673e-07,6.000973466732588e-07,5.367777514965207e-07,4.810712796749015e-07,4.319504727541078e-07,3.88540153281101e-07,3.500930356441628e-07,3.159695256322816e-07,2.856209392827257e-07,2.585755224908463e-07,2.344267722653665e-07,2.128236553862484e-07,1.93462395901604e-07,1.760795635011251e-07,1.604462435116333e-07,1.463631085512523e-07,0.02294411563502144
38.5,0.0068153353992282,0.004592594864627614,0.003159212494496479,0.002212053188197351,0.001571501255241641,0.001130125823586736,0.0008215086673495962,0.0006031494719154853,0.0004470771506963304,0.0003344924454771119,0.0002525646141929519,0.0001924342036652767,0.0001479266298719062,0.0001147038678203683,8.969566881367006e-05,7.071361459682229e-05,5.618686196648685e-05,4.49798811144954e-05,3.626594183592062e-05,2.94387731738606e-05,2.405052052249017e-05,1.976791870436155e-05,1.634114987483886e-05,1.358158116148927e-05,1.134575164605673e-05,9.523781625050299e-06,8.030928912371351e-06,6.801397671748439e-06,5.783769099936779e-06,4.93760693881716e-06,4.230919237998929e-06,3.638248053584085e-06,3.13922252015392e-06,2.717455992164941e-06,2.359700252715353e-06,2.05519296711975e-06,1.795151284292087e-06,1.572376625319673e-06,1.380944554848715e-06,1.215960130240784e-06,1.073363920202087e-06,9.497774447333309e-07,8.423794453658199e-07,7.488063887382025e-07,6.670721112021492e-07,5.95502653513749e-07,5.326832049923803e-07,4.774147435592722e-07,4.286784718332148e-07,3.856065470948644e-07,3.474579121358342e-07,3.135982755532325e-07,2.834834795817477e-07,2.566456429186839e-07,2.326815842012429e-07,2.112431257225824e-07,1.920289519058924e-07,1.747777570652285e-07,1.59262465219404e-07,1.452853436403074e-07,0.02287524814511309
39.5,0.006855370132114091,0.004583004831141685,0.00313762703771314,0.002191134780583333,0.001554552630159583,0.001117296093972125,0.0008120734688243025,0.0005962880078638926,0.000442097891849659,0.0003308684731694482,0.0002499115195775973,0.0001904770046096172,0.0001464701715510011,0.0001136098622976083,8.8865914467307e-05,7.007806982441685e-05,5.569527881933572e-05,4.459596681308817e-05,3.596328762773635e-05,2.919801031848858e-05,2.385732655461551e-05,1.96116133169708e-05,1.621370071661598e-05,1.347689567429589e-05,1.125916940750207e-05,9.451707960569906e-06,7.970568599226386e-06,6.750559984471669e-06,5.740724025529988e-06,4.900978334392361e-06,4.199604839975544e-06,3.611359139227298e-06,3.116038053783715e-06,2.697387523139122e-06,2.342264851191063e-06,2.039992211328445e-06,1.781854835919333e-06,1.560709307533879e-06,1.370676122433156e-06,1.20689712250809e-06,1.065343135600197e-06,9.426606859423501e-07,8.360492656736602e-07,7.431626320418407e-07,6.620290844914746e-07,5.909868060521939e-07,5.286312154498939e-07,4.73771937156976e-07,4.253975056562666e-07,3.82646314255071e-07,3.447826252639499e-07,3.111766978063296e-07,2.812882774412022e-07,2.546528398912056e-07,2.308700983948472e-07,2.095943773627927e-07,1.905265293475045e-07,1.734071318675899e-07,1.580107484863391e-07,1.441410771560617e-07,0.02279728759086404
40.5,0.006908437742364692,0.004581244829865075,0.003120696105429328,0.002172974564061782,0.001539273002040587,0.001105500404803249,0.0008032897478418053,0.0005898400783117348,0.0004373806061821549,0.0003274084695055593,0.0002473585409426691,0.000188578264514368,0.0001450451101956742,0.0001125298493179356,8.803915271909836e-05,6.943875995185291e-05,5.519597067892679e-05,4.420219820101743e-05,3.564983250920138e-05,2.894624943236743e-05,2.365339824545866e-05,1.94451069027594e-05,1.607672801297701e-05,1.336342708838672e-05,1.116455599970172e-05,9.372334925148931e-06,7.903602161970615e-06,6.693761122270273e-06,5.69231030126341e-06,4.859520616425355e-06,4.163949493571004e-06,3.580568952061518e-06,3.089347041453463e-06,2.674166094409933e-06,2.321992762703668e-06,2.02223742211253e-06,1.76625686275506e-06,1.546966038215095e-06,1.358533303966227e-06,1.196139932383394e-06,1.055789385678852e-06,9.341553138285864e-07,8.284598474167269e-07,7.363757096127869e-07,6.559471467517324e-07,5.855257965356984e-07,5.237184668954594e-07,4.693444533207062e-07,4.214005269604951e-07,3.790321163736673e-07,3.415095096142555e-07,3.082081407258187e-07,2.785922110341847e-07,2.522010424894253e-07,2.286376765550885e-07,2.075593245320393e-07,1.886693489223664e-07,1.717105144844963e-07,1.56459295100052e-07,1.427210608730941e-07,0.02275184039903679
41.5,0.006920830418123319,0.004557242569153451,0.003091584414170691,0.002147840107509587,0.001519774493156337,0.001091028388810666,0.0007927482862473265,0.0005822108066276923,0.000431857856237407,0.0003233946184398159,0.0002444230648497742,0.0001864150234331693,0.0001434373965745002,0.000111324227563814,8.71266541507808e-05,6.874162355294987e-05,5.465837503283051e-05,4.378380178803385e-05,3.532126908818591e-05,2.868597868573996e-05,2.34454953447056e-05,1.927770362327854e-05,1.594090736352692e-05,1.32524348750935e-05,1.107323491147888e-05,9.29671566084982e-06,7.840606005042015e-06,6.640982072062483e-06,5.647854345363976e-06,4.821886305675786e-06,4.13193856686647e-06,3.553218969760319e-06,3.065880246934655e-06,2.653950322916931e-06,2.304511354584496e-06,2.007065911691683e-06,1.753044799882434e-06,1.535422723558579e-06,1.348416527877746e-06,1.187247033371804e-06,1.047950111257776e-06,9.272260901608658e-07,8.22319156441026e-07,7.309203415974052e-07,6.51089148522525e-07,5.811899753536226e-07,5.198403403114374e-07,4.658685586549883e-07,4.182790220686535e-07,3.762236173527942e-07,3.389781220260861e-07,3.059226494840622e-07,2.765254008608658e-07,2.503291261981127e-07,2.26939812678701e-07,2.060172092176102e-07,1.872668697478582e-07,1.704334560550434e-07,1.552950880627433e-07,1.416585674363127e-07,0.02261200816282409
42.5,0.006959587486931196,0.004548591663762123,0.003071101042336261,0.002127693861087938,0.001503238716213778,0.001078336229454022,0.0007832686219954546,0.0005751975758129202,0.0004266722511336998,0.0003195440917514022,0.0002415441579030941,0.0001842445676165324,0.0001417861345090307,0.0001100561022740457,8.614352985930246e-05,6.797232819719146e-05,5.405094057099675e-05,4.329999348477374e-05,3.493272818152279e-05,2.83714950473191e-05,2.318907052175197e-05,1.906716760458385e-05,1.576692459436118e-05,1.310778515275207e-05,1.095228943914126e-05,9.195052481691189e-06,7.754725613346483e-06,6.56809550524864e-06,5.585724080312763e-06,4.768705896557897e-06,4.086240910879327e-06,3.513805880178269e-06,3.031767999296109e-06,2.624327261271401e-06,2.278704667594403e-06,1.984515429238285e-06,1.733282200848026e-06,1.518054941639289e-06,1.33311243482953e-06,1.1737266965232e-06,1.035976084771806e-06,9.16596321977834e-07,8.128611856014456e-07,7.22486531359832e-07,6.435527549226658e-07,5.744418926857528e-07,5.137863974690152e-07,4.604272655860641e-07,4.133796854580387e-07,3.718047602955082e-07,3.349861548562329e-07,3.02310748792769e-07,2.732525616282053e-07,2.473593583011271e-07,2.242414581480043e-07,2.035623607525839e-07,1.850308743630903e-07,1.683944904734976e-07,1.534337947161669e-07,1.39957741777042e-07,0.02253356443985858
43.5,0.006950684602719477,0.004509687098732928,0.003031749453862625,0.002095532607303744,0.001478896639600295,0.001060503167907344,0.0007703780839069325,0.0005659151950970912,0.0004199788117750865,0.0003146964328744058,0.0002380117157911714,0.0001816518956473453,0.0001398681729029564,0.0001086254692949952,8.506728648262559e-05,6.715569505429579e-05,5.342595062694808e-05,4.281759339748099e-05,3.455727218439895e-05,2.807689487283258e-05,2.29560922237742e-05,1.888152447892962e-05,1.561792456552206e-05,1.298736593138926e-05,1.085432613774123e-05,9.114857639670431e-06,7.688685836105282e-06,6.513405651535801e-06,5.540191513381758e-06,4.730605363421282e-06,4.05420623205673e-06,3.48674857186216e-06,3.008815725779153e-06,2.604776981417962e-06,2.26198673877097e-06,1.970165933977472e-06,1.720921482637423e-06,1.507370858204949e-06,1.323847217280637e-06,1.16566658095547e-06,1.028943087824601e-06,9.10441683603407e-07,8.074601153578556e-07,7.177339792339859e-07,6.393599914952056e-07,5.707337317823375e-07,5.104989312524203e-07,4.575060102257664e-07,4.107780572019036e-07,3.694828185422948e-07,3.329095618646838e-07,3.004499058437642e-07,2.715818894434451e-07,2.458566958158499e-07,2.228875587167956e-07,2.023404688267381e-07,1.839263688378663e-07,1.673945834354026e-07,1.525272763567579e-07,1.391347638836795e-07,0.02232391147317894
44.5,0.006973883337689492,0.004494416614409947,0.003009150154848524,0.002075200554486993,0.001462901122992636,0.001048560268111575,0.0007616489852686121,0.000559578771653449,0.0004153762294118989,0.0003113369723660195,0.0002355415833883584,0.0001798195837417631,0.000138495729277302,0.0001075869280083593,8.42731680520477e-05,6.654209374112749e-05,5.29469206434154e-05,4.243985228689678e-05,3.425651391320799e-05,2.783521629538387e-05,2.276018918666503e-05,1.872142087249225e-05,1.548607160151048e-05,1.287799968856955e-05,1.076300616272866e-05,9.038133172901706e-06,7.623852537685234e-06,6.4583269098921e-06,5.493166150721079e-06,4.690268905909597e-06,4.019456636871904e-06,3.456689906418206e-06,2.982715123423089e-06,2.582031490058212e-06,2.242097597072811e-06,1.952718466140274e-06,1.705569274935709e-06,1.49382322232001e-06,1.311859194574157e-06,1.155030924607337e-06,1.019483794754459e-06,9.02008748484586e-07,7.999252541913489e-07,7.109871265987952e-07,6.33306418571986e-07,5.652916650703705e-07,5.055975771258736e-07,4.530839099828053e-07,4.067817124365093e-07,3.658655385440406e-07,3.296304940962386e-07,2.974732179384986e-07,2.688760770441233e-07,2.433939952730877e-07,2.206434474377122e-07,2.002932391060737e-07,1.820567634675411e-07,1.656854833920243e-07,1.509634325021718e-07,1.377025659537586e-07,0.02222716407807447
45.5,0.006953726175925027,0.004450341155668776,0.002966938915568501,0.002041115158959142,0.001437035756737651,0.001029413533083907,0.0007475932379323637,0.000549261366365872,0.0004077702552800814,0.0003056919494226878,0.0002313178656829396,0.0001766312569836401,0.0001360667553606658,0.0001057191766770857,8.282366114189938e-05,6.54069738195861e-05,5.205019420227647e-05,4.172548040945257e-05,3.368283841226788e-05,2.73710143058841e-05,2.238186543191798e-05,1.841099751393578e-05,1.522973976959492e-05,1.266506862630568e-05,1.058513544698948e-05,8.888767700027835e-06,7.497803674603555e-06,6.351459708262525e-06,5.402164046795561e-06,4.612455419420986e-06,3.952659291017003e-06,3.399135640908812e-06,2.932949361928829e-06,2.538855096806239e-06,2.204517454262417e-06,1.919908491134794e-06,1.676839490909608e-06,1.468595080552476e-06,1.289645779201475e-06,1.135420992859002e-06,1.002128847177425e-06,8.866125057499729e-07,7.862350552174143e-07,6.987868681436449e-07,6.224107373664374e-07,5.555411260215393e-07,4.968546796000779e-07,4.452297620022916e-07,3.997132522907763e-07,3.594932066989227e-07,3.238762768017346e-07,2.922689986693166e-07,2.641622436806549e-07,2.391182603795724e-07,2.167598466087469e-07,1.967612785126883e-07,1.788406927363388e-07,1.627536740276015e-07,1.482878453968949e-07,1.352582942643181e-07,0.02198463779940849
46.5,0.006944186446423615,0.004419339539760363,0.002936239611847451,0.002016134644549822,0.001418065689901571,0.001015395084037873,0.0007373287119217521,0.0005417477892168198,0.0004022460855078695,0.0003016019221162904,0.0002282639707013646,0.0001743298481102945,0.0001343156527813097,0.0001043737588329394,8.177990611946573e-05,6.458955534119748e-05,5.140415319729504e-05,4.121039423440186e-05,3.326872636495758e-05,2.703544952230817e-05,2.21079266350691e-05,1.818580750166019e-05,1.504341566819633e-05,1.250996263012489e-05,1.045528166762483e-05,8.779476161427855e-06,7.405360042849136e-06,6.272901514243739e-06,5.335112633636531e-06,4.554988774871723e-06,3.903215093912704e-06,3.356436798336862e-06,2.895946409653897e-06,2.506681334706698e-06,2.176453767498467e-06,1.895355589190987e-06,1.655295866221663e-06,1.449639406279831e-06,1.272922774263018e-06,1.12063001169142e-06,9.890146232510785e-07,8.749576070651565e-07,7.758537078941118e-07,6.895198788554534e-07,6.141213026239119e-07,5.481113604907352e-07,4.901827299298484e-07,4.392273993921591e-07,3.943038580255543e-07,3.546100814334145e-07,3.194612175015484e-07,2.882710975641832e-07,2.605368719468498e-07,2.358262059855004e-07,2.137665811778453e-07,1.940363324486083e-07,1.763571214259124e-07,1.604876008512188e-07,1.462180696625273e-07,1.333659541424681e-07,0.02181403798037209
47.5,0.006923882231031056,0.004378134833014253,0.00289750104574279,0.001985179781999645,0.001394767995947636,0.0009982799246762359,0.0007248599931238081,0.0005326672431286743,0.0003956065162179176,0.0002967156296225039,0.000224639405281347,0.0001716175847622986,0.0001322672977985436,0.00010281218067593,8.057815064045921e-05,6.365606032618978e-05,5.067241475227935e-05,4.06317414683782e-05,3.280725584021235e-05,2.666445928472954e-05,2.180739319258292e-05,1.794059048699652e-05,1.484197235447794e-05,1.23434214288694e-05,1.031676975632792e-05,8.663628065145037e-06,7.307955860319916e-06,6.190598626049438e-06,5.265245265213984e-06,4.49541714808575e-06,3.852211068923396e-06,3.312596554760411e-06,2.858123304046979e-06,2.473933918253034e-06,2.148005273447506e-06,1.870562156907076e-06,1.633621464258701e-06,1.430635925424878e-06,1.256214135622582e-06,1.105899411882801e-06,9.759942451215137e-07,8.634202790627956e-07,7.656061119051341e-07,6.803969948744831e-07,6.059818462251204e-07,5.4083402097204e-07,4.836630570822339e-07,4.333752179645611e-07,3.890411132453585e-07,3.49869037999722e-07,3.151829494945669e-07,2.844042186188628e-07,2.570364645142661e-07,2.32652916080767e-07,2.10885851095399e-07,1.914177488289444e-07,1.739738600262553e-07,1.583159525965256e-07,1.442370351817589e-07,1.315568961455355e-07,0.02159324438654951
48.5,0.006912165969392032,0.004343016139007179,0.002864005126465207,0.001958617819482499,0.001374975499909672,0.0009838702402762411,0.0007144420315060808,0.0005251293382694575,0.0003901262624530381,0.0002927033577508612,0.0002216775175489889,0.0001694113335502841,0.0001306083669170871,0.0001015527567549921,7.961277052363686e-05,6.290898552469438e-05,5.008886123621236e-05,4.017177744650189e-05,3.24415415308017e-05,2.637125933074047e-05,2.157047057642116e-05,1.774771324917099e-05,1.468384820739862e-05,1.221293264270275e-05,1.020841990470169e-05,8.573139119829867e-06,7.23197263746182e-06,6.126470374190798e-06,5.210863054399866e-06,4.449091898199056e-06,3.812581380761979e-06,3.278558550726471e-06,2.828776838162876e-06,2.448541046678502e-06,2.125957972455353e-06,1.851357064034182e-06,1.61683998960452e-06,1.415928496390702e-06,1.243287643715116e-06,1.09450715556293e-06,9.659278300705543e-07,8.545030623628356e-07,7.576878707471515e-07,6.733495716402074e-07,5.996955760279834e-07,5.352147892883825e-07,4.786298671110599e-07,4.288581721515046e-07,3.849797327230299e-07,3.462108588230527e-07,3.118823464555312e-07,2.814214168417643e-07,2.5433670651626e-07,2.302057579563747e-07,2.086645662737712e-07,1.89398821709324e-07,1.7213655491479e-07,1.566419458975873e-07,1.427101008575711e-07,1.301626361421638e-07,0.0214117308308633
49.5,0.006859947169525778,0.004291244292435729,0.002822442483610216,0.001927542558289642,0.001352373840665472,0.00096758550186911,0.0007027169690892818,0.0005166548911549976,0.0003839622872210953,0.0002881848005389136,0.0002183362539039439,0.0001669177535823038,0.0001287296348014069,0.0001001235744007247,7.851506911475562e-05,6.20578514317209e-05,4.942277304049581e-05,3.964581393873732e-05,3.202263723148517e-05,2.603487401317922e-05,2.129823850768842e-05,1.752577404478087e-05,1.450165413900071e-05,1.206239071696994e-05,1.00832704741057e-05,8.468502601548472e-06,7.144016450415812e-06,6.052162400903479e-06,5.147787791742141e-06,4.395312337019023e-06,3.766534474184181e-06,3.238975526897237e-06,2.794622018997597e-06,2.418964548091293e-06,2.100258889723747e-06,1.828954631332251e-06,1.597250844924634e-06,1.398748651776056e-06,1.228178104966688e-06,1.081182390017785e-06,9.541464702944936e-07,8.440603752469526e-07,7.48409628178035e-07,6.650870397522325e-07,5.923214016722236e-07,5.286196096090141e-07,4.727195045656593e-07,4.235513055763272e-07,3.80205957083247e-07,3.41909063562324e-07,3.079993559677159e-07,2.779108473602545e-07,2.511580022843693e-07,2.273233763873509e-07,2.060472873015133e-07,1.870191609563347e-07,1.699702638838439e-07,1.546675853006046e-07,1.409086755643749e-07,1.28517282169415e-07,0.02115059636159678
50.5,0.006811939312813518,0.004233537777202219,0.002773645389499023,0.001890052110396477,0.001324534213179449,0.0009471404176673207,0.0006877157757098931,0.000505602834179267,0.0003757651338680076,0.0002820559469258409,0.0002137135258959163,0.0001633992367009403,0.0001260269380316246,9.802861830004321e-05,7.687672095769032e-05,6.076553408615649e-05,4.839495375671705e-05,3.882189355220959e-05,3.135720876166551e-05,2.549363611597655e-05,2.085506908535368e-05,1.716062101376709e-05,1.41990048235307e-05,1.181015332935552e-05,9.87195087099322e-06,8.290593967552907e-06,6.993543538516565e-06,5.924338716782099e-06,5.03875587792222e-06,4.301945620334685e-06,3.686285036480132e-06,3.16975636751753e-06,2.734715399196272e-06,2.366950189833325e-06,2.0549573871736e-06,1.789382592830604e-06,1.562585136328335e-06,1.368297743581538e-06,1.201358996087699e-06,1.05750193369618e-06,9.331861935135048e-07,8.254640847148323e-07,7.318732498491886e-07,6.50350256951629e-07,5.791607480190777e-07,5.168427436358827e-07,4.62160448066424e-07,4.140664709348406e-07,3.716708228760054e-07,3.342153846687506e-07,3.0105281583895e-07,2.716290771987963e-07,2.454689055997701e-07,2.221637084335841e-07,2.01361447825049e-07,1.827581659232969e-07,1.66090867748792e-07,1.511315301949048e-07,1.376820477291681e-07,1.255699592036025e-07,0.02084812884415572
51.5,0.006737863649477099,0.004166170423748916,0.002721737586999239,0.001852054679982842,0.001297179338433646,0.0009275083341646778,0.000673584372662804,0.0004953704018683327,0.0003683002340534049,0.0002765643338205755,0.000209637585401661,0.0001603461880015179,0.0001237187149654436,9.626717563679962e-05,7.552006074661021e-05,5.971111450133585e-05,4.756816944274798e-05,3.816804286699881e-05,3.083586468966481e-05,2.507468014070057e-05,2.05158804785247e-05,1.688407270420177e-05,1.397202520484412e-05,1.162268731752832e-05,9.716204230152451e-06,8.160479816808396e-06,6.884274060346002e-06,5.832121813498884e-06,4.960568179865392e-06,4.235361412614639e-06,3.629346416352399e-06,3.120874009204139e-06,2.69259219450196e-06,2.330522101471134e-06,2.02334734014711e-06,1.761864306581794e-06,1.538554584889118e-06,1.347250505744233e-06,1.182872181298592e-06,1.041219683609391e-06,9.188079936203145e-07,8.127352964876035e-07,7.205774067705787e-07,6.403027687774417e-07,5.702037347690433e-07,5.088407800763181e-07,4.549970452336476e-07,4.076411568044135e-07,3.658967120380757e-07,3.290171486438205e-07,2.963649828327559e-07,2.673946036888688e-07,2.41637972960845e-07,2.186927064500131e-07,1.982121138715338e-07,1.798968541805506e-07,1.634879273376406e-07,1.487607747788097e-07,1.355203021219509e-07,1.235966709605907e-07,0.02051433565509961
52.5,0.006698878683185701,0.004125701402903347,0.002689270467225263,0.001828012085521766,0.001279866436488738,0.0009151420119784351,0.0006647457660174364,0.0004890223948521538,0.0003637085535233066,0.000273215132421337,0.0002071722036771713,0.0001585138253990998,0.0001223432554854212,9.522425625283447e-05,7.472129376818803e-05,5.909323324411668e-05,4.708554380552618e-05,3.778749967403943e-05,3.053308684272097e-05,2.483169048357226e-05,2.031927373491071e-05,1.672376558327329e-05,1.384036716078925e-05,1.151382364254857e-05,9.625616679352364e-06,8.084652875846084e-06,6.820450685475089e-06,5.778123299882015e-06,4.914660302360027e-06,4.196154186384065e-06,3.595718457516918e-06,3.091915025231568e-06,2.667558932870878e-06,2.308804361497952e-06,2.004441563814387e-06,1.745352918295644e-06,1.524089722677713e-06,1.334541130025836e-06,1.171673798804566e-06,1.031326109261912e-06,9.10044710478445e-07,8.049540763413223e-07,7.136519309192339e-07,6.341250466972207e-07,5.646811626171247e-07,5.038937148383499e-07,4.505567963888802e-07,4.036483175694239e-07,3.622997679708221e-07,3.25771313699775e-07,2.934312226550171e-07,2.647388135807401e-07,2.392302840846233e-07,2.165068986644126e-07,1.962251175265398e-07,1.780883263362491e-07,1.618398904204019e-07,1.472573077569336e-07,1.341472759695126e-07,1.223415215582467e-07,0.02031478856641706
53.5,0.006630467119920891,0.004060439003799983,0.002638163667792265,0.001790252578408124,0.001252458925421386,0.0008952997511682739,0.0006503247378944928,0.000478469242086992,0.0003559212727426,0.0002674164402933365,0.000202813336066322,0.0001552057320317569,0.0001198084976121075,9.326363714091622e-05,7.319073206491701e-05,5.788769823976105e-05,4.61278515594979e-05,3.702046040908662e-05,2.991397045336434e-05,2.432830231182843e-05,1.990715432273785e-05,1.638417910584427e-05,1.355884638310929e-05,1.127910991245597e-05,9.428882071077031e-06,7.918925157408041e-06,6.680185056995638e-06,5.658881065777131e-06,4.812865994406457e-06,4.108910645725061e-06,3.520665038421725e-06,3.027118107537407e-06,2.61142681050175e-06,2.260020648719098e-06,1.961912763795142e-06,1.708166894317836e-06,1.491482616301238e-06,1.30587086416198e-06,1.146398744766778e-06,1.008987826720809e-06,8.902539174488769e-07,7.873791942381204e-07,6.9800969284028e-07,6.201727667456981e-07,5.522103485689678e-07,4.927247719322601e-07,4.405346210221846e-07,3.946386196276278e-07,3.541859919588778e-07,3.184520537100755e-07,2.868180459674168e-07,2.587544234630732e-07,2.338069650072729e-07,2.115851973219523e-07,1.917527212867805e-07,1.740191074118831e-07,1.581330894935782e-07,1.438768352282118e-07,1.310611126436128e-07,1.195212035734909e-07,0.01998601083812818
54.5,0.006547821954009575,0.003994178937965707,0.002589828306715752,0.001755849253175558,0.001228051380671492,0.0008779087605097876,0.0006378434257687906,0.0004694359217276226,0.000349324692992326,0.0002625546732661165,0.0001991964140518129,0.0001524893953034061,0.0001177491721788078,9.168773783620773e-05,7.197362870183407e-05,5.693922357590673e-05,4.538225979196623e-05,3.642942928340035e-05,2.944169574408091e-05,2.394803825829507e-05,1.959875858142119e-05,1.613235931054963e-05,1.33518994690402e-05,1.110800951821302e-05,9.286613283680954e-06,7.799996104985562e-06,6.580265751998977e-06,5.574534410549674e-06,4.741345982186719e-06,4.048009885940988e-06,3.468598735688556e-06,2.982435166884342e-06,2.572941265884601e-06,2.22675842105298e-06,1.933070058951764e-06,1.683077497401169e-06,1.469592028701622e-06,1.286715736617263e-06,1.129590433997807e-06,9.941991814544563e-07,8.772086077298249e-07,7.758430544940354e-07,6.877836676644176e-07,6.110871385755003e-07,5.441199955131235e-07,4.855052571810186e-07,4.340789564446739e-07,3.888545781970917e-07,3.489938687047894e-07,3.137827945921394e-07,2.826116796217752e-07,2.549587431126084e-07,2.303764176632154e-07,2.084799452755161e-07,1.889378472152808e-07,1.714639395274488e-07,1.558106272958685e-07,1.417632597822095e-07,1.291353680439389e-07,1.177646384994233e-07,0.01966335163273878
55.5,0.006466410559043152,0.003927143058443507,0.00254075211395837,0.001721075400754638,0.001203564242801527,0.000860609987847589,0.0006255399738283327,0.0004606134121168971,0.0003429421736896759,0.0002578946956553754,0.0001957618433918459,0.0001499335669520697,0.0001158287120990294,9.023058849601727e-05,7.085727117999463e-05,5.607576320642873e-05,4.470815562034883e-05,3.589838212447953e-05,2.901969576339792e-05,2.360989648351675e-05,1.932566323906877e-05,1.591014353684246e-05,1.316980541061881e-05,1.095780069982976e-05,9.161932710840231e-06,7.69589878490581e-06,6.492875778077986e-06,5.500791574756798e-06,4.678817158232666e-06,3.994747588517391e-06,3.423034276741697e-06,2.943297360348081e-06,2.539194130720182e-06,2.197553110409043e-06,1.907707515841942e-06,1.660979253570321e-06,1.450277227092153e-06,1.269782941628132e-06,1.114703148548393e-06,9.810742517371064e-07,8.656068910230328e-07,7.655618707559071e-07,6.786506649231645e-07,6.029552848246209e-07,5.368634727564801e-07,4.790160814576365e-07,4.282641847649505e-07,3.83633992049707e-07,3.442980461579e-07,3.095515005142937e-07,2.787925173141768e-07,2.515060215253253e-07,2.272501970089939e-07,2.056452307483572e-07,1.863639060443183e-07,1.691237210408448e-07,1.53680269259692e-07,1.398216671908606e-07,1.273638529086404e-07,1.161466111171992e-07,0.01934209566913791
56.5,0.006377619164935283,0.003857863448025808,0.002490215619919883,0.001684812546151318,0.001177533633634248,0.000841805341570311,0.000611839471714039,0.0004505389033655004,0.0003354634147711859,0.0002522897717325393,0.0001915213093622897,0.0001466951650287012,0.0001133328290379587,8.828969819939443e-05,6.933483573069259e-05,5.487156787485465e-05,4.374804876904958e-05,3.512705008402127e-05,2.839554167364411e-05,2.310138642842728e-05,1.890870173630762e-05,1.556617546642436e-05,1.288443372304135e-05,1.071977260971453e-05,8.96239082231418e-06,7.527823937007002e-06,6.350669550951511e-06,5.379961218406324e-06,4.57573614460947e-06,3.90647238006948e-06,3.347163168594547e-06,2.877861023309649e-06,2.482570198211467e-06,2.148399120689953e-06,1.864907956021875e-06,1.623603504702228e-06,1.417545986749914e-06,1.241041277487882e-06,1.089398767714446e-06,9.587398947019569e-07,8.458460042620583e-07,7.480368983831342e-07,6.630734424336718e-07,5.890791276310688e-07,5.244766370464965e-07,4.679363408354594e-07,4.183343176590943e-07,3.747180153195179e-07,3.36278062244246e-07,3.023250507713967e-07,2.72270354293119e-07,2.456102290755437e-07,2.21912599984843e-07,2.008060465209448e-07,1.819705984429235e-07,1.651300241881881e-07,1.500453543385218e-07,1.365094297356272e-07,1.243423019530092e-07,1.133873446025839e-07,0.0189953142046759
57.5,0.006284435658973895,0.003790665050489452,0.002444093300892267,0.001653227902907777,0.001155695444425955,0.0008265262792717944,0.0006010255437191736,0.0004428019209113381,0.0003298706446475337,0.0002482064160134605,0.0001885104941765333,0.0001444533092280981,0.000111647141592038,8.700981516459451e-05,6.835366978585047e-05,5.411225576600024e-05,4.315498481943063e-05,3.465968394349586e-05,2.80240605341074e-05,2.280369037767247e-05,1.866827173833529e-05,1.537056097946595e-05,1.272417285411645e-05,1.05876159089706e-05,8.852739472154226e-06,7.436320232552917e-06,6.273896231447779e-06,5.315219100510019e-06,4.52087845435347e-06,3.859780417958403e-06,3.30725231336573e-06,2.843609158894906e-06,2.453062829059078e-06,2.122886993661549e-06,1.842774119597043e-06,1.604337537918229e-06,1.400723711532928e-06,1.2263086920298e-06,1.076459249780552e-06,9.473439536449701e-07,8.357830313898522e-07,7.391284931246925e-07,6.551679879183931e-07,5.820473621076263e-07,5.18208023021966e-07,4.623360762975746e-07,4.133208664742487e-07,3.702210592550096e-07,3.322367968122564e-07,2.986867625541947e-07,2.689892295755416e-07,2.426463532308199e-07,2.192311147019285e-07,1.983764380597382e-07,1.797660949911058e-07,1.631270843266393e-07,1.482232318002858e-07,1.348498022210618e-07,1.228289538621413e-07,1.12005895259906e-07,0.0186787086622468
58.5,0.006161675326585937,0.003706048634310146,0.002385872194935872,0.001612793154474315,0.001127250005351818,0.0008062580087919306,0.0005864122584360632,0.0004321502813972517,0.0003220264211309562,0.0002423722798641381,0.000184129359024807,0.0001411320815640637,0.0001091059631355306,8.50477703935372e-05,6.682534381731953e-05,5.291155632886179e-05,4.220388697312806e-05,3.390034288957622e-05,2.741324698690971e-05,2.230883847772841e-05,1.826465359395143e-05,1.503925311338271e-05,1.245058262655008e-05,1.036040632143964e-05,8.663039145672318e-06,7.277138816400615e-06,6.139688754516473e-06,5.201559020140881e-06,4.4242105601723e-06,3.777232794758531e-06,3.236492276031124e-06,2.782732145319087e-06,2.400506159416698e-06,2.077362513498261e-06,1.803215275403941e-06,1.569857552187897e-06,1.370582346029191e-06,1.199885695467229e-06,1.053233037892089e-06,9.268744076314132e-07,8.176975551424682e-07,7.231106621946298e-07,6.409482698293945e-07,5.693954998650425e-07,5.069267600859558e-07,4.522559681641959e-07,4.042959760302031e-07,3.62125373742173e-07,3.249612361881244e-07,2.921366742517999e-07,2.630822846602962e-07,2.373107748736745e-07,2.144041826211669e-07,1.940032228079463e-07,1.757983842059086e-07,1.595224697331218e-07,1.449443311693419e-07,1.318635949020114e-07,1.201062121173524e-07,1.095206965900268e-07,0.01826469987115493
59.5,0.006054203022993655,0.003629006581732533,0.002332937590723802,0.001576398797837873,0.001101953976257381,0.0007884534475985642,0.0005737284706791114,0.0004230124619048625,0.000315373263751257,0.0002374787198288075,0.0001804941439101137,0.000138405117228184,0.0001070404876764534,8.346837550958749e-05,6.560632214914598e-05,5.196209169945709e-05,4.14578395508179e-05,3.330915167705723e-05,2.694096474824836e-05,2.192863562784232e-05,1.795634038595454e-05,1.478751193005659e-05,1.224369836529915e-05,1.018934822936838e-05,8.52079213614298e-06,7.158212985946317e-06,6.039757000444877e-06,5.117187349339042e-06,4.352655917519388e-06,3.716290410441314e-06,3.184379579929421e-06,2.737999870680385e-06,2.361969802263704e-06,2.044049135819927e-06,1.774321952151939e-06,1.544718712745136e-06,1.348643953884173e-06,1.18068471824663e-06,1.036381035193222e-06,9.120443428406053e-07,8.046131457422738e-07,7.115377396988106e-07,6.306877389708476e-07,5.602775768200054e-07,4.988062385172692e-07,4.450083149705082e-07,3.978140997826853e-07,3.563169407606674e-07,3.197464342088424e-07,2.874463432857367e-07,2.588563501560859e-07,2.334969306067502e-07,2.109567805392227e-07,1.908823349122986e-07,1.729690078565591e-07,1.569538528549893e-07,1.426093979593559e-07,1.297384559876752e-07,1.18169745850882e-07,1.077541903994986e-07,0.01789810109251892
60.5,0.005920271351437315,0.00353999569602185,0.002273324751255174,0.001535651678087801,0.001073531157747889,0.0007682832153110929,0.0005592078837229048,0.0004124292485309,0.000307573706099233,0.0002316707915069747,0.0001761261799746261,0.0001350883576906209,0.0001044982322036262,8.150190509047866e-05,6.40717052756296e-05,5.07542139569751e-05,4.049930429287045e-05,3.254250456918759e-05,2.63232072963352e-05,2.142732702839114e-05,1.754680895741855e-05,1.445084660356928e-05,1.196529197986558e-05,9.957833597182229e-06,8.327259445518416e-06,6.995630022274912e-06,5.902536540076761e-06,5.000862060547513e-06,4.253632323212633e-06,3.631661388207302e-06,3.111780497318657e-06,2.675497466926606e-06,2.307975809002142e-06,1.997252710302587e-06,1.733636508385559e-06,1.509239841176438e-06,1.317615933097648e-06,1.153473723628509e-06,1.012453597326959e-06,8.909499438174012e-07,7.859700943060371e-07,6.950216576996555e-07,6.160221376216942e-07,5.472261131872141e-07,4.871663289550529e-07,4.346058490657403e-07,3.884990504516914e-07,3.479597069043004e-07,3.122347843978396e-07,2.806828542897066e-07,2.527562542472918e-07,2.27986301610611e-07,2.05971001447304e-07,1.863648001993534e-07,1.688700219769749e-07,1.532296931453496e-07,1.392215156629107e-07,1.266527935947687e-07,1.153561526150748e-07,1.051859208992042e-07,0.01746709163908102
61.5,0.005779979048205818,0.003450934797906818,0.002215165839500782,0.001496595579397595,0.001046675679485442,0.0007494652553816734,0.0005458204555806136,0.0004027835105335962,0.0003005456166016835,0.000226496725304075,0.0001722792445108049,0.0001322005483611503,0.000102309906384915,7.982823027172884e-05,6.278000461938719e-05,4.974847933116096e-05,3.970950647835621e-05,3.191715526024266e-05,2.582414666711555e-05,2.102604636588932e-05,1.722183921741968e-05,1.418589170864945e-05,1.174788556814956e-05,9.778365876908869e-06,8.178267313238675e-06,6.871275600860393e-06,5.798221421394433e-06,4.912939916119366e-06,4.179193286415582e-06,3.56836915045699e-06,3.05774838004975e-06,2.629193504686915e-06,2.268149570716659e-06,1.96287851679459e-06,1.703869097620456e-06,1.483379544079433e-06,1.295081161317159e-06,1.133779113149798e-06,9.951925528087817e-07,8.757806266564736e-07,7.72604120432171e-07,6.832149388915145e-07,6.055674271146097e-07,5.379469129943732e-07,4.789118902985973e-07,4.272470542438591e-07,3.819250085125238e-07,3.420749297496999e-07,3.06956836710647e-07,2.759403917030448e-07,2.484873807643934e-07,2.241371904338882e-07,2.024947338447718e-07,1.832203854070016e-07,1.660215678554054e-07,1.506457027247856e-07,1.368742890921117e-07,1.245179185669331e-07,1.134120692425271e-07,1.034135493784893e-07,0.01704239869157429
62.5,0.005655095127377056,0.003374824093022771,0.002167171045249143,0.001465135661986988,0.001025381292086328,0.0007346944849127657,0.0005353818028196185,0.0003952958286809988,0.0002951063542418004,0.0002225001940872139,0.0001693110650213302,0.0001299731094595324,0.0001006212860562723,7.853527378602447e-05,6.178031224429011e-05,4.896817585225943e-05,3.909484474093317e-05,3.142870101838409e-05,2.543272060163127e-05,2.070987248322443e-05,1.696452738727211e-05,1.397500064906111e-05,1.157389220965031e-05,9.633920963129689e-06,8.057653856543168e-06,6.770012010272793e-06,5.712768480400452e-06,4.840482806504418e-06,4.117478215682391e-06,3.515579986751627e-06,3.012412807782673e-06,2.590111118033112e-06,2.234336386026236e-06,1.933523860287825e-06,1.678301885749136e-06,1.4610417416829e-06,1.275506761737979e-06,1.116577394130079e-06,9.800346641042167e-07,8.623887895417783e-07,7.607428867679656e-07,6.726840833284305e-07,5.961961412436589e-07,5.295890427274281e-07,4.714420132487301e-07,4.205572366031636e-07,3.759221140154653e-07,3.366783790779929e-07,3.020967358685685e-07,2.715559637660677e-07,2.445256479571689e-07,2.205518634680505e-07,1.992452734088441e-07,1.802712070839377e-07,1.633413668826296e-07,1.482068791660744e-07,1.346524573620624e-07,1.22491487994776e-07,1.11561884606586e-07,1.017225821834218e-07,0.01668511083294967
63.5,0.005496122156281364,0.003275713398605044,0.002103090537890325,0.001422188163477924,0.0009957685537645199,0.0007138334286965598,0.0005204405891304322,0.0003844492293985625,0.0002871396719473431,0.000216585992010528,0.0001648760040358381,0.0001266146963385385,9.805393360843392e-05,7.655444373113082e-05,6.023824052079123e-05,4.775721994738385e-05,3.813594307384522e-05,3.066330773299819e-05,2.481712712373993e-05,2.021118151323319e-05,1.6557778930335e-05,1.364110639065474e-05,1.129814061141978e-05,9.404887807294049e-06,7.866402636571549e-06,6.609502852720304e-06,5.577418074944822e-06,4.725834415221626e-06,4.01995246588216e-06,3.432285350285496e-06,2.941000479106035e-06,2.528663142742087e-06,2.181278858087255e-06,1.887559144603914e-06,1.638355373449904e-06,1.426219776922363e-06,1.245063209286531e-06,1.089886930419055e-06,9.565713301655094e-07,8.417086850281464e-07,7.424701405103889e-07,6.564994297676319e-07,5.818275796052078e-07,5.16804168711559e-07,4.60041699885271e-07,4.103704081373164e-07,3.668014089648728e-07,3.284965394631894e-07,2.94743591716468e-07,2.649359073193053e-07,2.385555121083692e-07,2.151591349347328e-07,1.943665839588747e-07,1.758510563964305e-07,1.593310389137006e-07,1.445635205939556e-07,1.313382921326914e-07,1.194731464288899e-07,1.088098291607459e-07,9.921061493712803e-08,0.01620933308489734
64.5,0.005349565938221602,0.00318796424220454,0.002047523662664602,0.001385327381727654,0.0009704518545602699,0.0006960027952190576,0.0005076468910225007,0.0003751351689412329,0.0002802757327532572,0.0002114724666388618,0.00016102788115723,0.0001236908464544567,9.581164211629284e-05,7.481931425258235e-05,5.888384379921751e-05,4.669112294728809e-05,3.729000908034896e-05,2.998690041678213e-05,2.427231164424785e-05,1.97693111831473e-05,1.619705038471425e-05,1.334479631263155e-05,1.105332516995056e-05,9.201506144075064e-06,7.69656713321751e-06,6.466987550516007e-06,5.457276545554896e-06,4.624112317207329e-06,3.933469820872108e-06,3.358470499653348e-06,2.877762605792256e-06,2.474293762521509e-06,2.134375215096725e-06,1.846964276018351e-06,1.603110939625269e-06,1.39552872782428e-06,1.218260075603041e-06,1.066414059350767e-06,9.359597820725438e-07,8.235628041424947e-07,7.264550369210159e-07,6.423307797851921e-07,5.692632812084716e-07,5.056374881756931e-07,4.500956223394905e-07,4.01492964212853e-07,3.588617959824357e-07,3.213818918494506e-07,2.883562838478791e-07,2.591912945217673e-07,2.333800334260452e-07,2.104887155396457e-07,1.901452864873945e-07,1.720299396732058e-07,1.558671899260968e-07,1.414192315750334e-07,1.28480359483225e-07,1.168722721826222e-07,1.064401089485017e-07,9.704909907421801e-08,0.01578739434980677
65.5,0.00517315019601673,0.003084114974202348,0.001982624958601772,0.001342658395615225,0.0009413299165263271,0.0006755921478499308,0.000493063024359585,0.0003645583288410022,0.0002725094867172838,0.0002057070502955009,0.0001567039651368171,0.0001204162977922154,9.330832919498976e-05,7.288801510578439e-05,5.738058393701504e-05,4.551097289477085e-05,3.635586326828727e-05,2.924163548449159e-05,2.367326364341197e-05,1.928435801896301e-05,1.580181366379723e-05,1.302062899250567e-05,1.078585431978894e-05,8.979570305096608e-06,7.511435948057215e-06,6.311784601599648e-06,5.326549440089278e-06,4.513510174706325e-06,3.839499625593122e-06,3.278311753505478e-06,2.809125370527742e-06,2.41530921083052e-06,2.083510700754498e-06,1.802957018246906e-06,1.564915929803013e-06,1.3622775711972e-06,1.189228291902882e-06,1.040994965713647e-06,9.136435273476087e-07,8.03919457038047e-07,7.091208812558339e-07,6.269971599385874e-07,5.556674853527533e-07,4.935552674750815e-07,4.393350294232032e-07,3.918892600950398e-07,3.502732258293341e-07,3.136861700374782e-07,2.814476602096318e-07,2.529780984990896e-07,2.277826125275596e-07,2.054377001689225e-07,1.855801257370903e-07,1.678976627400473e-07,1.521213559100538e-07,1.380190369866074e-07,1.25389878110242e-07,1.140598063091545e-07,1.038776344679941e-07,9.471178995025426e-08,0.01529135643221157
66.5,0.004988979822535931,0.002977857473549783,0.001916941865295027,0.001299664312387676,0.0009119837460624913,0.0006549626047648714,0.0004782518437599187,0.0003537532073951748,0.0002645236079752022,0.0001997375096573596,0.0001521951040547115,0.0001169772075532546,9.066050695089605e-05,7.083094653587084e-05,5.57685478238739e-05,4.423713696203579e-05,3.534124115460506e-05,2.84273429373036e-05,2.301504258416365e-05,1.874867474832744e-05,1.536305846711046e-05,1.265909187644528e-05,1.048625134327948e-05,8.729963070027971e-06,7.302433671040268e-06,6.135950630697776e-06,5.17795667348217e-06,4.387405659039204e-06,3.732049751126345e-06,3.186407349896717e-06,2.730231622516416e-06,2.347349334480889e-06,2.02477521774999e-06,1.752032565009561e-06,1.520629068762645e-06,1.323650194261498e-06,1.155442034799771e-06,1.011362667173523e-06,8.875862267585042e-07,7.809477696655532e-07,6.888198512807279e-07,6.090138901420175e-07,5.397009941245869e-07,4.793481405743527e-07,4.266665241731408e-07,3.805695898279516e-07,3.401388071701584e-07,3.045956586025158e-07,2.732786341948345e-07,2.456242764847718e-07,2.21151513191978e-07,1.994486686754741e-07,1.801626652577345e-07,1.629900206114336e-07,1.476693228406887e-07,1.339749249738943e-07,1.217116486228665e-07,1.107103251087092e-07,1.008240333937567e-07,9.192491923922448e-08,0.01478131064429029
67.5,0.004800623377742119,0.00286815112496485,0.001848616005200461,0.001254680470776263,0.0008811423438928377,0.0006332066460242422,0.000462589033800217,0.0003423017505786343,0.0002560453070453344,0.0001933913461431833,0.0001473970479664384,0.0001133151620471234,8.784009651639049e-05,6.863972933173057e-05,5.405181110312859e-05,4.288124768399361e-05,3.426205138404747e-05,2.756203690993536e-05,2.231635661255247e-05,1.818076874530329e-05,1.489854615526904e-05,1.227688956998362e-05,1.017000883869531e-05,8.46691115716055e-06,7.082531738104742e-06,5.951251825892605e-06,5.022131815147864e-06,4.255383743725963e-06,3.619744665414762e-06,3.090508734827411e-06,2.648043793158672e-06,2.276666429966248e-06,1.963783841338665e-06,1.699235413149883e-06,1.474784683724209e-06,1.283725176684885e-06,1.120572940762646e-06,9.808254748099368e-07,8.607717514078001e-07,7.573417780914975e-07,6.679869066071576e-07,5.905841730132528e-07,5.233595091942642e-07,4.648258432391879e-07,4.137329997279799e-07,3.690269927858849e-07,3.298168274930289e-07,2.953473278739393e-07,2.649768212474581e-07,2.381587508723861e-07,2.144264778577484e-07,1.933806814991842e-07,1.746788838598464e-07,1.580267166174271e-07,1.431706213615565e-07,1.298917328027971e-07,1.180007409480414e-07,1.073335656852063e-07,9.774770732772715e-08,8.91191609976015e-08,0.01425267696643711
68.5,0.004588059437472498,0.002747764208240098,0.001774459065488947,0.001206055456612062,0.0008478235922978212,0.000609671387920918,0.0004456033269670557,0.0003298437093287477,0.0002467882473226021,0.0001864348312411981,0.0001421154511035399,0.0001092664282967011,8.470783715666429e-05,6.619508014773086e-05,5.21276563878798e-05,4.135448749887642e-05,3.304124301453858e-05,2.657869421809608e-05,2.151877212701259e-05,1.752959308356709e-05,1.436360167931098e-05,1.183485719246128e-05,9.802736743732223e-06,8.160169426273551e-06,6.825088791767902e-06,5.734184660282431e-06,4.838307219439247e-06,4.099065397255289e-06,3.486293532414417e-06,2.976153070877459e-06,2.549701436030846e-06,2.191806618552995e-06,1.890319111774e-06,1.635436525749295e-06,1.419213294087722e-06,1.235180259931877e-06,1.078047937566145e-06,9.434738430472737e-07,8.278791433354857e-07,7.283034671794766e-07,6.422893947268207e-07,5.677901424788453e-07,5.030954634609077e-07,4.467719183084058e-07,3.976145354630157e-07,3.546075368114545e-07,3.168923097012948e-07,2.837411949606901e-07,2.545359613226233e-07,2.287500704322664e-07,2.059340191108047e-07,1.857031886143005e-07,1.677277432447031e-07,1.51724209678962e-07,1.374484390075709e-07,1.24689709727365e-07,1.132657749069165e-07,1.030186928290052e-07,9.381130947207623e-08,8.55242846707842e-08,0.01366892326117656
69.5,0.004421151163396365,0.002649566446571795,0.001712403399499773,0.001164567452965995,0.000818943218691214,0.0005889924767562024,0.0004304949892048033,0.0003186347873134442,0.0002383675948366761,0.0001800396177034105,0.0001372101375059368,0.0001054688997536105,8.174200163649483e-05,6.385934617490962e-05,5.027344688550333e-05,3.987133916441552e-05,3.18463405140295e-05,2.560944496248251e-05,2.072749281914589e-05,1.68796775928103e-05,1.382673663341958e-05,1.138898409153246e-05,9.430549698951638e-06,7.847999817182538e-06,6.562071304240948e-06,5.511629331795082e-06,4.649223324336759e-06,3.937798000261286e-06,3.348244203822152e-06,2.85756388637716e-06,2.447486874147613e-06,2.103421942715935e-06,1.813656718048293e-06,1.568743857539152e-06,1.361027487960923e-06,1.184275845657132e-06,1.033394780047055e-06,9.042031626742848e-07,7.932559410507064e-07,6.977040523765992e-07,6.151829979788548e-07,5.437238129937718e-07,4.816816193298059e-07,4.276780480596358e-07,3.805546511371193e-07,3.393350584461897e-07,3.031941238294002e-07,2.714326793106577e-07,2.434568072947933e-07,2.187607663326279e-07,1.969128822795854e-07,1.775438548114083e-07,1.603370379775475e-07,1.450203393811638e-07,1.313594507263869e-07,1.191521767457265e-07,1.082236729013158e-07,9.842243705473076e-08,8.96169283171174e-08,8.16927089243141e-08,0.01318505052695698
70.5,0.004201985098810513,0.002524726499826439,0.001634978443247782,0.001113342267017884,0.0007834861176095494,0.0005636815494695567,0.000412032148332155,0.0003049481210040287,0.0002280887614215342,0.0001722330812166946,0.0001312208095876074,0.0001008301514640759,7.811705692116865e-05,6.10024925431554e-05,4.800368064140753e-05,3.805412960597832e-05,3.038084277389794e-05,2.441943925722545e-05,1.975490698235359e-05,1.607991906686695e-05,1.316530278328829e-05,1.083898249608947e-05,8.970870840768407e-06,7.461960744000131e-06,6.236401618547785e-06,5.235707703486509e-06,4.414498593448999e-06,3.737347215873701e-06,3.176432936070497e-06,2.709783435670874e-06,2.319949680700814e-06,1.993001331818173e-06,1.717760634002838e-06,1.485214815308826e-06,1.288062869800917e-06,1.120364077311337e-06,9.772639707490112e-07,8.547795808122464e-07,7.496302918438034e-07,6.591039752286802e-07,5.809505457533566e-07,5.132969399917489e-07,4.545789089414478e-07,4.034860694920234e-07,3.589174581763881e-07,3.199454400434529e-07,2.857862925490288e-07,2.557761439984197e-07,2.293512242527626e-07,2.060316015360765e-07,1.854077478202514e-07,1.67129407409413e-07,1.508963473181713e-07,1.364506501748375e-07,1.235702755214109e-07,1.120636672414112e-07,1.017652262864051e-07,9.253150110609138e-08,8.423797493422614e-08,7.677635068356439e-08,0.01257131688616792
71.5,0.003976611731063923,0.002394579579727042,0.001553316161545711,0.001058929624063153,0.0007457025851291127,0.0005366964959895812,0.0003923722473893491,0.0002904079853724068,0.0002172024206089041,0.0001639948018234932,0.000124925358922395,9.597513827967592e-05,7.43401820899063e-05,5.803979672874424e-05,4.566108785603578e-05,3.618772414319293e-05,2.88830289752156e-05,2.320913363508269e-05,1.877052926140208e-05,1.527434494299041e-05,1.250220279880443e-05,1.029014744076538e-05,8.514244088083831e-06,7.080180543388519e-06,5.915713675381432e-06,4.965148400282523e-06,4.185277322650389e-06,3.5423761621257e-06,3.009966764635533e-06,2.567141434409422e-06,2.197300156669831e-06,1.887193308128201e-06,1.626191706886233e-06,1.405726821858321e-06,1.218859070440981e-06,1.05994307729837e-06,9.243667369998646e-07,8.083467581780408e-07,7.087676615614023e-07,6.230543820266065e-07,5.490709885434634e-07,4.850398032340586e-07,4.294765289775174e-07,3.811379982095184e-07,3.389799170600731e-07,3.021225597891661e-07,2.698228135884199e-07,2.414513165080768e-07,2.164736963035461e-07,1.944351238789349e-07,1.749475556289537e-07,1.576791648230289e-07,1.423455611736884e-07,1.28702475924309e-07,1.165396517935471e-07,1.056757264655646e-07,9.595393774404549e-08,8.723851010348825e-08,7.941160781134402e-08,7.237076033588488e-08,0.01193068098155579
72.5,0.003754057331543727,0.002269526153354558,0.001476290212214787,0.001008139458347923,0.0007106025420125977,0.0005116617813569313,0.0003741229285247723,0.0002768894848855798,0.0002070591556655336,0.0001562999695058778,0.0001190297566811091,9.141614420403851e-05,7.078381393894739e-05,5.524235252845254e-05,4.344306247875453e-05,3.441574366184813e-05,2.745717044397112e-05,2.205393212148663e-05,1.782854397509719e-05,1.45015198784746e-05,1.186449643887833e-05,9.761066660297664e-06,8.073026808955608e-06,6.710447012925804e-06,5.604458516170797e-06,4.701982109504634e-06,3.96185158503868e-06,3.351945508320161e-06,2.847052031268686e-06,2.427269730192657e-06,2.076802694573565e-06,1.783047282231628e-06,1.535895901517296e-06,1.327203211334841e-06,1.150374562225963e-06,1.000046955866068e-06,8.71840413069389e-07,7.621632135779511e-07,6.680585726507043e-07,5.870833542303244e-07,5.172116775713375e-07,4.567579616384955e-07,4.043152195586027e-07,3.587053729851614e-07,3.189390829655076e-07,2.841831481013511e-07,2.537339454246221e-07,2.269957162693528e-07,2.034627521565533e-07,1.827047319942752e-07,1.643546149953423e-07,1.480986136341924e-07,1.336678652792086e-07,1.208314956119358e-07,1.093908259833945e-07,9.917452383835936e-08,9.003453286303042e-08,8.184264959202951e-08,7.448763740912474e-08,6.787278840966615e-08,0.01131618393504357
73.5,0.003523072948059305,0.00213454681780682,0.001390743883820431,0.0009506933344026051,0.0006704901755212608,0.0004829059208526875,0.0003531223626045101,0.0002613352436889837,0.0001954047533886782,0.0001474784873169907,0.0001122900056235402,8.622139311578169e-05,6.674613709358537e-05,5.20786478387314e-05,4.094492194872182e-05,3.242848890451356e-05,2.586509576555991e-05,2.0769820508536e-05,1.67861589388864e-05,1.365018885961398e-05,1.116517563167043e-05,9.183462433006884e-06,7.593475705137589e-06,6.31034388600203e-06,5.269083261868425e-06,4.419618101412483e-06,3.723118943394587e-06,3.149293593197878e-06,2.674370690639113e-06,2.279589673809143e-06,1.950063170636641e-06,1.673914886636094e-06,1.441622466471289e-06,1.24551373574479e-06,1.079378367770282e-06,9.38166898580826e-07,8.177562066088424e-07,7.147658391690055e-07,6.26413443037396e-07,5.504004233106819e-07,4.848210867904555e-07,4.280901199227974e-07,3.788844488067401e-07,3.36096433024106e-07,2.987960312115454e-07,2.66200099497999e-07,2.376473847569951e-07,2.125780831156797e-07,1.905170726631193e-07,1.710601145024815e-07,1.538624607253451e-07,1.386294209996241e-07,1.251085284109097e-07,1.130830154232262e-07,1.023663664868587e-07,9.27977581070701e-08,8.423823255416776e-08,7.656747974150955e-08,6.968112459758957e-08,6.348843565976239e-08,0.01064840482711484
74.5,0.003302413763873565,0.002009046156591812,0.00131256835418669,0.000898768342107656,0.0006344795024893824,0.0004572016561230617,0.0003344041622227379,0.0002474998411347505,0.0001850545984167935,0.0001396543703739912,0.0001063188900296361,8.162355557677572e-05,6.31754961895734e-05,4.928302148447641e-05,3.873890794412882e-05,3.067464617561609e-05,2.446072460167524e-05,1.963758579741459e-05,1.586738423391779e-05,1.290002451657381e-05,1.05490924696479e-05,8.67468962929015e-06,7.171115824213075e-06,5.957976659194306e-06,4.973724412217587e-06,4.170937737598742e-06,3.512850934967038e-06,2.970786359404816e-06,2.522243364995624e-06,2.149467285008821e-06,1.838371442960829e-06,1.577720300282398e-06,1.358506883475179e-06,1.173475579446854e-06,1.016754318007285e-06,8.835695261974485e-07,7.700240588676141e-07,6.72923302173395e-07,5.896383204969279e-07,5.179976351550509e-07,4.562012443916973e-07,4.027520049330859e-07,3.564006304303529e-07,3.16101419142269e-07,2.809764735000308e-07,2.502866699956352e-07,2.234080176305998e-07,1.998123354368646e-07,1.790514055189146e-07,1.60743933491426e-07,1.445647849787072e-07,1.302360739569423e-07,1.175197629402748e-07,1.062115014957402e-07,9.613548226019541e-08,8.714013554671561e-08,7.909451709560653e-08,7.188527034535682e-08,6.541406616790703e-08,5.959544041833057e-08,0.01003060638128351
75.5,0.003068448154421587,0.001869306193821194,0.001222279426972655,0.0008372911528779914,0.0005911649024547845,0.0004259784229057634,0.0003115267546447082,0.0002305233957445922,0.0001723214413569607,0.0001300117354290057,9.895100533452803e-05,7.59456315098499e-05,5.876395840674286e-05,4.582829927769503e-05,3.601287786815021e-05,2.850787992224414e-05,2.272642596299027e-05,1.824015426891483e-05,1.473421149487743e-05,1.197556853550877e-05,9.790567770256125e-06,8.048911969273375e-06,6.65217672808917e-06,5.525518240080255e-06,4.611651134171777e-06,3.866448203310928e-06,3.255705527826844e-06,2.752749787137946e-06,2.336657705746018e-06,1.990923003869507e-06,1.702452401504389e-06,1.460804982710334e-06,1.25761258329326e-06,1.086135604181322e-06,9.409207121685619e-07,8.175356234452079e-07,7.123625240684873e-07,6.22436335661011e-07,5.453174591459188e-07,4.789911623669662e-07,4.217876608526758e-07,3.723183485985977e-07,3.294246931116007e-07,2.921371072094115e-07,2.596417156594573e-07,2.312533963849652e-07,2.063938295385437e-07,1.845735597928073e-07,1.653772874642776e-07,1.484517673173462e-07,1.334958211563731e-07,1.202520699488997e-07,1.085000695486146e-07,9.805059590722553e-08,8.874087464853144e-08,8.043058883923318e-08,7.299852989558467e-08,6.63397814873543e-08,6.036334634013878e-08,5.499014200597482e-08,0.009332488993854761
76.5,0.002821457061782964,0.001726547576564447,0.001132016878232271,0.000776663379048272,0.0005488161573980216,0.0003956281008087462,0.0002893836736194011,0.000214148574837682,0.0001600766541863941,0.0001207647768258948,9.190413430426058e-05,7.052889293868409e-05,5.456568142447525e-05,4.254837498313452e-05,3.343068476135559e-05,2.645994184333591e-05,2.109067980833566e-05,1.692477455585991e-05,1.366961093906947e-05,1.110863135005149e-05,9.080464129525196e-06,7.464039746019924e-06,6.167912059953408e-06,5.122550083786951e-06,4.274740097921671e-06,3.583495545441075e-06,3.017050312880173e-06,2.550634917227638e-06,2.164821721973799e-06,1.844286130353752e-06,1.576873636567698e-06,1.352893071293683e-06,1.164578092411914e-06,1.005674534194022e-06,8.711224396165245e-07,7.568097199075094e-07,6.593802967690328e-07,5.760839092483754e-07,5.046579505844618e-07,4.432340549074239e-07,3.902639042840915e-07,3.444600348990993e-07,3.047484038684601e-07,2.702302200194904e-07,2.401511047268478e-07,2.138760778546002e-07,1.908691923694295e-07,1.706768939399425e-07,1.529143771712684e-07,1.372543617498209e-07,1.234178299765329e-07,1.111663597020414e-07,1.002957594151023e-07,9.063076964040994e-08,8.202064028314889e-08,7.433542972926184e-08,6.746290038520036e-08,6.13059084745292e-08,5.578020450827645e-08,5.081257585152768e-08,0.008625148215612088
77.5,0.002601639801970455,0.001592063913982035,0.001043835297849223,0.0007161091313632861,0.0005059573868844962,0.0003646653576880093,0.0002666778935935378,0.000197298395628124,0.0001474432626403982,0.0001112043033675696,8.460548979303764e-05,6.491007391962423e-05,5.020497213287776e-05,3.913756127745838e-05,3.074269706585811e-05,2.432620406928463e-05,1.938510234607308e-05,1.555235191846382e-05,1.255824074305537e-05,1.020320439361338e-05,8.33856665882523e-06,6.852807546379455e-06,5.661712608097366e-06,4.701263678169321e-06,3.92247692644238e-06,3.287631981907888e-06,2.767500416953031e-06,2.339296292830195e-06,1.985151418333983e-06,1.690974120427529e-06,1.445589950459071e-06,1.24009085466802e-06,1.067339373425775e-06,9.215887905928752e-07,7.981904957648975e-07,6.933673103553122e-07,6.040369793152832e-07,5.276740191372887e-07,4.622010471971186e-07,4.05902887547812e-07,3.573583614539093e-07,3.153858763363045e-07,2.789998320516281e-07,2.473755466850656e-07,2.198209222660879e-07,1.957534657730987e-07,1.746815832181548e-07,1.561892972428628e-07,1.399237184209126e-07,1.255847399808685e-07,1.129165344110026e-07,1.01700515528279e-07,9.174949649305454e-08,8.290282704061512e-08,7.502233501919756e-08,6.798893057818596e-08,6.169975789226945e-08,5.606580056920471e-08,5.100986398119302e-08,4.64648715477839e-08,0.007951192600259803
78.5,0.00237993549411601,0.001459298686620805,0.0009576032993232761,0.000657104765517771,0.0004642326095233347,0.0003345139882363245,0.0002445511067203601,0.0001808632610177356,0.0001351095628606866,0.0001018620379957458,7.746711802508453e-05,5.941002533588523e-05,4.593306734150373e-05,3.579374027611695e-05,2.810569503471063e-05,2.223160745418704e-05,1.770982868647917e-05,1.420358463157147e-05,1.146548297651278e-05,9.312533710775485e-06,7.608453365905343e-06,6.251051119909247e-06,5.163182627058165e-06,4.286223189016647e-06,3.575330058750824e-06,2.995982489457158e-06,2.521439487313318e-06,2.130860446912392e-06,1.807907363092566e-06,1.539698928338657e-06,1.316023243718189e-06,1.128741696303956e-06,9.713349619178508e-07,8.385552778208775e-07,7.261586254113022e-07,6.306973368821099e-07,5.49358642214884e-07,4.798383326525825e-07,4.202414084278846e-07,3.690035685433706e-07,3.248288793661709e-07,2.866400636252764e-07,2.535386809311853e-07,2.24773096888776e-07,1.997126125287236e-07,1.778264874444368e-07,1.586668668887731e-07,1.418548360166068e-07,1.270689889587071e-07,1.140360280556803e-07,1.025230080519377e-07,9.233091789259082e-08,8.328935393365825e-08,7.525208663294173e-08,6.809336100946707e-08,6.170480154654317e-08,5.599281646287109e-08,5.087641569786088e-08,4.62853725676545e-08,4.215867163857678e-08,0.007284705030920662
79.5,0.002135757714729176,0.00130963537415926,0.0008591130176632295,0.0005892771507666647,0.0004161379717376245,0.0002997336657328695,0.0002190346483840639,0.0001619261236348149,0.0001209141761363016,9.112335675470835e-05,6.927291336767022e-05,5.310531192612569e-05,4.104311052778353e-05,3.197155371870689e-05,2.509566661679475e-05,1.984400837380134e-05,1.580278769883047e-05,1.267024271426098e-05,1.022477509090771e-05,8.3025290324323e-06,6.781512273086642e-06,5.570280406400632e-06,4.599824118071059e-06,3.817717557026598e-06,3.183872040156952e-06,2.667435918462438e-06,2.244517405994443e-06,1.896501685288824e-06,1.608799621578006e-06,1.369911759214045e-06,1.170723962906988e-06,1.003974240692937e-06,8.638467979017888e-07,7.45661197521872e-07,6.456330163710577e-07,5.606885482376484e-07,4.883205881165335e-07,4.264756105107746e-07,3.734650656060524e-07,3.278952990730936e-07,2.886119252393453e-07,2.546554721713097e-07,2.252258594410443e-07,1.996538292908644e-07,1.773778764088998e-07,1.579255448992483e-07,1.408982085293837e-07,1.259586406414243e-07,1.128208271012553e-07,1.012415896910024e-07,9.101367619641995e-08,8.196004295539029e-08,7.392911024680292e-08,6.679081397725484e-08,6.043331123581888e-08,5.476022440382109e-08,4.968833014246017e-08,4.514561690687734e-08,4.106964855880043e-08,3.740618287794484e-08,0.00653271972260916
80.5,0.001937299008192111,0.001181250218366321,0.0007714699779599161,0.0005275628231950598,0.0003718147566826142,0.0002674479995441644,0.0001952506470565988,0.0001442322081645843,0.0001076312166083807,8.106537436676641e-05,6.15931099444905e-05,4.719358295141971e-05,3.645630906025422e-05,2.838533089540936e-05,2.227085480118519e-05,1.760295611525047e-05,1.401257849833903e-05,1.123071498494237e-05,9.059914184901866e-06,7.354242617004077e-06,6.005100433090147e-06,4.931117989308389e-06,4.070915356840495e-06,3.377882099176146e-06,2.816390775754281e-06,2.359033664382773e-06,1.984593871553746e-06,1.676546541705111e-06,1.421944908506185e-06,1.210587352951599e-06,1.034390841225709e-06,8.869168141123349e-07,7.630103426770708e-07,6.585239198444539e-07,5.701048534295134e-07,4.950307214352652e-07,4.310813469826335e-07,3.764386722437369e-07,3.296080584308601e-07,2.893561257655374e-07,2.546614259865286e-07,2.246751199031586e-07,1.986894928062402e-07,1.761126385252323e-07,1.564480203268174e-07,1.392779042623344e-07,1.242498804855655e-07,1.11065857109556e-07,9.947304170551874e-08,8.925652678848153e-08,8.02331744959504e-08,7.224655735393692e-08,6.516276047793227e-08,5.886688876739883e-08,5.326015290454675e-08,4.825743201110133e-08,4.378522999642214e-08,3.977995798625899e-08,3.618648755967244e-08,3.2956929469569e-08,0.005877977044358054
81.5,0.001723687379301775,0.001045041024762248,0.0006794529362901963,0.0004631995856242113,0.0003257715852666203,0.000233985731259877,0.000170632407966707,0.0001259324027100877,9.390079157140501e-05,7.067277691788794e-05,5.366054009094384e-05,4.108923377668215e-05,3.17215442452427e-05,2.468459352261483e-05,1.935678117363616e-05,1.529184854622106e-05,1.216702535591613e-05,9.74718851204354e-06,7.859861565444746e-06,6.377644893849112e-06,5.205785757766819e-06,4.27332953140712e-06,3.52678190035022e-06,2.925541989776973e-06,2.438591601506365e-06,2.042080432007662e-06,1.717554015628087e-06,1.450645356734042e-06,1.230103014005835e-06,1.047064729554462e-06,8.945113005671714e-07,7.668535277305159e-07,6.596179862694513e-07,5.692066046398301e-07,4.927116817043554e-07,4.277727787272353e-07,3.72465415736608e-07,3.252140545709766e-07,2.847237263302521e-07,2.499260460049245e-07,2.199363853292219e-07,1.940197422591613e-07,1.715634210504082e-07,1.520550708092704e-07,1.350649591043305e-07,1.202316074628375e-07,1.072501069759229e-07,9.586257931432208e-08,8.585036198867339e-08,7.702758471556969e-08,6.923587229800787e-08,6.233996303336157e-08,5.622407375424348e-08,5.078887579341551e-08,4.5948972430879e-08,4.163078925187219e-08,3.777080548958943e-08,3.431406775010852e-08,3.12129382200573e-08,2.842603808528466e-08,0.005186950119019747
82.5,0.00151511240995822,0.000909774763155082,0.000587403774378721,0.0003986228987918733,0.0002795337752341611,0.0002003853682626597,0.0001459275289209238,0.0001075839866523421,8.014746358297823e-05,6.02736875004773e-05,4.573141246077635e-05,3.4993943343496e-05,2.69986664661818e-05,2.099682419510849e-05,1.645570022544685e-05,1.29931516966547e-05,1.033298180006431e-05,8.274131095532388e-06,6.669207367059365e-06,5.409408547248573e-06,4.413863606067346e-06,3.622049291618817e-06,2.98836209160949e-06,2.478209286484939e-06,2.065176842906533e-06,1.728964967438742e-06,1.453874016729989e-06,1.227687229730052e-06,1.040841229491621e-06,8.8580642278091e-07,7.566213902168093e-07,6.485409092160469e-07,5.577683159656824e-07,4.812508254547261e-07,4.165221172559639e-07,3.615806059660134e-07,3.147948021581483e-07,2.748293513674967e-07,2.405869405863585e-07,2.111624442646658e-07,1.858065592971297e-07,1.638968330043344e-07,1.44914478838541e-07,1.284257443192298e-07,1.140668757225628e-07,1.015319371318683e-07,9.056290437680275e-08,8.094157953697462e-08,7.248296825728907e-08,6.502983697432156e-08,5.844822542286123e-08,5.262373534559758e-08,4.745845208940879e-08,4.286838395793309e-08,3.878132649413476e-08,3.513507658405585e-08,3.187593540000463e-08,2.895745050700348e-08,2.633935653627198e-08,2.398668114738132e-08,0.004501323710663263
83.5,0.001311419066482315,0.0007783326212851821,0.0004984979580055845,0.0003365054965795506,0.000235168211553515,0.0001681973396861541,0.0001222882162247551,9.004312891557788e-05,6.701007960199947e-05,5.034775859039923e-05,3.816844417272061e-05,2.918409113935328e-05,2.24999025000757e-05,1.748624840878923e-05,1.369566015177861e-05,1.080744697758248e-05,8.590022363216961e-06,6.874934285657615e-06,5.538787541977365e-06,4.490560635089076e-06,3.662646381690126e-06,3.004482672810254e-06,2.477996699238081e-06,2.054326457579045e-06,1.711447055777305e-06,1.432441596596843e-06,1.204233867069661e-06,1.016653781699881e-06,8.617439754185483e-07,7.33242176139766e-07,6.261924551625337e-07,5.36651520087082e-07,4.614655062611532e-07,3.980993637061874e-07,3.445057077969877e-07,2.990234481003896e-07,2.602990119945877e-07,2.27224806217033e-07,1.988908998911162e-07,1.745469014637361e-07,1.535717353807343e-07,1.35449571082328e-07,1.197505666144395e-07,1.061153977312886e-07,9.424277693295425e-08,8.387934453773681e-08,7.481144966478471e-08,6.685844325674037e-08,5.986718568968793e-08,5.370753382603497e-08,4.826862085405783e-08,4.345578015203208e-08,3.918799415306658e-08,3.539577261925374e-08,3.201938327083789e-08,2.900737243728891e-08,2.6315325132107e-08,2.390482334208902e-08,2.174256886062683e-08,1.979964306907229e-08,0.00383809944067458
84.5,0.001109517016749633,0.0006469305614489961,0.0004090482553252202,0.0002737411922692937,0.000190219938738486,0.0001355311420538636,9.827087385201377e-05,7.220766179614472e-05,5.3643964831422e-05,4.024401586316288e-05,3.046672307855118e-05,2.326543003607273e-05,1.791534393509813e-05,1.390764132366354e-05,1.088136813080864e-05,8.578236747821815e-06,6.811984580834196e-06,5.44730385393396e-06,4.385201765988151e-06,3.55274492511537e-06,2.895824446689741e-06,2.374019008836566e-06,1.956924858508169e-06,1.621517804123327e-06,1.350245412819431e-06,1.129638824774117e-06,9.492964357248631e-07,8.011352362241564e-07,6.788359145456563e-07,5.774290476520752e-07,4.929846264109614e-07,4.223777076999594e-07,3.631104778250441e-07,3.131763609086521e-07,2.70955645257023e-07,2.351348709130313e-07,2.046442310093748e-07,1.786087048863716e-07,1.563097152529434e-07,1.371548935000188e-07,1.206541239941055e-07,1.064004751996743e-07,9.405495268531321e-08,8.333425530649671e-08,7.400090209393343e-08,6.585523892570123e-08,5.872894216546047e-08,5.247971940010676e-08,4.698697135443983e-08,4.214822857502585e-08,3.787621498530963e-08,3.409642049364746e-08,3.074508842924804e-08,2.776754216242853e-08,2.511678995818736e-08,2.275235877499478e-08,2.063931701379525e-08,1.874745365445216e-08,1.705058718229741e-08,1.552598251237261e-08,0.003172670887094552
85.5,0.0009026499813455201,0.0005165467459767396,0.0003219261572210907,0.0002132595666276676,0.0001471744405545469,0.0001043660346364005,7.541477642848198e-05,5.526609657874688e-05,4.096707344266471e-05,3.067416379143522e-05,2.318106838755592e-05,1.767315724006327e-05,1.358855737451923e-05,1.053398247539113e-05,8.231094258540825e-06,6.481121785294778e-06,5.140982067592616e-06,4.106910776694734e-06,3.303115741631407e-06,2.673844081769639e-06,2.177795603689819e-06,1.78416259334658e-06,1.469804904564034e-06,1.217222472003918e-06,1.013091215887955e-06,8.47199272469025e-07,7.11669306519775e-07,6.003864396029818e-07,5.085748175700188e-07,4.324822573580776e-07,3.691439431996645e-07,3.162042806925952e-07,2.717817905568957e-07,2.34366040620036e-07,2.027385653224714e-07,1.759118482357851e-07,1.530819833228139e-07,1.335917524189984e-07,1.169016777754668e-07,1.025672131461628e-07,9.022068438345405e-08,7.955692343213901e-08,7.032178860387386e-08,6.23029511938353e-08,5.532246992766181e-08,4.923078211513661e-08,4.390182232740744e-08,3.922904223554891e-08,3.512215363568644e-08,3.150445412564423e-08,2.83106239958384e-08,2.548490560967842e-08,2.297959435226696e-08,2.075378423933216e-08,1.877232235247699e-08,1.700493505275553e-08,1.542549592178538e-08,1.401141097303408e-08,1.274310116345021e-08,1.16035658486211e-08,0.002516741351582139
86.5,0.0006985734230653928,0.0003896218285899801,0.0002377719373361467,0.0001551468630176137,0.0001059745952675287,7.46262591885387e-05,5.36574170780629e-05,3.917306171142759e-05,2.894795027197448e-05,2.161662982743941e-05,1.629653117525342e-05,1.239663864117166e-05,9.511682394828799e-06,7.359190117101067e-06,5.739907056071854e-06,4.511930612313758e-06,3.573364328053019e-06,2.850480804079019e-06,2.289544439185245e-06,1.851109896734649e-06,1.506016357081372e-06,1.232554078883423e-06,1.01444739695457e-06,8.394099806745109e-07,6.981036016690811e-07,5.833830677799551e-07,4.897452691484131e-07,4.129246492109963e-07,3.495943280576947e-07,2.97143906241815e-07,2.535132507391151e-07,2.170673943807213e-07,1.865018083990288e-07,1.607702462437187e-07,1.390294593664218e-07,1.205965980283497e-07,1.04916203844836e-07,9.153449592575558e-08,8.007923370990812e-08,7.02438667675427e-08,6.177499748617006e-08,5.446241702989748e-08,4.813115006497624e-08,4.26350751907285e-08,3.785178719645487e-08,3.367844247845395e-08,3.002838627071167e-08,2.682840423647814e-08,2.401647473931283e-08,2.153992421538818e-08,1.935390833586176e-08,1.742015745292134e-08,1.570593720091595e-08,1.418318485837578e-08,1.28277897633964e-08,1.161899216867015e-08,1.053887977215271e-08,9.571965033496042e-09,8.704829492554141e-09,7.925823805596864e-09,0.001880846718538797
87.5,0.0004875980046892982,0.0002649834504208625,0.000158063122843209,0.0001013383774222006,6.83524831335273e-05,4.770612696848575e-05,3.407955961634985e-05,2.475587415642679e-05,1.821892779112209e-05,1.3556438154702e-05,1.018737300144923e-05,7.726721710648313e-06,5.912454268640926e-06,4.562950642821489e-06,3.550657209399174e-06,2.785069041473008e-06,2.201410405364517e-06,1.752955697661994e-06,1.405748328221146e-06,1.134931866017685e-06,9.221805245034922e-07,7.538868880147595e-07,6.198753838735744e-07,5.124832337741929e-07,4.258998345561583e-07,3.556889433237541e-07,2.984409185958433e-07,2.515180246899064e-07,2.128667170564624e-07,1.808784202841865e-07,1.542856224217138e-07,1.3208384336708e-07,1.134726732318864e-07,9.78109499930826e-08,8.458248302132807e-08,7.336968870834354e-08,6.383319674970691e-08,5.569598783724861e-08,4.873098978076695e-08,4.275132766520959e-08,3.76026216806789e-08,3.315687306434079e-08,2.930758800277249e-08,2.596587131725669e-08,2.305728349354695e-08,2.051930135521716e-08,1.829925823891881e-08,1.635266671746917e-08,1.464184780360856e-08,1.313480668905655e-08,1.180430757431202e-08,1.062710988108297e-08,9.583335755641283e-09,8.655944754694589e-09,7.830296325172941e-09,7.093784427462387e-09,6.43553162387937e-09,5.846132326515532e-09,5.317436799123929e-09,4.842369035795409e-09,0.001265583047386197
88.5,0.0002740344075508071,0.0001479445745763831,8.709460163677578e-05,5.507728012405029e-05,3.671546156178683e-05,2.538585643245413e-05,1.799966575473552e-05,1.299512255294087e-05,9.513462235378819e-06,7.045773125507066e-06,5.272192520503119e-06,3.982992861004573e-06,3.036603278679033e-06,2.33553226740214e-06,1.811677716655732e-06,1.416944254270939e-06,1.117056291704838e-06,8.873888543715646e-07,7.101156353336977e-07,5.722366545245406e-07,4.642024759872828e-07,3.7894751929064e-07,3.112062933861932e-07,2.570266708016234e-07,2.134212508004467e-07,1.781160705201154e-07,1.493683409180594e-07,1.25833408407553e-07,1.06467027421508e-07,9.045311229170228e-08,7.714998424517307e-08,6.605012481281197e-08,5.674985239779644e-08,4.892633367066741e-08,4.232004942010053e-08,3.67213409269829e-08,3.196002715965438e-08,2.789734647135702e-08,2.441966798757158e-08,2.143355788587455e-08,1.886188870544223e-08,1.664075591461136e-08,1.471702252093726e-08,1.304635477188593e-08,1.159164374608405e-08,1.032173161468287e-08,9.210379555593e-09,8.235428191260382e-09,7.378112068494857e-09,6.622497901823137e-09,5.955022650952549e-09,5.364112439642405e-09,4.839867178891175e-09,4.37379878168244e-09,3.958613238839371e-09,3.588028709831873e-09,3.25662327873639e-09,2.959707218462971e-09,2.693215560973194e-09,2.453617537932612e-09,0.0006978136847616597
89.5,6.863701105946786e-05,3.797272748497129e-05,2.274299454096788e-05,1.450117464088587e-05,9.68311148437805e-06,6.682152439461561e-06,4.721223142500492e-06,3.395106616147591e-06,2.476256940345412e-06,1.828295121329445e-06,1.36514830210069e-06,1.030392243161309e-06,7.860355192228231e-07,6.060119791867349e-07,4.721912656146804e-07,3.71829031689874e-07,2.958882067143771e-07,2.379106657216114e-07,1.932477162833261e-07,1.585296353417181e-07,1.312968931778215e-07,1.097419405814557e-07,9.252723824563857e-08,7.865622830890849e-08,6.738129633121707e-08,5.813772835938164e-08,5.049603914697827e-08,4.412735623559905e-08,3.87781345034184e-08,3.425157639337378e-08,3.039389871836741e-08,2.708412224478824e-08,2.422643634917001e-08,2.174445660505557e-08,1.957688162880183e-08,1.767418996471273e-08,1.599611420617393e-08,1.450969905395963e-08,1.318780038114811e-08,1.200791906638574e-08,1.095129022606246e-08,1.00021682524956e-08,9.147262695185682e-09,8.375290898606484e-09,7.676621435062628e-09,7.042988469569355e-09,6.467261792063627e-09,5.943260735046313e-09,5.465602844107756e-09,5.029580192684657e-09,4.631057784872851e-09,4.266389685780305e-09,3.932349443381856e-09,3.626072083397568e-09,3.345005517785153e-09,3.086869644650792e-09,2.849621760566642e-09,2.631427176648906e-09,2.430634143525893e-09,2.245752359971376e-09,0.0001791681804921364
