0.5,0.01959726637092601,0.0007643707756592858,2.98147952623451e-05,1.162997255620248e-06,4.536747121385231e-08,1.769821233124555e-09,6.904513749408199e-11,2.693739455404545e-12,1.050985657552908e-13,4.100687049482679e-15,1.600055405383836e-16,6.243554330394298e-18,2.436392030890657e-19,9.507815997656086e-21,3.710501496322655e-22,1.448113559596891e-23,5.651851171348794e-25,2.205955888249752e-26,8.610351111501977e-28,3.36095541712919e-29,1.311965503168318e-30,5.121530643031133e-32,1.999377277102354e-33,7.805617520770381e-35,3.047454577829954e-36,1.189829127893001e-37,4.64567959903738e-39,1.813974324854603e-40,7.083210725717082e-42,2.765962292972815e-43,1.080138226522819e-44,4.218220970833575e-46,1.647388945756826e-47,6.433980210467314e-49,2.51292755121534e-50,9.815147045362339e-52,3.833806327518773e-53,1.497545298361784e-54,5.849868808385285e-56,2.285222899069539e-57,8.927445591266438e-59,3.487722979779313e-60,1.362613858352468e-61,5.323773748831745e-63,2.080090696387449e-64,8.127570908831765e-66,3.175813567242365e-67,1.240980312192672e-68,4.849426321760734e-70,1.895096562314374e-71,7.406068926558266e-73,2.894406372673623e-74,1.131218594196756e-75,4.421287547673997e-77,1.728089004131292e-78,6.754582269856543e-80,2.640254864060134e-81,1.032067488822834e-82,4.03445762254773e-84,1.577164368578147e-85
1.5,0.01958759828793367,0.0007640025631211995,2.980077694118259e-05,1.162463766717878e-06,4.534717668438574e-08,1.769049533021623e-09,6.901580659855934e-11,2.69262516111067e-12,1.050562538786916e-13,4.099081211465987e-15,1.599446279937652e-16,6.241245112322932e-18,2.43551712156198e-19,9.504503262634987e-21,3.709248007663238e-22,1.447639593359207e-23,5.650060361407046e-25,2.20527979453655e-26,8.607800771709013e-28,3.359994248950071e-29,1.311603606076919e-30,5.120169427791117e-32,1.998865838806601e-33,7.803698189958707e-35,3.046735198098603e-36,1.189559865576288e-37,4.64467323719961e-39,1.813598798670649e-40,7.081811869293445e-42,2.765442196235744e-43,1.079945254335228e-44,4.217506614573536e-46,1.647125166599053e-47,6.433008916985726e-49,2.512571015755752e-50,9.813842891094856e-52,3.833331180614025e-53,1.497372970295374e-54,5.849247059800623e-56,2.284999936009492e-57,8.926651737909565e-59,3.487442740030545e-60,1.362515954938704e-61,5.32343611185814e-63,2.079976160863839e-64,8.127190734681e-66,3.175691108987875e-67,1.24094256924553e-68,4.849317994924531e-70,1.895069401565333e-71,7.406021559901582e-73,2.894410632154501e-74,1.131229080622607e-75,4.421362708935729e-77,1.728131621283898e-78,6.754800139362302e-80,2.640359896239098e-81,1.032116243462703e-82,4.034678031010606e-84,1.577262084251893e-85
2.5,0.01956825978054173,0.0007632695318857114,2.977300865670011e-05,1.161412562480586e-06,4.530740996183911e-08,1.767546291136675e-09,6.895902672251262e-11,2.690482295891096e-12,1.049754547934818e-13,4.096037501530223e-15,1.598300880939958e-16,6.236939493086877e-18,2.433900512684888e-19,9.498441119019708e-21,3.706977847994177e-22,1.446790711210948e-23,5.646891194193501e-25,2.204098689189255e-26,8.603407292363952e-28,3.358363354020157e-29,1.310999587803825e-30,5.117938035171598e-32,1.998043820284652e-33,7.800679465027498e-35,3.045630529625357e-36,1.189157237942062e-37,4.643212432033316e-39,1.813071573382331e-40,7.079920660417988e-42,2.764768683501745e-43,1.079707461240773e-44,4.216675839220717e-46,1.646838692724535e-47,6.432037452787492e-49,2.512248781888268e-50,9.812806237044318e-52,3.833012395490454e-53,1.49728187483199e-54,5.849020941246382e-56,2.284961951419222e-57,8.926698749882858e-59,3.487536944921468e-60,1.362582194289199e-61,5.323809155016759e-63,2.080166257489945e-64,8.128105613374083e-66,3.176115398932336e-67,1.241134295576398e-68,4.85016786580066e-70,1.895440592022499e-71,7.407623845219857e-73,2.895095705153648e-74,1.131519682156697e-75,4.422587227892999e-77,1.728644675783617e-78,6.756939230442922e-80,2.641247943017082e-81,1.032483531859316e-82,4.036192043480268e-84,1.577884325546644e-85
3.5,0.01953922094269532,0.0007621775430358602,2.973199327506628e-05,1.159873961494787e-06,4.524977146906934e-08,1.765390244811454e-09,6.88785059536837e-11,2.687480366115556e-12,1.04863751481879e-13,4.091889635789802e-15,1.59676419607883e-16,6.231260904044935e-18,2.431807999959144e-19,9.490754722448782e-21,3.704164441075894e-22,1.445765079417606e-23,5.643169419825129e-25,2.202755299890989e-26,8.598588201686704e-28,3.356647204406224e-29,1.310393766638049e-30,5.115822112380291e-32,1.997314561624532e-33,7.79820846952001e-35,3.044811945579101e-36,1.188894427749086e-37,4.642407008398066e-39,1.812842865000977e-40,7.079360996213323e-42,2.764679718803454e-43,1.079723085726796e-44,4.216932627376798e-46,1.647015076257936e-47,6.433022133084996e-49,2.512748357271653e-50,9.815204513953554e-52,3.834122939510173e-53,1.497783228453737e-54,5.85124203017252e-56,2.285931724133599e-57,8.930884286536747e-59,3.489326495141096e-60,1.363341373928734e-61,5.327008683931032e-63,2.081507123117696e-64,8.133697708045216e-66,3.178437723741197e-67,1.242095136840452e-68,4.854130138231473e-70,1.897069720899841e-71,7.414304453087189e-73,2.897828695188422e-74,1.132635307333503e-75,4.42713229909069e-77,1.730493001676116e-78,6.764443291239173e-80,2.644289885828716e-81,1.033714915084646e-82,4.041170194026191e-84,1.579894417094486e-85
4.5,0.01950046109763409,0.0007607364742148612,2.967853322511172e-05,1.157895551757228e-06,4.517675352996635e-08,1.762703454264441e-09,6.877997585579002e-11,2.683880850779537e-12,1.047328245324226e-13,4.087151112128583e-15,1.595059142094241e-16,6.225167271732286e-18,2.429647794319022e-19,9.483171458096905e-21,3.701534399827278e-22,1.444866778344085e-23,5.640161921024106e-25,2.201775383976686e-26,8.595517863521612e-28,3.355742282929499e-29,1.310154741466957e-30,5.11533343481448e-32,1.997296711332793e-33,7.798811664713022e-35,3.045309287696505e-36,1.189190503658471e-37,4.643959581164149e-39,1.813603417494822e-40,7.082931434757331e-42,2.766307729131512e-43,1.08044982955267e-44,4.220124909030991e-46,1.648399649297684e-47,6.438966290788524e-49,2.515278868869568e-50,9.825901551248796e-52,3.838617800283678e-53,1.499662245849952e-54,5.859061914842284e-56,2.289173360760385e-57,8.944275528075148e-59,3.494841369634094e-60,1.365606272608358e-61,5.3362872257436e-63,2.085299671816331e-64,8.149167768092757e-66,3.184736261316011e-67,1.244655150573425e-68,4.864518800474229e-70,1.901279359529228e-71,7.43133957071923e-73,2.904713678003216e-74,1.135414738592338e-75,4.438340568605715e-77,1.735008250294224e-78,6.782615733612475e-80,2.651597220356509e-81,1.036650820315614e-82,4.052956663781834e-84,1.584622702512658e-85
5.5,0.01945194141552007,0.0007589593367984636,2.961370366450898e-05,1.155541455165907e-06,4.509172438930672e-08,1.759651197297421e-09,6.867120843757639e-11,2.680038719443962e-12,1.045985460648295e-13,4.082520279710538e-15,1.593489110774694e-16,6.219963245521705e-18,2.427976218162546e-19,9.478046894618087e-21,3.700079153991959e-22,1.444510943037292e-23,5.639599196727686e-25,2.201877475283782e-26,8.597169416575981e-28,3.356875014403584e-29,1.31078701624887e-30,5.118542170354088e-32,1.998837821829024e-33,7.805951922989048e-35,3.048534744924709e-36,1.19062038045165e-37,4.650206987173188e-39,1.816301694403399e-40,7.094476366451784e-42,2.771209006826204e-43,1.082516981028062e-44,4.228794459277002e-46,1.652018027064047e-47,6.454004394667525e-49,2.52150552437746e-50,9.851598568057483e-52,3.84919159607117e-53,1.504001652199385e-54,5.876828046796789e-56,2.296431330659678e-57,8.973867983428848e-59,3.506885173286444e-60,1.370499862369167e-61,5.356140382993407e-63,2.093342712534445e-64,8.181709801348431e-66,3.197886789765275e-67,1.249963409889815e-68,4.885923257806505e-70,1.909901778922168e-71,7.466041517676176e-73,2.918667811310428e-74,1.141021326680886e-75,4.460849855357957e-77,1.744038733399867e-78,6.818820334628112e-80,2.666102833624626e-81,1.042459036547719e-82,4.076199949614011e-84,1.59391906520242e-85
6.5,0.01939362294750855,0.0007568632191073141,2.953889937499471e-05,1.152894580188896e-06,4.499903374446431e-08,1.756446819441737e-09,6.856223570857098e-11,2.67641224924008e-12,1.044814141994674e-13,4.078899401039364e-15,1.592446270199121e-16,6.217336114794884e-18,2.427513157516986e-19,9.47843092747415e-21,3.701083135683998e-22,1.445235725338738e-23,5.643725944358216e-25,2.203994201933159e-26,8.607404344682236e-28,3.361639295138864e-29,1.312946684294433e-30,5.128142271229974e-32,2.003041552975156e-33,7.824141464808433e-35,3.056329650256546e-36,1.193934175242742e-37,4.66420021282846e-39,1.822176831451577e-40,7.119021670398772e-42,2.781419477518985e-43,1.086748310866667e-44,4.246270781516705e-46,1.659214558783593e-47,6.483559352885158e-49,2.533613897082846e-50,9.901096618981981e-52,3.86938561725868e-53,1.512225301168876e-54,5.910261322759882e-56,2.310002704324148e-57,9.028879112861454e-59,3.529154392326927e-60,1.379503708799399e-61,5.392503129607855e-63,2.10801250670231e-64,8.24083330710239e-66,3.221693120402448e-67,1.259540768285198e-68,4.924421661744967e-70,1.925365151267507e-71,7.528106879898655e-73,2.94356185981558e-74,1.150999685589696e-75,4.500821777171147e-77,1.760041575280816e-78,6.882852506246422e-80,2.691710519084728e-81,1.052694900933807e-82,4.117095041792677e-84,1.610250337358555e-85
7.5,0.01932545802508587,0.000754469278136697,2.945584857602981e-05,1.150057765800854e-06,4.490408307133005e-08,1.753355562039385e-09,6.846554453773838e-11,2.673572528004008e-12,1.044070028843202e-13,4.077415478646296e-15,1.592421043895921e-16,6.21939836774038e-18,2.429160957235228e-19,9.488150888892271e-21,3.706160045738284e-22,1.44771801129903e-23,5.655368771898353e-25,2.209301304413116e-26,8.631096255065877e-28,3.372049071235649e-29,1.317463678530863e-30,5.147545313196709e-32,2.011307125594531e-33,7.859107265993208e-35,3.071033646474057e-36,1.200086059957272e-37,4.689824484638267e-39,1.832808517806754e-40,7.162981505001619e-42,2.799540274677974e-43,1.09419742540021e-44,4.276816931464471e-46,1.671712387796927e-47,6.534589536146606e-49,2.554411391252036e-50,9.985712847976086e-52,3.903758390459805e-53,1.526167987304876e-54,5.966741526383286e-56,2.332853744442914e-57,9.12122409781875e-59,3.566432363190817e-60,1.394536982262501e-61,5.453071387393978e-63,2.132393546129254e-64,8.338894715633963e-66,3.261102900381732e-67,1.275367429787219e-68,4.987936021117043e-70,1.950837460490721e-71,7.630199353733084e-73,2.984456109137718e-74,1.16737112719182e-75,4.566327601171288e-77,1.786238632459864e-78,6.987569034155599e-80,2.733549193946073e-81,1.069403874009558e-82,4.18379711827101e-84,1.636867071907804e-85
8.5,0.0192474012605524,0.0007518035706399179,2.936666338489775e-05,1.1471565461887e-06,4.481346816758479e-08,1.750701618631562e-09,6.839641586336384e-11,2.672219400583216e-12,1.044066984376484e-13,4.079453791657923e-15,1.594017200374746e-16,6.228754906511772e-18,2.434034104370441e-19,9.511941656669004e-21,3.717309509739105e-22,1.452797949010801e-23,5.678041835511861e-25,2.219262920563581e-26,8.67432419157672e-28,3.390620545554818e-29,1.325376608507112e-30,5.181027653869544e-32,2.025391301546151e-33,7.918051397613453e-35,3.095593764337771e-36,1.21027985678042e-37,4.73198944757598e-39,1.850196158566793e-40,7.234487199818227e-42,2.828874139321093e-43,1.106204240392565e-44,4.325862968647365e-46,1.691709812501527e-47,6.615985965544388e-49,2.5874907408057e-50,1.011995266926581e-51,3.958161698002795e-53,1.54818866021231e-54,6.055771195196092e-56,2.368809768707897e-57,9.266292197089871e-59,3.624906430863222e-60,1.418085908303163e-61,5.547829935904389e-63,2.170493663252967e-64,8.491973223202675e-66,3.322563946764162e-67,1.300027819279121e-68,5.086820775905609e-70,1.990465466888026e-71,7.788919336756584e-73,3.047993531849134e-74,1.192792994346357e-75,4.667993582781991e-77,1.826877728205872e-78,7.149944998364153e-80,2.798400296042777e-81,1.095294284530943e-82,4.287119408726005e-84,1.678085338916278e-85
9.5,0.01915940482063485,0.0007488973737737549,2.927387589364564e-05,1.144341629812633e-06,4.473512366529476e-08,1.748875873471852e-09,6.837331784137443e-11,2.673200732607295e-12,1.045186186704664e-13,4.086700859945168e-15,1.597971611189644e-16,6.248592702525249e-18,2.443499458703745e-19,9.555624472905435e-21,3.736995912981408e-22,1.461513457388239e-23,5.716096951854507e-25,2.235696521527765e-26,8.744652141407864e-28,3.420491949298645e-29,1.337983876111844e-30,5.23394777955377e-32,2.047500489803435e-33,8.010040142796964e-35,3.133728343526469e-36,1.226037910585352e-37,4.796917831485364e-39,1.876879589819876e-40,7.343890997194908e-42,2.873635215249904e-43,1.124482193632933e-44,4.40036787257392e-46,1.722030229608036e-47,6.739192577324359e-49,2.637486219332803e-50,1.032256662967354e-51,4.04017596529927e-53,1.581349566642619e-54,6.189711846230158e-56,2.422857382074854e-57,9.484186144279588e-59,3.712675689558473e-60,1.453411572207398e-61,5.689902118646383e-63,2.22759116799875e-64,8.72128778398504e-66,3.414602188443006e-67,1.336946123063561e-68,5.234822033438092e-70,2.049765077257042e-71,8.026391490494793e-73,3.143044995725488e-74,1.230820717093748e-75,4.820064679179536e-77,1.887664171843472e-78,7.392823339190213e-80,2.89540674690207e-81,1.134024465925093e-82,4.441695532204342e-84,1.739757012602128e-85
10.5,0.01906142646025,0.0007457881149021439,2.918050460703217e-05,1.141792910243026e-06,4.467854444619007e-08,1.748347452614383e-09,6.841848515899168e-11,2.67754062606892e-12,1.047889562729032e-13,4.101207251758421e-15,1.605183180247665e-16,6.282812389909497e-18,2.459235478828995e-19,9.626371071122536e-21,3.768265255228387e-22,1.475151563211798e-23,5.774947734096944e-25,2.260870226297721e-26,8.851549445629269e-28,3.465604345940417e-29,1.356921114673998e-30,5.313076740819881e-32,2.080431261725866e-33,8.146599645360198e-35,3.19017879592507e-36,1.249307215522665e-37,4.892591691984504e-39,1.916126277427901e-40,7.504549649205569e-42,2.939276389401679e-43,1.151254728006459e-44,4.509387585122731e-46,1.766358155490965e-47,6.919185334872285e-49,2.710479206922896e-50,1.061822796386611e-51,4.159803220804011e-53,1.629702132244693e-54,6.384961960416447e-56,2.501629310974567e-57,9.801715442728629e-59,3.840569629863933e-60,1.504885803238622e-61,5.896926639049715e-63,2.310798686368507e-64,9.055504187943645e-66,3.548764875070838e-67,1.390771595700848e-68,5.450650365760545e-70,2.136262878388865e-71,8.372879663319585e-73,3.281774395244089e-74,1.286341386917574e-75,5.042168352869177e-77,1.976477848275984e-78,7.747828541059125e-80,3.037256173938987e-81,1.190682991006993e-82,4.667927601578452e-84,1.830059631222719e-85
11.5,0.01895342993569306,0.0007425201395618178,2.909012315820746e-05,1.13972403470579e-06,4.465505250574954e-08,1.749678190358071e-09,6.855866544496883e-11,2.686476590333927e-12,1.052737809335901e-13,4.1254731303178e-15,1.616752765451503e-16,6.336211952690505e-18,2.483315740206805e-19,9.733079568015466e-21,3.814912845955303e-22,1.495322640494646e-23,5.861396027067376e-25,2.297645472700032e-26,9.007010989958033e-28,3.530969917888104e-29,1.384276735472059e-30,5.427093797882748e-32,2.127782183185306e-33,8.342618208785688e-35,3.271092750157901e-36,1.282621644851946e-37,5.02943749759433e-39,1.97221991236766e-40,7.734037343650911e-42,3.032997974123998e-43,1.189468196433811e-44,4.664964428120769e-46,1.829610125193105e-47,7.176016346690157e-49,2.814640021932229e-50,1.104019647976192e-51,4.330571169905307e-53,1.698743945544699e-54,6.6638460766549e-56,2.6141843830458e-57,1.025561310249268e-58,4.023473315686942e-60,1.578536530821989e-61,6.193299661335468e-63,2.429984071572543e-64,9.534514138988903e-66,3.741170022822929e-67,1.468013313323843e-68,5.760579092690031e-70,2.260558895946092e-71,8.871130621488184e-73,3.481412773140978e-74,1.366297872087385e-75,5.362268140427457e-77,2.104577177288085e-78,8.260271325185403e-80,3.242177810980512e-81,1.272601230381459e-82,4.995290791630274e-84,1.960839609838326e-85
12.5,0.01883538884391377,0.0007391457771582014,2.900695184421099e-05,1.138388497168239e-06,4.467815611885792e-08,1.753542307941807e-09,6.882614540532393e-11,2.701511157896243e-12,1.060415652944057e-13,4.162569210776331e-15,1.634040086292108e-16,6.414750570839902e-18,2.518329762643831e-19,9.886921970724803e-21,3.881729136636727e-22,1.52406990970714e-23,5.984116208233543e-25,2.34968987641244e-26,9.226487513810976e-28,3.623076508756122e-29,1.422767037432669e-30,5.58734124488996e-32,2.194277950524869e-33,8.617733342786329e-35,3.384615691925624e-36,1.329353564476012e-37,5.221393252780006e-39,2.050911834017356e-40,8.056050806589577e-42,3.164549913547063e-43,1.24312895435061e-44,4.883540823042522e-46,1.918526499118207e-47,7.537286987081287e-49,2.961259736898225e-50,1.163461678889133e-51,4.571321096648116e-53,1.796161430223229e-54,7.057695715883145e-56,2.773284034468587e-57,1.08978182733452e-58,4.28251105313331e-60,1.682949470013447e-61,6.613894241359615e-63,2.599303152269035e-64,1.021574565071688e-65,4.015102094320828e-67,1.578106943458705e-68,6.202824851820501e-70,2.438123996477312e-71,9.583743379969053e-73,3.767277520360039e-74,1.480924903800186e-75,5.821720851264382e-77,2.288666808660079e-78,8.997597320033373e-80,3.537392547532743e-81,1.390761364749319e-82,5.46807636185714e-84,2.149953425918246e-85
13.5,0.01870729045272252,0.0007357266040910427,2.893597151351583e-05,1.138087465044567e-06,4.476402235443844e-08,1.760752801440728e-09,6.926014884437008e-11,2.724483171895194e-12,1.071767156396047e-13,4.21630765169795e-15,1.658744911184498e-16,6.525928421575344e-18,2.567558391209233e-19,1.010214509557579e-20,3.974861986885203e-22,1.564031928113368e-23,6.154378656980204e-25,2.421797241505117e-26,9.530292828481331e-28,3.75050317866586e-29,1.476004185546765e-30,5.808985987392853e-32,2.286270896298308e-33,8.998489140767978e-35,3.541815927818412e-36,1.394109184095078e-37,5.487593497648633e-39,2.160137278213514e-40,8.503446359884446e-42,3.347516595997075e-43,1.317845719990876e-44,5.188244130911078e-46,2.042632182089244e-47,8.042180245051256e-49,3.166439783048774e-50,1.246758665241789e-51,4.909160388687376e-53,1.933061379961517e-54,7.611979280804719e-56,2.99752638367775e-57,1.180434322041632e-58,4.648726260125211e-60,1.830793591499579e-61,7.210377330558694e-63,2.839812948659542e-64,1.118496283705362e-65,4.405471118106175e-67,1.735254218170531e-68,6.835129255948175e-70,2.692422197807672e-71,1.060601742904432e-72,4.178055352577194e-74,1.645919752148383e-75,6.484189157004208e-77,2.55455455096586e-78,1.006438195357962e-79,3.965257540114557e-81,1.562312782032321e-82,6.155690930970599e-84,2.425480559847708e-85
14.5,0.01856913901280985,0.0007323349320582127,2.888306578427182e-05,1.139179900848094e-06,4.493210374261755e-08,1.772297137388023e-09,6.990875898399012e-11,2.757667193133102e-12,1.087845565111911e-13,4.291486017128851e-15,1.693024143582686e-16,6.679339598291112e-18,2.635231375633253e-19,1.039725667500098e-20,4.102357404111259e-22,1.618686966172084e-23,6.387145705266693e-25,2.52037571768789e-26,9.945764947368833e-28,3.924871732553042e-29,1.548913090135195e-30,6.112837749087264e-32,2.412530742058193e-33,9.521753735997836e-35,3.75815828665977e-36,1.483362027642561e-37,5.855084222784928e-39,2.311175731557167e-40,9.123186575944421e-42,3.601420598195229e-43,1.421722265519972e-44,5.612666695889331e-46,2.215834100053653e-47,8.748199242305321e-49,3.453929425605548e-50,1.363708530780583e-51,5.384469163834462e-53,2.126069243943285e-54,8.395083590499108e-56,3.315016459063517e-57,1.309059338341045e-58,5.1694684943397e-60,2.041480820081913e-61,8.062273054552711e-63,3.18406867014357e-64,1.25753478938115e-65,4.966725848381514e-67,1.961701402692053e-68,7.748329619105404e-70,3.060523234610204e-71,1.208914592591579e-72,4.775378968033522e-74,1.886393477431891e-75,7.451932102844405e-77,2.943862965325405e-78,1.162996283856158e-79,4.594635236245145e-81,1.815246735772973e-82,7.17186561028934e-84,2.833612199722061e-85
15.5,0.0184209594717464,0.0007290556171495946,2.885520200768712e-05,1.142095850026755e-06,4.520598061141017e-08,1.789386155371544e-09,7.083159473647635e-11,2.803913855157606e-12,1.109984577952809e-13,4.394240129546245e-15,1.73966298005164e-16,6.887488465875155e-18,2.726911267405627e-19,1.079680902768689e-20,4.274979702658651e-22,1.692726726173266e-23,6.702761018547269e-25,2.654206095438391e-26,1.051064832849279e-27,4.16234676568725e-29,1.648393279087375e-30,6.528255889147364e-32,2.58551579246515e-33,1.024025676395083e-34,4.055907651553594e-36,1.606492730990334e-37,6.363307366280692e-39,2.520579518374673e-40,9.984612269305345e-42,3.955261864401464e-43,1.566868142062579e-44,6.207300437779979e-46,2.459156255080873e-47,9.742770281717397e-49,3.860039211996288e-50,1.529374421826353e-51,6.059666426721521e-53,2.40102310399463e-54,9.51385709786954e-56,3.769897214087268e-57,1.493877317931783e-58,5.919879045663692e-60,2.345973746318283e-61,9.297063865501861e-63,3.684518757594663e-64,1.460252501050186e-65,5.787450825118588e-67,2.293817049069874e-68,9.091641142458152e-70,3.6036099728104e-71,1.428384735843529e-72,5.661929877271889e-74,2.244375801685272e-75,8.896893964350785e-77,3.526898307721322e-78,1.39816712911222e-79,5.54289696036317e-81,2.197485569752457e-82,8.712177368572382e-84,3.45413078013316e-85
16.5,0.01826280109231269,0.0007259882487399253,2.886066261184006e-05,1.147354020320188e-06,4.561450382753867e-08,1.813521759367515e-09,7.210357885464137e-11,2.866850461142517e-12,1.13990159203115e-13,4.532561599992687e-15,1.802328866466108e-16,7.167014189443271e-18,2.850075248778221e-19,1.133412921760306e-20,4.507478853567234e-22,1.792639147434154e-23,7.129607627976099e-25,2.835645215300988e-26,1.127850668440634e-27,4.486056000785073e-29,1.784395407157062e-30,7.097914364202761e-32,2.823472762650337e-33,1.123180551587496e-34,4.468158892368667e-36,1.777545150630618e-37,7.071728981693477e-39,2.813477512447988e-40,1.119371120564201e-41,4.453664471680721e-43,1.772040231292383e-44,7.050863111467401e-46,2.805585769943331e-47,1.116393545283229e-48,4.442459957506614e-50,1.767836531925385e-51,7.03514418599026e-53,2.79973003746188e-54,1.114221426207097e-55,4.43444210208329e-57,1.764893674900479e-58,7.024414307568444e-60,2.79584857246071e-61,1.11283062174371e-62,4.429516516960673e-64,1.763174758872161e-65,7.018529219911215e-67,2.793884985821109e-68,1.112199091335502e-69,4.427597060076459e-71,1.762646119351632e-72,7.017357372833849e-74,2.793787876475261e-75,1.112306752723051e-76,4.428605278130169e-78,1.763277110854804e-79,7.020779071138773e-81,2.795510498877915e-82,1.113135352024832e-83,4.432469898968018e-85
17.5,0.01809474109795959,0.0007232498264499032,2.890934418309904e-05,1.155585310082232e-06,4.619336400562112e-08,1.846591826747466e-09,7.382031639241054e-11,2.951171889237528e-12,1.179849611607516e-13,4.717069587024884e-15,1.88595501170243e-16,7.540562200449996e-18,3.015014556457162e-19,1.205558597918961e-20,4.820592245011345e-22,1.927638399952255e-23,7.708391715893172e-25,3.082584252918229e-26,1.232761450695875e-27,4.930102888207955e-29,1.971722109073471e-30,7.885843494035108e-32,3.154011433363709e-33,1.261510802891799e-34,5.045813847006069e-36,2.018291788511165e-37,8.073262993699675e-39,3.229435422676358e-40,1.291862839846119e-41,5.167951679965846e-43,2.067438786942332e-44,8.271018504521904e-46,3.309004692415141e-47,1.323877411624002e-48,5.29675763001184e-50,2.119260337463184e-51,8.479501898435564e-53,3.392877165667605e-54,1.357618156645667e-55,5.432488125646867e-57,2.173859760731525e-58,8.699129452785494e-60,3.481220550479521e-61,1.393152636719548e-62,5.575415327681424e-64,2.231346686278614e-65,8.93034274598377e-67,3.574212702253126e-68,1.430552483645285e-69,5.725827722179703e-71,2.291837292285454e-72,9.173609626946182e-74,3.672042015631206e-75,1.469893557602308e-76,5.884030760519774e-78,2.35545456419632e-79,9.429425259854587e-81,3.774907846506459e-82,1.511256117588162e-83,6.050347547657887e-85
18.5,0.01791688810537458,0.0007209780527123421,2.901314788628308e-05,1.167564654343772e-06,4.698727329508201e-08,1.891005104151277e-09,7.610588654802871e-11,3.063069320226273e-12,1.232844683708346e-13,4.962183393949197e-15,1.99733124667212e-16,8.039705871843644e-18,3.236256550909629e-19,1.302741897537424e-20,5.244286554416616e-22,2.111188354859625e-23,8.499238630740539e-25,3.421727951927341e-26,1.377600479310616e-27,5.546428082096511e-29,2.233138815774158e-30,8.991460251787448e-32,3.620402464512201e-33,1.457791892974624e-34,5.870109553401451e-36,2.3637896173572e-37,9.518824396003563e-39,3.833271949983986e-40,1.543717087637297e-41,6.216951768490088e-43,2.503795956194821e-44,1.008397965946495e-45,4.061407093544396e-47,1.635808885814485e-48,6.588704412400881e-50,2.653865145727912e-51,1.06897853831893e-52,4.305963799864597e-54,1.73453457064907e-55,6.987256521201854e-57,2.814760850162971e-58,1.133932878077459e-59,4.568190121826364e-61,1.840398688840772e-62,7.414647820897132e-64,2.987307671498248e-65,1.20359434947398e-66,4.849433767317025e-68,1.953946087457997e-69,7.87308101262988e-71,3.17239611942666e-72,1.278322970201277e-73,5.151150232823159e-75,2.075765204358899e-76,8.364935084018162e-78,3.370987996425882e-79,1.358507589932719e-80,5.474911616742879e-82,2.206491633638771e-83,8.892779733300375e-85
19.5,0.0177293854615258,0.0007193354288575027,2.918649527161911e-05,1.18425468638782e-06,4.805304159158599e-08,1.949885894343498e-09,7.912432123216076e-11,3.210873689772737e-12,1.303013183036737e-13,5.287942231266766e-15,2.146035189407728e-16,8.709619078836055e-18,3.534871327407092e-19,1.434696786207587e-20,5.823159018387065e-22,2.363573569080836e-23,9.593818363586518e-25,3.894266720647438e-26,1.580780869368353e-27,6.416960543333478e-29,2.604946021843191e-30,1.057498337771416e-31,4.293111883245526e-33,1.742915019134889e-34,7.076062394800992e-36,2.872886543136047e-37,1.166424466019301e-38,4.735938287145319e-40,1.922944111029778e-41,7.807975602762628e-43,3.17045312643715e-44,1.287405246550725e-45,5.227814958091336e-47,2.122931981798771e-48,8.621103097115566e-50,3.501067067962339e-51,1.421833692243925e-52,5.774413737565363e-54,2.345188022699363e-55,9.524848072179984e-57,3.868557124207437e-58,1.571268797320152e-59,6.382082607303675e-61,2.592297059160737e-62,1.052973574677934e-63,4.277209129693561e-65,1.737455756914814e-66,7.057928085966464e-68,2.867152928423639e-69,1.164755019806237e-70,4.731821759118298e-72,1.922348691263764e-73,7.80990783530529e-75,3.17299621887333e-76,1.289148815970419e-77,5.237769204760889e-79,2.128136188795308e-80,8.646934757261158e-82,3.513456693536449e-83,1.427633191473461e-84
20.5,0.01753241417652474,0.0007185143898478427,2.944701736804356e-05,1.206866380822993e-06,4.946397827264716e-08,2.027359721387473e-09,8.309682779127355e-11,3.40604105316157e-12,1.396133847563094e-13,5.722896893846657e-15,2.34593739123247e-16,9.616753563125904e-18,3.942321822281891e-19,1.61617030194596e-20,6.625727574914602e-22,2.716385340780352e-23,1.113680139517721e-24,4.566051551996749e-26,1.872114168039301e-27,7.676000223324724e-29,3.147376531210464e-30,1.290545872197125e-31,5.291869875269414e-33,2.169980243293588e-34,8.898427418092301e-36,3.649064592948859e-37,1.496444424872857e-38,6.136918198470285e-40,2.516811698380414e-41,1.03219489960336e-42,4.233340844708667e-44,1.736261983698493e-45,7.121274316719703e-47,2.920858800616717e-48,1.198046700928375e-49,4.914136530270344e-51,2.015723340602705e-52,8.268463542678326e-54,3.391789111809276e-55,1.391371015645515e-56,5.707778316176159e-58,2.341538093287276e-59,9.60605996629228e-61,3.940934763735413e-62,1.616825074323672e-63,6.633406537278106e-65,2.721572658767704e-66,1.116639390851198e-67,4.581583420967893e-69,1.879870137064952e-70,7.713467381981152e-72,3.165052705839149e-73,1.298738452001764e-74,5.329320729399364e-76,2.186912344143216e-77,8.974292222601093e-79,3.682801440612387e-80,1.511351988707999e-81,6.202433452800619e-83,2.545468535372484e-84
21.5,0.01732619553169789,0.0007187438183925584,2.98164872194746e-05,1.236944508638731e-06,5.131629441650611e-08,2.128980259988764e-09,8.832816358847079e-11,3.664695820190635e-12,1.520504727777518e-13,6.308827790804899e-15,2.617704216853227e-16,1.086184047851274e-17,4.507099670461865e-19,1.870258964297814e-20,7.76098985270573e-22,3.220647701787928e-23,1.336533992666974e-24,5.546607397227038e-26,2.301894535788353e-27,9.553311601792366e-29,3.964906398554921e-30,1.645592721824772e-31,6.830022720729323e-33,2.834864202455798e-34,1.176664474619739e-35,4.884085333507685e-37,2.027327981115471e-38,8.415402750872664e-40,3.493299862162446e-41,1.450129703545722e-42,6.019879547642947e-44,2.499071472050893e-45,1.037479265290065e-46,4.307150030094755e-48,1.788176364735679e-49,7.424042158077415e-51,3.08233749424607e-52,1.279763094541884e-53,5.313596354290082e-55,2.206261959632017e-56,9.160835506424277e-58,3.803842596539972e-59,1.579499118930022e-60,6.558818154442985e-62,2.723586028640983e-63,1.131008489475166e-64,4.696775973537758e-66,1.950486707558284e-67,8.100191143256295e-69,3.36400488175182e-70,1.397098416911986e-71,5.802382733118585e-73,2.409875949596966e-74,1.000902796094091e-75,4.157171804116633e-77,1.72668396242543e-78,7.171937653170664e-80,2.978988867921691e-81,1.23739950063555e-82,5.139958715875402e-84
22.5,0.0171109932219076,0.0007202973988276505,3.032209841050502e-05,1.276489907992851e-06,5.373858065464909e-08,2.262380342036873e-09,9.524794489384259e-11,4.010108523940469e-12,1.68836796274266e-13,7.10867227588778e-15,2.993093233543314e-16,1.26026625774139e-17,5.306578983924566e-19,2.234483576449188e-20,9.409138496463897e-22,3.962165986166952e-23,1.668497384116076e-24,7.026327779643654e-26,2.958974643194085e-27,1.246131843764392e-28,5.248033627290692e-30,2.210237993678718e-31,9.308747255553143e-33,3.920605613210947e-34,1.651295312514931e-35,6.955141396080379e-37,2.929521950166225e-38,1.233948629122119e-39,5.197648269808008e-41,2.189405130344048e-42,9.222629598848811e-44,3.885015420818484e-45,1.636590501402388e-46,6.894401304637013e-48,2.904439266964395e-49,1.223593618138046e-50,5.154911630036924e-52,2.171772448268101e-53,9.149901998162326e-55,3.8550281180682e-56,1.624230262362272e-57,6.843472747748747e-59,2.883462708188737e-60,1.214957105337106e-61,5.119367622247814e-63,2.157150333763948e-64,9.089776142336952e-66,3.830315964374639e-67,1.614078335795213e-68,6.801789214755746e-70,2.866356740210163e-71,1.20794116396054e-72,5.090609097590236e-74,2.145369505847058e-75,9.041548204213668e-77,3.810586324583759e-78,1.606013050065483e-79,6.768844817732371e-81,2.852911023383571e-82,1.202458338020328e-83
23.5,0.01688711499450327,0.0007235044612119116,3.099824265993888e-05,1.328137354756478e-06,5.690611244614627e-08,2.438286882493962e-09,1.044769765690535e-10,4.476785133438329e-12,1.918322925015971e-13,8.220286357662172e-15,3.522588328797086e-16,1.509546531368493e-17,6.469053417537933e-19,2.772327562073938e-20,1.188113344194332e-21,5.091909584335542e-23,2.182292325426071e-24,9.353077936615489e-26,4.008718136086819e-27,1.71816861836981e-28,7.364364785379984e-30,3.156559687178221e-31,1.353012711768944e-32,5.799610948655694e-34,2.486021691335359e-35,1.065663252930926e-36,4.56818882281823e-38,1.958290149254442e-39,8.394965659138736e-41,3.598898987925377e-42,1.542869507802471e-43,6.614507255607616e-45,2.835792946028602e-46,1.215794615129263e-47,5.212601776608596e-49,2.234896792771573e-50,9.582281989802661e-52,4.108553351430615e-53,1.761640887158454e-54,7.553604783296899e-56,3.238914764761501e-57,1.388842903868576e-58,5.955456161430448e-60,2.553790120686623e-61,1.09512475260879e-62,4.69623877485574e-64,2.013932391256026e-65,8.636697454638624e-67,3.703894337395645e-68,1.588464432712948e-69,6.812466593824709e-71,2.921724228199263e-72,1.253089136934101e-73,5.374432052598521e-75,2.305106620634008e-76,9.886834204865153e-78,4.240638369771711e-79,1.818917250487835e-80,7.801934922653416e-82,3.346565627853467e-83
24.5,0.01665491366021972,0.0007287642357612862,3.188901826391097e-05,1.395419001227454e-06,6.106290400013148e-08,2.67214222065732e-09,1.169367260427442e-10,5.117425075181926e-12,2.239552309867708e-13,9.801217783128534e-15,4.289512457156574e-16,1.87734827700331e-17,8.216573414122223e-19,3.596214302715444e-20,1.574016484922346e-21,6.889406871759029e-23,3.015526801785189e-24,1.319937325286611e-25,5.777662148994884e-27,2.52906300109971e-28,1.107071788601429e-29,4.846190786744437e-31,2.121454772844062e-32,9.287002271016882e-34,4.065610682426602e-35,1.779854280643277e-36,7.792045618819553e-38,3.41135459817797e-39,1.493518280650463e-40,6.538866622877225e-42,2.862876630214331e-43,1.253461405019678e-44,5.488168511598383e-46,2.402990247221239e-47,1.052166907423908e-48,4.607075070620811e-50,2.017315944990031e-51,8.83345287149256e-53,3.868075797026586e-54,1.693820251836789e-55,7.417328172310983e-57,3.248145368311325e-58,1.422430882983058e-59,6.229233390314754e-61,2.728008443321763e-62,1.194715388304275e-63,5.23227796908846e-65,2.291525662382715e-66,1.003612754683912e-67,4.395569105733513e-69,1.925180746731643e-70,8.432091845804519e-72,3.693231511508305e-73,1.617651951810406e-74,7.085507367724642e-76,3.103588262564166e-77,1.359453919871426e-78,5.954867337178337e-80,2.608476113623189e-81,1.142638300066063e-82
25.5,0.01641478726833779,0.0007365648425193765,3.305182685037944e-05,1.483162259672997e-06,6.655650882981326e-08,2.986764825666791e-09,1.340355830292141e-10,6.015167563781975e-12,2.699503236286963e-13,1.211513989917693e-14,5.437276660982705e-16,2.440297668250276e-17,1.095248111091266e-18,4.915758222116669e-20,2.20636199770927e-21,9.903101617476995e-23,4.445021588432468e-24,1.995191776313386e-25,8.955781932608665e-27,4.020040492410337e-28,1.804535203579946e-29,8.100433573987712e-31,3.636294987173417e-32,1.632367152196821e-33,7.327982875767988e-35,3.289719472920933e-36,1.476865918173627e-37,6.630266979308249e-39,2.976656166378706e-40,1.33639240382586e-41,5.999940698187606e-43,2.693813431016832e-44,1.209471473583318e-45,5.430393096368015e-47,2.438228449477298e-48,1.094775251028972e-49,4.915672745137298e-51,2.207233776214691e-52,9.911081508105239e-54,4.450420737069313e-55,1.998427358598719e-56,8.973934614885598e-58,4.029810635296595e-59,1.809645659381234e-60,8.126613153139565e-62,3.649494625335666e-63,1.638939553129628e-64,7.360378986471208e-66,3.305555215801756e-67,1.484552704536196e-68,6.667357724932334e-70,2.994461904713682e-71,1.344902167926762e-72,6.040451866527243e-74,2.713032290708592e-75,1.218560975251065e-76,5.473262834704334e-78,2.458397164232734e-79,1.104242504731095e-80,4.960020982836586e-82
26.5,0.01616717872211561,0.0007475089861098351,3.456262211724424e-05,1.598103840064601e-06,7.389436373312811e-08,3.416847535545253e-09,1.579966268443259e-10,7.305970578534363e-12,3.378437377845625e-13,1.562289952276446e-14,7.22462283793611e-16,3.340999843102673e-17,1.545060282472463e-18,7.145326235231088e-20,3.304504279549896e-21,1.528263218156857e-22,7.068016450172625e-24,3.268921221534644e-25,1.511885260405042e-26,6.992631638850496e-28,3.234222334965015e-29,1.495913427379606e-30,6.919112320373512e-32,3.200380365660654e-33,1.480335230787972e-34,6.847401269556197e-36,3.167369090433937e-37,1.465138653581767e-38,6.777443415252421e-40,3.135163270739303e-41,1.450312128824217e-42,6.709185744001698e-44,3.10373860873906e-45,1.43584451965672e-46,6.642577208675503e-48,3.073071705643811e-49,1.421725100300226e-50,6.57756864183139e-52,3.043140022194682e-53,1.407943538031073e-54,6.514112673500868e-56,3.013921841163057e-57,1.394489876074885e-58,6.452163653155065e-60,2.985396231751471e-61,1.381354517365664e-62,6.391677575607871e-64,2.957543015786627e-65,1.368528209120573e-66,6.332612010631965e-68,2.930342735602395e-69,1.356002028184003e-70,6.274926036076674e-72,2.903776623517076e-73,1.343767367097444e-74,6.218580174290457e-76,2.87782657281517e-77,1.331815920854386e-78,6.163536331662363e-80,2.852475110149449e-81
27.5,0.01591257432406047,0.0007623492650216134,3.652371563725968e-05,1.749860022470045e-06,8.383763507391849e-08,4.016816996160343e-09,1.924563984064394e-10,9.221252371903485e-12,4.418294623776811e-13,2.117028047402338e-14,1.014391710020519e-15,4.860622314021156e-17,2.329083894037762e-18,1.11605455590015e-19,5.348016267777319e-21,2.562754372929449e-22,1.228084306980256e-23,5.885132996645364e-25,2.820273651553894e-26,1.351552914468316e-27,6.477115761452576e-29,3.104109509122813e-30,1.487644450763391e-31,7.129645949556527e-33,3.416988001255995e-34,1.637666950298136e-35,7.848999919936798e-37,3.76192075016777e-38,1.803065511103525e-39,8.642111902080615e-41,4.142235141809147e-42,1.985436792265917e-43,9.516643597851776e-45,4.561607741758512e-46,2.186545057025206e-47,1.048106120556465e-48,5.024101275294694e-50,2.408339927422758e-51,1.154472066311152e-52,5.534205554375306e-54,2.652976034320392e-55,1.271796199303877e-56,6.096882775578187e-58,2.922834766467959e-59,1.401221372785319e-60,6.717617658885582e-62,3.220548344309133e-63,1.54401084995816e-64,7.402472947987556e-66,3.549026468617425e-67,1.701561099483543e-68,8.158150849097057e-70,3.911485821108314e-71,1.875415960659744e-72,8.99206104770502e-74,4.311482724167824e-75,2.067282325804377e-76,9.912396011928271e-78,4.752949300094128e-79,2.279047503347991e-80
28.5,0.01565150178121268,0.0007820376082143167,3.907563482528256e-05,1.952500673848377e-06,9.756253050830398e-08,4.875078362297331e-09,2.436053344489939e-10,1.217302751508303e-11,6.082988525983723e-13,3.039778529520689e-14,1.519054689353308e-15,7.591216287362267e-17,3.793637058274055e-18,1.89586155377823e-19,9.474664841920665e-21,4.735081494908202e-22,2.366450337349112e-23,1.182697383636174e-24,5.910934567982751e-26,2.954234137378724e-27,1.476521881860487e-28,7.379739777293828e-30,3.688487912814264e-31,1.843579235214242e-32,9.214703147197796e-34,4.605819974517316e-35,2.3021764613021e-36,1.150737513652179e-37,5.752013765186472e-39,2.875209651029616e-40,1.437225935707555e-41,7.184333321618694e-43,3.591317263134658e-44,1.795258192263614e-45,8.9744094169461e-47,4.486323943927948e-48,2.242751436431317e-49,1.121185296332823e-50,5.605048219435324e-52,2.802121713646148e-53,1.400877933300293e-54,7.003565962660297e-56,3.501416359984703e-57,1.750547372974152e-58,8.752044797402452e-60,4.375732077163164e-61,2.187748599934228e-62,1.0938293756201e-63,5.468990905290885e-65,2.734451629927814e-66,1.367220906148801e-67,6.836164608258956e-69,3.418154460770439e-70,1.709134272501225e-71,8.546060922800157e-73,4.273277184966102e-74,2.136787811833905e-75,1.068481388084477e-76,5.342908436109046e-78,2.671736871417075e-79
29.5,0.01538452689906584,0.0008077958525111655,4.241556382549772e-05,2.227178327397315e-06,1.169474702446501e-07,6.140910033340207e-09,3.2246358047955e-10,1.693302750665322e-11,8.891899224651526e-13,4.669392675799582e-14,2.45206615320221e-15,1.287685657413796e-16,6.762283858647359e-18,3.551262461650267e-19,1.864996201549309e-20,9.794424261981161e-22,5.143818373267106e-23,2.701457028542588e-24,1.418783732470321e-25,7.451436559291995e-27,3.913537151832564e-28,2.055438713143595e-29,1.079556048207766e-30,5.670109206845158e-32,2.978126848675725e-33,1.564229507680475e-34,8.216053236510998e-36,4.315503545680654e-37,2.266757953201858e-38,1.190650313491647e-39,6.254155860017038e-41,3.285175169581074e-42,1.725653912509314e-43,9.064715579200922e-45,4.761677209683724e-46,2.501329960908099e-47,1.313975471960411e-48,6.902537060881228e-50,3.626063687114005e-51,1.904878482875583e-52,1.000700850589523e-53,5.257101747628669e-55,2.761808702187699e-56,1.450928057769948e-57,7.622601494150532e-59,4.004659359637324e-60,2.103938063152608e-61,1.10536396802458e-62,5.807411720111365e-64,3.051159194079815e-65,1.603068327901242e-66,8.422559608133334e-68,4.425282740763076e-69,2.325106251510013e-70,1.221657347137179e-71,6.418903169907004e-73,3.372694633938138e-74,1.772139809467849e-75,9.311586525165685e-77,4.892762158600281e-78
30.5,0.01511224989001053,0.0008412188966055732,4.682679779500074e-05,2.606666198016499e-06,1.451048318706582e-07,8.077627021198879e-09,4.49667147631301e-10,2.503248351297643e-11,1.393548564944173e-12,7.757926180941965e-14,4.318913607437115e-15,2.404410994613881e-16,1.338591870204632e-17,7.452344546105357e-19,4.148994967491992e-20,2.309926206949408e-21,1.286051900100058e-22,7.160181838895231e-24,3.986527378730235e-25,2.21957880807614e-26,1.235809369727804e-27,6.880776787624719e-29,3.831144246901426e-30,2.133165561082623e-31,1.18775160327943e-32,6.613504694629689e-34,3.682499218068794e-35,2.050494430537161e-36,1.141772124310537e-37,6.357775173168407e-39,3.540264928563554e-40,1.97138389198704e-41,1.09777027430753e-42,6.113030040303276e-44,3.404131840925107e-45,1.895662288860019e-46,1.055650857387323e-47,5.87874135385982e-49,3.273807159278013e-50,1.823167233164843e-51,1.015323809147551e-52,5.654409582555472e-54,3.149013818143878e-55,1.753745046688315e-56,9.767038878499522e-58,5.439561899297227e-59,3.029489539184355e-60,1.687250239659777e-61,9.397103862697757e-63,5.233750588471833e-64,2.914985950824432e-65,1.623545024102816e-66,9.0426686268073e-68,5.036551558803589e-69,2.805267766117658e-70,1.562498859320519e-71,8.703008895695738e-73,4.847562954038577e-74,2.700112014591119e-75,1.503988027167385e-76
31.5,0.01483530040801324,0.0008844294160680709,5.27272328971258e-05,3.143487418047458e-06,1.874102731984273e-07,1.117326140258542e-08,6.661490307514691e-10,3.971620044851835e-11,2.367929769879749e-12,1.411805107788422e-13,8.417545359960262e-15,5.018812200925658e-16,2.99241047293567e-17,1.784210563418835e-18,1.06383860015542e-19,6.343224146346486e-21,3.782239505779976e-22,2.255239286456926e-23,1.344747799664479e-24,8.018509488141693e-26,4.781355362320547e-27,2.851103265623095e-28,1.700119314085861e-29,1.013795509248279e-30,6.045410737475119e-32,3.605003831959549e-33,2.149760584634833e-34,1.281973030401323e-35,7.644904936000895e-37,4.559000899683762e-38,2.718764777210066e-39,1.621354348021274e-40,9.669156192646494e-42,5.766383484773304e-43,3.438925421076164e-44,2.050908409594778e-45,1.223133968120123e-46,7.29467626699527e-48,4.35053066479206e-49,2.59467305766376e-50,1.547487782226519e-51,9.229453275757785e-53,5.504639269650312e-54,3.2831133433792e-55,1.958154675716171e-56,1.167917590120405e-57,6.965967994267041e-59,4.15484476465351e-60,2.478176098214141e-61,1.47813310127068e-62,8.816554996305968e-64,5.258819701662959e-65,3.136762278109983e-66,1.871021937988643e-67,1.116040830237086e-68,6.657101844654365e-70,3.970948143610213e-71,2.368683912350168e-72,1.412940483469442e-73,8.428387103540161e-75
32.5,0.01455433224947454,0.0009403172070121043,6.075204490632316e-05,3.925109859943091e-06,2.535987513637658e-07,1.638501197848824e-08,1.05864598247241e-09,6.840046632627558e-11,4.419485059455297e-12,2.855542028587096e-13,1.84505663991095e-14,1.192161490954433e-15,7.703085116997928e-17,4.977353730418749e-18,3.216151503318724e-19,2.078158441829867e-20,1.342842129607818e-21,8.677115682058153e-23,5.606991855392222e-24,3.623168677483608e-25,2.341268666895473e-26,1.51292711555342e-27,9.776621367530402e-29,6.317766974073567e-30,4.08265244933338e-31,2.638306214058338e-32,1.704951208248336e-33,1.101799718439523e-34,7.120283555706564e-36,4.601461939157066e-37,2.973707682053984e-38,1.921784092012968e-39,1.241980494306725e-40,8.026547888567622e-42,5.187363183315786e-43,3.352496407522947e-44,2.166675048444431e-45,1.400306231573198e-46,9.050155124590989e-48,5.849150166346204e-49,3.780360782282148e-50,2.443303634026963e-51,1.579157076269789e-52,1.020650147581678e-53,6.596782130749672e-55,4.263743105176713e-56,2.755837175525943e-57,1.781228758230957e-58,1.151302496696441e-59,7.441539367947595e-61,4.809940394748215e-62,3.108996006320841e-63,2.009574805971805e-64,1.29894786117637e-65,8.396199993813812e-67,5.427218783112369e-68,3.508127492518218e-69,2.267654450342049e-70,1.465824040736589e-71,9.475240553145433e-73
33.5,0.01427001698911881,0.001012923051972949,7.190056815031122e-05,5.103781512343034e-06,3.622894556568631e-07,2.571716931287964e-08,1.82555308794131e-09,1.295894317756478e-10,9.199166998175088e-12,6.530270965636448e-13,4.63572501666177e-14,3.290848422996005e-15,2.336155911171172e-16,1.65843892787905e-17,1.177337133240922e-18,8.358067673901218e-20,5.933549791240203e-21,4.212374251106564e-22,2.990494046940069e-23,2.123061396658932e-24,1.507251650243095e-25,1.07007093895405e-26,7.597014282656419e-28,5.393576865568237e-29,3.829255481551333e-30,2.718662762038595e-31,1.930189038598588e-32,1.370401567190306e-33,9.729697287243946e-35,6.908030971546034e-36,4.904702546892111e-37,3.482366754382822e-38,2.472519715415325e-39,1.755530686326309e-40,1.246466122895805e-41,8.850257600790655e-43,6.283978747007032e-44,4.461869385607086e-45,3.168125181478763e-46,2.24952661259515e-47,1.597288057831574e-48,1.134171284593165e-49,8.05336401772775e-51,5.71846251315216e-52,4.060546417248255e-53,2.883320496130472e-54,2.047408888310598e-55,1.453849533714035e-56,1.032375138454802e-57,7.330925375890581e-59,5.205749095300512e-60,3.696671209807488e-61,2.62507408279372e-62,1.864126741448853e-63,1.3237696790364e-64,9.400534112929516e-66,6.675683297593649e-67,4.740694862616156e-68,3.366598688367552e-69,2.390802792011851e-70
34.5,0.01398303757068935,0.001108081945309538,8.781033905733988e-05,6.958615428805806e-06,5.514465303811648e-07,4.370059578586916e-08,3.463176844189372e-09,2.744513220804968e-10,2.175000283845861e-11,1.723679937948118e-12,1.366020571244122e-13,1.082582847283833e-14,8.579625261782723e-16,6.799527868285288e-17,5.388804699222572e-18,4.270801274860485e-19,3.384772647247767e-20,2.682581020932926e-21,2.126078936107117e-22,1.685035676981023e-23,1.335494123952003e-24,1.058468685983656e-25,8.389135044239308e-27,6.64904821240787e-28,5.269930535710184e-29,4.176893465610015e-30,3.310586900464377e-31,2.623974796611363e-32,2.079779948139101e-33,1.648459044705942e-34,1.306597947817182e-35,1.035639971528456e-36,8.20878056402346e-38,6.506560703888414e-39,5.157358373583461e-40,4.08795501506435e-41,3.240319736273839e-42,2.568458614659091e-43,2.035917685627581e-44,1.613803979152702e-45,1.27921711488704e-46,1.014006271579526e-47,8.037850228590889e-49,6.371505393682795e-50,5.050647581814525e-51,4.0036391775501e-52,3.17369828429914e-53,2.515817736013019e-54,1.994323153128066e-55,1.580937481381073e-56,1.253246953152522e-57,9.934852060785988e-59,7.875695668193697e-60,6.243371973689513e-61,4.949396507219872e-62,3.923629813428395e-63,3.110473707148973e-64,2.465856293690473e-65,1.954842175024762e-66,1.549738190439031e-67
35.5,0.01369408111813008,0.001234560268983038,0.0001112998740535994,1.003413670049226e-05,9.046244155976326e-07,8.155667948424348e-08,7.352815900114268e-09,6.629041882361331e-10,5.976552450299189e-11,5.388322697901775e-12,4.858020422082575e-13,4.379937774814863e-14,3.948929663406026e-15,3.560358232214776e-16,3.210042825016273e-17,2.89421488661547e-18,2.609477315827452e-19,2.352767830168272e-20,2.121325946053887e-21,1.912663217461376e-22,1.724536411290175e-23,1.55492332945581e-24,1.402001016399009e-25,1.264126116510924e-26,1.139817169240276e-27,1.027738650613501e-28,9.266865887917046e-30,8.355755983135303e-31,7.534271930156405e-32,6.793592514488149e-33,6.125765210676789e-34,5.523620587007871e-35,4.98069514927148e-36,4.491161791047788e-37,4.049767100155213e-38,3.651774844970887e-39,3.292915031084903e-40,2.969337978908262e-41,2.677572927072004e-42,2.414490715318e-43,2.177270144620382e-44,1.963367651966312e-45,1.770489972996228e-46,1.596569497943533e-47,1.439742055370956e-48,1.298326884389823e-49,1.170808579652603e-50,1.055820814683604e-51,9.521316682876781e-53,8.586303960595641e-54,7.743155045938981e-55,6.982840000363984e-56,6.29721695271927e-57,5.678944714518805e-58,5.121403998448949e-59,4.618626392621794e-60,4.165230326621242e-61,3.756363340682576e-62,3.387650037215472e-63,3.055145155056713e-64
36.5,0.01340383200098784,0.001406207376929087,0.0001475272806948797,1.547739482914979e-05,1.623775312623836e-06,1.703556511275313e-07,1.787268013324445e-08,1.875103904788952e-09,1.967267877030841e-10,2.063973703080591e-11,2.1654457376256e-12,2.271919441840656e-13,2.383641934296724e-14,2.500872569246121e-15,2.62388354364677e-16,2.752960534356129e-17,2.888403366996906e-18,3.03052671807126e-19,3.179660851979158e-20,3.336152394678805e-21,3.500365145814015e-22,3.672680931224159e-23,3.853500497848075e-24,4.043244453133505e-25,4.242354251169164e-26,4.451293227866769e-27,4.670547687637047e-28,4.900628044125059e-29,5.142070017698703e-30,5.395435892518338e-31,5.661315836156824e-32,5.940329284887304e-33,6.233126397911774e-34,6.540389583966751e-35,6.862835103914026e-36,7.201214753104403e-37,7.556317627491668e-38,7.928971977672316e-39,8.320047155235507e-40,8.730455656026084e-41,9.161155265153849e-42,9.613151308823305e-43,1.008749901831174e-43,1.058530601168958e-44,1.11077348991562e-45,1.165600601815792e-46,1.223140030476313e-47,1.283526230809261e-48,1.346900335494293e-49,1.413410487209771e-50,1.483212187419555e-51,1.556468662541711e-52,1.633351248366638e-53,1.71403979363552e-54,1.798723083735455e-55,1.88759928551554e-56,1.980876414278257e-57,2.078772824053316e-58,2.181517722316415e-59,2.289351710373459e-60
37.5,0.0131129650080811,0.001646403738578481,0.0002067159488259777,2.59545688191632e-05,3.258785944795829e-06,4.09166458402426e-07,5.137435487483095e-08,6.450522508113078e-09,8.099264041755549e-10,1.016947096124899e-10,1.276889441187799e-11,1.603283617010965e-12,2.013119378870785e-13,2.527730749856269e-14,3.173906970629478e-15,3.985287580896116e-16,5.004114308678739e-17,6.283431034758944e-18,7.88984644725544e-19,9.907003322196495e-20,1.243993518850092e-20,1.562053737947215e-21,1.961443754839805e-22,2.46296236606902e-23,3.092727907152601e-24,3.88353893315771e-25,4.876582983163191e-26,6.12358248321722e-27,7.689489628641332e-28,9.655870703633087e-29,1.212515623630054e-29,1.522597852467277e-30,1.911987475770409e-31,2.400970515113413e-32,3.015022493427013e-33,3.786136132371138e-34,4.754488766078993e-35,5.970536402736235e-36,7.497643612890322e-37,9.415386364907209e-38,1.182370002111e-38,1.484808878346014e-39,1.864616823441738e-40,2.341588214469554e-41,2.94058220421712e-42,3.692818771095383e-43,4.637506453867613e-44,5.823886664047233e-45,7.313801198699493e-46,9.184916868951113e-47,1.153477543889266e-47,1.448588012451603e-48,1.819208397962746e-49,2.284661341735914e-50,2.869214542660115e-51,3.603346419465216e-52,4.525335743294783e-53,5.683258174618384e-54,7.13749387095248e-55,8.96387700062611e-56
38.5,0.01282214008544441,0.001998447741754294,0.0003114776889582178,4.854706208795904e-05,7.566600708710011e-06,1.179344071499888e-06,1.838154790368841e-07,2.865005541681836e-08,4.465506020828011e-09,6.960135784638791e-10,1.084842169856642e-10,1.690897226150058e-11,2.635540319484829e-12,4.107938288204131e-13,6.402947538655474e-14,9.980165801811965e-15,1.555597880093894e-15,2.424703815755552e-16,3.779390870830063e-17,5.890968188554099e-18,9.18233838125443e-19,1.431270268518251e-19,2.230959784151161e-20,3.477471361889171e-21,5.420471995588809e-22,8.449137233503031e-23,1.317010790497416e-23,2.052900999679285e-24,3.199988200442148e-25,4.988045878031404e-26,7.775246873093375e-27,1.211991613901621e-27,1.889238189886349e-28,2.944933448958234e-29,4.590562613648748e-30,7.155796836074845e-31,1.115454187446656e-31,1.738789939513981e-32,2.710467084644912e-33,4.225156396255648e-34,6.586323644419963e-35,1.02670332204553e-35,1.600473480500769e-36,2.49490266763373e-37,3.889200533531503e-38,6.06273610053604e-39,9.451017900658245e-40,1.473296287454318e-40,2.296694261886148e-41,3.580287093174502e-42,5.581283612037284e-43,8.700653958912968e-44,1.356348406164359e-44,2.114424496246185e-45,3.296208322423297e-46,5.138527274821437e-47,8.010584755168608e-48,1.248795449453142e-48,1.94679366351161e-49,3.034939682198087e-50
39.5,0.01253200147850331,0.002554603173202345,0.000520748503458988,0.0001061534666568338,2.163923456392641e-05,4.41114327687708e-06,8.992117739442699e-07,1.833050166367135e-07,3.736700212523862e-08,7.617346251380363e-09,1.552818393316735e-09,3.165476981779117e-10,6.452962945193082e-11,1.315469234949877e-11,2.6816600838762e-12,5.466738020989506e-13,1.114433846015031e-13,2.271861316013803e-14,4.631384380418369e-15,9.441506970076503e-16,1.924745380159527e-16,3.923798754074505e-17,7.999109283885374e-18,1.63071473882245e-18,3.324419483170681e-19,6.777274751641799e-20,1.381642907372452e-20,2.816683000208117e-21,5.742243034323246e-22,1.170648728859839e-22,2.386563820815874e-23,4.865426643129017e-24,9.919053259736977e-25,2.022185199200194e-25,4.122617474819277e-26,8.404783961911947e-27,1.713489578787464e-27,3.493315197555232e-28,7.121893377125321e-29,1.45195964347004e-29,2.960158752013624e-30,6.034993886050201e-31,1.230382190544468e-31,2.50844511694539e-32,5.114115492683788e-33,1.042648243838949e-33,2.125721928062224e-34,4.333875554268977e-35,8.835838383643811e-36,1.801442602821527e-36,3.672775893388061e-37,7.488067645828124e-38,1.526674369381244e-38,3.112607726125676e-39,6.346052851544031e-40,1.293851074778425e-40,2.637947849297996e-41,5.378354501631318e-42,1.096563896733687e-42,2.235732075463837e-43
40.5,0.01224319737010964,0.003566415095256949,0.001038891611974425,0.0003026285504263382,8.815579339151886e-05,2.56798875537358e-05,7.480604105177737e-06,2.179121846182344e-06,6.347864436502995e-07,1.849162397680109e-07,5.386711800539692e-08,1.569183382150209e-08,4.571144270724301e-09,1.331611142929176e-09,3.879101764370715e-10,1.130020133233061e-10,3.291868219682963e-11,9.589587996401773e-12,2.793564477918631e-12,8.13801882481443e-13,2.370718102264407e-13,6.906251233939746e-14,2.01189845591036e-14,5.860989792016312e-15,1.70740713504671e-15,4.973984576829288e-16,1.449015356347496e-16,4.221266287343121e-17,1.229741173898868e-17,3.58249735858862e-18,1.043660482195348e-18,3.04042147917427e-19,8.857466792067075e-20,2.580396582441233e-20,7.517346415753789e-21,2.189998648205362e-21,6.38005323908536e-22,1.858685573873676e-22,5.414878538311306e-23,1.577512003759587e-23,4.595764691884023e-24,1.338887387979457e-24,3.900600464374917e-25,1.136370714983164e-25,3.310623107943955e-26,9.64496356432115e-27,2.809911083880691e-27,8.186263068230462e-28,2.384953663906321e-28,6.948248158920354e-29,2.024285755179655e-29,5.897520188635277e-30,1.718178060907561e-30,5.005736845233322e-31,1.458374188143532e-31,4.248846378775312e-32,1.237867586493528e-32,3.606437846715108e-33,1.050712280577351e-33,3.061189793443322e-34
41.5,0.01195658223251652,0.006336078031917377,0.003357647177093985,0.001779306131232262,0.0009429037533230157,0.0004996721253806689,0.0002647914430151694,0.000140321375201438,7.436092391080278e-05,3.940640146041941e-05,2.088285294080486e-05,1.106659284084508e-05,5.864609224792981e-06,3.107887351838879e-06,1.646995824442539e-06,8.728121098633843e-07,4.625408149338805e-07,2.451209261339596e-07,1.299007752438842e-07,6.884051653990442e-08,3.648190583116807e-08,1.933356454710171e-08,1.024583508674114e-08,5.429799596325769e-09,2.877539197441739e-09,1.524964382633969e-09,8.081633550567844e-10,4.282916491556405e-10,2.26976583541024e-10,1.202883300009503e-10,6.374805313091371e-11,3.378402136579635e-11,1.790427517300585e-11,9.488621557278046e-12,5.028639300434214e-12,2.665009857238248e-12,1.412368836080391e-12,7.485113705215891e-13,3.966885306999919e-13,2.102334656200253e-13,1.114179120537147e-13,5.904853666691661e-14,3.129422626038612e-14,1.658518228526193e-14,8.789764298152924e-15,4.65838261410577e-15,2.468846149068364e-15,1.308440078900491e-15,6.934490995305742e-16,3.675160195083128e-16,1.947775472117671e-16,1.032291713553689e-16,5.471002550726589e-17,2.899561456803676e-17,1.536733791543029e-17,8.144527305615966e-18,4.316522837857464e-18,2.28772130448596e-18,1.212475862925355e-18,6.426048453848881e-19
42.5,0.01167283879300149,0.01142124976757008,0.01117510616012805,0.01093428955419447,0.01069868412204355,0.01046817656777057,0.01024265607161842,0.01002201423553677,0.009806145029946398,0.009594944741681578,0.009388311923084562,0.00918614734222618,0.008988353934227627,0.008794836753658783,0.008605502927989266,0.008420261612068413,0.008239023943611617,0.008061702999670491,0.0078882137540648,0.007718473035754972,0.007552399488134131,0.007389913529219192,0.007230937312721083,0.007075394689974416,0.006923211172707607,0.006774313896634683,0.006628631585850604,0.006486094518012034,0.006346634490286395,0.006210184786051842,0.00607668014233174,0.00594605671794707,0.005818252062371019,0.005693205085270101,0.00557085602671652,0.005451146428056979,0.005334019103423221,0.005219418111870203,0.005107288730127943,0.004997577425953331,0.004890231832068792,0.004785200720674547,0.004682433978522033,0.004581882582535743,0.004483498575971653,0.004387235045100022,0.00429304609640127,0.00420088683426326,0.004110713339169187,0.004022482646364896,0.003936152724995352,0.003851682457699572,0.003769031620654055,0.003688160864054756,0.003609031693027892,0.003531606448960046,0.003455848291238398,0.003381721179391928,0.003309189855624761,0.003238219827733014
43.5,0.01137231856723891,0.01108586651346556,0.01080712924941002,0.01053587813721433,0.01027189216003763,0.01001495763586259,0.009764867943176164,0.00952142325799552,0.00928443030173459,0.00905370209943065,0.008829057747872147,0.008610322193190736,0.008397326017500569,0.008189905234187172,0.007987901091466751,0.007791159883854198,0.007599532771194818,0.007412875604930505,0.007231048761286433,0.007053916981078622,0.006881349215856579,0.006713218480107898,0.006549401709264778,0.006389779623263751,0.006234236595421452,0.006082660526399934,0.005934942723045481,0.005790977781894234,0.005650663477147877,0.005513900652930859,0.0053805931196495,0.005250647554281365,0.005123973404430738,0.005000482795993595,0.004880090444282396,0.004762713568467571,0.004648271809199103,0.004536687149277453,0.004427883837249035,0.004321788313806965,0.004218329140882692,0.004117436933319745,0.004019044293025008,0.003923085745497893,0.003829497678641934,0.003738218283767504,0.003649187498698389,0.003562346952898658,0.003477639914539797,0.003395011239431745,0.003314407321744554,0.003235776046450491,0.003159066743419629,0.003084230143104616,0.003011218333753104,0.0029399847200889,0.002870483983405501,0.002802672043017846,0.002736506019020621,0.002671944196303356
44.5,0.01110800098424588,0.01085354827860317,0.01060501304416825,0.01036225369541288,0.01012513223385755,0.009893514146500783,0.009667268307702849,0.009446266884376884,0.009230385244348393,0.009019501867750586,0.008813498261330262,0.008612258875544909,0.008415671024337785,0.00822362480748349,0.008036013035401359,0.007852731156339811,0.007673677185838573,0.007498751638380887,0.007327857461151772,0.007160899969822117,0.006997786786282659,0.006838427778255041,0.006682735000710559,0.006530622639030731,0.006382006953846214,0.006236806227494012,0.006094940712035435,0.00595633257877939,0.005820905869258901,0.005688586447610048,0.005559301954305504,0.005432981761196271,0.005309556927817713,0.005188960158917387,0.005071125763164195,0.004955989613000058,0.004843489105596624,0.00473356312488147,0.004626152004599227,0.004521197492374869,0.0044186427147472,0.004318432143142398,0.004220511560758104,0.004124828030330025,0.004031329862753898,0.003939966586536846,0.00385068891805286,0.003763448732578431,0.003678199036084893,0.003594893937765131,0.003513488623272944,0.003433939328654231,0.0033562033149499,0.003280238843451026,0.003206005151587487,0.003133462429432052,0.003062571796802379,0.002993295280943991,0.002925595794777963,0.002859437115697514
45.5,0.01083595550506136,0.01059168397771983,0.0103529328814633,0.01011957711109287,0.009891494405245813,0.009668565281531283,0.0094506729731511,0.009237703366971415,0.009029544943012047,0.008826088715320651,0.008627228174200275,0.008432859229758704,0.008242880156749687,0.008057191540676053,0.00787569622512593,0.007698299260313453,0.007524907852796744,0.007355431316345606,0.007189781023933021,0.007027870360824206,0.006869614678738411,0.006714931251058495,0.006563739229064568,0.006415959599167837,0.006271515141122016,0.006130330387189682,0.005992331582241681,0.005857446644768341,0.00572560512878126,0.005596738186585595,0.005470778532402663,0.005347660406823361,0.005227319542073539,0.005109693128072411,0.004994719779266137,0.004882339502218547,0.004772493663941882,0.004665124960950329,0.004560177389020077,0.004457596213639448,0.00435732794113351,0.00425932029044748,0.004163522165574118,0.00406988362861008,0.00397835587342699,0.003888891199943171,0.00380144298898212,0.003715965677704496,0.003632414735600331,0.003550746641028712,0.003470918858292447,0.003392889815235336,0.00331661888135023,0.003242066346386102,0.00316919339944276,0.003097962108542011,0.003028335400664388,0.00296027704224083,0.002893751620088817,0.002828724522782928
46.5,0.01056506019828493,0.01032445621249918,0.01008934241436526,0.009859593259354121,0.009635086080446564,0.00941570102201256,0.009201320975214065,0.008991831514896213,0.008787120837932623,0.008587079702990882,0.008391601371685696,0.008200581551087502,0.008013918337555248,0.007831512161862749,0.007653265735588758,0.00747908399874156,0.007308874068589484,0.007142545189669676,0.006980008684947726,0.006821177908101685,0.006665968196904466,0.006514296827679296,0.006366082970803477,0.006221247647236106,0.00607971368604637,0.005941405682919058,0.005806249959614935,0.005674174524363832,0.005545109033169022,0.00541898475200167,0.005295734519865107,0.005175292712708599,0.005057595208171149,0.004942579351136173,0.004830183920078293,0.004720349094184059,0.004613016421228668,0.004508128786191314,0.004405630380592124,0.004305466672533984,0.004207584377433088,0.004111931429422288,0.004018456953411725,0.003927111237791658,0.003837845707762568,0.003750612899278209,0.003665366433587414,0.003582060992360872,0.003500652293389357,0.003421097066840352,0.003343353032060072,0.003267378874908423,0.003193134225614553,0.003120579637141063,0.003049676564045098,0.002980387341824943,0.00291267516674088,0.002846504076099467,0.002781838928990426,0.002718645387465914
47.5,0.01029811041902328,0.01006040932294013,0.009828203766343788,0.009601366472374379,0.009379773117482762,0.00916330226276209,0.008951835286879584,0.008745256320571106,0.008543452182662002,0.00834631231757864,0.008153728734315743,0.007965595946825544,0.007781810915795627,0.007602272991782935,0.007426883859672348,0.007255547484428848,0.007088170058113084,0.006924659948130937,0.006764927646688119,0.006608885721421775,0.006456448767181684,0.006307533358933986,0.006162058005761578,0.006019943105935261,0.005881110903030903,0.005745485443068015,0.005612992532646075,0.005483559698055229,0.005357116145338592,0.005233592721284127,0.005112921875324207,0.004995037622321809,0.004879875506222703,0.004767372564553253,0.004657467293744364,0.004550099615262068,0.004445210842526114,0.004342743648598072,0.004242642034621141,0.00414485129899396,0.004049318007261453,0.003955989962705948,0.003864816177622255,0.00377574684526069,0.003688733312422623,0.003603728052693197,0.00352068464029643,0.003439557724558247,0.003360303004963154,0.003282877206790844,0.003207238057319168,0.003133344262580244,0.003061155484656887,0.002990632319506728,0.002921736275301753,0.002854429751271224,0.002788676017036289,0.00272443919242485,0.002661684227755405,0.002600376884579069
48.5,0.01003542891730557,0.009800214509460288,0.009570520775184775,0.009346217947747898,0.009127179315515618,0.008913281149901807,0.008704402635021405,0.008500425799005474,0.008301235446939009,0.008106719095382898,0.007916766908442615,0.007731271635347078,0.0075501285495019,0.007373235388982052,0.007200492298430043,0.007031801772326223,0.00686706859959878,0.006706199809541725,0.006549104619009946,0.006395694380861168,0.006245882533615079,0.006099584552301176,0.005956717900466923,0.005817201983318965,0.005680958101970428,0.005547909408768328,0.005417980863675413,0.005291099191681498,0.005167192841220062,0.005046191943566227,0.004928028273192915,0.004812635209062655,0.004699947696832708,0.004589902211952097,0.004482436723629411,0.004377490659650695,0.004275004872027545,0.004174921603455468,0.004077184454563759,0.003981738351937767,0.003888529516895619,0.003797505435001432,0.003708614826297561,0.003621807616239035,0.003537034907313466,0.003454248951330275,0.00337340312236344,0.003294451890332313,0.003217350795205386,0.003142056421812393,0.003068526375250252,0.002996719256868934,0.002926594640823475,0.002858113051178796,0.002791235939554289,0.002725925663295401,0.002662145464159728,0.002599859447505603,0.002539032561971113,0.002479630579632179
49.5,0.009777171108400377,0.009544127012013565,0.009316644343979668,0.009094590213898508,0.00887783491116192,0.008666251828755665,0.008459717388890276,0.008258110970416642,0.008061314837983643,0.00786921407289588,0.007681696505630448,0.007498652649973341,0.00731997563873601,0.007145561161014417,0.006975307400953498,0.006809114977980782,0.006646886888473807,0.006488528448826985,0.006333947239884341,0.006183053052705031,0.006035757835629951,0.005891975642617981,0.00575162258282132,0.005614616771370365,0.005480878281338807,0.005350329096860809,0.00522289306737243,0.005098495862950434,0.004977064930721998,0.004858529452319663,0.00474282030235644,0.004629870007896524,0.004519612708897722,0.004411984119602266,0.004306921490853248,0.004204363573314419,0.004104250581571709,0.004006524159095203,0.003911127344041077,0.003818004535873133,0.00372710146278442,0.003638365149899633,0.00355174388823961,0.003467187204429554,0.003384645831133251,0.00330407167819572,0.003225417804477387,0.003148638390363187,0.003073688710930297,0.003000525109758824,0.002929104973369943,0.002859386706276423,0.002791329706630891,0.002724894342457466,0.002660041928452753,0.002596734703342562,0.002534935807781026,0.002474609262779046,0.002415719948649454,0.002358233584456421
50.5,0.009523409055171829,0.009292268307538435,0.009066743558764696,0.008846698201231457,0.008631998954327267,0.008422515783314908,0.00821812182017926,0.008018693286407993,0.00782410941765788,0.007634252390260579,0.007449007249522862,0.00726826183977749,0.007091906736141887,0.006919835177942897,0.006751943003766702,0.006588128588094568,0.006428292779485172,0.006272338840265995,0.006120172387696865,0.005971701336569615,0.005826835843208657,0.005685488250838455,0.005547573036284288,0.005413006757973744,0.005281708005207332,0.005153597348666903,0.005028597292131919,0.004906632225373802,0.004787628378199802,0.0046715137756181,0.004558218194096898,0.004447673118890636,0.004339811702407412,0.004234568723591984,0.004131880548299761,0.004031685090637308,0.00393392177524605,0.003838531500505885,0.003745456602636334,0.003654640820673384,0.003566029262300465,0.00347956837051283,0.003395205891094958,0.003312890840891082,0.003232573476849482,0.003154205265821725,0.003077738855098273,0.003003128043662662,0.002930327754146484,0.002859294005468263,0.002789983886139445,0.002722355528221144,0.002656368081915905,0.002591981690778825,0.002529157467533066,0.002467857470474859,0.002408044680453705,0.002349682978413728,0.002292737123482393,0.002237172731593371
51.5,0.009274146567599371,0.009044676811514635,0.008820890343675268,0.008602646259701656,0.008389807152490715,0.008182239025310097,0.007979811207054729,0.007782396269611773,0.007589869947281469,0.007402111058202683,0.007219001427733126,0.007040425813735705,0.006866271833723395,0.006696429893816375,0.006530793119466299,0.006369257287903676,0.006211720762265502,0.006058084427361129,0.005908251627035812,0.005762128103091946,0.005619621935729284,0.005480643485466325,0.005345105336505935,0.005212922241509325,0.005084011067743192,0.004958290744565995,0.004835682212219831,0.004716108371895618,0.004599494037039727,0.004485765885871197,0.004374852415079449,0.004266683894673052,0.004161192323950918,0.004058311388567969,0.003957976418668059,0.003860124348057588,0.003764693674393845,0.003671624420362931,0.003580858095822533,0.003492337660885624,0.003406007489921585,0.003321813336451989,0.003239702298918794,0.003159622787303141,0.003081524490573725,0.00300535834494396,0.002931076502917964,0.002858632303105592,0.002787980240787497,0.002719075939211496,0.002651876121602082,0.002586338583865323,0.002522422167971857,0.002460086736001101,0.002399293144830282,0.002340003221452175,0.002282179738905956,0.002225786392805929,0.002170787778453218,0.002117149368515981
52.5,0.009029323632922521,0.008801322322687034,0.008579083452310246,0.008362461245173602,0.008151313616212661,0.007945502078333382,0.007744891651203615,0.007549350772359367,0.007358751210567073,0.007172967981384446,0.006991879264864272,0.006815366325346395,0.006643313433285045,0.006475607789059866,0.006312139448719961,0.006152801251612034,0.005997488749844923,0.00584610013954347,0.005698536193846653,0.00555470019760547,0.005414497883737496,0.005277837371195904,0.005144629104512171,0.005014785794872278,0.004888222362687524,0.004764855881622124,0.00464460552404039,0.004527392507837614,0.004413140044619387,0.00430177328919525,0.004193219290353197,0.00408740694288249,0.003984266940813268,0.003883731731841777,0.003785735472911432,0.003690213986920045,0.003597104720524971,0.003506346703017975,0.003417880506242882,0.003331648205529475,0.00324759334161783,0.003165660883547948,0.003085797192490209,0.003007949986492751,0.002932068306122524,0.00285810248097729,0.002786004097046504,0.002715725964899547,0.002647222088680275,0.002580447635887445,0.002515358907921075,0.002451913311375291,0.002390069330058766,0.002329786497724202,0.002271025371488954,0.002213747505929203,0.002157915427830632,0.002103492611578907,0.002050443455173764,0.001998733256850877
53.5,0.00878881879611957,0.008562112060266617,0.008341257983445068,0.008126105341827779,0.007916506822612678,0.007712318922773607,0.007513401850435072,0.007319619428802849,0.007130839002584115,0.006946931346832559,0.006767770578155537,0.006593234068221994,0.006423202359511472,0.006257559083246052,0.006096190879448673,0.005938987319072629,0.005785840828148429,0.005636646613895924,0.005491302592750478,0.005349709320253746,0.005211769922760551,0.005077390030914879,0.004946477714849028,0.004818943421061273,0.004694699910928507,0.004573662200811473,0.004455747503711274,0.004340875172436958,0.004228966644245008,0.004119945386912475,0.004013736846206819,0.003910268394715941,0.003809469282003405,0.003711270586054328,0.003615605165978599,0.003522407615938742,0.003431614220270694,0.003343162909766683,0.00325699321908989,0.003173046245291763,0.003091264607403254,0.003011592407072247,0.002933975190219967,0.00285835990969007,0.002784694888864589,0.002712929786221768,0.002643015560811291,0.002574904438623215,0.002508549879827379,0.00244390654686078,0.00238093027334095,0.002319578033783872,0.002259807914105677,0.002201579082887726,0.002144851763385389,0.002089587206261165,0.002035747663023477,0.001983296360152749,0.00193219747389706,0.00188241610571998
54.5,0.00855245081810006,0.008326893959606979,0.008107290226646698,0.007893482373546094,0.007685317311629955,0.007482645999226026,0.007285323334583274,0.007093208051626295,0.006906162618470491,0.006724053138624959,0.006546749254811837,0.006374124055332667,0.006206053982914251,0.006042418745968448,0.005883101232201663,0.005727987424511934,0.005576966319112936,0.005429929845825867,0.005286772790481706,0.005147392719378038,0.005011689905735866,0.004879567258103456,0.004750930250655672,0.004625686855338467,0.004503747475809672,0.004385024883128578,0.004269434153147793,0.004156892605562399,0.004047319744572484,0.003940637201116257,0.00383676867663213,0.003735639888309339,0.003637178515787551,0.003541314149267174,0.003447978238992919,0.003357104046074288,0.003268626594607552,0.003182482625064725,0.003098610548916008,0.003016950404452998,0.002937443813780909,0.002860033940948725,0.002784665451187317,0.002711284471226017,0.002639838550659198,0.002570276624334994,0.002502548975739087,0.002436607201347274,0.002372404175921071,0.002309894018721453,0.002249032060616369,0.002189774812058396,0.002132079931909486,0.002075906197090351,0.002021213473032701,0.001967962684913025,0.001916115789647257,0.001865635748626182,0.001816486501171949,0.001768632938696622
55.5,0.008319980231977374,0.008095459113312369,0.007877000933250156,0.007664441852171985,0.007457622461284739,0.007256387662697994,0.007060586552749752,0.00687007230849259,0.006684702077254742,0.006504336869192479,0.006328841452752977,0.00615808425296856,0.005991937252505622,0.005830275895393554,0.00567297899336106,0.005519928634709109,0.005371010095651798,0.005226111754058259,0.005085125005530456,0.004947944181753639,0.004814466471057763,0.004684591841130078,0.004558222963820422,0.004435265141982652,0.004315626238296918,0.004199216606019187,0.004085949021605704,0.003975738619161671,0.003868502826664601,0.00376416130391437,0.003662635882163102,0.003563850505379394,0.003467731173102609,0.003374205884844107,0.003283204585993585,0.003194659115189668,0.0031085031531151,0.00302467217267797,0.002943103390541392,0.002863735719965119,0.002786509724923553,0.002711367575465562,0.002638253004282479,0.002567111264451544,0.002497889088322988,0.002430534647519678,0.002364997514019344,0.00230122862228992,0.002239180232449557,0.002178805894423545,0.002120060413071117,0.002062899814255901,0.002007281311834452,0.001953163275537964,0.001900505199723067,0.001849267672968066,0.001799412348491807,0.001750901915372849,0.001703700070547301,0.001657771491564219
56.5,0.008091110732949042,0.007867543741458828,0.007650157824055239,0.007438781981929274,0.00723324995010001,0.007033400066272968,0.006839075143334055,0.006650122345378634,0.006466393067177302,0.006287742816983149,0.006114031102587797,0.005945121320536076,0.005780880648411728,0.005621179940108824,0.005465893624006251,0.005314899603964623,0.005168079163067245,0.005025316870029255,0.004886500488200645,0.004751520887091435,0.004620271956348879,0.004492650522118824,0.004368556265724992,0.00424789164460197,0.004130561815419338,0.004016474559336194,0.003905540209327048,0.003797671579521491,0.003692783896501968,0.003590794732505232,0.003491623940474735,0.003395193590912623,0.003301427910481411,0.003210253222306874,0.003121597887934904,0.003035392250896563,0.002951568581836653,0.002870061025162494,0.002790805547170795,0.002713739885611569,0.002638803500649274,0.002565937527182494,0.002495084728484411,0.002426189451127532,0.002359197581156979,0.002294056501477849,0.002230715050422885,0.002169123481467766,0.002109233424062253,0.002050997845546201,0.001994371014120379,0.0019393084628429,0.00188576695462277,0.001833704448182994,0.001783080064966296,0.001733854056957358,0.001685987775396211,0.001639443640358023,0.001594185111175287,0.001550176657679107
57.5,0.007865491276262352,0.007642831716104187,0.007426478502176255,0.007216252924534056,0.007011981340439292,0.006813495030594917,0.00662063005946168,0.006433227139540204,0.00625113149950601,0.006074192756087803,0.005902264789583076,0.005735205622907242,0.005572877304076317,0.005415145792025386,0.005261880845668149,0.005112955916105553,0.00496824804189398,0.004827637747286115,0.004691008943360111,0.004558248831954903,0.004429247812332092,0.004303899390486928,0.00418210009103306,0.004063749371588112,0.003948749539588945,0.003837005671467694,0.003728425534121407,0.003622919508610326,0.003520400516021397,0.003420783945435545,0.003323987583939017,0.00322993154862074,0.003138538220499236,0.003049732180324423,0.002963440146200942,0.0028795909129814,0.002798115293379208,0.002718946060752211,0.00264201789350968,0.002567267321096571,0.002494632671510273,0.002424054020306366,0.002355473141051034,0.002288833457179186,0.002224079995218274,0.002161159339339099,0.002100019587195923,0.002040610307019259,0.001982882495925848,0.001926788539411202,0.001872282171991179,0.001819318438959979,0.001767853659232883,0.001717845389242903,0.001669252387861473,0.001622034582314115,0.001576153035062806,0.001531569911627668,0.00148824844932124,0.001446152926869549
58.5,0.007642717586937926,0.007420956449571275,0.007205632682056493,0.006996559333422407,0.006793554884636998,0.006596443090699906,0.006405052827327934,0.006219217942099726,0.006038777109929827,0.005863573692746309,0.005693455603249331,0.005528275172632218,0.00536788902214951,0.005212157938420125,0.005060946752356934,0.004914124221617279,0.004771562916471861,0.004633139108992655,0.004498732665463239,0.00436822694191771,0.004241508682717283,0.004118467922076112,0.003998997888450498,0.003882994911708267,0.00377035833299736,0.00366099041723514,0.003554796268142171,0.003451683745746409,0.003351563386286002,0.003254348324440848,0.003159954217825255,0.003068299173675802,0.002979303677670696,0.002892890524818475,0.002808984752355978,0.002727513574597065,0.002648406319675379,0.002571594368126038,0.002497011093252792,0.002424591803228673,0.002354273684879811,0.002285995749103277,0.002219698777871684,0.002155325272778153,0.002092819405077006,0.002032126967176613,0.001973195325542173,0.001915973374967439,0.00186041149417558,0.001806461502710481,0.001754076619081009,0.001703211420121805,0.001653821801535164,0.001605864939579745,0.001559299253872693,0.00151408437127284,0.001470181090813533,0.00142755134965455,0.001386158190023518,0.001345965727118031
59.5,0.007422334505202217,0.007201503560160397,0.006987245137710402,0.006779363549308755,0.006577668935074236,0.006381977090106922,0.006192109295984786,0.006007892157283452,0.005829157442969243,0.005655741932520305,0.005487487266634665,0.005324239802388515,0.005165850472711881,0.005012174650053232,0.004863072014107638,0.004718406423487771,0.004578045791219783,0.004441861963950309,0.004309730604753726,0.004181531079432381,0.004057146346205683,0.00393646284868687,0.003819370412049599,0.003705762142289103,0.003595534328485697,0.003488586347981103,0.003384820574380814,0.003284142288298075,0.00318645959075794,0.003091683319181908,0.002999726965876357,0.002910506598949996,0.002823940785588033,0.002739950517612689,0.002658459139261984,0.002579392277120621,0.002502677772138804,0.002428245613676795,0.002356027875514705,0.002285958653769123,0.002217974006659536,0.002152011896069537,0.002088012130849271,0.002025916311807209,0.001965667778340908,0.001907211556657897,0.001850494309539289,0.001795464287600138,0.00174207128200192,0.001690266578573882,0.001640002913301213,0.001591234429139361,0.001543916634114921,0.001498006360674784,0.001453461726246303,0.001410242094972433,0.001368308040586775,0.001327621310394599,0.001288144790326842,0.001249842471035145
60.5,0.007203838108882904,0.006984013292391456,0.006770898382110703,0.006564288502831116,0.006363985036864145,0.006169795432853499,0.005981533020429942,0.005799016830530993,0.005622071421212254,0.005450526708782544,0.005284217804100064,0.005122984853871666,0.004966672886802487,0.004815131664447417,0.004668215536620823,0.004525783301225104,0.004387698068362962,0.004253827128602499,0.004124041825268086,0.003998217430634019,0.003876233025901593,0.003757971384843955,0.003643318861006628,0.003532165278354962,0.003424403825263179,0.003319930951742878,0.003218646269811913,0.003120452456907702,0.003025255162251917,0.002932962916076245,0.002843487041621891,0.002756741569827944,0.002672643156626462,0.002591111002764599,0.002512066776076477,0.002435434536130014,0.002361140661176076,0.002289113777329539,0.002219284689914127,0.002151586316904822,0.002085953624403791,0.002022323564087634,0.001960635012565743,0.001900828712591315,0.001842847216068477,0.00178663482880052,0.001732137556926148,0.001679303054992071,0.001628080575611954,0.001578420920663283,0.001530276393975087,0.001483600755461004,0.001438349176653488,0.001394478197596384,0.001351945685054295,0.001310710791998574,0.001270733918330882,0.001231976672806509,0.001194401836120799,0.001157973325123143
61.5,0.00698667878764663,0.006767983828911294,0.006556136178517073,0.006350921390116639,0.00615213173536125,0.00595956599338294,0.005773029246875683,0.005592332684568403,0.005417293409889635,0.005247734255629552,0.005083483604411351,0.004924375214789876,0.004770248052801006,0.004620946128790894,0.004476318339359521,0.004336218314258326,0.004200504268086351,0.004069038856634693,0.003941689037733346,0.003818325936459464,0.003698824714570063,0.003583064444026978,0.003470927984485557,0.003362301864623013,0.003257076167185901,0.003155144417640226,0.003056403476311218,0.002960753433903359,0.002868097510294691,0.002778341956502801,0.002691395959722994,0.002607171551342428,0.002525583517836821,0.002446549314459459,0.002369988981634936,0.002295825063972822,0.002223982531819184,0.002154388705266357,0.002086973180543945,0.002021667758716405,0.001958406376614879,0.001897125039933308,0.001837761758420921,0.00178025648310545,0.001724551045483365,0.001670589098615516,0.001618316060068456,0.001567679056643562,0.001518626870837971,0.001471109888983013,0.001425080051007583,0.00138049080177551,0.001337297043947617,0.001295455092320652,0.001254922629596847,0.001215658663539222,0.001177623485469237,0.001140778630064708,0.001105086836417268,0.001070512010309835
62.5,0.006770264055433844,0.006552874303811262,0.006342466716914827,0.006138816977884453,0.005941707978576718,0.005750929587835166,0.005566278427211888,0.005387557653900882,0.005214576750651134,0.005047151322434957,0.004885102899654281,0.004728258747674624,0.00457645168248318,0.004429519892274186,0.004287306764770698,0.004149660720098512,0.004016435049033497,0.003887487756449615,0.00376268140980028,0.003641882992471287,0.003524963761848511,0.00341179911194885,0.003302268440467592,0.003196255020100194,0.003093645874001043,0.002994331655246057,0.00289820653017049,0.002805168065457256,0.002715117118855124,0.002627957733410133,0.002543597035097219,0.002461945133742682,0.002382915027131693,0.00230642250819846,0.002232386075199834,0.002160726844776514,0.002091368467808939,0.002024237047978015,0.001959261062943723,0.001896371288057412,0.001835500722526302,0.001776584517951361,0.001719559909162264,0.001664366147275516,0.001610944434904312,0.001559237863450937,0.00150919135241473,0.001460751590650813,0.001413866979516894,0.001368487577847382,0.001324565048696145,0.001282052607790942,0.001240904973644604,0.001201078319269633,0.001162530225444688,0.001125219635483074,0.001089106811454925,0.001054153291816373,0.001020321850400448,0.0009875764567259487
63.5,0.00655396250100916,0.006338108858221368,0.00612936674025431,0.00592750176936217,0.005732287295009837,0.005543504139023146,0.005360940349147171,0.005184390960735277,0.005013657766300582,0.004848549092670166,0.004688879585491326,0.004534470000847073,0.004385147003746303,0.004240742973261814,0.004101095814096659,0.003966048774366776,0.003835450269394744,0.003709153711316262,0.00358701734430755,0.003468904085248149,0.003354681369639831,0.003244221002608089,0.003137399014818493,0.003034095523145852,0.002934194595939137,0.002837584122730729,0.00274415568824319,0.002653804450551865,0.002566429023266073,0.002481931361596415,0.002400216652179863,0.002321193206538742,0.002244772358053594,0.002170868362334119,0.002099398300875959,0.002030281987894988,0.001963441880234238,0.00189880299024211,0.001836292801523813,0.001775841187471275,0.001717380332479822,0.001660844655763027,0.001606170737679971,0.001553297248492076,0.001502164879469303,0.001452716276268308,0.001404895974507466,0.001358650337466436,0.001313927495840089,0.001270677289479061,0.001228851211051403,0.001188402351561942,0.001149285347668109,0.001111456330732915,0.001074872877557832,0.001039493962740143,0.001005279912601186,0.0009721923606336491,0.0009401942044178731,0.0009092495639586369
64.5,0.006337108197176432,0.006123081055648772,0.00591628593661469,0.005716478347419071,0.005523422065090295,0.005336888856486704,0.005156658207918326,0.004982517063922993,0.004814259574886647,0.004651686853208287,0.004494606737720119,0.004342833566083307,0.004196187954889066,0.004054496587204269,0.003917592007309262,0.003785312422384364,0.003657501510909692,0.003534008237550918,0.003414686674311274,0.003299395827737645,0.003187999471975636,0.00308036598747554,0.002976368205157924,0.002875883255853768,0.002778792424840712,0.002684981011302723,0.002594338192546483,0.00250675689281343,0.00242213365653185,0.002340368525858574,0.002261364922365213,0.002185029532728375,0.002111272198288461,0.002040005808345958,0.001971146197068718,0.001904612043887946,0.001840324777264794,0.001778208481713418,0.001718189807970267,0.001660197886203067,0.001604164242156623,0.00155002271613596,0.0014977093847308,0.001447162485188544,0.001398322342346104,0.001351131298033959,0.00130553364286876,0.001261475550353618,0.001218905013207941,0.001177771781851403,0.00113802730496906,0.001099624672087232,0.00106251855809205,0.001026665169624925,0.0009920221932914178,0.0009585487456221307,0.0009262053247263074,0.0008949537635808803,0.000864757184899585,0.0008355799575286828
65.5,0.006119005892166481,0.005907158942167531,0.005702651847402116,0.005505230113224582,0.005314648075734668,0.005130668595126047,0.004953062759691515,0.004781609600114341,0.004616095813687948,0.004456315498118635,0.004302069894578185,0.004153167139684607,0.004009422026100608,0.003870655771450102,0.003736695795263525,0.003607375503672793,0.003482534081586487,0.003362016292085111,0.003245672282785475,0.003133357398931835,0.003024932002980028,0.002920261300448712,0.002819215171820052,0.002721668010279379,0.002627498565090922,0.002536589790413679,0.002448828699368365,0.002364106223172853,0.00228231707516998,0.002203359619577662,0.002127135744797163,0.002053550741121154,0.001982513182688587,0.001913934813538825,0.00184773043762257,0.001783817812632085,0.001722117547517955,0.001662553003564334,0.001605050198898976,0.001549537716318727,0.001495946614315282,0.001444210341189972,0.001394264652150297,0.001346047529284595,0.001299499104314823,0.001254561584030986,0.001211179178313982,0.00116929803065703,0.001128866151098785,0.001089833351484435,0.001052151182973882,0.001015772875718945,0.0009806532806342742,0.0009467488131892145,0.0009140173991504486,0.000882418422207654,0.0008519126734167854,0.000822462302397835,0.0007940307702261583,0.0007665828039585375
66.5,0.00589893726153224,0.005689690986939332,0.005487875488460331,0.005293226582671254,0.00510548948930473,0.004924418496176843,0.004749776636067844,0.004581335375129519,0.004418874312407814,0.004262180890083519,0.004111050114048436,0.003965284284447832,0.003824692735833364,0.003689091586583308,0.003558303497259166,0.003432157437579609,0.003310488461704126,0.003193137491529662,0.003079951107714238,0.002970781348151657,0.002865485513631404,0.002763925980427176,0.002665970019566822,0.002571489622545127,0.002480361333249614,0.002392466085877489,0.002307689048630066,0.002225919472978374,0.002147050548301236,0.002070979261704047,0.00199760626283346,0.001926835733509671,0.001858575262004458,0.001792735721799229,0.001729231154663212,0.001667978657897742,0.001608898275597974,0.001551912893788713,0.001496948139296264,0.001443932282222924,0.001392796141895708,0.001343472996165376,0.001295898493936289,0.001250010570811849,0.001205749367744482,0.00116305715258293,0.001121878244413665,0.001082158940596686,0.001043847446399707,0.001006893807138071,0.0009712498427310551,0.0009368690845884301,0.0009037067147442176,0.0008717195071575076,0.0008408657711031372,0.0008111052965776964,0.0007823993016490644,0.0007547103816801881,0.0007280024603603225,0.0007022407424792996
67.5,0.005676168373733814,0.00547001300969121,0.00527135774940423,0.005079929269407266,0.004895464223826529,0.004717708879530154,0.004546418764642425,0.004381358329931825,0.004222300622600548,0.004069026972020534,0.003921326686977773,0.003778996764002662,0.003641841606379938,0.003509672753446342,0.003382308619798748,0.003259574244049417,0.003141301046778125,0.003027326597344067,0.002917494389232606,0.002811653623624,0.002709659000882683,0.002611370519676711,0.002516653283447715,0.002425377313961925,0.002337417371682737,0.002252652782714844,0.002170967272079054,0.002092248803085854,0.002016389422584263,0.001943285111870647,0.001872835643050199,0.001804944440651285,0.001739518448300247,0.001676468000271295,0.001615706697732929,0.001557151289518867,0.001500721557257803,0.001446340204702339,0.001393932751103362,0.001343427428481705,0.001294755082654419,0.001247849077878188,0.001202645204977489,0.001159081592829877,0.001117098623085588,0.001076638848003013,0.001037646911286039,0.001000069471813401,0.0009638551301541729,0.0009289543577675048,0.0008953194287883492,0.0008629043543045621,0.0008316648190342595,0.0008015581203156021,0.0007725431093244014,0.000744580134438106,0.0007176309866676186,0.0006916588470813239,0.0006666282361484997,0.0006425049649318813
68.5,0.005449958303767145,0.005247455986489609,0.005052496425410086,0.004864797977024685,0.004684089540288362,0.004510110161015183,0.004342608651159691,0.004181343222418473,0.004026081133611643,0.003876598351325098,0.003732679223313323,0.00359411616418193,0.003460709352887007,0.003332266441606007,0.003208602275551579,0.003089538623316032,0.002974903917349735,0.002864533004191575,0.002758266904084194,0.00265595257962051,0.002557442713081329,0.002462595492136833,0.002371274403596963,0.002283348034907606,0.002198689883101045,0.002117178170920028,0.002038695669845411,0.001963129529767588,0.001890371115051656,0.001820315846755718,0.001752863050770812,0.001687915811659674,0.001625380831979942,0.001565168296885529,0.001507191743807594,0.001451367937024124,0.00139761674693426,0.001345861033860489,0.001296026536208428,0.001248041762820416,0.001201837889365259,0.001157348658612401,0.001114510284444555,0.001073261359468297,0.001033542766087421,0.0009952975909089646,0.0009584710423566626,0.0009230103713714069,0.0008888647950826889,0.000855985423339486,0.0008243251879931918,0.0007938387748292467,0.0007644825580480243,0.0007362145371992569,0.000708994276477901,0.0006827828462927971,0.0006575427670228267,0.0006332379548784592,0.000609833669789696,0.0005872964652443676
69.5,0.005219570337576361,0.005021356063601668,0.004830695107984798,0.004647298632613171,0.004470888883189869,0.004301198762418832,0.004137971419683002,0.003980959856575666,0.003829926547670628,0.003684643075940311,0.003544889782254149,0.003410455428411595,0.003281136873185285,0.003156738760870337,0.003037073221855318,0.00292195958474926,0.002811224099617193,0.002704699671894062,0.002602225606563591,0.002503647362204754,0.002408816314523894,0.002317589529005435,0.002229829542328264,0.002145404152208751,0.002064186215344349,0.00198605345314448,0.001910888264947547,0.001838577548434588,0.001769012526961338,0.001702088583541243,0.001637705101222355,0.001575765309610995,0.001516176137304688,0.001458848070006025,0.00140369501409801,0.001350634165469942,0.001299585883391041,0.001250473569236917,0.001203223549881503,0.001157764965574334,0.00111402966213008,0.001071952087263869,0.001031469190912432,0.0009925203293873054,0.0009550471732122252,0.0009189936185026288,0.0008843057017506596,0.0008509315178843251,0.000818821141474604,0.0007879265509691187,0.0007582015558357267,0.0007296017265038819,0.0007020843269959443,0.0006756082501448047,0.0006501339552981891,0.0006256234084138463,0.000602040024453556,0.0005793486119874172,0.0005575153199233298,0.0005365075862798373
70.5,0.004984283880731999,0.004791064908832356,0.004605372085355106,0.004426910838278499,0.004255398181015819,0.004090562254559936,0.003932141887809045,0.003779886175347991,0.003633554071989072,0.003492914003403886,0.003357743492204571,0.003227828798858623,0.00310296457684595,0.002982953541490719,0.002867606151923055,0.002756740305647599,0.00265018104521687,0.00254776027652733,0.002449316498275527,0.002354694542130016,0.002263745323192652,0.00217632560033983,0.002092297746050666,0.002011529525344728,0.001933893883467158,0.001859268741973297,0.001787536802879027,0.001718585360556222,0.001652306121065554,0.001588595028631234,0.001527352098973951,0.001468481259229701,0.001411890194193006,0.001357490198633475,0.001305196035444626,0.001254925799393614,0.001206600786249572,0.001160145367077299,0.001115486867491383,0.001072555451674116,0.001031284010968358,0.0009916080568639946,0.0009534656182039087,0.0009167971424422763,0.0008815454007946906,0.0008476553971259558,0.0008150742804275868,0.0007837512607428727,0.0007536375284030744,0.0007246861764437118,0.0006968521260751274,0.0006700920550865141,0.0006443643290673638,0.0006196289353349748,0.0005958474194609994,0.0005729828242943212,0.0005509996313816106,0.0005298637046908146,0.0005095422365466247,0.0004900036956905448
71.5,0.004743410890386521,0.004555963997836573,0.004375972644056488,0.004203138340747468,0.004037174628703702,0.003877806589856155,0.003724770379238298,0.003577812776055329,0.003436690753072162,0.003301171063567936,0.003171029845135931,0.003046052239637425,0.002926032028646751,0.002810771283751991,0.002700080031102229,0.002593775929617093,0.002491683962298684,0.002393636140109012,0.002299471217898112,0.002209034421889321,0.002122177188248525,0.00203875691228365,0.001958636707839384,0.001881685176470022,0.001807776185990501,0.001736788658022142,0.001668606364165413,0.001603117730447145,0.001540215649704117,0.001479797301578844,0.00142176397981674,0.001366020926566543,0.001312477173398228,0.001261045388764272,0.001211641731641457,0.00116418571110118,0.001118600051566551,0.001074810563524491,0.001032746019470575,0.000992338034873442,0.0009535209539543526,0.0009162317400858353,0.0008804098706214521,0.0008459972359763135,0.000812938042785463,0.0007811787209742635,0.000750667834581726,0.0007213559961842457,0.0006931957847734151,0.0006661416669476068,0.0006401499212827269,0.000615178565753059,0.0005911872880783781,0.0005681373788785926,0.0005459916675220048,0.0005247144605579322,0.0005042714826289109,0.0004846298197619536,0.0004657578649424511,0.0004476252658782362
72.5,0.004496313725269686,0.004315479778035997,0.004141981767551517,0.003975519472631752,0.003815805067241929,0.003662562604249867,0.00351552752086525,0.003374446164846766,0.003239075340597572,0.003109181874307375,0.002984542197335107,0.002864941947060678,0.002750175584467141,0.002640046027746111,0.002534364301249389,0.002432949199138614,0.002335626963112339,0.002242230973616307,0.002152601453968189,0.002066585186851842,0.001984035242659821,0.001904810719184577,0.001828776492180313,0.001755802976337612,0.001685765896232491,0.001618546066830047,0.001554029183140782,0.00149210561864463,0.001432670232114149,0.001375622182483873,0.001320864751427802,0.001268305173321376,0.001217854472277898,0.001169427305962564,0.001122941815899787,0.001078319484001534,0.001035484995055919,0.0009943661049262849,0.0009548935142216043,0.0009170007472091128,0.0008806240357497249,0.0008457022080461261,0.0008121765820022166,0.0007799908630011293,0.0007490910459171362,0.0007194253211845864,0.0006909439847544096,0.0006635993517759156,0.0006373456738484083,0.000612139059693708,0.0005879373991069184,0.0005647002900487843,0.0005423889687487333,0.0005209662426931878,0.000500396426379015,0.0004806452797170061,0.0004616799489751446,0.0004434689101560037,0.0004259819147070805,0.0004091899374671132
73.5,0.004242428731705979,0.004069103791898601,0.00390294109316549,0.003743641220724913,0.003590917423309331,0.003444495071368184,0.003304111138712666,0.003169513706577238,0.003040461489117895,0.002916723379410494,0.002798078015053844,0.002684313362521679,0.002575226319445483,0.002470622334046114,0.00237031504096673,0.002274125912792345,0.002181883926572892,0.002093425244696689,0.002008592909489918,0.001927236550945295,0.001849212107009111,0.001774381555881151,0.001702612659805799,0.001633778719855528,0.001567758341229971,0.001504435208614536,0.001443697871162589,0.001385439536684359,0.00132955787464386,0.001275954827582698,0.001224536430606225,0.00117521263858344,0.001127897160727362,0.001082507302237002,0.001038963812696161,0.0009971907409374193,0.0009571152960925416,0.0009186677145625699,0.000881781132652563,0.0008463914646270351,0.0008124372859527525,0.0007798597215057309,0.0007486023385289382,0.0007186110441365494,0.0006898339871694148,0.0006622214642149196,0.0006357258296125119,0.0006103014092739404,0.0005859044181546553,0.0005624928812198832,0.0005400265577557491,0.0005184668688821896,0.0004977768281307036,0.0004779209749558425,0.0004588653110550438,0.0004405772393768312,0.0004230255057025701,0.0004061801426919476,0.0003900124162870705,0.0003744947743746121
74.5,0.003981294490603866,0.003816416667015808,0.003658469022762455,0.003507155809529294,0.003362194094069145,0.003223313194513949,0.00309025414184353,0.00296276916537308,0.002840621201173198,0.002723583422386017,0.002611438790448583,0.00250397962627971,0.002401007200529809,0.002302331342034291,0.002207770063650449,0.0021171492046951,0.002030302089236016,0.001947069199524252,0.001867297863886906,0.001790841958430888,0.001717561621937813,0.001647322983358339,0.00157999790134116,0.001515463715257503,0.001453603007206545,0.001394303374510404,0.001337457212229714,0.001282961505252031,0.001230717629525605,0.001180631162030385,0.001132611699096628,0.001086572682699032,0.001042431234371214,0.001000107996401317,0.0009595269799848816,0.0009206154200257035,0.000883303636289369,0.0008475249006274134,0.0008132153100027952,0.0007803136650594673,0.0007487613539904054,0.0007185022414694614,0.0006894825624230108,0.0006616508204273288,0.0006349576905273165,0.0006093559262812934,0.0005848002708453648,0.0005612473719191952,0.0005386557003829855,0.0005169854724631014,0.0004961985752710067,0.0004762584955671317,0.0004571302516079136,0.0004387803279405709,0.0004211766130162021,0.0004042883394975753,0.0003880860271434624,0.0003725414281566453,0.0003576274748877166,0.0003433182297916125
75.5,0.003712587724137186,0.003557118792051495,0.003408286636256884,0.003265802288040929,0.003129389612312333,0.002998784726476071,0.002873735446115392,0.002754000756222376,0.002639350306778767,0.002529563931546017,0.002424431188977753,0.002323750924219476,0.00222733085120985,0.002134987153944418,0.002046544106007378,0.001961833707519477,0.001880695338690442,0.001802975429202747,0.001728527142690282,0.001657210075610156,0.001588889969839185,0.001523438438358052,0.001460732703416299,0.001400655346599898,0.001343094070250339,0.001287941469710219,0.001235094815894947,0.001184455847713721,0.001135930573885367,0.001089429083715894,0.001044865366425019,0.001002157138628171,0.000961225679598987,0.0009219956739548171,0.0008843950614244646,0.0008483548933733458,0.0008138091957763766,0.0007806948383433559,0.0007489514095153812,0.0007185210970639138,0.0006893485740366415,0.0006613808898061247,0.0006345673659886075,0.0006088594970111198,0.0005842108551153303,0.0005605769995963744,0.0005379153900842568,0.0005161853036843077,0.0004953477558016627,0.000475365424482823,0.0004562025781150531,0.000437825006331715,0.0004201999539786383,0.0004032960580032982,0.0003870832871349299,0.000371532884229756,0.0003566173111613123,0.0003423101961413194,0.0003285862833618442,0.0003154213848544613
76.5,0.003436167526820622,0.003291068412032254,0.003152250198676903,0.003019433956901086,0.002892353465274208,0.002770754617199079,0.002654394855706417,0.002543042635246301,0.00243647690915892,0.00233448664157225,0.0022368703425369,0.002143435625267167,0.002053998784413786,0.001968384394346855,0.001886424926478332,0.001807960384701254,0.001732837958068706,0.001660911689878761,0.001592042162372787,0.001526096196293657,0.00146294656458749,0.001402471719567722,0.001344555532894006,0.001289087047749989,0.001235960242634491,0.001185073806209101,0.001136330922672637,0.001089639067158749,0.001044909810677596,0.001002058634145893,0.0009610047510719015,0.0009216709384830016,0.0008839833757036138,0.0008478714906102689,0.000813267813008787,0.0007801078347957508,0.0007483298765828185,0.0007178749604780272,0.0006886866887330123,0.0006607111279791157,0.0006338966987888022,0.0006081940703114453,0.0005835560597446577,0.0005599375364138631,0.0005372953302437053,0.000515588144415286,0.0004947764720131312,0.0004748225164751607,0.0004556901156678834,0.0004373446694175549,0.0004197530703360988,0.0004028836377883112,0.0003867060548541627,0.0003711913081469896,0.0003563116303549848,0.0003420404453796895,0.0003283523159512001,0.0003152228936054911,0.0003026288709146904,0.0002905479358663163
77.5,0.003152132295786481,0.00301833135676581,0.002890394309820555,0.002768055516897766,0.002651061777193411,0.002539171726097297,0.002432155264051987,0.002329793013796918,0.002231875804548726,0.00213820418174482,0.002048587941048511,0.001962845685382296,0.00188080440381985,0.001802299071228196,0.001727172267609204,0.001655273816143974,0.001586460438995413,0.001520595429973195,0.001457548343211603,0.001397194697054664,0.001339415692384503,0.001284097944668279,0.001231133229036272,0.001180418237739116,0.001131854349365557,0.001085347409233922,0.001040807520400439,0.0009981488447561295,0.0009572894137108916,0.0009181509479890416,0.0008806586860847577,0.0008447412209489153,0.0008103303445005074,0.0007773608995765709,0.0007457706389540364,0.0007155000910955237,0.0006864924322886982,0.0006586933648654552,0.0006320510012030477,0.0006065157532242676,0.0005820402271280193,0.0005585791230951038,0.0005360891397268612,0.0005145288829864357,0.0004938587794239494,0.0004740409934778079,0.0004550393486547188,0.0004368192524008404,0.0004193476244858199,0.0004025928287303215,0.0003865246079160666,0.0003711140217253804,0.0003563333875647982,0.0003421562241344933,0.0003285571976120983,0.000315512070325958,0.0003029976517990272,0.0002909917520504429,0.0002794731370473463,0.0002684214862048093
78.5,0.002860893476553905,0.002739246707861632,0.002622990151321778,0.00251187450584578,0.002405662500405151,0.00230412828975553,0.002207056881641907,0.002114243593791228,0.002025493539092344,0.00194062113745153,0.001859449652895382,0.001781810754571388,0.001707544100370907,0.001636496941969175,0.001568523750143188,0.001503485859290621,0.001441251130131928,0.00138169362963323,0.001324693327240181,0.001270135806562471,0.001217911991695421,0.001167917887409285,0.001120054332478552,0.001074226765462933,0.001030345002288924,0.0009883230250159109,0.0009480787812040386,0.0009095339933323108,0.0008726139777450979,0.0008372474726331289,0.0008033664745815221,0.0007709060832423697,0.0007398043537129996,0.0007100021562233544,0.0006814430427570152,0.0006540731202503263,0.0006278409300329145,0.0006026973331907574,0.0005785954015497238,0.0005554903139935146,0.0005333392578449569,0.0005121013350538545,0.0004917374729480839,0.0004722103393173617,0.0004534842616111773,0.0004355251500437857,0.0004183004244099493,0.0004017789444253373,0.0003859309434151548,0.0003707279651837186,0.0003561428039063544,0.0003421494468931972,0.0003287230200822202,0.0003158397361261751,0.0003034768449450735,0.000291612586622433,0.0002802261465297402,0.0002692976125695016,0.0002588079344328317,0.0002487388847728448
79.5,0.00256325492810342,0.00245449815137281,0.002350609439355217,0.002251358415559041,0.002156526216763628,0.002065904887814072,0.001979296809687306,0.001896514158928464,0.001817378396668713,0.001741719785541085,0.001669376932910014,0.001600196358923242,0.001534032087982123,0.001470745262308665,0.001410203776364674,0.001352281930951041,0.001296860105883379,0.001243824450204312,0.001193066588953045,0.001144483345569487,0.001097976479063479,0.001053452435129905,0.00101082211043744,0.0009700006293632059,0.0009309071324872328,0.0008934645761998678,0.000857599542812264,0.0008232420605948007,0.0007903254332009925,0.0007587860779652703,0.000728563372591958,0.0006995995097800952,0.0006718393593544105,0.0006452303374969966,0.0006197222826969483,0.000595267338056778,0.0005718198396145504,0.000549336210359785,0.0005277748596390865,0.0005070960876643906,0.0004872619948526243,0.0004682363957406348,0.0004499847372333463,0.0004324740209565063,0.0004156727294979173,0.0003995507563329542,0.0003840793392413137,0.0003692309970325529,0.0003549794694078602,0.0003412996597949522,0.0003281675810018206,0.0003155603035434078,0.0003034559065032081,0.0002918334307992029,0.0002806728347306013,0.0002699549516884607,0.0002596614499195601,0.0002497747942387788,0.0002402782095908621,0.0002311556463676872
80.5,0.002260541059636024,0.002165233135768655,0.002074235160700024,0.001987337515018531,0.001904341514569252,0.001825058802781228,0.001749310778648684,0.001676928058176978,0.001607749967243651,0.001541624063955299,0.001478405688702912,0.001417957540232061,0.001360149276150856,0.001304857136397927,0.001251963588285752,0.00120135699182153,0.001152931284089136,0.001106585681551647,0.00106222439920512,0.001019756385580754,0.0009790950726548352,0.0009401581397840912,0.0009028672908385931,0.0008671480437553403,0.0008329295317834336,0.0008001443157364327,0.000768728206609392,0.0007386200979572322,0.0007097618074679045,0.0006820979271981094,0.0006555756819716659,0.0006301447954707696,0.0006057573635787186,0.0005823677345592061,0.0005599323956821704,0.0005384098659295128,0.000517760594435857,0.0004979468643400711,0.0004789327017424765,0.0004606837894807619,0.0004431673854545328,0.0004263522452443478,0.0004102085487860052,0.0003947078308748574,0.0003798229152880794,0.0003655278523251777,0.0003517978595786206,0.0003386092657573699,0.0003259394573963346,0.0003137668282943759,0.0003020707315325573,0.0002908314339327971,0.0002800300728251015,0.0002696486149990449,0.0002596698177222374,0.000250077191715159,0.0002408549659779883,0.0002319880543709351,0.0002234620238551145,0.0002152630643062062
81.5,0.001954724848306009,0.001873184238109238,0.001795376590227378,0.001721113778351025,0.001650218050601953,0.00158252141089778,0.001517865039670107,0.001456098751298172,0.001397080485804499,0.001340675832530201,0.001286757583666291,0.001235205315664736,0.001185904996689712,0.001138748618396397,0.001093633850442559,0.001050463716247565,0.001009146288615085,0.0009695944039302072,0.0009317253937293532,0.000895460832522947,0.0008607263008265428,0.0008274511624265356,0.0007955683549721027,0.0007650141930459254,0.0007357281829228674,0.0007076528482785467,0.0006807335661587344,0.0006549184125661926,0.0006301580170640588,0.0006064054258344194,0.0005836159726676106,0.0005617471573920371,0.0005407585312863424,0.0005206115890455071,0.0005012696669002316,0.0004826978465148556,0.0004648628643131757,0.0004477330259040588,0.000431278125299711,0.0004154693686390623,0.0004002793021470097,0.0003856817440772927,0.0003716517204027265,0.0003581654040313699,0.0003452000573410885,0.0003327339778379536,0.0003207464467560294,0.0003092176804274204,0.0002981287842620494,0.0002874617091865151,0.000277199210400648,0.0002673248083190229,0.0002578227515727938,0.0002486779819547892,0.0002398761011978866,0.0002314033394833449,0.0002232465255819551,0.0002153930585367193,0.0002078308808012009,0.000200548452752798
82.5,0.001648599623890031,0.00158083629988334,0.001516231806191201,0.001454618754129571,0.001395839709212818,0.001339746540318077,0.001286199814697162,0.001235068235413142,0.001186228118046143,0.00113956290375882,0.001094962706037862,0.001052323888635659,0.001011548672427224,0.0009725447690732583,0.0009352250395418495,0.0008995071756900653,0.0008653134032436637,0.0008325702046391967,0.0008012080603089245,0.0007711612070958531,0.0007423674125848575,0.000714767764226569,0.0006883064722145163,0.0006629306851531944,0.0006385903176259288,0.0006152378888371321,0.0005928283715641759,0.0005713190507100398,0.0005506693907996245,0.0005308409118102801,0.0005117970727712603,0.0004935031626074823,0.0004759261977406994,0.0004590348259959514,0.0004427992363934054,0.0004271910744354559,0.0004121833625265376,0.0003977504251886025,0.0003838678187588457,0.0003705122652781313,0.0003576615902988442,0.0003452946643596615,0.0003333913478921581,0.0003219324393402782,0.0003108996262886956,0.0003002754394099471,0.0002900432090531314,0.0002801870243088979,0.0002706916943965877,0.0002615427122296642,0.0002527262200251912,0.0002442289768319892,0.0002360383278603987,0.0002281421755042605,0.0002205289519528946,0.0002131875932975088,0.0002061075150426755,0.0001992785889392796,0.0001926911210607114,0.0001863358310490967
83.5,0.001345979143523015,0.001291627268456101,0.001239888909936809,0.001190614679424282,0.001143665063877636,0.001098909696617199,0.001056226686586959,0.001015502001047584,0.0009766288971725023,0.0009395073984218618,0.0009040438119343043,0.0008701502835080916,0.000837744387044287,0.0008067487455984254,0.0007770906814357939,0.0007487018927116955,0.0007215181546037196,0.0006954790429102529,0.0006705276782997667,0.0006466104895505487,0.0006236769942617586,0.0006016795956453923,0.0005805733941259999,0.0005603160125819506,0.0005408674341595332,0.0005221898516801602,0.0005042475277421172,0.0004870066646924916,0.0004704352837125317,0.0004545031123216423,0.0004391814796616928,0.0004244432189750497,0.000410262576737018,0.0003966151279466442,0.0003834776971194371,0.0003708282845618398,0.0003586459975404882,0.0003469109859897534,0.0003356043824289677,0.0003247082457863327,0.0003142055088499897,0.0003040799290882839,0.0002943160426010521,0.0002848991209819362,0.0002758151308884231,0.0002670506961316778,0.0002585930621123447,0.0002504300624414953,0.0002425500875978439,0.0002349420554833688,0.0002275953837496116,0.0002204999637762724,0.0002136461361923307,0.0002070246678378584,0.0002006267300720253,0.000194443878339557,0.0001884680329141455,0.0001826914607430829,0.0001771067583227168,0.0001717068355392517
84.5,0.001051925078061875,0.001010184167936658,0.0009705697613672724,0.0009329450207581827,0.0008971836060609679,0.0008631687672641754,0.000830792521994647,0.0007999549097676306,0.0007705633153024315,0.0007425318541052342,0.0007157808142214033,0.0006902361486854228,0.0006658290137558182,0.0006424953485222569,0.000620175491919069,0.0005988138335793638,0.0005783584953218344,0.000558761040383003,0.0005399762077947027,0.0005219616695640814,0.0005046778085441294,0.0004880875150898296,0.0004721560007808142,0.0004568506276583083,0.0004421407515740153,0.0004279975783833585,0.0004143940318366339,0.0004013046321306421,0.0003887053841814963,0.0003765736747676295,0.0003648881777716966,0.0003536287668217771,0.0003427764346970713,0.0003323132189216575,0.0003222221330226496,0.0003124871029767089,0.000303092908411943,0.0002940251281711465,0.0002852700898775684,0.0002768148231762798,0.0002686470163530909,0.0002607549760591394,0.0002531275898929947,0.0002457542916136471,0.0002386250287772873,0.0002317302326085202,0.0002250607899327665,0.0002186080170112743,0.0002123636351334726,0.0002063197478335378,0.000200468819609089,0.0001948036560299789,0.0001893173851343298,0.0001840034400173241,0.0001788555425258917,0.0001738676879794059,0.00016903413084287,0.0001643493712848898,0.0001598081425580574,0.0001554053991442314
85.5,0.0007729076101578806,0.0007425091012630214,0.0007138402723742194,0.000686767315487746,0.0006611689809884093,0.0006369352569469993,0.0006139661977548098,0.0005921708843169614,0.0005714665002280435,0.0005517775102740195,0.0005330349292800857,0.000515175670787452,0.0004981419663203457,0.0004818808471220825,0.0004663436812164753,0.0004514857595063944,0.0004372659253704824,0.0004236462428755518,0.0004105916992978665,0.000398069938151593,0.0003860510193661526,0.0003745072036437708,0.0003634127583709977,0.0003527437827592205,0.0003424780501543795,0.0003325948656896665,0.0003230749376608766,0.0003139002611856684,0.0003050540128682595,0.0002965204553326628,0.0002882848506126452,0.0002803333814972901,0.000272653080028936,0.000265231762437041,0.0002580579698683691,0.0002511209143420965,0.0002444104294189382,0.0002379169251271491,0.0002316313467360257,0.0002255451370100187,0.0002196502016143907,0.0002139388773770387,0.0002084039031411217,0.0002030383929699276,0.0001978358114893095,0.0001927899511743881,0.0001878949114063031,0.0001831450791418789,0.0001785351110543568,0.0001740599170170481,0.0001697146448140392,0.0001654946659731061,0.00016139556262588,0.0001574131153092004,0.0001535432916295893,0.0001497822357199627,0.0001461262584241835,0.0001425718281508928,0.000139115562343315,0.0001357542195164984
86.5,0.0005168139825180269,0.0004960371574318438,0.0004767170488416856,0.0004587060514077634,0.0004418744370126934,0.0004261079817076098,0.0004113059263652594,0.0003973792220661823,0.0003842490186838869,0.0003718453614112836,0.0003601060652699467,0.0003489757421221588,0.000338404958493475,0.0003283495057202088,0.0003187697666533029,0.0003096301654544022,0.0003008986889760205,0.0002925464698797358,0.0002845474230598191,0.0002768779281428992,0.0002695165518595143,0.0002624438049577674,0.000255641929075742,0.0002490947096271784,0.0002427873113004811,0.0002367061332382098,0.0002308386813645005,0.0002251734556712405,0.0002196998505686653,0.0002144080666594582,0.0002092890325134624,0.0002043343352078607,0.0001995361585595408,0.000194887228115999,0.0001903807620917679,0.0001860104275416197,0.000181770301152059,0.0001776548341107657,0.0001736588205814568,0.0001697773693704453,0.0001660058784223025,0.0001623400118264673,0.0001587756790553451,0.0001553090161881484,0.0001519363689041448,0.0001486542770546416,0.000145459460645484,0.0001423488070814622,0.0001393193595412186,0.0001363683063663069,0.0001334929713612718,0.0001306908049132393,0.0001279593758496997,0.0001252963639621631,0.0001226995531312737,0.0001201668249959493,0.0001176961531152808,0.0001152855975773611,0.0001129333000140399,0.0001106374789848601
87.5,0.000303007236354833,0.0002897871654159312,0.0002778844806446655,0.000267108862231931,0.0002573013643839732,0.0002483289019322682,0.0002400797480353379,0.0002324598511379748,0.0002253898168344332,0.0002188024302466304,0.000212640618519074,0.0002068557722687084,0.0002014063602754492,0.0001962567841228988,0.0001913764295056833,0.0001867388789924492,0.000182321257555643,0.0001781036874566181,0.0001740688333514365,0.000170201521953899,0.0001664884234139413,0.0001629177838665649,0.0001594792004792659,0.0001561634318551431,0.000152962237899382,0.000149868244280933,0.0001468748274611565,0.0001439760169511271,0.0001411664120267723,0.0001384411105985116,0.0001357956483176946,0.0001332259463207296,0.000130728266275363,0.0001282991716119384,0.0001259354940036265,0.0001236343043101594,0.0001213928873248276,0.0001192087197688724,0.0001170794510644751,0.0001150028864903116,0.0001129769723845372,0.0001109997831110973,0.0001090695095480934,0.0001071844488929376,0.0001053429956093361,0.0001035436333667006,0.0001017849278441612,0.0001000655202896033,9.838412173962054e-05,9.673950781937775e-05,9.513051405254049e-05,9.355603162090793e-05,9.20150035214842e-05,9.050642107563222e-05,8.902932075087157e-05,8.758278126095144e-05,8.616592091418489e-05,8.47778951837755e-05,8.341789447709976e-05,8.208514208369077e-05
88.5,0.0001657972751543812,0.0001583222426504206,0.0001519862811601767,0.0001465434704918624,0.0001418064729137325,0.0001376318691888812,0.0001339092953761706,0.0001305533666633247,0.0001274976517962321,0.0001246901613541975,0.0001220899573767692,0.0001196645963947541,0.0001173881939298808,0.0001152399539696662,0.0001132030474917114,0.0001112637538894473,0.0001094108010776946,0.0001076348562516151,0.000105928131271502,0.0001042840755627315,0.0001026971360666402,0.0001011625687469565,9.967628988208113e-05,9.823475817522408e-05,9.683488082742029e-05,9.54739383167055e-05,9.414952383913243e-05,9.285949428968897e-05,9.160193036497272e-05,9.037510390807021e-05,8.917745102948471e-05,8.800754985623266e-05,8.686410200701469e-05,8.574591708177859e-05,8.465189960197596e-05,8.358103795320251e-05,8.253239497219024e-05,8.150509989099482e-05,8.049834140705646e-05,7.951136169197484e-05,7.854345118687142e-05,7.759394406014243e-05,7.666221422572756e-05,7.574767183795569e-05,7.484976019348241e-05,7.396795298253906e-05,7.310175184122539e-05,7.225068416434601e-05,7.141430114465467e-05,7.059217600961322e-05,6.978390243110529e-05,6.89890930871394e-05,6.820737835757671e-05,6.743840513842678e-05,6.668183576136679e-05,6.59373470069139e-05,6.520462920119713e-05,6.448338538754562e-05,6.377333056521401e-05,6.307419098849855e-05
89.5,5.480653459389596e-05,5.271975992870657e-05,5.117710528816567e-05,4.998422474901804e-05,4.902249690917934e-05,4.821816696822263e-05,4.752442449562858e-05,4.69108863692815e-05,4.635735359162408e-05,4.585005728427935e-05,4.537936915536867e-05,4.493838328130637e-05,4.452202273956019e-05,4.412646669821703e-05,4.374877605360765e-05,4.338664402917894e-05,4.303822673647947e-05,4.270202579425939e-05,4.237680544409695e-05,4.206153293692431e-05,4.175533489856921e-05,4.145746485938587e-05,4.116727871578479e-05,4.08842159182064e-05,4.060778485642781e-05,4.033755136551613e-05,4.007312958302083e-05,3.981417459980776e-05,3.956037649506174e-05,3.931145545100041e-05,3.906715771827755e-05,3.8827252257918e-05,3.859152792599224e-05,3.835979109726733e-05,3.813186364664069e-05,3.790758122428832e-05,3.768679177357219e-05,3.74693542508798e-05,3.725513751445414e-05,3.704401935545402e-05,3.683588564937272e-05,3.66306296098282e-05,3.642815112984989e-05,3.622835619829255e-05,3.603115638103923e-05,3.583646835830835e-05,3.564421351073685e-05,3.545431754802608e-05,3.526671017486109e-05,3.508132478958142e-05,3.489809821172178e-05,3.471697043508054e-05,3.453788440342415e-05,3.43607858063214e-05,3.418562289292433e-05,3.401234630178969e-05,3.384090890507395e-05,3.367126566563472e-05,3.350337350574895e-05,3.333719118630822e-05
