0.5,0.0141775126630778,0.0005489381427421515,2.125498061024321e-05,8.23023054966758e-07,3.186965160263976e-08,1.23411803888896e-09,4.779144891527089e-11,1.850793004654484e-12,7.167697991051848e-14,2.775976501614176e-15,1.075142804707508e-16,4.164192914764705e-18,1.612909093413214e-19,6.247457949315293e-21,2.419976977768485e-22,9.374186900107889e-24,3.631370004652571e-25,1.406766295498909e-26,5.449893358932341e-28,2.111391111666273e-29,8.1802023383878e-31,3.169378539113415e-32,1.228001580529358e-33,4.758154296456716e-35,1.843711373447913e-36,7.144341439431256e-38,2.768511665407782e-39,1.072865887045863e-40,4.157760534202836e-42,1.611344864120503e-43,6.245001536857221e-45,2.420425147486568e-46,9.381361083204485e-48,3.636262004331821e-49,1.40948232965255e-50,5.463604897131933e-52,2.117942417487507e-53,8.210398822052083e-55,3.182948637894697e-56,1.233986215256273e-57,4.784166820745559e-59,1.854887942121221e-60,7.191913002635712e-62,2.788602313196897e-63,1.081294958972961e-64,4.192926370379007e-66,1.625944741481366e-67,6.305359315179063e-69,2.445284727303708e-70,9.483411396909622e-72,3.678030531919005e-73,1.426532515723054e-74,5.533037942913573e-76,2.146155922322829e-77,8.324814484596489e-79,3.22926397750925e-80,1.252703360500602e-81,4.859691121381427e-83,1.885318978639867e-84,7.314367528014039e-86
1.5,0.01415531521950819,0.0005480637721158944,2.122054777840304e-05,8.216674329823581e-07,3.181629391001768e-08,1.232018365403777e-09,4.770884392070892e-11,1.847543897460114e-12,7.154921012135141e-14,2.770953054984781e-15,1.073168165222743e-16,4.156432426321165e-18,1.609859736949322e-19,6.235478197977583e-21,2.415271428312917e-22,9.355707061624226e-24,3.624113732664145e-25,1.403917517151369e-26,5.438710944696315e-28,2.10700230646793e-29,8.162979974122162e-31,3.162621182719383e-32,1.225350638392801e-33,4.747755938716438e-35,1.839633140824656e-36,7.128348674362828e-38,2.762240893898732e-39,1.070407412429294e-40,4.148123148530044e-42,1.607567377949278e-43,6.230196892188368e-45,2.414623573484164e-46,9.358628558809157e-48,3.627355553522742e-49,1.405993192697475e-50,5.44993740559022e-52,2.112589159823526e-53,8.189433233192242e-55,3.174738384138919e-56,1.230771313730546e-57,4.771579268108099e-59,1.849959855010145e-60,7.172620889656189e-62,2.78105058366992e-63,1.078339131332564e-64,4.181357827841076e-66,1.621417373010315e-67,6.287642671327421e-69,2.438352285539936e-70,9.456286950122358e-72,3.667418314619043e-73,1.422380847447649e-74,5.51679700580171e-76,2.139803021217979e-77,8.299965634255189e-79,3.219545140271053e-80,1.248902370640421e-81,4.844826492163423e-83,1.879506157279722e-84,7.291637710890963e-86
2.5,0.014111019411842,0.0005463215908798979,2.115204173521046e-05,8.189742094678515e-07,3.171043513850079e-08,1.227858348588149e-09,4.754539583859276e-11,1.841123178163094e-12,7.129703098928956e-14,2.761050241347506e-15,1.069280092693548e-16,4.141169472138911e-18,1.60386909386223e-19,6.21196883174572e-21,2.40604692531499e-22,9.319517653223777e-24,3.60991798584046e-25,1.398349827808615e-26,5.416876939828828e-28,2.098441097930775e-29,8.129415367331546e-31,3.149463652989492e-32,1.220193427339535e-33,4.727544157536398e-35,1.831712783957864e-36,7.097314750784004e-38,2.750082347752203e-39,1.065644409576105e-40,4.129466422376068e-42,1.60026025251508e-43,6.201580471577434e-45,2.403417776818346e-46,9.31475227199868e-48,3.610177352228139e-49,1.399268272132137e-50,5.423612961461257e-52,2.102285423442686e-53,8.149106353520895e-55,3.158956469266697e-56,1.224595548332252e-57,4.747414162645508e-59,1.840505015033314e-60,7.135630576977468e-62,2.766579839010418e-63,1.072678517581417e-64,4.159216349593486e-66,1.612757314675746e-67,6.253773327494001e-69,2.425106883740608e-70,9.404490918119992e-72,3.647164751564526e-73,1.414461661300134e-74,5.485834621482811e-76,2.127698056772204e-77,8.252643050802881e-79,3.201046078780826e-80,1.241671213969718e-81,4.816561871583811e-83,1.868458852436644e-84,7.24846117760843e-86
3.5,0.01404471481914202,0.0005437205170408066,2.105001902308057e-05,8.149731226658911e-07,3.155354423981253e-08,1.221707176541363e-09,4.73042610005563e-11,1.831671573160272e-12,7.092660948962002e-14,2.746534698815387e-15,1.063592634471044e-16,4.118887564350172e-18,1.5951406458135e-19,6.177780851004363e-21,2.392657472082413e-22,9.267084451380312e-24,3.589387218033865e-25,1.390311598796746e-26,5.385408661011182e-28,2.086122988474494e-29,8.081201210633307e-31,3.13059393114902e-32,1.212808984071058e-33,4.698648521658806e-35,1.820406760975553e-36,7.053081238207922e-38,2.73277789903594e-39,1.058875329067553e-40,4.102989473731106e-42,1.589904699958967e-43,6.161081272227591e-45,2.387580222451846e-46,9.252822567937272e-48,3.585962615063906e-49,1.38980086556613e-50,5.386600034002657e-52,2.08781612105792e-53,8.092545742928779e-55,3.136848263408685e-56,1.215954501017772e-57,4.713642434700457e-59,1.827306814448634e-60,7.084054153447647e-62,2.746425745071511e-63,1.06480350284931e-64,4.128447165152814e-66,1.600735844906925e-67,6.206808084619781e-69,2.406759530094771e-70,9.332819075389583e-72,3.619168337999544e-73,1.403526244960826e-74,5.443122835926952e-76,2.111016368724531e-77,8.187493339294402e-79,3.175603238470735e-80,1.23173548738244e-81,4.777763369542085e-83,1.853308877860216e-84,7.189306268272524e-86
4.5,0.01395656108966803,0.0005402749102655022,2.091535250492441e-05,8.097102475380193e-07,3.134788102674534e-08,1.213670789070083e-09,4.699025612801561e-11,1.819403291851857e-12,7.044731391529156e-14,2.727810812853092e-15,1.056278516897337e-16,4.090318122192872e-18,1.583981885857857e-19,6.134199074763291e-21,2.375637094639558e-22,9.200616980271565e-24,3.563431965395954e-25,1.380176734970312e-26,5.345836703676739e-28,2.070672774546944e-29,8.0208815074586e-31,3.10704549881666e-32,1.203616280120091e-33,4.662764313382441e-35,1.806399841632459e-36,6.998409688413646e-38,2.711439591723877e-39,1.050547368026915e-40,4.070488389400728e-42,1.577221239428489e-43,6.111586570720382e-45,2.36826672277582e-46,9.177461882713851e-48,3.556558334137934e-49,1.378328356461192e-50,5.341840182695368e-52,2.070353819578148e-53,8.024422205596956e-55,3.110273096889928e-56,1.205587858577695e-57,4.673204982438341e-59,1.81153385430371e-60,7.022532699761564e-62,2.722430558253106e-63,1.055445007219805e-64,4.091948876814419e-66,1.586501952201288e-67,6.15129954637448e-69,2.385113364304954e-70,9.248410333941992e-72,3.586254442391226e-73,1.390692401849643e-74,5.39308253720968e-76,2.091505844499602e-77,8.111424987871116e-79,3.145946374225243e-80,1.220173493172012e-81,4.732689308472967e-83,1.8357374449865e-84,7.120808829142324e-86
5.5,0.013846828050113,0.0005360061530536249,2.074929359573785e-05,8.032504413024181e-07,3.109659213546497e-08,1.203895637941438e-09,4.661000547790051e-11,1.804611777247649e-12,6.987193833411371e-14,2.705429466590546e-15,1.047572552508089e-16,4.056453723620316e-18,1.570809466530924e-19,6.082962118032436e-21,2.355707585507902e-22,9.123098496166421e-24,3.533280443995551e-25,1.36844915572749e-26,5.300222236953826e-28,2.052931214641024e-29,7.951877252786746e-31,3.080207217808849e-32,1.193178018626342e-33,4.62216710331984e-35,1.790610695871719e-36,6.937003039797875e-38,2.687557830051851e-39,1.041259598873284e-40,4.034368165208233e-42,1.56317424801675e-43,6.056959245912601e-45,2.3470230225037e-46,9.094849738826647e-48,3.524432753009062e-49,1.365835799449127e-50,5.293261603371016e-52,2.051463849326358e-53,7.950969025377668e-55,3.081711487984163e-56,1.194482122855442e-57,4.630022811835383e-59,1.794743729094774e-60,6.95725037760253e-62,2.697048355590548e-63,1.045576421177681e-64,4.053580597406867e-66,1.571584957431921e-67,6.09330571202273e-69,2.362567149912868e-70,9.160759387378651e-72,3.55217985522206e-73,1.377446075463439e-74,5.341589204938363e-76,2.071488932670805e-77,8.033615326779162e-79,3.115700915783032e-80,1.208417025626382e-81,4.686992761619928e-83,1.817975946780421e-84,7.051774468076844e-86
6.5,0.01371577644044995,0.0005309380274613404,2.055329309382052e-05,7.95670401994983e-07,3.080344217579753e-08,1.192558277127056e-09,4.61715379028314e-11,1.78765411381599e-12,6.921609942484542e-14,2.68006471563505e-15,1.037762622822628e-16,4.018513257700485e-18,1.556135737420646e-19,6.026210401848234e-21,2.33375843326429e-22,9.038208535797589e-24,3.500448672941528e-25,1.355751274671545e-26,5.251112600433836e-28,2.033937922183736e-29,7.878420554529994e-31,3.0517979724102e-32,1.182190878461814e-33,4.579675235548149e-35,1.774177475597928e-36,6.873450233677688e-38,2.662980116600077e-39,1.031754811740857e-40,3.997611427496438e-42,1.548959975653358e-43,6.00199188719822e-45,2.325767239380645e-46,9.01265561135271e-48,3.492649720764146e-49,1.353546131828316e-50,5.245741802172723e-52,2.033090084699768e-53,7.879927854171001e-55,3.054244573873782e-56,1.183862801392055e-57,4.58896742551127e-59,1.778871814533172e-60,6.895892038325623e-62,2.67332903343629e-63,1.036407576299073e-64,4.018139275514597e-66,1.557886004371645e-67,6.040358115679138e-69,2.342103375665669e-70,9.081672400693681e-72,3.521616340286832e-73,1.365635265080751e-74,5.295950495439091e-76,2.053854423211266e-77,7.965480545259628e-79,3.089377098205201e-80,1.19824745918915e-81,4.647707596882508e-83,1.80280103120678e-84,6.993161392013971e-86
7.5,0.01356375041086218,0.000525100323651242,2.03291423213999e-05,7.87064202688299e-07,3.047303125644865e-08,1.179873932581666e-09,4.568462521870658e-11,1.768964415469352e-12,6.849876723201163e-14,2.652534867921199e-15,1.02719806477682e-16,3.97797534135941e-18,1.540582079439632e-19,5.966539429709421e-21,2.310868133626191e-22,8.95040825123124e-24,3.466774675988821e-25,1.342837718426821e-26,5.201596371115354e-28,2.014953482554794e-29,7.805643509336315e-31,3.023902398709523e-32,1.171499882911032e-33,4.538707627668511e-35,1.75848107045441e-36,6.813319797713062e-38,2.639948714803944e-39,1.022934672447414e-40,3.96383943952539e-42,1.536031097602286e-43,5.952505601349299e-45,2.306829623251101e-46,8.940198895381936e-48,3.464933044154013e-49,1.342946056970351e-50,5.20521168321395e-52,2.017596793614513e-53,7.820716935590816e-55,3.031621716856102e-56,1.175221570820915e-57,4.555969935643167e-59,1.766275086311835e-60,6.847819150501639e-62,2.654988922229452e-63,1.029413081609387e-64,3.991473374007809e-66,1.547723652708476e-67,6.001644637785405e-69,2.327361536952013e-70,9.025560687453399e-72,3.500268295737405e-73,1.357517154109452e-74,5.265094962502625e-76,2.04213299950679e-77,7.920978078165894e-79,3.072490957731815e-80,1.191844151338743e-81,4.623442059317379e-83,1.793612004035523e-84,6.958389824247974e-86
8.5,0.01339111379429031,0.0005185264205606375,2.007888221610963e-05,7.775399137307061e-07,3.011067106650405e-08,1.166092023000542e-09,4.516062317399276e-11,1.749048305744659e-12,6.774207925114644e-14,2.623796483232596e-15,1.016287858453695e-16,3.936573465094363e-18,1.524877934273109e-19,5.906999828259695e-21,2.288305784741795e-22,8.864953126538566e-24,3.434426102842209e-25,1.330599386493665e-26,5.15532362822307e-28,1.997469157605006e-29,7.739623355664106e-31,2.99899145133564e-32,1.162107615451649e-33,4.503324531615032e-35,1.745162945534392e-36,6.763237219607514e-38,2.621133960474913e-39,1.015873972080814e-40,3.93737271688128e-42,1.526122373095435e-43,5.915458155331073e-45,2.29299795843998e-46,8.88863885960655e-48,3.445745710331434e-49,1.335818990919727e-50,5.178792207461439e-52,2.00782518662892e-53,7.784664589057276e-55,3.018356710994026e-56,1.170355843950133e-57,4.538183507283855e-59,1.759798702640702e-60,6.824342293348174e-62,2.646522146967932e-63,1.02637777250381e-64,3.980668124340872e-66,1.543909299851926e-67,5.98831622257587e-69,2.322762736271289e-70,9.009946377220325e-72,3.495077774467831e-73,1.355841159549349e-74,5.25990818464499e-76,2.040633168509745e-77,7.917155880960737e-79,3.071786121523453e-80,1.191873934812916e-81,4.624739628074472e-83,1.794576241943475e-84,6.963927606738055e-86
9.5,0.01319828804520327,0.0005112547626822159,1.980486255766848e-05,7.672220430417524e-07,2.972248769558045e-08,1.151500566298547e-09,4.461266253169357e-11,1.728491264406697e-12,6.697170637093289e-14,2.594960434211492e-15,1.005507670336375e-16,3.896326815009787e-18,1.50987425315288e-19,5.851155829774073e-21,2.267556425587835e-22,8.788002348127817e-24,3.405947260742181e-25,1.320083601564613e-26,5.116591978736293e-28,1.983243486251648e-29,7.687537688217802e-31,2.979988022415081e-32,1.155201879605698e-33,4.478343802169806e-35,1.736173886616513e-36,6.731088802846507e-38,2.609719315670198e-39,1.01185603503334e-40,3.923378122845265e-42,1.521311632035031e-43,5.899196357285992e-45,2.28762182112613e-46,8.871404604399399e-48,3.440466919141128e-49,1.334317843940778e-50,5.175093182402579e-52,2.007215911362818e-53,7.785510746155151e-55,3.019932875215467e-56,1.171452539585306e-57,4.544325129910008e-59,1.762915293738857e-60,6.839288251928506e-62,2.653431285210412e-63,1.029490439887236e-64,3.994426059110796e-66,1.549901541592143e-67,6.014112518271761e-69,2.333763062228646e-70,9.056487804082857e-72,3.514639143364337e-73,1.364016500266352e-74,5.293909473554824e-76,2.054714367201662e-77,7.975253952744216e-79,3.095677821515061e-80,1.201669992923425e-81,4.664799235099646e-83,1.810919025078539e-84,7.030455954489704e-86
10.5,0.01298571863769869,0.000503327623126679,1.950969958380355e-05,7.562502264297947e-07,2.931538836272442e-08,1.13642574640705e-09,4.405567242127605e-11,1.707961359302959e-12,6.621704011889016e-14,2.567302728974266e-15,9.954055904089858e-17,3.8595691135541e-18,1.496557479362651e-19,5.803151289172269e-21,2.25035157800016e-22,8.72675783961517e-24,3.384321577315619e-25,1.312521864685763e-26,5.090468741416772e-28,1.974355642528447e-29,7.657895851770533e-31,2.970366673985132e-32,1.152198450858816e-33,4.469523270458229e-35,1.733851458384146e-36,6.726349350159696e-38,2.609539495820917e-39,1.012430752182107e-40,3.928111957244203e-42,1.52412131776874e-43,5.913879134426763e-45,2.294788436777175e-46,8.90492442406691e-48,3.455693962552825e-49,1.341089727426502e-50,5.204727504176185e-52,2.020020748869825e-53,7.840277056168045e-55,3.043160148098726e-56,1.181234429948511e-57,4.585274594931722e-59,1.779969806739698e-60,6.909999684588489e-62,2.682635057572023e-63,1.041509919184049e-64,4.043742954026261e-66,1.570080997888299e-67,6.096478238973766e-69,2.367306665009389e-70,9.192816770421418e-72,3.569943513787683e-73,1.386413597330539e-74,5.384471269665267e-76,2.091279955049753e-77,8.122696125677979e-79,3.155057098065158e-80,1.225556363095029e-81,4.760783887406986e-83,1.849450962124685e-84,7.184994012573258e-86
11.5,0.01275388133605554,0.0004947913800518372,1.919629286974204e-05,7.447803113906693e-07,2.889712753240962e-08,1.121235702304597e-09,4.350658616591939e-11,1.688219957285318e-12,6.551173128133826e-14,2.542290860318571e-15,9.866147352930014e-17,3.829007788385776e-18,1.486076895252406e-19,5.767834407664584e-21,2.238725483790227e-22,8.689715328871801e-24,3.373082719084243e-25,1.309378659547596e-26,5.083003847237355e-28,1.973297747125751e-29,7.660937015071128e-31,2.974324454185869e-32,1.154814047637591e-33,4.483871199532433e-35,1.741051595916069e-36,6.760638026653717e-38,2.625314535030349e-39,1.019512855101367e-40,3.959331455235727e-42,1.53769035998196e-43,5.972193727685242e-45,2.319620468247298e-46,9.009861462647497e-48,3.4997539740438e-49,1.359487515850058e-50,5.281184299062729e-52,2.051662396956264e-53,7.970747172664358e-55,3.096783271758326e-56,1.20320968144341e-57,4.675097073218511e-59,1.816598036599944e-60,7.059046169189672e-62,2.743167080233316e-63,1.066050149679017e-64,4.143069594103088e-66,1.610223348289486e-67,6.258487490823042e-69,2.432607908557948e-70,9.455715038950915e-72,3.675667773327792e-73,1.428886774952641e-74,5.554937163846017e-76,2.159634859603697e-77,8.39656061098664e-79,3.264694297697185e-80,1.269415168532053e-81,4.936111821428803e-83,1.919492908053664e-84,7.464630636089456e-86
12.5,0.01250327775209301,0.0004856963990292541,1.886783038410277e-05,7.329852215614615e-07,2.847637799769359e-08,1.106345199852074e-09,4.298461480504115e-11,1.670136625160468e-12,6.48944623582895e-14,2.52162241514906e-15,9.798720134021973e-17,3.807813172055561e-18,1.479786263689193e-19,5.750949235092396e-21,2.235102066092546e-22,8.687054989029558e-24,3.376488436571902e-25,1.312428187475846e-26,5.10156611273284e-28,1.983121290728603e-29,7.709264101930413e-31,2.997053944787375e-32,1.165183392658858e-33,4.530146034781292e-35,1.761361133694065e-36,6.848618996438253e-38,2.66303021307058e-39,1.03554212734056e-40,4.026967628225951e-42,1.566056023598987e-43,6.090533522866037e-45,2.368767130298157e-46,9.213157234807783e-48,3.583552580419552e-49,1.393921639234453e-50,5.42228471044707e-52,2.109335930664423e-53,8.205947911520287e-55,3.192503852424466e-56,1.242092298190024e-57,4.832770459318683e-59,1.880435418873615e-60,7.317129267388315e-62,2.847365224787703e-63,1.108066598652374e-64,4.312299162993244e-66,1.678310548912309e-67,6.532152006459112e-69,2.542499335016772e-70,9.896602156107393e-72,3.852407011307556e-73,1.499681712508422e-74,5.838307886572793e-76,2.272981747243949e-77,8.849649001185063e-79,3.445699293961188e-80,1.341683313861914e-81,5.224491963530119e-83,2.034508924307949e-84,7.923128577810951e-86
13.5,0.01223443551582337,0.0004760970843047027,1.852780336771145e-05,7.210564783515595e-07,2.806284424100124e-08,1.092222841564619e-09,4.251166391750264e-11,1.654711735487435e-12,6.441011859852691e-14,2.507283678484889e-15,9.760466738223964e-17,3.799754606173404e-18,1.47930757571437e-19,5.759429867031656e-21,2.242429012422828e-22,8.731246002686364e-24,3.399790625684364e-25,1.323874024259244e-26,5.155369599755971e-28,2.007667195857965e-29,7.81884359652138e-31,3.045175520036705e-32,1.186045225957883e-33,4.619653477401994e-35,1.799438033147003e-36,7.009448518727338e-38,2.730551543232289e-39,1.063742705877436e-40,4.144218192809923e-42,1.614613375552853e-43,6.290924997560613e-45,2.451210513145498e-46,9.551398575314168e-48,3.721977068632589e-49,1.450443770174697e-50,5.652605698710294e-52,2.203013657209011e-53,8.586308741311725e-55,3.346699630310874e-56,1.304511780306697e-57,5.085110785358842e-59,1.982321475804652e-60,7.728035617601223e-62,3.012906221831996e-63,1.174691135039509e-64,4.580189567335262e-66,1.785932359282791e-67,6.964155447377902e-69,2.715775766920847e-70,1.059110973019436e-71,4.130581891425675e-73,1.611028855231298e-74,6.283734356880774e-76,2.451065019434993e-77,9.561245386805936e-79,3.729896786704343e-80,1.455130622762561e-81,5.677145971143767e-83,2.215037857028654e-84,8.642817707268252e-86
14.5,0.01194791788950121,0.000466052283811783,1.818003951055841e-05,7.092068217821637e-07,2.7667442376618e-08,1.079402155228706e-09,4.211296641039073e-11,1.643110620213298e-12,6.411155593037944e-14,2.50163823803852e-15,9.761835875766062e-17,3.809407500108288e-18,1.48662841515776e-19,5.80185169621816e-21,2.264384350220434e-22,8.837982233822866e-24,3.449655232937012e-25,1.346536038511123e-26,5.256299713688247e-28,2.051928586200157e-29,8.010589474599137e-31,3.127425356192753e-32,1.221039756363214e-33,4.76752699812279e-35,1.861560491283043e-36,7.269121218550177e-38,2.838622006229166e-39,1.108547343735869e-40,4.329343868585357e-42,1.690873836174589e-43,6.604223178398991e-45,2.579608634639949e-46,1.007645049227904e-47,3.936254134795049e-49,1.537731861896956e-50,6.007588159023167e-52,2.347155569467902e-53,9.170772258155335e-55,3.583375974986356e-56,1.400236545379498e-57,5.471836671147797e-59,2.13839363987871e-60,8.357283163502411e-62,3.266371958091695e-63,1.276701416208756e-64,4.990411335887661e-66,1.950773156507912e-67,7.62606918941769e-69,2.981387143236104e-70,1.165627510249273e-71,4.557483471571538e-73,1.782027622916764e-74,6.968316897233379e-76,2.72499431496142e-77,1.065682094538882e-78,4.167870443311035e-80,1.630141626976473e-81,6.376188689849119e-83,2.49414552319491e-84,9.75679840798101e-86
15.5,0.01164433980898446,0.0004556259298866552,1.782875166252673e-05,6.976739815564223e-07,2.730255884470177e-08,1.068497612055338e-09,4.181800264668597e-11,1.636713588369653e-12,6.406220895670894e-14,2.507558639909262e-15,9.815680194021486e-17,3.842465387089795e-18,1.504249713720568e-19,5.889120876537568e-21,2.305694189384394e-22,9.027630925432039e-24,3.534816620258287e-25,1.384143544668434e-26,5.42021699831552e-28,2.122626898598796e-29,8.312894114480397e-31,3.25576146010462e-32,1.275189709105156e-33,4.994811014982742e-35,1.956525490088704e-36,7.664331764400871e-38,3.002517616831376e-39,1.176303700377317e-40,4.608675598596578e-42,1.805742167479854e-43,7.075520769778331e-45,2.772581343209002e-46,1.086509540861524e-47,4.258006287534459e-49,1.668793898696524e-50,6.540680011834067e-52,2.563699036954263e-53,1.004928720555025e-54,3.939378400003627e-56,1.544345632793761e-57,6.054604983843692e-59,2.373841775588371e-60,9.307702776742273e-62,3.649708394937672e-63,1.431195248767777e-64,5.612609161549631e-66,2.20118247806808e-67,8.633219022286207e-69,3.386219216803597e-70,1.328260055880282e-71,5.210471415891328e-73,2.044075419585977e-74,8.019419560357113e-76,3.146409209500154e-77,1.234564683975687e-78,4.84438883912478e-80,1.901037854648239e-81,7.460523138208597e-83,2.928024228047813e-84,1.149230219213259e-85
16.5,0.01132440510376544,0.0004448884900678337,1.74786269347712e-05,6.867267884502546e-07,2.698244888122316e-08,1.060228804684882e-09,4.166187989271044e-11,1.637190886848387e-12,6.434001128125927e-14,2.528625253276852e-15,9.938240431215272e-17,3.906217163756767e-18,1.535413276571032e-19,6.035543560489643e-21,2.372629041957242e-22,9.327512040857209e-24,3.667114618846552e-25,1.441803273052613e-26,5.669053468073575e-28,2.229144846062451e-29,8.765756082695125e-31,3.447180285647892e-32,1.355695961156183e-33,5.331930283775973e-35,2.097155545921169e-36,8.248994433902833e-38,3.244858247015618e-39,1.276482790010893e-40,5.021793829511434e-42,1.975730196247232e-43,7.773585924097808e-45,3.058724339016067e-46,1.203606726391338e-47,4.73646537057973e-49,1.864016620193492e-50,7.336197385015716e-52,2.887474834019208e-53,1.13655783083541e-54,4.473950322251162e-56,1.761234649153996e-57,6.933777224019493e-59,2.729916110205705e-60,1.074869219293488e-61,4.232422463170369e-63,1.666669951495835e-64,6.563531299406068e-66,2.584955220720929e-67,1.018113376401452e-68,4.010209523073485e-70,1.57966839843962e-71,6.22290089515776e-73,2.451591283399119e-74,9.658987894753579e-76,3.805780024056579e-77,1.499630919896118e-78,5.909542610715306e-80,2.328907618986783e-81,9.178668750629954e-83,3.617731265329487e-84,1.426008807246029e-85
17.5,0.0109889622978132,0.0004339191512776902,1.713495749837116e-05,6.766740253927235e-07,2.672381310244231e-08,1.055455614838975e-09,4.168735464205389e-11,1.646613597404795e-12,6.504325111732806e-14,2.56942622464325e-15,1.01506444813407e-16,4.010281147398229e-18,1.584455141267676e-19,6.260502379374815e-21,2.473789356918343e-22,9.775539360636583e-24,3.863166320943636e-25,1.526760566497974e-26,6.034252764157553e-28,2.385070835623299e-29,9.427672128686442e-31,3.726775635418055e-32,1.473288493303367e-33,5.824629451222381e-35,2.302899284763738e-36,9.105586163883792e-38,3.600537791956652e-39,1.423814862272754e-40,5.630753730218197e-42,2.226930108118892e-43,8.807930150068789e-45,3.483922901950638e-46,1.378131898644301e-47,5.451810932454458e-49,2.156843895555948e-50,8.533451825324221e-52,3.376440035088476e-53,1.336047150580703e-54,5.287046658861806e-56,2.092344943618144e-57,8.280992179823994e-59,3.277634943861769e-60,1.297382596791469e-61,5.135763280479055e-63,2.033159883215472e-64,8.049480074603851e-66,3.187087953501192e-67,1.261973819173978e-68,4.99731669448906e-70,1.97903640775861e-71,7.837927255134135e-73,3.104412007097709e-74,1.229669236455075e-75,4.871113320043913e-77,1.929742095555358e-78,7.645423735455214e-80,3.029250856402867e-81,1.200329395105278e-82,4.756607319260239e-84,1.885063320736758e-85
18.5,0.01063908931392082,0.0004228092053606792,1.68038384329455e-05,6.678775517465959e-07,2.654664761427719e-08,1.055230208984101e-09,4.194784376793627e-11,1.667620275939653e-12,6.629946047835282e-14,2.636017732485252e-15,1.048123286019642e-16,4.16775637606398e-18,1.657365884847858e-19,6.59114376155807e-21,2.621378269056846e-22,1.042618266044799e-23,4.147132292505374e-25,1.649671901355121e-26,6.562579741034304e-28,2.610833274264245e-29,1.038750901452389e-30,4.13305911315955e-32,1.644598716655116e-33,6.544501959029422e-35,2.604484509775241e-36,1.036562929829668e-37,4.125707936237641e-39,1.642216435890459e-40,6.537197527366045e-42,2.602449508335612e-43,1.036102444243834e-44,4.125275473558699e-46,1.642605487730229e-47,6.540995169982159e-49,2.604862577029538e-50,1.037424300217048e-51,4.131985701360788e-53,1.645857293951257e-54,6.556267938658844e-56,2.611875898684136e-57,1.040590562395528e-58,4.146091671657675e-60,1.652075003954919e-61,6.583436191398171e-63,2.623660739513044e-64,1.045670994192183e-65,4.167877497427277e-67,1.661374299602129e-68,6.622970855257877e-70,2.640408771833361e-71,1.052743593981786e-72,4.197660526130861e-74,1.673884276240191e-75,6.675396997437654e-77,2.662333521495443e-78,1.061895181753676e-79,4.235793717382303e-81,1.68974840632992e-82,6.741297730577269e-84,2.689671950541918e-85
19.5,0.01027620859397088,0.0004116668348898539,1.649245221330567e-05,6.607713333781197e-07,2.647548823017169e-08,1.060874002229678e-09,4.251193769971183e-11,1.703670011474088e-12,6.827909573829556e-14,2.736641858940773e-15,1.096923426243615e-16,4.397066329277907e-18,1.762699573683889e-19,7.066793096255087e-21,2.833318929510538e-22,1.136050863965573e-23,4.555431602743787e-25,1.826799731780327e-26,7.326258120896891e-28,2.938350316973846e-29,1.178569557521909e-30,4.727563448757297e-32,1.896488537100969e-33,7.608411504730693e-35,3.052592877373074e-36,1.224827997597482e-37,4.914879242854204e-39,1.972342476072792e-40,7.915598035760247e-42,3.177000347136213e-43,1.275214123151269e-44,5.118956990876961e-46,2.055003443633912e-47,8.250428849286667e-49,3.312634922676904e-50,1.330160040149318e-51,5.341554558233727e-53,2.145186579424099e-54,8.61581336186149e-56,3.460680274238862e-57,1.390147325078989e-58,5.58463128349545e-60,2.243689076154039e-61,9.014995169191024e-63,3.622456176012172e-64,1.455712987492109e-65,5.850372279182535e-67,2.351400083685572e-68,9.451592411880554e-70,3.799434958059093e-71,1.52745617541688e-72,6.141215761731366e-74,2.469311848324706e-75,9.929643178065337e-77,3.993260012173323e-78,1.606045718326556e-79,6.459883796893948e-81,2.598532244889755e-82,1.045365658566945e-83,4.205766613866173e-85
20.5,0.009902242061810784,0.0004006239349261902,1.620948439790909e-05,6.558895278666753e-07,2.654126469244351e-08,1.074093730331052e-09,4.347029958721594e-11,1.759434885987207e-12,7.12170710106949e-14,2.882873526922757e-15,1.167072598639124e-16,4.724993140311642e-18,1.913091514486327e-19,7.746433308791592e-21,3.136891722760658e-22,1.270366969676604e-23,5.145066612747176e-25,2.083939818852321e-26,8.441350317774665e-28,3.419569779465381e-29,1.385364408599898e-30,5.612932284278666e-32,2.27430659544317e-33,9.215987092567947e-35,3.734810315309152e-36,1.513663329545072e-37,6.135137199134679e-39,2.486873628362378e-40,1.008132925824449e-41,4.087113698070829e-43,1.657107445701598e-44,6.719235073972108e-46,2.724735840545005e-47,1.10500580237908e-48,4.481676213214111e-50,1.817826105415796e-51,7.373952038213881e-53,2.991469397893321e-54,1.213683003490994e-55,4.924505063577416e-57,1.998281550092225e-58,8.109380840151455e-60,3.291211520122818e-61,1.335860537223824e-62,5.422553169873321e-64,2.201324315741233e-65,8.937208546715215e-67,3.628754067329473e-68,1.473503220919306e-69,5.983877275744887e-71,2.430258220045071e-72,9.870983670630974e-74,4.009653344206496e-75,1.62888981789609e-76,6.617823493208875e-78,2.688916637047789e-79,1.092642973008764e-80,4.440359004954217e-82,1.804666031629444e-83,7.335245172073151e-85
21.5,0.009519792385246868,0.0003898448976930589,1.596569980484731e-05,6.539070642045661e-07,2.678405333642414e-08,1.097157587644893e-09,4.494634620312606e-11,1.841419251007863e-12,7.544736933928e-14,3.091497429045332e-15,1.266856054031166e-16,5.19181814767868e-18,2.127873062649885e-19,8.721802077197614e-21,3.575207256125128e-22,1.465652194552555e-23,6.008907811910188e-25,2.463742367100723e-26,1.010253549885735e-27,4.142867363057222e-29,1.699054968023899e-30,6.968668221913683e-32,2.858434897957724e-33,1.172581877131917e-34,4.810548511533171e-36,1.97370735180175e-37,8.098560772262228e-39,3.323303788668863e-40,1.363859178445539e-41,5.597659622356669e-43,2.297635242003318e-44,9.431776309525981e-46,3.872076038086514e-47,1.589763058608825e-48,6.527685493623116e-50,2.680553585571664e-51,1.100850555316987e-52,4.52137974851133e-54,1.857173557681176e-55,7.629095008460927e-57,3.13424334803977e-58,1.287750383799764e-59,5.291393658336493e-61,2.174442787330123e-62,8.936460508421248e-64,3.673016232637908e-65,1.509802052581857e-66,6.206648225814684e-68,2.551727551676877e-69,1.049183893867555e-70,4.314288198748788e-72,1.774218063102966e-73,7.297014677241587e-75,3.001400098772087e-76,1.234647776692012e-77,5.0792879866908e-79,2.089792767635489e-80,8.598927369444447e-82,3.538555868359346e-83,1.456292415947234e-84
22.5,0.009132345417094616,0.0003795378867111111,1.577475149820779e-05,6.556993227492107e-07,2.725724703034357e-08,1.133168565871235e-09,4.711319372302288e-11,1.958963266506004e-12,8.146029522781648e-14,3.387675665395136e-15,1.408945003254428e-16,5.86034038185641e-18,2.437745898362493e-19,1.014123917687382e-20,4.219206850422632e-22,1.755529008533085e-23,7.305043384195165e-25,3.040012563609832e-26,1.265219673330851e-27,5.266167382653954e-29,2.192106895464072e-30,9.125723850561677e-32,3.799370240642534e-33,1.58195738729848e-34,6.587444687278954e-36,2.743332074840987e-37,1.142560321607358e-38,4.759040553256525e-40,1.982436720472342e-41,8.258840270241713e-43,3.440953040465425e-44,1.433766755693979e-45,5.974732688837904e-47,2.489996817174184e-48,1.037814095434149e-49,4.32594421886554e-51,1.803362166414803e-52,7.518406250420383e-54,3.134797706298287e-55,1.307176541207291e-56,5.451299646710483e-58,2.273563220773209e-59,9.483207784377301e-61,3.955895622721762e-62,1.65034893836532e-63,6.885701518145713e-65,2.873175321615107e-66,1.198995726964418e-67,5.003970772646714e-69,2.088591744553273e-70,8.718344987849262e-72,3.639621945881368e-73,1.519568412380587e-74,6.344918042530934e-76,2.649558835675262e-77,1.106529303068456e-78,4.621618302394246e-80,1.93048766208639e-81,8.064580456061688e-83,3.369289329049585e-84
23.5,0.00874447490483307,0.0003699689590719449,1.565431942560112e-05,6.624310112582124e-07,2.803398815982679e-08,1.186498200807234e-09,5.02212420875068e-11,2.125916378824896e-12,9.000019714509294e-14,3.810478244565261e-15,1.613446017390297e-16,6.832324741622485e-18,2.893489067417341e-19,1.225503761569555e-20,5.190952767935998e-22,2.198969957972121e-23,9.316042586819181e-25,3.947150992998743e-26,1.672539071696012e-27,7.087763331671573e-29,3.003880756684513e-30,1.273200653465779e-31,5.396992721614955e-33,2.287956456938823e-34,9.700290562320647e-36,4.113039829805728e-37,1.744144180021833e-38,7.396789417622178e-40,3.137224748958989e-41,1.330728974913728e-42,5.64514743431795e-44,2.394984714413419e-45,1.016183328168362e-46,4.312045383015801e-48,1.829938897946079e-49,7.766617684984304e-51,3.296623861345297e-52,1.399423148566524e-53,5.941155814000369e-55,2.522522836915435e-56,1.071128519460501e-57,4.54873254102327e-59,1.93188641436929e-60,8.205691067961431e-62,3.485709077114407e-63,1.480844720325986e-64,6.291733464315879e-66,2.673458944755781e-67,1.136106698615889e-68,4.828442960678152e-70,2.052283971047039e-71,8.723889131296582e-73,3.708729226946595e-74,1.576820955654784e-75,6.704738793347102e-77,2.851172661423011e-78,1.212571325245617e-79,5.157427485332551e-81,2.193819853248841e-82,9.332773350560109e-84
24.5,0.008362006969343454,0.0003614788897826126,1.562770240970116e-05,6.756896571550879e-07,2.921726225814727e-08,1.263490656222929e-09,5.464431332991361e-11,2.363515659055699e-12,1.022380866821758e-13,4.422906942245006e-15,1.913567938808976e-16,8.279823836236596e-18,3.582940209458972e-19,1.550598645007379e-20,6.711208493261309e-22,2.904983467515185e-23,1.257558824180465e-24,5.444459403152882e-26,2.357344886472119e-27,1.020783133330935e-28,4.420647933687149e-30,1.914610934302668e-31,8.29310910656821e-33,3.592497962822884e-34,1.556388641655891e-35,6.743447857970305e-37,2.922055337464659e-38,1.266302304323936e-39,5.488187341570796e-41,2.37882812081696e-42,1.031192712581551e-43,4.470532602248369e-45,1.938301697256975e-46,8.404776653561316e-48,3.644799785414072e-49,1.580752498160425e-50,6.856409894476463e-52,2.974214971738589e-53,1.290299737211112e-54,5.598239985851002e-56,2.429153941074603e-57,1.054146944934411e-58,4.574986569575731e-60,1.985733677641981e-61,8.619749385225007e-63,3.74205944219926e-64,1.624684621818336e-65,7.05455683954618e-67,3.063462811958518e-68,1.33044712875434e-69,5.778627221514875e-71,2.510115475937075e-72,1.090447083533322e-73,4.737587714123949e-75,2.058503475836289e-76,8.945147590274695e-78,3.887450476494891e-79,1.689598690117783e-80,7.344182711343696e-82,3.192599703555366e-83
25.5,0.007992113860332982,0.0003545035796848061,1.572610431184652e-05,6.976913703731433e-07,3.095617728739336e-08,1.373640766443139e-09,6.095944178538779e-11,2.70552058773194e-12,1.200888919960446e-13,5.330857116419665e-15,2.366647231409276e-16,1.050781358430106e-17,4.665880359566577e-19,2.072036015214052e-20,9.20245098134611e-22,4.087448383683287e-23,1.815698122068367e-24,8.066360633889071e-26,3.583886768722157e-27,1.592478588696341e-28,7.076778735052389e-30,3.145142565341778e-31,1.397937531252089e-32,6.214095200416081e-34,2.762553791367909e-35,1.228248594367744e-36,5.461406253609008e-38,2.428652300447106e-39,1.080112090847454e-40,4.804131683395666e-42,2.136995121583068e-43,9.506806758072929e-45,4.229687286352732e-46,1.88202009623713e-47,8.374957191564847e-49,3.727204416713102e-50,1.658922258570217e-51,7.38432812461934e-53,3.2872897616926e-54,1.46354793067015e-55,6.51655077670025e-57,2.901819478390906e-58,1.292303952210704e-59,5.755731420137149e-61,2.563762694137519e-62,1.142079844775524e-63,5.088108109147739e-65,2.267030108811691e-66,1.010181035103065e-67,4.501756132183638e-69,2.006344064614089e-70,8.942715372987189e-72,3.986335144184666e-73,1.777126982482088e-74,7.923247288573487e-76,3.532871968301345e-77,1.575405518804144e-78,7.025810552897091e-80,3.133573936391778e-81,1.397728183174158e-82
26.5,0.00764328911265298,0.0003495988775994896,1.59919773992377e-05,7.316051146841289e-07,3.347293188603881e-08,1.53162783909132e-09,7.008986811840994e-11,3.207744276293039e-12,1.468205156633694e-13,6.72072712150491e-15,3.076722202528128e-16,1.408649042919727e-17,6.45000132314195e-19,2.953651571191332e-20,1.352698953266951e-21,6.195629620618986e-23,2.837998136304013e-24,1.30011296021542e-25,5.956516447416045e-27,2.729265760321747e-28,1.250666378153974e-29,5.731644247508416e-31,2.626993601965887e-32,1.204150491697312e-33,5.520067725206975e-35,2.530753516028049e-36,1.160371379877215e-37,5.320908528092846e-39,2.440147648941161e-40,1.119148828824546e-41,5.13335032995268e-43,2.354806215162321e-44,1.08031532618406e-45,4.956634283175808e-47,2.274385440567128e-48,1.043715131025608e-49,4.790054812430464e-51,2.198565660119367e-52,1.009203413496192e-53,4.632955723609123e-55,2.127049558061836e-56,9.766454589009182e-58,4.484726604037131e-59,2.059560539779457e-60,9.459159313099487e-62,4.344799491786873e-63,1.995841225320921e-64,9.168981921658711e-66,4.212645793644908e-67,1.9356520553354e-68,8.894836697140209e-70,4.087773432851717e-71,1.878770000891478e-72,8.635712753992089e-74,3.969724209184555e-75,1.824987369300766e-76,8.390668636685877e-78,3.858071355292011e-79,1.774110698673466e-80,8.158827318935379e-82
27.5,0.00732517078264976,0.0003474720957275176,1.64840575828191e-05,7.820783672371193e-07,3.710892130768612e-08,1.760954908529043e-09,8.357183243782812e-11,3.966553624931914e-12,1.882818157101835e-13,8.938095495061682e-15,4.243489043976198e-16,2.014849330465559e-17,9.567607908789143e-19,4.543655236860913e-20,2.157985286454375e-21,1.025020592427831e-22,4.869199792196493e-24,2.31325430633329e-25,1.099081319396883e-26,5.222480349480367e-28,2.48178535870553e-29,1.179483602477539e-30,5.60608591918958e-32,2.66481832772488e-33,1.266821244843311e-34,6.022860424988166e-36,2.863715308034292e-37,1.361746641274576e-38,6.4759287043028e-40,3.079973079901001e-41,1.464976763872828e-42,6.96872522902713e-44,3.315236890273282e-45,1.577299774751881e-46,7.505025836407679e-48,3.57131567907889e-49,1.699582332625776e-50,8.088982791551916e-52,3.850198905166984e-53,1.832777667460246e-54,8.725163537823028e-56,4.154075143029045e-57,1.977934505395515e-58,9.418593530024628e-60,4.48535264000182e-61,2.136206935070712e-62,1.017480358815615e-63,4.846682044259943e-65,2.308865316381884e-66,1.09998822571025e-67,5.240981536772746e-69,2.497308343694671e-70,1.19005337104332e-71,5.671464625779779e-73,2.703076387729898e-74,1.288414179510364e-75,6.141670890510677e-77,2.927866253879425e-78,1.395884087892029e-79,6.655499992147668e-81
28.5,0.007048184906126877,0.000349023916700777,1.728515882537489e-05,8.561142451045918e-07,4.240627307866611e-08,2.100721055607279e-09,1.040750037758944e-10,5.15660786499571e-12,2.55517858733345e-13,1.266245010258137e-14,6.275573492130627e-16,3.110485099455326e-17,1.541848516019435e-18,7.64353056637256e-20,3.789525745851053e-21,1.878945176048688e-22,9.317117628280451e-24,4.620480077214134e-25,2.291556165219707e-26,1.13661037387327e-27,5.638067258935143e-29,2.796959878730559e-30,1.387648228494626e-31,6.885088302692917e-33,3.416460757376271e-34,1.695430387687231e-35,8.414337009381799e-37,4.176342060444427e-38,2.073042698530184e-39,1.029096880631519e-40,5.109047108131224e-42,2.536640859215305e-43,1.259543844880618e-44,6.254644398121216e-46,3.106181148480085e-47,1.542714471165593e-48,7.662645566506125e-50,3.806327259527654e-51,1.890895405231786e-52,9.394262077757585e-54,4.667576129266207e-55,2.319281744998787e-56,1.15252076247376e-57,5.727656194675902e-59,2.846674729557521e-60,1.414917953879858e-61,7.033264659901055e-63,3.496348692970476e-64,1.738218535372268e-65,8.642226771297301e-67,4.297128745537348e-68,2.136792166382901e-69,1.062618058746311e-70,5.284730886134771e-72,2.628446360298757e-73,1.307391631604585e-74,6.503429037752134e-76,3.235258719627266e-77,1.609553124369537e-78,8.008129472113423e-80
29.5,0.006822999649713688,0.0003554069100785929,1.851457309557779e-05,9.645809297753865e-07,5.025746613617269e-08,2.618781518370429e-09,1.364691600072473e-10,7.112235874203646e-12,3.706926491261689e-13,1.932225424891828e-14,1.007250313464925e-15,5.251128350318541e-17,2.737809722770804e-18,1.427542659684058e-19,7.444061189293459e-21,3.882089796248635e-22,2.024677328047475e-23,1.056040220748221e-24,5.508575298528972e-26,2.873638326171572e-27,1.499196996570157e-28,7.822019091748994e-30,4.081430481877694e-31,2.129801315372662e-32,1.11147250601296e-33,5.8008427652436e-35,3.027721952311296e-36,1.580422489784794e-37,8.250162779791894e-39,4.307087825436586e-40,2.248726407356221e-41,1.174142973121525e-42,6.131074679595329e-44,3.201719467070648e-45,1.67209436490603e-46,8.733109679948138e-48,4.56149768667045e-49,2.382737529192877e-50,1.24472938474572e-51,6.502845848595357e-53,3.397516270851582e-54,1.775206954087076e-55,9.276103483179422e-57,4.847425231565501e-58,2.533292771793652e-59,1.324000566809576e-60,6.920209977506249e-62,3.617249625546035e-63,1.890887053609986e-64,9.885084591017017e-66,5.16800208368161e-67,2.702042983799753e-68,1.412826740186298e-69,7.387754151781355e-71,3.863337383647283e-72,2.020409072780851e-73,1.056676999394213e-74,5.526768442122364e-76,2.890853978888061e-77,1.51219122956614e-78
30.5,0.006659838563910696,0.000368112709516378,2.034845015972515e-05,1.124902969073146e-06,6.219160691996524e-08,3.438596919001547e-09,1.901355494491824e-10,1.05142361776577e-11,5.814659244771004e-13,3.215901461829308e-14,1.778741785872564e-15,9.839081983295717e-17,5.442864661087764e-18,3.011144268334487e-19,1.665967218273437e-20,9.217899879313898e-22,5.100678587661542e-23,2.822631304710889e-24,1.5621055075861e-25,8.645624655816358e-27,4.785331011153157e-28,2.648847623610755e-29,1.466328054505314e-30,8.11772396721562e-32,4.494342609342031e-33,2.488436866494043e-34,1.377892784221837e-35,7.63013756523664e-37,4.2254916624728e-38,2.340183245475642e-39,1.296134334334741e-40,7.179223863069362e-42,3.976784951160781e-43,2.202995693072471e-44,1.220455421713234e-45,6.761712911119288e-47,3.74643214130251e-48,2.075893908456419e-49,1.150319240863336e-50,6.374664983288854e-52,3.532823220760002e-53,1.95799606373962e-54,1.085242765313175e-55,6.015434075649811e-57,3.334508608469026e-58,1.848507964158384e-59,1.024790840003541e-60,5.681635708807815e-62,3.150181605185289e-63,1.746713482391131e-64,9.685709669883927e-66,5.371118503006878e-67,2.978662897299465e-68,1.651966110170492e-69,9.162286991989996e-71,5.081939062625176e-72,2.818886861864789e-73,1.563681490287216e-74,8.674435678530005e-76,4.812339765517622e-77
31.5,0.0065677269009395,0.0003891074184560737,2.305435695435406e-05,1.366046180061247e-06,8.094805250887027e-08,4.797067996294715e-09,2.842978544154726e-10,1.684997731666462e-11,9.987410115713906e-13,5.920168487565503e-14,3.509479146026079e-15,2.08055154059643e-16,1.233506106366495e-17,7.313595566765852e-19,4.336578283998456e-20,2.57151970207906e-21,1.524961012133991e-22,9.043856207004689e-24,5.363822365781009e-25,3.181418209226956e-26,1.887089874373479e-27,1.119411237779582e-28,6.64066861345104e-30,3.939660832052494e-31,2.337386631185264e-32,1.386841365143831e-33,8.229005352942744e-35,4.883059857224695e-36,2.897748674032975e-37,1.719701892600036e-38,1.020632117312566e-39,6.057713418516237e-41,3.595600841540265e-42,2.134309052037263e-43,1.266969179290179e-44,7.521380058713597e-46,4.465309737338798e-47,2.651111825005787e-48,1.574079781282708e-49,9.346467603831227e-51,5.549964130265078e-52,3.295752512085274e-53,1.957224260292253e-54,1.162379687229336e-55,6.903617139451401e-57,4.100402522461768e-58,2.435551051942588e-59,1.446734305244402e-60,8.594111142282116e-62,5.105445493611597e-63,3.03309954182948e-64,1.802021112937114e-65,1.07066382830207e-66,6.361598902657303e-68,3.780064307586708e-69,2.24621695306966e-70,1.334822989708523e-71,7.932589452896598e-73,4.714389502390229e-74,2.801915200259088e-75
32.5,0.00655378005098758,0.0004210493959728399,2.705198244134492e-05,1.738160275301533e-06,1.116876192530055e-07,7.177026567094489e-09,4.612200721431877e-10,2.964120057473086e-11,1.90505337371025e-12,1.224452932110501e-13,7.870466202658917e-15,5.059202497291873e-16,3.252271074724465e-17,2.090808754913295e-18,1.344202237762404e-19,8.642462062322305e-21,5.556902127415152e-22,3.573141770114203e-23,2.297681460006697e-24,1.477581017594464e-25,9.502426917300263e-27,6.111381108246698e-28,3.930661405675588e-29,2.528210233958117e-30,1.626229614633717e-31,1.046095959363394e-32,6.729487826971044e-34,4.329255113820566e-35,2.785254455128456e-36,1.791995698599157e-37,1.152999954305204e-38,7.418937564131335e-40,4.773908596642678e-41,3.072035994603576e-42,1.976961348443169e-43,1.272300206590902e-44,8.188425863301798e-46,5.270241477112644e-47,3.392186675551204e-48,2.183473759594701e-49,1.405513699574085e-50,9.047757086887399e-52,5.824590479955913e-53,3.749802095187277e-54,2.414180069657966e-55,1.554351404238987e-56,1.00079902280205e-57,6.44410378248985e-59,4.149502677168429e-60,2.672066864473197e-61,1.720743843203201e-62,1.108160433438292e-63,7.136848060833229e-65,4.596502942130279e-66,2.960505004101128e-67,1.9068700985379e-68,1.228268622551449e-69,7.911929967865133e-71,5.096690120724987e-72,3.28330049678631e-73
33.5,0.006622680421543478,0.000467652381890881,3.30243081017795e-05,2.332197787590815e-06,1.647092378278857e-07,1.163298897987325e-08,8.21647071769813e-10,5.803631110438759e-11,4.099535392764658e-12,2.895940886219601e-13,2.045807748099078e-14,1.445306259080742e-15,1.021115222964905e-16,7.214550667138446e-18,5.097571929830369e-19,3.601943076597986e-20,2.545245079226496e-21,1.79862870138335e-22,1.271078748772609e-23,8.98301856851494e-25,6.348789312882348e-26,4.487228538783558e-27,3.171640823427408e-28,2.241858647701677e-29,1.58471348159548e-30,1.120240995714978e-31,7.919362791507618e-33,5.598697067812074e-34,3.958234696446122e-35,2.798554976414936e-36,1.9787173586823e-37,1.399107854885613e-38,9.893182672333538e-40,6.995812432378177e-41,4.947177301728612e-42,3.49859667203347e-43,2.474270991481965e-44,1.749917309681182e-45,1.237669156094212e-46,8.754035144363617e-48,6.191966255769769e-49,4.379911696714401e-50,3.098264635438643e-51,2.191734528383639e-52,1.55050645288241e-53,1.096920872832099e-54,7.760559325710204e-56,5.490686567490723e-57,3.884866485426194e-58,2.748788123940089e-59,1.945011023185982e-60,1.376316801194004e-61,9.739355318516676e-63,6.892192129476546e-64,4.877528542611067e-65,3.451894037445489e-66,2.443037865605831e-67,1.729091445200015e-68,1.223828781649403e-69,8.662399640105521e-71
34.5,0.006776376936589223,0.0005343045990124216,4.213069929182148e-05,3.322207165445933e-06,2.619828918329388e-07,2.066032851818025e-08,1.62936910679877e-09,1.285048712833143e-10,1.013531985154848e-11,7.994162622413437e-13,6.305594659066058e-14,4.973894528073041e-15,3.923597475613458e-16,3.095206126408824e-17,2.441809984761556e-18,1.926421064102622e-19,1.519873845813656e-20,1.199169965608183e-21,9.461733895828896e-23,7.465818235423008e-24,5.89115841267235e-25,4.648796200933269e-26,3.668569443317728e-27,2.89513836977117e-28,2.284852475225989e-29,1.803280048928551e-30,1.423260123298254e-31,1.123366304454719e-32,8.866953489092263e-34,6.999117956890395e-35,5.524945012180772e-36,4.361423835881946e-37,3.443057158090985e-38,2.718164282817262e-39,2.14596494180895e-40,1.694278968787331e-41,1.337711675606012e-42,1.056222320450988e-43,8.339947478123812e-45,6.585463822191603e-46,5.200252434237138e-47,4.106552850812217e-48,3.242987452062171e-49,2.561108103341693e-50,2.022671112538153e-51,1.597486819608435e-52,1.261722581368551e-53,9.965635070619913e-55,7.871554873369429e-56,6.217709832871896e-57,4.911506039230468e-58,3.879834101699502e-59,3.064967014247133e-60,2.421322086211947e-61,1.912904840984823e-62,1.511291181386115e-63,1.194034416045161e-64,9.434076463614981e-66,7.454108771909702e-67,5.88987100130859e-68
35.5,0.007014038442403545,0.0006291692925737419,5.64395146054159e-05,5.063086204670838e-06,4.542172240385205e-07,4.075003887112699e-08,3.656019765378551e-09,3.280235693660852e-10,2.943184596626517e-11,2.640862689675263e-12,2.369681282056555e-13,2.126423609995158e-14,1.908206173130371e-15,1.712444102915889e-16,1.536820141133029e-17,1.379256850957504e-18,1.237891722641159e-19,1.111054871318633e-20,9.972490561658274e-22,8.951317785167257e-23,8.034992419398142e-24,7.212719800003639e-25,6.474819777717369e-26,5.812611313595411e-27,5.21830905992177e-28,4.684930678113161e-29,4.206213775463036e-30,3.776541459384103e-31,3.390875612381898e-32,3.044697084608943e-33,2.733952084660155e-34,2.455004124306878e-35,2.204590940050981e-36,1.979785874535862e-37,1.777963254716504e-38,1.596767351925308e-39,1.434084552165063e-40,1.288018403643474e-41,1.156867243207969e-42,1.039104134367825e-43,9.333588773821477e-45,8.384018767851011e-46,7.531296740177529e-47,6.76551972810125e-48,6.077800028504632e-49,5.460160833089616e-50,4.905442621446101e-51,4.407219199909548e-52,3.959722389451899e-53,3.5577744691489e-54,3.196727574328464e-55,2.872409331448326e-56,2.581074086079609e-57,2.319359146983509e-58,2.084245528964823e-59,1.873022730688669e-60,1.683257131599537e-61,1.512763635062731e-62,1.359580223374012e-63,1.221945124817043e-64
36.5,0.007332248121322285,0.00076526055079072,7.987235727038324e-05,8.336785637087617e-06,8.70193187005809e-07,9.083382221447797e-08,9.481877105825296e-09,9.898191081258992e-10,1.033313444589454e-10,1.078755491013344e-11,1.126233934803342e-12,1.175841563172574e-13,1.22767545528285e-14,1.281837183502769e-15,1.33843302421993e-16,1.397574178665821e-17,1.459377004234161e-18,1.523963256796732e-19,1.591460344545267e-20,1.662001593913528e-21,1.735726528160677e-22,1.812781159225149e-23,1.893318293487967e-24,1.977497852115385e-25,2.06548720668331e-26,2.157461530820209e-27,2.253604168640896e-28,2.354107020781335e-29,2.459170948883919e-30,2.569006199424118e-31,2.683832847812758e-32,2.803881263753763e-33,2.929392598884908e-34,3.060619297779312e-35,3.197825633437896e-36,3.341288268458335e-37,3.491296843123649e-38,3.648154591714733e-39,3.812178988414265e-40,3.98370242423689e-41,4.163072916490179e-42,4.350654852344854e-43,4.546829768169748e-44,4.75199716636812e-45,4.966575371536912e-46,5.1910024278597e-47,5.425737039737887e-48,5.671259557762667e-49,5.928073012233548e-50,6.196704196537311e-51,6.477704802814857e-52,6.771652612462419e-53,7.07915274413864e-54,7.400838962080354e-55,7.737375047667213e-56,8.089456237320323e-57,8.457810729970939e-58,8.84320126749526e-59,9.24642679167749e-60,9.66832418143921e-61
37.5,0.007725424282979594,0.0009647040011244921,0.0001204702808130853,1.504457232357676e-05,1.878857439191497e-06,2.346506962802381e-07,2.930649495779438e-08,3.660327170551543e-09,4.571828199216976e-10,5.710496214641237e-11,7.132991756139574e-12,8.910118975774612e-13,1.113035894197841e-13,1.3904286306364e-14,1.737009035401046e-15,2.17004767996727e-16,2.711129590234771e-17,3.387232902605968e-18,4.232077402597444e-19,5.287810522829761e-20,6.607115310829845e-21,8.2558460571041e-22,1.031632376606611e-22,1.28914567899243e-23,1.610989339673833e-24,2.013246489579171e-25,2.516024280786867e-26,3.144461471290895e-27,3.929988492207609e-28,4.911903312260507e-29,6.139342303536982e-30,7.673745192042481e-31,9.591938049340372e-32,1.198998940263695e-32,1.498803348081944e-33,1.873630333910952e-34,2.342267757571968e-35,2.928212064993542e-36,3.660849228723188e-37,4.576932093850164e-38,5.722428578706963e-39,7.154833892945515e-40,8.946063355822393e-41,1.11860717095793e-41,1.398738150990468e-42,1.749074909450275e-43,2.187225410651551e-44,2.735217049248803e-45,3.420606694880465e-46,4.277869751862495e-47,5.350138415607062e-48,6.691376972882443e-49,8.369104108118085e-50,1.046779986425225e-50,1.309316956856361e-51,1.637748043024974e-52,2.048624084965384e-53,2.562656050716759e-54,3.205761447716846e-55,4.010374126491507e-56
38.5,0.008186247127402657,0.001268554452577805,0.0001965834346397552,3.046479499081007e-05,4.721316694172767e-06,7.317142822778244e-07,1.134053263024302e-07,1.757676267321872e-08,2.724318223099263e-09,4.222700569701409e-10,6.545400681025164e-11,1.014601922783363e-11,1.572782296072941e-12,2.438119701245175e-13,3.779678936062033e-14,5.859603976108231e-15,9.084375577687977e-16,1.408430273822721e-16,2.183680366083791e-17,3.385760445037334e-18,5.249728176956065e-19,8.140120450577415e-20,1.262229313975224e-20,1.957307682602676e-21,3.035242110371405e-22,4.706964984788306e-23,7.299648997898075e-24,1.132078023405973e-24,1.755755768443113e-25,2.723110096603768e-26,4.223569439708351e-27,6.550997119915351e-28,1.016128186669515e-28,1.576169421532506e-29,2.444953447425012e-30,3.792726943092223e-31,5.883636488902322e-32,9.127531689283004e-33,1.416035411634405e-33,2.196888996540943e-34,3.408437495849337e-35,5.288296078019599e-36,8.20520399930059e-37,1.273140055724226e-37,1.975495954557681e-38,3.065414836793484e-39,4.756806635926493e-40,7.381673917187247e-41,1.145532235695336e-41,1.777758878007471e-42,2.758998491532361e-43,4.281965047549412e-44,6.645808195516336e-45,1.031491134734769e-45,1.601017907474083e-46,2.485077019838837e-47,3.857415947464973e-48,5.987782608947999e-49,9.294980691085908e-50,1.44292531592448e-50
39.5,0.008706140780491981,0.001763854056310259,0.0003573656806705729,7.240628707158201e-05,1.467077173452832e-05,2.972643962230382e-06,6.023460874966255e-07,1.220569627506988e-07,2.473388274613098e-08,5.012279908697282e-09,1.015761199447016e-09,2.058549018978155e-10,4.171998097612877e-11,8.455519392179724e-12,1.713759130847743e-12,3.473542211324612e-13,7.04058410528693e-14,1.427112186034588e-14,2.892816292125072e-15,5.864039857651769e-16,1.188738402326669e-16,2.40984435814369e-17,4.885455014154088e-18,9.904541288282444e-19,2.008061635255904e-19,4.071299340272241e-20,8.254720142414647e-21,1.673728439488083e-21,3.393758682115584e-22,6.881612900796176e-23,1.395445365071919e-23,2.829754437958615e-24,5.738494540332631e-25,1.163752168308264e-25,2.360132236353964e-26,4.78658162506904e-27,9.707958153541539e-28,1.96899045330033e-28,3.993673972781029e-29,8.100556991410479e-30,1.643124326224235e-30,3.333030066366627e-31,6.761161224060818e-32,1.371565648542555e-32,2.782435751638691e-33,5.644778688451607e-34,1.145201513918548e-34,2.323432805301099e-35,4.714021073154928e-36,9.564584544997111e-37,1.940679766675782e-37,3.937810480124799e-38,7.990406898130213e-39,1.621422220941042e-39,3.290307383965292e-40,6.677131609791579e-41,1.355053678711401e-41,2.750021863862779e-42,5.581216412607057e-43,1.132751463681195e-43
40.5,0.009275593077520407,0.002684431782194069,0.0007769197860001303,0.0002248604802124621,6.508235264433978e-05,1.883764148336368e-05,5.452591964296648e-06,1.578311331032378e-06,4.568730777456112e-07,1.32254875438969e-07,3.828609379966082e-08,1.108367249191441e-08,3.208777321386461e-09,9.289851164994993e-10,2.68962185861464e-10,7.787301670232421e-11,2.254738013409213e-11,6.528576522962937e-12,1.890402334441807e-12,5.473981606694254e-13,1.585133243232236e-13,4.590305325414109e-14,1.329323677487114e-14,3.849756677313781e-15,1.114934109124275e-15,3.229077805640028e-16,9.352359858976974e-17,2.708802276860889e-17,7.845972902575699e-18,2.272635086853204e-18,6.583032812309527e-19,1.906934359270442e-19,5.524066299784181e-20,1.600278007369112e-20,4.636021150151625e-21,1.343101390329736e-21,3.891218403420582e-22,1.127394298336411e-22,3.266476051382331e-23,9.464475230975771e-24,2.742376090854834e-24,7.946408752296952e-25,2.302651410549029e-25,6.672658496220342e-26,1.93367285987437e-26,5.603772584481245e-27,1.624020080180914e-27,4.70669085492564e-28,1.364122377996536e-28,3.95370595451392e-29,1.145958173934404e-29,3.321593833060903e-30,9.628034436702488e-31,2.790885930099049e-31,8.090211400822838e-32,2.345259892843258e-32,6.798848995052906e-33,1.97102946091826e-33,5.714314327931442e-34,1.656717326687945e-34
41.5,0.009884587252505605,0.005202250148444275,0.002738023021710236,0.001441106755607825,0.0007585224321871107,0.0003992582890048317,0.0002101612833999708,0.0001106279235825617,5.823580838692627e-05,3.065693783863518e-05,1.613915432351963e-05,8.496618716807795e-06,4.473267374549078e-06,2.355141332102843e-06,1.24000231785273e-06,6.528921419815813e-07,3.437746303211007e-07,1.810171230878988e-07,9.531888641360778e-08,5.019399261432263e-08,2.643248650580187e-08,1.391995409168997e-08,7.330795525367316e-09,3.86080565112347e-09,2.033378918399267e-09,1.070957522397773e-09,5.640787477223356e-10,2.971124164933079e-10,1.5650039814885e-10,8.243728521017236e-11,4.34255685399135e-11,2.287604536384316e-11,1.205119173131378e-11,6.348814819067375e-12,3.344790692275089e-12,1.762214860891905e-12,9.284583025521007e-13,4.89192268010702e-13,2.577569607829217e-13,1.358172276717245e-13,7.15670248020658e-14,3.771244664832536e-14,1.987330507309002e-14,1.047295252997705e-14,5.519272227176628e-15,2.90876167350755e-15,1.533021004050826e-15,8.07982047089886e-16,4.258620635560914e-16,2.244656194119421e-16,1.183162340997696e-16,6.236665770158225e-17,3.287564052763008e-17,1.733044005907796e-17,9.136052079230982e-18,4.816384435362828e-18,2.539202378764906e-18,1.338711748076534e-18,7.058142313474792e-19,3.721408246584524e-19
42.5,0.01052343517734233,0.01022299128804529,0.009931430134313277,0.009648481324793689,0.009373882895558227,0.009107381042461789,0.008848729862127997,0.008597691101280218,0.008354033914145648,0.008117534627669737,0.007887976514286264,0.007665149571996963,0.007448850311522933,0.007238881550297385,0.007035052213077273,0.006837177138958525,0.006645076894586511,0.006458577593360626,0.00627751072043788,0.006101712963347376,0.005931026048033423,0.005765296580150888,0.005604375891442678,0.005448119891034091,0.005296388921484953,0.005149047619445046,0.005005964780763801,0.004867013229909909,0.004732069693561294,0.004601014678230412,0.004473732351794356,0.004350110428803448,0.004230040059446047,0.004113415722051491,0.004000135119016856,0.00389009907604677,0.003783211444599597,0.003679379007436201,0.003578511387171389,0.00348052095773113,0.003385322758621859,0.003292834411921224,0.003202976041902676,0.003115670197209009,0.003030841775492836,0.002948417950444636,0.002868328101131565,0.002790503743572696,0.002714878464478895,0.002641387857087741,0.002569969459026205,0.002500562692136041,0.00243310880419887,0.00236755081250006,0.002303833449172447,0.002241903108262829,0.002181707794466108,0.002123197073473615,0.002066322023884034,0.00201103519062685
43.5,0.01115137731030731,0.01076027045534802,0.01038470204297823,0.01002397492333169,0.009677426698440189,0.00934442784133457,0.009024379923215682,0.008716713942222383,0.008420888747721709,0.008136389554420878,0.007862726540950896,0.007599433527900303,0.007346066730585177,0.007102203582130284,0.006867441622706834,0.006641397451025722,0.006423705734423012,0.00621401827409764,0.006012003122269889,0.00581734374822568,0.0056297382503953,0.005448898611787864,0.005274549996264396,0.005106430083284171,0.004944288438901433,0.004787885920922942,0.004636994116262327,0.004491394808644637,0.004350879474924839,0.004215248808387713,0.004084312267493621,0.003957887648625865,0.003835800681481211,0.00371788464582524,0.00360398000840998,0.003493934078922006,0.003387600683895752,0.003284839857589528,0.0031855175488801,0.003089505343287278,0.002996680199291432,0.002906924198155814,0.002820124306511194,0.002736172151003379,0.002654963804344543,0.002576399582147416,0.002500383849956963,0.002426824839927836,0.002355634476627486,0.002286728211474429,0.002220024865349174,0.002155446478941555,0.002092918170422928,0.002032368000054924,0.001973726841368371,0.001916928258566565,0.001861908389826416,0.001808605836189335,0.001756961555750766,0.001706918762873547
44.5,0.01181987634201447,0.01146593910394956,0.01112296361534637,0.01079060088758549,0.01046851329212235,0.01015637418402926,0.009853867538197541,0.009560687597768659,0.009276538534378202,0.009001134119810373,0.008734197408675235,0.008475460431733637,0.008224663899508156,0.007981556915830367,0.007745896700987258,0.007517448324140744,0.007295984444705745,0.00708128506238285,0.006873137275552372,0.006671335047746097,0.006475678981923415,0.006285976102287332,0.006102039643385273,0.005923688846248094,0.00575074876132943,0.005583050058015293,0.005420428840482058,0.005262726469688262,0.005109789391293237,0.004961468969302447,0.004817621325246394,0.004678107182706395,0.004542791717007135,0.004411544409901789,0.004284238909081577,0.00416075289234741,0.004040967936286608,0.003924769389303319,0.003812046248856043,0.00370269104276104,0.003596599714424948,0.003493671511874677,0.00339380888045708,0.003296917359085345,0.003202905479913095,0.003111684671321324,0.00302316916410711,0.002937275900766936,0.002853924447770931,0.002773036910727993,0.002694537852345063,0.002618354213087146,0.002544415234447779,0.002472652384742768,0.002402999287342935,0.00233539165126444,0.002269767204038067,0.002206065626781403,0.002144228491400606,0.002084199199850616
45.5,0.01246773892105714,0.01209342797331546,0.01173075165767062,0.0113793380435165,0.01103882735562493,0.01070887157000593,0.01038913402338484,0.01007928903583251,0.009779021546101115,0.009488026759233046,0.009206009806025641,0.008932685413948439,0.008667777589123744,0.00841101930899444,0.008162152225316032,0.007920926377122188,0.007687099913325243,0.00746043882462455,0.007240716684406814,0.007027714398333569,0.006821219962320842,0.006621028228626966,0.006426940679773339,0.006238765210033058,0.006056315914230869,0.005879412883607151,0.005707882008506578,0.005541554787660796,0.00538026814384185,0.005223864245671142,0.005072190335375693,0.004925098562290897,0.004782445821915522,0.004644093600331594,0.004509907823807981,0.004379758713412781,0.004253520644465629,0.004131072010666583,0.004012295092744101,0.00389707593146969,0.003785304204892273,0.003676873109650068,0.003571679246222806,0.003469622507991695,0.003370605973979018,0.003274535805143682,0.003181321144113211,0.003090874018236657,0.003003109245846989,0.002917944345625161,0.002835299448961745,0.002755097215215622,0.002677262749772565,0.002601723524809853,0.002528409302676232,0.002457252061799659,0.002388185925038172,0.002321147090392137,0.002256073763998841,0.002192906095333172
46.5,0.01308484728326696,0.01268854633823401,0.01230468200559339,0.01193285268102492,0.01157267002291186,0.01122375850667862,0.01088575499430652,0.01055830831850497,0.01024107888103424,0.009933738264692814,0.009635968858499488,0.009347463495616808,0.009067925103577722,0.008797066366393174,0.008534609398132102,0.008280285427580547,0.008033834493599084,0.007795005150811858,0.007563554185272684,0.007339246339766204,0.007121854048413724,0.006911157180264931,0.006706942791567782,0.006509004886419121,0.006317144185509428,0.006131167902684455,0.005950889529056466,0.005776128624406877,0.005606710615630924,0.00544246660198382,0.005283233166895957,0.005128852196132796,0.004979170702082891,0.004834040653964833,0.004693318813751251,0.004556866577614804,0.004424549822707995,0.004296238759094981,0.004171807786659851,0.004051135356821921,0.003934103838894405,0.003820599390928424,0.003710511834889761,0.003603734536021066,0.003500164286247242,0.00339970119148651,0.003302248562734687,0.003207712810794381,0.003116003344525507,0.003027032472497612,0.0029407153079286,0.002856969676798564,0.00277571602903099,0.002696877352637547,0.002620379090726008,0.002546149061274503,0.002474117379578433,0.002404216383279696,0.002336380559890913,0.00227054647673036
47.5,0.01365993690173755,0.01324304394308651,0.01283935166979536,0.01244842945583506,0.01206986105533578,0.0117032441135949,0.01134818969494808,0.01100432182691535,0.01067127706005547,0.01034870404298035,0.01003626311200254,0.009733625894905201,0.009440474928343861,0.009156503288404871,0.008881414233863308,0.008614920861698539,0.00835674577444139,0.008106620758941583,0.007864286476158885,0.007629492161595008,0.007401995335996842,0.00718156152597462,0.00696796399419098,0.006760983478788952,0.006560407941738694,0.006366032325793701,0.006177658319758379,0.005995094131779062,0.005818154270380672,0.00564665933298102,0.005480435801624083,0.005319315845682481,0.005163137131288413,0.005011742637260377,0.004864980477301369,0.004722703728252044,0.004584770264189663,0.004451042596171371,0.004321387717426879,0.004195676953812855,0.004073785819347562,0.003955593876650789,0.003840984602120105,0.003729845255680457,0.003622066754949648,0.003517543553667914,0.003416173524244892,0.003317857844282543,0.003222500886937426,0.003130010114990397,0.003040295978496654,0.002953271815893064,0.002868853758444365,0.002786960637913727,0.002707513897347104,0.002630437504864885,0.002555657870357701,0.002483103764987117,0.002412706243395252,0.002344398568530598
48.5,0.01418020908366156,0.01374480075703179,0.0133232913964365,0.01291522299562822,0.01252015302528574,0.01213765389968977,0.0117673124620565,0.01140872948786916,0.01106151920557044,0.01072530883400166,0.01039973813599632,0.0100844589875574,0.009779134962067141,0.009483440928998759,0.00919706266661776,0.008919696488179007,0.008651048881143451,0.008390836158955105,0.008138784124935437,0.007894627747868137,0.007658110848862151,0.007428985799095921,0.007207013228059611,0.006991961741925875,0.006783607651692729,0.006581734710755081,0.006386133861573129,0.006196602991118155,0.006012946694787499,0.005834976048490908,0.005662508388621947,0.005495367099637406,0.005333381408978144,0.00517638618907386,0.005024221766183583,0.004876733735832442,0.004733772784613736,0.004595194518133529,0.004460859294882855,0.004330632065830283,0.004204382219534821,0.004081983432586323,0.003963313525187358,0.003848254321696918,0.003736691515963046,0.003628514541277084,0.003523616444788646,0.003421893766225733,0.003323246420770034,0.003227577585942811,0.003134793592361712,0.003044803818233961,0.002957520587455867,0.002872859071193471,0.002790737192823334,0.002711075536116787,0.002633797256555118,0.002558827995667083,0.002486095798283939,0.002415531032610915
49.5,0.01463556754406395,0.01418404509635016,0.01374704396706483,0.01332408068765581,0.012914688337779,0.01251841596653135,0.01213482803426509,0.0117635038742425,0.01140403717341626,0.01105603547164727,0.01071911967869668,0.01039292360835267,0.01007709352907598,0.009771287730570797,0.009475176105708548,0.009188439747253663,0.008910770558859603,0.008641870879823477,0.008381453123105611,0.008129239426138439,0.007884961313966583,0.007648359374276174,0.007419182943887864,0.007197189806303093,0.00698214589990825,0.006773825036455493,0.006572008629452956,0.006376485432110134,0.006187051284497353,0.006003508869590181,0.005825667477881911,0.005653342780258344,0.005486356608840326,0.005324536745510231,0.005167716717848473,0.005015735602216323,0.004868437833730742,0.004725673022885969,0.004587295778585599,0.004453165537357318,0.004323146398530657,0.004197106965166083,0.004074920190531294,0.003956463229927934,0.003841617297679113,0.003730267529094773,0.003622302847238642,0.003517615834326739,0.003416102607593644,0.003317662699468418,0.003222198941907921,0.003129617354740616,0.003039827037879256,0.002952740067265887,0.00286827139441754,0.002786338749445682,0.002706862547426932,0.002629765798007173,0.002554974018125083,0.002482415147745456
50.5,0.0150192869179862,0.01455415241010556,0.01410408395226234,0.01366857457112664,0.01324713488713131,0.01283929248903432,0.01244459133112842,0.01206259115226579,0.0116928669158974,0.01133500827035577,0.010988619028639,0.01065331666698082,0.01032873184151858,0.01001450792239607,0.00971030054466295,0.009415777175356081,0.009130616696170678,0.00885450900115156,0.00858715460885506,0.008328264288453522,0.008077558699272689,0.007834768043272185,0.00759963172999655,0.007371898053542293,0.00715132388110291,0.00693767435266999,0.006730722591484422,0.006530249424846125,0.006336043114905673,0.006147899099074805,0.005965619739706169,0.005789014082705713,0.005617897624753263,0.005452092088818978,0.005291425207674785,0.005135730515110883,0.004984847144578222,0.00483861963498794,0.004696897743408712,0.004559536264412544,0.004426394855828477,0.004297337870672744,0.004172234195032183,0.004050957091686122,0.003933384049259547,0.003819396636708177,0.003708880362943297,0.003601724541411093,0.003497822159448297,0.003397069752242176,0.003299367281229274,0.003204618016773517,0.003112728424969852,0.003023608058425383,0.002937169450875294,0.002853328015496103,0.002772001946783705,0.002693112125868616,0.002616582029145325,0.002542337640097305
51.5,0.0153273557038336,0.01485111889614516,0.01439041397948912,0.01394471262656914,0.01351350511070177,0.01309629963308221,0.01269262167488476,0.01230201337326671,0.01192403292037988,0.01155825398452818,0.01120426515264228,0.01086166939327347,0.01053008353933944,0.01020913778988342,0.009898475230136452,0.009597751369199024,0.00930663369468431,0.009024801243690293,0.008751944189491795,0.008487763443366242,0.008231970270989658,0.007984285922860079,0.007744441278226422,0.007512176502020473,0.007287240714308278,0.007069391671796121,0.006858395460943072,0.006654026202249248,0.006456065765305382,0.006264303494204436,0.006078535942931415,0.005898566620361633,0.005724205744511828,0.005555270005701785,0.005391582338296895,0.005232971700714643,0.005079272863389734,0.004930326204404005,0.004785977512498544,0.004646077797195607,0.00451048310576853,0.004379054346807359,0.004251657120137431,0.004128161552857369,0.004008442141271358,0.003892377598499342,0.0037798507075566,0.00367074817970206,0.003564960517862161,0.003462381884944294,0.003362909976860761,0.003266445900090905,0.003172894053615364,0.003082162015062819,0.002994160430915187,0.002908802910623351,0.002826005924490643,0.002745688705186818,0.002667773152760334,0.002592183743021519
52.5,0.01555628612940027,0.01507156077913232,0.01460274362077976,0.01414928791631862,0.01371066645116131,0.01328637081568683,0.01287591071382253,0.0124788132976413,0.01209462252697854,0.01172289855311155,0.01136321712558096,0.0110151690212702,0.01067835949489222,0.01035240775006654,0.01003694643020057,0.009731621128420222,0.009436089915823412,0.00915002288735858,0.008873101724657025,0.008605019275174035,0.008345479147018364,0.008094195318873797,0.007850891764439566,0.007615302090838217,0.007387169190461019,0.00716624490574136,0.006952289706366068,0.006745072378453686,0.00654436972524657,0.00634996627888134,0.006161654022818775,0.005979232124530489,0.005802506678055042,0.005631290456051024,0.005465402670989081,0.005304668745138382,0.005148920089016368,0.004997993887983197,0.004851732896674623,0.004709985240978602,0.004572604227272384,0.004439448158647465,0.004310380157860399,0.004185267996757234,0.004063983931929228,0.003946404546366519,0.003832410596885454,0.003721886867113753,0.003614722025825942,0.003510808490429403,0.003410042295408903,0.003312322965544862,0.003217553393727589,0.00312563972319648,0.003036491234039625,0.002950020233795606,0.002866141952005134,0.002784774438566043,0.002705838465750694,0.002629257433750123
53.5,0.01570033579195491,0.01521011206472536,0.01473605528361158,0.014277604988628,0.01383422098734058,0.01340538259688401,0.01299058791506352,0.0125893531194039,0.01220121179305328,0.01182571427649238,0.01146242704404191,0.01111093210420027,0.01077082642288245,0.0104417213686673,0.01012324217919629,0.009815027447900191,0.009516728630263043,0.009228009568863726,0.008948546036465811,0.00867802529645466,0.008416145679949,0.008162616178940089,0.007917156054837672,0.007679494461825962,0.007449370084456493,0.007226530788927472,0.007010733287520486,0.006801742815686635,0.006599332821293857,0.006403284665566366,0.006213387335265924,0.006029437165681654,0.00585123757401278,0.005678598802744631,0.005511337672633614,0.005349277344932796,0.005192247092502921,0.005040082079468751,0.004892623149093119,0.004749716619554154,0.004611214087323473,0.004476972237854816,0.004346852663303987,0.004220721687011729,0.004098450194491816,0.003979913470676465,0.003864991043180923,0.003753566531358325,0.003645527500924799,0.003540765323943298,0.003439175043962943,0.00334065524611843,0.00324510793200169,0.003152438399125202,0.003062555124803501,0.002975369654285855,0.002890796492979848,0.002808753002611551,0.002729159301174011,0.002651938166521605
54.5,0.01574990053827495,0.01525786077412414,0.01478208363232197,0.01432200229833965,0.01387707064552124,0.01344676245121527,0.01303057064347891,0.01262800657713581,0.01223859933801874,0.01186189507427493,0.01149745635365794,0.01114486154577296,0.01080370422828439,0.0104735926161347,0.01015414901286173,0.009845009283138534,0.009545822345695355,0.00925624968581683,0.008975964886640458,0.008704653178513152,0.008442011005692909,0.008187745609711063,0.007941574628738254,0.00770322571232362,0.007472436150901991,0.007248952519488051,0.007032530335000092,0.006822933726677748,0.006619935119080289,0.006423314927171736,0.00623286126301967,0.006048369653652933,0.005869642769641792,0.005696490163981569,0.005528728020877536,0.005366178914044641,0.005208671574151425,0.005056040665051826,0.004908126568463169,0.004764775176761861,0.00462583769358156,0.00449117044191115,0.004360634679401723,0.00423409642060335,0.004111426265863561,0.00399249923663002,0.003877194616909994,0.003765395800649185,0.003656990144801681,0.003551868827871937,0.003449926713718238,0.003351062220415531,0.003255177193983279,0.003162176786791848,0.003071969340468131,0.002984466273128275,0.002899581970771936,0.002817233682679323,0.002737341420658108,0.00265982786199366
55.5,0.0156926107639762,0.01520326822729434,0.01473007051569074,0.01427245471854804,0.01382987855109329,0.01340181956663238,0.01298777439987301,0.0125872580400782,0.01219980313284469,0.0118249593093495,0.01146229254195656,0.01111138452511972,0.01077183208056342,0.01044324658576293,0.01012525342478746,0.009817491460606667,0.009519612527999129,0.009231280946235607,0.008952173050744772,0.008681976743000638,0.008420391057902663,0.008167125747949125,0.007921900883532673,0.00768444646871483,0.007454502071862038,0.00723181647055126,0.007016147310177169,0.006807260775716101,0.00660493127612406,0.006408941140867413,0.006219080328105265,0.006035146144061764,0.005856942973145859,0.005684282018393373,0.005516981051823846,0.005354864174321033,0.005197761584661576,0.005045509357331894,0.004897949228787386,0.004754928391822407,0.004616299297732813,0.004481919465965227,0.004351651300960181,0.004225361915907479,0.00410292296314379,0.003984210470933094,0.003869104686381197,0.00375748992424541,0.003649254421409978,0.003544290196807175,0.003442492916572668,0.00334376176423223,0.003247999315724995,0.003155111419076123,0.003065007078539399,0.002977598343037118,0.002892800198731812,0.002810530465570664,0.002730709697649958,0.002653261087252843
56.5,0.01551801034309332,0.01503644910416601,0.01457067107469517,0.01412012920317293,0.01368429642293825,0.01326266488792203,0.01285474523873007,0.01246006589782399,0.01207817239261219,0.01170862670531222,0.01135100664849382,0.01100490526525699,0.01066993025304337,0.01034570341012047,0.01003186010381859,0.009728048759638728,0.009433930370385321,0.009149178024514306,0.008873476452919284,0.008606521593411381,0.008348020172179218,0.008097689301544506,0.007855256093357644,0.007620457287404311,0.007393038894220158,0.00717275585173567,0.0069593716951969,0.0067526582398306,0.006552395275744309,0.006358370274572685,0.006170378107401469,0.00598822077351981,0.005811707139569876,0.005640652688680651,0.005474879279189171,0.005314214912569348,0.005158493510203445,0.005007554698646455,0.004861243603047851,0.004719410648408762,0.004581911368365689,0.004448606221204689,0.004319360412821509,0.004194043726355139,0.00407253035823306,0.003954698760377013,0.003840431488328452,0.003729615055062413,0.003622139790267875,0.003517899704881771,0.003416792360672134,0.003318718744674323,0.003223583148292003,0.003131293050882162,0.003041759007650637,0.002954894541691714,0.00287061604001176,0.002788842653383552,0.002709496199883836,0.002632501071972623
57.5,0.0152240656115221,0.01475526826498918,0.01430166039674465,0.01386272216237296,0.01343795250150262,0.01302686842444032,0.01262900432707295,0.0122439113328774,0.01187115666092876,0.01151032301884209,0.01116100801962989,0.01082282362149832,0.01049539558964718,0.01017836297917802,0.009871377638251307,0.009574103730670596,0.009286217277105446,0.009007405714197614,0.00873736747082721,0.008475811560844903,0.008222457191605701,0.007977033387667275,0.007739278629042213,0.007508940503418989,0.007285775371790941,0.007069548046955172,0.006860031484366286,0.006657006484850693,0.006460261408707701,0.006269591900743323,0.006084800625801284,0.005905697014373617,0.005732097017890606,0.005563822873306052,0.005400702876609667,0.005242571164913606,0.005089267506774284,0.004940637100425025,0.004796530379607557,0.004656802826703976,0.004521314792882123,0.004389931324979741,0.004262521998863257,0.004138960759008376,0.004019125764059433,0.003902899238134577,0.003790167327653215,0.003680819963471076,0.003574750728117086,0.00347185672793437,0.003372038469935753,0.003275199743191731,0.003181247504576164,0.003090091768701974,0.003001645501885818,0.002915824519987166,0.002832547389973421,0.002751735335068459,0.002673312143347954,0.002597204079649962
58.5,0.01482213488337209,0.01437011864654264,0.01393252779706191,0.01350887769282366,0.01309870087996549,0.01270154645018164,0.01231697942324699,0.01194458015372235,0.01158394376085392,0.01123467958072222,0.01089641063973513,0.01056877314859764,0.01025141601592808,0.00994400038072459,0.009646199162919674,0.009357696631292253,0.009078187988037299,0.008807378969322271,0.008544985461187905,0.00829073313017724,0.008044357068102642,0.007805601450385212,0.007574219207424239,0.007349971708477006,0.007132628457550672,0.006921966800828727,0.006717771645173893,0.006519835187268836,0.006327956652973339,0.006141942046494645,0.005961603908983911,0.005786761086187343,0.005617238504796563,0.005452866957156299,0.005293482894002332,0.005138928224915463,0.004989050126190278,0.004843700855829597,0.004702737575387432,0.004566022178394298,0.004433421125109708,0.004304805283356854,0.004180049775204401,0.004059033829269918,0.003941640638428268,0.003827757222717419,0.003717274297241978,0.003610086144883137,0.003506090493631231,0.003405188398364357,0.003307284126903749,0.003212285050183207,0.003120101536376345,0.003030646848831702,0.00294383704767169,0.002859590894916942,0.002777829763003301,0.002698477546563673,0.002621460577352284,0.002546707542193405
59.5,0.01433798967095643,0.01390506611611185,0.01348573508958041,0.01307954959992257,0.01268607813832449,0.01230490411231245,0.01193562530131017,0.01157785333315442,0.01123121318072232,0.01089534267785861,0.010569892053826,0.01025452348553411,0.009948910666833391,0.009652738394190981,0.009365702168093491,0.009087507809548994,0.008817871091087393,0.008556517381682168,0.008303181305041804,0.008057606410740759,0.007819544857682955,0.007588757109410906,0.007365011640794152,0.00714808465564958,0.006937759814864969,0.006733827974614321,0.006536086934270709,0.006344341193638276,0.006158401719140735,0.005978085718618125,0.005803216424398346,0.005633622884322884,0.005469139760419587,0.005309607134927724,0.005154870323392348,0.005004779694556489,0.004859190496790683,0.004717962690809726,0.004580960788436614,0.004448053697183358,0.004319114570427334,0.004194020662970978,0.004072653191780777,0.003954897201709894,0.003840641436016388,0.003729778211496402,0.003622203298059055,0.003517815802576308,0.003416518056847981,0.003318215509528073,0.00322281662186481,0.003130232767112545,0.003040378133479103,0.002953169630477698,0.002868526798557406,0.002786371721891305,0.002706628944205882,0.002629225387540003,0.002554090273825939,0.002481155049189117
60.5,0.0138068327819518,0.0133934129946193,0.01299278665469244,0.01260454158131909,0.01222827952032715,0.01186361564791064,0.01151017809302167,0.01116760747772382,0.01083555647479335,0.01051368938188444,0.01020168171160323,0.009899219796862514,0.009606000410915704,0.009321730401492241,0.009046126338482336,0.008778914174640004,0.008519828918796452,0.008268614321096135,0.008025022569788083,0.007788813999124048,0.007559756807933612,0.007337626788463648,0.007122207065086505,0.00691328784249746,0.006710666163036947,0.006514145672788333,0.006323536396115796,0.006138654518320525,0.005959322176106191,0.005785367255557419,0.005616623197346442,0.005452928808894761,0.005294128083227558,0.005140070024268724,0.00499060847833491,0.004845601971595943,0.00470491355327882,0.004568410644400734,0.004435964891825317,0.004307452027444376,0.004182751732294989,0.004061747505429523,0.00394432653736292,0.003830379587928833,0.003719800868382404,0.003612487927593979,0.003508341542184006,0.003407265610455186,0.003309167049983409,0.003213955698734491,0.003121544219578661,0.003031848008079816,0.002944785103441084,0.002860276102492963,0.002778244076614473,0.002698614491481928,0.002621315129544085,0.002546276015126079,0.002473429342068262,0.002402709403809785
61.5,0.01326453726850739,0.01286957245930485,0.01248670279108299,0.01211554484296501,0.01175572786917798,0.01140689335886498,0.01106869461205269,0.01074079633114572,0.01042287422734519,0.01011461464141403,0.009815714178234538,0.009525879354627179,0.009244826259920449,0.008972280228783169,0.008707975525849966,0.008451655041689619,0.008203069999684658,0.007961979673407513,0.007728151114095384,0.007501358887842005,0.007281384822139882,0.007068017761420712,0.006861053331256518,0.006660293710896736,0.006465547413829893,0.006276629076070385,0.006093359251883171,0.005915564216670168,0.005743075776753081,0.005575731085797788,0.005413372467635597,0.005255847245245733,0.005103007575673245,0.004954710290664697,0.004810816742812836,0.004671192657009349,0.004535707987012571,0.004404236776944511,0.004276657027538562,0.004152850566966322,0.004032702926078226,0.003916103217899282,0.003802944021227005,0.003693121268184648,0.003586534135588175,0.00348308493999102,0.003382679036275566,0.003285224719665436,0.00319063313103712,0.003098818165414383,0.003009696383532933,0.002923186926367157,0.002839211432514805,0.002757693958339242,0.002678560900772742,0.002601740922687743,0.002527164880746462,0.002454765755642641,0.002384478584652209,0.002316240396412801
62.5,0.01273996872655127,0.0123616667028562,0.01199488637423969,0.01163926592104903,0.01129445531614461,0.01096011592295031,0.01063592010794625,0.0103215508670525,0.010016701465376,0.009721075089813666,0.009434384514025139,0.009156351775308502,0.008886707862930778,0.00862519241748325,0.008371553440848348,0.008125547016382005,0.007886937038930354,0.007655494954315456,0.007430999507938613,0.007213236502164063,0.007001998562158909,0.006797084909877916,0.006598301145893999,0.006405459038786881,0.006218376321813501,0.006036876496594699,0.005860788643562715,0.005689947238924084,0.005524191977901959,0.005363367604030821,0.005207323744285303,0.005055914749833379,0.004908999542211772,0.004766441464729498,0.004628108138912655,0.004493871325810636,0.004363606791990732,0.004237194180054671,0.004114516883516847,0.003995461925889973,0.003879919843829688,0.003767784574195202,0.003658953344888352,0.003553326569338496,0.003450807744505787,0.003351303352279702,0.003254722764154745,0.003160978149069015,0.003069984384296034,0.002981658969283953,0.002895921942340086,0.002812695800062716,0.002731905419425378,0.002653477982422417,0.002577342903187935,0.002503431757503324,0.002431678214611695,0.002362017971260465,0.002294388687896136,0.002228729926938063
63.5,0.0122513518825564,0.01188784093500178,0.01153538962588515,0.01119365149870709,0.01086229133157457,0.01054098475751266,0.01022941789825971,0.009927287011038791,0.009634298147817811,0.009350166826591125,0.009074617714233671,0.008807384320496542,0.008548208702730065,0.008296841180936942,0.008053040062773516,0.007816571378132407,0.00758720862295411,0.007364732511928794,0.007148930739763117,0.006939597750699045,0.006736534515984282,0.006539548319005145,0.006348452547804222,0.006163066494715566,0.005983215162860523,0.00580872907925725,0.005639444114306238,0.005475201307423249,0.005315846698599834,0.005161231165679841,0.005011210267148317,0.004865644090236991,0.004724397104157683,0.004587338018282323,0.004454339645094712,0.004325278767746079,0.004200036012052308,0.004078495722777121,0.003960545844050994,0.003846077803781196,0.003734986401913869,0.003627169702413787,0.003522528928832746,0.003420968363342079,0.003322395249109285,0.003226719695903258,0.003133854588816763,0.003043715499998748,0.002956220603293147,0.002871290591684355,0.002788848597453317,0.00270882011495157,0.002631132925903807,0.002555717027152946,0.002482504560764501,0.002411429746410234,0.002342428815953799,0.002275439950163828,0.002210403217482622,0.002147260514781108
64.5,0.01180698626214897,0.01145667586438697,0.01111704297718672,0.01078775219928292,0.0104684790300981,0.01015890950126392,0.009858739821187139,0.009567676032173188,0.009285433679638147,0.009011737492960263,0.008746321077538517,0.008488926617643496,0.008239304589662249,0.007997213485353934,0.007762419544748604,0.007534696498335423,0.007313825318200514,0.007099593977788002,0.006891797219970044,0.006690236333124153,0.006494718934927618,0.006305058763589689,0.006121075476253407,0.005942594454308686,0.00576944661536844,0.005601468231668777,0.005438500754663427,0.005280390645591254,0.00512698921180392,0.004978152448649039,0.004833740886711432,0.004693619444222881,0.00455765728445763,0.004425727677937637,0.004297707869278396,0.004173478948512021,0.00405292572673065,0.003935936615898926,0.003822403512689679,0.003712221686202625,0.003605289669430773,0.003501509154344206,0.003400784890465861,0.003303024586818144,0.003208138817124029,0.003116040928150038,0.003026646951083073,0.0029398755158365,0.00285564776818499,0.002773887289631105,0.002694520019909974,0.002617474182042066,0.002542680209846907,0.002470070677834041,0.002399580233390196,0.002331145531184813,0.002264705169718561,0.002200199629942283,0.002137571215876445,0.002076763997163384
65.5,0.01140912052573047,0.01107060599484759,0.01074244779460736,0.010424318436423,0.01011590116422606,0.009816889588650166,0.009526987334251849,0.009245907699278676,0.008973373327514815,0.008709115891752986,0.008452875788459142,0.008204401843213995,0.007963451026531398,0.007729788179669799,0.007503185750067543,0.007283423536047766,0.007070288440451954,0.006863574232874873,0.006663081320186052,0.00646861652503534,0.006279992872051468,0.006097029381454093,0.005919550869810274,0.0057473877576767,0.005580375883878826,0.0054183563261877,0.00526117522816411,0.005108683631948607,0.004960737316784246,0.004817196643066859,0.004677926401725591,0.004542795668743591,0.00441167766463596,0.004284449618709038,0.004160992637931382,0.004041191580253306,0.003924934932217871,0.003812114690711912,0.003702626248711448,0.003596368284881051,0.003493242656891993,0.003393154298328904,0.003296011119059479,0.003201723908946371,0.003110206244784682,0.003021374400352937,0.00293514725946931,0.002851446231948828,0.00277019517236116,0.002691320301492057,0.002614750130415169,0.002540415387084185,0.002468248945358569,0.002398185756379205,0.002330162782213346,0.002264118931691043,0.002199994998358048,0.002137733600472911,0.002077279122978416,0.002018577661380203
66.5,0.01105849804423156,0.01073014552064468,0.01041190004100627,0.01010343852770409,0.009804448640088097,0.009514628403013011,0.009233685848793772,0.008961338672065397,0.008697313897060011,0.008441347556832195,0.008193184383983814,0.007952577512456033,0.007719288189974212,0.007493085500747424,0.007273746098039959,0.007061053946247398,0.006854800072124198,0.006654782324823322,0.006460805144422109,0.006272679338620712,0.006090221867312167,0.005913255634734299,0.005741609288925215,0.005575117028214699,0.005413618414494111,0.005256958193017317,0.005104986118494594,0.004957556787250543,0.004814529475225843,0.004675767981610963,0.004541140477907888,0.004410519362223958,0.004283781118608889,0.004160806181253589,0.004041478803375783,0.003925686930624429,0.003813322078840868,0.003704279216020947,0.003598456648328004,0.00349575591001231,0.003396081657097844,0.003299341564702469,0.00320544622786259,0.003114309065738012,0.00302584622907746,0.002939976510829485,0.002856621259787787,0.002775704297164098,0.002697151835985548,0.002620892403217406,0.002546856764515444,0.002474977851515984,0.002405190691574698,0.002337432339868777,0.002271641813779896,0.002207760029478624,0.002145729740633661,0.00208549547917209,0.002027003498019504,0.001970201715751429
67.5,0.01075688136490011,0.01043637468870573,0.01012583948518507,0.009824951607968984,0.009533397907451203,0.009250875842305188,0.008977093105263676,0.008711767262616741,0.008454625406906327,0.008205403822315563,0.00796384766227088,0.007729710638794446,0.007502754723162094,0.00728274985743986,0.007069473676488702,0.00686271124004337,0.006662254774486357,0.006467903423953147,0.006279463010418805,0.006096745802429853,0.005919570292158035,0.005747760980465641,0.005581148169683559,0.005419567763815273,0.005262861075890497,0.00511087464220349,0.004963460043180689,0.004820473730632315,0.004681776861152302,0.004547235135439306,0.00441671864332091,0.004290101714270901,0.004167262773218003,0.004048084201451551,0.003932452202437637,0.003820256672365748,0.003711391075253142,0.003605752322440525,0.003503240656318956,0.003403759538133987,0.003307215539718739,0.003213518239013358,0.003122580119233397,0.003034316471555171,0.002948645301190753,0.002865487236730246,0.002784765442633457,0.002706405534757551,0.002630335498811359,0.002556485611631361,0.002484788365177864,0.002415178393154109,0.002347592400154244,0.002281969093249893,0.002218249115928177,0.002156374984297417,0.002096291025479691,0.002037943318112548,0.001981279634884927,0.001926249387035092
68.5,0.01050707541278787,0.0101911569359227,0.009885249887165926,0.00958902028081943,0.009302145809783261,0.009024315420126144,0.008755228901698719,0.008494596494166583,0.008242138507865053,0.00799758495890145,0.007760675217953418,0.00753115767223381,0.007308789400113505,0.007093335857913782,0.006884570578399272,0.006682274880520946,0.006486237589976407,0.006296254770171928,0.006112129463186964,0.005933671440357666,0.005760696962110949,0.005593028546695278,0.005430494747468019,0.005272929938412876,0.005120174107573334,0.004972072658100677,0.004828476216626791,0.004689240448683268,0.004554225880899243,0.004423297729720907,0.004296325736405463,0.004173184008052195,0.00405375086444225,0.003937908690467866,0.003825543793940136,0.003716546268572646,0.003610809861946162,0.00350823184826709,0.003408712905739617,0.003312156998378543,0.003218471262096315,0.00312756589490431,0.003039354051074558,0.002953751739113964,0.002870677723408851,0.002790053429403028,0.002711802852177922,0.002635852468308218,0.002562131150871546,0.002490570087495036,0.002421102701326359,0.0023536645748211,0.00228819337624221,0.002224628788771584,0.002162912442137361,0.002102987846664345,0.002044800329658409,0.001988296974039145,0.001933426559138246,0.001880139503584281
69.5,0.01031072305420999,0.009995301425673248,0.009690165166257828,0.009394958310657356,0.009109337861651511,0.008832973297618197,0.008565546099364559,0.00830674929549995,0.008056287025605412,0.007813874120485773,0.007579235698818603,0.007352106779543155,0.007132231909358778,0.006919364804728229,0.006713268007806062,0.00651371255573572,0.00632047766278185,0.006133350414785992,0.00595212547545464,0.005776604804008608,0.005606597383742004,0.005441918961057066,0.005282391794559201,0.00512784441381303,0.004978111387376575,0.004833033099746482,0.004692455536861479,0.00455623007982605,0.004424213306529847,0.004296266800851197,0.004172256969146032,0.004052054863735347,0.003935536013115948,0.003822580258630357,0.003713071597342311,0.003606898030874522,0.003503951419975134,0.003404127344588703,0.003307324969216516,0.003213446913359602,0.003122399126846264,0.003034090769853697,0.002948434097440884,0.002865344348417487,0.00278473963838009,0.002706540856754245,0.002630671567686871,0.002557057914640068,0.00248562852854305,0.002416314439364734,0.002349048990975082,0.002283767759168219,0.00222040847272575,0.002158910937403239,0.002099216962727563,0.002041270291497302,0.001985016531882507,0.001930403092024375,0.001877379117039212,0.001825895428334858
70.5,0.01016544810504732,0.00984605772546723,0.009537494122880229,0.009239364891991122,0.008951292640413076,0.008672914390130832,0.008403881003563022,0.00814385663318965,0.007892518193755532,0.007649554856101888,0.007414667561719756,0.007187568557156582,0.006967980947445025,0.00675563826775803,0.006550284072528374,0.006351671541303136,0.006159563100634497,0.005973730061338341,0.005793952270479938,0.005620017777473717,0.005451722513709948,0.005288869985145767,0.005131270977322441,0.00497874327229282,0.004831111376965405,0.004688206262391831,0.004549865113544931,0.004415931089153422,0.00428625309117766,0.004160685543528574,0.004039088179648229,0.003921325838587206,0.003807268269228628,0.003696789942323939,0.003589769870019309,0.003486091432565151,0.003385642211914114,0.003288313831925222,0.003194001804903798,0.003102605384217962,0.003014027422743474,0.002928174236898987,0.002844955476043773,0.002764283997019479,0.002686075743626567,0.002610249630834854,0.002536727433535884,0.002465433679652915,0.002396295547431926,0.002329242766744372,0.002264207524239506,0.002201124372190792,0.00213993014088729,0.002080563854427228,0.002022966649776769,0.001967081698962668,0.001912854134272934,0.001860230976344906,0.00180916106502492,0.001759594992888723
71.5,0.01006251707748973,0.009734981304905053,0.009419078827864425,0.009114365524277237,0.008820415183114126,0.008536818752877115,0.008263183622501599,0.007999132933262168,0.007744304920318298,0.007498352282596632,0.007260941579764926,0.007031752655108111,0.006810478083170039,0.006596822641075057,0.006390502802491949,0.006191246253249007,0.005998791427652889,0.005812887064606323,0.005633291782659693,0.005459773673170071,0.005292109910777908,0.005130086380446615,0.004973497320343803,0.004822144979874706,0.004675839292209194,0.004534397560672495,0.004397644158397937,0.004265410240666544,0.004137533469383521,0.00401385774916626,0.003894232974541415,0.00377851478777092,0.003666564346847852,0.003558248103223316,0.003453437588844855,0.003352009212105305,0.003253844062318641,0.00315882772235618,0.003066850089092668,0.002977805201327052,0.002891591074857513,0.002808109544404296,0.002727266112087325,0.002648969802178412,0.002573133021860081,0.00249967142773474,0.002428503797839118,0.002359551908929593,0.0022927404188142,0.002227996753516889,0.002165250999068956,0.002104435797731459,0.002045486248460929,0.001988339811438884,0.001932936216493393,0.001879217375248403,0.001827127296843632,0.00177661200707465,0.001727619470809278,0.001680099517542569
72.5,0.009986386763467536,0.009647499752194623,0.009321277407802966,0.009007209474416879,0.008704807398576007,0.008413603370822613,0.008133149410725946,0.007863016493339276,0.00760279371517837,0.007352087497899807,0.007110520827942539,0.006877732530477066,0.00665337657608409,0.006437121418657948,0.006228649363100284,0.006027655961436418,0.005833849436050414,0.005646950128795525,0.005466689974794761,0.00529281199980113,0.005125069840039946,0.004963227283505435,0.004807057831731601,0.004656344281103088,0.004510878322814469,0.004370460160628539,0.004234898145622777,0.004104008427151116,0.003977614619283883,0.003855547482022626,0.003737644616619319,0.003623750174360224,0.003513714578204276,0.003407394256694016,0.00330465138958389,0.003205353664656334,0.003109374045220407,0.003016590547811042,0.002926886029629117,0.002840147985283627,0.002756268352417427,0.002675143325817273,0.002596673179627077,0.002520762097300839,0.00244731800894836,0.002376252435742671,0.00230748034107329,0.002240919988143859,0.002176492803726395,0.002114123247797671,0.002053738688795564,0.001995269284245348,0.001938647866517123,0.001883809833486537,0.001830693043881271,0.001779237717105647,0.001729386337345149,0.001681083561761592,0.001634276132598319,0.001588912793022911
73.5,0.009915797114806162,0.009563901741340104,0.00922585086701062,0.008901056436812308,0.008588956741280077,0.00828901519259798,0.008000719158994056,0.007723578854597161,0.007457126282069415,0.007200914225460254,0.006954515290853064,0.006717520992494343,0.006489540882208738,0.006270201720010411,0.006059146683923896,0.005856034617124393,0.00566053931060002,0.005472348819626328,0.005291164812426695,0.005116701949471891,0.004948687291947231,0.004786859737987582,0.004630969485348769,0.0044807775192486,0.00433605512417242,0.004196583418496791,0.004062152910840487,0.003932563077105056,0.003807621957217582,0.003687145770636119,0.003570958549723889,0.003458891790141613,0.003350784117448575,0.003246480969142086,0.003145834291402434,0.003048702249845656,0.002954948953620322,0.002864444192216389,0.002777063184384864,0.002692686338595797,0.00261119902448984,0.002532491354804801,0.002456457977283461,0.002382997876092846,0.002312014182307517,0.002243413993031043,0.002177108198750175,0.002113011318535749,0.002051041342722665,0.001991119582719165,0.001933170527611986,0.001877121707250271,0.001822903561505936,0.00177044931542286,0.001719694859980775,0.001670578638212977,0.001623041536429175,0.001577026780306843,0.001532479835625485,0.001489348313429086
74.5,0.009827145954007362,0.009462442538178946,0.009112806758278016,0.008777566206249088,0.008456080100611005,0.008147737745229653,0.00785195706503956,0.007568183214806797,0.007295887257226395,0.007034564906838046,0.006783735336424373,0.00654294004272739,0.006311741768480802,0.006089723477910308,0.005876487382999425,0.005671654017957227,0.005474861359455323,0.005285763990326169,0.005104032304532605,0.004929351751330469,0.004761422116652483,0.004599956839841987,0.004444682363960899,0.004295337517986519,0.004151672929297866,0.004013450464933761,0.003880442700181822,0.003752432413131182,0.003629212103891077,0.003510583537243297,0.003396357307559306,0.003286352424871863,0.003180395921047558,0.00307832247505978,0.002979974056412555,0.002885199585813585,0.002793854612240447,0.002705801005587199,0.002620906664119718,0.002539045236006883,0.002460095854231902,0.002383942884222877,0.002310475683575275,0.002239588373270211,0.002171179619822738,0.002105152427822468,0.002041413942356119,0.001979875260826927,0.001920451253710372,0.001863060393808608,0.001807624593587935,0.001754069050204442,0.00170232209784262,0.001652315067010539,0.00160398215045291,0.001557260275360235,0.001512088981568294,0.001468410305457377,0.001426168669275169,0.001385310775620826
75.5,0.009699963727530608,0.00932418129740991,0.008964652420457875,0.008620617147531878,0.008291352990003756,0.007976173006216806,0.007674423988095932,0.007385484742579726,0.007108764462829812,0.006843701184445004,0.006589760322164505,0.00634643328278725,0.006113236150264469,0.005889708439139747,0.005675411912716101,0.005469929462524593,0.005272864045851966,0.005083837678259298,0.004902490478187927,0.004728479760904216,0.004561479179182135,0.004401177908261675,0.004247279872752628,0.004099503013278028,0.003957578590769153,0.00382125052643544,0.003690274775538125,0.003564418733196233,0.003443460670547631,0.003327189199677462,0.003215402765810448,0.003107909165343683,0.00300452508837193,0.002905075684429257,0.002809394150238265,0.002717321338322382,0.002628705385397336,0.002543401359515189,0.002461270924988654,0.002382182024174876,0.002306008575246293,0.00223263018512245,0.002161931876780026,0.002093803830199638,0.002028141136247019,0.001964843562823078,0.001903815332652345,0.001844964912112405,0.001788204810538249,0.001733451389465173,0.001680624681301908,0.001629648216952278,0.001580448861928873,0.001532956660526051,0.001487104687642155,0.001442828907862235,0.001400068041432771,0.001358763436779122,0.001318858949234492,0.001280300825666509
76.5,0.009521875183555057,0.00913732051813473,0.008770173953445011,0.00841958067882316,0.008084730287697428,0.007764854379842588,0.00745922429664442,0.007167148981852884,0.006887972960734816,0.006621074430943134,0.006365863458801866,0.006121780275067359,0.005888293664565021,0.005664899444421507,0.005451119025913454,0.005246498055238117,0.005050605128778841,0.004863030578690803,0.004683385324869968,0.004511299789592325,0.004346422871321564,0.004188420974382461,0.004036977091384448,0.003891789935457123,0.003752573119525352,0.003619054380009384,0.003490974842482786,0.003368088326960964,0.003250160690624248,0.003136969205903835,0.003028301971975434,0.002923957357815898,0.002823743475082024,0.002727477679168443,0.002634986096894278,0.002546103179354894,0.002460671278557634,0.002378540246537552,0.002299567055722422,0.002223615439384999,0.002150555551085683,0.002080263642069824,0.002012621755641807,0.001947517437592552,0.001884843461808469,0.001824497570238458,0.001766382226441268,0.00171040438197872,0.001656475254961052,0.001604510120089061,0.001554428109573972,0.001506152024350227,0.001459608155028613,0.001414726112067695,0.001371438664670231,0.001329681587938401,0.001289393517847327,0.001250515813620491,0.001212992427113554,0.001176769778834577
77.5,0.009285353441008929,0.008894708805326374,0.008522579980119318,0.008168010470326864,0.007830096259146822,0.007507982806670187,0.007200862225152384,0.00690797062031705,0.006628585588734115,0.006362023861919292,0.006107639088371256,0.005864819745296145,0.005632987172270274,0.00541159371956181,0.005200121004273663,0.004998078267884324,0.004805000829151822,0.004620448626711491,0.004444004846040647,0.004275274625785242,0.004113883838745553,0.003959477943101575,0.003811720899725112,0.003670294151675667,0.00353489566221192,0.003405239007871152,0.003281052523375968,0.003162078495322192,0.003048072401784349,0.002938802195146672,0.002834047625628693,0.002733599603125814,0.002637259595127277,0.002544839058607546,0.002456158903912554,0.002371048988780021,0.002289347640743779,0.002210901206276051,0.002135563625119419,0.00206319602835183,0.001993666358814563,0.00192684901261393,0.001862624500483796,0.001800879127867566,0.001741504692645686,0.001684398199497855,0.001629461589948664,0.00157660148720135,0.001525728954916753,0.001476759269144142,0.001429611702656881,0.001384209320989704,0.001340478789515332,0.001298350190936874,0.001257756852608706,0.001218635183132734,0.001180924517709014,0.001144566971749984,0.00110950730229593,0.001075692776796093
78.5,0.008986117668376993,0.008592260878621177,0.008217974276386861,0.007862192240297199,0.007523911032152283,0.007202185040767705,0.006896123260768224,0.006604885991333285,0.006327681740863344,0.006063764324444061,0.00581243014183444,0.00557301562449846,0.00534489484094098,0.005127477250302211,0.004920205594812618,0.004722553922315789,0.004534025730633018,0.004354152226072405,0.004182490688880195,0.004018622938894561,0.003862153895094542,0.003712710223141167,0.003569939065385988,0.003433506848175801,0.003303098161612842,0.003178414707239085,0.0030591743094024,0.002945109986332716,0.002835969077209372,0.002731512421737448,0.002631513588972068,0.002535758152336922,0.002444043007976716,0.002356175733764678,0.002271973986455593,0.00219126493463366,0.002113884725252705,0.002039677981705424,0.001968497331488048,0.001900202961648702,0.00183466220032148,0.001771749122754804,0.001711344180342522,0.001653333851259402,0.001597610311390294,0.001544071124323884,0.001492618949258786,0.001443161265741325,0.001395610114221647,0.001349881851477663,0.001305896920015322,0.001263579630608853,0.001222857957196321,0.001183663343394356,0.001145930519941144,0.001109597332419418,0.001074604578650919,0.001040895855191177,0.001008417412388396,0.0009771180175030386
79.5,0.008625140832024239,0.008230049579127282,0.007855687199404769,0.007500850583731469,0.007164411665983467,0.006845312503968369,0.00654256069384306,0.006255225094887325,0.005982431843131883,0.005723360633853026,0.005477241254352197,0.005243350349744662,0.005021008405694638,0.00480957693316109,0.004608455841265084,0.004417080985362347,0.004234921878307998,0.004061479553740182,0.003896284570989124,0.003738895151943149,0.003588895440876763,0.003445893878871844,0.003309521685044781,0.003179431437333204,0.003055295746098479,0.002936806014267403,0.002823671278170889,0.002715617123641178,0.002612384672304558,0.002513729633355625,0.002419421416423788,0.00232924230144436,0.002242986661727604,0.002160460236679873,0.002081479450874046,0.002005870776392226,0.001933470135573904,0.001864122341498207,0.001797680573710832,0.001734005886875438,0.001672966750186892,0.001614438615530207,0.001558303512505554,0.001504449668566669,0.001452771152638183,0.001403167540687445,0.001355543601828943,0.001309809003634736,0.001265878035413211,0.001223669348301214,0.001183105711091709,0.001144113780790821,0.001106623886965058,0.001070569829001873,0.001035888685464598,0.001002520634777129,0.0009704087865239782,0.0009394990226983842,0.0009097398482749942,0.0008810822505244519
80.5,0.008200091926939186,0.007805644498870327,0.007433215121485639,0.007081430657324163,0.006749010577070787,0.006434760374347292,0.006137565465459655,0.005856385537548483,0.005590249311388567,0.005338249687665439,0.005099539247939031,0.004873326083703017,0.004658869928976505,0.004455478573736665,0.004262504537228201,0.004079341981779862,0.003905423849229527,0.00374021920341775,0.003583230763463129,0.003433992613690508,0.003292068077151311,0.003157047740662043,0.003028547620197718,0.002906207456318292,0.002789689130082891,0.002678675190623945,0.002572867486216167,0.002471985891287089,0.002375767122381485,0.002283963636614142,0.002196342606628227,0.002112684966522149,0.00203278452362017,0.001956447131342514,0.001883489918782916,0.001813740572926697,0.001747036669743266,0.001683225050664956,0.00162216124122111,0.001563708908834063,0.001507739357003482,0.00145413105330876,0.001402769188847295,0.001353545266900331,0.001306356718779059,0.001261106544952515,0.001217702979696664,0.001176059177631521,0.001136092920631256,0.001097726343701446,0.001060885678518868,0.001025501013422785,0.0009915060687335424,0.0009588379863545605,0.000927437132688216,0.0008972469139651138,0.0008682136031500474,0.0008402861776472232,0.0008134161670821154,0.0007875575104882257
81.5,0.007703378267324298,0.007312430576585527,0.006944812817065961,0.006598958748104285,0.006273416145604831,0.005966838045358215,0.005677974682890048,0.005405666073129117,0.005148835177877765,0.004906481613365619,0.004677675854107406,0.004461553892895396,0.004257312320066274,0.004064203788214715,0.003881532831306523,0.003708652009692465,0.003544958354860911,0.003389890089909546,0.003242923603681181,0.003103570658310099,0.002971375811577627,0.002845914036991041,0.002726788525889953,0.002613628657159482,0.00250608812129944,0.002403843186672128,0.002306591096736347,0.002214048587979179,0.002125950519086615,0.002042048602655716,0.001962110231449979,0.001885917391841369,0.001813265657671752,0.001743963258307606,0.001677830215158805,0.001614697541388778,0.001554406499962581,0.001496807915564708,0.001441761536272297,0.00138913544119481,0.001338805490589997,0.001290654815240859,0.00124457334213085,0.001200457353686812,0.001158209078072666,0.001117736308213305,0.001078952047408772,0.001041774179564967,0.00100612516222009,0.0009719317406866448,0.0009391246817584203,0.0009076385255509957,0.0008774113541541058,0.0008483845758752478,0.0008205027239469666,0.0007937132686560124,0.0007679664419315116,0.000743215073502092,0.0007194144377989526,0.000696522110843739
82.5,0.007130711358138152,0.006745346093099878,0.006384919580496647,0.006047598996999463,0.005731698215894578,0.005435665393800659,0.0051580716466105,0.004897600716742833,0.004653039542738813,0.004423269650360025,0.004207259291715686,0.004004056265637798,0.003812781358596373,0.00363262235096073,0.003462828538419294,0.003302705722916029,0.003151611631590059,0.003008951725954227,0.002874175366954139,0.00274677230464296,0.002626269464017949,0.002512228001118856,0.002404240605808998,0.00230192902976945,0.00220494182015383,0.002112952241094416,0.002025656366834972,0.001942771331706668,0.001864033723474076,0.001789198107770234,0.001718035672424144,0.001650332981470675,0.001585890829530589,0.001524523188065522,0.001466056235756419,0.001410327465931017,0.00135718486458249,0.00130648615308276,0.001258098090205379,0.001211895828538752,0.001167762320794911,0.001125587771905919,0.001085269133152504,0.001046709634891061,0.001009818354738142,0.0009745098183389626,0.0009407036300902385,0.0009083241314101581,0.0008773000843513139,0.0008475643785377478,0.000819053759576423,0.0007917085772479714,0.0007654725519226346,0.0007402925577762843,0.0007161184214991887,0.0006929027352978684,0.0006706006830888763,0.0006491698788733138,0.0006285702163632822,0.0006087637290068228
83.5,0.00648006742846551,0.006100711894896767,0.005748705221695422,0.005421777613945671,0.005117865520536283,0.004835091792083697,0.004571747818300537,0.004326277442634709,0.004097262472981634,0.003883409626049634,0.003683538759767842,0.00349657226317505,0.003321525486703232,0.00315749810783637,0.003003666337932619,0.002859275885678139,0.002723635601312992,0.002596111733539296,0.002476122737983942,0.002363134582327981,0.002256656498807245,0.002156237139802531,0.002061461096732828,0.001971945746496027,0.001887338393316776,0.001807313677104213,0.001731571222331804,0.00165983350406224,0.001591843910083625,0.00152736498022643,0.001466176805819252,0.001408075573937059,0.00135287224261897,0.001300391334600729,0.001250469838336734,0.001202956206191403,0.001157709440673093,0.001114598260476899,0.001073500338906062,0.001034301607964268,0.0009968956220614185,0.0009611829758606543,0.0009270707713213313,0.0008944721294670703,0.0008633057428354204,0.0008334954649507447,0.0008049699335090099,0.0007776622242760621,0.0007515095329831846,0.0007264528827582654,0.0007024368548606732,0.00067940934069528,0.0006573213132683711,0.0006361266164173132,0.0006157817702987469,0.000596245791758244,0.0005774800283293344,0.000559448004722883,0.0005421152807700892,0.000525449319875029
84.5,0.005738479167504747,0.005367316521461556,0.005026665699379904,0.004713616189652808,0.004425561018421282,0.004160163337513186,0.003915326816349129,0.003689169395145897,0.00348000000902978,0.00328629793871571,0.003106694483961113,0.002939956691727438,0.002784972902456182,0.002640739905600215,0.002506351519993597,0.002380988436187811,0.002263909176876447,0.002154442048278422,0.002051977970120358,0.001955964084887341,0.00186589805850584,0.001781322994765499,0.00170182289473869,0.001627018600359493,0.001556564168301738,0.001490143626458326,0.001427468070768108,0.001368273064946561,0.001312316309927757,0.001259375553583093,0.001209246714605367,0.001161742197385846,0.001116689377312374,0.001073929238217729,0.001033315145744594,0.0009947117421972972,0.0009579939500483527,0.0009230460726835143,0.0008897609822239594,0.0008580393853767838,0.0008277891592518671,0.0007989247499587592,0.0007713666275744518,0.0007450407917630293,0.0007198783229412066,0.0006958149744285642,0.000672790801505626,0.0006507498237336846,0.0006296397172735902,0.0006094115342819468,0.0005900194467670674,0.0005714205125578137,0.0005535744612798697,0.0005364434984493398,0.0005199921259856608,0.0005041869776174512,0.0004889966678081512,0.0004743916529653076,0.0004603441038199098,0.0004468277879718053
85.5,0.004887597897686924,0.00453065945612035,0.004207909229375485,0.003915537641207451,0.003650197977205269,0.003408947110385215,0.003189194078257088,0.00298865544756339,0.002805316549305975,0.002637397792710249,0.002483325375292842,0.002341705799651767,0.002211303688097974,0.002091022455605955,0.001979887461335687,0.001877031310506332,0.001781681022833622,0.001693146822065028,0.001610812334210308,0.001534126010598765,0.001462593616527642,0.001395771647537883,0.001333261553729227,0.001274704668405574,0.001219777751068208,0.001168189066644651,0.001119674933109693,0.001073996678542098,0.001030937956354546,0.0009903023740986407,0.0009519113970214797,0.0009156024925564047,0.0008812274862724983,0.0008486511035749598,0.0008177496747194032,0.0007884099835442606,0.0007605282427945821,0.0007340091810575853,0.0007087652281982592,0.0006847157878095195,0.0006617865866078836,0.0006399090919402568,0.0006190199896442117,0.0005990607154438736,0.0005799770338842016,0.0005617186595236943,0.0005442389157327745,0.0005274944269940202,0.0005114448410812652,0.0004960525779158985,0.0004812826022684339,0.0004671022177978818,0.0004534808802065955,0.0004403900275389938,0.0004278029258731923,0.0004156945288489759,0.0004040413496468726,0.0003928213441843314,0.0003820138044285447,0.0003715992608435233
86.5,0.003917125489457425,0.003582178836839822,0.003286149618680138,0.003023768733930952,0.002790543884439056,0.002582638871293328,0.002396772303361314,0.002230132522484785,0.002080306084416982,0.001945217578718125,0.001823078939922841,0.001712346709144685,0.001611685960484312,0.001519939818938448,0.001436103673242689,0.001359303334254119,0.001288776512091159,0.001223857087446,0.001163961737710997,0.001108578549670215,0.001057257309871599,0.001009601213382588,0.0009652597730772758,0.0009239227462650992,0.0008853149244786915,0.0008491916565308839,0.0008153349953087873,0.0007835503758463819,0.0007536637465470298,0.0007255190874643281,0.000698976259669136,0.0006739091382453672,0.000650203988628128,0.0006277580520428159,0.0006064783109045933,0.0005862804093461034,0.0005670877076842176,0.0005488304527202566,0.0005314450483811418,0.0005148734134258182,0.0004990624148242717,0.0004839633670177842,0.0004695315886325762,0.0004557260093815482,0.0004425088208812232,0.000429845165959449,0.0004177028617556508,0.0004060521525380082,0.0003948654886963725,0.0003841173288291977,0.000373783962238321,0.0003638433494865013,0.0003542749789671188,0.0003450597376901478,0.0003361797947090965,0.0003276184958049635,0.0003193602682094863,0.0003113905342945949,0.0003036956332810237,0.000296262750129006
87.5,0.002713004606439746,0.002437776756143531,0.002202421448379031,0.002000182729844203,0.001825552616767565,0.001674027390317169,0.001541913338154022,0.001426171634938406,0.001324294245209063,0.001234204450496513,0.001154176951633385,0.001082773557249325,0.001018791303061922,0.000961220502765756,0.0009092107483560966,0.0008620432855388137,0.0008191085119016249,0.0007798876000987299,0.0007439374498060727,0.0007108783319089551,0.0006803837151320334,0.0006521718660591689,0.0006259988936759249,0.0006016529734945818,0.0005789495373711671,0.0005577272559605753,0.0005378446734814059,0.0005191773807366899,0.0005016156334728522,0.0004850623401960343,0.000469431357325804,0.0004546460407050357,0.0004406380115205918,0.0004273461020360123,0.0004147154525241221,0.0004026967356774539,0.0003912454887780313,0.0003803215371939072,0.0003698884954731045,0.0003599133345350469,0.000350366005302713,0.0003412191106462751,0.000332447618778109,0.0003240286122959811,0.0003159410679536431,0.0003081656629765165,0.0003006846043596449,0.000293481478105954,0.0002865411158018818,0.0002798494762982767,0.0002733935405784001,0.000267161218161287,0.0002611412636152111,0.0002553232019490238,0.0002496972618139495,0.0002442543155894287,0.0002389858255474821,0.0002338837953939235,0.0002289407265740829,0.0002241495788077612
88.5,0.001604743654312108,0.001413186950225446,0.00125904486780055,0.001133663906198387,0.001030565946772026,0.0009448708433575125,0.000872878608976915,0.0008117656594222024,0.0007593629034163285,0.000713992816614786,0.000674349211450491,0.0006394080538263584,0.0006083609617490471,0.0005805653540597107,0.0005555068809526767,0.0005327709586690796,0.0005120210864036304,0.0004929822408773394,0.0004754280914243167,0.0004591711040394964,0.0004440548408382809,0.0004299479361312716,0.0004167393592055447,0.0004043346693957479,0.0003926530400975087,0.0003816248815073386,0.0003711899317729752,0.00036129571633453,0.0003518962980383929,0.0003429512579558191,0.0003344248600964289,0.0003262853633812057,0.000318504452079833,0.0003110567619835659,0.0003039194842976649,0.0002970720329132868,0.0002904957635971478,0.0002841737359000166,0.0002780905103707028,0.000272231975076752,0.0002665851965578512,0.0002611382912357647,0.0002558803140239595,0.0002508011614585619,0.0002458914871392465,0.000241142627647011,0.0002365465374134382,0.000232095731267189,0.0002277832335891833,0.000223602533177079,0.000219547543059226,0.0002156125646138751,0.0002117922554454721,0.000208081600550008,0.0002044758863684343,0.0002009706773834829,0.0001975617949626703,0.000194245298190392,0.0001910174664660412,0.0001878747836740325
89.5,0.0005338256375157374,0.0004693687238838759,0.0004240602985127549,0.00039086591788115,0.0003655642002686067,0.0003455677557935724,0.0003292531440628303,0.0003155756775713419,0.0003038450311435414,0.0002935925509824208,0.0002844914589591355,0.0002763079679894055,0.0002688707272069421,0.0002620513141314807,0.0002557515036874067,0.0002498947743273128,0.0002444205167687239,0.0002392800022849715,0.0002344335203588647,0.0002298483092816076,0.0002254970349346179,0.0002213566554959745,0.000217407562457382,0.0002136329225505403,0.000210018167826196,0.0002065505963858402,0.000203219056721783,0.0002000136959026309,0.0001969257569877755,0.000193947414742269,0.0001910716413990512,0.0001882920961788833,0.000185603033734088,0.0001829992277717487,0.0001804759069346359,0.0001780287006441654,0.0001756535930897141,0.0001733468839192409,0.0001711051544742259,0.00016892523863722,0.0001668041975375529,0.0001647392975009918,0.0001627279907407141,0.0001607678983762107,0.0001588567954384589,0.0001569925975776475,0.0001551733492367731,0.0001533972130927641,0.0001516624605981855,0.0001499674634824152,0.0001483106860925023,0.0001466906784716137,0.0001451060700877052,0.0001435555641373634,0.0001420379323600935,0.0001405520103070377,0.0001390966930154516,0.0001376709310465227,0.0001362737268494128,0.0001349041314189623
