0.5,0.0141775126630778,0.006745124198561905,0.003447100764359758,0.001865121856487101,0.001054273528275066,0.0006200726063476707,0.0003800834381953436,0.0002434790005258205,0.0001631354612027586,0.0001140620643788488,8.280978912970742e-05,6.203272107844938e-05,4.764199015728091e-05,3.730478582173242e-05,2.964862778556807e-05,2.383659189109656e-05,1.933810963510618e-05,1.580334891505501e-05,1.299290770270877e-05,1.073742053368353e-05,8.913625454642655e-06,7.429692336666466e-06,6.215903127712521e-06,5.218520405278285e-06,4.395618729012437e-06,3.714165745181307e-06,3.147925625456797e-06,2.675920450148839e-06,2.281280716647807e-06,1.950373820326382e-06,1.672135206940714e-06,1.437549858283565e-06,1.239246905734949e-06,1.071180406411163e-06,9.283764129727955e-07,8.067314905215137e-07,7.028514542150095e-07,6.13921752251294e-07,5.376028866988878e-07,4.719457424849553e-07,4.153228159340454e-07,3.663721921567354e-07,3.23951782126849e-07,2.871018438400002e-07,2.550142129984551e-07,2.270069835323396e-07,2.025036266523e-07,1.810157339215574e-07,1.621287263700998e-07,1.454899966390561e-07,1.307990512410896e-07,1.177993004515815e-07,1.062712081584967e-07,9.602656637069577e-08,8.690370151218414e-08,7.876345408516622e-08,7.148580133055142e-08,6.496701539334129e-08,5.911726820335026e-08,5.385860960192698e-08
1.5,0.01415531521950819,0.006713222375538423,0.003432910703959793,0.00185827469922881,0.001050601390346492,0.0006179054446196941,0.0003786908403401139,0.0002425161830943561,0.0001624291504717311,0.0001135201479443132,8.238043801769227e-05,6.168493807112963e-05,4.735600960089056e-05,3.706719213195987e-05,2.944979846066854e-05,2.366931078821612e-05,1.919678187961184e-05,1.568353280218629e-05,1.289101898456272e-05,1.065053435486707e-05,8.839336431611785e-06,7.366011255852055e-06,6.161178059844005e-06,5.171374973540591e-06,4.354902965988176e-06,3.678916504812575e-06,3.117334427978874e-06,2.649307210532607e-06,2.258072186741899e-06,1.930085839533186e-06,1.654358048674723e-06,1.421936104050627e-06,1.225501390012883e-06,1.059051862766374e-06,9.176505210751967e-07,7.972250791266628e-07,6.944076598058026e-07,6.064059691368834e-07,5.308993736858296e-07,4.659547751090095e-07,4.09958292728195e-07,3.615596193711321e-07,3.196265743799891e-07,2.832078889055008e-07,2.515026577517609e-07,2.238352053465975e-07,1.996343605259987e-07,1.784163305724181e-07,1.597705206271766e-07,1.433477688603926e-07,1.288505673019435e-07,1.160249181897165e-07,1.046535401115288e-07,9.455019026412364e-08,8.555491131149782e-08,7.753004555732782e-08,7.035688700706144e-08,6.393286462029238e-08,5.816916862911405e-08,5.298874701176355e-08
2.5,0.014111019411842,0.006681529024634751,0.003423017875591911,0.001855541435912192,0.001050209821007955,0.000618304352545459,0.0003793334672074115,0.0002431918908586814,0.0001630555131900861,0.000114069159978595,8.284808083835465e-05,6.207727987711132e-05,4.768263773780933e-05,3.733818444129722e-05,2.967444036892323e-05,2.385565714492302e-05,1.935160682412968e-05,1.581244057084582e-05,1.299860695928429e-05,1.074055945217651e-05,8.914865216747812e-06,7.429547902446828e-06,6.214770294666205e-06,5.216700459034049e-06,4.393339186566039e-06,3.711597112919612e-06,3.1451946329508e-06,2.673120363582519e-06,2.278479313791356e-06,1.947619528694498e-06,1.669461815013077e-06,1.434980125155792e-06,1.236795323310118e-06,1.068855310762907e-06,9.261815962616427e-07,8.046674297114449e-07,7.009162457662075e-07,6.121118211917769e-07,5.359135225665503e-07,4.703715024499736e-07,4.138578260818559e-07,3.650103707599594e-07,3.226870032459454e-07,2.859280553750027e-07,2.539255200694619e-07,2.259977055671282e-07,2.015683346322487e-07,1.801492727496759e-07,1.613262261761773e-07,1.447468759491897e-07,1.30111014252666e-07,1.171623301243357e-07,1.056815564223515e-07,9.548074243448074e-08,8.63984590130171e-08,7.82957776300273e-08,7.105289283677126e-08,6.456628052362045e-08,5.874630310593477e-08,5.35151881018203e-08
3.5,0.01404471481914202,0.00667679703116521,0.003426260862455303,0.001859362142677188,0.001053036159422229,0.0006201557402060866,0.0003805097773738679,0.0002439458463798345,0.000163552398522486,0.0001144085454012765,8.30885201395154e-05,6.225335927347917e-05,4.781522585632931e-05,3.744027731144034e-05,2.975443623756245e-05,2.391919419303379e-05,1.940260918336339e-05,1.585372779011733e-05,1.303225994157854e-05,1.076814782921774e-05,8.937593799258061e-06,7.448354389721116e-06,6.230392624841736e-06,5.22972458864877e-06,4.404233828407871e-06,3.7207395133597e-06,3.152890024031233e-06,2.679616845126027e-06,2.283979368444317e-06,1.952289015391687e-06,1.67343704829096e-06,1.43837348492921e-06,1.239699725723005e-06,1.071347789236265e-06,9.283261825752264e-07,8.065174811624769e-07,7.025163316782403e-07,6.134992572521994e-07,5.371196225313197e-07,4.714226021666971e-07,4.147761234659033e-07,3.658146165235207e-07,3.233930702437587e-07,2.865494089573264e-07,2.544736074945793e-07,2.264822790726859e-07,2.019977200060387e-07,1.805305930288132e-07,1.616655883248283e-07,1.45049526930087e-07,1.303814717468651e-07,1.174044922122243e-07,1.058987937734299e-07,9.567597592959159e-08,8.657422521313215e-08,7.845428408859936e-08,7.119606491054843e-08,6.469580105567033e-08,5.886364612313894e-08,5.362164747815673e-08
4.5,0.01395656108966803,0.006656434851237073,0.003421691587528826,0.001859526198386644,0.001054444217753428,0.0006217523433677213,0.0003819850199464661,0.0002452202540287458,0.0001646216287425062,0.0001152930866641057,8.381549380553524e-05,6.284946245103296e-05,4.830412887480562e-05,3.784194891685532e-05,3.008529043413787e-05,2.419254204671582e-05,1.962917735262957e-05,1.604214263418168e-05,1.318946224180746e-05,1.089973320091822e-05,9.04808597186528e-06,7.541422181350421e-06,6.309021419848552e-06,5.296351750566932e-06,4.460855787639592e-06,3.768996684303769e-06,3.194134368960576e-06,2.714965828063846e-06,2.314359201321031e-06,1.978469448577546e-06,1.696059457588202e-06,1.457973622967296e-06,1.256726210105039e-06,1.086177171612396e-06,9.412752659927294e-07,8.178534154100563e-07,7.124649087364016e-07,6.222517444584747e-07,5.44838404424182e-07,4.782458491962589e-07,4.20821663805004e-07,3.711831537392985e-07,3.28170862791363e-07,2.908105059339878e-07,2.582817177530436e-07,2.298923367848233e-07,2.050571984198043e-07,1.832806089458617e-07,1.641418323233666e-07,1.472830482354261e-07,1.323993416455309e-07,1.19230365802521e-07,1.075533864761201e-07,9.717746841024711e-08,8.793860808263722e-08,7.969565186126213e-08,7.23268671382318e-08,6.572705726278751e-08,5.980513009367423e-08,5.448204555326681e-08
5.5,0.013846828050113,0.006592604299481057,0.003396653935519565,0.001848634744293265,0.001049168053642031,0.0006189903044930699,0.0003804593310593743,0.000244339047931124,0.0001640888649863614,0.0001149544302622214,8.358860195180356e-05,6.268957830790842e-05,4.818637839576258e-05,3.775208611047136e-05,3.001483071960803e-05,2.413619094398671e-05,1.958346066340395e-05,1.600466610226572e-05,1.31585024319769e-05,1.087400433466462e-05,9.026601760648619e-06,7.523410177629056e-06,6.293867333783902e-06,5.283561541625669e-06,4.450028774164964e-06,3.759805803551661e-06,3.186311287178071e-06,2.708289472593337e-06,2.308646788398705e-06,1.97356938011256e-06,1.691845646677701e-06,1.454340928923478e-06,1.253586745509447e-06,1.083457301122227e-06,9.389131578943027e-07,8.157970374308062e-07,7.106703826389641e-07,6.206819915642762e-07,5.434620278758387e-07,4.770362094609882e-07,4.197561123549958e-07,3.702423965389719e-07,3.273384305624304e-07,2.900723124498351e-07,2.576256908579589e-07,2.293081096141242e-07,2.045358505485923e-07,1.828144490227618e-07,1.637242152344669e-07,1.469082210587617e-07,1.320623136504535e-07,1.189267985631011e-07,1.072795008370158e-07,9.692996559428088e-08,8.771460268346504e-08,7.949261483962703e-08,7.214257725063894e-08,6.555955960864648e-08,5.965270068044103e-08,5.434316095660448e-08
6.5,0.01371577644044995,0.006580089292344261,0.00339828256796747,0.00185290314278868,0.001053133669350406,0.0006221592605951105,0.000382917688695955,0.0002462499391940471,0.0001655882886821554,0.0001161426728220832,8.453846862216746e-05,6.345454245611413e-05,4.880637303379388e-05,3.825739327063499e-05,3.042871219508284e-05,2.447670911122258e-05,1.986476885648312e-05,1.623794176889315e-05,1.335263334117836e-05,1.103610029799635e-05,9.162380839086971e-06,7.637493233170112e-06,6.390004772164616e-06,5.364809304189928e-06,4.518885948663022e-06,3.818322935130811e-06,3.236176132122018e-06,2.750895252997382e-06,2.345146778462403e-06,2.004920750239733e-06,1.718844818203795e-06,1.477652186188977e-06,1.273765468274081e-06,1.100968887043819e-06,9.541484790230409e-07,8.290850997104882e-07,7.222887210127951e-07,6.308652263753663e-07,5.524089240430081e-07,4.84915513280604e-07,4.267113878418629e-07,3.76396041000289e-07,3.327950153101319e-07,2.949213674267968e-07,2.619440301041205e-07,2.331617768516876e-07,2.079817498746794e-07,1.85901714095642e-07,1.664953608973389e-07,1.494001136433766e-07,1.343069899070761e-07,1.209521580060737e-07,1.091098920621419e-07,9.85866836430772e-08,8.92163116611966e-08,8.085570762672329e-08,7.338148218978863e-08,6.668700242881702e-08,6.067992857434765e-08,5.528013461087154e-08
7.5,0.01356375041086218,0.006508831945633896,0.00337405794627872,0.001844907888677913,0.001050876189252023,0.0006220211546304419,0.0003835511866151905,0.0002471144849687451,0.0001664610621190247,0.0001169367609834293,8.52272685849208e-05,6.403773183372655e-05,4.92940695451919e-05,3.866283696761688e-05,3.07650448586425e-05,2.475571226742877e-05,2.009650945532887e-05,1.643081240384708e-05,1.351354218006381e-05,1.117069864678658e-05,9.275280720481742e-06,7.732457745932626e-06,6.470107653956422e-06,5.432565752055045e-06,4.5763586582689e-06,3.867207588980969e-06,3.277870185794057e-06,2.786553287544509e-06,2.375725099527373e-06,2.031213393113327e-06,1.741512682193642e-06,1.497246668098721e-06,1.290747682501623e-06,1.11572533621683e-06,9.670038626005619e-07,8.40312808769737e-07,7.321194575373529e-07,6.394940984341453e-07,5.600012993307319e-07,4.916118587028743e-07,4.326312791516334e-07,3.816414915756931e-07,3.37453245171372e-07,2.990671110876738e-07,2.656414637171976e-07,2.364661304508515e-07,2.109406586476765e-07,1.885563529804546e-07,1.688813989524286e-07,1.515485182446881e-07,1.362447055964509e-07,1.227026805341122e-07,1.106937546552992e-07,1.000218696365372e-07,9.051860526027611e-08,8.203899259687727e-08,7.445799665312485e-08,6.766755660205344e-08,6.157409116949109e-08,5.609639269493525e-08
8.5,0.01339111379429031,0.006451676749786373,0.003359137011541653,0.001842430797139405,0.00105173477449616,0.0006236009525396102,0.0003851256253010043,0.0002484974229713416,0.0001676238814103894,0.000117897015575316,8.601423460905716e-05,6.46810609940688e-05,4.982010799580436e-05,3.909374263549496e-05,3.111895928740204e-05,2.504729082639366e-05,2.033752015202103e-05,1.663068838413218e-05,1.367985091356673e-05,1.130952441514023e-05,9.39152995705e-06,7.830100315386307e-06,6.552366758270766e-06,5.502067360182877e-06,4.635249306511526e-06,3.917247531643912e-06,3.32050732418357e-06,2.82298207270099e-06,2.406933646874119e-06,2.058021312036366e-06,1.764601561320842e-06,1.517184727101651e-06,1.308009771715653e-06,1.130709211880299e-06,9.800434696475446e-07,8.516891510565602e-07,7.42069516776349e-07,6.482181701596085e-07,5.676690410549071e-07,4.983672875800729e-07,4.385969105631463e-07,3.869217734784114e-07,3.421374138184859e-07,3.032315702825239e-07,2.693517708978474e-07,2.397786576831782e-07,2.139039842913711e-07,1.912124298045785e-07,1.712665363559505e-07,1.536942096185247e-07,1.381783264570299e-07,1.244480786328866e-07,1.122717496386114e-07,1.014506768468883e-07,9.181419581356772e-08,8.321539984383242e-08,7.552757745858646e-08,6.864121448975924e-08,6.246146723065262e-08,5.69060292045134e-08
9.5,0.01319828804520327,0.006416805494115703,0.003351688794416868,0.001842490009464562,0.001053479265384167,0.0006254706910974674,0.0003867599208615243,0.0002498488531121958,0.0001687208151270556,0.0001187817416118868,8.67269293258121e-05,6.525596227090994e-05,5.028516597653007e-05,3.947130678671225e-05,3.142671924278466e-05,2.529919011461648e-05,2.054454563982299e-05,1.680151467288823e-05,1.382135041445546e-05,1.14271644929376e-05,9.489679732412777e-06,7.912267120583299e-06,6.621378579799021e-06,5.560214061803485e-06,4.68439243068813e-06,3.958906099814224e-06,3.355925232115848e-06,2.853181302257265e-06,2.432756487701568e-06,2.080164020181423e-06,1.783641309275666e-06,1.533601270620568e-06,1.322202935349857e-06,1.143013050066394e-06,9.907377732565858e-07,8.610088258727537e-07,7.502122496491288e-07,6.553507126100693e-07,5.739323730200474e-07,5.03880871342262e-07,4.434622034273455e-07,3.91225134921488e-07,3.459525167361865e-07,3.066214051394418e-07,2.723703149183393e-07,2.424722678348115e-07,2.163125620283984e-07,1.933703968262718e-07,1.732036535765041e-07,1.554362658127491e-07,1.397477183789776e-07,1.258643005960381e-07,1.135518074315118e-07,1.026094383054064e-07,9.286468827459075e-08,8.416906298026451e-08,7.639447857353485e-08,6.943023217341216e-08,6.318044831177312e-08,5.756192312329974e-08
10.5,0.01298571863769869,0.006325749162336485,0.003323498723532402,0.001834759393907743,0.001052442440308098,0.0006266336589532056,0.0003885538924373184,0.0002516923325887092,0.0001704008827136745,0.000120234846117142,8.79514458766301e-05,6.627423985841772e-05,5.112658150064126e-05,4.01649308609546e-05,3.199848286202614e-05,2.577111810553102e-05,2.093488061420289e-05,1.712517226086166e-05,1.40904510869466e-05,1.165153519395526e-05,9.677288074424843e-06,8.069581843611999e-06,6.753662429930961e-06,5.671759183664164e-06,4.778708630857518e-06,4.038871200356503e-06,3.423905218081661e-06,2.911126499322426e-06,2.482278735896209e-06,2.122598766602437e-06,1.820097708837139e-06,1.565002726454463e-06,1.349319995485804e-06,1.166490174553079e-06,1.011115171285583e-06,8.787403161274007e-07,7.656799037210828e-07,6.688768890621175e-07,5.857896293976786e-07,5.143001461169541e-07,4.526395840684652e-07,3.993274678478887e-07,3.53122066541458e-07,3.129797316857663e-07,2.78021505677058e-07,2.475056376684621e-07,2.208049122413121e-07,1.973879087978594e-07,1.768034788723663e-07,1.586678637396465e-07,1.426539830293655e-07,1.284825121320533e-07,1.159144363792625e-07,1.04744826721067e-07,9.479762760527992e-08,8.592128511454238e-08,7.798507382883068e-08,7.087600569567542e-08,6.449622448072561e-08,5.876080599538076e-08
11.5,0.01275388133605554,0.006256242327109421,0.003304713031327402,0.001831069252081491,0.001052967011385515,0.0006281938581288442,0.0003902214878570136,0.00025320113387491,0.0001716893197993848,0.0001213078054341995,8.883460495466648e-05,6.699758014433041e-05,5.171828516840326e-05,4.0649380900636e-05,3.239595380017693e-05,2.609812943566198e-05,2.120475780165953e-05,1.73486194977504e-05,1.427606059569802e-05,1.180621268641118e-05,9.806597113382182e-06,8.178018108187418e-06,6.844870517512897e-06,5.748703558622917e-06,4.843808476492962e-06,4.094107023201226e-06,3.470903380068152e-06,2.951226483929719e-06,2.516586872415171e-06,2.152031296869673e-06,1.845415434395355e-06,1.586838977964419e-06,1.36820328522551e-06,1.182862599554492e-06,1.025347408082927e-06,8.911438723257669e-07,7.765171546469878e-07,6.783693205857296e-07,5.941246237843173e-07,5.21636581289071e-07,4.591124639892768e-07,4.050517598517764e-07,3.58195888009335e-07,3.174870016996369e-07,2.820341557921789e-07,2.510854586263733e-07,2.240050994607867e-07,2.002543581538759e-07,1.793758750770622e-07,1.609805961553044e-07,1.44736917639183e-07,1.303616434046705e-07,1.176124386757521e-07,1.06281521538426e-07,9.619038019176846e-08,8.718534171939015e-08,7.913384897296117e-08,7.192132729913159e-08,6.544854339799562e-08,5.962937544428955e-08
12.5,0.01250327775209301,0.006183165130988552,0.003284353373300864,0.001826791807132694,0.001053528427613089,0.0006301245804156395,0.0003923946471127213,0.0002552356754618483,0.0001734669336149645,0.0001228110129352395,9.008477278805322e-05,6.802875773374498e-05,5.256590153056545e-05,4.134568091688754e-05,3.296855297371565e-05,2.656995470541663e-05,2.159453744855505e-05,1.767153041379334e-05,1.45443622830813e-05,1.202980399867308e-05,9.993480565825944e-06,8.334676994051842e-06,6.976571094723089e-06,5.859735681695047e-06,4.937676816840204e-06,4.173683083998029e-06,3.538546562792962e-06,3.008880757204253e-06,2.565858190092742e-06,2.194249793573456e-06,1.881685549325566e-06,1.618079974969153e-06,1.395182107180292e-06,1.206220583721765e-06,1.045622069186225e-06,9.087867105314351e-07,7.9190825034695e-07,6.918293244710599e-07,6.059246297591862e-07,5.32006274081355e-07,4.682468573309379e-07,4.131167805655673e-07,3.653330129535106e-07,3.238171157314724e-07,2.876607677218134e-07,2.560973869859135e-07,2.284787195858835e-07,2.042554856016148e-07,1.829613470223305e-07,1.641996015127536e-07,1.476321177680613e-07,1.329701179848178e-07,1.199664853874512e-07,1.084093332897258e-07,9.811661961583165e-08,8.893162935122965e-08,8.071917878019614e-08,7.336242098026765e-08,6.676015298909316e-08,6.082454222148162e-08
13.5,0.01223443551582337,0.006108296478357397,0.003270263868367776,0.001828834493538237,0.00105905116837191,0.0006357661953625153,0.0003973471406934164,0.0002593836845476141,0.0001768797913369407,0.0001255994608520385,9.235846060475377e-05,6.988384185892484e-05,5.408259945591916e-05,4.258930517083516e-05,3.399163984331985e-05,2.741453877969699e-05,2.229420715308411e-05,1.825315492001167e-05,1.502948950622272e-05,1.243577062674607e-05,1.033428518958416e-05,8.621664511609153e-06,7.218969231240878e-06,6.065076502636904e-06,5.112129004841844e-06,4.322314909039326e-06,3.665534871993807e-06,3.117677759028733e-06,2.659325095739164e-06,2.274764315076184e-06,1.95122868378741e-06,1.678306306332164e-06,1.447476939149535e-06,1.251746510985177e-06,1.085357047511282e-06,9.435552613148495e-07,8.224071030693787e-07,7.186485397343836e-07,6.295650399127442e-07,5.528939155496479e-07,4.867449392341831e-07,4.295356308609456e-07,3.799383605532061e-07,3.368370005589253e-07,2.992913170881516e-07,2.665076533736064e-07,2.378147398486714e-07,2.126436930973327e-07,1.905114449964342e-07,1.710069871184627e-07,1.537799306254903e-07,1.385309744917294e-07,1.250039495733028e-07,1.129791664303732e-07,1.022678437581967e-07,9.270743406037132e-08,8.415769559266851e-08,7.649738604650662e-08,6.962147506660387e-08,6.343879041979805e-08
14.5,0.01194791788950121,0.006019553876473787,0.003245092938442938,0.001823054108719341,0.001059227163787525,0.0006377201802463726,0.0003996878773257492,0.0002616227631544724,0.0001788550883986657,0.0001272773934346326,9.375653811028947e-05,7.103741856394242e-05,5.503028425070019e-05,4.336691311265313e-05,3.463012489744932e-05,2.793971811073772e-05,2.272721656550409e-05,1.861113607934995e-05,1.532628806069696e-05,1.268255908430551e-05,1.054008664957613e-05,8.79377993674565e-06,7.363320630915471e-06,6.186480503785267e-06,5.214514300386319e-06,4.408895069279873e-06,3.738945878365293e-06,3.180087716775183e-06,2.712521998558502e-06,2.320226464104797e-06,1.990181362647109e-06,1.711767533283798e-06,1.476294510669141e-06,1.27662807981526e-06,1.106894611697866e-06,9.622451549379856e-07,8.386663558305127e-07,7.328282971159021e-07,6.41961597438197e-07,5.637578114501161e-07,4.962884631993431e-07,4.379390376197418e-07,3.873550220007152e-07,3.433976860847386e-07,3.051077563799041e-07,2.716755074792942e-07,2.424160832805936e-07,2.167490911449322e-07,1.94181695312874e-07,1.742945823654681e-07,1.567302889535413e-07,1.41183476460228e-07,1.273928134278486e-07,1.151341881712294e-07,1.042150239299689e-07,9.446950948629848e-08,8.575459122114663e-08,7.794659955390901e-08,7.093840477296414e-08,6.463701534432128e-08
15.5,0.01164433980898446,0.005934081620077132,0.003224937008905989,0.001821407853833671,0.001062465989011818,0.000641910396849135,0.0004036819603541714,0.0002651088353832876,0.0001817899745325526,0.0001297069286413782,9.575203669261168e-05,7.26715745201397e-05,5.636831983095453e-05,4.446410424126402e-05,3.553198479349522e-05,2.868316960590549e-05,2.334200389971295e-05,1.912116174567944e-05,1.57507645277544e-05,1.303695658028983e-05,1.083689494161718e-05,9.043113439035925e-06,7.573396642800718e-06,6.363996762500054e-06,5.36494740696227e-06,4.53673696589761e-06,3.847891839362538e-06,3.273186322234496e-06,2.792295211190682e-06,2.388766112183645e-06,2.049226932325001e-06,1.762769097748028e-06,1.520463795350051e-06,1.314980023381218e-06,1.140281286987167e-06,9.913835283031536e-07,8.641610619369474e-07,7.551903696363756e-07,6.61623909602778e-07,5.810878328486207e-07,5.115988220288698e-07,4.514962841475159e-07,3.993869142977015e-07,3.540992591439614e-07,3.146463875012493e-07,2.801951518834056e-07,2.500408224267036e-07,2.235861106877662e-07,2.00323788868831e-07,1.798222603367426e-07,1.617135578390848e-07,1.456833427721752e-07,1.314625570568565e-07,1.188204424230868e-07,1.075586931821274e-07,9.75065502390299e-08,8.851667804358805e-08,8.046169388790175e-08,7.323124162538546e-08,6.672952046410727e-08
16.5,0.01132440510376544,0.005853451009016289,0.003207468180157457,0.001821431142951919,0.00106701196410883,0.0006472393204048179,0.0004086816603091836,0.0002694692368630539,0.0001854714517029474,0.0001327653828118428,9.827278545697589e-05,7.474234593778413e-05,5.806859150337625e-05,4.586179238615424e-05,3.668339215060535e-05,2.963422969103638e-05,2.412989435754054e-05,1.977587796270617e-05,1.629649888443858e-05,1.349324690939004e-05,1.121955574658273e-05,9.364980738196652e-06,7.844919987704271e-06,6.593708833403391e-06,5.559836686837943e-06,4.70254407611908e-06,3.989345824559153e-06,3.394193647973126e-06,2.896091437828576e-06,2.478038018816892e-06,2.126211166055881e-06,1.829332109013192e-06,1.57816680253052e-06,1.365131960596395e-06,1.183982074762715e-06,1.029559527102462e-06,8.975941924461923e-07,7.845420876642474e-07,6.874549895550939e-07,6.038747282413234e-07,5.317472238723749e-07,4.693523801462794e-07,4.152467573697227e-07,3.682165778832547e-07,3.272391100614937e-07,2.914508653577838e-07,2.601213497799954e-07,2.326313548002549e-07,2.084549668018736e-07,1.871446293537614e-07,1.683187170775847e-07,1.516511800138018e-07,1.368628981833047e-07,1.237144513932284e-07,1.120000623309927e-07,1.015425140679282e-07,9.218887818808557e-08,8.380691840999082e-08,7.628205800993123e-08,6.951481857059935e-08
17.5,0.0109889622978132,0.005750680134240082,0.003181630483018181,0.001817650319950195,0.001069390539752216,0.0006511092458017111,0.0004126021055606481,0.000272993045267824,0.0001884892512557839,0.0001352906069594797,0.000100361569712441,7.646098474619675e-05,5.948027570070107e-05,4.702183621096933e-05,3.763823891777178e-05,3.042203703199829e-05,2.478166645136879e-05,2.031667997067057e-05,1.674656454631265e-05,1.386891965167622e-05,1.153406042523471e-05,9.629044973643831e-06,8.067269900448642e-06,6.781463113863141e-06,5.718819678050527e-06,4.83753483239798e-06,4.104276697395901e-06,3.492309080282864e-06,2.980075333907262e-06,2.550116232692485e-06,2.188234227548424e-06,1.88284220164607e-06,1.624452150121465e-06,1.405271113467504e-06,1.218880067981561e-06,1.059977478075571e-06,9.241735875777383e-07,8.078247578502347e-07,7.078995768642451e-07,6.218702896406912e-07,5.476244933758031e-07,4.83393111422121e-07,4.276914893158456e-07,3.792711018214741e-07,3.370798657869232e-07,3.002294517671381e-07,2.67968302202922e-07,2.396593138954204e-07,2.147613417079817e-07,1.928138397142516e-07,1.734240837967498e-07,1.562565225203652e-07,1.410238860692044e-07,1.274797501540057e-07,1.1541230623235e-07,1.046391336363144e-07,9.500280525766987e-08,8.636718788057683e-08,7.861432233924294e-08,7.164178842511449e-08
18.5,0.01063908931392082,0.005659181803571737,0.003161592697237203,0.001817239261927394,0.001074160634426111,0.0006568906155361607,0.0004181154410736191,0.000277854272130007,0.0001926271649836711,0.0001387505290439294,0.0001032284707632168,7.88268441822895e-05,6.143051747856323e-05,4.863058519951188e-05,3.896761418866353e-05,3.152314136856479e-05,2.569614219366153e-05,2.107831618603018e-05,1.738274668521894e-05,1.44018585063605e-05,1.198180146395139e-05,1.000628369892525e-05,8.38600515711281e-06,7.051518824746805e-06,5.948261314882235e-06,5.033002260884478e-06,4.271250759420095e-06,3.635325669718731e-06,3.102897802051804e-06,2.655874643371709e-06,2.279538164653039e-06,1.961872412296068e-06,1.693035198920925e-06,1.464940357970938e-06,1.270925587962384e-06,1.105487059136272e-06,9.640664404588564e-07,8.428793234119285e-07,7.387765038488538e-07,6.491314631170025e-07,5.717488247289339e-07,5.047896669770376e-07,4.467104272306574e-07,3.962128003380463e-07,3.522025560294246e-07,3.137556116870713e-07,2.800900223386892e-07,2.505428082507188e-07,2.245507465911852e-07,2.016344184927043e-07,1.813849351441238e-07,1.634528730208476e-07,1.475390343052816e-07,1.333867180938612e-07,1.207752444032625e-07,1.095145188616599e-07,9.944046335491029e-08,9.041116842838279e-08,8.230364823014649e-08,7.501109926788367e-08
19.5,0.01027620859397088,0.005545357002928497,0.003132299203514123,0.001812750787624531,0.001077108619047022,0.0006618980906954498,0.0004233505338123793,0.0002826676744481543,0.0001968185518629819,0.000142302751841768,0.0001061970068403554,8.129045834363834e-05,6.346935814419059e-05,5.031727973990758e-05,4.036449939149161e-05,3.268224307391947e-05,2.666024774681057e-05,2.188235971572707e-05,1.805516528959181e-05,1.496578956258502e-05,1.245608898864879e-05,1.040630306984208e-05,8.724330208165581e-06,7.338458083063696e-06,6.192288059730789e-06,5.241099431442178e-06,4.449187943292954e-06,3.787882012823608e-06,3.234041844320819e-06,2.768909790485583e-06,2.377220681868132e-06,2.046507388415963e-06,1.766554798853065e-06,1.528967795483268e-06,1.326827553229223e-06,1.154416786629606e-06,1.006999169103173e-06,8.806415573995954e-07,7.720702095402337e-07,6.785541198673891e-07,5.978100735295839e-07,5.279251613158956e-07,4.67293378424056e-07,4.145636191608442e-07,3.685969193795561e-07,3.284312237934402e-07,2.932522919155739e-07,2.623696238406355e-07,2.351965003891203e-07,2.112334028250542e-07,1.900542143789162e-07,1.712947161238763e-07,1.546429788152739e-07,1.398313243927465e-07,1.266295893393956e-07,1.148394696674203e-07,1.042897660793077e-07,9.483237953119707e-08,8.633893335377327e-08,7.869791935076475e-08
20.5,0.009902242061810784,0.0054667049144791,0.003123077969486049,0.00181984750243344,0.001087042613318474,0.0006713171797299954,0.0004315044106739622,0.0002895010150369982,0.0002024660935416565,0.0001469419703287373,0.0001100003149812619,8.440960913056879e-05,6.603194502945471e-05,5.242804220605275e-05,4.210834117120233e-05,3.412758136842104e-05,2.78621100516398e-05,2.288502848602428e-05,1.88943467187488e-05,1.567035441114139e-05,1.304945492673698e-05,1.090752741666896e-05,9.148973087003282e-06,7.699265223108794e-06,6.499732397081381e-06,5.503812157701016e-06,4.67430282100063e-06,3.981311429727499e-06,3.400698944271608e-06,2.912887839213732e-06,2.501938382798649e-06,2.154826983258927e-06,1.860878335709615e-06,1.611315821495247e-06,1.398903612202346e-06,1.217660416368417e-06,1.062629554453591e-06,9.296935698989052e-07,8.154242277887714e-07,7.169607568925985e-07,6.319107236320716e-07,5.582691076802851e-07,4.943520652316039e-07,4.387425811088463e-07,3.902457719555053e-07,3.478520450941512e-07,3.107066678686932e-07,2.780845807054776e-07,2.493695092613808e-07,2.240366088519977e-07,2.016380171535773e-07,1.817908061823205e-07,1.641669174364415e-07,1.484847392914514e-07,1.345020467804992e-07,1.220100735518637e-07,1.108285262862447e-07,1.008013849403121e-07,9.179335926970962e-08,8.368689430460643e-08
21.5,0.009519792385246868,0.005351901661360063,0.003094371943740432,0.001815784897974274,0.00109037611260259,0.0006767373598065799,0.0004371733016187524,0.0002947469225222849,0.0002070705694661771,0.0001508772395290187,0.0001133171520881882,8.718588415457715e-05,6.834909785323739e-05,5.43611179295494e-05,4.372257740964982e-05,3.547801620331826e-05,2.8994449864809e-05,2.383692845702891e-05,1.969672073298356e-05,1.634855968077799e-05,1.36243043574711e-05,1.139613016438679e-05,9.565422067399913e-06,8.055195271545402e-06,6.804772004022423e-06,5.765948850477412e-06,4.90017895074795e-06,4.176464020838457e-06,3.569754597835794e-06,3.059721483864413e-06,2.62980289257153e-06,2.266459266218005e-06,1.958586372667469e-06,1.697050242608004e-06,1.474316692037172e-06,1.284154806215404e-06,1.12139862331194e-06,9.817548684650643e-07,8.61647303932949e-07,7.580903216801642e-07,6.685859822945528e-07,5.910399209344087e-07,5.236924857960963e-07,4.650622125026976e-07,4.138993171855724e-07,3.691473480861306e-07,3.299114976219757e-07,2.954323648892925e-07,2.650641884989507e-07,2.382567538012296e-07,2.145403265118036e-07,1.935130839702609e-07,1.748306115856945e-07,1.581971100484934e-07,1.433580222431081e-07,1.300938403597849e-07,1.182148957612778e-07,1.075569685376556e-07,9.797758183787531e-08,8.935286917140289e-08
22.5,0.009132345417094616,0.005276145531990483,0.003085413207621682,0.001822318739748886,0.001099963978242162,0.0006861595797567955,0.0004455653143386381,0.0003019318324067232,0.0002131029376098582,0.0001558908672317576,0.0001174641704685936,9.061087054784574e-05,7.117916546236945e-05,5.670361422294468e-05,4.566619869562448e-05,3.709520781006466e-05,3.034406350269771e-05,2.496668943104346e-05,2.064534878549089e-05,1.71475223859519e-05,1.42992374375586e-05,1.196797627417727e-05,1.005133987405967e-05,8.469284505163911e-06,7.1586523741502e-06,6.069223320602498e-06,5.160805525411619e-06,4.401055041161596e-06,3.763818447829326e-06,3.227858403418571e-06,2.775864095375706e-06,2.393676618056318e-06,2.069678372635232e-06,1.794308868665886e-06,1.559678747132959e-06,1.359260673810762e-06,1.187640767078357e-06,1.040317956122233e-06,9.13541473583202e-07,8.041788204438991e-07,7.096081760392414e-07,6.27630488356349e-07,5.563974606613232e-07,4.943524171252088e-07,4.401816324362291e-07,3.927741858236346e-07,3.511887768074123e-07,3.146262399191522e-07,2.824067351819294e-07,2.539507830835525e-07,2.287634670588398e-07,2.064212508606192e-07,1.865609587181971e-07,1.688705476351658e-07,1.530813673411855e-07,1.389616572783707e-07,1.263110739534273e-07,1.149560779219027e-07,1.047460391114896e-07,9.55499433574693e-08
23.5,0.00874447490483307,0.005193619106869106,0.003073994771371179,0.001827613124611943,0.00110876605052579,0.0006950072262235641,0.0004535029164033221,0.000308743608623353,0.0002188238646320297,0.0001606427569688831,0.0001213905350419138,9.384949020788197e-05,7.385157101982163e-05,5.891250349286808e-05,4.749638266198612e-05,3.861588622034354e-05,3.16113796196284e-05,2.602610990709772e-05,2.153371003133847e-05,1.789472091728785e-05,1.492959725023104e-05,1.250134346778524e-05,1.05039550681967e-05,8.854477542385844e-06,7.487396158731883e-06,6.350576383537258e-06,5.402266708051442e-06,4.608848656780463e-06,3.943124296462793e-06,3.382997901813775e-06,2.910451363948806e-06,2.510741488241724e-06,2.171766817961738e-06,1.883565225036969e-06,1.637913197948175e-06,1.428004777017085e-06,1.248193250700548e-06,1.09378257323925e-06,9.608583617895684e-07,8.461505351192409e-07,7.469213462455134e-07,6.608738672665608e-07,5.860770000485603e-07,5.20903880534424e-07,4.639811686729502e-07,4.14147208949671e-07,3.704174374746771e-07,3.319557228536346e-07,2.980505767646669e-07,2.680953695183158e-07,2.415718461685886e-07,2.180363679932285e-07,1.971084086618508e-07,1.784609191147077e-07,1.618122439975816e-07,1.469193285448342e-07,1.33572000544045e-07,1.215881494243736e-07,1.108096551658057e-07,1.010989448952626e-07
24.5,0.008362006969343454,0.005113620894773886,0.003062444497032986,0.001832698602730668,0.001117736200821548,0.000704278768722049,0.0004619568612850984,0.0003160625412653219,0.0002249958014304999,0.0001657750355406121,0.0001256282240364036,9.733847867452636e-05,7.672325425997439e-05,6.127903839142844e-05,4.945082036550024e-05,4.023426986862441e-05,3.295539135891314e-05,2.714563646834773e-05,2.246908856095757e-05,1.867861041734362e-05,1.55884987310287e-05,1.305681871900226e-05,1.097359793851397e-05,9.252686520685175e-06,7.825989227694602e-06,6.639281283370044e-06,5.649112901174786e-06,4.820481656769872e-06,4.12505854091212e-06,3.539820832926253e-06,3.045988644193609e-06,2.628191154002111e-06,2.273808524256403e-06,1.972449450451197e-06,1.715534276678864e-06,1.495960839834202e-06,1.307835539311038e-06,1.146256105315341e-06,1.007135537952733e-06,8.870589723196922e-07,7.831669771952984e-07,6.930601496847236e-07,6.147209222171205e-07,5.464493230561829e-07,4.868100801114524e-07,4.345889703014344e-07,3.887567232949687e-07,3.484391122586448e-07,3.128921230256228e-07,2.814813006032501e-07,2.536645388219935e-07,2.289777135280386e-07,2.070226685720338e-07,1.874571520946973e-07,1.699863723264008e-07,1.543559005316743e-07,1.403456964113116e-07,1.277650702768109e-07,1.164484282776134e-07,1.062516732105007e-07
25.5,0.007992113860332982,0.005041425259889902,0.003054443359171351,0.001839445012406047,0.001127510945885872,0.0007139616513942446,0.0004706399257331803,0.0003235251018429813,0.0002312702265709509,0.0001709889238993971,0.0001299358283040855,0.0001008898090363723,7.965154896078583e-05,6.369730434342063e-05,5.145255139628534e-05,4.18958032983591e-05,3.433866247216361e-05,2.830078293712309e-05,2.343670547517533e-05,1.949161937187914e-05,1.627366220090846e-05,1.363595303802314e-05,1.146453999138409e-05,9.670063191212725e-06,8.18183043159651e-06,6.943509456784952e-06,5.909934961145841e-06,5.044703859197406e-06,4.3183402264787e-06,3.706879582113826e-06,3.190766665351726e-06,2.753990635175041e-06,2.383402053347642e-06,2.06817034188139e-06,1.79935065309498e-06,1.569536541227773e-06,1.372580320702462e-06,1.203367101013718e-06,1.057631587035499e-06,9.318090946873948e-07,8.229140456091179e-07,7.284406076310373e-07,6.462812401881117e-07,5.746597590190839e-07,5.120762073902899e-07,4.572613529558181e-07,4.091390515112757e-07,3.667950552256686e-07,3.294511118272048e-07,2.964434168916554e-07,2.67204654890576e-07,2.412490046382445e-07,2.181595980086101e-07,1.975780126178373e-07,1.791954538084697e-07,1.627453420806164e-07,1.479970717636024e-07,1.347507473404281e-07,1.228327371350053e-07,1.120919114200034e-07
26.5,0.00764328911265298,0.004971804857917051,0.003050209238648447,0.001849386913996419,0.001139771627608502,0.0007255652112678291,0.0004808185960866083,0.0003321625393102311,0.0002384743571595158,0.0001769429370225771,0.0001348356832019105,0.0001049172691624935,8.296427379559722e-05,6.642722137383962e-05,5.37079006569658e-05,4.376447590064897e-05,3.589169133469617e-05,2.959550354204402e-05,2.45194336812816e-05,2.039984342883664e-05,1.703780501952106e-05,1.428077643491392e-05,1.201025971140604e-05,1.013323397244554e-05,8.576049601519813e-06,7.279977696022036e-06,6.197904611739625e-06,5.291838518607967e-06,4.531004152569368e-06,3.890371378484648e-06,3.349508576315433e-06,2.891682350112294e-06,2.503146037266496e-06,2.172574245459366e-06,1.890611213768218e-06,1.649508492723971e-06,1.442833125297664e-06,1.265231763710079e-06,1.112239370959534e-06,9.801236071170203e-07,8.657578847717025e-07,7.665175367871204e-07,6.801946758880158e-07,6.049282157137858e-07,5.391462236827811e-07,4.815183301031012e-07,4.309163579165158e-07,3.863816880986589e-07,3.470981561608435e-07,3.12369500187369e-07,2.816005618954454e-07,2.542815883106951e-07,2.29975099866191e-07,2.083048866194931e-07,1.889467722413135e-07,1.716208489554369e-07,1.560849384855311e-07,1.421290765139919e-07,1.295708529623136e-07,1.18251468992667e-07
27.5,0.00732517078264976,0.004918829404808539,0.003049536124385201,0.001859166069590415,0.001151142397324836,0.000736328449869457,0.0004903455735278638,0.0003403185096176976,0.0002453241142575689,0.0001826330326235935,0.0001395358511468409,0.0001087913357761643,8.615765005201571e-05,6.906332919329547e-05,5.58889330326119e-05,4.557391964174594e-05,3.7397300893372e-05,3.085212893973347e-05,2.557147848841819e-05,2.128330729916029e-05,1.778194135437406e-05,1.4909421488728e-05,1.254289241849422e-05,1.058581970777591e-05,8.961712399595511e-06,7.609536888137815e-06,6.480304400992819e-06,5.534492912212713e-06,4.740074816371276e-06,4.070992172770421e-06,3.505967569217863e-06,3.027569803554711e-06,2.621475071785245e-06,2.27587949705878e-06,1.981029707370705e-06,1.72884610311458e-06,1.512619324487687e-06,1.32676482267477e-06,1.166623762592748e-06,1.028301022066729e-06,9.085330041301621e-07,8.045794911282839e-07,7.141349477707379e-07,6.352556038352981e-07,5.662993745789241e-07,5.058762523036589e-07,4.528072595533438e-07,4.060904187846763e-07,3.648724848482934e-07,3.284254205516109e-07,2.961267838778919e-07,2.674433474292686e-07,2.41917393668227e-07,2.191552293269711e-07,1.988175435075652e-07,1.806113001376284e-07,1.642829094685921e-07,1.496124675171239e-07,1.36408888607275e-07,1.245057859592395e-07
28.5,0.007048184906126877,0.004894077608647435,0.003060784165891781,0.001874304007641627,0.001165104657065651,0.0007484152214661794,0.0005005746491607343,0.0003488573615771696,0.0002523873720010747,0.0001884445470431908,0.0001443063532463723,0.0001127068642844667,8.93758753846964e-05,7.171455882413609e-05,5.807929447098015e-05,4.738918683241288e-05,3.890658048945441e-05,3.211108363732395e-05,2.662500794438909e-05,2.216771840548646e-05,1.852668030016561e-05,1.553844690623806e-05,1.307576169771886e-05,1.10385489327848e-05,9.347458588329502e-06,7.939140920761147e-06,6.762724592465767e-06,5.777152512389478e-06,4.949141529614916e-06,4.25160378233077e-06,3.662414667130665e-06,3.16344425073253e-06,2.739790977863051e-06,2.37917208707705e-06,2.071436335117748e-06,1.808172805263143e-06,1.582395629867715e-06,1.388288994926809e-06,1.221000229944121e-06,1.076471410537757e-06,9.513019212769458e-07,8.426359919309312e-07,7.480704412153389e-07,6.655788193384758e-07,5.934488947998458e-07,5.302310276855057e-07,4.746954458796724e-07,4.257968187574833e-07,3.826448255180529e-07,3.444796582223953e-07,3.106515951680239e-07,2.806039381229025e-07,2.538587347469421e-07,2.300048112372255e-07,2.086877245841087e-07,1.896013125851817e-07,1.724805759338928e-07,1.570956726782182e-07,1.432468430548494e-07,1.307601136911495e-07
29.5,0.006822999649713688,0.004860576981975481,0.00306391686958019,0.001884038062776655,0.001175759483625394,0.0007585042423113308,0.0005095757242181779,0.0003566175952331307,0.000258938901257087,0.00019390737610628,0.0001488311036219813,0.0001164438729144045,9.246096544421679e-05,7.426424394974969e-05,6.019071821646914e-05,4.914209497478074e-05,4.036592087122499e-05,3.332957612120876e-05,2.764542188424434e-05,2.302478720226441e-05,1.924866720501687e-05,1.614840740654122e-05,1.359255433015955e-05,1.147764264043234e-05,9.721577616668679e-06,8.258780743300588e-06,7.03656563903262e-06,6.012392871876177e-06,5.151765291064026e-06,4.426598116034837e-06,3.813945957461289e-06,3.295001414929441e-06,2.854302406092546e-06,2.479101311466818e-06,2.158860495306548e-06,1.884847160428063e-06,1.649806722350459e-06,1.447698560182431e-06,1.273481542141611e-06,1.122939430060336e-06,9.925383520526109e-07,8.793101493497531e-07,7.807566647448215e-07,6.947710295294133e-07,6.195727856626418e-07,5.536542972728027e-07,4.957363962718476e-07,4.44731598288648e-07,3.99713538435201e-07,3.59891527990101e-07,3.245893356751392e-07,2.932274607989776e-07,2.653082979945876e-07,2.40403700777159e-07,2.181445386005233e-07,1.982119133898023e-07,1.803297597822847e-07,1.642586010010314e-07,1.497902714074276e-07,1.36743448930371e-07
30.5,0.006659838563910696,0.004864928496057536,0.003078710352674322,0.001897288012688232,0.001187341691836604,0.0007686518708621715,0.0005183413061637302,0.0003640560994931253,0.0002651620888885964,0.0001990658460273391,0.0001530858496624009,0.0001199468814357848,9.534596881479579e-05,7.664421352705768e-05,6.215888333455197e-05,5.0774417392978e-05,4.172391063670026e-05,3.446293413863469e-05,2.859431939324238e-05,2.382174963670043e-05,1.992009637745677e-05,1.671579749062813e-05,1.407345843630335e-05,1.188644027088091e-05,1.007008469612188e-05,8.556735671134946e-06,7.29201774120106e-06,6.232013891952234e-06,5.341100026412077e-06,4.59026677245805e-06,3.95580805947915e-06,3.418288992678892e-06,2.961728541280683e-06,2.572948852559185e-06,2.241054760764786e-06,1.957015673212916e-06,1.713328409608546e-06,1.503744371417141e-06,1.32304805854816e-06,1.166876735133057e-06,1.03157319218032e-06,9.140652198788085e-07,8.11766701808405e-07,7.224962629458998e-07,6.444102072381108e-07,5.759471170648748e-07,5.157819929682453e-07,4.62788215803483e-07,4.160059367293067e-07,3.746157600666452e-07,3.379167931594129e-07,3.053083062563225e-07,2.762743821876983e-07,2.503710466194857e-07,2.272154599847727e-07,2.06476825840048e-07,1.878687305733497e-07,1.711426786665981e-07,1.560826281392415e-07,1.425003640266364e-07
31.5,0.0065677269009395,0.004911248519202445,0.003117454202381697,0.001925352026873203,0.001208694889204963,0.0007855613027984913,0.0005319660041842625,0.0003750929074648391,0.0002741140610217258,0.0002063326890803822,0.0001589935803990743,0.0001247608268540775,9.928021593801152e-05,7.987025821942008e-05,6.481353919601998e-05,5.296669608349557e-05,4.354075186901251e-05,3.597383707553992e-05,2.985501795558518e-05,2.487709998443394e-05,2.080633561466352e-05,1.746230944813434e-05,1.47041565127895e-05,1.242085377941025e-05,1.052421560472143e-05,8.943737113568678e-06,7.622733674689215e-06,6.515410114643258e-06,5.58460980658625e-06,4.800069058451302e-06,4.137052221748232e-06,3.575276982944862e-06,3.098063002340302e-06,2.691653900255461e-06,2.344674755862157e-06,2.047696207962833e-06,1.792882878634241e-06,1.573708824337453e-06,1.384726501047751e-06,1.221378624470094e-06,1.079844538329201e-06,9.56914436135208e-07,8.498861344456648e-07,7.564801573100607e-07,6.747697288487178e-07,6.031229340690119e-07,5.401548353414197e-07,4.846877527900183e-07,4.357182538277817e-07,3.923896677372153e-07,3.539691592414073e-07,3.198285711413107e-07,2.894283887354664e-07,2.623042945379681e-07,2.380558760376218e-07,2.163371260838458e-07,1.968484382824436e-07,1.793298512077746e-07,1.635553374289485e-07,1.493279680287135e-07
32.5,0.00655378005098758,0.004959602764355328,0.00315056568026476,0.001949294645881402,0.001227799108726917,0.0008014006547065692,0.0005451525404481974,0.0003860043703003953,0.0002830852042954699,0.000213678864222152,0.0001650001180656589,0.0001296743178177799,0.0001033067905397353,8.317862582585241e-05,6.754012102917572e-05,5.522114885655134e-05,4.541104560914164e-05,3.753058176747712e-05,3.115500414919155e-05,2.596613379843985e-05,2.172148380427064e-05,1.823366905464541e-05,1.535624867997385e-05,1.297372321416173e-05,1.099430028753673e-05,9.344558672630802e-06,7.965447477274358e-06,6.80924526503172e-06,5.837222409446833e-06,5.017826871502353e-06,4.325264812230783e-06,3.738382426453179e-06,3.239779794696294e-06,2.815104922754974e-06,2.452488712905937e-06,2.14209084726876e-06,1.8757334352417e-06,1.646604445585244e-06,1.449016869012955e-06,1.278212563274947e-06,1.130202051953964e-06,1.001633349204675e-06,8.896842894041949e-07,7.9197394520556e-07,7.06489588815493e-07,6.315263416348434e-07,5.656372064533774e-07,5.075916146624859e-07,4.563409719587829e-07,4.109899680047724e-07,3.707726427163383e-07,3.350323854040371e-07,3.032051916711175e-07,2.748056236866763e-07,2.494150176919029e-07,2.26671562721561e-07,2.062619400095961e-07,1.879142661789385e-07,1.713921273225998e-07,1.564895272604174e-07
33.5,0.006622680421543478,0.005035440506240754,0.003211591913511457,0.001997508147824816,0.001266381561104701,0.0008324538593906748,0.0005701585559774732,0.0004061299679540429,0.0002992881143701973,0.0002267445552816489,0.0001755643328444364,0.000138245175895878,0.0001102870047903632,8.888605013964787e-05,7.222544033176472e-05,5.908238772292307e-05,4.860511197631104e-05,4.018229099434481e-05,3.336407002277679e-05,2.781256678840298e-05,2.326976130300587e-05,1.953596586502421e-05,1.645494980698016e-05,1.390338777816698e-05,1.178320420111941e-05,1.001591252870834e-05,8.538362699662264e-06,7.299504084138736e-06,6.257894144092892e-06,5.379763179972378e-06,4.637499171586989e-06,4.00845348367822e-06,3.473993948678526e-06,3.018750207207512e-06,2.630009510761493e-06,2.297230995124262e-06,2.011653737067076e-06,1.765979407300975e-06,1.554114513821645e-06,1.370960434373631e-06,1.212241910705765e-06,1.074366599481137e-06,9.543097767813517e-07,8.495194729855037e-07,7.578382458615487e-07,6.774385375588993e-07,6.067691482001533e-07,5.445108274439064e-07,4.89539360823341e-07,4.408948293327951e-07,3.9775596382846e-07,3.594187122325528e-07,3.252782966480495e-07,2.948141667001328e-07,2.675773605837674e-07,2.431798710767565e-07,2.212856838935515e-07,2.016032131825171e-07,1.838789060952847e-07,1.678918271011734e-07
34.5,0.006776376936589223,0.005123812810892096,0.003285198662278924,0.002058276998461465,0.001316067958158789,0.0008728060922640133,0.0006027806397296018,0.0004324447930377458,0.0003205146134567962,0.0002438950322072082,0.0001894603431642811,0.0001495435632906544,0.0001195085437773085,9.644218929923172e-05,7.844120519167163e-05,6.421505248099503e-05,5.285899743686391e-05,4.372031281406354e-05,3.631668560248869e-05,3.028469256805272e-05,2.534612743375925e-05,2.128527454541805e-05,1.79331184787984e-05,1.515609079637038e-05,1.284787464318197e-05,1.092332654677785e-05,9.313899371850726e-06,7.964151677815636e-06,6.829057175534838e-06,5.871912213734636e-06,5.062695890831425e-06,4.376776401103613e-06,3.793884645972967e-06,3.297295770138087e-06,2.873173558453429e-06,2.51004315714624e-06,2.198365440297604e-06,1.930192268478747e-06,1.698886396787802e-06,1.498893250084301e-06,1.325554457184767e-06,1.174955114996808e-06,1.043798379439764e-06,9.293022578256729e-07,8.291144862749616e-07,7.412421756474432e-07,6.639935461069978e-07,5.95929578922969e-07,5.358238215698768e-07,4.826289096873166e-07,4.354486334460723e-07,3.935145892240823e-07,3.561666303729625e-07,3.228364712690567e-07,2.930339131492273e-07,2.663352534875562e-07,2.423735169100668e-07,2.20830208099594e-07,2.014283384032142e-07,1.839265200047644e-07
35.5,0.007014038442403545,0.005244060545204608,0.003382108900200456,0.002140332764329798,0.001384612707633698,0.0009291575856914586,0.0006486181063176651,0.0004695276840747905,0.0003504666414039606,0.0002681097557282497,0.0002090852197419301,0.0001655017829706267,0.0001325340135258461,0.000107115402949906,8.722095702072975e-05,7.146459998396956e-05,5.886688770463667e-05,4.871666044889578e-05,4.048579008762693e-05,3.3774795042034e-05,2.827696431919194e-05,2.37539444991658e-05,2.001865915267443e-05,1.692306650479178e-05,1.434920274649739e-05,1.220251501446373e-05,1.040682650715965e-05,8.900487944058976e-06,7.633405791497645e-06,6.564727666846856e-06,5.661026259870656e-06,4.894865289945704e-06,4.243660803594093e-06,3.68877252065419e-06,3.214775554446521e-06,2.808874378373757e-06,2.460429548492469e-06,2.160574217577663e-06,1.901902450855805e-06,1.678215175310114e-06,1.484312550764491e-06,1.315823851881067e-06,1.169067750924839e-06,1.04093730740591e-06,9.288050896120159e-07,8.304447406597775e-07,7.439660084897185e-07,6.677608240035711e-07,6.004584642893713e-07,5.408882019154379e-07,4.880481348070614e-07,4.410791285328912e-07,3.992429951708399e-07,3.619041891888882e-07,3.285144280190797e-07,2.985997488377836e-07,2.717495979736926e-07,2.476076189348898e-07,2.258638621575735e-07,2.062481865491677e-07
36.5,0.007332248121322285,0.005387324046943807,0.003505113861392847,0.002249917771484208,0.001478850167220139,0.001007875929412846,0.0007132275556718296,0.0005220766525304246,0.0003930524649199422,0.0003026134099719826,0.0002370896572617342,0.0001882962031524171,0.0001511510586763662,0.0001223760180791714,9.977634114999123e-05,8.183174525273338e-05,6.745729858383654e-05,5.58590200340818e-05,4.644365080102289e-05,3.87603298087597e-05,3.246165594179149e-05,2.727691498941828e-05,2.2993184153365e-05,1.944169239061532e-05,1.648778449937672e-05,1.402341700875157e-05,1.196147092427103e-05,1.023139227966963e-05,8.775818306354659e-06,7.547944968791788e-06,6.509458469023133e-06,5.628899932573627e-06,4.880365596129321e-06,4.24246872577791e-06,3.697507010149892e-06,3.230792167294462e-06,2.830108251033242e-06,2.485272524184073e-06,2.187778403909132e-06,1.930504322767518e-06,1.707475709634143e-06,1.513669913336282e-06,1.344855943353333e-06,1.197462516844634e-06,1.068469178109961e-06,9.553162701807224e-07,8.558303458353492e-07,7.681622509942456e-07,6.907356312878941e-07,6.22204029143191e-07,5.614150747418766e-07,5.073805459549735e-07,4.592512926825511e-07,4.162962000810224e-07,3.778845109984317e-07,3.434709469777989e-07,3.125831645536523e-07,2.848111633609263e-07,2.597983280935907e-07,2.372338402453487e-07
37.5,0.007725424282979594,0.005605209056813418,0.003679729355006472,0.002404744391726785,0.001613944338215441,0.001122517673892776,0.0008085852164735661,0.0006004663619435627,0.0004571192202713284,0.0003548714651415305,0.0002797334233459396,0.0002231580926326771,0.000179725735776317,0.0001458681654428267,0.0001191517933663388,9.786377925402919e-05,8.076558730840791e-05,6.694124062648491e-05,5.570066087446271e-05,4.65160437561074e-05,3.897868548834107e-05,3.276887625585608e-05,2.763439966507681e-05,2.33748616830673e-05,1.983006953695877e-05,1.68712876971772e-05,1.439457760792917e-05,1.231567181426724e-05,1.056599407621405e-05,9.089545791296675e-06,7.840454118953993e-06,6.781030051485302e-06,5.880222530333425e-06,5.112382232950468e-06,4.456268939450442e-06,3.894251510081538e-06,3.411660893551951e-06,2.99626524119888e-06,2.637842831612583e-06,2.32783362445422e-06,2.059054232152756e-06,1.825464197360363e-06,1.621973895828761e-06,1.444286301309923e-06,1.288766366571804e-06,1.152332980551576e-06,1.032369423440292e-06,9.266490110822996e-07,8.33273237785936e-07,7.506202238854656e-07,6.773016757518111e-07,6.121268907431194e-07,5.540726030612539e-07,5.022576807077168e-07,4.559218583023429e-07,4.144078330820584e-07,3.771461680427725e-07,3.436425418196133e-07,3.134669634519112e-07,2.862446348174459e-07
38.5,0.008186247127402657,0.005841473480124211,0.003878998517058351,0.002593226372231577,0.001787273417490748,0.001275630385047465,0.0009399321435655905,0.0007110711117550511,0.000549253350007186,0.0004311808251213061,0.0003427814399815483,0.0002752298122132564,0.0002227713567469508,0.0001815127936677748,0.0001487319609640059,0.0001224711727595668,0.000101289154347302,8.410427071647264e-05,7.009201629050671e-05,5.861584091420288e-05,4.917914013268745e-05,4.139110956299223e-05,3.494194732621762e-05,2.958452491985097e-05,2.512063686434028e-05,2.139055581209229e-05,1.826501440542353e-05,1.563899453740948e-05,1.342687934327423e-05,1.155864350234264e-05,9.976841858513206e-06,8.634216680387006e-06,7.491787629897603e-06,6.517320666799768e-06,5.684096033952962e-06,4.969913440487559e-06,4.356286187409793e-06,3.827786396432284e-06,3.371511521478828e-06,2.976648534734855e-06,2.634117019811315e-06,2.336276196017067e-06,2.076683881328134e-06,1.849897759629655e-06,1.651311188726018e-06,1.477017275484165e-06,1.323696134910095e-06,1.188521204132247e-06,1.069081249319069e-06,9.633153218935723e-07,8.694584201600154e-07,7.859960173676908e-07,7.116259460743764e-07,6.452263963280028e-07,5.858290035095016e-07,5.32596180130961e-07,4.848019920313992e-07,4.418159993327245e-07,4.030895810982699e-07,3.681443438170796e-07
39.5,0.008706140780491981,0.006114710671089767,0.00410591930962195,0.002812225397658161,0.001995866789027929,0.001466815484324503,0.00110964149499428,0.0008583694276863172,0.0006752148328345431,0.0005378860101097694,0.0004326628941904219,0.000350705000469986,0.0002860629051141578,0.0002345781187498966,0.0001932516014388896,0.0001598657778386937,0.0001327483712601968,0.000110618701449912,9.248391747578201e-05,7.756669873048082e-05,6.525353757899069e-05,5.505693731197833e-05,4.658729133410345e-05,3.953166222565065e-05,3.363757799118221e-05,2.87005375689609e-05,2.455429664969973e-05,2.106326160747785e-05,1.811649745696351e-05,1.562298184288345e-05,1.350782789363524e-05,1.170926516819701e-05,1.017621708175665e-05,8.866349985701637e-06,7.744496873817002e-06,6.781379861733716e-06,5.952571836080024e-06,5.237650220497834e-06,4.619505556221291e-06,4.083775209973061e-06,3.61837849770652e-06,3.213134222635379e-06,2.859445353134527e-06,2.5500385264949e-06,2.278748424016323e-06,2.040338949542655e-06,1.83035465659892e-06,1.644997086185004e-06,1.48102165860005e-06,1.3356515560237e-06,1.206505675512857e-06,1.091538254300236e-06,9.889881943958779e-07,8.973364602812907e-07,8.152702069511952e-07,7.416525277132965e-07,6.754969016464292e-07,6.159455772028572e-07,5.622512573818167e-07,5.137615582591946e-07
40.5,0.009275593077520407,0.006391072166958132,0.004311771531432682,0.003014357311164471,0.002199915378321768,0.001665827777035402,0.001296837830621384,0.001029569999411715,0.000828621458269437,0.0006733634024333419,0.0005510864029193184,0.0004534858083789456,0.0003748355705718262,0.0003110091902247153,0.0002589308098555979,0.0002162505418568346,0.0001811412183925629,0.0001521640758312614,0.0001281757097579965,0.0001082611154632368,9.168407225088885e-05,7.784957330067758e-05,6.6274920817578e-05,5.656722583246526e-05,4.840573872525671e-05,4.152787855544e-05,3.571812651773021e-05,3.079915626644813e-05,2.662472298858313e-05,2.307394284366774e-05,2.004667657265946e-05,1.745979345568253e-05,1.524413963146964e-05,1.334207176695425e-05,1.170544583355448e-05,1.029397324943205e-05,9.0738743297491e-06,8.016772938087596e-06,7.098787279009928e-06,6.299780547736394e-06,5.602742146226617e-06,4.993275763668957e-06,4.459175097699316e-06,3.990071590428438e-06,3.577141450787626e-06,3.212861573609123e-06,2.890805858165665e-06,2.605474963205484e-06,2.352153782171309e-06,2.126791937270037e-06,1.9259034190389e-06,1.746482174771683e-06,1.58593100327899e-06,1.442001567986959e-06,1.312743713874053e-06,1.196462581172636e-06,1.091682262225238e-06,9.971149571920286e-07,9.116347574192866e-07,8.342553286748646e-07
41.5,0.009884587252505605,0.006143175017099501,0.003948315126193922,0.002686878944763234,0.001940643996326484,0.001473847738250064,0.001161997983446001,0.0009402419242750029,0.0007742401301634536,0.000645117184889922,0.000541934943846466,0.0004579487759399949,0.0003887248281878847,0.0003311712029352528,0.0002830227031638939,0.0002425550442079941,0.0002084182533068004,0.0001795340613469261,0.0001550290509555347,0.0001341887288776782,0.0001164244816576784,0.0001012488904605236,8.825674870352198e-05,7.711014784597944e-05,6.752657502851557e-05,5.926930676386143e-05,5.213959227033139e-05,4.597025481149645e-05,4.062043014440849e-05,3.597122486262528e-05,3.192212375614176e-05,2.838801003777089e-05,2.529668892813999e-05,2.258682590060319e-05,2.020622736080563e-05,1.811040470884337e-05,1.626137334607023e-05,1.462664678992799e-05,1.317839306133381e-05,1.189272622779232e-05,1.074911066972029e-05,9.729859483647037e-06,8.819711600372753e-06,8.005474804353832e-06,7.275723993788578e-06,6.620545801124422e-06,6.03132216765426e-06,5.500546687831306e-06,5.021668553273991e-06,4.588959769461307e-06,4.197402019600001e-06,3.842590134519813e-06,3.520649614823158e-06,3.228166058433766e-06,2.962124686806231e-06,2.719858447646074e-06,2.499003410365466e-06,2.297460370375852e-06,2.113361746086074e-06,1.945042993434936e-06
42.5,0.01052343517734233,0.005254015787317251,0.00285562591592501,0.001648665537455371,0.001012006857443917,0.0006605285909215832,0.000455892842465288,0.000329651405752905,0.0002472067888056666,0.0001905347502926475,0.0001498726134326444,0.000119686538678031,9.668176113622966e-05,7.879690030712782e-05,6.468018934359854e-05,5.340707859251817e-05,4.432204964066438e-05,3.694633896954627e-05,3.092183119811195e-05,2.597552752931026e-05,2.189616465344307e-05,1.851828539106973e-05,1.571105128723519e-05,1.337017963275684e-05,1.141200544425345e-05,9.76902971513698e-06,8.386532649485934e-06,7.219965808128962e-06,6.232923822913097e-06,5.39555359653561e-06,4.683297732767831e-06,4.075895907169517e-06,3.556587014832869e-06,3.111468749584206e-06,2.728981411448089e-06,2.399490286052073e-06,2.114946621585813e-06,1.868611550356812e-06,1.65483061767649e-06,1.46884914439996e-06,1.30666064491068e-06,1.164882084859524e-06,1.040650992975495e-06,9.315404141398625e-07,8.354884637269824e-07,7.507398595121251e-07,6.757973006929074e-07,6.093809596417633e-07,5.503946710231467e-07,4.97897660596583e-07,4.510808647332224e-07,4.09247061135797e-07,3.717941691771252e-07,3.382011907836367e-07,3.080163547681351e-07,2.808471028623064e-07,2.563516175433039e-07,2.342316426057736e-07,2.142263893290359e-07,1.961073556674821e-07
43.5,0.01115137731030731,0.005365126705113651,0.002814460018167122,0.001585809206580526,0.0009582748329319381,0.0006191844723058559,0.0004245019745815311,0.0003054941702622011,0.0002282514424551902,0.000175390462707434,0.000137594963764552,0.0001096201572509479,8.835711915854282e-05,7.186656876096957e-05,5.887975728210385e-05,4.853073191801499e-05,4.02067985674639e-05,3.3461425133561e-05,2.796132867077584e-05,2.345298822245327e-05,1.974062631337208e-05,1.667122409763984e-05,1.412401201047142e-05,1.200290809934531e-05,1.023095950019205e-05,8.746183324254041e-06,7.498408787291438e-06,6.446850374169581e-06,5.55822394117121e-06,4.805271870644035e-06,4.165600135100065e-06,3.620755622487018e-06,3.155490135455148e-06,2.75717050638872e-06,2.415303817504664e-06,2.121153807162449e-06,1.867429873306185e-06,1.648034131264846e-06,1.457855082225265e-06,1.292598840658498e-06,1.148650727730001e-06,1.022961490827743e-06,9.129535514352499e-07,8.164435855618698e-07,7.315784564123225e-07,6.567820887592686e-07,5.907113298968343e-07,5.322192072802746e-07,4.803242867704759e-07,4.341850724528049e-07,3.930785807750116e-07,3.563823772936651e-07,3.235594907834182e-07,2.941457225213352e-07,2.677389527256812e-07,2.439901150114595e-07,2.225955662120331e-07,2.032906253271029e-07,1.858440935601481e-07,1.700535989108993e-07
44.5,0.01181987634201447,0.005513974682011798,0.002799607692037393,0.001540284279678509,0.0009166452727762731,0.0005868760776491298,0.0004001832973147979,0.0002870375224532039,0.0002139753216677614,0.0001641317998982512,0.0001285689623571343,0.0001022896514571763,8.234362173862674e-05,6.689473217902687e-05,5.474333918207116e-05,4.507147645700504e-05,3.730094831520103e-05,3.101078616342343e-05,2.588712290821125e-05,2.169147205866934e-05,1.823987229745149e-05,1.538869813863157e-05,1.302471378548289e-05,1.105792212627827e-05,9.416312948522911e-06,8.041937368868777e-06,6.887930471446545e-06,5.916225647992447e-06,5.095782150603371e-06,4.401198895217025e-06,3.811622474937524e-06,3.30988156390698e-06,2.881797040723653e-06,2.515629520647712e-06,2.2016350347632e-06,1.931706308932642e-06,1.699082136463019e-06,1.498111161584825e-06,1.324059316097675e-06,1.172952407142153e-06,1.041447105222556e-06,9.267249493988366e-07,8.264050607112817e-07,7.384721025533726e-07,6.612166985760389e-07,5.931860533834102e-07,5.331429483463226e-07,4.800316271310258e-07,4.329493607160452e-07,3.911227035515507e-07,3.53887631915652e-07,3.206729009490752e-07,2.909860750248415e-07,2.644017823619114e-07,2.405518233609695e-07,2.191168264101303e-07,1.99819197586759e-07,1.824171539427829e-07,1.666996656543921e-07,1.524821616544016e-07
45.5,0.01246773892105714,0.005609002654777912,0.002762706899846701,0.001487523148821056,0.000873297338081623,0.000554790968550496,0.0003767083064737465,0.0002695585539219773,0.0002006367939197975,0.0001537150683901314,0.0001202785566207535,9.559414083572846e-05,7.687550959123732e-05,6.239056588094843e-05,5.100804146471976e-05,4.195669240657282e-05,3.469146813593874e-05,2.881569517213759e-05,2.403379833757108e-05,2.012135711158587e-05,1.690540427912085e-05,1.425101579671048e-05,1.205190992327728e-05,1.02236897833407e-05,8.6988830268364e-06,7.423236579021371e-06,6.352908575969118e-06,5.452314485313724e-06,4.692458293711983e-06,4.049628485030806e-06,3.504371652716035e-06,3.040679565449256e-06,2.645341768793648e-06,2.307427523286598e-06,2.017869452941586e-06,1.769127635484017e-06,1.554917634732287e-06,1.369989589458833e-06,1.209948235895378e-06,1.071105869642265e-06,9.503619039553041e-07,8.451039700870913e-07,7.531265166213894e-07,6.725636621801967e-07,6.018336875059785e-07,5.395930552301708e-07,4.846982465900405e-07,4.361740254959323e-07,3.931869983819995e-07,3.55023546210011e-07,3.210713730268309e-07,2.908040516133255e-07,2.637680573307354e-07,2.3957187128157e-07,2.178768073404573e-07,1.983892776543574e-07,1.808542604036306e-07,1.650497739953436e-07,1.507821950685546e-07,1.378822850510645e-07
46.5,0.01308484728326696,0.005717100392594815,0.002740335789300356,0.001445704926968199,0.0008377196226227144,0.000528246064552772,0.0003572661257483765,0.0002550853931480576,0.0001895884341958119,0.000145076506777654,0.0001133904739382021,9.001862555430023e-05,7.23111182597024e-05,5.862174364581849e-05,4.787526438881256e-05,3.93385260266928e-05,3.24934255811611e-05,2.69630310649878e-05,2.24666464272369e-05,1.879131655530449e-05,1.577305930706082e-05,1.328408234053131e-05,1.122381987508525e-05,9.512491032253337e-06,8.086373649225352e-06,6.894276464846613e-06,5.894867809513307e-06,5.054628522765919e-06,4.34626740490751e-06,3.747484224503079e-06,3.239997001888358e-06,2.808772283424285e-06,2.441412688057065e-06,2.127667218591354e-06,1.859038027419987e-06,1.628463400121287e-06,1.4300612726443e-06,1.258921044304838e-06,1.110934081204136e-06,9.826553309064018e-07,8.711900395875372e-07,7.741007874010587e-07,6.893310178964118e-07,6.151419937934579e-07,5.5006071011561e-07,4.928367714498046e-07,4.424066195899677e-07,3.978638015585151e-07,3.584342118855862e-07,3.234554394356998e-07,2.923595076891794e-07,2.646584258189925e-07,2.399320721542118e-07,2.178180164413991e-07,1.980029564805861e-07,1.802155012327997e-07,1.642200787774634e-07,1.498117854695173e-07,1.36812023858569e-07,1.250648026355169e-07
47.5,0.01365993690173755,0.005798185250471784,0.002710462103700832,0.001403637796442477,0.0008038609782807436,0.0005036643349213447,0.0003395602705731736,0.0002420427075609857,0.0001796941787026292,0.0001373659788925639,0.0001072509388336758,8.50500023508941e-05,6.824149721178039e-05,5.525842557041833e-05,4.507646226637486e-05,3.699666378129941e-05,3.052492794204086e-05,2.530180765162189e-05,2.105974198539416e-05,1.759588139419652e-05,1.475415997565595e-05,1.241307104281021e-05,1.047709092385538e-05,8.870515101719159e-06,7.532937349194521e-06,6.415877244934909e-06,5.480228521537284e-06,4.694305458399509e-06,4.032332148481333e-06,3.473264291357372e-06,2.999863610041463e-06,2.597966124590534e-06,2.255900475223598e-06,1.964023258304228e-06,1.714346209763624e-06,1.500235898427646e-06,1.316170956178301e-06,1.157545173195889e-06,1.020507305667593e-06,9.018303805681518e-07,7.988047821029053e-07,7.091505729697026e-07,6.309454189809164e-07,5.625652062041011e-07,5.026350096241969e-07,4.499885247983162e-07,4.036344345967865e-07,3.627284715436378e-07,3.265501676859977e-07,2.944834701587271e-07,2.660005509099661e-07,2.406482606707988e-07,2.180367759071609e-07,1.978300677096061e-07,1.797378869492905e-07,1.635090134182312e-07,1.48925560364808e-07,1.357981616633728e-07,1.239618982912564e-07,1.132728450125758e-07
48.5,0.01418020908366156,0.005886152700362529,0.002688139612103551,0.001365866812987704,0.0007723202557498063,0.0004804108806544462,0.000322701225311129,0.0002296052518930834,0.0001702740975771712,0.0001300495400219271,0.0001014495808413488,8.037596010038563e-05,6.442999266046253e-05,5.212161867291162e-05,4.247638193580063e-05,3.482900234619283e-05,2.870901894670066e-05,2.377417704186337e-05,1.976978352432988e-05,1.650284150407068e-05,1.382496278199103e-05,1.162070466083588e-05,9.799382911381107e-06,8.289186714061797e-06,7.03286304742867e-06,5.984498678503194e-06,5.107086822157621e-06,4.370665409006814e-06,3.750878482982153e-06,3.227855122024889e-06,2.785329423041136e-06,2.409945337762207e-06,2.090704478241655e-06,1.818525328117443e-06,1.585889833148923e-06,1.386558922408269e-06,1.215342686165234e-06,1.067914092087799e-06,9.406575275766527e-07,8.305453050474224e-07,7.350366975847698e-07,6.519951860926838e-07,5.796204708424881e-07,5.163924861251841e-07,4.61025198660022e-07,4.124284004415116e-07,3.696760492263733e-07,3.319799836323183e-07,2.986680593505856e-07,2.691659295421004e-07,2.429818349026266e-07,2.196938840570585e-07,1.98939398321665e-07,1.804059707609526e-07,1.638239512788443e-07,1.489601199414751e-07,1.356123520024157e-07,1.236051119292613e-07,1.127856415093049e-07,1.030207299652333e-07
49.5,0.01463556754406395,0.005988623711928279,0.002690191752511294,0.00134849805373817,0.0007559426807478786,0.0004682156488108271,0.0003140006861129309,0.0002233091570169265,0.0001655717182609469,0.0001264216341603298,9.857406943718356e-05,7.804989999321077e-05,6.25204697070733e-05,5.053737287264321e-05,4.115179536177191e-05,3.371499405311822e-05,2.77677224309885e-05,2.297569830702231e-05,1.909012781928421e-05,1.592251895735948e-05,1.332800576280122e-05,1.119394723497189e-05,9.431915547059381e-06,7.971933623008121e-06,6.758248748340054e-06,5.746181535080785e-06,4.899744077804256e-06,4.189818535170748e-06,3.592750509050934e-06,3.089253588368513e-06,2.663550016018761e-06,2.302692314163146e-06,1.996024781193895e-06,1.734753909621166e-06,1.511604178120834e-06,1.320541148459317e-06,1.156547895728594e-06,1.015443896103052e-06,8.937378555345379e-07,7.885077745649361e-07,6.973029453479747e-07,6.180636668586087e-07,5.490553168663687e-07,4.888140895505877e-07,4.361022370084935e-07,3.898710727137765e-07,3.492303291677805e-07,3.134227289455036e-07,2.818028422920406e-07,2.538194764177341e-07,2.290009802949319e-07,2.069429608371602e-07,1.872979971657725e-07,1.697670134465848e-07,1.54092030845717e-07,1.400500681642428e-07,1.274480007836433e-07,1.161182203838976e-07,1.05914964843975e-07,9.671120989525128e-08
50.5,0.0150192869179862,0.006069385567900692,0.002691314549809235,0.001334719922137463,0.0007430469331463911,0.0004585892536408877,0.0003070785868278795,0.0002182432995210742,0.000161740306266255,0.0001234295429394994,9.617688016033594e-05,7.609314805330644e-05,6.090212924877001e-05,4.918650502077147e-05,4.001664687965373e-05,3.275628854184537e-05,2.695475352400462e-05,2.228394503471802e-05,1.849971725969875e-05,1.541717897429591e-05,1.289431543045486e-05,1.082077821021425e-05,9.110002742517799e-06,7.693537799902099e-06,6.516887123015378e-06,5.536410284018221e-06,4.716981350032726e-06,4.030199597059146e-06,3.453008672522987e-06,2.96662199874983e-06,2.555680417574584e-06,2.207587696431286e-06,1.911983414380927e-06,1.660322751669254e-06,1.445540012366446e-06,1.26177811198456e-06,1.104170301121665e-06,9.686634457477041e-07,8.518745071556374e-07,7.509736468681998e-07,6.635887589375263e-07,5.877273027363186e-07,5.217121463342257e-07,4.641287881566029e-07,4.137818436374411e-07,3.696590949170475e-07,3.309017288838948e-07,2.967796501290947e-07,2.666709646577342e-07,2.400448983430397e-07,2.164475495886569e-07,1.954899851201618e-07,1.768382764827035e-07,1.602051468032811e-07,1.453429559535482e-07,1.32037800022646e-07,1.201045400535153e-07,1.093826069697048e-07,9.97324558537526e-08,9.103256430312118e-08
51.5,0.0153273557038336,0.006144230652126562,0.002702912360303796,0.001332418622668889,0.000739331200518174,0.0004557898867579194,0.0003051863064091977,0.0002169263092737562,0.0001607514242701336,0.0001226294107983219,9.549485671309501e-05,7.549479768714287e-05,6.037031040972596e-05,4.871177846238405e-05,3.95928027602078e-05,3.237841282912149e-05,2.66184699705634e-05,2.198516530208894e-05,1.823459026705005e-05,1.518210450069908e-05,1.26859677233382e-05,1.06361210884449e-05,8.946292468899892e-06,7.548315392616865e-06,6.387963180548185e-06,5.421845262095276e-06,4.615063615552968e-06,3.939422922579998e-06,3.372050274811439e-06,2.894321798260569e-06,2.491021890447743e-06,2.149680482118343e-06,1.860047705614027e-06,1.613675408549353e-06,1.403582292994006e-06,1.223984886658055e-06,1.070080607406534e-06,9.378722419128521e-07,8.240254876522917e-07,7.25752993046931e-07,6.407197093266595e-07,5.669654388232217e-07,5.028413012076692e-07,4.469574961759533e-07,3.981402592734876e-07,3.553963179635146e-07,3.178834813496717e-07,2.848862573181289e-07,2.557955992830993e-07,2.300920520745764e-07,2.073317012761298e-07,1.871344391422693e-07,1.691741483196542e-07,1.531704760849909e-07,1.388819299588669e-07,1.261000729532462e-07,1.146446354288107e-07,1.043593922302829e-07,9.510867975874618e-08,8.677444899526324e-08
52.5,0.01555628612940027,0.006236116475821474,0.002738426190209015,0.001348674940486593,0.0007486405880022778,0.0004620111546040802,0.0003096386364312102,0.0002201832841997754,0.0001631446974536056,0.0001243870950469852,9.678372025427292e-05,7.643814729969347e-05,6.105911024664693e-05,4.921291003322892e-05,3.995537662323428e-05,3.263852067191401e-05,2.680269863538032e-05,2.211316334223821e-05,1.832093050628086e-05,1.523763320682978e-05,1.271878317317772e-05,1.065228568736679e-05,8.950353320645916e-06,7.543686804733919e-06,6.377209233399815e-06,5.406889662801299e-06,4.597346342201606e-06,3.920017704471771e-06,3.351753080849621e-06,2.873717745014868e-06,2.470536003277808e-06,2.129616316671477e-06,1.840616802416637e-06,1.595019798042874e-06,1.385791713416967e-06,1.207109967019064e-06,1.054142962921851e-06,9.228722014580479e-07,8.099480016817695e-07,7.125721413519554e-07,6.284021302048029e-07,5.554729268517735e-07,4.921327640452687e-07,4.369904173527807e-07,3.888717805579488e-07,3.46784029203939e-07,3.098859858694222e-07,2.774635656202457e-07,2.489093919547871e-07,2.237058435791526e-07,2.014109291739118e-07,1.816464977271975e-07,1.640883813376119e-07,1.484581398370544e-07,1.345161354751491e-07,1.220557138855579e-07,1.108983067251761e-07,1.008893034219134e-07,9.189456573304784e-08,8.379748038648372e-08
53.5,0.01570033579195491,0.006272779011571333,0.002762350810853888,0.001368443202540098,0.0007647539546183747,0.0004747717384116085,0.0003195730100543631,0.0002278621979673745,0.0001690744038906994,0.0001289774018717786,0.0001003521092499979,7.922568708624469e-05,6.324752999747176e-05,5.093918045389574e-05,4.132310359062033e-05,3.372650065105455e-05,2.7671233579122e-05,2.280869681255547e-05,1.887945479406126e-05,1.568720453693545e-05,1.308139019749428e-05,1.094524743015559e-05,9.187372748123319e-06,7.735650577164475e-06,6.532798967959067e-06,5.533052152109602e-06,4.69965744587004e-06,4.002965517237925e-06,3.418959407314583e-06,2.928112132452011e-06,2.514493082491752e-06,2.165064614834343e-06,1.869125267220082e-06,1.617866829718951e-06,1.404020412125883e-06,1.221572475746534e-06,1.06553615370878e-06,9.317664668281811e-07,8.168105377299672e-07,7.17785817568354e-07,6.322808139328604e-07,5.582739524336643e-07,4.940670969515619e-07,4.382309533769817e-07,3.895601329475935e-07,3.47036087380978e-07,3.097964742918772e-07,2.771097873540052e-07,2.483543063242728e-07,2.23000599024896e-07,2.005969497346405e-07,1.807572032599464e-07,1.631506068051404e-07,1.474933070261191e-07,1.335412208056026e-07,1.21084048086301e-07,1.09940235735855e-07,9.995273464691238e-08,9.09854195008857e-08,8.292006297181725e-08
54.5,0.01574990053827495,0.006317118938421558,0.002804379589024103,0.001403331556231029,0.0007919908094013159,0.0004955982969895229,0.0003354626124787314,0.0002400545811317986,0.000178511107422761,0.0001363492139054635,0.0001061620635186065,8.384175482716341e-05,6.694151775870911e-05,5.391419808839554e-05,4.373271256163357e-05,3.568808708978802e-05,2.927543260443937e-05,2.412611623657287e-05,1.996553680591733e-05,1.658578811576305e-05,1.382735455137332e-05,1.156649637451464e-05,9.706340039840434e-06,8.170452638468742e-06,6.898125039308978e-06,5.840856850811737e-06,4.959703207128372e-06,4.223250007834077e-06,3.606054120835493e-06,3.087431929161422e-06,2.650511705679149e-06,2.281487706463065e-06,1.969029778330099e-06,1.703813736674084e-06,1.47814613919772e-06,1.285663266308534e-06,1.121088738465528e-06,9.800376835769022e-07,8.58858015506718e-07,7.545014131551233e-07,6.644181539064581e-07,5.864711690213605e-07,5.188656355275345e-07,4.600911616839008e-07,4.08874207957043e-07,3.641388480593051e-07,3.249743419191646e-07,2.906082851538272e-07,2.603843336232995e-07,2.337436893109752e-07,2.102096847119368e-07,1.893749246365382e-07,1.708905427591658e-07,1.544572100163019e-07,1.398175967678045e-07,1.267500434045673e-07,1.150632371426619e-07,1.045917279478174e-07,9.519214537342643e-08,8.674000176537923e-08
55.5,0.0156926107639762,0.00635796674968108,0.002862404669455542,0.001454594157970107,0.0008323201174729739,0.0005263182192562634,0.0003587919831897238,0.0002579063788691839,0.0001923187900632149,0.0001471454689695802,0.000114687584706796,9.063273936180931e-05,7.239162149883644e-05,5.831676804892409e-05,4.730943534481644e-05,3.860860670420478e-05,3.167099363521158e-05,2.60992183265697e-05,2.159688516865735e-05,1.793937825505518e-05,1.49542461804259e-05,1.250765051251125e-05,1.049477591714936e-05,8.832903667810299e-06,7.456321168252518e-06,6.312525113833155e-06,5.359353618728621e-06,4.562796507393624e-06,3.895307784971277e-06,3.334494589872477e-06,2.862091437401563e-06,2.463152682621881e-06,2.125413272243652e-06,1.838780219685724e-06,1.594926274422989e-06,1.386963939710992e-06,1.209182986846106e-06,1.056838380994123e-06,9.259783985761056e-07,8.133049114677408e-07,7.160595066733739e-07,6.319304243091386e-07,5.589763221794635e-07,4.955636793694186e-07,4.40315284727558e-07,3.920677571868753e-07,3.498364427495576e-07,3.12786350018176e-07,2.802080396423678e-07,2.514975863361043e-07,2.261398956188587e-07,2.036947892893429e-07,1.837853802503811e-07,1.660883437116566e-07,1.503257619941054e-07,1.362582773133473e-07,1.236793335520249e-07,1.124103261564868e-07,1.022965105247495e-07,9.320354488497185e-08
56.5,0.01551801034309332,0.006366382119817575,0.002918584184074913,0.001511025960587784,0.0008779909972062844,0.0005611715586535324,0.0003850975656783299,0.0002778780542312682,0.0002076540483017092,0.0001590638547711297,0.0001240543319537847,9.806626990177911e-05,7.83405222224223e-05,6.311185731582715e-05,5.119857784442111e-05,4.178017143626472e-05,3.426991302889023e-05,2.823819145626365e-05,2.336434398201998e-05,1.940525470405357e-05,1.617421564229699e-05,1.35262992063877e-05,1.13479949937035e-05,9.549718616746743e-06,8.060303038820119e-06,6.822888164621353e-06,5.791815261592192e-06,4.930255322092029e-06,4.20838111667574e-06,3.601946962221522e-06,3.091177506689343e-06,2.659892910270666e-06,2.294816347722732e-06,1.985023139671353e-06,1.721500605612122e-06,1.496794969393031e-06,1.304727057881302e-06,1.140162614627827e-06,9.988261545965904e-07,8.771496648049117e-07,7.721492907510809e-07,6.813245726108678e-07,6.025759064133764e-07,5.341367767997106e-07,4.745179943831097e-07,4.224617136798105e-07,3.769034386943741e-07,3.369405667704336e-07,3.018062959539836e-07,2.708479413524402e-07,2.435088830939362e-07,2.19313511325138e-07,1.978546491656179e-07,1.787830281285445e-07,1.617984665457501e-07,1.466424634328323e-07,1.33091970730006e-07,1.209541481394462e-07,1.100619385974168e-07,1.002703301724619e-07
57.5,0.0152240656115221,0.006406880647370954,0.003015791321627107,0.001600036226197374,0.0009478291822238455,0.0006138942324862153,0.0004247927016286009,0.00030805110395334,0.0002308843908509077,0.0001771752420688025,0.000138333683804714,0.0001094330580776695,8.746306750307294e-05,7.048455442046623e-05,5.7193131678713e-05,4.668004202951825e-05,3.829391456138112e-05,3.155699503457581e-05,2.611224977125468e-05,2.168874430077524e-05,1.807826722965255e-05,1.511911761017332e-05,1.268459854813742e-05,1.067468836692748e-05,9.009909502858359e-06,7.62674987331976e-06,6.474201287253551e-06,5.511114565550163e-06,4.704160146868879e-06,4.026243038513879e-06,3.455262304820329e-06,2.973134237036116e-06,2.56501895907349e-06,2.218705110082303e-06,1.924118137091745e-06,1.672925793095772e-06,1.458220464925099e-06,1.274262505334656e-06,1.116272205987558e-06,9.802607019613875e-07,8.628921462512092e-07,7.613710823758925e-07,6.733501838310667e-07,5.968545021702127e-07,5.302191320935632e-07,4.72037808378418e-07,4.21120431077212e-07,3.764578991981686e-07,3.371929399341066e-07,3.025958665938178e-07,2.720443963171286e-07,2.45006818276398e-07,2.210279321268966e-07,1.997172810714627e-07,1.807392888817948e-07,1.638049794045912e-07,1.48665013529105e-07,1.351038247421136e-07,1.229346721995599e-07,1.119954612688849e-07
58.5,0.01482213488337209,0.006407895154990914,0.003113060588531745,0.001699681598137649,0.001028970108893002,0.000676165893643196,0.0004720839310564612,0.0003441867241253813,0.0002588055747801237,0.0001990032081018213,0.0001555813172777701,0.0001231884344393182,9.852069869322528e-05,7.943424934955607e-05,6.447959568458692e-05,5.264322176283043e-05,4.319677566622447e-05,3.560502211279622e-05,2.946740144086803e-05,2.447961988140176e-05,2.04076325993475e-05,1.706955465187475e-05,1.432279781563412e-05,1.20547452406016e-05,1.017587827616332e-05,8.61463852682395e-06,7.313540224444208e-06,6.226197819998175e-06,5.31503274858577e-06,4.549490243826481e-06,3.904643192847549e-06,3.360092370845537e-06,2.899095450557002e-06,2.507873852664814e-06,2.175058711815447e-06,1.891246276356607e-06,1.648639827226466e-06,1.440760311718186e-06,1.262211778341249e-06,1.108490682539794e-06,9.758304361031103e-07,8.610743614753659e-07,7.615716083477324e-07,6.750916852474734e-07,5.997541219988005e-07,5.33970461927476e-07,4.763963251682866e-07,4.258917168309969e-07,3.814880995534948e-07,3.423610273182679e-07,3.078073605082518e-07,2.772262621254472e-07,2.501033206077064e-07,2.259972626305777e-07,2.045288151127353e-07,1.853713536751147e-07,1.68243038475766e-07,1.529001904023898e-07,1.391317032532145e-07,1.267543225412712e-07
59.5,0.01433798967095643,0.006432963904895618,0.003242645056909532,0.001825404915215834,0.001129478329718357,0.0007526763033183485,0.0005299492363793379,0.0003882954043770694,0.000292831152986676,0.0002255692009255423,0.0001765498273689304,0.0001398950446722078,0.0001119388828671686,9.028565064463292e-05,7.330765694953875e-05,5.986290690363135e-05,4.912875011983351e-05,4.049961864618989e-05,3.352175232339579e-05,2.785012478944908e-05,2.32191781190679e-05,1.942242786772427e-05,1.629793421738772e-05,1.371775449272374e-05,1.15801608306277e-05,9.803817671626958e-06,8.323373188533539e-06,7.086086753972548e-06,6.049225868131963e-06,5.178041323109694e-06,4.444181388014621e-06,3.824442327937809e-06,3.299778634781728e-06,2.854515210984574e-06,2.475717571858453e-06,2.152686379282817e-06,1.876550291606002e-06,1.639936910794393e-06,1.436706022263235e-06,1.261732709259306e-06,1.110730538502307e-06,9.801070447580725e-07,8.668453279302061e-07,7.684068206776659e-07,6.826512653777794e-07,6.077707154605215e-07,5.422349927413284e-07,4.847465239073388e-07,4.342028724112883e-07,3.896655973651699e-07,3.503343247070711e-07,3.15525120544083e-07,2.846524220568167e-07,2.572139154994607e-07,2.327778598269427e-07,2.109724432378776e-07,1.914768323494163e-07,1.74013632941751e-07,1.583425297280049e-07,1.442549124286145e-07
60.5,0.0138068327819518,0.006497627202525676,0.003415008319430219,0.001984863000491756,0.00125518677921583,0.0008479899521438207,0.0006020227650389239,0.0004433037393082669,0.0003353371460866026,0.0002588143782054615,0.0002028332780381492,0.0001608677085079221,0.0001288063589529911,0.0001039434993021839,8.443163815581449e-05,6.896997054397968e-05,5.661903760912073e-05,4.6685975060366e-05,3.865086953019847e-05,3.211796077036881e-05,2.67823813739847e-05,2.240691991284333e-05,1.880543502939462e-05,1.583079577425525e-05,1.336597237022642e-05,1.131736380814641e-05,9.609741559858865e-06,8.182378877722192e-06,6.986061486747976e-06,5.980761171255701e-06,5.133813005078146e-06,4.41847864913661e-06,3.812807913924055e-06,3.298732354498241e-06,2.861340488656508e-06,2.488295966432331e-06,2.169368813066572e-06,1.896056515309665e-06,1.661276786447613e-06,1.459117733166443e-06,1.284634150484299e-06,1.133681004362009e-06,1.00277698424623e-06,8.889924383874993e-07,7.898571326116928e-07,7.032841659946624e-07,6.275070862411642e-07,5.610278131449412e-07,5.025734309092242e-07,4.510602730783413e-07,4.055640158787582e-07,3.65294731380196e-07,3.295760424524307e-07,2.97827675995181e-07,2.695508364694132e-07,2.443159240070968e-07,2.217522048228799e-07,2.015391098901603e-07,1.833988937554867e-07,1.67090431261856e-07
61.5,0.01326453726850739,0.00660231770636681,0.003625805916983828,0.002173236473690628,0.001401652753994034,0.0009582373082004967,0.0006850163915348438,0.0005064509973131116,0.0003840193022653733,0.0002968206081331481,0.0002328362057554689,0.000184778854426012,0.0001480172300032821,0.00011948507431327,9.708016008174982e-05,7.931815894123612e-05,6.512496307748355e-05,5.370729705002105e-05,4.44692985258138e-05,3.69570547442457e-05,3.082070297949604e-05,2.578790200593986e-05,2.16448692661967e-05,1.822257763736814e-05,1.538654932537094e-05,1.302920701606918e-05,1.106407451309086e-05,9.421335251511785e-06,8.044400940729782e-06,6.887240324994486e-06,5.912285705516995e-06,5.088782506182578e-06,4.391481227788212e-06,3.799595830514822e-06,3.295970710286308e-06,2.86641188709897e-06,2.499148106600856e-06,2.184395181233056e-06,1.914002709348726e-06,1.681166772663143e-06,1.48019565990172e-06,1.306318343764201e-06,1.15552753153232e-06,1.024450752884176e-06,9.10244244160281e-07,8.105054141031728e-07,7.232004912266843e-07,6.466046029641931e-07,5.792520567279582e-07,5.198950102452765e-07,4.674690542748789e-07,4.210645016896856e-07,3.799023960215999e-07,3.433144302217517e-07,3.107261107678637e-07,2.816426198400555e-07,2.556369242589597e-07,2.323397583672995e-07,2.114311723482187e-07,1.926333902693222e-07
62.5,0.01273996872655127,0.006744341823702992,0.003868667400759661,0.002386411867933485,0.001567106249365901,0.001083110630163232,0.0007793681489550176,0.0005784885369517968,0.0004397125375016737,0.0003403954496734861,0.0002672917355227468,0.0002122724473565449,0.0001701270051898839,0.0001373848123991549,0.0001116562726670467,9.124902918324434e-05,7.493576633215385e-05,6.180862154846243e-05,5.118486568325779e-05,4.254395930792372e-05,3.548441944278668e-05,2.969356155009078e-05,2.492583436800582e-05,2.098702900484812e-05,1.772259123127657e-05,1.500885521447904e-05,1.274639266743681e-05,1.085491660717535e-05,9.269342486803846e-06,7.936720793418849e-06,6.813832384718711e-06,5.865292249887864e-06,5.062046327257469e-06,4.38017427093474e-06,3.799931815942558e-06,3.304981806013601e-06,2.881774507980972e-06,2.519046582155745e-06,2.207414746697362e-06,1.939045295115899e-06,1.707384584000371e-06,1.506938684770621e-06,1.33309279749959e-06,1.18196291263117e-06,1.050273695178282e-06,9.352577448039449e-07,8.345723220681956e-07,7.462303782937309e-07,6.685433242955628e-07,6.000734529397029e-07,5.395943165531676e-07,4.860576717186231e-07,4.385658559814919e-07,3.963486653356139e-07,3.587439674272698e-07,3.251814206869787e-07,2.951687800085761e-07,2.682803598955787e-07,2.441472999914989e-07,2.224493386605115e-07
63.5,0.0122513518825564,0.006904281956055276,0.004121791947369522,0.002606617917788694,0.001737843361319007,0.001212059775743113,0.0008768735308782768,0.000652966736262648,0.0004973002349016578,0.0003854493675235347,0.0003029107771539641,0.0002406888203335005,0.0001929745485970451,0.0001558788510094085,0.0001267143934600155,0.000103573226566287,8.506928378716846e-05,7.017601781414016e-05,5.812077070122854e-05,4.831406180544414e-05,4.030101848790357e-05,3.372724590607046e-05,2.831435785727473e-05,2.384212493511183e-05,2.013525172975616e-05,1.705345358197828e-05,1.448392461333286e-05,1.233556427858872e-05,1.053451379694782e-05,9.020679301008544e-06,7.745005633137168e-06,6.667326172291489e-06,5.754658091870595e-06,4.979844406351446e-06,4.320467648786922e-06,3.757977467777317e-06,3.276987520483256e-06,2.864706942640275e-06,2.510479230746391e-06,2.205407174078055e-06,1.942046959600729e-06,1.714158060156465e-06,1.516498241846174e-06,1.344655166867142e-06,1.194907756217288e-06,1.064111813528925e-06,9.496054738846479e-07,8.491308889739353e-07,7.607692380781738e-07,6.828866986054722e-07,6.140894479056939e-07,5.531861215528648e-07,4.991564392278345e-07,4.511249412179092e-07,4.083389670228384e-07,3.701501610795814e-07,3.359989159343001e-07,3.0540126568721e-07,2.779378265315415e-07,2.532444501701523e-07
64.5,0.01180698626214897,0.007123585094580795,0.004427897616258799,0.002870998084838186,0.001944413005770011,0.001369672765962983,0.0009971788231206522,0.0007455730651937812,0.0005693393416707531,0.0004420717516926403,0.0003478350758829526,0.0002766270857346491,0.0002219317811568066,0.0001793583105017909,0.0001458581274728525,0.000119259204969461,9.797952416862701e-05,8.084514213146108e-05,6.697117303799452e-05,5.568176571213885e-05,4.645495171583526e-05,3.888378598050839e-05,3.264842889507685e-05,2.749574489029923e-05,2.322417151966035e-05,1.967235243510397e-05,1.671050231273795e-05,1.423378330228883e-05,1.215718131327682e-05,1.041151304527181e-05,8.94029382466582e-06,7.697266386948591e-06,6.644441003509986e-06,5.750533881508132e-06,4.989717634688925e-06,4.34061760012308e-06,3.785502772300384e-06,3.309631481340409e-06,2.900720607342271e-06,2.548513781757755e-06,2.244429176094995e-06,1.981271483221639e-06,1.75299582760846e-06,1.554513800341576e-06,1.381533755083609e-06,1.230429038078945e-06,1.098129047157699e-06,9.820289894112871e-07,8.799149872639692e-07,7.899018087950659e-07,7.103810021614134e-07,6.399776207299349e-07,5.775140546404415e-07,5.219797514384556e-07,4.725058253919152e-07,4.283437318639353e-07,3.888473274109087e-07,3.534577543087879e-07,3.216906849471166e-07,2.931255409605553e-07
65.5,0.01140912052573047,0.007350507249043911,0.004736613261753446,0.00313980443470416,0.002156619729208735,0.001532959158767071,0.001122577028606485,0.0008425033662597257,0.0006449529332607955,0.0005016147488341314,0.0003951366710695376,0.0003145009748160576,0.0002524687419154401,0.0002041313301865884,0.0001660650238646566,0.0001358222995889773,0.0001116160921470493,9.211789903558874e-05,7.632497955938678e-05,6.347068670305043e-05,5.296246434555494e-05,4.433804998771976e-05,3.723394753232977e-05,3.136235318683395e-05,2.649402188403343e-05,2.244538359424232e-05,1.906874867137908e-05,1.62447901985012e-05,1.387672565694681e-05,1.188578068691944e-05,1.020762947221329e-05,8.7895853849842e-06,7.588372328543305e-06,6.568348541554671e-06,5.700085049326781e-06,4.959223582509926e-06,4.325555785196826e-06,3.782278414777512e-06,3.315389069360718e-06,2.913194538137681e-06,2.565909718061499e-06,2.265329589907867e-06,2.004560304713211e-06,1.777798227073708e-06,1.580147987718138e-06,1.407472345400276e-06,1.256268047798634e-06,1.123562989866994e-06,1.006830855539339e-06,9.039201411431021e-07,8.129950324302767e-07,7.324860700964835e-07,6.610489132854695e-07,5.97529814446834e-07,5.409366659523764e-07,4.904146801468039e-07,4.452259288324774e-07,4.04732102615957e-07,3.683799607274028e-07,3.356890324029561e-07
66.5,0.01105849804423156,0.007533292140453167,0.005023422409769976,0.003406440154944399,0.002375799517285961,0.001706125366643167,0.001257934004678259,0.0009483989317892829,0.0007282532282633167,0.0005676004144059628,0.0004477824197528743,0.0003567894415262172,0.000286649253983029,0.0002319142468094013,0.0001887629538383754,0.0001544518435263032,0.0001269713443766948,0.0001048239776642495,8.687741767330862e-05,7.226474113278515e-05,6.031516052622093e-05,5.050493328689733e-05,4.242193190442232e-05,3.573966019533367e-05,3.019792763677922e-05,2.558829825194248e-05,2.174301652545157e-05,1.852650030131334e-05,1.582875185438089e-05,1.356021769022042e-05,1.16477528726231e-05,1.00314344982228e-05,8.662032823452823e-06,7.498995093121273e-06,6.508831424551349e-06,5.663817650174021e-06,4.940949228872047e-06,4.321094898726476e-06,3.7883098686987e-06,3.329276904072078e-06,2.932850283683301e-06,2.589682762108932e-06,2.291919703002439e-06,2.032947719708024e-06,1.807187661504289e-06,1.60992376679567e-06,1.437162381767166e-06,1.285514901733233e-06,1.152100600133526e-06,1.034465819296641e-06,9.305166486407074e-07,8.384627419913201e-07,7.567703514197994e-07,6.841230003766677e-07,6.193884997161537e-07,5.615912390364078e-07,5.098888726102206e-07,4.63552672057876e-07,4.219509432347952e-07,3.845350077293839e-07
67.5,0.01075688136490011,0.007653016739090025,0.005268652851795135,0.003654579941029608,0.002589059549025356,0.001879074047194108,0.001395315860739103,0.001056984960870963,0.0008142421487925967,0.0006360204467378178,0.0005025377306901048,0.0004008675846996292,0.0003223324110043081,0.0002609529169010923,0.0002125086658033209,0.0001739558080305734,0.0001430572189539899,0.0001181416247478066,9.794286683343173e-05,8.149014124948923e-05,6.803143001637783e-05,5.697904053986711e-05,4.78701900403787e-05,4.033803518292202e-05,3.409008757087734e-05,2.889193927236e-05,2.455486327836212e-05,2.092627944412817e-05,1.788236454776338e-05,1.532228352101177e-05,1.316365782003068e-05,1.133898563015448e-05,9.792799736825458e-06,8.479400800400265e-06,7.361042077144644e-06,6.406470187272033e-06,5.589748020562291e-06,4.88930217565283e-06,4.287149794232184e-06,3.768269245327273e-06,3.320086544356912e-06,2.93205517701029e-06,2.595311525978962e-06,2.302391658837352e-06,2.0469980466456e-06,1.823807011400504e-06,1.628309473475676e-06,1.456678985536855e-06,1.305662172796374e-06,1.172487609729727e-06,1.05478989646725e-06,9.505462900252764e-07,8.580237247131254e-07,7.757344448487727e-07,7.023987890933077e-07,6.36913923391097e-07,5.783275299374774e-07,5.258156317920141e-07,4.78663873931527e-07,4.362516974953407e-07
68.5,0.01050707541278787,0.007773754877331999,0.005521950415876324,0.003919613397262409,0.002822330404392322,0.002071386876274989,0.001549816665031644,0.001180056429982184,0.0009122287722033521,0.0007142808629657138,0.0005653351174896718,0.0004515165938397926,0.0003633927494824351,0.00029440290652294,0.0002398839871706949,0.0001964555547260036,0.0001616235963693284,0.0001335196045731887,0.0001107249502605556,9.215014026675529e-05,7.695014342021025e-05,6.446391771770629e-05,5.41705033363454e-05,4.565667016156998e-05,3.859276575729551e-05,3.271447634049531e-05,2.780891284250714e-05,2.370390138921252e-05,2.0259675187622e-05,1.736238440201427e-05,1.491899480538702e-05,1.285325585821371e-05,1.11024981954495e-05,9.615078484272548e-06,8.348332465342124e-06,7.266928976968369e-06,6.34154185580369e-06,5.547774905713625e-06,4.865289125578513e-06,4.277092168568526e-06,3.768958359645043e-06,3.328954106871172e-06,2.947048638616271e-06,2.614794007661982e-06,2.325061469920146e-06,2.071823856599165e-06,1.849975557078394e-06,1.65518332546259e-06,1.483762401918118e-06,1.33257346664097e-06,1.198936771388046e-06,1.080560461481062e-06,9.754806420057927e-07,8.820111808168042e-07,7.987015979283513e-07,7.243016818392583e-07,6.57731710996506e-07,5.980573531012192e-07,5.444684744433864e-07,4.962612224634841e-07
69.5,0.01031072305420999,0.007823894190679775,0.005713319363335603,0.004145529907370648,0.00303344963420878,0.002251875293195934,0.001698330374959826,0.001300328400233704,0.001009120578741877,0.0007923389895538148,0.0006283814744874821,0.0005026268571678827,0.0004049978342781701,0.0003284126219127607,0.0002677986754588379,0.0002194573039511538,0.0001806477249974679,0.000149309719808216,0.0001238751157193681,0.0001031371836148213,8.615849645060972e-05,7.220481110874541e-05,6.069688302705736e-05,5.117485591397488e-05,4.327161459996536e-05,3.669262318960565e-05,3.120052017273851e-05,2.660324595364157e-05,2.274482254774084e-05,1.94981442288092e-05,1.675930636000629e-05,1.444312001535792e-05,1.247954712919439e-05,1.081085472790253e-05,9.389334044517898e-06,8.175465637992503e-06,7.136438279701743e-06,6.244949624565065e-06,5.478232195587035e-06,4.817260167569458e-06,4.246101707651092e-06,3.751388859107049e-06,3.321882618555662e-06,2.948115314292365e-06,2.622095916341795e-06,2.337066703665171e-06,2.08730193911245e-06,1.867940980152635e-06,1.674849677620195e-06,1.504505059193005e-06,1.353899216522233e-06,1.220459059956853e-06,1.101979208164034e-06,9.965657697202157e-07,9.025891722065506e-07,8.186445192044786e-07,7.43518220989561e-07,6.761598619754353e-07,6.156584461383707e-07,5.612223080529364e-07
70.5,0.01016544810504732,0.0079065954548081,0.005922636418548476,0.004387474192610043,0.003261077483110599,0.002448499268121504,0.001861621800418823,0.00143353376139503,0.001117019188835957,0.0008796139052088282,0.0006990789450887156,0.0005600629357384929,0.000451826761473896,0.0003667384148308474,0.0002992848911415746,0.0002454207313437508,0.0002021338157035857,0.0001671517407850627,0.0001387400257561034,0.0001155611003993847,9.657414524230554e-05,8.096283824085088e-05,6.808247893075759e-05,5.742078338359114e-05,4.856847053097574e-05,4.11969605065301e-05,3.504130587393395e-05,2.988701846178866e-05,2.55598270511549e-05,2.191766107537533e-05,1.884433940052948e-05,1.624457511455654e-05,1.404000296324761e-05,1.216600633406155e-05,1.056917280822362e-05,9.205246330362787e-06,8.037473523409813e-06,7.035264115959242e-06,6.173102651859753e-06,5.429661924555682e-06,4.787078879302171e-06,4.230361762958481e-06,3.746903601754205e-06,3.326082049196828e-06,2.958929569697925e-06,2.637861037593347e-06,2.356448311647797e-06,2.109233327279392e-06,1.891572837556822e-06,1.69950921122259e-06,1.529662725480589e-06,1.379141623229477e-06,1.245466878367412e-06,1.126509160012803e-06,1.0204359317941e-06,9.256669855084604e-07,8.408370051984228e-07,7.647640006635304e-07,6.964226487345188e-07,6.349217444346311e-07
71.5,0.01006251707748973,0.007972550247360622,0.006107126927164006,0.004613211380129194,0.003482050750826975,0.002644943697270605,0.002028249289394616,0.001571603607384377,0.001230167974716458,0.0009719378406031255,0.0007743620172595626,0.0006215346199404308,0.0005021433711230583,0.0004080466186091148,0.0003333060705141736,0.0002735318778300342,0.0002254369708782645,0.0001865307264983174,0.000154905704349854,0.0001290870893945205,0.0001079248832739227,9.051563319798638e-05,7.614485993716119e-05,6.424419732475349e-05,5.435913140959916e-05,4.612447581065386e-05,3.924556142006031e-05,3.348369363890743e-05,2.864482863248675e-05,2.457069971337692e-05,2.113182383067273e-05,1.822196133898212e-05,1.575370652881878e-05,1.365496320285276e-05,1.186611669627537e-05,1.033775659916699e-05,9.028836869376905e-06,7.905184749598872e-06,6.938288882704765e-06,6.104311681049161e-06,5.383282395671537e-06,4.758436226125356e-06,4.215671790852488e-06,3.743104778101313e-06,3.330699949291566e-06,2.96996712298189e-06,2.653709522027631e-06,2.375815068722622e-06,2.131082978733891e-06,1.915079424881732e-06,1.724017187051439e-06,1.554655130343609e-06,1.404214103820804e-06,1.270306461582927e-06,1.150876903943679e-06,1.044152741115924e-06,9.486020125570443e-07,8.628981659972868e-07,7.858902224307471e-07,7.165775360467702e-07
72.5,0.009986386763467536,0.008025744955447096,0.00626293569398096,0.004813859233045685,0.003686561998842925,0.002832465192076419,0.0021910996565158,0.001708989405435148,0.00134431615425679,0.001066072003200493,0.0008517602782183474,0.0006851493902101186,0.0005544895090026396,0.0004512068517564995,0.0003689806747474386,0.0003030994209741102,0.0002500122743350361,0.0002070151875406688,0.0001720290719851844,0.0001434413626024124,0.0001199915013331341,0.0001006871705704789,8.474230757216791e-05,7.153073446721212e-05,6.05511190414641e-05,5.140025301625506e-05,4.375250295224667e-05,3.734388871560915e-05,3.195966364435935e-05,2.742456705052249e-05,2.359513188311233e-05,2.035358395970299e-05,1.760298153795344e-05,1.526332703697028e-05,1.326844466135352e-05,1.15634642872776e-05,1.010278731555434e-05,8.848437196737626e-06,7.768718095149984e-06,6.837121220173679e-06,6.031430847076563e-06,5.332991817602887e-06,4.726107982745846e-06,4.197547101913652e-06,3.736132505144198e-06,3.33240563403652e-06,2.978346614734187e-06,2.66714244650058e-06,2.39299433942698e-06,2.150957303878562e-06,1.936806360164269e-06,1.746924760757837e-06,1.578210447451708e-06,1.427997640303217e-06,1.293991004486196e-06,1.174210289374284e-06,1.066943700676545e-06,9.707085667003804e-07,8.842181062623613e-07,8.063533084130179e-07
73.5,0.009915797114806162,0.008089614212686844,0.006410818121290166,0.005002303214302261,0.003881909754134797,0.003015237174993161,0.002352740410092486,0.001847440319901352,0.001460771462504187,0.001163057932750663,0.0009321323907863941,0.0007516263097045782,0.0006094707571707416,0.0004967297282504225,0.0004067390560641227,0.0003344858093241627,0.0002761648519452962,0.0002288619970919526,0.0001903264839357807,0.0001588063113415691,0.0001329279484232323,0.0001116075882377432,9.398502064462451e-05,7.937388533338981e-05,6.722390841175828e-05,5.709199505192853e-05,4.861993086601099e-05,4.15170604113825e-05,3.554674615873402e-05,3.051572162665922e-05,2.626567616359393e-05,2.266657184220206e-05,1.961131280089758e-05,1.701147634604423e-05,1.479388175205155e-05,1.289782298524748e-05,1.127282981985425e-05,9.876851096200213e-06,8.674776433590216e-06,7.637230195653841e-06,6.739585128840176e-06,5.961153760031265e-06,5.284524026563421e-06,4.695012235137788e-06,4.180211696262505e-06,3.729619557446078e-06,3.33432769191054e-06,2.986766168530424e-06,2.680489971763943e-06,2.410001365868718e-06,2.170601690646847e-06,1.958267503216358e-06,1.769546894683054e-06,1.601472553953439e-06,1.451488756567177e-06,1.317389950873207e-06,1.197269018342296e-06,1.08947361630743e-06,9.925692836186696e-07,9.053082135991913e-07
74.5,0.009827145954007362,0.00812683907838814,0.006531005242760407,0.005167295981596404,0.004061100464155387,0.003188940985940321,0.00251072157888019,0.001985804011333736,0.001579241600056838,0.001263139411071812,0.001016030728296005,0.0008216741952718641,0.0006678550514321761,0.0005453828667197302,0.0004473142813673884,0.0003683715741367142,0.0003045148934731053,0.0002526293669416646,0.0002102961155767376,0.0001756239498917778,0.0001471248636149298,0.0001236212250811677,0.0001041760374430765,8.804010957139146e-05,7.461172378915453e-05,6.340561620618949e-05,5.402895463363244e-05,4.616261685094185e-05,3.954651422577661e-05,3.396802480890308e-05,2.925283228787777e-05,2.525763769702487e-05,2.18643370352622e-05,1.897535219838724e-05,1.650987355117368e-05,1.44008262187317e-05,1.259241320098756e-05,1.103811992339883e-05,9.699089180982103e-06,8.542794343291485e-06,7.541953451681089e-06,6.673638419835448e-06,5.918542669793355e-06,5.260377748984608e-06,4.685375199284941e-06,4.181874509262868e-06,3.739981624490183e-06,3.351285410975063e-06,3.008621813755573e-06,2.705877344033977e-06,2.437825056265232e-06,2.199987414107462e-06,1.988521448649307e-06,1.800122429510482e-06,1.631942935605843e-06,1.481524756569532e-06,1.346741501260835e-06,1.225750155035228e-06,1.116950127535397e-06,1.018948579707781e-06
75.5,0.009699963727530608,0.008154771783574318,0.006638513416056114,0.005319308315555476,0.004231048079777065,0.003358155259113503,0.0026682248124502,0.002126454314611728,0.001701620873391677,0.001367901986330033,0.001104819017013714,0.000896480988823072,0.0007306818698258446,0.0005980763502067826,0.0004915023906060183,0.0004054521286384194,0.0003356692790895616,0.0002788465894126339,0.0002323995126119044,0.0001942968447310182,0.0001629335768103056,0.000137034962541381,0.000115583708690424,9.776436462907434e-05,8.292057617978741e-05,7.052202246128687e-05,6.013868959249882e-05,5.142074059536404e-05,4.408268147604857e-05,3.78908458775959e-05,3.265345810915013e-05,2.821271037846597e-05,2.443842147944894e-05,2.12229430004587e-05,1.847705391907776e-05,1.612664143921677e-05,1.4110009614525e-05,1.237569098646306e-05,1.088066257691388e-05,9.588887918100084e-06,8.470122725311923e-06,7.498934335063738e-06,6.653894910929915e-06,5.916916246536237e-06,5.272700218137867e-06,4.70828390296675e-06,4.21266235108487e-06,3.776475185388034e-06,3.391745768698537e-06,3.051663745560666e-06,2.750403439319698e-06,2.482971941199937e-06,2.245081829873113e-06,2.033044357060988e-06,1.84367966659621e-06,1.674241212673766e-06,1.522352033078465e-06,1.385950935302178e-06,1.263246984035192e-06,1.152680950733778e-06
76.5,0.009521875183555057,0.008100389431367283,0.006677429373015332,0.005418298380846741,0.004361501295310415,0.003499106704141236,0.002806306743673756,0.002254282578110793,0.001815890383578996,0.001467803936364657,0.001190924162588113,0.0009700273483886853,0.0007931536961735578,0.0006509727552399766,0.00053622148330923,0.0004432418593766279,0.0003676148113005532,0.0003058763528597416,0.0002552997779531585,0.0002137292600656397,0.0001794527782511245,0.0001511048797332924,0.0001275920129752473,0.0001080349425995994,9.172412598640796e-05,7.808496372474679e-05,6.665060681244953e-05,5.704057638163737e-05,4.894387734057254e-05,4.210560415442064e-05,3.631627369152031e-05,3.14032977159091e-05,2.722414163130149e-05,2.36608177412272e-05,2.061543882437089e-05,1.800661727908116e-05,1.576654092163268e-05,1.383859202863697e-05,1.217540385209394e-05,1.073727044610884e-05,9.490842613274892e-06,8.408056155961115e-06,7.465249202775295e-06,6.642433785398352e-06,5.922693536761454e-06,5.291684732232205e-06,4.737222183790924e-06,4.248934943546439e-06,3.817979549931867e-06,3.436800793125212e-06,3.098931792570293e-06,2.798826653508136e-06,2.531720168279978e-06,2.293510005244888e-06,2.080657626095061e-06,1.890104825259229e-06,1.719203320322362e-06,1.565655261959708e-06,1.427462893519021e-06,1.302885888409876e-06
77.5,0.009285353441008929,0.007961067294323537,0.006646170750087543,0.005462319233530121,0.004449935271103634,0.003608968845396083,0.00292221411008136,0.002366876645997532,0.001920099747554199,0.00156136646812648,0.001273287390873148,0.001041599142046244,0.0008548240244187982,0.0007038250866834945,0.0005813683778102287,0.0004817380230861026,0.0004004165069437982,0.0003338274072434408,0.0002791320727127521,0.0002340705007606642,0.000196837387470192,0.0001659857080956123,0.0001403516570313416,0.00011899609274709,0.0001011587245018278,8.622214609558024e-05,7.368349734921261e-05,6.313205264503126e-05,5.423143149992415e-05,4.67054271644983e-05,4.032667827189151e-05,3.490758311146852e-05,3.029298950644861e-05,2.635429558582973e-05,2.298467551091618e-05,2.009520510897446e-05,1.76117096326417e-05,1.547219270256482e-05,1.36247343168396e-05,1.202576845348492e-05,1.063866864314081e-05,9.432584011737171e-06,8.381479502975865e-06,7.463342916882282e-06,6.65952852999649e-06,5.954212773045028e-06,5.333942028043755e-06,4.787256299574324e-06,4.304375495810943e-06,3.876937466701073e-06,3.497778902562992e-06,3.160751785907852e-06,2.860569383834806e-06,2.592676824761232e-06,2.353142167015811e-06,2.138564574400811e-06,1.945996794517605e-06,1.772879613042494e-06,1.616986350284182e-06,1.476375790654841e-06
78.5,0.008986117668376993,0.007732564107899212,0.006522882390084574,0.005424299168592894,0.004469944890454066,0.00366396986361884,0.002995330253610148,0.002446758683736009,0.001999663835671931,0.00163655261076818,0.001342048856853636,0.001103157649304534,0.0009091556422708093,0.0007513224839873316,0.0006226280564367929,0.0005174317232480843,0.0004312171756633554,0.000360369430559375,0.0003019923829746757,0.0002537619796098691,0.000213809195989374,0.0001806272585989722,0.0001529982635523126,0.0001299351624048113,0.0001106358583947043,9.444682390950462e-05,8.083420033172042e-05,6.936078311552124e-05,5.966764383460265e-05,5.145941398114732e-05,4.449246791214921e-05,3.856540754466645e-05,3.351137973161318e-05,2.919185703370826e-05,2.549159033309984e-05,2.231450242834052e-05,1.958033927119982e-05,1.722193282063108e-05,1.518295887775817e-05,1.341609648140667e-05,1.188151383774957e-05,1.054562037402774e-05,9.380036153864502e-06,8.360739198962497e-06,7.46735871891535e-06,6.682588240617155e-06,5.991697451842892e-06,5.382125466451608e-06,4.843141367920681e-06,4.365560441215293e-06,3.941506577514228e-06,3.56421302529152e-06,3.227855039075707e-06,2.927409103359622e-06,2.658534331298614e-06,2.417472394327533e-06,2.200962960499496e-06,2.006172131099431e-06,1.830631787047109e-06,1.672188105091313e-06
79.5,0.008625140832024239,0.007469573722774348,0.006358570345831549,0.005343490367220096,0.004450497104360397,0.00368530896325484,0.003041230291971729,0.002505511914387423,0.00206335798637676,0.001700159701500294,0.001402595838718014,0.001159064072291623,0.0009597433239349359,0.0007964709746681311,0.0006625420958260558,0.0005524896065984959,0.0004618751346610198,0.0003871035624889328,0.0003252650864855132,0.0002740039957924032,0.0002314113323489259,0.0001959379357504353,0.0001663244142987745,0.0001415449311310546,0.0001207621459438398,0.0001032911062989391,8.857029229338185e-05,7.613836886186986e-05,6.56154902689414e-05,5.668823709363175e-05,4.909745512841118e-05,4.262841619198389e-05,3.71028402228776e-05,3.237241243510555e-05,2.831350393804316e-05,2.482286321531266e-05,2.181409254056193e-05,1.921476040423104e-05,1.696403039734491e-05,1.501071036406764e-05,1.331164426214153e-05,1.18303840531008e-05,1.053609086170062e-05,9.402624208512209e-06,8.407785812754984e-06,7.532690663880202e-06,6.761243070164319e-06,6.079699448133372e-06,5.476302906505498e-06,4.940977352421245e-06,4.465071025538578e-06,4.041141142579519e-06,3.662772787579784e-06,3.324426372757902e-06,3.021308970915752e-06,2.749265622358417e-06,2.504687379570939e-06,2.284433397276696e-06,2.085764825072045e-06,1.906288631673413e-06
80.5,0.008200091926939186,0.007122330691647162,0.006107816208167955,0.005180263911790615,0.004356967849193115,0.003642972002125151,0.003034182697037644,0.002521318627387793,0.002092868999797707,0.001736950765164379,0.001442343069871525,0.001198983216338177,0.0009981364486242219,0.0008323821948063888,0.0006955070832977232,0.0005823591022528372,0.0004886937932246868,0.0004110286710171065,0.0003465132478594417,0.0002928170150564189,0.00024803505762933,0.0002106096977890663,0.0001792660794491503,0.0001529595500824024,0.0001308328505696845,0.0001121813648696286,9.642494276680895e-05,8.308505730753679e-05,7.176627928206882e-05,6.214123989914042e-05,5.393841041327128e-05,4.693215702413867e-05,4.09346347858002e-05,3.578916947404192e-05,3.136484494979406e-05,2.755206863228728e-05,2.425893186594695e-05,2.140821737723941e-05,1.893493441680614e-05,1.678428497444016e-05,1.490998276672489e-05,1.32728614295894e-05,1.183972021817563e-05,1.058236509576462e-05,9.476810837190686e-06,8.502616042795389e-06,7.642328045673692e-06,6.881018828562027e-06,6.205896431720264e-06,5.605979077279261e-06,5.071821477203674e-06,4.595284626388009e-06,4.169341886000881e-06,3.787915396705394e-06,3.44573787661921e-06,3.138235695116462e-06,2.861429803453548e-06,2.61185167320933e-06,2.386471865203033e-06,2.182639242427561e-06
81.5,0.007703378267324298,0.006712076694948502,0.005792263937936726,0.004951907048128462,0.004201587586993611,0.003544789994419975,0.002978652465338267,0.002496276488196292,0.002088748048887046,0.001746546590457446,0.001460412987542822,0.001221824067629995,0.001023206662104415,0.0008579908771334581,0.0007205713586951036,0.0006062214641809055,0.0005109882516358713,0.0004315846787075688,0.0003652879161499405,0.0003098480095815816,0.0002634083409992911,0.000224437781073176,0.0001916736249215076,0.0001640740627609485,0.0001407788565763127,0.0001210769528572966,0.0001043798862241045,9.019997709295804e-05,7.813247527720285e-05,6.784093897456192e-05,5.904526005574765e-05,5.15118507730875e-05,4.504559471974955e-05,3.94832377565634e-05,3.468795465866307e-05,3.054487638705654e-05,2.695740297079197e-05,2.384415958278148e-05,2.113647986233424e-05,1.877632201512537e-05,1.67145406449433e-05,1.49094514099326e-05,1.332563707534792e-05,1.193295286299333e-05,1.070569658544397e-05,9.621915232712227e-06,8.662824718043001e-06,7.812323604056077e-06,7.05658499482737e-06,6.383713534441264e-06,5.783456711744677e-06,5.246961526424149e-06,4.766569097531712e-06,4.335641052525253e-06,3.948412571716408e-06,3.599867819516513e-06,3.285634202413496e-06,3.001892480584002e-06,2.745300246979088e-06,2.512926692219549e-06
82.5,0.007130711358138152,0.006224100151976911,0.005397433316723745,0.004646011427434291,0.003973483964503166,0.003380890096233326,0.002865553939689343,0.002422070201920641,0.002043498197054941,0.001722310353808085,0.001451037042925773,0.001222657615833759,0.001030806394494904,0.000869854156747444,0.0007349114096741353,0.0006217863200989403,0.0005269194338498874,0.0004473093727525762,0.0003804381140092549,0.0003242006888070013,0.0002768416929843012,0.0002368994842254285,0.0002031580465747747,0.0001746060169269034,0.0001504021385875126,0.0001298463323668194,0.0001123555895310174,9.744395118062729e-05,8.47059194270863e-05,7.38027319238682e-05,6.445101446980943e-05,5.641340232352171e-05,4.949078783963306e-05,4.351590978715428e-05,3.834804873395052e-05,3.38686340410987e-05,2.997760229782663e-05,2.659037542985467e-05,2.363535014844728e-05,2.105180969047054e-05,1.878818463810524e-05,1.680060260169049e-05,1.505167720513044e-05,1.350949555026872e-05,1.214677050168057e-05,1.094013001199568e-05,9.869520534311167e-06,8.917705534075017e-06,8.069843374556444e-06,7.313131535449597e-06,6.636506337555969e-06,6.030389172941896e-06,5.486471748918415e-06,4.997534102355796e-06,4.557290174569965e-06,4.16025659420876e-06,3.801641027254959e-06,3.477247044880051e-06,3.183392952292878e-06,2.916842432066298e-06
83.5,0.00648006742846551,0.005674381882025479,0.004940679627358955,0.004277963671135729,0.003685436065694347,0.00316141279170062,0.002702620922574671,0.002304395305777114,0.001961188534751028,0.001667076865220312,0.001416154111487719,0.001202798838381401,0.001021833623410399,0.0008686030983673261,0.0007389956526743487,0.00062942883232091,0.0005368133299694046,0.0004585060251089559,0.0003922590494425965,0.0003361692746687076,0.0002886307964271564,0.0002482917498175043,0.0002140159853235065,0.0001848496339550454,0.0001599923006601679,0.0001387724747124404,0.0001206266844956444,0.0001050819171872076,9.174084804576061e-05,8.026946423289732e-05,7.038671485617617e-05,6.185586650156689e-05,5.447728870336626e-05,4.808243493944871e-05,4.252882118347414e-05,3.76958357204565e-05,3.348124109009448e-05,2.97982520780401e-05,2.657309310623758e-05,2.374295466152497e-05,2.125428200125272e-05,1.906134069690409e-05,1.712501298379722e-05,1.541178669006779e-05,1.389290498849657e-05,1.254365057617218e-05,1.134274232895173e-05,1.027182615835946e-05,9.315044849449753e-06,8.458674188286173e-06,7.690814787269376e-06,7.001130760128822e-06,6.380627847521374e-06,5.821464799637748e-06,5.316792825907145e-06,4.860618758386483e-06,4.447688273260315e-06,4.07338609762955e-06,3.73365061590406e-06,3.424900697739627e-06
84.5,0.005738479167504747,0.005019591260209845,0.004381626975246607,0.003812702098597622,0.003306876823763172,0.002859537065913866,0.002466261031583962,0.002122515807004545,0.001823650690331753,0.001565003213580327,0.001342029430499067,0.001150416893779449,0.0009861652740654067,0.0008456335003482142,0.0007255585023555493,0.0006230525342926102,0.00053558583100759,0.0004609602444877059,0.0003972781883709471,0.0003429099900269709,0.0002964617324808939,0.0002567448842569445,0.000222748442406677,0.0001936139149551032,0.0001686132042231879,0.000147129286756328,0.0001286394901403889,0.000112701119595823,9.893917142938352e-05,8.703587438178469e-05,7.672181542816547e-05,6.776842813045023e-05,5.99816455981072e-05,5.319654423047261e-05,4.727282735976168e-05,4.209101897660982e-05,3.754925658685995e-05,3.356058885615971e-05,3.005069813244857e-05,2.69559803608484e-05,2.422192552335858e-05,2.180175075994188e-05,1.965524596518514e-05,1.774779809826752e-05,1.604956586721807e-05,1.453478100495019e-05,1.318115617807149e-05,1.196938277517977e-05,1.088270450769394e-05,9.906555006797878e-06,9.02824948541352e-06,8.236722113725512e-06,7.522302080589111e-06,6.876522423007258e-06,6.291956636784269e-06,5.762078862722426e-06,5.281144098783768e-06,4.844085439914045e-06,4.446425810774307e-06,4.08420204668711e-06
85.5,0.004887597897686924,0.004274677375559208,0.003737641293401091,0.003266629394408831,0.002852365274923176,0.002487510792577874,0.002166301155468345,0.001884002170414585,0.001636514771033957,0.001420147606499524,0.001231507944450069,0.001067459907619938,0.0009251142936815744,0.000801829022601561,0.0006952096657484707,0.0006031057988197771,0.0005236022978011952,0.0004550062750996523,0.0003958309180306085,0.0003447775382059381,0.0003007169556222379,0.0002626710815563456,0.0002297953076292687,0.0002013620882692655,0.000176745930357512,0.0001554098755324541,0.0001368934709950994,0.0001208021658498515,0.0001067980345375045,9.459171034803254e-05,8.393540518983363e-05,7.461689279206081e-05,6.645433841161993e-05,5.929186682061598e-05,5.29957704187631e-05,4.745126978260795e-05,4.255974921145301e-05,3.823639948723992e-05,3.44082089312386e-05,3.101225182728923e-05,2.799423037668563e-05,2.530723258640676e-05,2.291067392938663e-05,2.076939532507757e-05,1.885289404750853e-05,1.713466765234033e-05,1.559165399603305e-05,1.420375296536527e-05,1.295341770385138e-05,1.182530496608683e-05,1.080597579825159e-05,9.883639073445058e-06,9.047931539264071e-06,8.28972899223423e-06,7.600984005215664e-06,6.974586321810678e-06,6.404242614921786e-06,5.884372800945418e-06,5.410020520228073e-06,4.976775749879793e-06
86.5,0.003917125489457425,0.003404079620677021,0.002980466578736827,0.002620043697781621,0.002307804994081106,0.002034318579802371,0.001793248117627277,0.001580075630216858,0.001391377365498289,0.001224399263946997,0.001076809671792183,0.0009465593315931972,0.0008318051915180607,0.0007308706371287782,0.0006422252398357708,0.0005644740031906738,0.0004963504956974972,0.000436710973716755,0.0003845281935265448,0.0003388844943670184,0.0002989641814010779,0.000264045430355327,0.0002334919885065664,0.0002067449290500415,0.0001833146680823209,0.0001627733976600096,0.0001447480358960121,0.0001289137506963566,0.0001149880788733804,0.0001027256365485867,9.191339873761575e-05,8.236651430705624e-05,7.392461567147039e-05,6.644857939967574e-05,5.981769328309593e-05,5.392718656469483e-05,4.868608230720024e-05,4.401533382857811e-05,3.984621041563254e-05,3.611890090888953e-05,3.278130707593255e-05,2.978800185521846e-05,2.709933049843303e-05,2.468063533607651e-05,2.250158732775437e-05,2.0535609738532e-05,1.875938121717317e-05,1.715240725765369e-05,1.569665052117753e-05,1.437621180212126e-05,1.317705455784956e-05,1.20867669082792e-05,1.109435586425423e-05,1.01900692805853e-05,9.365241664790119e-06,8.612160519385424e-06,7.923950365768223e-06,7.294472001638676e-06,6.718234890633564e-06,6.190320880279173e-06
87.5,0.002713004606439746,0.002402647102324895,0.002134418090952809,0.001902704216574516,0.001700943662597238,0.001523504976545683,0.001366047522135454,0.001225364563039091,0.001099103881977032,0.0009855084417295327,0.000883216594012651,0.0007911223831909383,0.0007082842493290195,0.0006338687351083485,0.0005671177640998325,0.0005073308620441261,0.0004538562748390971,0.0004060869808901433,0.000363459086292116,0.0003254511188009103,0.0002915834120126756,0.0002614171949843232,0.0002345532545092164,0.0002106301765081992,0.0001893222412062318,0.0001703370722557162,0.0001534131413213449,0.0001383172186350925,0.0001248418438355638,0.0001128028741687857,0.0001020371510637665,9.240031223257309e-05,8.376476510659359e-05,7.601782854417878e-05,6.906004307177211e-05,6.28036451152547e-05,5.717119739427082e-05,5.209436556815105e-05,4.751283005694373e-05,4.337332147984887e-05,3.962876816520517e-05,3.623754454015086e-05,3.316280978740971e-05,3.037192687300125e-05,2.783595283663559e-05,2.552919204892936e-05,2.342880494330069e-05,2.151446550321554e-05,1.976806151323404e-05,1.81734322569063e-05,1.671613896218901e-05,1.538326385495584e-05,1.416323418469225e-05,1.304566803630811e-05,1.202123914169792e-05,1.108155825820323e-05,1.021906899262114e-05,9.426956222973547e-06,8.699065509867405e-06,8.029832098673529e-06
88.5,0.001604743654312108,0.001416359013922311,0.001269825552806265,0.00115122763491621,0.001051744603611634,0.0009656685299821413,0.0008892893804022756,0.0008202064935872233,0.0007568794167745544,0.0006983272424733798,0.000643925922486642,0.0005932723525156708,0.0005460945613385056,0.0005021937522651064,0.0004614081675500999,0.0004235916724128277,0.0003886020424988969,0.0003562954473148012,0.0003265247150325533,0.0002991397512739231,0.0002739890452182931,0.0002509215896062894,0.0002297888115814901,0.0002104462927127394,0.0001927551745300721,0.0001765832195466115,0.0001618055410319928,0.0001483050378717821,0.000135972580874699,0.0001247069988700186,0.0001144149102656228,0.0001050104406575107,9.641486102861947e-05,8.855617492379424e-05,8.136867723664755e-05,7.479250214351683e-05,6.877317336361935e-05,6.326116631221982e-05,5.82114887915271e-05,5.35832845526052e-05,4.93394622723857e-05,4.544635113563042e-05,4.187338321198192e-05,3.859280210204902e-05,3.557939683308676e-05,3.281025966354995e-05,3.026456626515328e-05,2.792337665764765e-05,2.576945524886064e-05,2.378710835995226e-05,2.196203767735765e-05,2.028120815641106e-05,1.873272899811397e-05,1.730574642327041e-05,1.599034707248441e-05,1.47774709629622e-05,1.365883303143294e-05,1.262685238537995e-05,1.167458847133024e-05,1.079568344881237e-05
89.5,0.0005338256375157374,0.0005123264842116681,0.000497110477016641,0.0004849519571585018,0.0004740907444613112,0.0004635397835255754,0.0004527409330336834,0.0004413887131295954,0.0004293357251235429,0.000416538307677858,0.0004030225613220631,0.0003888612498752524,0.0003741570439297403,0.0003590299044955609,0.0003436074789894347,0.0003280178630654283,0.0003123842929811068,0.0002968214278221419,0.0002814329296537531,0.0002663100831618665,0.0002515312264000871,0.0002371617942876788,0.0002232548065551611,0.000209851660904776,0.0001969831191817087,0.0001846703985730016,0.0001729263008607667,0.0001617563304615811,0.0001511597665180869,0.0001411306659477557,0.0001316587834485846,0.0001227304013883853,0.000114329067631466,0.0001064362430237203,9.903186276531971e-05,9.209481750754121e-05,8.560336093256734e-05,7.95354509889285e-05,7.38690320021996e-05,6.858226467210108e-05,6.365371058948873e-05,5.906247742526018e-05,5.478833040656682e-05,5.081177513919103e-05,4.711411628337761e-05,4.367749606063505e-05,4.048491607179644e-05,3.752024544819515e-05,3.476821794110212e-05,3.221442018020081e-05,2.984527299883277e-05,2.764800742996435e-05,2.561063671960251e-05,2.372192548065865e-05,2.197135691684717e-05,2.034909887993407e-05,1.884596938147628e-05,1.745340205924551e-05,1.616341199616169e-05,1.49685622033604e-05
