0.5,0.01601818917332836,0.00796946283796515,0.004713147635064663,0.003013148930392331,0.001980570039688101,0.001317954784864163,0.0008870003223503436,0.0006057084460364586,0.0004211723207826519,0.0002989629378603947,0.0002169026866215836,0.0001608395069898834,0.0001217783951472204,9.39919533710175e-05,7.380859365398754e-05,5.884901095234942e-05,4.754965774252814e-05,3.886621520419712e-05,3.208866900049946e-05,2.672526754376212e-05,2.242901847769256e-05,1.895057357634528e-05,1.610760902322511e-05,1.376462164701023e-05,1.181938203186859e-05,1.019370008152648e-05,8.827025414398142e-06,7.671939981498178e-06,6.690933584393346e-06,5.85406283315673e-06,5.137227820626896e-06,4.520887118919733e-06,3.989088190925554e-06,3.528727787343574e-06,3.128982117051614e-06,2.780863784366494e-06,2.476874387516883e-06,2.210730013392567e-06,1.977142783548777e-06,1.771645858756959e-06,1.590452398499158e-06,1.430341239740764e-06,1.288563740893047e-06,1.162767495216847e-06,1.050933567646896e-06,9.5132463156115e-07,8.624419358272108e-07,7.829894598906636e-07,7.118439467151158e-07,6.480297629043441e-07,5.90697739339774e-07,5.391073068977123e-07,4.926113698920031e-07,4.506434621305791e-07,4.127068124698488e-07,3.783650127999475e-07,3.472340348232132e-07,3.1897538538486e-07,2.932902255002633e-07,2.699143071848762e-07
1.5,0.01598821731921345,0.007990403787268266,0.004723587885364759,0.003018069022342703,0.001982938529689325,0.00131912981377348,0.0008876003605037819,0.0006060208996794233,0.0004213354005230983,0.0002990459276496564,0.0002169418095854655,0.0001608544177722737,0.0001217800710220345,9.398664368911849e-05,7.379988721680713e-05,5.883896296738887e-05,4.753942525648371e-05,3.885642494478186e-05,3.207963444376428e-05,2.671711867038359e-05,2.242177990469879e-05,1.894421169660401e-05,1.610206034199217e-05,1.375980963596003e-05,1.181522695100543e-05,1.019012449857937e-05,8.82395710593945e-06,7.669313258545684e-06,6.688689688583013e-06,5.852149802892972e-06,5.135600072632022e-06,4.51950489430066e-06,3.987916954663455e-06,3.527737632572605e-06,3.128147202235792e-06,2.780161817232455e-06,2.476286161023412e-06,2.210238994004762e-06,1.976734749295425e-06,1.771308583133617e-06,1.590175375696572e-06,1.430115446587305e-06,1.288381431086853e-06,1.162622021754576e-06,1.050819229750548e-06,9.512365428132393e-07,8.623759106205068e-07,7.829419156664538e-07,7.118118197972704e-07,6.480104360331631e-07,5.906889792705719e-07,5.39107210656851e-07,4.926183184804577e-07,4.506560806355868e-07,4.127239356919325e-07,3.78385655628622e-07,3.472573667028384e-07,3.190007083048102e-07,2.933169550230272e-07,2.699419560937946e-07
2.5,0.0159283178039612,0.008028130221471138,0.004763349617349723,0.003048737696019377,0.002004638350898499,0.001334116484405344,0.0008979625588288892,0.0006132789439435291,0.0004265144812711418,0.0003028195351656354,0.0002197503016600235,0.0001629875195959109,0.000123430805775936,9.528572458850304e-05,7.483748305612604e-05,5.967849657891986e-05,4.822638708648828e-05,3.942406702154646e-05,3.255270097427718e-05,2.711432929462016e-05,2.275751087886748e-05,1.922965405557705e-05,1.634603174305124e-05,1.39693331637301e-05,1.199595051079627e-05,1.034662936353021e-05,8.9599881469956e-06,7.787952986434849e-06,6.792491396242356e-06,5.943240531046863e-06,5.215761028679618e-06,4.590234829210286e-06,4.050482520828998e-06,3.583213698354207e-06,3.177449349043264e-06,2.824072701420826e-06,2.515477024236394e-06,2.245287310104318e-06,2.008138774766524e-06,1.799499410649797e-06,1.615526963078353e-06,1.452952995451351e-06,1.308988413669865e-06,1.181246095298098e-06,1.067677231465594e-06,9.665187218436374e-07,8.76249524368e-07,7.955542946498879e-07,7.232929866141221e-07,6.584753489951554e-07,6.002394591411509e-07,5.478335990411844e-07,5.006009083518608e-07,4.579663528676735e-07,4.194256300213336e-07,3.845356999754212e-07,3.529066850473085e-07,3.24194924217725e-07,2.980970053590228e-07,2.743446271912272e-07
3.5,0.01583870586199634,0.007985259270285136,0.00474546867926839,0.003039583394598611,0.001999279694104714,0.001330858136109816,0.0008960012028985057,0.0006121327920459893,0.0004258730295977072,0.0003024834911217882,0.0002195945875662941,0.0001629353827118131,0.0001234360455565138,9.532100093043767e-05,7.488689438122984e-05,5.973298733935149e-05,4.828095525835272e-05,3.947608597706906e-05,3.260091916482933e-05,2.715827758968667e-05,2.279715337948996e-05,1.926518371055673e-05,1.637775185185551e-05,1.39975897074041e-05,1.202109447802191e-05,1.036899669563296e-05,8.979889948671378e-06,7.805671634382217e-06,6.80827995494679e-06,5.957323944678108e-06,5.228338191005932e-06,4.601481011762905e-06,4.060551865513774e-06,3.59224161522623e-06,3.185554739471059e-06,2.83135997324729e-06,2.522037891982009e-06,2.25120238773057e-06,2.013478975860946e-06,1.80432717404542e-06,1.619897322662201e-06,1.456914512326631e-06,1.312583987562269e-06,1.184513670521529e-06,1.070650411109201e-06,9.692273022340823e-07,8.787199603630309e-07,7.97810104960415e-07,7.253551071403882e-07,6.603624410947681e-07,6.019681788131921e-07,5.494188321988477e-07,5.020559766529452e-07,4.593031939647091e-07,4.206549555690372e-07,3.856671342814864e-07,3.539488868634473e-07,3.25155693832713e-07,2.989833788667105e-07,2.751629595575964e-07
4.5,0.01571968517410582,0.007961710174967274,0.004745358495901234,0.003043490125761983,0.002002927896743922,0.001333718505023465,0.0008982180600818463,0.0006138816226612569,0.0004272762264482205,0.0003036223520560439,0.0002205258405033307,0.0001637010160970328,0.0001240684281731691,9.584563356913814e-05,7.532406757187054e-05,6.009891596383084e-05,4.858862764960386e-05,3.973592780754435e-05,3.282132028402385e-05,2.73460107512087e-05,2.295770609070014e-05,1.940302037307901e-05,1.64965203909348e-05,1.410028433821689e-05,1.211018401798222e-05,1.044652591298116e-05,9.047559843149981e-06,7.864903254678401e-06,6.860265332161483e-06,6.003066917678122e-06,5.268687275676712e-06,4.637155984385924e-06,4.092165359406818e-06,3.620316744162423e-06,3.210539541367628e-06,2.853639297791532e-06,2.541943224424004e-06,2.269019999004206e-06,2.029456709638154e-06,1.8186801190714e-06,1.632812569797887e-06,1.468555157120517e-06,1.323092508581713e-06,1.194014789328854e-06,1.07925352031384e-06,9.770285324424342e-07,8.858039442726035e-07,8.04251486674547e-07,7.312198365229614e-07,6.657088862559267e-07,6.068480843141423e-07,5.538781460474234e-07,5.06135565442027e-07,4.630394624321196e-07,4.240803843096773e-07,3.88810747223816e-07,3.568366583552266e-07,3.278109037026962e-07,3.014269225889011e-07,2.774136196016267e-07
5.5,0.01557160911773318,0.00793431845667089,0.004747949415079957,0.00305065875162589,0.002009087681626905,0.001338328055925733,0.00090162957019886,0.0006164539099944085,0.0004292589431882386,0.0003051794657206628,0.0002217669176082772,0.0001647019436738636,0.000124883612368851,9.651516637303298e-05,7.587810722917014e-05,6.056050353859397e-05,4.897558392498229e-05,4.006217801591997e-05,3.309784400862573e-05,2.758153609256725e-05,2.315922413767439e-05,1.957617076030762e-05,1.664588298043437e-05,1.422960175465296e-05,1.222253277147809e-05,1.05444489766726e-05,9.133170109175727e-06,7.939964826129806e-06,6.926257825851627e-06,6.061236653952491e-06,5.320088278789326e-06,4.682683013367884e-06,4.132580666314972e-06,3.656271865251973e-06,3.242593132033788e-06,2.882271798786582e-06,2.56756897653236e-06,2.291997292662947e-06,2.050096155100651e-06,1.837251644374417e-06,1.649551292622834e-06,1.483666328614127e-06,1.336755689297577e-06,1.206387387384267e-06,1.090473797889897e-06,9.872181675618971e-07,8.950702193498539e-07,8.12689162857307e-07,7.389127627244743e-07,6.72731383531992e-07,6.132661394977544e-07,5.597504430201832e-07,5.115143778632541e-07,4.679714279786732e-07,4.286071773544839e-07,3.929696642808994e-07,3.606611284489079e-07,3.313309340019225e-07,3.046694881225828e-07,2.804030045870131e-07
6.5,0.01539494359274731,0.007874954044797064,0.004742222796765215,0.003055913854445194,0.002015190498770219,0.001343518511517216,0.0009058582272740678,0.0006199064473667282,0.00043209805322178,0.0003075260662685695,0.0002237128917514432,0.0001663200158594819,0.0001262327287397517,9.764349559134441e-05,7.682502115949501e-05,6.135811314634114e-05,4.96500255827284e-05,4.063470676454629e-05,3.358575316141083e-05,2.79989186104521e-05,2.351759416301881e-05,1.98849656847966e-05,1.691286621180556e-05,1.446118456822151e-05,1.242403111566768e-05,1.072028843956913e-05,9.287049775949607e-06,8.074988608954792e-06,7.045040062556617e-06,6.165987326977499e-06,5.412682056758716e-06,4.764715412966824e-06,4.205413924496377e-06,3.721072559963459e-06,3.300363159744442e-06,2.933873981976608e-06,2.61374831264018e-06,2.333398651159671e-06,2.087279068546004e-06,1.870702712616219e-06,1.679694619128961e-06,1.510872328420651e-06,1.361348544711264e-06,1.228651376910827e-06,1.110658683176448e-06,1.005543790350221e-06,9.117304339055336e-07,8.278552077934895e-07,7.5273615857772e-07,6.853464280830085e-07,6.247920610393645e-07,5.702932620644319e-07,5.211685197558103e-07,4.768211222375499e-07,4.367276740195169e-07,4.004282929479379e-07,3.675182218045752e-07,3.376406344387721e-07,3.104804532928106e-07,2.857590254579349e-07
7.5,0.01519023687676641,0.007823994525818567,0.004730728777877427,0.003053549972601978,0.002014817454165493,0.001343718246644909,0.0009063327575339422,0.0006205335535731424,0.0004327897614452858,0.0003082192636539366,0.0002243684406722827,0.0001669177702842407,0.0001267653584477215,9.811131514898222e-05,7.723237445849608e-05,6.17111064315662e-05,4.99552205089338e-05,4.089842925446375e-05,3.381377060866876e-05,2.819632484829682e-05,2.368880438230434e-05,2.003376445844373e-05,1.704247698623869e-05,1.457434386039081e-05,1.252305914755805e-05,1.080715263290192e-05,9.363420019294913e-06,8.142284456093401e-06,7.104470584042408e-06,6.218584536323219e-06,5.459328847902811e-06,4.806168875137825e-06,4.242324796809578e-06,3.754001477937611e-06,3.32979424221511e-06,2.96022621487433e-06,2.637385107176133e-06,2.354635887614925e-06,2.106391881778466e-06,1.887931230016532e-06,1.695248824531915e-06,1.524936195016224e-06,1.374083555092261e-06,1.24019952802516e-06,1.121145057279066e-06,1.015078759382139e-06,9.204115535028412e-07,8.357688478918075e-07,7.599589099577371e-07,6.919463179024046e-07,6.308296051737471e-07,5.758223777396872e-07,5.262373183381834e-07,4.814725990271213e-07,4.410003093632969e-07,4.043565768652566e-07,3.711331125303166e-07,3.409699597824956e-07,3.135492624370901e-07,2.88589897739066e-07
8.5,0.01495812057904245,0.007797601768841956,0.004752192439082719,0.003078316811624753,0.002034454868531632,0.001358265691487402,0.0009171017775113646,0.0006286403972697325,0.0004390110273665939,0.0003130771789148624,0.0002282182892779936,0.0001700071625128043,0.0001292712283628617,0.0001001629282493725,7.892596258805666e-05,6.311945756235781e-05,5.113414618741076e-05,4.189123728290897e-05,3.465442429859184e-05,2.891171454720144e-05,2.430040570352927e-05,2.05588649644736e-05,1.749509443871344e-05,1.496592101076493e-05,1.286299465768175e-05,1.110321049348538e-05,9.622047961593813e-06,8.368863552533204e-06,7.303512359729502e-06,6.393887709722293e-06,5.614104779309597e-06,4.943142582298914e-06,4.363816761918991e-06,3.861994255098563e-06,3.425986964023723e-06,3.046079409348856e-06,2.714157713372039e-06,2.423415957762102e-06,2.168122148972677e-06,1.943430480897263e-06,1.745229829361406e-06,1.570020800769813e-06,1.414815431307777e-06,1.27705496324564e-06,1.154542130649092e-06,1.045385153268755e-06,9.479512257924002e-07,8.608277444582579e-07,7.827898668380815e-07,7.127732774936366e-07,6.498512501399911e-07,5.932152693884908e-07,5.421586122790445e-07,4.960623993979542e-07,4.543837133505654e-07,4.166454532898056e-07,3.824276516333381e-07,3.513600257902742e-07,3.231155758198134e-07,2.9740507015391e-07
9.5,0.01469930932110514,0.007743392812488589,0.004746298297953156,0.003081566540015122,0.002038468888827351,0.00136177719146656,0.0009201011832577239,0.0006312262824342376,0.0004412462638008769,0.000315002046319266,0.0002298667254935297,0.000171412282875121,0.0001304654511038136,0.0001011767357236719,7.978687664889703e-05,6.385156287642518e-05,5.17580635588111e-05,4.24243688161926e-05,3.511132528476868e-05,2.930449891317627e-05,2.463913380918187e-05,2.085189010386008e-05,1.774936047894234e-05,1.518721204263405e-05,1.305614139335597e-05,1.127225946846688e-05,9.770399622940994e-06,8.49938475140864e-06,7.418627995139172e-06,6.495655483010101e-06,5.704276301681176e-06,5.023213460997824e-06,4.435067777847583e-06,3.925525326593098e-06,3.482745254731873e-06,3.096882668804799e-06,2.75971372423197e-06,2.464338792888858e-06,2.204945805671261e-06,1.97662035135094e-06,1.775192379915476e-06,1.597111763578151e-06,1.439346756388275e-06,1.299300734348691e-06,1.1747436122998e-06,1.063755107146564e-06,9.646776108818381e-07,8.760768960534002e-07,7.967092336503952e-07,7.254937831158041e-07,6.614893344146116e-07,6.038746563873263e-07,5.519318442696812e-07,5.050321700824906e-07,4.626240285816309e-07,4.242226432222389e-07,3.894012547090057e-07,3.577835619598242e-07,3.290372238818766e-07,3.028682619600909e-07
10.5,0.01441460301321687,0.007677120383406668,0.004748478293616063,0.003094729183208151,0.002050489341563354,0.001371214843174006,0.0009274223174093884,0.0006369918477455508,0.0004458607648921706,0.0003187410501856957,0.0002329237868469734,0.0001739294290327038,0.0001325505092769509,0.0001029133611619222,8.124081526867374e-05,6.507490433332256e-05,5.279231883836265e-05,4.330278360783575e-05,3.586065326976227e-05,2.994637367756132e-05,2.519113501762353e-05,2.132837441196683e-05,1.816211078590586e-05,1.554594631278438e-05,1.336891282402071e-05,1.154577247119036e-05,1.001026043075537e-05,8.710301108945606e-06,7.604569047086333e-06,6.65998042135763e-06,5.849838381401387e-06,5.152444504440773e-06,4.550047149686537e-06,4.028036488979923e-06,3.574322342114251e-06,3.178849004978956e-06,2.833213803968292e-06,2.530364939214669e-06,2.264360470759079e-06,2.030174838167993e-06,1.823542611388783e-06,1.640831606928733e-06,1.47893931555141e-06,1.335207947709311e-06,1.207354432242633e-06,1.093412488989557e-06,9.916844991754484e-07,9.00701364076163e-07,8.191889057162341e-07,7.460396478549716e-07,6.802890395694712e-07,6.210953611412159e-07,5.67722693116623e-07,5.195264422803873e-07,4.759410089374286e-07,4.364692530330898e-07,4.006734758855668e-07,3.681676824895625e-07,3.386109286914218e-07,3.117015897757607e-07
11.5,0.0141048888220273,0.007649471385993595,0.004763938091070955,0.003112948857308019,0.002064911686774236,0.001382130793518588,0.0009358494956058314,0.0006436698718680045,0.0004512554544466599,0.0003231535053362008,0.0002365626989656904,0.0001769488778299561,0.0001350690515717852,0.0001050243098360342,8.301846480136557e-05,6.657877236561625e-05,5.407028057855326e-05,4.439348805924325e-05,3.6795418270443e-05,3.075067988533921e-05,2.588580448124917e-05,2.193050006938543e-05,1.868578973431371e-05,1.600285902025865e-05,1.376878170187498e-05,1.189672607868364e-05,1.031912383124238e-05,8.982828335825441e-06,7.845630065288068e-06,6.873712195184877e-06,6.039767515667244e-06,5.321587273952101e-06,4.700991460208635e-06,4.163009332549701e-06,3.695245552512945e-06,3.287385532774676e-06,2.930806274703789e-06,2.618267902562328e-06,2.343667469636329e-06,2.101841207303761e-06,1.888404741256308e-06,1.69962327108512e-06,1.53230554941856e-06,1.38371687867493e-06,1.251507390010576e-06,1.133652667767003e-06,1.028404396751675e-06,9.342491849363348e-07,8.498740843277821e-07,7.74137622811466e-07,7.060453883077207e-07,6.447293876118653e-07,5.894305464088889e-07,5.394838322354897e-07,4.943055747964676e-07,4.533826328020442e-07,4.162631170780642e-07,3.825484289958096e-07,3.51886413530712e-07,3.239654592661365e-07
12.5,0.01377116045955118,0.007567135341149903,0.004757245492823896,0.00312063900696648,0.00207345600768269,0.001389363305255257,0.0009417902740613672,0.0006485893208158735,0.0004553677330790323,0.0003266103265352327,0.0002394775584858234,0.0001794122231471651,0.0001371554849325231,0.0001067960484433181,8.452739229033368e-05,6.786800515846759e-05,5.517553058857249e-05,4.534427667973421e-05,3.761613989507615e-05,3.146151163694471e-05,2.650346862327491e-05,2.246889343800082e-05,1.915649822040153e-05,1.641557559350532e-05,1.413164507385764e-05,1.22165948881392e-05,1.060179883635186e-05,9.233232845264592e-06,8.067956872191985e-06,7.071543630959568e-06,6.216173896655315e-06,5.479207934766768e-06,4.842101709193656e-06,4.289575985742007e-06,3.808973166536818e-06,3.389755034276981e-06,3.023107350024657e-06,2.701626247095435e-06,2.419067786658908e-06,2.170146679150479e-06,1.950373562384262e-06,1.75592272568218e-06,1.583524030179495e-06,1.430374173871369e-06,1.294063509621663e-06,1.172515433561206e-06,1.063935983728197e-06,9.667717707995899e-07,8.796747383768076e-07,8.014725447420265e-07,7.311435901226736e-07,6.677958974542092e-07,6.106492011415404e-07,5.590197155645333e-07,5.123071493247379e-07,4.699836073270113e-07,4.315840844835163e-07,3.9669830504437e-07,3.649637025907285e-07,3.360593693763175e-07
13.5,0.01341453968706009,0.007525824667460983,0.004779721328503217,0.003147766972995378,0.002094952213048332,0.001405358014656172,0.0009537814333649015,0.000657780532279404,0.0004625644566169941,0.0003323433212649424,0.000244107016048232,0.0001831919021960892,0.0001402700685162106,0.0001093833474716305,8.669218269455845e-05,6.969110187587776e-05,5.672000032881511e-05,4.665983194324513e-05,3.874231985462797e-05,3.243002398442102e-05,2.733993604562226e-05,2.319416992106365e-05,1.978767038167597e-05,1.696673095124936e-05,1.461446629422472e-05,1.264082301704687e-05,1.097559711630337e-05,9.563474518426163e-06,8.360454428467635e-06,7.331232621079107e-06,6.447261240686685e-06,5.685292295767703e-06,5.026271742706554e-06,4.454490956273992e-06,3.956929425558988e-06,3.522741096512572e-06,3.142849724804973e-06,2.809627734744077e-06,2.516639603454382e-06,2.258435504195878e-06,2.030384387668527e-06,1.828538223271515e-06,1.649521017679768e-06,1.490437653363854e-06,1.34879867033483e-06,1.2224579401078e-06,1.109560816346095e-06,1.008500839001821e-06,9.178834526480604e-07,8.36495500776836e-07,7.63279495293811e-07,6.9731184870809e-07,6.377844065295694e-07,5.839887374881161e-07,5.353027357784176e-07,4.911791675512174e-07,4.511358571486589e-07,4.147472601075573e-07,3.816372120727528e-07,3.514726773175345e-07
14.5,0.0130363145819759,0.007445250922756824,0.00476765280104096,0.003149301007962694,0.002098578801678619,0.001409121239300304,0.0009574086381295437,0.0006611964955354589,0.0004657083182875822,0.0003351751371138066,0.0002466146788381756,0.0001853860405421475,0.0001421752761339403,0.0001110306286578676,8.811387184002139e-05,7.091796168376253e-05,5.777983275572917e-05,4.757701001135567e-05,3.953782368418602e-05,3.312172035064241e-05,2.79429511966817e-05,2.372127543569927e-05,2.024964323888656e-05,1.737267208212741e-05,1.497207402248459e-05,1.295662367079074e-05,1.125513754695509e-05,9.81148193650703e-06,8.580968778274332e-06,7.527716162635441e-06,6.622689343253116e-06,5.842228796373402e-06,5.166931638743278e-06,4.580792700059561e-06,4.070538670337031e-06,3.625107399435396e-06,3.235237432392954e-06,2.89314204944288e-06,2.592248646566971e-06,2.326989042382389e-06,2.092629770519251e-06,1.885133982568052e-06,1.701048500354425e-06,1.537410996231522e-06,1.39167337251964e-06,1.261638246418653e-06,1.145406089837789e-06,1.041331072129705e-06,9.47984042615791e-07,8.641213949532198e-07,7.886587961852437e-07,7.20648954313169e-07,6.592627504844321e-07,6.037731838398381e-07,5.535416751788512e-07,5.080063548837147e-07,4.666720248717005e-07,4.291015367476873e-07,3.94908371180509e-07,3.637502386957911e-07
15.5,0.01263799955063255,0.007384834278960551,0.004779439868279161,0.003168872868132836,0.002114604347590367,0.001421209341662383,0.0009666290190452724,0.0006684113733040098,0.0004714728065727323,0.0003398465697587854,0.0002504368823069562,0.0001885357752288176,0.0001447863257130812,0.0001132068648424486,8.993707796326412e-05,7.245304387457005e-05,5.907857796924829e-05,4.868092261879027e-05,4.048031314433579e-05,3.39298030493532e-05,2.86385784480332e-05,2.432237120408476e-05,2.077091617675963e-05,1.782625228708781e-05,1.536801378944489e-05,1.330329271074146e-05,1.155953621755422e-05,1.007949063032576e-05,8.817547440032834e-06,7.737064698761784e-06,6.808377230922705e-06,6.007300321639954e-06,5.313991757950204e-06,4.712077419665414e-06,4.187972996637157e-06,3.730353259911265e-06,3.329733468066127e-06,2.978136787562979e-06,2.668828258752454e-06,2.39610065497155e-06,2.155101106247215e-06,1.941689964280664e-06,1.752325329553471e-06,1.583968125127852e-06,1.434003712814035e-06,1.300176897272174e-06,1.180537818364335e-06,1.073396739855455e-06,9.772861388361878e-07,8.909288113136811e-07,8.132109549615905e-07,7.431593848582674e-07,6.799221934120389e-07,6.227522901557405e-07,5.709933572787533e-07,5.240678377437443e-07,4.814666385596828e-07,4.427402853375522e-07,4.074913080600444e-07,3.753676739578859e-07
16.5,0.01222142205255994,0.00733378113850835,0.004796920278282183,0.003192045499104653,0.00213323933674752,0.001435329114499025,0.0009774747588969011,0.0006769387966306601,0.0004783012997705608,0.0003453828047040862,0.0002549639259700801,0.0001922618115532768,0.0001478702697520634,0.0001157726403805701,9.208244644011805e-05,7.425564425218608e-05,6.060035757642036e-05,4.997151251633386e-05,4.1579642895257e-05,3.487013892584744e-05,2.944611539680571e-05,2.501847744350039e-05,2.137310743157707e-05,1.834895592218591e-05,1.582316984718395e-05,1.370082833506407e-05,1.190774166507668e-05,1.038531861184557e-05,9.086852543807498e-06,7.974795809680043e-06,7.018732920222583e-06,6.193854933175187e-06,5.479798196320752e-06,4.859751326760192e-06,4.319761989815881e-06,3.848194123871709e-06,3.43529958793567e-06,3.072877641022957e-06,2.754002418410594e-06,2.472803464813582e-06,2.224287969690275e-06,2.004196002333434e-06,1.808882025346345e-06,1.635217457559397e-06,1.480510191077129e-06,1.342437834795486e-06,1.21899212552613e-06,1.108432466811956e-06,1.009246960699359e-06,9.201196159416026e-07,8.399026673917391e-07,7.675931408140612e-07,7.023129564673595e-07,6.432919923494948e-07,5.898536306707747e-07,5.414023941431471e-07,4.974133460734218e-07,4.574229831858526e-07,4.210213950474903e-07,3.878455008793655e-07
17.5,0.01178883618848298,0.007289277167254971,0.004824413728642071,0.003223101498800636,0.002157267279452893,0.001452998243706745,0.0009906458104283339,0.0006870038008046241,0.0004861625837700917,0.0003516261328993585,0.0002599853932184181,0.0001963413652045077,0.0001512128511053647,0.0001185320530105602,9.437610870648449e-05,7.617430944222039e-05,6.221485111969197e-05,5.133756718198564e-05,4.274144744080825e-05,3.586298032164332e-05,3.029836586394727e-05,2.575310041214312e-05,2.200880667844074e-05,1.890105811550974e-05,1.630430669446172e-05,1.412146722750654e-05,1.22766011245048e-05,1.070969562922115e-05,9.372882121067744e-06,8.227658013344299e-06,7.24281904730105e-06,6.392901630105675e-06,5.656996307883894e-06,5.017834700795761e-06,4.461080291469457e-06,3.974772822473654e-06,3.548889598999864e-06,3.174996582739089e-06,2.845969037639697e-06,2.555766473257382e-06,2.299250285192624e-06,2.072035197164941e-06,1.870367630761859e-06,1.691025652776089e-06,1.531236308155015e-06,1.388607033401501e-06,1.261068529143872e-06,1.146827001465397e-06,1.04432409623908e-06,9.522031764826305e-07,8.69280850092251e-07,7.945228596618559e-07,7.270236091603347e-07,6.659887329740815e-07,6.107202181048525e-07,5.606036754620575e-07,5.150974253368412e-07,4.737231185207664e-07,4.3605766066803e-07,4.017262453943579e-07
18.5,0.01134306937485677,0.007238339082107202,0.004842619373240657,0.003246563598417619,0.002176134559558419,0.001467422344040206,0.001001852924069123,0.000695905873459244,0.0004933452995250575,0.0003574781200285095,0.0002647835077878177,0.0002002946152030806,0.0001544844370664474,0.0001212514405066216,9.66466594205802e-05,7.807875535736432e-05,6.381951852972494e-05,5.269573109010856e-05,4.389601071410189e-05,3.684860715758631e-05,3.11431725353265e-05,2.647998989156286e-05,2.26365198082649e-05,1.94450011364458e-05,1.67772033969239e-05,1.45338740521602e-05,1.263731529861249e-05,1.102607977979788e-05,9.651123549357605e-06,8.472976711646439e-06,7.459635362483266e-06,6.584972030734466e-06,5.827523830428983e-06,5.169559204263485e-06,4.596352536955949e-06,4.095615535741493e-06,3.65704801005092e-06,3.271980420672179e-06,2.933087557079759e-06,2.634157773950632e-06,2.369905938955446e-06,2.13582100101744e-06,1.928041150146095e-06,1.743251095357049e-06,1.578597169993841e-06,1.431616880004079e-06,1.300180209941591e-06,1.182440544505318e-06,1.076793487770142e-06,9.818421957807221e-07,8.963681017416071e-07,8.193061223951779e-07,7.497236012974412e-07,6.868023787256296e-07,6.298234859140342e-07,5.781540486539662e-07,5.312360562386797e-07,4.885767095879895e-07,4.497401097440977e-07,4.1434008683516e-07
19.5,0.0108877118544789,0.007180882879233088,0.004859151421366887,0.003268473749749126,0.002193328854944092,0.001480266150969427,0.001011684242166167,0.0007036577184449811,0.0004995836877094436,0.0003625597568510389,0.0002689533153921808,0.0002037338650036928,0.0001573336020542508,0.0001236218355867471,9.862730007732405e-05,7.974106254525708e-05,6.522088540870828e-05,5.388234980222422e-05,4.490513977419403e-05,3.771038750520823e-05,3.188207459150698e-05,2.711596101653566e-05,2.318589128969706e-05,1.992120416087697e-05,1.719133443933252e-05,1.489514212279163e-05,1.295339670898436e-05,1.130340053653164e-05,9.895085041612909e-06,8.688136860813559e-06,7.649854679155319e-06,6.753531916359887e-06,5.977222835563183e-06,5.302791703046821e-06,4.715173312081191e-06,4.201793022634387e-06,3.75210837165187e-06,3.357244175632734e-06,3.009700134342451e-06,2.70311509273066e-06,2.432075897717476e-06,2.191961588910057e-06,1.978815759415206e-06,1.78924150576934e-06,1.620314590314229e-06,1.46951136249801e-06,1.334648698160659e-06,1.213833769499074e-06,1.105421891190986e-06,1.007981028420739e-06,9.202618215290105e-07,8.411721957316359e-07,7.697557950015847e-07,7.05173616097948e-07,6.466883290229504e-07,5.93650859436226e-07,5.454888810661468e-07,5.01696925300438e-07,4.61827863558954e-07,4.254855578376556e-07
20.5,0.01042732178108759,0.007132955487752907,0.004883469744057291,0.003296209403394121,0.002215044433381343,0.001496750606238803,0.001024505300168665,0.000713884349260216,0.0005078760869279968,0.0003693481018512496,0.0002745430252882853,0.0002083566825397567,0.000161171957295797,0.0001268216533959307,0.0001013059464348127,8.199307128571979e-05,6.712244734383423e-05,5.549493919304802e-05,4.627845382451559e-05,3.888471503172875e-05,3.289019085614943e-05,2.798463469897338e-05,2.393707864653176e-05,2.057299387438898e-05,1.775869540552471e-05,1.539051626123792e-05,1.338717018224489e-05,1.168427960691391e-05,1.023039704552735e-05,8.984072244813683e-06,7.911662500424858e-06,6.985678463760322e-06,6.183520904277181e-06,5.486506416577662e-06,4.879109118919945e-06,4.348365514738469e-06,3.883403811255893e-06,3.475069024722527e-06,3.115622418362507e-06,2.798499067037696e-06,2.518111199279446e-06,2.269687829479123e-06,2.049143336637422e-06,1.852969265271159e-06,1.678144856901693e-06,1.522062766170284e-06,1.382467145982358e-06,1.257401853840372e-06,1.145166975571398e-06,1.044282211937351e-06,9.534559498431518e-07,8.715590594294002e-07,7.976026337206956e-07,7.307190282395068e-07,6.701456714317407e-07,6.152112085673079e-07,5.653236163990727e-07,5.1995998674381e-07,4.78657727005649e-07,4.410069666392583e-07
21.5,0.009967651315327586,0.007092451250842551,0.0049091035735176,0.003323248630711765,0.002235564237011291,0.00151200096243892,0.001036190907707171,0.0007231098035406834,0.0005153029373137095,0.0003753956418116659,0.0002795018409919098,0.0002124432289481436,0.0001645544359409267,0.0001296334040247222,0.0001036535192773606,8.396186094188593e-05,6.878099715617396e-05,5.689835737018947e-05,4.747114963802156e-05,3.990258543072215e-05,3.376235892284685e-05,2.873482553476488e-05,2.458470522275766e-05,2.113401313506224e-05,1.824628365346774e-05,1.581560299883172e-05,1.37588612956509e-05,1.201019404041327e-05,1.0516935744041e-05,9.236633931398683e-06,8.134817583923084e-06,7.183309844738553e-06,6.358938501055783e-06,5.642540735132562e-06,5.018188036494804e-06,4.472577556302894e-06,3.994550508481142e-06,3.574708411620801e-06,3.205105300185774e-06,2.878999372137823e-06,2.590651466625637e-06,2.33516068160014e-06,2.108329626833397e-06,1.906553459780653e-06,1.726728110210863e-06,1.566174065334108e-06,1.422572833449993e-06,1.293913784538864e-06,1.178449520328908e-06,1.074658283700149e-06,9.81212199970828e-07,8.96950367385168e-07,8.208559937125113e-07,7.52036920020405e-07,6.897089889007228e-07,6.3318180851749e-07,5.818465403283295e-07,5.351654007449054e-07,4.926626181197877e-07,4.539166284716578e-07
22.5,0.009515865397628834,0.007082164993532192,0.004954843115708715,0.00336312110400116,0.002264632599642607,0.001533190425760825,0.001052141325700399,0.0007354790873449946,0.0005250980363354447,0.0003832604864226402,0.0002858778125866504,0.0002176506445504909,0.0001688346159751712,0.0001331721653365307,0.0001065957329762832,8.64213499798124e-05,7.084770134565554e-05,5.864370388859337e-05,4.895214668386883e-05,4.116496623281078e-05,3.484300516812041e-05,2.966363996080968e-05,2.538606224612921e-05,2.18278860560573e-05,1.884912379394596e-05,1.634102829345371e-05,1.421819817209266e-05,1.241290597720617e-05,1.087096395541544e-05,9.548669613038224e-06,8.410520601742932e-06,7.427485303833559e-06,6.575680020783012e-06,5.835347272099498e-06,5.190059584466908e-06,4.62609389421356e-06,4.131936277725134e-06,3.697887116548386e-06,3.315744292485558e-06,2.978547464082097e-06,2.680370492487479e-06,2.416152070206065e-06,2.181556845480842e-06,1.972861028671035e-06,1.78685775798927e-06,1.620778493269237e-06,1.472227472820604e-06,1.339126864722557e-06,1.219670710651261e-06,1.112286127745593e-06,1.01560052477786e-06,9.284138201680897e-07,8.496748342192984e-07,7.784611763578314e-07,7.13962067840429e-07,6.554636373050335e-07,6.023363053410044e-07,5.540239385710324e-07,5.100345064290506e-07,4.699320171416666e-07
23.5,0.009080699105345926,0.007073112667683474,0.004995211769457015,0.00339884247218975,0.002291610311142568,0.001553738192514067,0.001068271632878052,0.0007484322152978971,0.0005356379875536677,0.0003919002317768921,0.000292993264388897,0.0002235331367161095,0.0001737160280440936,0.0001372388425195307,0.0001099977631467447,8.927962038588167e-05,7.32595883035853e-05,6.068772120066571e-05,5.069172521465933e-05,4.265149889706655e-05,3.611827963983673e-05,3.076177061232456e-05,2.633501911051443e-05,2.26507033626624e-05,1.956485572800074e-05,1.69655062618994e-05,1.476463251092964e-05,1.289236575007779e-05,1.129276107508799e-05,9.920667683534024e-06,8.73938433595666e-06,7.718882854196804e-06,6.834447845034615e-06,6.065625061125176e-06,5.395401161320843e-06,4.80955874160962e-06,4.296165379954139e-06,3.845166045548147e-06,3.448055876818787e-06,3.097615915902511e-06,2.787698502270845e-06,2.513052090008573e-06,2.269177551864966e-06,2.052209773238247e-06,1.858819666689551e-06,1.686132757595532e-06,1.53166128064883e-06,1.393247341254226e-06,1.269015177003639e-06,1.157330933344956e-06,1.056768667583475e-06,9.660815340980649e-07,8.841772945429529e-07,8.100974501287182e-07,7.429994167625392e-07,6.821412640232725e-07,6.268686204384812e-07,5.766034140651139e-07,5.308341719001367e-07,4.891076464894588e-07
24.5,0.008672512969447358,0.007065487719517823,0.005039985648129247,0.003436969052881683,0.002319147982167579,0.001573777714579762,0.00108338977040386,0.0007601962075809159,0.0005449829860433491,0.0003994207058572255,0.0002990980648740495,0.0002285214225710432,0.0001778152603434407,0.0001406255879256872,0.0001128105518990681,9.162778958063667e-05,7.522979662047176e-05,6.234891692564142e-05,5.209898811870453e-05,4.384902402961619e-05,3.714169645301953e-05,3.163994575123596e-05,2.709145886374739e-05,2.330464652399745e-05,2.013212746616131e-05,1.745918756876292e-05,1.519558720134819e-05,1.326965719940331e-05,1.16239833468319e-05,1.02122099376321e-05,8.996643018014098e-06,7.946432826718241e-06,7.036181081262256e-06,6.244863586725972e-06,5.554989451025267e-06,4.951939645307076e-06,4.423442781612458e-06,3.959156785484989e-06,3.550332945867988e-06,3.189544523215386e-06,2.870466299984766e-06,2.587694587482521e-06,2.336599554210429e-06,2.113203521728378e-06,1.914080233336642e-06,1.736271145857371e-06,1.577215603544969e-06,1.434692383028512e-06,1.306770591658021e-06,1.19176829039081e-06,1.08821752024783e-06,9.948346564378329e-07,9.10495210237428e-07,8.342123561685921e-07,7.651185890583677e-07,7.024500184985044e-07,6.455328919544754e-07,5.937720061474036e-07,5.466407223721692e-07,5.036723475093293e-07
25.5,0.008303191140603999,0.007088568404749646,0.005093786315249078,0.003478193107496243,0.002348408384298597,0.001595319405656934,0.001100001290501255,0.0007734259182361149,0.0005557152708771496,0.0004082145230054375,0.0003063464385456259,0.0002345219816312238,0.0001828023607825754,0.0001447868355974026,0.0001162969773995151,9.456116965397969e-05,7.770839165494508e-05,6.445210514160111e-05,5.389102196625368e-05,4.538205816941751e-05,3.845821167920748e-05,3.277467865921724e-05,2.80729328213125e-05,2.415638467196888e-05,2.087361413008823e-05,1.810663155579973e-05,1.576252943905449e-05,1.376745610539186e-05,1.206220403690173e-05,1.059893762839585e-05,9.338736484276249e-06,8.24973028186423e-06,7.305668145368737e-06,6.484810916118152e-06,5.769065984815753e-06,5.143306169915698e-06,4.594829539105302e-06,4.112928091122501e-06,3.688541185087141e-06,3.313975430648592e-06,2.982677054215958e-06,2.689045963013881e-06,2.428283139661586e-06,2.19626482762055e-06,1.989438363904399e-06,1.804735589421458e-06,1.639500599041774e-06,1.491429241621772e-06,1.358518288273507e-06,1.239022587619086e-06,1.131418844069134e-06,1.034374907825864e-06,9.467236674563706e-07,8.674407983407773e-07,7.956257514285582e-07,7.304854730149418e-07,6.713204327300607e-07,6.175126075733829e-07,5.685151277395419e-07,5.238433376300441e-07
26.5,0.007985804503372423,0.007123618880154633,0.005157704334637577,0.003526828284985004,0.002382908743434363,0.001620585990695906,0.001119302122547947,0.0007886290771465209,0.0005679169765484639,0.0004181165503708891,0.0003144401993674249,0.0002411742143485448,0.0001882967469568339,0.0001493466482910588,0.0001200993237312856,9.774707806000946e-05,8.039046452392252e-05,6.672049749101989e-05,5.581815198297968e-05,4.702631845479572e-05,3.986688640390437e-05,3.398623197579622e-05,2.911880267940561e-05,2.506238979797679e-05,2.166105963166288e-05,1.879318017626483e-05,1.636289060319163e-05,1.429393310970951e-05,1.252513053111864e-05,1.100702741333571e-05,9.699365175246892e-06,8.569163188900373e-06,7.589245507164317e-06,6.73709916121211e-06,5.993981802524022e-06,5.344218717705691e-06,4.774644988588731e-06,4.274159842871991e-06,3.833368403540318e-06,3.444292019432001e-06,3.100132775198226e-06,2.795081073386169e-06,2.524157660618096e-06,2.283083350694101e-06,2.068171135131697e-06,1.876236478355811e-06,1.704522452301473e-06,1.550637033803413e-06,1.412500412492025e-06,1.288300570386741e-06,1.176455722119595e-06,1.07558246579354e-06,9.844687034236452e-07,9.020505578838434e-07,8.273926489015542e-07,7.596712005905547e-07,6.981595425014944e-07,6.422156392839599e-07,5.912713440096068e-07,5.448231195447083e-07
27.5,0.007734022033042933,0.007187296322087377,0.005236399042792868,0.003584017107610465,0.002422648043783505,0.001649145113804491,0.001140702176669737,0.0008051864248657717,0.0005810027699234908,0.0004286030900647039,0.0003229254046879573,0.0002480918634564015,0.0001939731344637059,0.000154032455929427,0.0001239895250354447,0.0001009945157826697,8.311566924571159e-05,6.901902292655678e-05,5.776614475169625e-05,4.868478041880522e-05,4.128495011262488e-05,3.52036853352949e-05,3.016804080360281e-05,2.596992921155394e-05,2.244871763120973e-05,1.947899749117157e-05,1.696185671526706e-05,1.481855933381433e-05,1.298590517066721e-05,1.141277915606966e-05,1.005755474333157e-05,8.88611860996433e-06,7.870352854967971e-06,6.986957944174923e-06,6.216532144070428e-06,5.54284591649779e-06,4.952265851474497e-06,4.433294260940003e-06,3.976198926376324e-06,3.572713625326936e-06,3.215794598687276e-06,2.899421508211954e-06,2.618433984881763e-06,2.368396805514264e-06,2.145488216293141e-06,1.946407062771533e-06,1.76829527036533e-06,1.608672909246852e-06,1.465383618797638e-06,1.336548593731238e-06,1.220527672533543e-06,1.115886338618661e-06,1.021367660545441e-06,9.35868371288195e-07,8.584184267872946e-07,7.881634977169777e-07,7.243499409779821e-07,6.66311873068407e-07,6.13460029527933e-07,5.652721457143152e-07
28.5,0.007561297136209749,0.007259959522630876,0.005308094078140257,0.003632599961904195,0.00245521175569909,0.001672215534946828,0.001157990109513483,0.0008186617199552842,0.0005917593055512301,0.0004373092884713959,0.0003300330739645104,0.0002539305681340633,0.0001987945244078795,0.0001580332892975869,0.0001273254035791352,0.0001037891996509848,8.546794998066308e-05,7.10080127624692e-05,5.945541384499011e-05,5.012560646851275e-05,4.251887031000184e-05,3.626449849530804e-05,3.108337766073933e-05,2.676248499253242e-05,2.313722135673836e-05,2.00789763789517e-05,1.748624112210229e-05,1.527816343709642e-05,1.338981058909568e-05,1.176864251368342e-05,1.037185541043872e-05,9.164359192986345e-06,8.117222199747643e-06,7.206464263519438e-06,6.412112225093937e-06,5.71745508789842e-06,5.108452404839964e-06,4.573261254995619e-06,4.101855706887264e-06,3.68571892685102e-06,3.317592727749083e-06,2.991272818081249e-06,2.701440622719294e-06,2.443524529982443e-06,2.213584937671084e-06,2.008218640340096e-06,1.824479007281729e-06,1.659809108603086e-06,1.51198550237748e-06,1.379070834267738e-06,1.259373748756879e-06,1.151414888282919e-06,1.053897978512971e-06,9.65685176501637e-07,8.85776002669349e-07,8.132892944824231e-07,7.474477149387622e-07,6.875644267902077e-07,6.330316072742824e-07,5.833105306818838e-07
29.5,0.007479891190120827,0.00735788429466876,0.005388173218161856,0.003685443612718684,0.002490721643584872,0.001697525610470257,0.001177001628745783,0.0008334611718924084,0.0006035343658392449,0.0004468035991595646,0.0003377563251025175,0.0002602555857448978,0.0002040048156823189,0.0001623489604234942,0.000130919197628081,0.0001067975347392417,8.799904340409569e-05,7.314806570308525e-05,6.127338610020565e-05,5.167692003965363e-05,4.384828576860986e-05,3.740835027200955e-05,3.207131311154347e-05,2.761882013740111e-05,2.38820008691704e-05,2.072880539464901e-05,1.805494077277745e-05,1.577728988296399e-05,1.382906800303148e-05,1.215621335083804e-05,1.071466587749668e-05,9.468293710848336e-06,8.387297519583652e-06,7.446971508677473e-06,6.626733307636224e-06,5.909358550699035e-06,5.280372664534745e-06,4.727564389789869e-06,4.240594287863835e-06,3.81067788805124e-06,3.430327875818787e-06,3.093143271665522e-06,2.793636226072218e-06,2.527089089979137e-06,2.289435977513869e-06,2.077164238247313e-06,1.88723218778566e-06,1.71700017268436e-06,1.564172616575458e-06,1.426749145039138e-06,1.302983244281995e-06,1.19134719372683e-06,1.090502240923533e-06,9.99273170862244e-07,9.166265701618231e-07,8.416522069839205e-07,7.735470455573391e-07,7.116014943371692e-07,6.551875525731535e-07,6.037485741949929e-07
30.5,0.00749992212542739,0.007502083025221324,0.005494549479930251,0.003756838651528901,0.00254034476710909,0.001733776251094437,0.001204548683713083,0.0008549593938054023,0.0006206053684130306,0.0004605198050433568,0.0003488745351120118,0.000269333977620402,0.0002114663533478498,0.0001685193458569466,0.000136051786302415,0.000111090839225423,9.160955067315833e-05,7.619983705819348e-05,6.386533191402303e-05,5.388834773673925e-05,4.574314884108368e-05,3.903851443391943e-05,3.347907657025607e-05,2.883886656055854e-05,2.494291981044973e-05,2.165428192652545e-05,1.886469120923085e-05,1.648780177806497e-05,1.445418856896081e-05,1.270761989396485e-05,1.120224392480506e-05,9.90044252889736e-06,8.77117821841611e-06,7.788709504128752e-06,6.931584312739874e-06,6.181845276508153e-06,5.524397881310185e-06,4.946504818565971e-06,4.437378875943018e-06,3.987853307203172e-06,3.59011352171401e-06,3.237477601800785e-06,2.924215924216338e-06,2.645402267493568e-06,2.396790400117098e-06,2.174711388866311e-06,1.975987832786211e-06,1.797861982798286e-06,1.637935299640718e-06,1.494117470854096e-06,1.364583279002637e-06,1.247736009587628e-06,1.142176324485684e-06,1.046675717774713e-06,9.601538251933438e-07,8.816589837520863e-07,8.103515400622043e-07,7.454894893898009e-07,6.864160959174229e-07,6.325492010848578e-07
31.5,0.007628535873349811,0.007678555787459235,0.005613650732884269,0.003837493435000659,0.00259827458645832,0.001777434817273906,0.001238482798133092,0.0008818300538676303,0.0006421317593930819,0.0004779060736813738,0.0003630099345429207,0.0002808952332368679,0.0002209766831054071,0.0001763867541830721,0.000142596150155125,0.0001165640352537746,9.621076118221227e-05,8.008729493264785e-05,6.716535867453319e-05,5.670231473298158e-05,4.815284340891588e-05,4.111028302860889e-05,3.526703161106096e-05,3.038737691035969e-05,2.628855277975722e-05,2.282732455212427e-05,1.989034786631748e-05,1.738714187257108e-05,1.524490042495749e-05,1.340461364356794e-05,1.18181361672926e-05,1.044594794111867e-05,9.255427556089459e-06,8.219509072133056e-06,7.315628657306731e-06,6.524892306299704e-06,5.831413666203565e-06,5.22178380171014e-06,4.684644059550072e-06,4.210340055571909e-06,3.790639905980662e-06,3.418503644434097e-06,3.087893652868456e-06,2.793618131244797e-06,2.531201316336185e-06,2.296775460418031e-06,2.086990591240996e-06,1.898938864393826e-06,1.730090939813544e-06,1.578242304566838e-06,1.441467853413275e-06,1.318083349347207e-06,1.206612635343383e-06,1.105759669012157e-06,1.014384613946197e-06,9.314833530972898e-07,8.561698967208e-07,7.876612451032015e-07,7.252643382584157e-07,6.683647840612286e-07
32.5,0.007869415346296774,0.007867120388948068,0.005741262778953131,0.003929647672960544,0.002668986404941709,0.001833456167897016,0.001283517291252599,0.0009182791098532945,0.0006717499447622278,0.0005020551268746861,0.0003827711034439861,0.0002971316710818597,0.0002343768643410216,0.0001874987528244043,0.0001518557871595674,0.0001243179704088256,0.000102735195467651,8.560291344486537e-05,7.184914163064025e-05,6.069680443650032e-05,5.157338429751029e-05,4.405066858924576e-05,3.780391010305144e-05,3.258369500171384e-05,2.81962551175997e-05,2.448947794767863e-05,2.1342819879492e-05,1.865993339749455e-05,1.636320868381061e-05,1.438968427425294e-05,1.268794958650203e-05,1.121577487997028e-05,9.938280824946678e-06,8.826512620681844e-06,7.856320405025754e-06,7.007473687398333e-06,6.262956106294633e-06,5.608400228720319e-06,5.031631903989871e-06,4.522300906198874e-06,4.071579973598844e-06,3.67191838649077e-06,3.316839276968768e-06,3.000772190262297e-06,2.718914203469162e-06,2.467114287754808e-06,2.241776673444855e-06,2.039779817010725e-06,1.858408229298209e-06,1.69529494646231e-06,1.548372839943082e-06,1.415833293039056e-06,1.296091037271585e-06,1.187754155695304e-06,1.089598433366738e-06,1.000545375714857e-06,9.196433301166267e-07,8.460512397141104e-07,7.79024635478197e-07,7.179035359448101e-07
33.5,0.008222566079326799,0.008101593202789279,0.005893163139289653,0.004042531976697744,0.002758880412070102,0.001906746133947049,0.001343617944047173,0.0009675973035306923,0.0007122257557574819,0.0005353078152471684,0.000410148264065125,0.0003197416075099717,0.000253120971433537,0.0002031043204117564,0.0001649069050632959,0.0001352828588238828,0.0001119893142102083,9.344792077831022e-05,7.852814389247518e-05,6.640647093450943e-05,5.647350271415328e-05,4.827165522881101e-05,4.145270760326541e-05,3.574840846536002e-05,3.094980510876327e-05,2.689248827765799e-05,2.344590938556536e-05,2.050554254696174e-05,1.79870620208661e-05,1.582196674321094e-05,1.39542571202671e-05,1.233788611786886e-05,1.093478645384566e-05,9.713330868822574e-06,8.64712108525219e-06,7.714028448783393e-06,6.895428879618468e-06,6.175588991376783e-06,5.54117065411654e-06,4.980828980435709e-06,4.484884458691781e-06,4.045054278756173e-06,3.654231171793758e-06,3.306300587493281e-06,2.995988956106037e-06,2.718737271705541e-06,2.470595392591029e-06,2.248133362849465e-06,2.048366774148554e-06,1.868693752794345e-06,1.706841607235939e-06,1.560821530908144e-06,1.428890044025666e-06,1.309516090679997e-06,1.201352895969153e-06,1.103213840968904e-06,1.014051738220435e-06,9.329409926378266e-07,8.590622167302719e-07,7.916889382784477e-07
34.5,0.008684486401471929,0.008363302235449637,0.00606862042491505,0.004183474784636106,0.002878503495557112,0.002008657905049868,0.001429731881813983,0.001039769216944461,0.0007723855188554094,0.0005853257275588854,0.0004517223836028904,0.0003543454999546242,0.0002819963701988985,0.0002272784915430897,0.0001852204069998535,0.0001524194319133699,0.0001265037957806306,0.0001057905329038757,8.906479913867384e-05,7.543535418693996e-05,6.423842525110465e-05,5.497272569639049e-05,4.725482660557721e-05,4.078802321200173e-05,3.534028452345918e-05,3.072840892875869e-05,2.680648275585267e-05,2.345736509851612e-05,2.058633025249338e-05,1.811626847821127e-05,1.59840260545947e-05,1.413758781729812e-05,1.253388935227002e-05,1.11371044506724e-05,9.917294593024715e-06,8.849336565382727e-06,7.912065449327871e-06,7.087585620424581e-06,6.360713709193247e-06,5.718525879588593e-06,5.149988068968376e-06,4.645652579704505e-06,4.197408021613488e-06,3.798272368238404e-06,3.442221020750391e-06,3.124043426190703e-06,2.839223086658138e-06,2.583836808229173e-06,2.354469836864513e-06,2.148144161593255e-06,1.962257769547565e-06,1.794533040968595e-06,1.642972796651183e-06,1.50582277207837e-06,1.381539504636039e-06,1.268762792875332e-06,1.166292027709697e-06,1.073065810918105e-06,9.881443712975602e-07,9.106943671741063e-07
35.5,0.009248597830158115,0.00860150962889775,0.006242947450939443,0.00434308515496381,0.003027180603119153,0.002143576601583637,0.00154899797019659,0.001143186357213164,0.0008609275514975303,0.0006605537634486831,0.0005153822530543433,0.0004081373687443209,0.0003274630299972731,0.0002657646948850636,0.0002178705339857844,0.0001801935079302176,0.0001502005826618507,0.0001260717831417897,0.0001064778623358127,9.043302000615605e-05,7.719576079549137e-05,6.620107915095695e-05,5.701333610599754e-05,4.929301114270183e-05,4.277289918283843e-05,3.724083295520916e-05,3.252697873693363e-05,2.849438181046198e-05,2.50318514568643e-05,2.204855109027423e-05,1.946984556692779e-05,1.723408539890465e-05,1.529009619791904e-05,1.35952039042241e-05,1.211367058408192e-05,1.081544736686054e-05,9.675174181306509e-06,8.671372887674348e-06,7.78579294312611e-06,7.002878104529133e-06,6.309329726043426e-06,5.693747560748054e-06,5.146333065538989e-06,4.658643355182152e-06,4.223386387594094e-06,3.834249859782288e-06,3.48575777988453e-06,3.173149850773309e-06,2.892279726576164e-06,2.639528939671166e-06,2.411733883790473e-06,2.206123710673661e-06,2.020267377837572e-06,1.852028392527851e-06,1.699526046636757e-06,1.561102140932824e-06,1.435292363486962e-06,1.320801623909266e-06,1.216482757649357e-06,1.121318107710848e-06
36.5,0.009905722607149199,0.008656112321251236,0.006285471637843751,0.0044309107163484,0.003146217581274919,0.002275628579439596,0.001681286322319217,0.001268252348054931,0.0009750876448826816,0.0007624968268910878,0.0006051654085353092,0.0004865350836019276,0.0003955710795974011,0.0003247721212586861,0.0002689364480318096,0.0002243866745147693,0.000188475168380965,0.0001592630034122526,0.000135307875204652,0.0001155214989192711,9.907204238186927e-05,8.531623738421002e-05,7.375137552404786e-05,6.398084562814415e-05,5.568904003497917e-05,4.862284164756132e-05,4.257780009697374e-05,3.738769433714414e-05,3.291657169002171e-05,2.905261899820199e-05,2.570340377115879e-05,2.279214992076441e-05,2.025480192716821e-05,1.803769490275339e-05,1.609569390429905e-05,1.439069928467915e-05,1.289043949207937e-05,1.156749101349436e-05,1.039847886386453e-05,9.363421373924417e-06,8.445190907253074e-06,7.629068173238948e-06,6.90237245811523e-06,6.254153708631898e-06,5.674935222068676e-06,5.156497908266224e-06,4.691698833820551e-06,4.274318141052248e-06,3.898929535030882e-06,3.560790412132452e-06,3.255748410489229e-06,2.980161732703973e-06,2.730831052656399e-06,2.504941193222869e-06,2.300011067582688e-06,2.113850627131392e-06,1.944523764643291e-06,1.790316290776607e-06,1.649708242110321e-06,1.521349895090517e-06
37.5,0.01064462582513828,0.008376034525907588,0.006039061748354942,0.004306407555166342,0.003120961015830169,0.002317467422232267,0.001763921830710413,0.00137276805013678,0.001088740212734308,0.0008771300738460277,0.0007158379935174019,0.0005904739053519279,0.0004914203107163407,0.00041207374675023,0.0003477800524121629,0.0002951782276817894,0.0002517874013592394,0.0002157407221164378,0.0001856097284617689,0.0001602856104231895,0.0001388970421680688,0.0001207520616945063,0.0001052961240750201,9.208127413238909e-05,8.074312434200736e-05,7.09834179305457e-05,6.255665890773137e-05,5.525975000798807e-05,4.892388615706222e-05,4.340815988904855e-05,3.859448002669234e-05,3.438350725168271e-05,3.069138361591821e-05,2.74470865112162e-05,2.459027706042884e-05,2.206954233439669e-05,1.984095300138497e-05,1.786687491238686e-05,1.611498608979839e-05,1.455746060645564e-05,1.317028863671215e-05,1.193270806141451e-05,1.082672780886543e-05,9.836726910321143e-06,8.949116265352223e-06,8.152052520285161e-06,7.435195392921949e-06,6.789501329866062e-06,6.207047637453202e-06,5.680882244598309e-06,5.204895083677852e-06,4.773707751502076e-06,4.382578666214689e-06,4.027321391144698e-06,3.704234171971094e-06,3.410039044010822e-06,3.141829123993714e-06,2.897022914982185e-06,2.673324631900576e-06,2.468689704745385e-06
38.5,0.01145269750852594,0.007662205690369499,0.005192233163787475,0.003543032340095685,0.00247939612319456,0.001796360176024299,0.001349871260080649,0.001049178192179197,0.0008393854997825423,0.0006875603712616393,0.0005737904242891346,0.0004858332112852771,0.0004159926002089187,0.0003593023478381408,0.0003124636704691225,0.0002732170918614818,0.0002399659235680079,0.0002115469576946837,0.0001870882893234723,0.0001659193841019835,0.000147512927057683,0.0001314463135233348,0.0001173754945849703,0.0001050167449266948,9.413361904831498e-05,8.452738278892626e-05,7.602982820619125e-05,6.849776261659797e-05,6.180870181920517e-05,5.585744936165032e-05,5.055334171719218e-05,4.581800366417002e-05,4.158350132603736e-05,3.779080983768648e-05,3.438853318816417e-05,3.133182844236601e-05,2.85814971809073e-05,2.610321486401622e-05,2.386687474520575e-05,2.184602748672522e-05,2.001740113940027e-05,1.836048890734424e-05,1.68571943091796e-05,1.54915251057032e-05,1.424932878724695e-05,1.311806357501089e-05,1.208659984411796e-05,1.114504766383376e-05,1.028460680456374e-05,9.497436107071739e-06,8.77653956670269e-06,8.115666870029632e-06,7.509226445930811e-06,6.95220936785421e-06,6.440122677241329e-06,5.968930896543153e-06,5.535004669539279e-06,5.135075611365033e-06,4.766196574574517e-06,4.425706643892261e-06
39.5,0.01231689739592255,0.007671021565550535,0.004876649706150113,0.00312090528073002,0.002029719490340253,0.001351983881399863,0.0009258388117827759,0.0006523962507886883,0.0004726064790323318,0.0003512744365106965,0.0002672179238952991,0.0002074857863257486,0.0001640087580979069,0.0001316554596048862,0.0001070927407237637,8.810834312509304e-05,7.320204518866448e-05,6.133478416591575e-05,5.177207968923928e-05,4.39845975823823e-05,3.758387238276632e-05,3.228000535658785e-05,2.78533200438212e-05,2.413502887894381e-05,2.099381456382844e-05,1.832635890455792e-05,1.605055002254565e-05,1.410053653383219e-05,1.242307551853788e-05,1.09748005065464e-05,9.720153071896701e-06,8.629799533787303e-06,7.679406727165874e-06,6.848686644392344e-06,6.12064457177502e-06,5.48098276800482e-06,4.917624118025379e-06,4.42032910870171e-06,3.980385959350872e-06,3.590358511821467e-06,3.243880029995292e-06,2.93548371716884e-06,2.660462770831938e-06,2.414754327936876e-06,2.194842832051962e-06,1.997679265510995e-06,1.820613399777171e-06,1.661336773744104e-06,1.517834548365126e-06,1.388344733685455e-06,1.271323561354088e-06,1.16541599747034e-06,1.069430569015999e-06,9.823178212658276e-07,9.031518405310167e-07,8.311143718855874e-07,7.654811394723284e-07,7.056100409809538e-07,6.509309406231832e-07,6.009368285309076e-07
40.5,0.01316515147056558,0.007830820014062247,0.004843338074553064,0.00305274025820188,0.001967835974897269,0.00130343389186466,0.0008891262333764214,0.0006246493344234746,0.0004513458560496525,0.000334675289828392,0.0002540047726819859,0.0001967784014250592,0.000155196189036544,0.0001243070116927309,0.0001008984648271782,8.284007988726061e-05,6.868801386821951e-05,5.744289278370192e-05,4.83988135028191e-05,4.104748723244037e-05,3.501628200379164e-05,3.002744629782593e-05,2.587078585502255e-05,2.238502766221164e-05,1.944488756630646e-05,1.695194533071488e-05,1.482810342577059e-05,1.30108275420009e-05,1.144963500925483e-05,1.010347033165676e-05,8.938720302386963e-06,7.927696372885956e-06,7.04746261977271e-06,6.278922272480417e-06,5.606099745190065e-06,5.015571948329991e-06,4.49601461869676e-06,4.037838013178085e-06,3.632892571651313e-06,3.274229757403885e-06,2.955906700953253e-06,2.67282583413468e-06,2.420602637014716e-06,2.195456095025577e-06,1.994117595856593e-06,1.813754870810979e-06,1.651908266309578e-06,1.506437164357045e-06,1.375474790598818e-06,1.257389980986525e-06,1.150754742604708e-06,1.054316655780564e-06,9.669753345979935e-07,8.877623001452559e-07,8.158237320400819e-07,7.504056542901878e-07,6.908411855028388e-07,6.365395441112131e-07,5.869765492105393e-07,5.416863988341159e-07
41.5,0.01412105831801854,0.008112114063423808,0.004890156622815434,0.003035232303148042,0.001939081569730944,0.001277549754800773,0.0008685814587465194,0.0006088595708566121,0.0004392055614402555,0.0003252165907052954,0.0002465051651906195,0.0001907258596660927,0.0001502323553254474,0.0001201794863133642,9.742658781787414e-05,7.989181354409572e-05,6.616467154971498e-05,5.526908749371169e-05,4.651579239169488e-05,3.940864658621859e-05,3.358409143965128e-05,2.877129351253548e-05,2.476543219939494e-05,2.14094767724349e-05,1.858153920297791e-05,1.61859504475163e-05,1.414686427876984e-05,1.240360448530249e-05,1.09072332519036e-05,9.617987649868132e-06,8.503341923418032e-06,7.536526849546107e-06,6.695387048645117e-06,5.961491025034477e-06,5.319432205693613e-06,4.756275734655703e-06,4.261117501222853e-06,3.824730310653499e-06,3.439278237940924e-06,3.098084712397751e-06,2.79544322618209e-06,2.52646206589465e-06,2.286936359671203e-06,2.073242174037149e-06,1.882248501030609e-06,1.711243830781235e-06,1.557874669378694e-06,1.420093881907389e-06,1.296117149777309e-06,1.184386155306884e-06,1.083537364069615e-06,9.923754813701283e-07,9.098508245149746e-07,8.350399858706372e-07,7.67129269698916e-07,7.054004735979341e-07,6.492186570991117e-07,5.980215987542251e-07,5.513106914010931e-07,5.086430652104397e-07
42.5,0.01503647489156332,0.008315172242460004,0.004885133192206354,0.00298651045230851,0.001891847528680112,0.001240696167164619,0.0008414573043688669,0.0005890740530954126,0.0004246125330500273,0.0003142432615355922,0.000238071531612047,0.000184104446711374,0.0001449323508244157,0.0001158655089386041,9.386509328799191e-05,7.691655065031381e-05,6.365453508611322e-05,5.313384853025062e-05,4.46867974052636e-05,3.783265783060998e-05,3.221913005387259e-05,2.758377600992422e-05,2.372815568470257e-05,2.050017129713208e-05,1.778180653748318e-05,1.548047145191561e-05,1.352279671838924e-05,1.185011848745914e-05,1.041514805027571e-05,9.179484115805571e-06,8.111732669008658e-06,7.186070665312956e-06,6.381137900595532e-06,5.679174284828709e-06,5.065342548834667e-06,4.527192427676089e-06,4.05423375149817e-06,3.63759406745801e-06,3.269742376426497e-06,2.944264949170719e-06,2.655682438513217e-06,2.399299939603221e-06,2.17108349029908e-06,1.967557904527462e-06,1.785721906019501e-06,1.622977359771756e-06,1.477070043788379e-06,1.346039908320775e-06,1.228179166823609e-06,1.121996876858058e-06,1.026188918823954e-06,9.396124798561622e-07,8.612643103135065e-07,7.902621493607765e-07,7.258288206501942e-07,6.672785840694583e-07,6.140053988657546e-07,5.654728102633555e-07,5.212052184012736e-07,4.807803269564573e-07
43.5,0.0159269488084302,0.008540941519398819,0.004887514718946396,0.0029389510120525,0.001844291745681862,0.001203398663265848,0.0008140376988812143,0.0005691411599772546,0.0004099756259723067,0.000303291249160455,0.0002296982345507527,0.0001775654977111185,0.0001397261467871474,0.0001116497701055194,9.040188134373461e-05,7.403686037690594e-05,6.123559723783133e-05,5.108450001632801e-05,4.293793893397649e-05,3.633092963816095e-05,3.092264174661493e-05,2.645916491236511e-05,2.274851827263422e-05,1.9643578791838e-05,1.703021885314767e-05,1.481892811135591e-05,1.293880406754153e-05,1.133317862481685e-05,9.95639185709171e-06,8.771381994208886e-06,7.747864142666348e-06,6.860939161831968e-06,6.090020629519566e-06,5.417999668676894e-06,4.830589492994416e-06,4.315807048757522e-06,3.863560170189843e-06,3.465316610719936e-06,3.113837093611957e-06,2.802958775264835e-06,2.52741866901298e-06,2.28270893996478e-06,2.064957766017693e-06,1.870830818786865e-06,1.697449460107556e-06,1.542322554357063e-06,1.403289422180645e-06,1.278471950192994e-06,1.166234255789036e-06,1.065148610277266e-06,9.739665652256357e-07,8.915944199292482e-07,8.170723227848048e-07,7.495564241792357e-07,6.883035995291785e-07,6.326583432130951e-07,5.820415011252154e-07,5.359405644397899e-07,4.93901292264266e-07,4.555204680500579e-07
44.5,0.01677275365934086,0.008725470150496026,0.004875493227823338,0.002887568638079573,0.001796369819858812,0.001166708591487587,0.0007873754357130896,0.0005498687325044855,0.0003958535902030182,0.0002927222503538843,0.0002216041429697034,0.0001712285405221092,0.0001346658834302855,0.0001075396420784846,8.701528749892071e-05,7.121287843213174e-05,5.885720991989411e-05,4.906465056734696e-05,4.121047662184959e-05,3.484462667298983e-05,2.96371604593208e-05,2.534228144417873e-05,2.177416980314465e-05,1.879046082028392e-05,1.628075724466236e-05,1.415851168409331e-05,1.235520194419433e-05,1.081609113016873e-05,9.497099680740717e-06,8.362468857408907e-06,7.382995275205029e-06,6.534682727479844e-06,5.797702601890375e-06,5.155585040256263e-06,4.594584413092728e-06,4.103177737447011e-06,3.671665382271143e-06,3.291851119404334e-06,2.956784191814305e-06,2.660550197787534e-06,2.398100653056362e-06,2.165113387009077e-06,1.957877661687538e-06,1.773199220979995e-06,1.608321488488034e-06,1.460859913081859e-06,1.328747067610193e-06,1.210186580285488e-06,1.103614350946781e-06,1.007665798974373e-06,9.211481236574878e-07,8.430167446487358e-07,7.723552399879333e-07,7.083582198970792e-07,6.503166722141765e-07,5.976053946706035e-07,5.496721939173216e-07,5.060285841684537e-07,4.662417618433636e-07,4.299276684617463e-07
45.5,0.01755483753618941,0.008848534829619918,0.004836798042167001,0.002825798502781293,0.001744649423248143,0.001128881907911577,0.0007606596024481115,0.0005309689075461598,0.0003822491668510367,0.0002826946261386971,0.0002140243082478274,0.0001653594584032624,0.0001300221418501895,0.0001037960593203508,8.394927356677285e-05,6.866840313894413e-05,5.672220741753262e-05,4.725670582144032e-05,3.966762481241278e-05,3.351933378472584e-05,2.849230683738801e-05,2.434842529541177e-05,2.090764260550568e-05,1.803201352092008e-05,1.561457827424949e-05,1.357150099004694e-05,1.183642480936079e-05,1.035636067308929e-05,9.088653142143797e-06,7.998713404236404e-06,7.058306139556872e-06,6.244241305035096e-06,5.537365451910131e-06,4.921777057486265e-06,4.384211102344546e-06,3.913552724100199e-06,3.500450175289818e-06,3.137004801065879e-06,2.816521203926619e-06,2.533304771861888e-06,2.282496722719912e-06,2.059939046976725e-06,1.862063414812045e-06,1.685799394908245e-06,1.528498314876651e-06,1.387869851592912e-06,1.261929028863473e-06,1.148951760275296e-06,1.047437436968162e-06,9.560773460344465e-07,8.737279323768374e-07,7.993880981224248e-07,7.32179879030625e-07,6.713319543793782e-07,6.16165541475999e-07,5.660823028084368e-07,5.205539565179702e-07,4.791133321525272e-07,4.413466557721767e-07,4.06886883184316e-07
46.5,0.0182565652971094,0.008951742744490657,0.004796797854944559,0.002767544734809872,0.001697138238812708,0.001094864142556013,0.0007371510733103519,0.0005147162928553153,0.00037082504559417,0.0002744710213789097,0.0002079474613058657,0.0001607517151348196,0.0001264442686157596,0.0001009588118049596,8.16582418365067e-05,6.678988037010696e-05,5.516200116159964e-05,4.594685700590734e-05,3.855796810044096e-05,3.257204475065514e-05,2.767831284070327e-05,2.364499562486683e-05,2.029673681846893e-05,1.749912582665002e-05,1.514791249376908e-05,1.316137004905607e-05,1.147480568169486e-05,1.003655899038385e-05,8.805046585828997e-06,7.746552673890468e-06,6.833558679473932e-06,6.043467257111652e-06,5.357618227043441e-06,4.760522945395004e-06,4.239263768400392e-06,3.783019463851474e-06,3.382687539229725e-06,3.030581748033346e-06,2.720188348236185e-06,2.445968595868276e-06,2.203197860175575e-06,1.987833922373326e-06,1.796408663575066e-06,1.625938598718916e-06,1.473850672753589e-06,1.337920476020978e-06,1.216220611199834e-06,1.107077393901789e-06,1.009034422483226e-06,9.208218319422253e-07,8.413302685915359e-07,7.695887992180294e-07,7.047461103563391e-07,6.460544675811922e-07,5.928559971315406e-07,5.44570927207452e-07,5.00687487434734e-07,4.607532150249529e-07,4.243674572406746e-07,3.911748936262508e-07
47.5,0.01886364863667768,0.009035495495151378,0.004755382069315845,0.002711446499504212,0.001651699067557598,0.00106217968255551,0.0007143294030114302,0.0004987130805593818,0.0003593865642480653,0.0002660879012574806,0.0002016404054839167,0.0001558874266836974,0.0001226087097951852,9.787620138589632e-05,7.914064883136512e-05,6.470603227394155e-05,5.341787781637169e-05,4.447347318795292e-05,3.730355807043991e-05,3.149696813324026e-05,2.675166528471774e-05,2.284230453744706e-05,1.959836017044067e-05,1.68891153495341e-05,1.461318982401443e-05,1.269111809082095e-05,1.106001097913845e-05,9.669662128903316e-06,8.479671302456543e-06,7.457293297513159e-06,6.575811475675257e-06,5.813295288430553e-06,5.151642123648778e-06,4.575831934947518e-06,4.073342707545295e-06,3.633688623409509e-06,3.248052637180928e-06,2.908992277048174e-06,2.610202661182754e-06,2.34632453039042e-06,2.112787928088661e-06,1.905684279792059e-06,1.721661226752841e-06,1.557835788326571e-06,1.411722362993603e-06,1.281172799969875e-06,1.164326334179305e-06,1.059567615605999e-06,9.654914084231695e-07,8.808728073542004e-07,8.04642034734962e-07,7.358630540862032e-07,6.737153741328659e-07,6.174785284013514e-07,5.665188054154849e-07,5.202778774729381e-07,4.782630354353041e-07,4.400387855897886e-07,4.05219604554347e-07,3.734636810757953e-07
48.5,0.01936245525075173,0.009080434169484531,0.00469780059424782,0.002647838153918708,0.001602371038968727,0.001027263114547101,0.0006901044939071625,0.000481757634085243,0.0003472607983811494,0.0002571842425718486,0.0001949243009137159,0.0001506925946122984,0.0001185003254322605,9.456472720158398e-05,7.642864752949414e-05,6.245540900131857e-05,5.152955396000931e-05,4.287460692592674e-05,3.593937312664824e-05,3.032542693264331e-05,2.573992272242344e-05,2.196429493693228e-05,1.883311868062558e-05,1.621958471013122e-05,1.402535444924565e-05,1.217336344684652e-05,1.060264119074881e-05,9.26453089666832e-06,8.119895467757912e-06,7.137027727300439e-06,6.290070158450362e-06,5.557807751212271e-06,4.922737191208434e-06,4.370342896908816e-06,3.88852941805682e-06,3.467173115798251e-06,3.09776561387539e-06,2.773128414842482e-06,2.487183109377566e-06,2.23476531314479e-06,2.011473219627946e-06,1.813543721320167e-06,1.637750611012913e-06,1.481320561983083e-06,1.341863495947025e-06,1.217314650027174e-06,1.105886199466805e-06,1.006026718984658e-06,9.163871004535799e-07,8.357918089982817e-07,7.632145694846325e-07,6.977577427628716e-07,6.386347851421254e-07,5.851552924993155e-07,5.367122176408065e-07,4.927709202992136e-07,4.52859766786724e-07,4.165620434506451e-07,3.835089867438937e-07,3.53373764561396e-07
49.5,0.01973791991044895,0.009075160408204065,0.00462212015574779,0.002577769133302235,0.001550615013777027,0.000991335130070598,0.0006653954613073744,0.0004645361513368059,0.000334973409082763,0.0002481772653103838,0.0001881416183367092,0.0001454560936680208,0.0001143677624188092,9.124149685219501e-05,7.371369281832482e-05,6.020799850524863e-05,4.964867606325216e-05,4.128600253965376e-05,3.458723033642063e-05,2.916695570755372e-05,2.47417356352622e-05,2.109993973818058e-05,1.808135918397223e-05,1.556317738586692e-05,1.345016004161636e-05,1.166768962439734e-05,1.015674769978642e-05,8.870251208904686e-06,7.770343449443363e-06,6.826367399686649e-06,6.013332993380361e-06,5.310746278145429e-06,4.701706688168132e-06,4.172205044914603e-06,3.71057330436238e-06,3.307050063697848e-06,2.95343512066706e-06,2.642813078747915e-06,2.369330878270576e-06,2.12801773271897e-06,1.914638624229548e-06,1.725574517137368e-06,1.557723963149964e-06,1.408421924771181e-06,1.275372527508613e-06,1.156593133491798e-06,1.050367658769677e-06,9.552074702423424e-07,8.698185230988087e-07,7.930736561751394e-07,7.239891662199742e-07,6.617049443662486e-07,6.054675881121233e-07,5.546160066966611e-07,5.085691222401872e-07,4.668153375431822e-07,4.289034972317649e-07,3.944351145371995e-07,3.630576733987844e-07,3.344588463647129e-07
50.5,0.01997270412231346,0.009103473531991407,0.004587077174261776,0.002537701858640538,0.00151966830465663,0.0009698598583860676,0.0006508917984143267,0.0004546677591349443,0.0003280921212249647,0.000243221057558678,0.0001844472249070009,0.0001426111649296229,0.0001121133222030623,8.941170121679966e-05,7.219957189319359e-05,5.893578711635939e-05,4.856682316918407e-05,4.03573093322747e-05,3.378402435849501e-05,2.846807469281002e-05,2.4130601656183e-05,2.056329934951782e-05,1.760843721127664e-05,1.514509265127756e-05,1.307951062104867e-05,1.133825047815284e-05,9.863244691146004e-06,8.60818840172869e-06,7.535868519818314e-06,6.616164978044368e-06,5.824538934346332e-06,5.140877927099451e-06,4.548605591619169e-06,4.033989488804421e-06,3.585598715731305e-06,3.193875773793877e-06,2.85079632308592e-06,2.549597064241123e-06,2.284556814515951e-06,2.05081940005395e-06,1.844249628998944e-06,1.66131559117477e-06,1.49899202685301e-06,1.354680646467834e-06,1.226144156439325e-06,1.111451420053848e-06,1.008931705423688e-06,9.171363809953417e-07,8.348067397802144e-07,7.608468866137705e-07,6.943008235434913e-07,6.343330284814143e-07,5.802119503867973e-07,5.312959472760655e-07,4.870212765532408e-07,4.468918146031553e-07,4.104702374843906e-07,3.773704394026393e-07,3.472510024105949e-07,3.198095610277969e-07
51.5,0.02004970042696557,0.009073571404502035,0.004540373934556176,0.002499423858147119,0.001493203845768764,0.0009526623783120429,0.0006398829510356161,0.0004475411103531172,0.0003233490227157212,0.0002399422596974832,0.0001820814538668787,0.0001408293110143432,0.0001107176232738798,8.828157648065411e-05,7.125990250007888e-05,5.813845283792994e-05,4.787994728381797e-05,3.975896250977757e-05,3.32585086434017e-05,2.80037055621971e-05,2.371836483191825e-05,2.019602228290855e-05,1.728026631371845e-05,1.48511543623605e-05,1.281568468717136e-05,1.110101300254823e-05,9.649555551315458e-06,8.415407635816363e-06,7.361692204316699e-06,6.45857465429665e-06,5.681760774632591e-06,5.011349135182231e-06,4.430946342241459e-06,3.926979222621566e-06,3.488155937002149e-06,3.105040717292544e-06,2.76971600586426e-06,2.475512342414202e-06,2.216791140716169e-06,1.988769033285772e-06,1.787375091443257e-06,1.609134199975101e-06,1.451071355648713e-06,1.31063279315632e-06,1.185620711543534e-06,1.074139044984495e-06,9.745482424683709e-07,8.854274274911412e-07,8.055426279776829e-07,7.338200184859819e-07,6.693233164462993e-07,6.11234633301132e-07,5.588382087587299e-07,5.115065587369411e-07,4.686886501986769e-07,4.298997830386322e-07,3.947129136530039e-07,3.627511993031922e-07,3.336815788348118e-07,3.072092352880048e-07
52.5,0.01995903042124397,0.009031219801505614,0.004515313810748709,0.002485576274743005,0.001487085774563953,0.0009512265558994579,0.0006409133913692653,0.0004496639656702588,0.0003258024185972991,0.0002423433056122952,0.0001842612108508706,0.0001427316700415779,0.0001123419309883216,8.965169531877582e-05,7.240826124395862e-05,5.909827199091298e-05,4.868178568276396e-05,4.042947156813779e-05,3.382026057142146e-05,2.847550094138265e-05,2.411571665047349e-05,2.053166905815012e-05,1.75646482971987e-05,1.50928282422398e-05,1.302167236042117e-05,1.127708903060162e-05,9.800481297009682e-06,8.545120711896601e-06,7.473459262915748e-06,6.555114484770384e-06,5.765343528933815e-06,5.083876433178317e-06,4.494016086290207e-06,3.981938182565488e-06,3.536142542091672e-06,3.147019990640235e-06,2.806508178699418e-06,2.507816370136476e-06,2.245204093783169e-06,2.013802139480262e-06,1.809467050896027e-06,1.628662271604321e-06,1.46836061643089e-06,1.325963894393983e-06,1.199236394762034e-06,1.086249630934617e-06,9.853362673236395e-07,8.950515686698927e-07,8.141410364930534e-07,7.415131540788575e-07,6.762163650017335e-07,6.17419572410383e-07,5.643955761526668e-07,5.165069691948239e-07,4.731940990419102e-07,4.339647681431213e-07,3.9838540280915e-07,3.660734655212253e-07,3.366909226757106e-07,3.09938610368112e-07
53.5,0.01970775072666446,0.009005414131365668,0.004523041605314827,0.002497875344693979,0.001499203103589538,0.0009621330662382308,0.0006503299539160534,0.0004575862251053288,0.0003323596616386625,0.0002477196041817859,0.000188649029650278,0.0001463083718438941,0.0001152605585604055,9.203946673156167e-05,7.436865484688268e-05,6.071442125639474e-05,5.002004941366249e-05,4.154268260708202e-05,3.475048411883982e-05,2.925628909766183e-05,2.477391096727665e-05,2.108882332709822e-05,1.80381436765266e-05,1.549674440519913e-05,1.336746759229155e-05,1.157413177606946e-05,1.005646659797201e-05,8.766397526782338e-06,7.665288728601575e-06,6.721874551709923e-06,5.910691826408608e-06,5.210880482006943e-06,4.605257883350333e-06,4.079598584197838e-06,3.62206965374015e-06,3.222784837019721e-06,2.873450213113091e-06,2.567080830852105e-06,2.297772790045631e-06,2.060518919944603e-06,1.851058950500236e-06,1.66575713215345e-06,1.501501818549602e-06,1.355622714234056e-06,1.225822400462326e-06,1.110119455613062e-06,1.00680103294843e-06,9.143831851272667e-07,8.315775599235844e-07,7.57263356057313e-07,6.90463637798643e-07,6.303252741523051e-07,5.761019022138768e-07,5.271394218334976e-07,4.828636155268418e-07,4.427695579161268e-07,4.064125362054794e-07,3.734002499147774e-07,3.433860963781719e-07,3.160633799901154e-07
54.5,0.01932675843611884,0.008938209308169989,0.004531304255560738,0.002521542655889253,0.001523024252222912,0.0009825789306179902,0.0006670281879185301,0.0004709825839903727,0.0003430474492589558,0.0002562471024080947,0.000195473119415067,0.0001517941517913795,0.0001196942956135407,9.564375694434701e-05,7.731613357500948e-05,6.313907546507116e-05,5.202616301277675e-05,4.321175742835756e-05,3.614653433145416e-05,3.042986973798137e-05,2.576517823427167e-05,2.192986120893327e-05,1.875473715607866e-05,1.61097357823665e-05,1.38937985302631e-05,1.20276478787322e-05,1.044854194537583e-05,9.106422138123653e-06,7.961051174175803e-06,6.979863953017867e-06,6.136337550886735e-06,5.408743420316894e-06,4.779183896327052e-06,4.232842231391177e-06,3.757394451485477e-06,3.342544883683244e-06,2.979656946909096e-06,2.661457866281858e-06,2.381801149716324e-06,2.135474492739553e-06,1.91804363016823e-06,1.725724796506245e-06,1.555280079198516e-06,1.403931185529922e-06,1.269288092945194e-06,1.14928978539283e-06,1.042154847572038e-06,9.46340133683377e-07,8.605060765632041e-07,7.834874787990919e-07,7.142688461278126e-07,6.519634977027161e-07,5.957958273219988e-07,5.450862018504881e-07,4.992380735820114e-07,4.577269566369953e-07,4.200909771531478e-07,3.859227557380043e-07,3.548624205633024e-07,3.265915822950363e-07
55.5,0.01886801129123632,0.008871390176926923,0.004563533399406817,0.002570229844800122,0.00156707330081867,0.001018210970089823,0.0006949335504138946,0.0004926931924529245,0.0003599903955235681,0.0002695596289156616,0.0002060185840501175,0.0001602185090124562,0.0001264802020474524,0.0001011534193561061,8.18232283626662e-05,6.685202339290884e-05,5.51050053473106e-05,4.578040979705248e-05,3.830172645746417e-05,3.224770883624886e-05,2.730600219751197e-05,2.324185420253254e-05,1.987664386184376e-05,1.707291462959834e-05,1.472378668892372e-05,1.274536300210591e-05,1.107121167911007e-05,9.648308126855114e-06,8.434016829798176e-06,7.393822606385959e-06,6.499608399388967e-06,5.72833593099199e-06,5.06102633994388e-06,4.481966319620519e-06,3.97808527965008e-06,3.538463296738862e-06,3.153939866957315e-06,2.816800916038969e-06,2.520526983139381e-06,2.259589531858759e-06,2.029285354722179e-06,1.825601302065319e-06,1.645103281580711e-06,1.484844783033135e-06,1.342291187042369e-06,1.215256892748562e-06,1.101852902131519e-06,1.00044296992814e-06,9.096067982415247e-07,8.281090471916619e-07,7.548731648257078e-07,6.889592243117489e-07,6.295451043864162e-07,5.759104679680479e-07,5.274230898601874e-07,4.835271622800267e-07,4.437332702439433e-07,4.076097805234531e-07,3.747754302316727e-07,3.448929359182252e-07
56.5,0.01839174005582403,0.00883475389866618,0.004629383797316028,0.002645827331331632,0.001630735766014384,0.001067754241095418,0.0007327033426626716,0.0005214799733348567,0.0003820927252951868,0.0002867005548213405,0.0002194539440191582,0.0001708595255978543,0.0001349913887725717,0.0001080237180537195,8.741614098108014e-05,7.14406968332234e-05,5.889686046652959e-05,4.893455911226558e-05,4.094140648938358e-05,3.44692424898976e-05,2.918532481996381e-05,2.483931280192906e-05,2.124056050128627e-05,1.824225689164062e-05,1.573018689400493e-05,1.361465810336944e-05,1.182462724455187e-05,1.03033757848686e-05,9.005290466462231e-06,7.893441408488734e-06,6.937742460222654e-06,6.113541153497133e-06,5.40052880063975e-06,4.781891412157639e-06,4.243643358101595e-06,3.774100845926143e-06,3.36346319788713e-06,3.003477844955527e-06,2.687170776957923e-06,2.408628499214008e-06,2.162820763324684e-06,1.945455759881315e-06,1.752861294642557e-06,1.581886868848139e-06,1.429822658821798e-06,1.294332220292878e-06,1.173396388200413e-06,1.065266347118125e-06,9.684242437249e-07,8.815500256717704e-07,8.034934394833513e-07,7.332503180353117e-07,6.699424465873255e-07,6.128004237294639e-07,5.611490364243619e-07,5.143947516566557e-07,4.720149949873989e-07,4.335489416556553e-07,3.985895912163016e-07,3.667769339859103e-07
57.5,0.017951447200113,0.008854598797307245,0.004747978341874724,0.002763235886815951,0.001725613094574324,0.001140239617663834,0.0007874112020847048,0.0005629370771444457,0.0004138256725380098,0.0003112806999348749,0.0002387231868293552,0.0001861383865062257,0.0001472346574447738,0.0001179296930352822,9.550186577348859e-05,7.809373006326971e-05,6.441114517760948e-05,5.353553057653984e-05,4.480377055697589e-05,3.772971343449074e-05,3.195185839747237e-05,2.719787440781148e-05,2.326014005161339e-05,1.99786227984449e-05,1.72287235600412e-05,1.49125304674626e-05,1.29524463680925e-05,1.128649103803234e-05,9.864799799009757e-06,8.646986981966253e-06,7.600141556064892e-06,6.697289704908216e-06,5.916205720251587e-06,5.238485130541747e-06,4.648816971973232e-06,4.134408521784548e-06,3.684527647793231e-06,3.29013654339002e-06,2.943596946024755e-06,2.638431626429611e-06,2.369130438486142e-06,2.130991856115362e-06,1.919992922474076e-06,1.732682062658977e-06,1.56609038352857e-06,1.417657990578966e-06,1.285172556515846e-06,1.166717927126615e-06,1.06063098307558e-06,9.654653182690286e-07,8.799605668766298e-07,8.0301642750054e-07,7.336706062675915e-07,6.710800399589798e-07,6.145048727894579e-07,5.632947516300734e-07,5.168770786526407e-07,4.747469209500075e-07,4.364583263249141e-07,4.01616835256125e-07
58.5,0.01758441190604301,0.008909264643863862,0.004896418228508638,0.002904282874305468,0.001837825324628787,0.001225055781471796,0.0008508652606588517,0.0006106672277413515,0.0004501365198991329,0.0003392667322959937,0.0002605749741761454,0.0002034103666790507,0.0001610407960509951,0.0001290785414370473,0.0001045882931770118,8.556127442819366e-05,7.059474491186775e-05,5.869114984122097e-05,4.912920152323587e-05,4.137937368077902e-05,3.50474511571443e-05,2.98361624333657e-05,2.551868060590902e-05,2.192004505092849e-05,1.890395189885797e-05,1.636323714117175e-05,1.421293478127154e-05,1.23851542704513e-05,1.082525924320361e-05,9.488987962138416e-06,8.340262782085307e-06,7.349508991993416e-06,6.492353910318216e-06,5.748612446385896e-06,5.101490330137731e-06,4.536954070705589e-06,4.043229593265728e-06,3.610400894486721e-06,3.230086960614593e-06,2.895180310794906e-06,2.599634353830655e-06,2.338289627617403e-06,2.106731175832526e-06,1.901170985371314e-06,1.718350690766243e-06,1.555460743764825e-06,1.410073017737833e-06,1.280084419924355e-06,1.163669558809693e-06,1.059240888631188e-06,9.654150504334995e-07,8.809843662572149e-07,8.048926329786876e-07,7.362145150670699e-07,6.741379588635402e-07,6.179491509680999e-07,5.670196246701801e-07,5.207951847933464e-07,4.787863757683975e-07,4.405602625197364e-07
59.5,0.01731109279462252,0.009052784150603883,0.005115789105352262,0.003098364547735895,0.001988776958262299,0.001338129209580516,0.000935126370289223,0.000673936843529494,0.0004982347663275336,0.0003763320200184825,0.0002895209332317753,0.0002262982883111312,0.0001793452229590655,0.00014386856971697,0.0001166499766448304,9.548051671188376e-05,7.881396552306431e-05,6.554849739994045e-05,5.488605012246196e-05,4.623986171975025e-05,3.917254694351407e-05,3.335391641656729e-05,2.853178679360874e-05,2.451148028172766e-05,2.114122584944573e-05,1.830162693872209e-05,1.589796957957169e-05,1.385454022693222e-05,1.211038301762221e-05,1.061609992614075e-05,9.331414784131454e-06,8.223302540358423e-06,7.26454082882628e-06,6.432579920954809e-06,5.708654757915095e-06,5.07708251888772e-06,4.524703456838142e-06,4.040433144168556e-06,3.614901930372844e-06,3.240163097101159e-06,2.909455446523243e-06,2.617009261806038e-06,2.35788700931367e-06,2.127852009403135e-06,1.923259730820631e-06,1.740967468505902e-06,1.578259024195408e-06,1.43278168165462e-06,1.302493297139185e-06,1.18561774353627e-06,1.080607278398873e-06,9.861106706861102e-07,9.009461329742926e-07,8.240782763916569e-07,7.545984432174422e-07,6.91707883716201e-07,6.347033346221552e-07,5.829646308855119e-07,5.359440431068219e-07,4.931570831006814e-07
60.5,0.01714044418366636,0.009271730375846186,0.005396892708437765,0.003339581381064777,0.002174420370985864,0.001476496766990223,0.001037926526646295,0.0007509638545219605,0.0005567002129332162,0.0004213361286704256,0.0003246410558456248,0.0002540573257918201,0.000201542888155965,0.0001618065099860391,0.0001312832315113325,0.000107519742490895,8.879508508527423e-05,7.388074195646861e-05,6.188554361371584e-05,5.215342011513695e-05,4.419476979931447e-05,3.763961956576424e-05,3.220515690494398e-05,2.767289353084637e-05,2.387238183439625e-05,2.066945337109085e-05,1.795762025667427e-05,1.565171723608884e-05,1.368315037558141e-05,1.19963109687829e-05,1.054584367075627e-05,9.294547258090628e-06,8.211748392463686e-06,7.272032226315747e-06,6.45424449371658e-06,5.740701787691512e-06,5.116562675288188e-06,4.569323942368036e-06,4.088414830874508e-06,3.664868494653335e-06,3.291054661792155e-06,2.960461081682064e-06,2.667514061083741e-06,2.407430477308949e-06,2.176095259643218e-06,1.969959570706102e-06,1.785955885006194e-06,1.621426917542235e-06,1.474065949642406e-06,1.341866569037497e-06,1.223080214273819e-06,1.116180211226049e-06,1.019831227956035e-06,9.328632660385797e-07,8.542494614687515e-07,7.830870939517516e-07,7.185813056794035e-07,6.600311142692853e-07,6.068173730529333e-07,5.583923882541338e-07
61.5,0.01707549317956241,0.009608396051715585,0.005765463058656991,0.00364268183138034,0.002404048666396723,0.001646609330608025,0.001164032471824773,0.0008453907572287558,0.000628364958386773,0.0004765028967744789,0.0003676936113583124,0.0002880858453518782,0.0002287522317434992,0.0001837919979925956,0.0001492158325536005,0.0001222710497176944,0.0001010225168592515,8.40863554470574e-05,7.045717994740556e-05,5.93938798258452e-05,5.034277552470018e-05,4.288507011660691e-05,3.67003620355119e-05,3.154094330857835e-05,2.721344861158549e-05,2.356558497611021e-05,2.047642007488413e-05,1.784919462257578e-05,1.560594665525832e-05,1.368345120076157e-05,1.203012513674916e-05,1.060364742328501e-05,9.369114593131875e-06,8.297600310425656e-06,7.365022522480944e-06,6.551246610311661e-06,5.839370949624276e-06,5.21515444541394e-06,4.666555293043059e-06,4.183357417313802e-06,3.756866431108753e-06,3.379661021134323e-06,3.045388757065464e-06,2.748597682478771e-06,2.484596863752724e-06,2.249340480411468e-06,2.039331136083452e-06,1.851538926941482e-06,1.683333479335907e-06,1.532426701914053e-06,1.396824421385611e-06,1.274785409317991e-06,1.164786578396237e-06,1.065493344701605e-06,9.757343287907106e-07,8.944797112890232e-07,8.208226750725796e-07,7.539634611830685e-07,6.93195643570876e-07,6.378942918892636e-07
62.5,0.01711510641616642,0.01007555395949867,0.0062302042360859,0.004014064012546755,0.002683290880958554,0.001853693125501164,0.001318237276337587,0.0009615072894845894,0.000716990885315464,0.0005450854225847791,0.0004214673608662713,0.0003307630391909236,0.0002629987085598007,0.0002115488351992888,0.0001719162216335164,0.0001409875240489546,0.0001165679820408423,9.708429416054653e-05,8.139108203063494e-05,6.864250435210284e-05,5.820562844592276e-05,4.960103863480037e-05,4.246150284960623e-05,3.650279746817588e-05,3.150283795485689e-05,2.728656235949242e-05,2.37148519651106e-05,2.067632050133792e-05,1.808116575464079e-05,1.585652059249636e-05,1.394290563771286e-05,1.229149942331364e-05,1.086202085687798e-05,9.621074368024598e-06,8.540847578954456e-06,7.598079662418114e-06,6.77323907478384e-06,6.049864358487387e-06,5.414032776133601e-06,4.853929768789175e-06,4.359498398834086e-06,3.922152594084005e-06,3.534541549731755e-06,3.190355353510187e-06,2.884163985421865e-06,2.611283459201428e-06,2.367664131390894e-06,2.149797189699651e-06,1.954636108310593e-06,1.77953047161132e-06,1.622170055630879e-06,1.480537445851258e-06,1.352867782227867e-06,1.237614473543798e-06,1.133419926315472e-06,1.039090498239146e-06,9.53575020346594e-07,8.75946341698718e-07,8.053854403811002e-07,7.411677185735259e-07
63.5,0.01725199757900279,0.01065245386353594,0.006760883382162824,0.004427218267245155,0.002991970279723059,0.002082999804731266,0.001489797304469556,0.001091397273553889,0.0008166455370427947,0.0006225564790292355,0.0004824470417649939,0.0003793162571721258,0.0003020649999384019,0.0002432824054844486,0.0001979167342942895,0.0001624580161969594,0.0001344241152807841,0.0001120308652991242,9.397627879213206e-05,7.929685726900931e-05,6.727031221324739e-05,5.734867237347219e-05,4.911160542247969e-05,4.223339100309166e-05,3.645924534181658e-05,3.158813924636878e-05,2.74601832367762e-05,2.39472644537954e-05,2.09460257902181e-05,1.837255070366346e-05,1.615830310017112e-05,1.424699979535427e-05,1.259218233942227e-05,1.115531788248057e-05,9.904303517501439e-06,8.812280712366109e-06,7.856689787743476e-06,7.018511489463212e-06,6.281655324679083e-06,5.632463725891261e-06,5.059308154214156e-06,4.552258578278727e-06,4.102811816589601e-06,3.703667333807027e-06,3.348541472236691e-06,3.032012952954988e-06,2.749393925425857e-06,2.496621976313939e-06,2.270169399609162e-06,2.066966735625679e-06,1.884338147305304e-06,1.719946650154701e-06,1.571747571357492e-06,1.437948902872351e-06,1.316977447198265e-06,1.20744984429304e-06,1.108147722744893e-06,1.017996344696558e-06,9.360462177151601e-07,8.614572321549452e-07
64.5,0.017471014747522,0.0112397309549613,0.007296662399314763,0.004847805908886091,0.003309345771813369,0.002320863336155814,0.001669054964876345,0.001227900162958801,0.0009218507291122777,0.0007046362092854432,0.0005472384380012652,0.0004310220459650399,0.0003437444335262004,0.0002771893714893908,0.0002257321879250542,0.0001854506452142307,0.0001535624080386101,0.0001280621226527173,0.000107482955655478,9.073720056322801e-05,7.700800347187239e-05,6.567468670384729e-05,5.626050001870231e-05,4.839556438101696e-05,4.179025180974424e-05,3.621582970813606e-05,3.149022614533178e-05,2.746744859473396e-05,2.402963899885242e-05,2.108105182212524e-05,1.854344914435799e-05,1.635255006760044e-05,1.44552717142594e-05,1.280756966881859e-05,1.137273602972513e-05,1.012004945855379e-05,9.023697931360273e-06,8.061914189413756e-06,7.216278148148443e-06,6.47115115053454e-06,5.813214930534431e-06,5.231094186859034e-06,4.715046262145709e-06,4.256704944081316e-06,3.848868120293564e-06,3.485321124783727e-06,3.160689256082267e-06,2.870314234971206e-06,2.610150384237677e-06,2.376677116244054e-06,2.166824953054011e-06,1.97791281431686e-06,1.807594717654355e-06,1.653814366212397e-06,1.514766364863604e-06,1.388863023165906e-06,1.27470587969253e-06,1.17106122669139e-06,1.076839032478499e-06,9.910747564933434e-07
65.5,0.01775122629687139,0.0117988228775553,0.007820445897202533,0.005271360006373004,0.003636213061538056,0.00256983884020582,0.001858884359477559,0.001373678306809539,0.001034901220795787,0.000793241768532416,0.0006174217503881137,0.0004871766160387931,0.0003890999858916419,0.00031414335200726,0.0002560830958145873,0.000210562138858026,0.0001744792865672232,0.000145592935865991,0.0001222593894645513,0.0001032571899653426,8.766734755042945e-05,7.479046382182098e-05,6.408857903607118e-05,5.514382381122261e-05,4.76286489441749e-05,4.128413631910262e-05,3.59040200830266e-05,3.132279043754263e-05,2.740674906654476e-05,2.40472212154865e-05,2.115535941473609e-05,1.865813303447911e-05,1.649520925744229e-05,1.461650982426214e-05,1.298028416119941e-05,1.155158006164507e-05,1.030102260745744e-05,9.203833680075666e-06,8.239040445111715e-06,7.388833154791048e-06,6.63804160189743e-06,5.973706363117895e-06,5.384726154822279e-06,4.861566600971402e-06,4.396018781247153e-06,3.980998308775903e-06,3.610377545002514e-06,3.278845016868235e-06,2.981787250521833e-06,2.715189145977304e-06,2.475549741385803e-06,2.2598107944244e-06,2.065296072870832e-06,1.889659620806234e-06,1.730841569762364e-06,1.587030310091788e-06,1.456630038317234e-06,1.338232860203575e-06,1.230594763897606e-06,1.132614888333247e-06
66.5,0.01807082623205449,0.01227347778463601,0.008287207967873479,0.005666142864594007,0.003950551435589035,0.002814489149816803,0.002048282249239841,0.001520750981688266,0.001149911469117224,0.00088396550321173,0.0006896494714855774,0.0005452050307386013,0.0004361280008737514,0.0003525688348484988,0.000287718790994098,0.0002367910958306646,0.0001963666085862772,0.0001639664275616305,0.0001377681354309619,0.0001164144392670849,9.888217851643105e-05,8.439137161037286e-05,7.234120213185019e-05,6.226438188063128e-05,5.379421578303672e-05,4.664055725885648e-05,4.057206153848897e-05,3.540295182484179e-05,3.09830546299352e-05,2.719022801696237e-05,2.392455864515457e-05,2.110387850423837e-05,1.866027495161253e-05,1.653735461946219e-05,1.468808397361728e-05,1.307307423913919e-05,1.165921115202928e-05,1.041855406365523e-05,9.327446758867188e-06,8.365795667506303e-06,7.516481169156659e-06,6.764875282553435e-06,6.098444821084503e-06,5.506423539841717e-06,4.979540231147707e-06,4.509792390282296e-06,4.09025715382778e-06,3.714932846111133e-06,3.378605757298884e-06,3.076737797488902e-06,2.805371483781993e-06,2.561049367069929e-06,2.340745526974423e-06,2.141807183945453e-06,1.961904817903886e-06,1.798989459326123e-06,1.651256044121908e-06,1.517111908131464e-06,1.395149648531998e-06,1.284123704218704e-06
67.5,0.0184089032152482,0.01271724749026507,0.008735185941931978,0.006057872776788784,0.004271166559619564,0.003069480332765941,0.00224906556641323,0.001678778019651044,0.00127483101422986,0.0009833756057065872,0.0007693664701360961,0.0006096360128203095,0.0004886084868759514,0.0003956325579499012,0.0003233023077095053,0.0002663855258375062,0.0002211292315236562,0.0001848026803528369,0.0001553920507011091,0.0001313934356461739,0.0001116704772259202,9.535511154828505e-05,8.177746064625541e-05,7.04156914717444e-05,6.085972797312518e-05,5.278469203324456e-05,4.593125699742634e-05,4.009096781052106e-05,3.5095167736086e-05,3.080657068120075e-05,2.711279293715176e-05,2.392134939890016e-05,2.115575381995958e-05,1.875245818406366e-05,1.665843477389529e-05,1.48292540892368e-05,1.322754795850213e-05,1.182177383328295e-05,1.058521603097132e-05,9.495174479606762e-06,8.532302659777571e-06,7.680064888904701e-06,6.924289545379473e-06,6.252799787208959e-06,5.655107151083051e-06,5.122156395598408e-06,4.646112279333639e-06,4.220180792168861e-06,3.838458800841819e-06,3.495807213720736e-06,3.187743681045196e-06,2.910351575921678e-06,2.660202587031816e-06,2.434290726401661e-06,2.229975938078691e-06,2.044935804439142e-06,1.877124100431949e-06,1.724735153645364e-06,1.586173138585783e-06,1.460025574072293e-06
68.5,0.01873800969977968,0.01312703339271199,0.009160366415074103,0.006440086890783694,0.004590630420102753,0.003327447950268475,0.002454416926984494,0.001841668541773188,0.001404326402504685,0.001086857739768099,0.0008526095455517661,0.0006770799667493971,0.00054364863206895,0.0004408673548334806,0.0003607287373065845,0.0002975476212294434,0.000247229174613243,0.0002067834125633407,0.0001739986954691534,0.000147219114217548,0.0001251906595608044,0.0001069535328322259,9.17658087175182e-05,7.904866918761756e-05,6.834666009109233e-05,5.929853308953156e-05,5.161563080875867e-05,4.506570578031717e-05,3.946069432502242e-05,3.464739754811424e-05,3.050031938634391e-05,2.691611950342805e-05,2.380928538346919e-05,2.110873230746381e-05,1.875511487389586e-05,1.669868808792472e-05,1.489759580229154e-05,1.331649361098512e-05,1.192543508652068e-05,1.069896656847439e-05,9.615388017072091e-06,8.656146790360022e-06,7.805338345546952e-06,7.04929335742493e-06,6.376234995248586e-06,5.775993404161042e-06,5.239767021552884e-06,4.759922389955409e-06,4.329825732332373e-06,3.943700828587164e-06,3.596508746678774e-06,3.28384579385471e-06,3.001856706253716e-06,2.747160621873946e-06,2.516787808605845e-06,2.308125465984307e-06,2.118871202446789e-06,1.946993021744297e-06,1.79069484267258e-06,1.648386733358491e-06
69.5,0.01901261532691582,0.01347988150277309,0.009542605105228502,0.006796660036745139,0.004897581827685548,0.003581088120621734,0.002659975263188071,0.002007019792497697,0.001537230669396863,0.001193994183818066,0.0009393974596896535,0.0007477967684959613,0.0006016299626881561,0.000488704853671644,0.0004004380693963919,0.0003307023386128287,0.0002750641413788245,0.0002302735705210607,0.0001939187113139274,0.0001641885205883002,0.0001397080992448325,0.0001194228456971595,0.0001025160095802887,8.834933761832096e-05,7.641986958808413e-05,6.632815635750949e-05,5.775464408059087e-05,5.044195798942334e-05,4.418149123349043e-05,3.880316545326154e-05,3.416754959378823e-05,3.015974744248879e-05,2.668462275982387e-05,2.366304392781044e-05,2.102891147719293e-05,1.872679102851451e-05,1.6710017543651e-05,1.493916881544607e-05,1.33808299677143e-05,1.200658861961035e-05,1.07922138729401e-05,9.716982548404823e-06,8.763123952939305e-06,7.915360508110162e-06,7.160526252232383e-06,6.487248874607862e-06,5.885683793664603e-06,5.347291035231398e-06,4.864647441158981e-06,4.431288147081663e-06,4.041572391515002e-06,3.690569618257544e-06,3.373962557682036e-06,3.087964556756771e-06,2.829248901177876e-06,2.59488825822329e-06,2.382302683455037e-06,2.189214892074299e-06,2.013611707560954e-06,1.853710774935969e-06
70.5,0.01916570058304152,0.0137376048190472,0.009861346129426546,0.007116595060922838,0.005186478588292624,0.003828032208186628,0.002865183083698114,0.002175260137478499,0.001674465568280247,0.001305914000881581,0.001030906211060708,0.0008229239103758346,0.0006636097175749442,0.0005401051509232025,0.000443290058993575,0.0003666130600031577,0.0003053085295223249,0.0002558672688195503,0.0002156747951625869,0.0001827613710120807,0.0001556272649960061,0.0001331192026181874,0.0001143420267843841,9.859484133829258e-05,8.532436314646961e-05,7.409049829412022e-05,6.454069168903735e-05,5.639063670063662e-05,4.940963998239297e-05,4.340942531688891e-05,3.823550065884048e-05,3.376045182817617e-05,2.98786960983071e-05,2.650235050452839e-05,2.355795752042189e-05,2.098387472857783e-05,1.872818210198743e-05,1.674699529704362e-05,1.50030993030661e-05,1.346483628338892e-05,1.21051961858788e-05,1.090106992608184e-05,9.832633546941825e-06,8.882838388296926e-06,8.036987438198244e-06,7.282382043266867e-06,6.60802629312231e-06,6.004378864411784e-06,5.463144064310568e-06,4.977095366432599e-06,4.539925971682505e-06,4.146121920139182e-06,3.79085407965581e-06,3.469885982885786e-06,3.179495008376698e-06,2.916404827853296e-06,2.677727390202583e-06,2.46091299826288e-06,2.263707269413115e-06,2.084113964787741e-06
71.5,0.01911603038608546,0.01388365619812428,0.01011134723442855,0.007397553424304419,0.005456358665015659,0.004068231564924834,0.003070596221725306,0.002347299581447129,0.001817109668946683,0.001423740939086421,0.001128230482016594,0.0009034869595766265,0.0007305261469938928,0.0005959140348809591,0.0004900401914901454,0.0004059508697110838,0.0003385565547927971,0.0002840898163507679,0.0002397310910000599,0.0002033478441539705,0.0001733108924480201,0.0001483637107220852,0.0001275284706285329,0.0001100377944782615,9.52846909293811e-05,8.278547321655278e-05,7.215203768693172e-05,6.307095522549947e-05,5.528756720024289e-05,4.859379031066678e-05,4.281869368080226e-05,3.782116507795056e-05,3.348416379851011e-05,2.971018760381946e-05,2.64176751930599e-05,2.353813446110419e-05,2.10138374294737e-05,1.879596031804412e-05,1.684307531683373e-05,1.51199217641713e-05,1.359640046376437e-05,1.224674709678447e-05,1.104885006559694e-05,9.983685346662667e-06,9.034846550734982e-06,8.188152774655836e-06,7.431320269409034e-06,6.753686660758707e-06,6.145978606135493e-06,5.600115479522726e-06,5.109043040662264e-06,4.666592139574298e-06,4.267358389078792e-06,3.906599450916429e-06,3.580147159675461e-06,3.284332180050276e-06,3.015919278242384e-06,2.77205160435174e-06,2.550202642707153e-06,2.348134701843055e-06
72.5,0.01878795559797905,0.01386632164531553,0.01025699385772261,0.007613147085174322,0.005687204542823586,0.004286527434747469,0.003264796138722196,0.00251454814502108,0.001958676271943596,0.001542537723386262,0.00122757229306779,0.0009865289893397266,0.0008000482046811643,0.0006542711687801876,0.0005391864036991259,0.0004474898321843793,0.0003737977620385363,0.0003141009360383797,0.0002653832429342412,0.0002253532809645836,0.0001922537029835109,0.0001647245522943974,0.0001417043762151409,0.0001223580001069349,0.0001060232834943305,9.21715130785237e-05,8.03776807012387e-05,7.029799018985656e-05,6.165269660933774e-05,5.421291218208792e-05,4.779038700334663e-05,4.22295382128639e-05,3.740119142304881e-05,3.319763546109029e-05,2.952869135502711e-05,2.631856972937579e-05,2.350334488512929e-05,2.102891410949097e-05,1.884934094354556e-05,1.692550391181534e-05,1.52239895161041e-05,1.371618151646934e-05,1.237750868634388e-05,1.118682108795214e-05,1.012587102418604e-05,9.178879598128755e-06,8.332173561800038e-06,7.573880095436165e-06,6.89366950514029e-06,6.282537695322806e-06,5.732621766678224e-06,5.237043290383337e-06,4.789774776570648e-06,4.385525638002947e-06,4.019644585793993e-06,3.688035912437111e-06,3.387087541510392e-06,3.113609071562622e-06,2.86477832840186e-06,2.638095176902569e-06
73.5,0.01813589978675852,0.01370992194452898,0.01033014017469552,0.00779029831220921,0.005900177940012021,0.004499581618231458,0.003461153692291403,0.002687939731922695,0.002108234920943584,0.001669902532812333,0.001335341394368432,0.001077484855721591,0.0008768029427596462,0.0007191297475874947,0.0005941170447927046,0.0004941430010004217,0.0004135439190843074,0.0003480725410475483,0.0002945144769037107,0.0002504149703804185,0.000213882870892583,0.0001834488903994528,0.0001579622649871776,0.0001365147787810157,0.0001183844316422531,0.0001029933216233592,8.987589695612647e-05,7.86548339451944e-05,6.90225681511543e-05,6.072704956023935e-05,5.356067804162093e-05,4.735165108574313e-05,4.195715439953918e-05,3.725797004392007e-05,3.31541821537306e-05,2.956173786501162e-05,2.640967861691283e-05,2.363789997013108e-05,2.119533039473734e-05,1.903844393181945e-05,1.713004025322032e-05,1.543823990806483e-05,1.393565353568353e-05,1.259869234010555e-05,1.140699375402723e-05,1.034294141265745e-05,9.391262642671451e-06,8.538689900013379e-06,7.773675153482387e-06,7.086148254844883e-06,6.467311972696038e-06,5.909467682916944e-06,5.405866770382946e-06,4.950583656782803e-06,4.538407068845815e-06,4.164746732017957e-06,3.825553141971189e-06,3.517248450293557e-06,3.236666817198869e-06,2.981002845799902e-06
74.5,0.01717017901562169,0.0133180467676012,0.01024429413531,0.007862564258204035,0.006045798915453501,0.004670916269501978,0.003632868093425298,0.00284776505905172,0.002251227333018747,0.001795005431111075,0.001443408929702507,0.001170191170674223,0.0009560671426296262,0.000786831041823745,0.0006519679337527344,0.0005436454254665083,0.0004559867745148348,0.0003845480799186391,0.0003259418151554796,0.0002775647841764059,0.000237400529941305,0.0002038749326306203,0.0001757499552969431,0.000152044891066578,0.0001319775575696313,0.0001149200556538665,0.0001003652365620658,8.79010991309408e-05,7.71911019785947e-05,6.795891942469547e-05,5.997655949068604e-05,5.305504321890619e-05,4.703704838548431e-05,4.179106958701675e-05,3.720675618912165e-05,3.319117069860211e-05,2.966577054022812e-05,2.656396153806644e-05,2.382910560896095e-05,2.141289115514575e-05,1.927399449064678e-05,1.737697588635439e-05,1.569136560115031e-05,1.419090441818395e-05,1.285291035005278e-05,1.165774878182802e-05,1.058838773906872e-05,9.6300234663875e-06,8.769764284386086e-06,7.996362914830628e-06,7.299989245828889e-06,6.672036943343782e-06,6.104958474750294e-06,5.592124050591828e-06,5.127700756309827e-06,4.706548771195315e-06,4.324132084539292e-06,3.976441540658431e-06,3.659928392424039e-06,3.371446830922594e-06
75.5,0.01594295706066051,0.01269903516112688,0.009994839006054088,0.007821739227420467,0.006115354639977837,0.004792538452440174,0.003773141257714378,0.00298850654590735,0.002383306891966495,0.00191448501497799,0.001549202831534384,0.001262689863071482,0.001036352097085294,0.0008562417767896812,0.0007118738609491844,0.0005953339827808308,0.0005006158599535464,0.00042313281417686,0.0003593586595013227,0.0003065635978649577,0.0002626194868448496,0.0002258556704993641,0.0001949516974571468,0.0001688570244181461,0.0001467305422313215,0.0001278947359202751,0.0001118007088949654,9.80013211825618e-05,8.613042549004187e-05,7.588671494439684e-05,6.702108069002792e-05,5.932665755014712e-05,5.263094106905335e-05,4.67895103322498e-05,4.168100289108559e-05,3.720307153352159e-05,3.32691151758641e-05,2.980562330559911e-05,2.675000917102921e-05,2.40488341946406e-05,2.165634701206587e-05,1.953327667454213e-05,1.764583206078024e-05,1.596486928874717e-05,1.446519654650286e-05,1.312499176142782e-05,1.192531326794177e-05,1.084968739588865e-05,9.883759899828705e-06,9.015000548465561e-06,8.232452120671664e-06,7.526516608780981e-06,6.888772687880154e-06,6.311819531874559e-06,5.789142890346519e-06,5.315000021873354e-06,4.884320638979946e-06,4.492621480648194e-06,4.135932508929178e-06,3.810733041608216e-06
76.5,0.01447958464847929,0.01190306754642508,0.009608102500749413,0.007680374517069734,0.006114906396902415,0.00486764056189724,0.003884053041141993,0.003111945835731033,0.002506285436953342,0.002030271304214487,0.001654752982336799,0.001357055904735378,0.001119719799768927,0.0009293629755877301,0.0007757404743263125,0.0006509972690980737,0.0005490913577865303,0.0004653548241909368,0.0003961626479703703,0.0003386837640655841,0.0002906940778622218,0.000250435813082933,0.0002165113983498298,0.0001878030897418176,0.0001634117994426703,0.0001426102989980904,0.0001248072227668744,0.0001095192228396755,9.634930701250932e-05,8.49698914773047e-05,7.510946812063411e-05,6.654205824302047e-05,5.907882605143796e-05,5.256137528843268e-05,4.68563645367921e-05,4.185116103360814e-05,3.745031649247456e-05,3.35726967635659e-05,3.014913404067999e-05,2.712049860925155e-05,2.443610893202011e-05,2.20524157580208e-05,1.993190908633504e-05,1.804220709622784e-05,1.635529423121082e-05,1.484688199691507e-05,1.349587108237143e-05,1.228389743256499e-05,1.119494811056023e-05,1.021503536256528e-05,9.331919372641023e-06,8.534871869328942e-06,7.814474105478138e-06,7.162443838695092e-06,6.571486843262758e-06,6.035169224705291e-06,5.547807416839122e-06,5.104373243160172e-06,4.700411839746639e-06,4.331970581510883e-06
77.5,0.0127858369761238,0.0108537874774055,0.009012351123065417,0.007380038420410939,0.005997959363231701,0.004859423178894959,0.003936557402362135,0.003195204304503043,0.002602161061136961,0.002128194027985007,0.001748883706790369,0.001444446187244929,0.001199141889142307,0.001000579334999877,0.0008390555316506787,0.0007069874228168042,0.0005984460074567668,0.0005087856696180019,0.000434354412024099,0.000372269658127086,0.0003202457402561127,0.0002764614572388863,0.0002394583925146901,0.0002080627215650562,0.0001813249164597903,0.0001584730858231035,0.0001388767186097653,0.0001220183863410203,0.0001074715535561213,9.488309459396506e-05,8.395945196297512e-05,7.445562506086738e-05,6.616636887013298e-05,5.891912628948947e-05,5.256832678495198e-05,4.699076685875221e-05,4.208185098547295e-05,3.775252002024273e-05,3.392673126839221e-05,3.053938312464146e-05,2.753459946705863e-05,2.486430634671646e-05,2.248704709364898e-05,2.036699262994583e-05,1.847311219983478e-05,1.677847639640634e-05,1.525966966969859e-05,1.389629373684398e-05,1.267054671017558e-05,1.156686549058753e-05,1.05716211787951e-05,9.672859044070607e-06,8.860076042953245e-06,8.124030065780358e-06,7.45657605915297e-06,6.850524969230648e-06,6.299522107144513e-06,5.797942080230359e-06,5.340797882362693e-06,4.923662110398433e-06
78.5,0.01089755166417989,0.009624575540982899,0.008254971542811563,0.006945389713452066,0.005775375006968063,0.004771315131002372,0.003930463451916235,0.00323660056089457,0.002668877327536806,0.002206353641898418,0.001830063363842342,0.001523742089313158,0.001273880172488502,0.001069470646543424,0.0009016488549961991,0.0007633220095073287,0.0006488326476329808,0.0005536714483840751,0.0004742408148591743,0.0004076644346412515,0.0003516359006090776,0.0003042993232148136,0.0002641555698119043,0.0002299887544349631,0.0002008085986636172,0.0001758051747732529,0.0001543132898110064,0.0001357843745029922,0.0001197642204356906,0.0001058752837278446,9.380256385730012e-05,8.328229031096669e-05,7.409282207105498e-05,6.604729746469469e-05,5.898767385636374e-05,5.27798752237395e-05,4.730982632948638e-05,4.248019918529992e-05,3.820773400009628e-05,3.442102524675444e-05,3.105868572518932e-05,2.806781895697942e-05,2.540274399764991e-05,2.302392762343141e-05,2.089708747435434e-05,1.899243660352361e-05,1.728404537084099e-05,1.574930102090677e-05,1.436844882690995e-05,1.312420154259114e-05,1.200140622188698e-05,1.098675934987808e-05,1.006856276527195e-05,9.23651411195283e-06,8.481526589141086e-06,7.795573619425375e-06,7.171554755685286e-06,6.603179729200074e-06,6.084868024125646e-06,5.611661765805943e-06
79.5,0.008906150450018543,0.008252713667482139,0.007347450162396517,0.0063730369764375,0.005436358953789075,0.004589750221997678,0.003852017870923572,0.003223494276098307,0.002695450757226871,0.002255544458567297,0.001890765608947513,0.001588899529409818,0.001339145674338118,0.001132282056643097,0.000960601829981804,0.0008177497989459608,0.0006985276874514337,0.0005987028815759769,0.0005148362456537472,0.0004441343332388425,0.0003843261150439831,0.0003335619761251645,0.0002903318813597093,0.0002533995230918982,0.0002217495328824037,0.0001945452390136089,0.0001710948705793382,0.0001508244957318706,0.0001332563161834855,0.0001179912188187562,0.0001046947122601065,9.308555835389049e-05,8.292655330204337e-05,7.401702754800592e-05,6.618672360177128e-05,5.929078180743612e-05,5.320561971534558e-05,4.782553449104993e-05,4.305989225871848e-05,3.883079546449522e-05,3.507114083920242e-05,3.172299757423825e-05,2.873624886078663e-05,2.606745072924298e-05,2.36788707466178e-05,2.153767604010133e-05,1.961524567110469e-05,1.788658686500156e-05,1.632983822663818e-05,1.492584601300449e-05,1.365780192844759e-05,1.251093286224412e-05,1.147223458874891e-05,1.05302427647554e-05,9.674835641433238e-06,8.897063802687641e-06,8.189002982865081e-06,7.543626632447221e-06,6.954695413347723e-06,6.416661233950534e-06
80.5,0.006962888344431747,0.006818791009587196,0.006324984955683936,0.005669386835326309,0.004970386543742288,0.004295401230366739,0.00367829846111767,0.003132487753877154,0.0026597323224299,0.002255703600423118,0.001913314259561903,0.001624623049274473,0.001381857398394481,0.001177909620156735,0.001006530757901901,0.0008623592275887927,0.000740865924639306,0.0006382628876018328,0.0005514015556615291,0.0004776741404578985,0.0004149243986841208,0.0003613700603090307,0.0003155370353895044,0.0002762044896799004,0.0002423594624198531,0.0002131596128248924,0.0001879027594162657,0.0001660020252913809,0.0001469655723791336,0.0001303800730052002,0.0001158972160312485,0.0001032226733596532,9.21070605789443e-05,8.233851468936843e-05,7.373658463416995e-05,6.614718933136066e-05,5.943844544363137e-05,5.349720534156383e-05,4.822617638870407e-05,4.354151728264144e-05,3.937082692934261e-05,3.565145718288375e-05,3.232909353164859e-05,2.935655808030233e-05,2.669279746291421e-05,2.430202502327877e-05,2.215299202947346e-05,2.021836710214681e-05,1.847420662993673e-05,1.689950188013776e-05,1.547579091545802e-05,1.418682540009649e-05,1.301828400183116e-05,1.195752543665761e-05,1.099337531126131e-05,1.011594183855063e-05,9.316456266790273e-06,8.587134501198425e-06,7.921056930646714e-06,7.312063919569414e-06
81.5,0.005222808691131357,0.005429206192455061,0.00526160172884756,0.004884141855201971,0.004408955201582001,0.003906804446841499,0.003419098873618198,0.002967784874064665,0.00256255967902166,0.002205797513067227,0.001895765812138208,0.001628648127717282,0.001399769374400231,0.001204304732903964,0.001037663666138308,0.0008956754537980973,0.0007746576673033897,0.0006714188362022647,0.0005832267923072318,0.0005077614922934308,0.0004430631361937536,0.0003874814779107711,0.0003396292611902242,0.0002983409833267232,0.0002626372182979756,0.0002316942208752415,0.0002048182950674918,0.0001814243275173748,0.0001610178883796705,0.0001431803466287954,0.0001275565092294827,0.000113844360528452,0.0001017865424147422,9.116327386999523e-05,8.178645925725417e-05,7.349477801608028e-05,6.614958486848831e-05,5.96314799723286e-05,5.383743353060116e-05,4.867836998994686e-05,4.407713387511629e-05,3.996677315034966e-05,3.628908731975496e-05,3.299339673483448e-05,3.003549714771104e-05,2.737676974534514e-05,2.498342197827002e-05,2.282583866503414e-05,2.087802627962776e-05,1.911713615087064e-05,1.752305463131188e-05,1.607805021887902e-05,1.47664692105053e-05,1.357447279269648e-05,1.248980957775189e-05,1.1501618515427e-05,1.060025788023022e-05,9.777156680417065e-06,9.024685377447567e-06,8.336043261711692e-06
82.5,0.003778760029878083,0.004160762745887792,0.004215407663158443,0.004058303756512108,0.003778703753429196,0.003439444225651519,0.003081842094419264,0.002731369424145272,0.002402512144357162,0.002102478515289391,0.001833859430559886,0.001596458585357956,0.001388509801302117,0.001207461307721648,0.001050463630917652,0.000914659938922716,0.0007973479851232159,0.0006960607887133698,0.0006085974910364702,0.0005330249280924669,0.0004676630554080574,0.0004110624248531723,0.0003619786786224245,0.0003193469436238444,0.000282257695032974,0.0002499348467789033,0.000221716341153488,0.0001970372311759295,0.0001754151001071473,0.0001564375922517326,0.0001397518057196597,0.0001250553008616137,0.0001120884950823674,0.0001006282380755548,9.048238675359937e-05,8.148522377705256e-05,7.349358633451284e-05,6.638359212862321e-05,6.004786724709649e-05,5.439319583369407e-05,4.933852443249132e-05,4.481326481727406e-05,4.075584830265812e-05,3.7112492217665e-05,3.383614563581627e-05,3.088558680081893e-05,2.822464913848568e-05,2.582155645264082e-05,2.364835099103989e-05,2.168040064198907e-05,1.989597367103896e-05,1.82758712026135e-05,1.680310915396479e-05,1.546264258824068e-05,1.42411265108588e-05,1.312670802278328e-05,1.210884549376617e-05,1.117815105133785e-05,1.032625321649681e-05,9.545676970541219e-06
83.5,0.002644555191897445,0.0030614965748816,0.003232144143804536,0.003224613119562464,0.0030982769945824,0.002900053843921778,0.00266436660230329,0.002415054121920115,0.002167742138064569,0.001932029617259305,0.001713278144791765,0.001513982279855324,0.001334773283730102,0.001175129553504645,0.001033864723116339,0.0009094533864361017,0.000800241587789928,0.0007045775113378622,0.0006208881575718741,0.0005477203164120614,0.0004837585682779369,0.0004278289995809377,0.000378894449517057,0.0003360451061020576,0.0002984868993303878,0.0002655292146875545,0.0002365728359852682,0.00021109862548852,0.0001886571929212309,0.0001688596453635585,0.0001513694144053454,0.0001358951028325677,0.0001221842655515036,0.0001100180283882457,9.920644725857437e-05,8.958451471963329e-05,8.100872837320895e-05,7.335414429920329e-05,6.65118476376357e-05,6.038678102338671e-05,5.489587950165951e-05,4.996646767776521e-05,4.553488115029374e-05,4.154527976986361e-05,3.794862501622507e-05,3.470179786868455e-05,3.176683703671255e-05,2.911028039502593e-05,2.670259500077335e-05,2.451768322306345e-05,2.253245434290256e-05,2.072645253333898e-05,1.908153344719631e-05,1.758158275909861e-05,1.62122709600689e-05,1.496083951269493e-05,1.381591416456693e-05,1.276734180585669e-05,1.180604775908105e-05,1.092391081838159e-05
84.5,0.001782921826338298,0.002153147368918053,0.002362221557910137,0.00244134021484071,0.002422597443187055,0.002335323480983793,0.00220384853335736,0.002047050105667177,0.001878824097190247,0.001708917313843064,0.001543820447076389,0.001387579057291024,0.001242468936974467,0.001109528487236351,0.0009889621788898072,0.0008804369230915325,0.0007832939407625596,0.0006966963254723129,0.0006197290110699449,0.0005514643188275306,0.0004910031255870006,0.0004374991133755292,0.0003901715300551687,0.0003483103426719264,0.0003112765131884756,0.0002784992850330623,0.000249471764246759,0.0002237456505099336,0.0002009256736759851,0.000180664084678132,0.000162655409046146,0.0001466315771918499,0.0001323574839551317,0.0001196269905517882,0.0001082593578965744,9.809608629391184e-05,8.899812922857e-05,8.084344606642777e-05,7.352485826979553e-05,6.694817515232122e-05,6.103055752235493e-05,5.569909032026063e-05,5.088953824571024e-05,4.654526121237831e-05,4.261626915353977e-05,3.905839817719838e-05,3.583259231023151e-05,3.290427707449525e-05,3.02428129128048e-05,2.782101804475043e-05,2.561475170021411e-05,2.360254987200856e-05,2.176530676773815e-05,2.008599604317717e-05,1.854942668208414e-05,1.714202906568469e-05,1.585166736266376e-05,1.466747487941858e-05,1.357970945106087e-05,1.257962633540244e-05
85.5,0.001141355755740944,0.001410185034507254,0.001601490017922463,0.00171544392967354,0.001761621206158996,0.001753398207497324,0.001704449858133056,0.001627054945440099,0.001531433175480233,0.001425641527442947,0.001315752529187954,0.001206151634616794,0.001099861809439052,0.0009988476282167963,0.0009042778409704111,0.0008167405540241712,0.0007364131182331957,0.0006631924116958071,0.0005967923268406241,0.0005368150988536385,0.0004828023436925732,0.0004342707043020811,0.0003907360403364286,0.0003517292362937698,0.0003168059798812522,0.0002855522783986082,0.0002575870222816896,0.0002325625522952318,0.0002101639201906971,0.000190107333738769,0.0001721381304309945,0.0001560285172233362,0.0001415752365090742,0.0001285972633578415,0.0001169336000807333,0.0001064412069759054,9.699308940212782e-05,8.847654870791444e-05,8.079159624754909e-05,7.384952446167074e-05,6.757162586456701e-05,6.188804909982623e-05,5.67367805279598e-05,5.206273975953432e-05,4.781697791045135e-05,4.395596796895237e-05,4.044097741451295e-05,3.723751404110559e-05,3.431483676108397e-05,3.164552396890402e-05,2.92050928062734e-05,2.697166338095381e-05,2.492566264501913e-05,2.304956323344929e-05,2.132765310160709e-05,1.974583228303313e-05,1.829143352064267e-05,1.695306390880537e-05,1.572046502507733e-05,1.458438933262707e-05
86.5,0.0006718706564299607,0.0008392124079290081,0.0009833756971063146,0.001093205767008658,0.001165749706586931,0.001203195900240011,0.001210327437817512,0.001192901327262704,0.00115668363644941,0.001106923916776439,0.001048114920754378,0.0009839285079655893,0.0009172524057210846,0.0008502779500551966,0.0007846074676662267,0.0007213628620742738,0.000661285540315037,0.0006048232401394653,0.0005522025596933363,0.0005034877882411405,0.0004586275167497804,0.0004174908341719842,0.0003798949284393333,0.000345625762262009,0.0003144532750800829,0.0002861423271256641,0.0002604603780057314,0.0002371826938644867,0.0002160957085728345,0.0001969990252217095,0.0001797064317647423,0.0001640462153002742,0.0001498609893797672,0.000137007194311097,0.0001253543885609828,0.00011478441741086,0.0001051905208169961,9.647642422274205e-05,8.855544248257325e-05,8.134961699608104e-05,7.478889876859686e-05,6.881038475939805e-05,6.335761104570404e-05,5.837990363654868e-05,5.3831785922463e-05,4.967244052280404e-05,4.586522252488336e-05,4.237722067163289e-05,3.917886285286974e-05,3.624356221880035e-05,3.354740031094578e-05,3.10688437566689e-05,2.878849127080042e-05,2.668884793115213e-05,2.475412392947531e-05,2.297005523551717e-05,2.132374384232828e-05,1.980351548133583e-05,1.839879290311298e-05,1.70999830126969e-05
87.5,0.0003503849806596415,0.0004378819514603747,0.0005242650736732737,0.0006024244807765783,0.0006674025716765199,0.000716676839052874,0.0007496815610987741,0.0007672329200051086,0.0007710017436887162,0.0007630905806822123,0.000745726982917154,0.0007210609241267153,0.0006910450101259248,0.000657375228247896,0.0006214729113942088,0.0005844927356929776,0.0005473456237874368,0.0005107288509246573,0.0004751583134262523,0.0004409998712227308,0.0004084980408104984,0.0003778012271578711,0.0003489832637777432,0.0003220613777521404,0.0002970108861011846,0.000273777016501397,0.0002522842677695627,0.0002324437102632376,0.0002141585909798975,0.0001973285639058157,0.0001818528199604381,0.0001676323466727886,0.000154571507584418,0.0001425790961732111,0.0001315689889864876,0.0001214604974035437,0.0001121784965519763,0.0001036533928302181,9.582097768299881e-05,8.86222042115171e-05,8.200291440338478e-05,7.591353782686043e-05,7.030877719816419e-05,6.514729200515305e-05,6.039138811144646e-05,5.60067187725043e-05,5.196200060695346e-05,4.822874665189928e-05,4.478101758533125e-05,4.159519143864391e-05,3.864975158170574e-05,3.592509238976697e-05,3.340334175498898e-05,3.106819945365952e-05,2.890479029851751e-05,2.68995309749706e-05,2.504000946572897e-05,2.331487599934658e-05,2.171374450594957e-05,2.022710362173808e-05
88.5,0.0001819149387492998,0.0002043874378164652,0.0002338858812392949,0.0002673371143045478,0.000301696959450804,0.0003343905586085541,0.000363476021612993,0.0003876749815569379,0.0004063121399059192,0.000419206269167645,0.000426546126659316,0.0004287725264021565,0.000426477601046687,0.0004203252323788347,0.0004109923636045459,0.0003991286836640108,0.000385331291941797,0.0003701308690364972,0.0003539862184873566,0.00033728456291919,0.0003203455319191179,0.0003034272909959882,0.0002867336966875493,0.0002704217130467168,0.0002546085938345641,0.000239378533632726,0.0002247886326530732,0.0002108741168085473,0.0001976528176623468,0.0001851289553362988,0.0001732962885711441,0.0001621407054230616,0.0001516423296527937,0.0001417772146717349,0.0001325186910232453,0.0001238384262023539,0.0001157072480713773,0.000108095775783986,0.0001009748953152863,9.431611057653015e-05,8.809179572909201e-05,8.227536969561859e-05,7.684140994987593e-05,7.17657193835875e-05,6.702535732310767e-05,6.259864352527262e-05,5.846514214844858e-05,5.460563120633277e-05,5.10020618106903e-05,4.763751054480875e-05,4.449612753928075e-05,4.156308220973643e-05,3.882450813230206e-05,3.626744815197186e-05,3.387980052135013e-05,3.165026663566104e-05,2.956830075101964e-05,2.762406193575954e-05,2.580836840033473e-05,2.411265427289463e-05
89.5,5.988418555671564e-05,6.649405850239884e-05,7.406139274752663e-05,8.291211689392224e-05,9.30884019581127e-05,0.0001044174620790195,0.0001165779522123628,0.0001291678258513243,0.0001417622957398083,0.0001539573741599742,0.0001653988127793735,0.0001757983385460717,0.0001849398727385716,0.0001926784970550497,0.0001989346357128349,0.0002036854688556013,0.0002069551083601741,0.0002088046227198974,0.0002093226251536126,0.0002086168469962702,0.0002068069021700175,0.0002040182972678996,0.0002003776426662368,0.0001960089606739619,0.0001910309561519449,0.0001855551044026576,0.0001796844135314999,0.0001735127287708884,0.0001671244607571202,0.000160594635935388,0.000153989183495158,0.0001473653885037888,0.0001407724546620716,0.000134252132111586,0.0001278393759417704,0.0001215630095589601,0.0001154463740435627,0.0001095079502200944,0.0001037619445907917,9.821883372293874e-05,9.288586430358359e-05,8.776750803443871e-05,8.28658719654177e-05,7.818106586846935e-05,7.371152892664517e-05,6.945431843268273e-05,6.540536341847676e-05,6.155968622105769e-05,5.791159497129774e-05,5.445484989918388e-05,5.118280620792283e-05,4.808853609651977e-05,4.516493232048891e-05,4.240479548313036e-05,3.980090705267533e-05,3.734608990873203e-05,3.503325803834637e-05,3.285545682985207e-05,3.080589525280359e-05,2.887797106522082e-05
