0.5,0.01770789758771429,0.009451195404165266,0.006466684124414705,0.004626744897108899,0.00327018658156825,0.002275896158215206,0.001570944408250168,0.001083498577587622,0.0007510821907421195,0.0005254895654462285,0.0003721247003959864,0.000267177824848588,0.0001946429684138709,0.0001438877099480693,0.0001078788948449579,8.195864944890904e-05,6.302616342369793e-05,4.900019310690223e-05,3.846908619061067e-05,3.0463611679679e-05,2.430935484512127e-05,1.95304145722318e-05,1.578615775459858e-05,1.282932588636263e-05,1.047800051662163e-05,8.596625663966081e-06,7.082999650641776e-06,5.859240569847053e-06,4.865426328807789e-06,4.055056619866305e-06,3.391771790681577e-06,2.84695018405099e-06,2.397927568322106e-06,2.026662849292483e-06,1.718727984879851e-06,1.462536250156325e-06,1.248747709351554e-06,1.06980780835786e-06,9.195869207800625e-07,7.930971126482624e-07,6.862684282737773e-07,5.957713732833419e-07,5.18875474682194e-07,4.533361695269254e-07,3.973040468047039e-07,3.492518045587752e-07,3.079153015209889e-07,2.722458619850294e-07,2.413715939901188e-07,2.145659476197655e-07,1.912221044628453e-07,1.708320749360099e-07,1.529696051711393e-07,1.372761731077536e-07,1.234494946472674e-07,1.1123407316401e-07,1.004134154554828e-07,9.080360910712824e-08,8.224801395358473e-08,7.461286674385484e-08
1.5,0.01766809121806474,0.009345090015613405,0.006375835854713768,0.004557514167409825,0.003220208685803611,0.002240821724237406,0.001546648995123364,0.001066725397209761,0.0007394650486799674,0.0005173820399511947,0.0003664067945270341,0.0002630955493344966,0.0001916900367024634,0.0001417232073286771,0.0001062717369180046,8.075072653396107e-05,6.210806997648428e-05,4.829527229291586e-05,3.792291513480694e-05,3.003703366554367e-05,2.397382532119358e-05,1.926486223839376e-05,1.557484388301233e-05,1.266036670074815e-05,1.034233425982557e-05,8.487281147465552e-06,6.994571603552567e-06,5.787508592955501e-06,4.807074830426149e-06,4.007466658616783e-06,3.352864755711374e-06,2.815069289881275e-06,2.371747245949171e-06,2.005118933112162e-06,1.700963552533606e-06,1.447859348416765e-06,1.236598177858465e-06,1.059731117151436e-06,9.112134498087195e-07,7.861256779864632e-07,6.804531393433797e-07,5.909111148211568e-07,5.148054654427371e-07,4.499211701906918e-07,3.944328819324301e-07,3.468329346975592e-07,3.058732368642016e-07,2.705182521132898e-07,2.399068620094655e-07,2.133213635971941e-07,1.901622140535593e-07,1.699274157329838e-07,1.521956565313498e-07,1.366124957503755e-07,1.228790247432959e-07,1.107425423852635e-07,9.99888738689913e-08,9.043603215969308e-08,8.192897830461047e-08,7.433528254146127e-08
2.5,0.01758867841484316,0.009259748867667165,0.006315001971788385,0.004513689976635858,0.003188900327633627,0.002218647573603854,0.001530979092080269,0.001055605477332411,0.0007315025831233349,0.0005116108017901691,0.0003621654079642861,0.0002599331610591114,0.000189298475402812,0.0001398902333725015,0.0001048495711498852,7.963510736745722e-05,6.122436733986681e-05,4.758926289145614e-05,3.735461726790444e-05,2.957654904713675e-05,2.359850220829557e-05,1.895733440695221e-05,1.532165563803479e-05,1.245099448411159e-05,1.016848012580899e-05,8.34235520582843e-06,6.873307716353616e-06,5.685675413089072e-06,4.721256034998351e-06,3.934892089956879e-06,3.291279496748135e-06,2.762631340067195e-06,2.326946990487789e-06,1.966715376638844e-06,1.667933557542723e-06,1.419357036707862e-06,1.211922325848035e-06,1.038298874654704e-06,8.92539085905468e-07,7.69803340912491e-07,6.661428339557553e-07,5.78327268142935e-07,5.037075804188917e-07,4.401061690768867e-07,3.857288203354184e-07,3.390938301496426e-07,2.989748056818546e-07,2.643543880037e-07,2.343867216265179e-07,2.083669496915585e-07,1.857063673161226e-07,1.659121429171114e-07,1.485707357584634e-07,1.333343106868292e-07,1.199095880847596e-07,1.080486761952838e-07,9.754152010795008e-08,8.820967146239968e-08,7.990113892228145e-08,7.248612452007201e-08
3.5,0.01746996477639382,0.009307314462300931,0.006364827815927346,0.00454985947571635,0.003213247093183023,0.002234808585153498,0.001541763024094398,0.001062888541111829,0.0007364938747463027,0.0005150855798117674,0.0003646234701752784,0.000261699796655094,0.0001905878296787378,0.0001408450709394767,0.0001055663577983682,8.01799481709366e-05,6.164322131001029e-05,4.791455153231009e-05,3.760954415559553e-05,2.977795462371526e-05,2.375877289138334e-05,1.908569527494949e-05,1.542505713638944e-05,1.253472877728024e-05,1.023661528910986e-05,8.398045167613752e-06,6.919016373692263e-06,5.723340697763267e-06,4.752411424252041e-06,3.960757578657152e-06,3.31283038674356e-06,2.78065072891251e-06,2.342066151146828e-06,1.979445050803735e-06,1.67868836728439e-06,1.428474640094662e-06,1.219678527415349e-06,1.044919601195338e-06,8.982099181075311e-07,7.746771287002043e-07,6.703458019286834e-07,5.819639260190919e-07,5.068646839131733e-07,4.428559234997957e-07,3.881314782676603e-07,3.411998028356592e-07,3.008263830792332e-07,2.659871430822912e-07,2.358306592990907e-07,2.096474487462643e-07,1.868449542018295e-07,1.669271286635393e-07,1.494777412762229e-07,1.341467008643376e-07,1.206388312276663e-07,1.087046422425189e-07,9.813272855215103e-08,8.87434978794137e-08,8.038398737829985e-08,7.29235717992966e-08
4.5,0.01731241076292857,0.009292862282204767,0.006368676644258982,0.004550721899574027,0.003211429420498487,0.002232255852196067,0.001539450252045615,0.001061094124514257,0.0007351983335362024,0.0005141821783395592,0.0003640023422118265,0.0002612731324930074,0.0001902922948277712,0.0001406372690165873,0.0001054173449058966,8.007066912104884e-05,6.156117864239813e-05,4.785152401263205e-05,3.756007759481215e-05,2.973838306944148e-05,2.372659047555086e-05,1.905915484789431e-05,1.54029137260271e-05,1.251607492660604e-05,1.022077455516416e-05,8.384502486305936e-06,6.907371893360953e-06,5.713278659629773e-06,4.743678785432928e-06,3.953149022531076e-06,3.306177584348088e-06,2.774814479001909e-06,2.336930507370398e-06,1.974912848939111e-06,1.674677759814518e-06,1.424916370730937e-06,1.216513759955046e-06,1.042098171243914e-06,8.956889126246381e-07,7.724197232811216e-07,6.68320303155637e-07,5.801429786254713e-07,5.052246115176915e-07,4.413761783420186e-07,3.867941804073598e-07,3.399893531326516e-07,2.997291372655485e-07,2.649911365950811e-07,2.349253744164035e-07,2.088236170707621e-07,1.860943887519549e-07,1.66242580818906e-07,1.488527786306454e-07,1.335756027017327e-07,1.201164988809768e-07,1.082265220457843e-07,9.769474546840689e-08,8.834199819621767e-08,8.001568911969207e-08,7.258552171705964e-08
5.5,0.01711666419089151,0.009298905729038194,0.006402969336544839,0.004578154299185541,0.003229764944289489,0.002244165708671899,0.001547279787569402,0.001066362348322877,0.0007388316663202908,0.0005167459762852075,0.0003658485904328141,0.0002626265740951995,0.0001913000843522599,0.000141398029394665,0.0001059985817375211,8.051947682349252e-05,6.191098391696308e-05,4.812642809034975e-05,3.777770852134557e-05,2.991180352420349e-05,2.386559536016146e-05,1.91711677203675e-05,1.549361528609745e-05,1.258984982690647e-05,1.028103326576682e-05,8.433916043360527e-06,6.94804510390115e-06,5.746879275985831e-06,4.771534797572604e-06,3.976322600547289e-06,3.325521736409497e-06,2.791016786966443e-06,2.350547112541128e-06,1.986395019704558e-06,1.684392772070058e-06,1.433163997882234e-06,1.223539352401051e-06,1.048103071594738e-06,9.008387790495167e-07,7.768512028852258e-07,6.721463985507023e-07,5.834573756066451e-07,5.081051780165578e-07,4.438878002472487e-07,3.889910652366886e-07,3.419169055367697e-07,3.014254891782638e-07,2.664883981839235e-07,2.362506588247522e-07,2.099998815066325e-07,1.871411261786809e-07,1.671763898828037e-07,1.496878341663352e-07,1.343240449112206e-07,1.207887558718894e-07,1.088315776676427e-07,9.824036216972816e-08,8.883490283372997e-08,8.046172820008344e-08,7.29897913746697e-08
6.5,0.01688353772353864,0.009266257481420367,0.00640621343562038,0.004582928502782012,0.003232219300583185,0.002245144512157573,0.001547637148940167,0.001066522198623086,0.0007389553400842179,0.0005168782737020012,0.00036599215702636,0.0002627730470680744,0.000191441093644478,0.0001415280280612278,0.0001061148168377616,8.06212169085292e-05,6.199874288924132e-05,4.82013821503826e-05,3.784131240529522e-05,2.996556016558263e-05,2.391092989708234e-05,1.9209367299784e-05,1.552580790375436e-05,1.261700487518381e-05,1.030397311029353e-05,8.453332326722573e-06,6.96451623124045e-06,5.760887213796808e-06,4.783480304092928e-06,3.986538566437458e-06,3.334284617182097e-06,2.798556259843459e-06,2.357054154985005e-06,1.992028623758681e-06,1.689285500802342e-06,1.437426570850144e-06,1.227264423511723e-06,1.051368338944514e-06,9.037095442291206e-07,7.793824776442421e-07,6.743846398322181e-07,5.854419156809173e-07,5.098694045090554e-07,4.454601309683626e-07,3.903957545741082e-07,3.431747124861137e-07,3.025542316151248e-07,2.675034135082219e-07,2.371651874567628e-07,2.108253867338503e-07,1.878875614205073e-07,1.678524224545429e-07,1.50301033002407e-07,1.348810383822699e-07,1.212953647465881e-07,1.092929273827547e-07,9.866097784502701e-08,8.921878987211067e-08,8.081244082364603e-08,7.331049104514228e-08
7.5,0.01661401204479959,0.009286151396990608,0.006447254562018456,0.004611336374668803,0.003249430664601614,0.002255611296098132,0.001554304997200959,0.001071009724213353,0.0007421243613432826,0.0005191997784817921,0.0003677377433732314,0.0002641096450217298,0.0001924777508706168,0.0001423396825321443,0.0001067549791689529,8.112916311157502e-05,6.240386612096716e-05,4.852598716099406e-05,3.810250034148817e-05,3.017654830476556e-05,2.408200119774531e-05,1.934856704965241e-05,1.563946211936558e-05,1.271011020844374e-05,1.038049260658851e-05,8.516421357057014e-06,7.016696145564946e-06,5.804179548468256e-06,4.819511027073553e-06,4.016619427769385e-06,3.359476909418015e-06,2.819720995241954e-06,2.374891703548635e-06,2.007110137343679e-06,1.702077908541211e-06,1.448312523204063e-06,1.236558252451691e-06,1.059328865241368e-06,9.105503813798236e-07,7.852803420975913e-07,6.794860688841966e-07,5.898687102039741e-07,5.137230479387607e-07,4.488253844510303e-07,3.933435876596463e-07,3.457646967762264e-07,3.048364994668583e-07,2.695202637992677e-07,2.389524044229866e-07,2.124133251230497e-07,1.893020409928226e-07,1.691154666704145e-07,1.514314801583656e-07,1.358950481564882e-07,1.222068388420565e-07,1.101138595018915e-07,9.940174543338293e-08,8.988839780149893e-08,8.141872534358657e-08,7.386029083366441e-08
8.5,0.01630925079179337,0.00925031681030678,0.006449524516206776,0.004613400382495755,0.003248792498902896,0.002253968119875517,0.001552714336610822,0.001069816030205115,0.0007413394856613815,0.0005187314211057557,0.0003674848535790018,0.0002639920168701138,0.0001924395469692122,0.000142344843550505,0.0001067814443515305,8.116407687766065e-05,6.244013904223551e-05,4.856000532586729e-05,3.813266864762241e-05,3.02023947650828e-05,2.410364179452812e-05,1.936639514649396e-05,1.565397433974272e-05,1.272181342612043e-05,1.038985803427652e-05,8.52386521819187e-06,7.022574771801689e-06,5.808791835060854e-06,4.823104233067968e-06,4.019396115370466e-06,3.361601869345909e-06,2.821327605638976e-06,2.376087503654869e-06,2.00798157501334e-06,1.7026943091723e-06,1.448729366089172e-06,1.236819851888774e-06,1.059470551194479e-06,9.106002655157209e-07,7.852607437380878e-07,6.794146639497313e-07,5.897594556171156e-07,5.135869246295806e-07,4.486709941545656e-07,3.931776320505174e-07,3.455923620062398e-07,3.046617646951186e-07,2.693461486705348e-07,2.387811675132942e-07,2.122466230053256e-07,1.891410556725472e-07,1.689610076133165e-07,1.512840659059836e-07,1.357549715418081e-07,1.220742190284717e-07,1.099886834358064e-07,9.92839007928879e-08,8.977769911582731e-08,8.131493463062124e-08,7.376313383964428e-08
9.5,0.01597061038067824,0.009220839832745277,0.006466660472102904,0.004625865660365309,0.003254502887387861,0.00225621805574442,0.001553621544330227,0.00107031185284043,0.0007417520577332221,0.0005191434548031078,0.0003678970761552885,0.0002643869149236033,0.0001928020957623342,0.0001426668455808919,0.0001070605959409689,8.140194731697285e-05,6.264040629328234e-05,4.872722953064056e-05,3.827154190248767e-05,3.031733168639797e-05,2.419858885199288e-05,1.944476975679749e-05,1.571867504438877e-05,1.277526493871896e-05,1.043407000773391e-05,8.560493096609992e-06,7.052976835794405e-06,5.834079875799405e-06,4.844187128329502e-06,4.037016532023229e-06,3.376366756583633e-06,2.833733299497781e-06,2.386540270376748e-06,2.016814356005827e-06,1.710180336733704e-06,1.455093219666737e-06,1.242246430789434e-06,1.064112356282008e-06,9.145833109335353e-07,7.88689359758677e-07,6.823754025347453e-07,5.923242697624958e-07,5.15815759644668e-07,4.506139023771854e-07,3.948765009926877e-07,3.470823285935106e-07,3.059723743067015e-07,2.705023064519937e-07,2.398039203861631e-07,2.131538035086159e-07,1.899478128936326e-07,1.696802457223246e-07,1.51926806975813e-07,1.363306562367221e-07,1.225909562348645e-07,1.104534578745344e-07,9.970274600155509e-08,9.015584184779526e-08,8.165691562596894e-08,7.407290903413727e-08
10.5,0.01559965268732022,0.009241162951487138,0.006518041337372425,0.004662029914722404,0.003276744252590232,0.002270035608877402,0.001562669073510828,0.001076588831051278,0.0007463193643726541,0.0005225819257681069,0.0003705452257836154,0.0002664570134007884,0.0001944365988662902,0.0001439666258906338,0.0001080998489422174,8.223664406786056e-05,6.331347099532885e-05,4.927194212644141e-05,3.87139021338048e-05,3.067776787943944e-05,2.449322602515895e-05,1.968638692694871e-05,1.59174360871215e-05,1.293928093104213e-05,1.05698344329187e-05,8.673220248516324e-06,7.146866037539442e-06,5.912522553531468e-06,4.909929675367711e-06,4.092288836028521e-06,3.422983958799754e-06,2.873176612239044e-06,2.420021354327932e-06,2.04532674818421e-06,1.734540645897414e-06,1.475974210973281e-06,1.260203662524575e-06,1.079605676126696e-06,9.279942431289576e-07,8.003351992360376e-07,6.925206636224823e-07,6.011900048379204e-07,5.23587158942824e-07,4.574465038876746e-07,4.009012741821151e-07,3.524098438946593e-07,3.106962290548201e-07,2.747019449990924e-07,2.435469597503382e-07,2.164979547581553e-07,1.929424714576971e-07,1.723678101204983e-07,1.54343774403368e-07,1.385085345047597e-07,1.245570243264395e-07,1.122314015066117e-07,1.013131898125059e-07,9.161679594866224e-08,8.298415109065517e-08,7.528027432229164e-08
11.5,0.01519817468602545,0.009233013567033261,0.006548431979442606,0.004682119076270142,0.003287070016758318,0.002275267379763313,0.001565618937019251,0.001078548975085717,0.0007478162779430512,0.0005238150887714247,0.0003715889609540075,0.0002673430027075355,0.0001951842358731555,0.000144592601402531,0.0001086202795066784,8.266695794785597e-05,6.366789899253512e-05,4.956315361800808e-05,3.895286663858218e-05,3.087378953233097e-05,2.465408033345509e-05,1.9818504342585e-05,1.602609648517748e-05,1.302879868812985e-05,1.064372430898769e-05,8.734340665544325e-06,7.197539898563648e-06,5.95463750491823e-06,4.945020419240533e-06,4.121604222132979e-06,3.447541414112868e-06,2.893806169356251e-06,2.437401207796572e-06,2.060011948332164e-06,1.746986253435331e-06,1.486553989729099e-06,1.269225181827305e-06,1.087322524938847e-06,9.346159201307005e-07,8.060351316457825e-07,6.974427179410079e-07,6.054537808644451e-07,5.272923009062653e-07,4.606762165380547e-07,4.037251948949364e-07,3.548863924001823e-07,3.128745328276183e-07,2.76623419444148e-07,2.452466071545797e-07,2.1800543378851e-07,1.942829791799902e-07,1.735628106118657e-07,1.554116016553492e-07,1.39464892162907e-07,1.254154006443526e-07,1.130034145153595e-07,1.020088749666326e-07,9.2244846284172e-08,8.355211811971511e-08,7.579473641453873e-08
12.5,0.0147682363815967,0.009250959620067313,0.006606673464212297,0.004722468642079193,0.003311150410708888,0.002289786489960168,0.001574916240960361,0.001084921930693267,0.0007524367619577498,0.0005272983833541476,0.0003742806543510453,0.0002694545113816841,0.0001968560118821305,0.0001459242361370007,0.0001096855983132765,8.352220917836807e-05,6.435663536058599e-05,5.011941706008659e-05,3.940341946668197e-05,3.12397538565471e-05,2.495217759467923e-05,2.00620075521611e-05,1.622556811791575e-05,1.319266525747285e-05,1.077872513777947e-05,8.845879210228487e-06,7.28995936732389e-06,6.031437545893565e-06,5.00902786113492e-06,4.175107927372728e-06,3.49239904787961e-06,2.9315289438891e-06,2.46922131377586e-06,2.086936343695376e-06,1.769839674615258e-06,1.506013426826927e-06,1.285847575793254e-06,1.101567069229626e-06,9.468620568213182e-07,8.165971036300489e-07,7.065813601190946e-07,6.133860929302305e-07,5.341992339396389e-07,4.667090184798923e-07,4.090105910446505e-07,3.595308223905499e-07,3.169676220452831e-07,2.802408282016642e-07,2.484523732282536e-07,2.208539017660028e-07,1.968203922753481e-07,1.758286263084857e-07,1.574395810234106e-07,1.412840034086592e-07,1.270505699415988e-07,1.144761510926557e-07,1.033377924968658e-07,9.344609862254488e-08,8.463976418282395e-08,7.678104634375911e-08
13.5,0.01431221595892426,0.009251032415543238,0.006651291915585588,0.004753329488119889,0.003328869209089783,0.002300095362785649,0.001581427976943677,0.001089440075928195,0.0007558095199962483,0.0005299317963007853,0.0003763854049990982,0.0002711547529248479,0.0001982353639800334,0.0001470449352926097,0.0001105966490293262,8.426316654487697e-05,6.495967823783264e-05,5.061073205874777e-05,3.980426810046278e-05,3.156735272641886e-05,2.522043762860413e-05,2.028215290709861e-05,1.640664933353421e-05,1.33419804224878e-05,1.090216260053643e-05,8.94819462755211e-06,7.374998637186937e-06,6.10231565459367e-06,5.068272116313304e-06,4.224772586331467e-06,3.534157057318363e-06,2.96674540543539e-06,2.499012374717986e-06,2.1122164655427e-06,1.791359629754707e-06,1.524390891527719e-06,1.301591804076548e-06,1.115098827583628e-06,9.585297584604941e-07,8.266898899421216e-07,7.153397256294998e-07,6.210105301824301e-07,5.40857279521954e-07,4.72541005803877e-07,4.141343552868863e-07,3.640455550174822e-07,3.209570340084715e-07,2.83775750219162e-07,2.515928969820383e-07,2.236511461031049e-07,1.993179626200094e-07,1.780638226973216e-07,1.594443998489639e-07,1.430859696093018e-07,1.286734296176927e-07,1.159404490493715e-07,1.04661354764664e-07,9.46444363882359e-08,8.572641261789014e-08,7.77678494142058e-08
14.5,0.01383288338138712,0.00925289684528399,0.006702331530646156,0.004788687684703909,0.003349322660438385,0.002312119682117993,0.001589105631757031,0.001094813521616965,0.0007598431582689916,0.0005330905747629682,0.0003789132600104938,0.0002731973865804515,0.0001998921027361281,0.0001483903142381979,0.0001116896208290787,8.515141392908397e-05,6.568201872351311e-05,5.119875391825096e-05,4.028360870131217e-05,3.195876026393008e-05,2.554066551211925e-05,2.054470928486051e-05,1.662241856745095e-05,1.351973294769093e-05,1.104896955233392e-05,9.069762791427994e-06,7.475939772504227e-06,6.186362395866138e-06,5.138450751596033e-06,4.283541227770542e-06,3.583516141664506e-06,3.00832612018368e-06,2.534147492116553e-06,2.141997158878701e-06,1.816681114780702e-06,1.545989151039772e-06,1.320073188470287e-06,1.130963955357945e-06,9.721928486399519e-07,8.384944273618422e-07,7.255711771971977e-07,6.29906685431463e-07,5.486166739506753e-07,4.793297943192329e-07,4.200919305478974e-07,3.692891476895093e-07,3.25585485814276e-07,2.878726137880932e-07,2.552289869497095e-07,2.268866421994915e-07,2.02204146418742e-07,1.806445143453984e-07,1.617571487111764e-07,1.451630427552559e-07,1.305426339820187e-07,1.176258165333568e-07,1.061837142212926e-07,9.602189210341522e-08,8.697474537690224e-08,7.89008533703079e-08
15.5,0.01333349547947798,0.009301190825808011,0.006788329349355969,0.004847534214543846,0.003385418823345766,0.002334702186281099,0.001604044690083741,0.001105278665191605,0.0007675137947856773,0.0005388923838206437,0.0003833924326279782,0.0002767015192019605,0.0002026577604396393,0.0001505869078674562,0.0001134427654904461,8.655636497918159e-05,6.681204837090248e-05,5.211075346409475e-05,4.102203908093405e-05,3.255853989063104e-05,2.602933034619482e-05,2.094405197069274e-05,1.694974382868631e-05,1.378882520331965e-05,1.127084230517554e-05,9.253241326745453e-06,7.628115873216173e-06,6.312950387517597e-06,5.244067200305737e-06,4.371925362231776e-06,3.657704100131521e-06,3.07078910984041e-06,2.586901653193882e-06,2.186691172722638e-06,1.854666251777834e-06,1.578375421843336e-06,1.347774465852639e-06,1.154734318106323e-06,9.926559208204543e-07,8.561671139173373e-07,7.408829058730076e-07,6.432150369119984e-07,5.602201026987357e-07,4.894780011060497e-07,4.289943357218949e-07,3.771218254353191e-07,3.324968490319535e-07,2.939880829169897e-07,2.60654831064909e-07,2.317131446701827e-07,2.065082184934175e-07,1.844918567679303e-07,1.652040427302192e-07,1.482578367619041e-07,1.333269797792435e-07,1.201356993347065e-07,1.084503124408594e-07,9.807229647094767e-08,8.883256160054516e-08,8.058670824178613e-08
16.5,0.01281793088226402,0.009291741066781722,0.006828399681506132,0.004874296858342549,0.003399876567684445,0.002342764065105753,0.001609172934200318,0.001109034821836147,0.0007705292096747811,0.0005414126161752258,0.0003855205553493832,0.0002784940468829014,0.0002041579860467031,0.0001518343040071119,0.0001144743815096055,8.74062025782339e-05,6.751037222169727e-05,5.268379676974228e-05,4.149208000484327e-05,3.294421522675893e-05,2.634606393115287e-05,2.120451346348966e-05,1.716428836117721e-05,1.396588922508619e-05,1.141728650526512e-05,9.374640349061633e-06,7.728999017729461e-06,6.39699934885591e-06,5.314277292136478e-06,4.430736323674944e-06,3.707105897362743e-06,3.112407363930692e-06,2.622066563831587e-06,2.216493121738603e-06,1.880000679544796e-06,1.59997907425203e-06,1.366254701520793e-06,1.170592833249048e-06,1.006307980779479e-06,8.679571645339137e-07,7.510972649109984e-07,6.520922273290579e-07,5.679592788986267e-07,4.962458308277717e-07,4.349306294520426e-07,3.823441485801476e-07,3.371043066914116e-07,2.980644306845059e-07,2.642710360212812e-07,2.349294972063873e-07,2.093760766399232e-07,1.870550894155379e-07,1.675002257736711e-07,1.503192462036917e-07,1.35181417735089e-07,1.218071823146971e-07,1.099596459453778e-07,9.943755560123539e-08,9.006949384954255e-08,8.170907174868308e-08
17.5,0.01229086784748308,0.00933021878861242,0.006907496628848246,0.00492807158766225,0.003432551188223931,0.002363220105523415,0.001622891349374203,0.001118866363613221,0.0007779252852888217,0.0005471477499133839,0.0003900456534512276,0.0002820990008515494,0.0002070457549322865,0.0001541556290718741,0.0001163452047323681,8.891737101490383e-05,6.873372556672836e-05,5.367639461218481e-05,4.22993441935024e-05,3.360235503490732e-05,2.68839807632453e-05,2.164530697369861e-05,1.752644957486684e-05,1.426424566475339e-05,1.166375053383396e-05,9.578801577932316e-06,7.898593387726184e-06,6.538280828012467e-06,5.432312745925474e-06,4.529639785159846e-06,3.790225014662883e-06,3.182472070493054e-06,2.681307864800294e-06,2.266738200115334e-06,1.922749202159903e-06,1.636464541500395e-06,1.397493873838423e-06,1.197425632034308e-06,1.029429763183557e-06,8.879448800582918e-07,7.684306935673306e-07,6.671712559976504e-07,5.811179803043762e-07,5.077639572364865e-07,4.450430122205676e-07,3.912483984059707e-07,3.449671325993494e-07,3.050268343898687e-07,2.704525891292904e-07,2.404318692380838e-07,2.142859501386704e-07,1.914465728243351e-07,1.714368541457045e-07,1.538556431360731e-07,1.383646784184954e-07,1.24678026647973e-07,1.12553381777659e-07,1.017848849375775e-07,9.219718897098901e-08,8.364054339849239e-08
18.5,0.01175798419211821,0.00932928558372458,0.006961754681812787,0.004966040318773335,0.003455058385251164,0.002377062994946375,0.001632253901771252,0.001125789818429972,0.0007833523945651507,0.0005515304774477968,0.0003936282670670902,0.0002850375992591759,0.0002094557032515139,0.0001561296501866762,0.0001179603403336419,9.023805251375795e-05,6.981361813617016e-05,5.455988566124369e-05,4.30229014057355e-05,3.419577729639628e-05,2.73715218064799e-05,2.204665604979959e-05,1.785756688999744e-05,1.453806103972517e-05,1.189073980769898e-05,9.767457579225708e-06,8.055808201273111e-06,6.669654697021185e-06,5.542403008009046e-06,4.622161185694883e-06,3.868210803907881e-06,3.248403576553548e-06,2.737218773883879e-06,2.314298561038756e-06,1.963333178418972e-06,1.671205129920839e-06,1.427327162401576e-06,1.223126652276616e-06,1.051641579889784e-06,9.072022321473656e-07,7.851792381892445e-07,6.8178325924876e-07,5.93905131676755e-07,5.189878522237639e-07,4.54923741486403e-07,3.99971597099767e-07,3.526897754378019e-07,3.118820075785938e-07,2.765534263567766e-07,2.458748036791831e-07,2.191534059463601e-07,1.958091966070277e-07,1.753553683409831e-07,1.573823881376262e-07,1.415448981023478e-07,1.275509420257726e-07,1.151530894372808e-07,1.041411103603536e-07,9.433591945569465e-08,8.558456094559791e-08
19.5,0.01122619882000169,0.009345434993661458,0.007022640045824795,0.00500739865925042,0.003479717837280651,0.002392422227325153,0.00164273592608246,0.001133558195770667,0.0007894240640478189,0.0005564074401866847,0.0003975907838780549,0.0002882686084914228,0.000212090944095524,0.0001582774271420807,0.0001197096384416602,9.166245875138903e-05,7.097381308460888e-05,5.550563103521866e-05,4.379478316721597e-05,3.482675283886325e-05,2.788827062157575e-05,2.24707337561241e-05,1.820637271137946e-05,1.482563689627649e-05,1.212842308052136e-05,9.964410173459916e-06,8.219443063765872e-06,6.805978489642129e-06,5.656290876995716e-06,4.717576888287304e-06,3.948383044634271e-06,3.315967335712967e-06,2.794328682994372e-06,2.362719964990779e-06,2.004515379834905e-06,1.706340393733991e-06,1.457398327002882e-06,1.248945612042227e-06,1.073880442525545e-06,9.264185884949521e-07,8.018366921003853e-07,6.962681350056631e-07,6.065400936470077e-07,5.300430260522221e-07,4.646258103136022e-07,4.08511253888738e-07,3.602278386328707e-07,3.185544481850598e-07,2.824755071022438e-07,2.511444928133315e-07,2.238541975715538e-07,2.00012444714477e-07,1.791222217710711e-07,1.607653975462309e-07,1.445893529468098e-07,1.302959849854952e-07,1.176326470757843e-07,1.063846718343304e-07,9.636918937445588e-08,8.7430007833959e-08
20.5,0.01070392600947234,0.009365093194559153,0.007083618183914705,0.005048512686059885,0.003504377111270097,0.002408018614213606,0.001653597649214934,0.001141767432792948,0.0007959435178479292,0.0005617076019053623,0.0004019362065792724,0.0002918364962879735,0.0002150171099029689,0.0001606733220200738,0.0001216687770151003,9.3263353962853e-05,7.228192918117762e-05,5.657510569674303e-05,4.467006511043647e-05,3.554413253374001e-05,2.847726065327303e-05,2.295527357110969e-05,1.860585363548202e-05,1.515575797855994e-05,1.240189608786226e-05,1.019153483615435e-05,8.408573417459594e-06,6.963899328684773e-06,5.788520859806003e-06,4.828612253083363e-06,4.041893481058068e-06,3.394953434664167e-06,2.861248585407749e-06,2.419591336921431e-06,2.052997622258753e-06,1.747801010632763e-06,1.492966584943545e-06,1.27955599287041e-06,1.100307887341532e-06,9.493071302734267e-07,8.217227553349837e-07,7.135995268241711e-07,6.216915085345482e-07,5.433287249671552e-07,4.76310006124896e-07,4.188166320105693e-07,3.693425591888543e-07,3.266379098145929e-07,2.896630993121345e-07,2.575515209548795e-07,2.295791300048907e-07,2.051396038546355e-07,1.837240181782738e-07,1.649041879777012e-07,1.483189884919949e-07,1.336631033916144e-07,1.206777536000097e-07,1.091430450025956e-07,9.88716415392945e-08,8.970352512681632e-08
21.5,0.01020127313555447,0.009410209416570251,0.00716663934064767,0.005105436845447818,0.003539982829402074,0.002431178236964418,0.001669727457281156,0.001153690918614405,0.0008051184091251394,0.0005689340506213558,0.000407699340953716,0.0002964623955114131,0.0002187431930914945,0.0001636812712236813,0.0001241013174924891,9.5233969432184e-05,7.388128825836716e-05,5.787576312421137e-05,4.573010480782107e-05,3.641006447411995e-05,2.918634377624109e-05,2.353737945515343e-05,1.908495836890722e-05,1.555113319211713e-05,1.272905773298363e-05,1.046299793229845e-05,8.634452100353911e-06,7.15238396829143e-06,5.94625769748166e-06,4.961005817866764e-06,4.153347843497653e-06,3.489064991546224e-06,2.94096039451207e-06,2.487316906915492e-06,2.110720397234468e-06,1.797154478839742e-06,1.535298911690943e-06,1.315982268155888e-06,1.131752441876136e-06,9.765378717569698e-07,8.453790807890065e-07,7.342150536274674e-07,6.397126186843412e-07,5.591297200901696e-07,4.902055140247693e-07,4.31071780572833e-07,3.801813336270637e-07,3.362500293191555e-07,2.982096850602691e-07,2.651697759286488e-07,2.363862095964135e-07,2.112358227970272e-07,1.891955123285463e-07,1.69825127622811e-07,1.527534221392341e-07,1.376664966317425e-07,1.242982759499846e-07,1.124226481269844e-07,1.018469645001538e-07,9.240665598717039e-08
22.5,0.009730189904605776,0.009445308751681588,0.007236991166939612,0.0051539195136485,0.003570700445553486,0.00245165594083767,0.00168443997567838,0.001164901144736535,0.0008139647840538382,0.0005760374547996029,0.000413445037190433,0.0003011214101021366,0.0002225231437080127,0.0001667482170808974,0.0001265902560769511,9.725498399888581e-05,7.552395436731452e-05,5.921271494111295e-05,4.682004940052039e-05,3.730033859134934e-05,2.991506010649292e-05,2.413520501925412e-05,1.957657113381768e-05,1.595640430151907e-05,1.306400466092553e-05,1.074054944055544e-05,8.865060389701083e-06,7.344513779778874e-06,6.106776876357737e-06,5.095497248020441e-06,4.266358763420912e-06,3.584306485021415e-06,3.021467235804841e-06,2.555575841265259e-06,2.168773264065463e-06,1.846681257355648e-06,1.577684717918177e-06,1.352371502349092e-06,1.163092629463556e-06,1.003615222828732e-06,8.688473832762148e-07,7.546191907161909e-07,6.575077435209892e-07,5.746969162335848e-07,5.038646072266998e-07,4.430918375700087e-07,3.907892798342569e-07,3.456377342228424e-07,3.06539797475282e-07,2.725805377422264e-07,2.429954335356244e-07,2.171441850186986e-07,1.944892825810872e-07,1.745784370435719e-07,1.570301503753748e-07,1.415218450659969e-07,1.277800817027662e-07,1.155724836544423e-07,1.047010595819431e-07,9.499667235059394e-08
23.5,0.009304436346515827,0.00947651768499401,0.007294558034274385,0.005192225082514829,0.003594674511408148,0.002467885517458736,0.00169652670867431,0.001174508027925102,0.0008218451567783593,0.0005825696909034615,0.0004188626950169055,0.0003056009410674357,0.0002262133808736494,0.0001697788072235613,0.000129073745867807,9.928770509396213e-05,7.718714113253574e-05,6.057401696164473e-05,4.793526395638121e-05,3.821516789318018e-05,3.066675929503468e-05,2.475405056631385e-05,2.008712515684173e-05,1.63785780871012e-05,1.341393911918012e-05,1.10313360967995e-05,9.107327473443361e-06,7.5469003709508e-06,6.276315355224849e-06,5.237921280032832e-06,4.38635115386436e-06,3.685698651074571e-06,3.10739982787259e-06,2.628628197249865e-06,2.231067864766292e-06,1.899968122503568e-06,1.623409693536051e-06,1.391731598118091e-06,1.197080932206825e-06,1.03305740776573e-06,8.944314426300542e-07,7.769196787473969e-07,6.770055814089036e-07,5.917955961085469e-07,5.189034714871323e-07,4.563569790053809e-07,4.025225033690036e-07,3.560439370314442e-07,3.157930566215685e-07,2.808291400565223e-07,2.503660385331466e-07,2.237452761914129e-07,2.004140336985278e-07,1.799070968481395e-07,1.618320301936439e-07,1.458569785306971e-07,1.31700613310061e-07,1.19123832721718e-07,1.079228978834362e-07,9.792374693823729e-08
24.5,0.008939345569518449,0.009602895145689119,0.007408244933031571,0.005265053712899493,0.003640913188914767,0.0024990272267432,0.00171891437008494,0.001191416009278381,0.0008350140382801397,0.0005930041863348923,0.0004272058225129727,0.0003123038935108464,0.0002316136096813038,0.0001741381142943738,0.0001325989763042826,0.0001021435898851276,7.950526656722742e-05,6.245959428134713e-05,4.947244558026094e-05,3.947128892592235e-05,3.16957349099963e-05,2.559909460223955e-05,2.078292029828437e-05,1.695300423024453e-05,1.388944757614785e-05,1.142604125843868e-05,9.435873912293964e-06,7.821151920774404e-06,6.505903259471467e-06,5.430680825474669e-06,4.548670040313842e-06,3.822795439806713e-06,3.223546927918875e-06,2.727330788556699e-06,2.31520775148813e-06,1.971919620486168e-06,1.685133172566241e-06,1.444849133872407e-06,1.242937605834121e-06,1.072771068513411e-06,9.289331785839811e-07,8.069867896473231e-07,7.032884899528514e-07,6.148398501627514e-07,5.391677635620967e-07,4.742279290437688e-07,4.183268067662465e-07,3.700583643813344e-07,3.282526990545044e-07,2.919342195737063e-07,2.602875427678102e-07,2.326296286441108e-07,2.083869713934686e-07,1.870768957092061e-07,1.682921927822208e-07,1.516884779569838e-07,1.369737701926868e-07,1.238998882798206e-07,1.122553350008792e-07,1.018594018587512e-07
25.5,0.00865131152115855,0.009636746728729188,0.007458636952836112,0.005296811672095419,0.003660132395716123,0.002512003311476475,0.001728816737325865,0.001199563731935105,0.0008419186926768539,0.0005988811785110014,0.0004321807011324141,0.0003164819958514704,0.00023509700090849,0.000177025613472524,0.0001349827127211862,0.0001041062835171445,8.111900519268899e-05,6.378582656367541e-05,5.056272486283919e-05,4.036838430765065e-05,3.243485440279881e-05,2.62090721668008e-05,2.128729226838262e-05,1.737094622863373e-05,1.423656883540304e-05,1.171504643130369e-05,9.677108087935391e-06,8.023045980251876e-06,6.675335946648727e-06,5.573272171347887e-06,4.669018721878951e-06,3.924670623719933e-06,3.310043305360383e-06,2.800993910309911e-06,2.378135427503686e-06,2.025844036836277e-06,1.731487471272586e-06,1.484821466084074e-06,1.277515076560841e-06,1.102775515406047e-06,9.55050345865332e-07,8.297901527914398e-07,7.232587420276239e-07,6.323808647090421e-07,5.546196917001991e-07,4.87877962348965e-07,4.304180360966812e-07,3.807970832988126e-07,3.378144347906727e-07,3.004687215051627e-07,2.679229155593442e-07,2.394757625937828e-07,2.145383944648397e-07,1.926151489841538e-07,1.732878125871119e-07,1.562026528835406e-07,1.410597289927188e-07,1.276040646294766e-07,1.156183469779961e-07,1.049168773117393e-07
26.5,0.008456978929765336,0.009746590379309169,0.007550372845343075,0.005354494615892099,0.003696822800043401,0.002537254168002284,0.001747594522415862,0.001214269124841931,0.0008537512585130095,0.0006085122290212453,0.0004400478008706072,0.000322909622138271,0.0002403443957574278,0.0001813062955080453,0.0001384737336375163,0.0001069540201387623,8.344377488159247e-05,6.568596346026189e-05,5.211822693215713e-05,4.164411853280627e-05,3.348330968728383e-05,2.70726765933011e-05,2.200033317364457e-05,1.796114275085571e-05,1.472634921389912e-05,1.212257964392096e-05,1.001713404292153e-05,8.307542175525103e-06,6.914052272212264e-06,5.774159861013667e-06,4.838574554860123e-06,4.068213361734859e-06,3.431935968618911e-06,2.904822753004811e-06,2.466854269152573e-06,2.101890844588889e-06,1.79687868612028e-06,1.541228451812658e-06,1.326326185833584e-06,1.145146565223009e-06,9.919457369105226e-07,8.620164237045888e-07,7.5149199655652e-07,6.571892281668281e-07,5.76481728308265e-07,5.071978051737278e-07,4.475378371462435e-07,3.960072756375931e-07,3.513622054896196e-07,3.125650193063053e-07,2.787482566757476e-07,2.491850492131321e-07,2.232649209879687e-07,2.004739389838577e-07,1.803784034598861e-07,1.626114240211962e-07,1.468618520873024e-07,1.328651406930593e-07,1.203957832051341e-07,1.092610475506418e-07
27.5,0.008372212693923844,0.009855665262591191,0.007634277362039269,0.005405674178024915,0.003728843516819593,0.002559223182821209,0.001764052009532566,0.0012273118248251,0.0008643735249363026,0.0006172478808621404,0.0004472418373172459,0.0003288236248222916,0.0002451943678176072,0.0001852756224898009,0.0001417181478136381,0.0001096045706489888,8.560957768801721e-05,6.745703488566558e-05,5.356829448744285e-05,4.283325644910182e-05,3.44602981908448e-05,2.787704289625459e-05,2.266407444900661e-05,1.851015572449556e-05,1.518160210831536e-05,1.250106499633819e-05,1.03326391183023e-05,8.571269732336537e-06,7.135119754698762e-06,5.96000046576387e-06,4.995259425223527e-06,4.200710541193117e-06,3.544318708412583e-06,3.000437274310247e-06,2.548455055801611e-06,2.171749913814827e-06,1.856873981872332e-06,1.59291546621795e-06,1.370996087445688e-06,1.183873455008962e-06,1.02562512983898e-06,8.913966375167251e-07,7.771997976949922e-07,6.797508203524534e-07,5.963399580007739e-07,5.2472628915704e-07,4.630525820693756e-07,4.097762506663564e-07,3.636132418601567e-07,3.234923402251918e-07,2.885178842766751e-07,2.579392894510944e-07,2.311260902749117e-07,2.075474663282357e-07,1.867554174956664e-07,1.68370914502962e-07,1.520724793085886e-07,1.375867531496638e-07,1.246806931069883e-07,1.131551050284046e-07
28.5,0.008410938022247766,0.009932850385038654,0.007683650401364384,0.005434030764302884,0.00374665823795335,0.002572222970202184,0.001774665222189752,0.001236419114018164,0.0008722661248182694,0.0006240413854448197,0.0004530238722844012,0.0003336920694890794,0.0002492579437578878,0.0001886455244796187,0.000144500383434038,0.0001118952234849816,8.749271980274515e-05,6.90044478311337e-05,5.484023254545828e-05,4.387970777536131e-05,3.53224043589679e-05,2.858848624354402e-05,2.32523390788225e-05,1.899762569862918e-05,1.558649235366795e-05,1.283819656282444e-05,1.061407725853993e-05,8.806844991254358e-06,7.332851363134403e-06,6.126439270129428e-06,5.135765149183415e-06,4.319675774366595e-06,3.645349840979341e-06,3.086500713962074e-06,2.621995480903178e-06,2.234786010271708e-06,1.911076045709017e-06,1.639668391662122e-06,1.411450566161044e-06,1.218987655023957e-06,1.056198676415743e-06,9.180983609436813e-07,8.005904270288234e-07,7.003015731544138e-07,6.144477926144112e-07,5.407264388747532e-07,4.772288723127421e-07,4.223696052317886e-07,3.748287077193204e-07,3.335048986274673e-07,2.974772660389599e-07,2.659739719948693e-07,2.383466213113499e-07,2.140492326045708e-07,1.926209555039277e-07,1.736718425570303e-07,1.568711161479856e-07,1.419374766103179e-07,1.286310829126686e-07,1.167469060004839e-07
29.5,0.008584011898160823,0.01002226047067581,0.007737782532220029,0.005472117707688487,0.003776392488096604,0.002596852733649005,0.001795531755531335,0.00125412967293456,0.0008871983072182448,0.0006365224494301288,0.0004633739482345464,0.0003422215327816223,0.0002562556750836488,0.0001943700332594899,0.000149175934427043,0.0001157119538175289,9.060918965786482e-05,7.15513544428023e-05,5.692444835406394e-05,4.558816157197937e-05,3.672556960991655e-05,2.974339117524553e-05,2.420509691733171e-05,1.978552503731704e-05,1.623970430310007e-05,1.338115835366183e-05,1.106660815338394e-05,9.185043651286917e-06,7.649816350968216e-06,6.39284722802835e-06,5.360334843877031e-06,4.509540791329957e-06,3.806358222429921e-06,3.223456171969395e-06,2.738851860851043e-06,2.33480431116419e-06,1.996951414288784e-06,1.713633004029503e-06,1.475357116148809e-06,1.274377219873794e-06,1.104355976513209e-06,9.600968309601869e-07,8.373290386221865e-07,7.325349689495421e-07,6.428109874347894e-07,5.657551012741366e-07,4.99376004858359e-07,4.420192858397496e-07,3.923074288329856e-07,3.490909399802187e-07,3.114084552543489e-07,2.784541214580735e-07,2.495508765003476e-07,2.241285239300639e-07,2.017057107037952e-07,1.818750882484214e-07,1.642910739957365e-07,1.48659740711163e-07,1.347304496064501e-07,1.222889147466253e-07
30.5,0.008898320549956325,0.01003384087798761,0.00772954297783291,0.005474767259954722,0.003788483368810095,0.002613904600600791,0.001814138654465783,0.001272224747865991,0.0009037105528796762,0.0006510176209040262,0.000475787060652775,0.000352680903548544,0.000264975805484565,0.0002015906133250128,0.0001551296791922643,0.0001206095302567432,9.463377435185288e-05,7.485829845126341e-05,5.964341206395698e-05,4.782624231289137e-05,3.85706346629526e-05,3.12672267793599e-05,2.546620611068081e-05,2.083152620442912e-05,1.710934217864085e-05,1.410596612126659e-05,1.167226841132586e-05,9.692496096286387e-06,8.076155909996358e-06,6.752050668591029e-06,5.663847968632503e-06,4.766752816537711e-06,4.024985110313941e-06,3.409850592938438e-06,2.898254063777357e-06,2.471545398686527e-06,2.114618263938785e-06,1.815202256432249e-06,1.563304189516091e-06,1.350765137780678e-06,1.170907857095045e-06,1.018255133958225e-06,8.883040646906894e-07,7.773446231990836e-07,6.823134322205831e-07,6.006756125083074e-07,5.303290963038788e-07,4.695269647276738e-07,4.168142840166961e-07,3.709766329605096e-07,3.309980786065089e-07,2.960268035420693e-07,2.653469419029006e-07,2.383554627246007e-07,2.145431637987195e-07,1.934790188022387e-07,1.747972644833684e-07,1.581867304211331e-07,1.433820070794361e-07,1.301561230816871e-07
31.5,0.009356257101498287,0.009951650084281359,0.007647048290082952,0.005433946795462426,0.003778136789205505,0.002620872209143408,0.00182942473160394,0.001290484407956194,0.0009220340674987422,0.0006679727885421808,0.0004907874816114612,0.000365598341398425,0.0002759126358745031,0.0002107511275959383,0.0001627502271461159,0.0001269227071601778,9.985177664195041e-05,7.916672885436245e-05,6.320052486141044e-05,5.076481075317675e-05,4.100089634389209e-05,3.328009235206051e-05,2.713632751869628e-05,2.222004706267247e-05,1.826627372010886e-05,1.507219337435154e-05,1.248121948796272e-05,1.03715178878624e-05,8.647640717531939e-06,7.234355134582581e-06,6.072040740328568e-06,5.113222021938943e-06,4.319931640788837e-06,3.661688650537723e-06,3.113936535207376e-06,2.656828347852921e-06,2.274276131272684e-06,1.953203139852414e-06,1.682952781829295e-06,1.454819437698761e-06,1.261674593917356e-06,1.097667896867623e-06,9.579873629623519e-07,8.386664876942064e-07,7.364286722891706e-07,6.48561442384352e-07,5.728145223440425e-07,5.073170642402611e-07,4.505102957735169e-07,4.010926090167102e-07,3.579747089457498e-07,3.202429130396899e-07,2.871290681214478e-07,2.579858490795062e-07,2.322664424057499e-07,2.095078082262845e-07,1.893168675426502e-07,1.713590844621173e-07,1.553490123531514e-07,1.410424529120971e-07
32.5,0.009955621314477392,0.00990993029871645,0.007560362523773328,0.005386978948625568,0.00376760918552124,0.002632802908536845,0.001852634142592863,0.001317844952321264,0.00094949454095775,0.0006934714225293292,0.0005134474125255163,0.0003852038485550997,0.0002925901489699335,0.0002247839288785608,0.000174475529041766,0.0001366775762701999,0.0001079471201527791,8.587687990243797e-05,6.876113579372361e-05,5.537488406701628e-05,4.482662748048292e-05,3.645927030565931e-05,2.978265176665382e-05,2.442706253918071e-05,2.011081268541329e-05,1.661731083528238e-05,1.377865631726539e-05,1.146374557217922e-05,9.569546704787931e-06,8.014625394623293e-06,6.734290479360489e-06,5.676918705537462e-06,4.801147716959013e-06,4.073715159592601e-06,3.467783355574647e-06,2.961632192605986e-06,2.537633530905418e-06,2.181442438167416e-06,1.881356539191788e-06,1.627806487660832e-06,1.412949252583436e-06,1.230342407594673e-06,1.074682511393082e-06,9.41594393243748e-07,8.27461010532438e-07,7.292857444319325e-07,6.445807047205218e-07,5.712759437077923e-07,5.07645519978056e-07,4.522471712586104e-07,4.038730020900949e-07,3.615091041563166e-07,3.243024342810027e-07,2.915335997032303e-07,2.625944597300416e-07,2.369696608077793e-07,2.142213890709707e-07,1.939767588575858e-07,1.759173640943065e-07,1.597706070518205e-07
33.5,0.01068991548195497,0.009939693318584525,0.007482691112227947,0.005328274071999005,0.003743794362796081,0.002635958883669183,0.001872215124584759,0.001345597556482836,0.0009799723829056733,0.0007234501748083119,0.000541220217339518,0.0004100170617896454,0.0003142504904351353,0.0002434045471800941,0.0001903200254700682,0.0001500683858580619,0.000119214330182385,9.533161009222408e-05,7.668337391206658e-05,6.200952640307031e-05,5.038394778620122e-05,4.111758723320171e-05,3.369191283515588e-05,2.771263428499296e-05,2.287710555493855e-05,1.895106429081273e-05,1.575182091978596e-05,1.313595911899746e-05,1.099023192351804e-05,9.224749959737102e-06,7.767833836559092e-06,6.562088861614159e-06,5.561387394079643e-06,4.728532007382675e-06,4.033434073438781e-06,3.451685854343112e-06,2.963435312025905e-06,2.552495383752552e-06,2.205635968713594e-06,1.912019071290888e-06,1.662746655694405e-06,1.450497627997938e-06,1.269235571719449e-06,1.113972848532394e-06,9.805797446674177e-07,8.656297210357254e-07,7.662736768638211e-07,6.801375859523178e-07,6.05239003997506e-07,5.399188445938942e-07,4.827855337262472e-07,4.326692184771581e-07,3.885841566919976e-07,3.496977747579807e-07,3.153051693834664e-07,2.84808061096097e-07,2.576973937223942e-07,2.335389245124295e-07,2.119612710599673e-07,1.926459794723632e-07
34.5,0.01154884642645561,0.01003638452837581,0.007424868524460367,0.00526295464938819,0.003704776414348007,0.002625036971926946,0.00188255780893425,0.001369430732119262,0.001010956691049483,0.000757099905534827,0.0005746526048476043,0.000441545404782953,0.0003430089990453463,0.0002690569925642826,0.0002128521865836461,0.0001696481286355642,0.0001361012318406384,0.0001098208947722399,8.907271358096671e-05,7.258061899374829e-05,5.939337427335386e-05,4.879331180862907e-05,4.023307542497012e-05,3.329114726012934e-05,2.764013388130976e-05,2.302383538030691e-05,1.92404441444329e-05,1.613008128438846e-05,1.356544479013149e-05,1.144471953088295e-05,9.686151920268659e-06,8.223863986607221e-06,7.004600052798135e-06,5.985181931720042e-06,5.130507034721169e-06,4.411965691178799e-06,3.80618436344041e-06,3.29402373563501e-06,2.859777190418095e-06,2.490527575418954e-06,2.175629526462327e-06,1.906291753538688e-06,1.675239177696079e-06,1.476439044933727e-06,1.304878438596994e-06,1.156383187816293e-06,1.027470192698088e-06,9.152267825911678e-07,8.172119868997317e-07,7.313756012503341e-07,6.559917312167941e-07,5.896041344854809e-07,5.30981193908226e-07,4.790787645944543e-07,4.33009468633046e-07,3.92017277426498e-07,3.554564367808686e-07,3.227739639833525e-07,2.934950871903351e-07,2.67211111978207e-07
35.5,0.0125190162093585,0.01021257963915665,0.007376529034318365,0.005158980102372293,0.003602780496175839,0.00254438482399702,0.001827145853036182,0.00133688233343743,0.0009967988772825449,0.0007566518501943326,0.000583798259917923,0.0004569676610806924,0.0003621791200612292,0.0002901270273355369,0.0002345218295125179,0.0001910380910567076,0.0001566453324751818,0.0001291795175562422,0.0001070660612735448,8.913865830071034e-05,7.451912039079656e-05,6.253640930857085e-05,5.267113268100533e-05,4.451679983476048e-05,3.775227495685932e-05,3.21218348209272e-05,2.742048195510041e-05,2.348295559713342e-05,2.017539142661876e-05,1.738891172307939e-05,1.503464539652864e-05,1.30398229127468e-05,1.134468999617611e-05,9.900052263556721e-06,8.665310902125489e-06,7.606883778496403e-06,6.696931261734769e-06,5.912324413379248e-06,5.233806943911227e-06,4.645312754725844e-06,4.133408871638521e-06,3.686839758389876e-06,3.296153824548842e-06,2.953396736359543e-06,2.651859140232008e-06,2.385868794768987e-06,2.150619012813118e-06,1.942026842510042e-06,1.756615644787466e-06,1.591417715288644e-06,1.443893399658142e-06,1.311863799926205e-06,1.193454696457416e-06,1.087049738267131e-06,9.912513034100065e-07,9.048477157725136e-07,8.267857371272669e-07,7.561474435262407e-07,6.921307509222298e-07,6.340329826971243e-07
36.5,0.01358629054343222,0.0101868642644183,0.007061713417567052,0.004740917043913103,0.003157963679387124,0.002112161639084701,0.00142723408330927,0.0009776693268844809,0.0006802572403521859,0.0004812845745267827,0.0003463746354418543,0.0002535305278485639,0.000188617166704358,0.0001424876512198587,0.0001091693634835905,8.472057005028374e-05,6.650826161974518e-05,5.275017788669169e-05,4.222271781164363e-05,3.407332975894321e-05,2.769900002073648e-05,2.266679581246042e-05,1.866134817876802e-05,1.544973016884081e-05,1.285766934668868e-05,1.075322051970046e-05,9.035403535098377e-06,7.626185278360165e-06,6.464742836961028e-06,5.503303298135043e-06,4.704087940579326e-06,4.037040460886015e-06,3.478119170362765e-06,3.008000040202989e-06,2.611082665084125e-06,2.274722089558588e-06,1.988630794674751e-06,1.744410095176051e-06,1.535180799378915e-06,1.355290592607169e-06,1.20008113039136e-06,1.065701885191845e-06,9.489608015970268e-07,8.472040715582137e-07,7.58219047603909e-07,6.801556129042882e-07,6.11462326258488e-07,5.508344326848856e-07,4.971714312970004e-07,4.495423621901652e-07,4.071573434677131e-07,3.693441811130238e-07,3.355291054652385e-07,3.052208717948988e-07,2.779976090596624e-07,2.534959182056878e-07,2.314018154755271e-07,2.114431918608873e-07,1.9338352084344e-07,1.770165958494886e-07
37.5,0.01467979355751208,0.01038449984922537,0.007026501786258565,0.004658299468111343,0.003078260052249353,0.002046794236037293,0.001376378646448011,0.0009386927028059687,0.000650318991263599,0.0004580399457801771,0.0003280588335477214,0.0002388651415703128,0.0001766887425079656,0.0001326436615653901,0.0001009399801590716,7.77631297467838e-05,6.056889311297396e-05,4.763757690883831e-05,3.779024568338014e-05,3.020672911646267e-05,2.430788209284001e-05,1.967866449079707e-05,1.601734157405003e-05,1.310153673568863e-05,1.076525752479314e-05,8.883140038843888e-06,7.359494736997612e-06,6.120584357925637e-06,5.109105142459721e-06,4.280189794260864e-06,3.598475524457427e-06,3.035927540435086e-06,2.570205393090773e-06,2.183424356757729e-06,1.861207719832696e-06,1.591955709561878e-06,1.366277406002447e-06,1.176546439640229e-06,1.016551498131454e-06,8.812200048371649e-07,7.663986555050736e-07,6.686784053702928e-07,5.852543947745974e-07,5.138134693127677e-07,4.524435880484099e-07,3.99560660383391e-07,3.538493088786536e-07,3.142147942130297e-07,2.797439125571893e-07,2.496731240953963e-07,2.233625234384983e-07,2.002745401801197e-07,1.799564774782075e-07,1.620261709805834e-07,1.461601893983825e-07,1.320841090919119e-07,1.195644840159163e-07,1.084022038385339e-07,9.842699057749206e-08,8.949283050370696e-08
38.5,0.01590662768634352,0.01071650484924126,0.007080894964359196,0.004635356943541192,0.003040278886193192,0.00201194831424302,0.001348673918557342,0.000917800474503436,0.0006348598165527837,0.0004466318987668631,0.0003195908926125789,0.000232514330064056,0.0001718665303023088,0.0001289347353089371,9.805160476371415e-05,7.548770595145154e-05,5.87576402542932e-05,4.618247056283177e-05,3.661173585795014e-05,2.924539257573876e-05,2.351871750534932e-05,1.902715644905473e-05,1.547671159283821e-05,1.265079634047089e-05,1.038780888805183e-05,8.565755078954239e-06,7.091559476575644e-06,5.89353195667732e-06,4.915985147716281e-06,4.11533718280438e-06,3.457253871378991e-06,2.914527964139031e-06,2.465487962169603e-06,2.092792162520779e-06,1.78250631150362e-06,1.52339238178185e-06,1.306356135328548e-06,1.12401523246702e-06,9.70359634865123e-07,8.404832116446329e-07,7.303706525879553e-07,6.367276027520057e-07,5.568447569005426e-07,4.884887656866187e-07,4.298144014198336e-07,3.792936461607236e-07,3.356582966106693e-07,2.978533995968077e-07,2.649993906466118e-07,2.363612444223077e-07,2.113232881172563e-07,1.893685987036386e-07,1.700621183698693e-07,1.530367919592852e-07,1.379821652101736e-07,1.246349904315305e-07,1.127714726209219e-07,1.022008583815036e-07,9.276012580500286e-08,8.430957849454471e-08
39.5,0.01712758740140611,0.01097876356108578,0.007089940484764356,0.004585607985078869,0.002986621913811094,0.001967923916791598,0.001315567655780631,0.0008937125249974012,0.0006175050799521367,0.0004341025790725777,0.0003104669777667058,0.0002257889313979869,0.0001668403490430773,0.0001251250858837952,9.512447116359812e-05,7.321007413249043e-05,5.696505340719079e-05,4.475725007008087e-05,3.546842204572461e-05,2.832098961308831e-05,2.276611261321334e-05,1.841063556800548e-05,1.496886549217834e-05,1.223035603351865e-05,1.003810860797794e-05,8.273624303350917e-06,6.846512337172545e-06,5.687165800093241e-06,4.741528399122386e-06,3.967305372427091e-06,3.331185139566682e-06,2.806777751400401e-06,2.373068316214337e-06,2.013245055374924e-06,1.713803139214317e-06,1.463853797591865e-06,1.254587795253089e-06,1.078856076989209e-06,9.308401045855417e-07,8.057913750431037e-07,6.99824663754566e-07,6.09753243297905e-07,5.329570757570466e-07,4.672770322167796e-07,4.109297451069218e-07,3.624388803660263e-07,3.205795221657832e-07,2.843330620855045e-07,2.528505275293278e-07,2.254227080307337e-07,2.014557706001705e-07,1.804513172626487e-07,1.619900451689804e-07,1.457183341707499e-07,1.313372177547978e-07,1.185932978648623e-07,1.072712479286699e-07,9.718761567412597e-08,8.818569143985623e-08,8.013125132322032e-08
40.5,0.01834567718252629,0.01124731026108538,0.007090731116232179,0.004525162156462566,0.002924365734243051,0.001917920792600794,0.001278552157686149,0.0008671483829072158,0.0005986146658241533,0.0004206391378464887,0.000300788121635838,0.0002187451153354287,0.0001616418185762489,0.0001212321947144914,9.216751804125697e-05,7.093380185976307e-05,5.519122912497619e-05,4.335974109868047e-05,3.435665253444396e-05,2.742893480492787e-05,2.204492997394169e-05,1.782368399836875e-05,1.448829894198363e-05,1.183476257604844e-05,9.710850487372045e-06,8.001653460769275e-06,6.619512687595231e-06,5.496923213041015e-06,4.581461672161904e-06,3.832112695602567e-06,3.216574592744592e-06,2.709259777971553e-06,2.28979448699608e-06,1.941881809614071e-06,1.65243223257432e-06,1.410893333927765e-06,1.208729254661422e-06,1.039013865881989e-06,8.961109709379048e-07,7.754216393511031e-07,6.731836725760663e-07,5.863117985585561e-07,5.122698581988828e-07,4.489682420922538e-07,3.946813424000131e-07,3.479809313729102e-07,3.076822572695327e-07,2.728003270526522e-07,2.425143722007696e-07,2.161389053475857e-07,1.931000981616657e-07,1.729164651175698e-07,1.551830388963811e-07,1.395583827625897e-07,1.257539123573346e-07,1.135251008445772e-07,1.026642226183103e-07,9.299435601521136e-08,8.436441796074493e-08,7.664504578951441e-08
41.5,0.01953351725154987,0.01157215258903497,0.007130640193830184,0.004489900753052751,0.002878929964287615,0.001879440076827328,0.001249537467909894,0.0008461960578824679,0.0005837022409347246,0.0004100297329017661,0.0002931843479720952,0.0002132312162209634,0.0001575871033544721,0.0001182060101985221,8.987558313253632e-05,6.917367238602079e-05,5.382214892676931e-05,4.22825461511948e-05,3.350044986529179e-05,2.674226402206744e-05,2.148986675781034e-05,1.737187138553605e-05,1.411824566240569e-05,1.152997957055261e-05,9.458546991169293e-06,7.791810875961187e-06,6.444216815632705e-06,5.349875656833022e-06,4.457617318529363e-06,3.727407242051624e-06,3.127717325968272e-06,2.633574303715033e-06,2.225095163421661e-06,1.886377087925253e-06,1.604648499020785e-06,1.369614526060898e-06,1.172948720351898e-06,1.007895796960564e-06,8.689593750037755e-07,7.516552812453326e-07,6.52315767684047e-07,5.679335056498352e-07,4.960368225063318e-07,4.345895958243419e-07,3.819106914287081e-07,3.366089518738617e-07,2.975306008285738e-07,2.637165918305087e-07,2.34367944659359e-07,2.088175144416343e-07,1.865069538236162e-07,1.669678768829425e-07,1.498064298517716e-07,1.346906296035927e-07,1.213399549685868e-07,1.09516775050557e-07,9.901927807044212e-08,8.96756279511928e-08,8.133912709348759e-08,7.388420509386471e-08
42.5,0.02066193426291473,0.01184579871911318,0.007136490865728597,0.004433239856049859,0.00282014847950248,0.001832537518007949,0.001215099306142365,0.0008216683859512624,0.0005663761053128,0.0003977532471164495,0.0002844043886766406,0.0002068710447001137,0.0001529125024162807,0.0001147183617504064,8.723510024470364e-05,6.714686429529812e-05,5.224669322789721e-05,4.104403818558414e-05,3.251704889752978e-05,2.595452384049555e-05,2.08539540719783e-05,1.685499938705528e-05,1.369556249949236e-05,1.11824195355765e-05,9.17132499233282e-06,7.553351779792232e-06,6.24538262735751e-06,5.183399563221071e-06,4.317683509690345e-06,3.609334980285917e-06,3.02772063942236e-06,2.548577299823743e-06,2.152588778867037e-06,1.824307076254733e-06,1.551327221232271e-06,1.323651053829527e-06,1.133193148316693e-06,9.733946629735106e-07,8.389198213733428e-07,7.254161341888207e-07,6.293241201447305e-07,5.477256975969145e-07,4.782229490090105e-07,4.188408552241533e-07,3.679490272730387e-07,3.241985527320585e-07,2.864709089344144e-07,2.538365400861542e-07,2.25521195968222e-07,2.00878520706304e-07,1.793676866218471e-07,1.605351096503464e-07,1.439994737761457e-07,1.294394434836244e-07,1.165835638812659e-07,1.052019444950315e-07,9.509939985619953e-08,8.61097819084889e-08,7.809128904929109e-08,7.092257675352646e-08
43.5,0.02170277838448671,0.01205141702750927,0.007107219418607124,0.00435885631575445,0.002752203226901653,0.001780756775615322,0.001177987753586343,0.0007956324633030998,0.0005481742386625189,0.0003849538065184423,0.000275303478716,0.0002003085063666286,0.0001481067756708028,0.0001111433203435474,8.453463131441115e-05,6.507760234599723e-05,5.064023960514982e-05,3.978218857206054e-05,3.151554864238611e-05,2.515236804630715e-05,2.020628539456424e-05,1.632834538490044e-05,1.32646026635166e-05,1.082776051968077e-05,8.877947093155424e-06,7.30950764081874e-06,6.041804643532323e-06,5.012721005471693e-06,4.174009794937433e-06,3.487921994379867e-06,2.924730505818677e-06,2.460890962774584e-06,2.077660816629729e-06,1.760052286221614e-06,1.496031373247923e-06,1.275900210013763e-06,1.09181737161513e-06,9.374229632693422e-07,8.075439379250858e-07,6.979613077905218e-07,6.052254233307575e-07,5.265088048996635e-07,4.59488468688907e-07,4.022515281754926e-07,3.532192417379817e-07,3.110857350550983e-07,2.747684382458051e-07,2.433679040136972e-07,2.161351593775733e-07,1.924451231986611e-07,1.717749194758151e-07,1.536861509329743e-07,1.378103829029542e-07,1.238372347001339e-07,1.115045928488497e-07,1.005905540854756e-07,9.090678094123004e-08,8.229301280905846e-08,7.461252373247976e-08,6.774835711068986e-08
44.5,0.02262982670579549,0.01225327047146041,0.007089926457496469,0.004295895875809075,0.002693004639696832,0.001735372254750544,0.001145514968005131,0.0007729713891542279,0.0005324470202555515,0.0003739875278253307,0.0002675759890591635,0.0001947869548574063,0.0001440990388852227,0.00010818653999655,8.231788542436942e-05,6.339017255969902e-05,4.933760094436101e-05,3.876381064862664e-05,3.071041822410752e-05,2.450951323172524e-05,1.968853035218001e-05,1.590815474070021e-05,1.292128389830219e-05,1.054555536037477e-05,8.644710399271451e-06,7.11577894592402e-06,5.880145503378122e-06,4.877234803324432e-06,4.059988639959966e-06,3.391583486495135e-06,2.843019001267534e-06,2.391325811573434e-06,2.018219281911025e-06,1.709078401985756e-06,1.452164430483793e-06,1.238018254261905e-06,1.058992289842477e-06,9.088845929630677e-07,7.826512515919713e-07,6.76179181888981e-07,5.861058397412532e-07,5.096755880931845e-07,4.446248555582978e-07,3.890900161070839e-07,3.415332753888996e-07,3.006828817599052e-07,2.654847720779797e-07,2.350633737703354e-07,2.086897595053776e-07,1.85755721479208e-07,1.657526230771435e-07,1.482541147024856e-07,1.329019816762712e-07,1.193945358296158e-07,1.074770768168755e-07,9.693404051460282e-08,8.758252498325861e-08,7.926694313493483e-08,7.185459843130032e-08,6.523201795968241e-08
45.5,0.02341795681254071,0.01239816930271107,0.007055618325815438,0.004229825782100305,0.002634930870310122,0.001692119018684184,0.001115154861226194,0.0007521205726957134,0.0005181912178820878,0.0003641933183522143,0.0002607765579919008,0.0001900008074235722,0.0001406763144156301,0.0001056975468103262,8.047725244033689e-05,6.20067726038489e-05,4.828196361242723e-05,3.794703824617983e-05,3.007054831441021e-05,2.400266647714833e-05,1.928312716409783e-05,1.558110318885828e-05,1.26554395164805e-05,1.032800716864992e-05,8.465608338478768e-06,6.967519822031072e-06,5.756799177305692e-06,4.774133504212732e-06,3.97342860400571e-06,3.318605080852108e-06,2.781242506103952e-06,2.338827255181504e-06,1.973435510446741e-06,1.670733775822435e-06,1.419213719899543e-06,1.209601808408985e-06,1.034400600695411e-06,8.875301173875968e-07,7.640458865813988e-07,6.599161746755127e-07,5.718451991222432e-07,4.97132275314049e-07,4.335591927168818e-07,3.792998714193539e-07,3.328476777706989e-07,2.929567891834542e-07,2.585947742357701e-07,2.289041535217484e-07,2.031711722089231e-07,1.808003787349871e-07,1.61293889214607e-07,1.44234441763842e-07,1.292715226003622e-07,1.161099867577982e-07,1.045007084843807e-07,9.423288599875608e-08,8.512769700062492e-08,7.703305888700387e-08,6.981929391018716e-08,6.337553681467509e-08
46.5,0.02404119895280089,0.01244011700001858,0.006978795864630476,0.004146225231003427,0.002569013658102664,0.001644979395791877,0.001082656584104884,0.0007299703683785939,0.0005030741435811016,0.0003537876057289189,0.0002535207186281611,0.000184862149080831,0.000136975048773327,0.0001029850989335828,7.845550166172923e-05,6.047550018561154e-05,4.710494493808577e-05,3.70302084238047e-05,2.93479097196066e-05,2.34271430298486e-05,1.882058096913893e-05,1.520637993854768e-05,1.234972314558664e-05,1.007702621083972e-05,8.258401807684015e-06,6.795574907021575e-06,5.613439205949215e-06,4.654076733641693e-06,3.872465342673067e-06,3.233358031406008e-06,2.708986531495888e-06,2.277352209980357e-06,1.920940728107307e-06,1.625746136157974e-06,1.380523496708905e-06,1.17621207259963e-06,1.005487060456981e-06,8.62409064836419e-07,7.421484892612745e-07,6.407677666738957e-07,5.550485350933894e-07,4.823539419773131e-07,4.20518547598681e-07,3.677600125937632e-07,3.226080516940297e-07,2.838471240243125e-07,2.504700889248719e-07,2.216406421808424e-07,1.966628027204546e-07,1.749560752852879e-07,1.56035193433386e-07,1.394935669330499e-07,1.249897313520877e-07,1.122362355289972e-07,1.00990512375609e-07,9.104736608954867e-08,8.223277899651758e-08,7.439879752224999e-08,6.741930205255969e-08,6.118650191122307e-08
47.5,0.02447228180964165,0.01244983217453723,0.006899530765113876,0.00406553099803266,0.00250648727678124,0.00160077857235174,0.001052539203162403,0.0007097108737293746,0.0004894505910903876,0.0003445621774819023,0.0002472003711282866,0.0001804679519427075,0.000133868831781611,0.0001007503691967298,7.681889598946153e-05,5.925597714399114e-05,4.618120947343789e-05,3.631988162297404e-05,2.879419043201425e-05,2.299022951353844e-05,1.847211649714161e-05,1.49258245647958e-05,1.212195834728596e-05,9.890754022386396e-06,8.105060315998801e-06,6.668592750845352e-06,5.507715224345578e-06,4.565611074891944e-06,3.798093881627898e-06,3.170558285608503e-06,2.655733806795398e-06,2.232011566790646e-06,1.882184870906592e-06,1.592492329575356e-06,1.351884632291695e-06,1.151458389162763e-06,9.840159746719673e-07,8.437212377295133e-07,7.258287301608392e-07,6.264697192910041e-07,5.424823411263255e-07,4.712762630849951e-07,4.107244653624907e-07,3.590764310330522e-07,3.148883070264068e-07,2.769665680650444e-07,2.443224604011429e-07,2.161350776457182e-07,1.917213681550506e-07,1.705117227125242e-07,1.520300653139924e-07,1.358775858223982e-07,1.217194240671349e-07,1.092737505265647e-07,9.830279665641244e-08,8.860547409164923e-08,8.001129092139664e-08,7.237532857857955e-08,6.557408739077326e-08,5.950204470233844e-08
48.5,0.02468799941090443,0.01241452004094015,0.006810549897534683,0.003983282640897062,0.002444213833294866,0.001557056579987356,0.001022768320141527,0.0006896292285983451,0.0004758747074987253,0.0003352994318716447,0.0002407933726020037,0.0001759624278436615,0.0001306424760485741,9.839631477169067e-05,7.506923526288221e-05,5.793244263828804e-05,4.516361252813255e-05,3.552595121698093e-05,2.816666633417528e-05,2.248855665072225e-05,1.806705903890122e-05,1.45959386673603e-05,1.18512546134629e-05,9.667127245629975e-06,7.919218750291662e-06,6.513316239939909e-06,5.377332613445087e-06,4.455625918917504e-06,3.704911978020184e-06,3.091286240961358e-06,2.588027963298009e-06,2.173963206099213e-06,1.832231956595277e-06,1.549350947510746e-06,1.314495248534433e-06,1.118943390113676e-06,9.556458910727037e-07,8.188877166232123e-07,7.040227944315217e-07,6.072642006674699e-07,5.255176281545348e-07,4.562486966810458e-07,3.97376859100051e-07,3.471903037859307e-07,3.042775007982057e-07,2.674719901075634e-07,2.358077406332556e-07,2.084829733024811e-07,1.848307800280344e-07,1.642952131709107e-07,1.464117889532269e-07,1.307915601703391e-07,1.171080811344875e-07,1.05086720778723e-07,9.449588572432622e-08,8.513979963681229e-08,7.685255284645192e-08,6.949319048616805e-08,6.294165104318425e-08,5.709540238658435e-08
49.5,0.02468199807429278,0.01229419417884178,0.006689137718495025,0.003886973820493796,0.002374937061156954,0.001509457911680891,0.0009906952854356933,0.0006681153963055869,0.0004613780004996242,0.0003254292478581268,0.000233976845272682,0.000171175338336479,0.0001272189699022961,9.590182119494756e-05,7.321789778803207e-05,5.653417066351812e-05,4.409030532055295e-05,3.468996018508517e-05,2.750701954512179e-05,2.196209771500212e-05,1.764270148512657e-05,1.425090284701315e-05,1.156857357109363e-05,9.43397112833784e-06,7.725752261170966e-06,6.351907124002184e-06,5.24199427251706e-06,4.341618390521772e-06,3.608451655467264e-06,3.009331443225071e-06,2.518118263218456e-06,2.114097466167819e-06,1.780774663371236e-06,1.504959534257177e-06,1.276063192091589e-06,1.085555306832485e-06,9.265418588002935e-07,7.93434758279344e-07,6.81691967121907e-07,5.876121043259864e-07,5.081714207125511e-07,4.408939067224078e-07,3.837474410971093e-07,3.350604987079709e-07,2.93455155586891e-07,2.577930599872125e-07,2.271317533725182e-07,2.006892779721888e-07,1.778154371868995e-07,1.579684107700072e-07,1.406956901104121e-07,1.256185064977135e-07,1.124190894095554e-07,1.008302221359038e-07,9.06266657577659e-08,8.161810528066373e-08,7.364333797694461e-08,6.656547714241825e-08,6.02679872072264e-08,5.465140057061293e-08
50.5,0.02447946263429293,0.01215984808927701,0.006574348372279975,0.00379815378752954,0.002311778160619772,0.001466645081278525,0.0009623600156137089,0.0006495390059811543,0.0004492056798673763,0.0003174094713146605,0.000228640977727707,0.0001675783229938721,0.0001247557824488162,9.418506881383642e-05,7.199858066666321e-05,5.565116167983538e-05,4.343837790783676e-05,3.419960958671314e-05,2.713172187702292e-05,2.167024279629524e-05,1.741246054195482e-05,1.406694189463403e-05,1.141993129393207e-05,9.312675046806337e-06,7.625905947198734e-06,6.269080315424956e-06,5.172809571909697e-06,4.283466917728714e-06,3.559294311664811e-06,2.967557767581068e-06,2.48244458754602e-06,2.083492287718732e-06,1.754403160364803e-06,1.482141753220297e-06,1.256242147882458e-06,1.068272374381401e-06,9.114176018932287e-07,7.801538635505356e-07,6.699913131458506e-07,5.772712495352716e-07,4.990049745466222e-07,4.327453788264525e-07,3.764842587972796e-07,3.28569953678632e-07,2.876410936238863e-07,2.525731679684437e-07,2.224353282299617e-07,1.964553862370472e-07,1.739913921422856e-07,1.54508508721309e-07,1.375601586969602e-07,1.227726270173523e-07,1.098324623350245e-07,9.847615076760944e-08,8.848163758754017e-08,7.966135437197734e-08,7.1856474682693e-08,6.493217392591922e-08,5.877371131879404e-08,5.328318595069047e-08
51.5,0.02414187063194534,0.01201590451157162,0.006467762581207763,0.003718119550798199,0.002255369675032371,0.001428650841216005,0.0009374222419639531,0.0006333815817015173,0.0004387867980178969,0.0003106864225500704,0.0002242827981081011,0.0001647314301821521,0.0001228769501576249,9.29295117209297e-05,7.114731085104867e-05,5.506463990951567e-05,4.302721481205301e-05,3.390612900833085e-05,2.691837663889933e-05,2.15123307960139e-05,1.729353351336903e-05,1.3975899946187e-05,1.134917441411339e-05,9.256919212802655e-06,7.581418837715349e-06,6.233183342764376e-06,5.143550031436583e-06,4.259399626843937e-06,3.539334331565721e-06,2.95087972698562e-06,2.468412891449756e-06,2.07161203764033e-06,1.74428513986371e-06,1.473477092430475e-06,1.248783740076406e-06,1.061821068061769e-06,9.058118169556433e-07,7.752616954000328e-07,6.657044677387279e-07,5.735003420813604e-07,4.956758552290547e-07,4.297962399477911e-07,3.738633420396981e-07,3.262337221180967e-07,2.85552766394269e-07,2.507015398241071e-07,2.20753814288136e-07,1.949412456740992e-07,1.726250948114642e-07,1.532732164286233e-07,1.364412988407178e-07,1.217575409159906e-07,1.089101141657735e-07,9.763688585744646e-08,8.771698101815053e-08,7.896384261743265e-08,7.121951439494437e-08,6.434992309727631e-08,5.824097894256405e-08,5.279534701766448e-08
52.5,0.02375436060946848,0.01186356567030872,0.006370384539562083,0.003649512847749164,0.002208363334117184,0.001397577545427788,0.0009173990570090129,0.0006206885533641722,0.000430822924816103,0.0003057222798185178,0.0002212017278474876,0.0001628248818640937,0.0001217000409768328,9.220470248114117e-05,7.07021379322378e-05,5.479218598230846e-05,4.286128830642654e-05,3.380578399536599e-05,2.685829781615897e-05,2.147687568677268e-05,1.727304529804891e-05,1.396442644701253e-05,1.134305672644973e-05,9.253917942294473e-06,7.580172752373065e-06,6.232873709173443e-06,5.143692351004451e-06,4.259714380604083e-06,3.539666786829308e-06,2.951150247208887e-06,2.46858622949421e-06,2.071678449526039e-06,1.744248857674039e-06,1.473349373396991e-06,1.248578753708417e-06,1.061553534968057e-06,9.054957204001199e-07,7.749096417217544e-07,6.653274317138384e-07,5.731076336803677e-07,4.952752072183347e-07,4.293939552782772e-07,3.734644646618788e-07,3.258422102320901e-07,2.851716566345322e-07,2.503330966672048e-07,2.203996624356121e-07,1.946024851724448e-07,1.723023997792951e-07,1.529669188165298e-07,1.361514588720999e-07,1.214840058858886e-07,1.086525671954937e-07,9.739488606879848e-08,8.748999643450496e-08,7.875127693848327e-08,7.102072863861237e-08,6.416425296109585e-08,5.806774861047095e-08,5.26338800268571e-08
53.5,0.02340096870448683,0.01180941931942379,0.006341615461856537,0.003624699009863442,0.002189445853127326,0.001384939116475562,0.0009098030702027823,0.0006165955878158266,0.0004289551591371893,0.0003051719849868173,0.0002213760106843193,0.0001633578894103189,0.000122376716041837,9.29051596053061e-05,7.136429375958339e-05,5.538784091250283e-05,4.338132445661139e-05,3.425125485859616e-05,2.723520802074696e-05,2.179321751827226e-05,1.753718672878892e-05,1.418429131427986e-05,1.152575753584665e-05,9.405638591733181e-06,7.706182259999255e-06,6.337602632776653e-06,5.230833742091348e-06,4.33232882647079e-06,3.600281313422105e-06,3.001846616230741e-06,2.511077302226378e-06,2.107372910258516e-06,1.774305347653724e-06,1.498721368078452e-06,1.270051546315516e-06,1.079774596220138e-06,9.209995592959688e-07,7.881381340316759e-07,6.766464308446024e-07,5.828205417056641e-07,5.036340651302327e-07,4.366085108982088e-07,3.79709592688035e-07,3.312639895552079e-07,2.898923531790262e-07,2.544552535850521e-07,2.240094616946067e-07,1.977725138885787e-07,1.750939297407763e-07,1.554317874521613e-07,1.383336235403308e-07,1.234208300770907e-07,1.103758864592348e-07,9.893189272229813e-08,8.88639749916967e-08,7.99822164090483e-08,7.212583313094765e-08,6.51583681789663e-08,5.896371869569134e-08,5.344284663697813e-08
54.5,0.02314285359014461,0.01177834542506948,0.00633522483887819,0.00361935051001247,0.002185272288881679,0.001382831241739995,0.0009095909223831841,0.0006176827513902107,0.0004307555560950437,0.0003072535392689396,0.0002234659977061266,0.0001653054762226398,0.0001241122488834808,9.440821287703045e-05,7.264175293416198e-05,5.646003232481649e-05,4.427377640133563e-05,3.499011234772518e-05,2.784489529001467e-05,2.229542055258525e-05,1.795057275366486e-05,1.452461260128333e-05,1.18061338020393e-05,9.636902800817249e-06,7.89722879180079e-06,6.495708251325453e-06,5.361939456963398e-06,4.441280212121284e-06,3.691029573419358e-06,3.077614729733425e-06,2.57449619510957e-06,2.160592462318457e-06,1.819084580277171e-06,1.53650157158182e-06,1.302015515607062e-06,1.106894600874445e-06,9.440762003558123e-07,8.078318386120618e-07,6.935030023626306e-07,5.972919102934503e-07,5.160951605973345e-07,4.47371000949182e-07,3.890330843420184e-07,3.393651753237233e-07,2.969524900783941e-07,2.606262880079119e-07,2.294190528978913e-07,2.025281604336775e-07,1.792863642851614e-07,1.591377739506798e-07,1.416182656580678e-07,1.26339479237714e-07,1.129757214895615e-07,1.012532297357886e-07,9.094135536539053e-08,8.184531195780406e-08,7.38002004753876e-08,6.666607852299181e-08,6.032388452189833e-08,5.467206298955671e-08
55.5,0.02301137075373305,0.01175648373732294,0.006337273015120067,0.003624650351592726,0.002190681052265673,0.001388193987060857,0.0009148683647068292,0.0006227167964102532,0.0004353834035700896,0.0003113721860959259,0.0002270390946096498,0.0001683466361242352,0.0001266650065614889,9.653008512873792e-05,7.439366175723373e-05,5.790016272789092e-05,4.545451863567176e-05,3.595693395930987e-05,2.863631551494133e-05,2.294354886233997e-05,1.848188556264015e-05,1.496078366478176e-05,1.216482240853982e-05,9.932456465125037e-06,8.141286752795188e-06,6.69770761972883e-06,5.529533160733361e-06,4.58067857073709e-06,3.807277573818702e-06,3.174816140224844e-06,2.655994246008693e-06,2.229115318944019e-06,1.876862419806009e-06,1.58536082799565e-06,1.343454797590426e-06,1.142145908753282e-06,9.74154350307666e-07,8.335744218463094e-07,7.156027405626721e-07,6.163228954431957e-07,5.325341694665408e-07,4.616148370687183e-07,4.014127110726078e-07,3.501572527734794e-07,3.063888082809934e-07,2.689014926635011e-07,2.366969831243804e-07,2.089470564316424e-07,1.849631534607041e-07,1.641716043926387e-07,1.460934239679621e-07,1.303278040070923e-07,1.165386029745338e-07,1.044432695097239e-07,9.380374615527368e-08,8.441898686294723e-08,7.611879182994336e-08,6.87587193964194e-08,6.221587993380514e-08,5.638545308986808e-08
56.5,0.02301572491269761,0.01181062299259495,0.006393332176346797,0.003668581166287865,0.002223108297276071,0.001412256554141386,0.0009331096782576136,0.0006368221764657682,0.0004464443401337925,0.000320122634335511,0.000233999190352676,0.0001739019866207636,0.0001311104249214064,0.0001000950930522629,7.725867171045189e-05,6.020765167353461e-05,4.731725567199673e-05,3.746428229027808e-05,2.985915756109493e-05,2.39381675012236e-05,1.929302955734615e-05,1.56240877638661e-05,1.270871570690161e-05,1.037966564677501e-05,8.510019568993524e-06,7.002584686679759e-06,5.782322084852521e-06,4.790873012779911e-06,3.982554724193294e-06,3.321398816840972e-06,2.778938101274741e-06,2.332537155192115e-06,1.964122109240169e-06,1.659206605194012e-06,1.406139570692523e-06,1.195520585293338e-06,1.019742889482326e-06,8.726343243540979e-07,7.491739060469334e-07,6.452671665593452e-07,5.575674025258868e-07,4.833329626679084e-07,4.203129514092783e-07,3.666554279528017e-07,3.20833478280709e-07,2.815855342404043e-07,2.478670836494745e-07,2.188115130749925e-07,1.936982913430529e-07,1.71927067388776e-07,1.529965437313787e-07,1.364872140808807e-07,1.220472336605206e-07,1.093808339832577e-07,9.82388079443517e-08,8.841068230907176e-08,7.971826775842793e-08,7.201033534214524e-08,6.515821541157238e-08,5.905215317910609e-08
57.5,0.02315488884116678,0.01195037623042709,0.00651102225911313,0.00375675111656053,0.002286890772342816,0.001458483132744172,0.0009671124091434541,0.0006622595505100822,0.0004657600597416525,0.000334967992603248,0.0002455182072033273,0.0001829085476731832,0.0001381970900369547,0.0001057012993653218,8.171493892903742e-05,6.376528198155379e-05,5.016894520753283e-05,3.975880819949174e-05,3.171205824484277e-05,2.543962835088172e-05,2.051377246572869e-05,1.661980886268058e-05,1.352345315768672e-05,1.104837094325399e-05,9.0605312412132e-06,7.457150718202549e-06,6.158779609458526e-06,5.103566407507282e-06,4.243053061309474e-06,3.539058730404514e-06,2.961347031694308e-06,2.485863638073261e-06,2.093393538451751e-06,1.768530190955524e-06,1.498878641493432e-06,1.274435660933158e-06,1.087104869853431e-06,9.303155379204524e-07,7.987215265529584e-07,6.879625490783497e-07,5.944741450381149e-07,5.153359175805535e-07,4.481499554236058e-07,3.909431600312289e-07,3.420885724691386e-07,3.002418501157647e-07,2.64289859372502e-07,2.33308984523107e-07,2.065312478847861e-07,1.833167245456894e-07,1.631310405692756e-07,1.45526985002802e-07,1.301294574461131e-07,1.166231251487846e-07,1.047422849770746e-07,9.426252262426968e-08,8.499383919543358e-08,7.677497774717335e-08,6.94687326222278e-08,6.295806494561757e-08
58.5,0.02342364058553215,0.01219289823082888,0.006699693691793943,0.003893143434641832,0.002383419613152743,0.001527093424164852,0.001016594833804367,0.0006985616647704394,0.0004928260545899125,0.0003554331930001061,0.000261176860294848,0.0001950093757797045,0.0001476276901636681,0.0001131044535700053,8.756357653381079e-05,6.841202421174775e-05,5.387967284715505e-05,4.273592095614808e-05,3.41109076470922e-05,2.738032050298592e-05,2.208976398290591e-05,1.790424183314319e-05,1.457387178741041e-05,1.191026492775783e-05,9.770019069943141e-06,8.043026370010826e-06,6.644083951032271e-06,5.506800945701233e-06,4.579122645482702e-06,3.820007474089494e-06,3.196935517639643e-06,2.6840236066987e-06,2.260587504796616e-06,1.910036926517235e-06,1.619020584800253e-06,1.376760648930078e-06,1.174531798035321e-06,1.005251433623673e-06,8.631558911826544e-07,7.43543569461891e-07,6.425704013822373e-07,5.570864585040814e-07,4.845050188991497e-07,4.22697354843551e-07,3.699079692058176e-07,3.246861418065416e-07,2.858305228736261e-07,2.523441916548535e-07,2.233981301582417e-07,1.983014792775819e-07,1.764772732113014e-07,1.574426078522044e-07,1.407924048232166e-07,1.261860966813467e-07,1.133366894934562e-07,1.020017634822002e-07,9.197605619351307e-08,8.308533991300409e-08,7.518135921021646e-08,6.813763816132193e-08
59.5,0.02381096403911661,0.01249068473812664,0.006933542169262012,0.004065705832647461,0.002507308629627565,0.00161579898771241,0.001080696482773063,0.0007455183701603554,0.0005277174883466314,0.0003817064703071195,0.0002811956739009776,0.0002104205258758821,0.0001595984216815693,0.0001224758435138774,9.495079444874197e-05,7.427099453090012e-05,5.855223881222763e-05,4.648101181790536e-05,3.712641677021738e-05,2.981870075803549e-05,2.406929798228869e-05,1.951728647081356e-05,1.5892955459318e-05,1.299264106553459e-05,1.066109702132377e-05,8.778977238608618e-06,7.253834310294116e-06,6.013568420376394e-06,5.001605857457016e-06,4.173313296372353e-06,3.49330531587042e-06,2.93340470066336e-06,2.471084761282281e-06,2.088271027897116e-06,1.770413285413119e-06,1.505762654618691e-06,1.284805370436421e-06,1.099817133247075e-06,9.445108169027273e-07,8.137568696392542e-07,7.033606077675015e-07,6.098842425843149e-07,5.305042273976149e-07,4.628965985497162e-07,4.051445808008156e-07,3.556639561721605e-07,3.131426463506402e-07,2.76491698562399e-07,2.448054430150426e-07,2.173290438094742e-07,1.93432022772975e-07,1.725866183755593e-07,1.543500661501374e-07,1.383500654570363e-07,1.242728397723188e-07,1.118533115203289e-07,1.008670037328117e-07,9.112335413763499e-08,8.246018630680413e-08,7.473913010384087e-08
60.5,0.02429583719837897,0.01293120438730786,0.007274903856409046,0.004314046867709313,0.00268407502379433,0.001741491299805042,0.001170879729853367,0.0008110763550496505,0.0005760485147711268,0.0004178218103997976,0.0003085181114897455,0.0002313199933495337,0.0001757414693385403,0.0001350527370052437,0.00010482421746776,8.207470884990569e-05,6.475756175947068e-05,5.144232990549145e-05,4.111283485097153e-05,3.303637601955345e-05,2.667741753751815e-05,2.163964290479233e-05,1.762643114529773e-05,1.441349341046748e-05,1.182966032858055e-05,9.743211646690726e-06,8.052026461719948e-06,6.676401963785858e-06,5.553759613589435e-06,4.634702462188029e-06,3.88005084793319e-06,3.25859426701168e-06,2.745372847508175e-06,2.320354194603208e-06,1.967408001839481e-06,1.673506739595726e-06,1.428099266243707e-06,1.222617599880426e-06,1.050086861520241e-06,9.048155995859806e-07,7.821490555197488e-07,6.782719392904417e-07,5.900503108751939e-07,5.149044661552728e-07,4.507064882139104e-07,3.956974824621727e-07,3.484205652284609e-07,3.076664936106139e-07,2.724294640962918e-07,2.418711097270126e-07,2.152911214488629e-07,1.921032323890873e-07,1.7181555222149e-07,1.540144364727331e-07,1.383512333634397e-07,1.245313769597597e-07,1.123053965815925e-07,1.014614937062093e-07,9.181940305857084e-08,8.322530737905525e-08
61.5,0.02484220369247307,0.01345029399640933,0.0076838459196066,0.004613944490781313,0.00289858076091023,0.001894471625144841,0.001280810086109849,0.0008910290586374789,0.0006349822744702098,0.0004618377562766089,0.0003417966438507937,0.0002567597756015027,0.0001953812851657627,0.0001503478802393438,0.0001168284234923974,9.156121199049845e-05,7.230075572736436e-05,5.74736683777025e-05,4.595966605872569e-05,3.694930831788677e-05,2.984986494854518e-05,2.422196269224437e-05,1.973627042518641e-05,1.614344391556012e-05,1.325297847605938e-05,1.091813220048447e-05,9.025042915248926e-06,7.484780242024539e-06,6.227477676421562e-06,5.197956368500587e-06,4.352430871946788e-06,3.656008111039109e-06,3.080773739459362e-06,2.604317558016519e-06,2.208589967504137e-06,1.87901000411977e-06,1.60376597158242e-06,1.373264495414955e-06,1.179694648529622e-06,1.01668178041543e-06,8.790116219071623e-07,7.624096930121562e-07,6.633644089094886e-07,5.789848425604652e-07,5.068860661296788e-07,4.450965067970084e-07,3.919829251789921e-07,3.461895377054178e-07,3.065885185671793e-07,2.722396778811473e-07,2.423575550475076e-07,2.162845162231193e-07,1.93468722571461e-07,1.734460570174563e-07,1.558252736685468e-07,1.402757752231172e-07,1.265175368859703e-07,1.143127862816873e-07,1.034591221119964e-07,9.378381340442951e-08
62.5,0.02538707457596196,0.01406759346035834,0.008171025644017768,0.004968132497286679,0.003150847550115765,0.002074353007186116,0.001410349456308006,0.0009855412444794995,0.0007048839160467739,0.0005142121639421831,0.0003815059773572813,0.0002871872965672517,0.0002189167402892403,0.0001687045727317753,0.0001312520960048927,0.0001029694607790237,8.137747559235841e-05,6.473401802973144e-05,5.179542470375983e-05,4.166099123080098e-05,3.366976469534186e-05,2.733088290755423e-05,2.227581646557002e-05,1.822514424830911e-05,1.496511884720795e-05,1.233092103476258e-05,1.0194546742538e-05,8.455943969306099e-06,7.036457963719022e-06,5.873935253037357e-06,4.919033176353266e-06,4.132414738820031e-06,3.482600085995578e-06,2.944309465920188e-06,2.49717721080229e-06,2.124747992372844e-06,1.813689371788279e-06,1.553171169605119e-06,1.334374261704291e-06,1.150100329987274e-06,9.944607442066257e-07,8.626277435587528e-07,7.506348638972611e-07,6.552164341231385e-07,5.736781716644141e-07,5.03792608480599e-07,4.437143982469599e-07,3.919115831871751e-07,3.471097033735035e-07,3.082462633508968e-07,2.744335694290348e-07,2.44928345483342e-07,2.191068482823182e-07,1.964444526921771e-07,1.764988761420406e-07,1.588963710019516e-07,1.433203412666781e-07,1.295019426101202e-07,1.172123075625849e-07,1.062561042811919e-07
63.5,0.02582478242571976,0.0147108949921053,0.008690408533013104,0.00534863860489715,0.003424033213933067,0.002270962296244286,0.001553324076598798,0.001090854251837898,0.0007834625022874018,0.0005735501718967264,0.0004267999302960543,0.0003220928461643164,0.0002460444862727376,0.0001899458415428326,0.0001479953766625587,0.0001162463444149768,9.196263942312794e-05,7.321480360569672e-05,5.862097310430363e-05,4.71774136634179e-05,3.814562969016323e-05,3.097589485958441e-05,2.525464537332806e-05,2.066776171002571e-05,1.697458944545558e-05,1.398932189866411e-05,1.156749748666542e-05,9.596096173160958e-06,7.986199456606269e-06,6.667497502199241e-06,5.584141849196297e-06,4.69158845791423e-06,3.954176696290923e-06,3.343260135620668e-06,2.835754533121051e-06,2.413003631981967e-06,2.059888770929148e-06,1.764126721299699e-06,1.515713683238846e-06,1.306483372218194e-06,1.129754588723887e-06,9.800492756415079e-07,8.528663191180418e-07,7.444995911086623e-07,6.518912202252858e-07,5.725129981657876e-07,5.04270319219956e-07,4.454242121282653e-07,3.945279332638799e-07,3.503753052653467e-07,3.119585495266323e-07,2.784338076765911e-07,2.490929019299209e-07,2.23340166701277e-07,2.006734094432022e-07,1.806682392102558e-07,1.629651462803659e-07,1.472588325892843e-07,1.332893865105807e-07,1.208349711883239e-07
64.5,0.02601541501949434,0.0151109346916529,0.009087669038704815,0.005676531975034891,0.003677334793928786,0.002462164131877676,0.001696968023194225,0.001199134043703906,0.0008656346512221864,0.0006363976045825969,0.0004752451575788729,0.0003597145008153937,0.0002754619453749611,0.000213093208001968,0.0001663139725639753,0.0001308199431993511,0.000103613068074032,8.257013950335558e-05,6.616467636555048e-05,5.328407827999434e-05,4.310724801293859e-05,3.502132788525205e-05,2.85641789818507e-05,2.338407524792117e-05,1.921108175635845e-05,1.5836474659889e-05,1.309776934915442e-05,1.086770900922282e-05,9.046083396289267e-06,7.553593120468433e-06,6.327208131549265e-06,5.316628679825886e-06,4.48156737312379e-06,3.789648109583286e-06,3.214772199982141e-06,2.735840940670379e-06,2.335751994279721e-06,2.000607399609957e-06,1.719086074922124e-06,1.481944832982156e-06,1.281620264708295e-06,1.111910129708253e-06,9.677176575426475e-07,8.448458028814509e-07,7.398312938695801e-07,6.498104733294149e-07,5.724106100277585e-07,5.056616660819616e-07,4.479245321034768e-07,3.978325483562494e-07,3.542437670200678e-07,3.162019150194422e-07,2.829044175601873e-07,2.536761617124844e-07,2.279479343174036e-07,2.052386725964971e-07,1.851408296116663e-07,1.673082883995734e-07,1.514463646864248e-07,1.373035237077306e-07
65.5,0.02582943154174227,0.01525394343436217,0.009352394054015816,0.005942485015638667,0.003903981884645255,0.002643564648195882,0.001838595180315542,0.001308799959114304,0.0009505004038325434,0.000702262489962663,0.0005265899096227476,0.0003999396349305656,0.0003071353242675912,0.0002381559934110666,0.0001862393099643415,0.0001467315681642149,0.0001163729881470749,9.284333076915229e-05,7.446693976807731e-05,6.001760375692924e-05,4.858719276433585e-05,3.949579885289636e-05,3.222934792670486e-05,2.639568056496889e-05,2.169323153088456e-05,1.788842159729796e-05,1.4799152332687e-05,1.228262852924017e-05,1.022628512014514e-05,8.540965675866568e-06,7.155750852746135e-06,6.014007706361569e-06,5.070350588824525e-06,4.288288448056039e-06,3.63839300454805e-06,3.096865032613505e-06,2.644406910520273e-06,2.265332202496353e-06,1.946859690739064e-06,1.678551654281255e-06,1.451865465085799e-06,1.259794570651175e-06,1.096580251146166e-06,9.5747960685902e-07,8.385783611277711e-07,7.366394844468039e-07,6.489805270030563e-07,5.733740161632674e-07,5.079664275440059e-07,4.512121451670411e-07,4.018195425394326e-07,3.587068841545816e-07,3.209661980802381e-07,2.878336298668584e-07,2.586650752986282e-07,2.329161195885335e-07,2.101254952846474e-07,1.899014196749541e-07,1.719102921578303e-07,1.558673286605577e-07
66.5,0.02515050327813178,0.01520168668404166,0.009539750242758511,0.006183511251746219,0.004128480297288046,0.002831828869547119,0.001989868353086145,0.001428212567424541,0.001044171385830465,0.0007756855123884883,0.0005842546666749074,0.0004453760124172094,0.0003430738849223616,0.0002666968618016371,0.0002089968589932968,0.0001649493967766649,0.0001310123839402964,0.0001046503915379613,8.402325038965563e-05,6.777848540926236e-05,5.491063521237687e-05,4.466442264411683e-05,3.646714649463179e-05,2.988084157519477e-05,2.456800190333824e-05,2.026673347172994e-05,1.677254518871193e-05,1.3924868465437e-05,1.159698311546302e-05,9.68842310045105e-06,8.119205714786117e-06,6.8254141362635e-06,5.755793249402005e-06,4.869110279681091e-06,4.132097038108116e-06,3.517837515618692e-06,3.004498650628391e-06,2.57432706703907e-06,2.212853037397734e-06,1.908256678734329e-06,1.650861714805529e-06,1.432729947547236e-06,1.24733552554733e-06,1.089302651277293e-06,9.541938771000056e-07,8.38338857009601e-07,7.386955353178061e-07,6.52737406058009e-07,5.783617738060615e-07,5.138149682402051e-07,4.576312722755613e-07,4.085829638929797e-07,3.656393809416811e-07,3.279333241682767e-07,2.947334382271057e-07,2.654214704070617e-07,2.394735155463084e-07,2.164445235375808e-07,1.959554811866424e-07,1.776827894882123e-07
67.5,0.02378350668676611,0.01476854924616903,0.0095304897825726,0.006322757358136789,0.00429984315465348,0.002992255187483105,0.002126633872185858,0.00154021539865135,0.001134236454345332,0.0008475412565372872,0.0006414332758619199,0.0004908833614451918,0.000379352735341153,0.0002956899888534683,0.0002322340753795422,0.0001836305836976904,0.0001460780067572947,0.000116838430299217,9.391405178353472e-05,7.58296785929215e-05,6.14841676154925e-05,5.004746006380317e-05,4.088823878303881e-05,3.352244942344454e-05,2.757622919736049e-05,2.275891167052408e-05,1.884316318147821e-05,1.565022445534446e-05,1.303884622828263e-05,1.089692503089743e-05,9.135131613142493e-06,7.682023114770084e-06,6.480269327243251e-06,5.483722009577554e-06,4.655126757465844e-06,3.964327859940782e-06,3.386853695795583e-06,2.902797508453382e-06,2.495928624355901e-06,2.152984291165241e-06,1.863103685401785e-06,1.617374258491203e-06,1.408467164546235e-06,1.230343557722376e-06,1.07801743902054e-06,9.473637505341305e-07,8.349627665255771e-07,7.379736705281755e-07,6.540316528830734e-07,5.811640024846277e-07,5.177215677405364e-07,4.623226768138136e-07,4.138071761675424e-07,3.711987003204973e-07,3.336736486944183e-07,3.005356363597103e-07,2.711944191599358e-07,2.451484817562605e-07,2.219706287678348e-07,2.012960416646397e-07
68.5,0.02146023079125748,0.01396203927029447,0.009346223959683526,0.006374182644697935,0.004426511056491174,0.003130203842014479,0.002252490002005741,0.001647321998636506,0.00122249525655731,0.000919137215237565,0.0006990841230594582,0.0005371682148669413,0.0004164948407509563,0.0003255236302476872,0.0002562398584083987,0.000202990440213138,0.0001617304634987193,0.0001295272506069665,0.0001042286199318745,8.423755805402046e-05,6.835694551745127e-05,5.568109681059665e-05,4.551902996418035e-05,3.73395304904176e-05,3.073137515680454e-05,2.537422730621049e-05,2.101712979182453e-05,1.746246549193398e-05,1.455389285008959e-05,1.216719933064851e-05,1.020331636477055e-05,8.582949173272073e-06,7.242422740064695e-06,6.130450473025579e-06,5.205607724482585e-06,4.434347187754012e-06,3.789433304291944e-06,3.24870240878459e-06,2.794077343009043e-06,2.410781753367163e-06,2.086711724159067e-06,1.811931844787045e-06,1.578270028014621e-06,1.378990944998024e-06,1.208532230239801e-06,1.062290938802233e-06,9.364503349160016e-07,8.278391250703201e-07,7.33816847863136e-07,6.521803946792311e-07,5.810876340632601e-07,5.18994905642083e-07,4.646057807755363e-07,4.168289910218934e-07,3.747438286673746e-07,3.37571646845774e-07,3.046523465324871e-07,2.754249468249044e-07,2.494115035967677e-07,2.262037778997019e-07
69.5,0.01815324326917743,0.01283149027178865,0.009011130372981329,0.006346491603676552,0.004510980570741879,0.003246040229165118,0.002367207083964643,0.001749230993357095,0.001308723889302853,0.0009903477777995437,0.0007571627700980844,0.0005842436296955415,0.0004545501536567678,0.0003562691055805544,0.0002810960025043604,0.0002231139677503296,0.0001780533377449521,0.0001427962448821417,0.0001150406424360765,9.306942692937719e-05,7.558974333251655e-05,6.161976410927571e-05,5.040798431094698e-05,4.137505672379944e-05,3.407143256302278e-05,2.814620807720302e-05,2.332400008877815e-05,1.938763231583619e-05,1.616506757877655e-05,1.35194707452529e-05,1.134160005058863e-05,9.543944101014499e-06,8.056177617615566e-06,6.821620434254917e-06,5.794464738202415e-06,4.937594154176976e-06,4.220861318035782e-06,3.61972245283227e-06,3.114151230521701e-06,2.687772062056343e-06,2.327166468125006e-06,2.02131646694006e-06,1.761156790819006e-06,1.539213807341986e-06,1.349313714063725e-06,1.186346225172276e-06,1.046072818626989e-06,9.249708471669924e-07,8.20106575469754e-07,7.290315947481197e-07,6.496981664377774e-07,5.803899208624281e-07,5.196650332110244e-07,4.663095553627265e-07,4.192990273260718e-07,3.777668492340762e-07,3.409781819555467e-07,3.083083756281278e-07,2.792251120006355e-07,2.532735972758603e-07
70.5,0.0143824868920387,0.01138336877122626,0.008470564144619464,0.006190673640144813,0.004517089435238709,0.003314310653465092,0.002453058857439333,0.001833561232513269,0.001384195511594341,0.001054948096007903,0.0008111712699149962,0.000628817307709144,0.0004910791102006034,0.0003860981072315494,0.0003054181424868566,0.000242943257450784,0.0001942315635171014,0.0001560129019087383,0.0001258561518298972,0.0001019373600234287,8.287641978338666e-05,6.762082230011668e-05,5.536206381465185e-05,4.547493979874654e-05,3.747304179880789e-05,3.097583798170275e-05,2.568411440434985e-05,2.136150646125053e-05,1.782050586703237e-05,1.491178440655441e-05,1.251599542234477e-05,1.053744027246344e-05,8.899148515801994e-06,7.539036882003588e-06,6.406896523937526e-06,5.462019858781594e-06,4.671323901074101e-06,4.007860883095632e-06,3.449632330863594e-06,2.978641888957732e-06,2.580136695779472e-06,2.241998183646709e-06,1.954251676660759e-06,1.708670716361365e-06,1.498457129038922e-06,1.317981808025209e-06,1.162574280910731e-06,1.028351562808622e-06,9.120787123083522e-07,8.110550209722687e-07,7.230209678438937e-07,6.460820250860202e-07,5.786461619235437e-07,5.193725022639033e-07,4.67129078510923e-07,4.209580150984157e-07,3.800467897440038e-07,3.437044738175475e-07,3.113420577584896e-07,2.824561328600125e-07
71.5,0.01091796439960239,0.009836445617797299,0.007806214316059185,0.005943490022867589,0.004463581541464801,0.003345603108252817,0.002516613433617552,0.00190473332177462,0.0014520815487088,0.001115318961577456,0.0008629516141173922,0.0006723424152169521,0.0005272427105797078,0.0004159461102594105,0.0003299645897564152,0.0002630958361707789,0.0002107699136545396,0.0001695911827648182,0.0001370156561087255,0.0001111222453595682,9.044932507617227e-05,7.387699833848038e-05,6.054156702655527e-05,4.977287336141658e-05,4.10480172135498e-05,3.395689585400793e-05,2.817634957526729e-05,2.34506227808476e-05,1.957649646368066e-05,1.63919024168378e-05,1.37671514842319e-05,1.159813805049231e-05,9.801048398245276e-06,8.308220524718909e-06,7.064890667128846e-06,6.026626315941575e-06,5.157293343567972e-06,4.427440603716644e-06,3.813012212775126e-06,3.294318040933738e-06,2.855208402689398e-06,2.482410770718386e-06,2.16499544324331e-06,1.89394413674632e-06,1.661800946419604e-06,1.462389384930091e-06,1.290582553429747e-06,1.142116127313428e-06,1.013435912878885e-06,9.015733720946259e-07,8.040438151809952e-07,7.187629973107074e-07,6.439786828033976e-07,5.782144016327231e-07,5.202231532160737e-07,4.68949238254227e-07,4.234967420368057e-07,3.831034688722036e-07,3.47119350394637e-07,3.149885309700593e-07
72.5,0.008209945839385105,0.008358429701883646,0.007082545925391552,0.005627384751307567,0.004355532633664096,0.003338223286538225,0.002553970601889736,0.001958527816898993,0.001508549438284583,0.001168216125386156,0.0009098467055993858,0.0007126770645611445,0.0005613266538626081,0.0004444442904083439,0.0003536420517721296,0.0002826969098596961,0.0002269665779539184,0.0001829663149506259,0.0001480631552397705,0.0001202546509769957,9.800813428057513e-05,8.014331362762483e-05,6.574598677771419e-05,5.410420047151743e-05,4.466069520379186e-05,3.697723982334734e-05,3.070770509769753e-05,2.557760427912891e-05,2.13684520462142e-05,1.790573756380167e-05,1.504962603600638e-05,1.268773302988758e-05,1.072948281319406e-05,9.101684015768957e-06,7.745045763310921e-06,6.611423992686838e-06,5.66163729412843e-06,4.86372887625398e-06,4.191579377025426e-06,3.623796606806106e-06,3.142824625966737e-06,2.734227087096788e-06,2.386109438374545e-06,2.088652078209458e-06,1.833732385615291e-06,1.614618111682357e-06,1.425718196365042e-06,1.262379892865186e-06,1.120723308102639e-06,9.975062317245406e-07,8.900135277124499e-07,7.959664792403463e-07,7.134483691367421e-07,6.408432920257349e-07,5.767857667053809e-07,5.201191774369442e-07,4.698614433198368e-07,4.251766138017536e-07,3.853513298781876e-07,3.497752859987972e-07
73.5,0.006283431733976255,0.007021529408901018,0.006330461060530468,0.005249605426791175,0.004191080802259698,0.003287868033969263,0.002560916457989956,0.001991573784937914,0.001551142876014574,0.001211949465305436,0.0009507446886011214,0.0007491222094619463,0.000592916348864444,0.0004713689284420189,0.0003763518359961399,0.0003017275346410241,0.0002428517429092841,0.0001961972032279753,0.0001590728588397242,0.0001294154258816365,0.0001056348635350928,8.649960910784158e-05,7.105105415669351e-05,5.853952732933264e-05,4.837613338676923e-05,4.009632686950848e-05,3.333221076380852e-05,2.779135610576633e-05,2.324052188440699e-05,1.949307788042402e-05,1.639924114977467e-05,1.383846202408688e-05,1.171346086250291e-05,9.945538873842881e-06,8.470876958062642e-06,7.237604175263086e-06,6.203468246704291e-06,5.33397884132105e-06,4.600923511109602e-06,3.981178351893416e-06,3.455752502033054e-06,3.009018720074304e-06,2.628092445504822e-06,2.302329648200025e-06,2.022919939847758e-06,1.782556253175899e-06,1.57516619451301e-06,1.395693172622005e-06,1.239917778486522e-06,1.104311772744315e-06,9.859185348386283e-07,8.822550222648126e-07,7.912312430790441e-07,7.110840098063804e-07,6.403223570293361e-07,5.776824989459678e-07,5.220906012847701e-07,4.726319633295298e-07,4.285254656591402e-07,3.891023496519622e-07
74.5,0.004974584026855306,0.005876942933234586,0.005597869713298134,0.004837204946205645,0.003983166754974107,0.003199821922921192,0.002538981910522691,0.002003725350403637,0.001579070001177021,0.001245561727249867,0.0009847288195509488,0.0007808764807082344,0.0006213415034544499,0.0004961720882289656,0.0003976513668077176,0.000319832324749588,0.0002581406839235617,0.0002090557636863271,0.0001698618419922959,0.0001384575755993096,0.0001132111038754206,9.285024335384949e-05,7.637929487004926e-05,6.30159088242045e-05,5.214303555336524e-05,4.327222503421733e-05,3.601548260527609e-05,3.00635948438103e-05,2.516936666141306e-05,2.113460180637951e-05,1.779994909620725e-05,1.503695219196237e-05,1.274180117623537e-05,1.083040407013787e-05,9.234486338848246e-06,7.89849416958474e-06,6.777128563469353e-06,5.833376251095539e-06,5.036933204021038e-06,4.362939349007173e-06,3.790960688594444e-06,3.304168649665917e-06,2.888677063430722e-06,2.533005434456347e-06,2.227643618455121e-06,1.964698104964737e-06,1.737604101844985e-06,1.540890781107931e-06,1.369989552703132e-06,1.221077225634348e-06,1.090947503658177e-06,9.769055310285564e-07,8.766812188823064e-07,7.883578970965797e-07,7.103134908229681e-07,6.411719477746836e-07,5.797630673012088e-07,5.250892256162036e-07,4.762977693719007e-07,4.32658074939056e-07
75.5,0.004108191829147116,0.005006653262967217,0.004962568073312446,0.004436993185749402,0.003756098454686757,0.003085392719974321,0.002492645730414052,0.001996120155246876,0.00159197152015469,0.001268124661061464,0.001010743836264257,0.0008069509416941782,0.0006457503318881866,0.0005181525753224478,0.0004169788542821523,0.0003365690240929976,0.0002724895020180305,0.0002212770825219811,0.0001802276599134564,0.000147227571244386,0.0001206213685828319,9.910916824047842e-05,8.166735161478147e-05,6.748741597497075e-05,5.592881190087564e-05,4.648251403021924e-05,3.874281713566464e-05,3.23854384507549e-05,2.715046297927106e-05,2.282901719945194e-05,1.925282158651819e-05,1.628597319897218e-05,1.381846164906461e-05,1.176103703883448e-05,1.004113597177009e-05,8.599638396440131e-06,7.388278944329295e-06,6.367575441255297e-06,5.505167284741207e-06,4.774479551373485e-06,4.153646653514723e-06,3.624643328114428e-06,3.172581637235205e-06,2.78514119231912e-06,2.45210651669585e-06,2.164990741947665e-06,1.916729006982241e-06,1.701428235475757e-06,1.514162594398703e-06,1.350806028456521e-06,1.207894935229362e-06,1.082515381668603e-06,9.722103334334527e-07,8.74903228588026e-07,7.888349191977433e-07,7.125115621670666e-07,6.446614910335022e-07,5.841994646495124e-07,5.301969836796043e-07,4.818576051245156e-07
76.5,0.003550964257177797,0.004347122700000599,0.004407737651728749,0.004043208443393015,0.00350433926350262,0.002937850344923309,0.002414728355840513,0.001961915542253331,0.001583780829311884,0.001274497515548775,0.001024555042445605,0.0008239179930585788,0.0006633978510539027,0.0005351254252561625,0.0004326004689908648,0.0003505633252132623,0.0002848086720888045,0.0002319965402921024,0.0001894831351324193,0.000155178273464943,0.000127429163392166,0.000104927456114309,8.663573468686937e-05,7.172973828547924e-05,5.955309599947414e-05,4.958190013026526e-05,4.139697253775619e-05,3.466212782428206e-05,2.910710645380702e-05,2.45141457312505e-05,2.070738816885348e-05,1.754450696471467e-05,1.491006776044021e-05,1.271025345731489e-05,1.08686618497007e-05,9.322949848099886e-06,8.022147513405705e-06,6.924503396492503e-06,5.995752369196076e-06,5.207720227693699e-06,4.537197362382652e-06,3.965027877283322e-06,3.475371592641122e-06,3.055105056018267e-06,2.693334541834665e-06,2.380999439412728e-06,2.110548726115453e-06,1.875676636251055e-06,1.671106355529554e-06,1.492412741209979e-06,1.335876804032702e-06,1.198366079292516e-06,1.077236131528003e-06,9.70249335919018e-07,8.755078035821287e-07,7.913979023898523e-07,7.16544297398934e-07,6.497718174923085e-07,5.900737649957701e-07,5.365855368707626e-07
77.5,0.00321040164696622,0.003892432481798423,0.00397598949787168,0.003705130855334058,0.003268850936883412,0.00278758107647734,0.002326787172725135,0.001916204695467612,0.001565102556576403,0.001272227387770604,0.001031629048610345,0.0008358149530214891,0.0006773237387906693,0.0005494204780078785,0.0004463306248767613,0.0003632478609423284,0.0002962427625074933,0.000242137728476026,0.0001983798849333712,0.0001629257984490249,0.0001341427158454968,0.0001107266651825876,9.163585141260909e-05,7.603713390964779e-05,6.326332684314163e-05,5.277927599119764e-05,4.415496545350558e-05,3.704421316901702e-05,3.116779015232007e-05,2.630003328958255e-05,2.225821480822069e-05,1.889408729834846e-05,1.608714710280351e-05,1.373925673183616e-05,1.177034383240365e-05,1.011495449089334e-05,8.719485819552929e-06,7.539959711043161e-06,6.540228586683638e-06,5.690526671275208e-06,4.96629817288997e-06,4.347247796922118e-06,3.816570109115474e-06,3.360323026337366e-06,2.966917657300076e-06,2.626702228030111e-06,2.331622212576247e-06,2.074942285665371e-06,1.851018506640381e-06,1.655111378887856e-06,1.48323222076715e-06,1.332016723171096e-06,1.198620726673235e-06,1.080634184261341e-06,9.760100287520558e-07,8.830052727627494e-07,8.001321619668479e-07,7.26117601926709e-07,6.598694031903242e-07,6.004481530550176e-07
78.5,0.003020840892056499,0.003560412083694239,0.003618803557108172,0.0033965634738826,0.00303368233153883,0.002622946808430225,0.002219259622736982,0.001850805999615499,0.001528943619376254,0.001255424530509353,0.001027086219627428,0.0008386558763854799,0.0006843078576705244,0.0005584575340507482,0.0004561140387045377,0.0003729922268021049,0.0003055020885352037,0.0002506824620397109,0.0002061151590487787,0.0001698378897859525,0.0001402644868847101,0.0001161156187140879,9.636047451410896e-05,8.016863463726624e-05,6.687084044291153e-05,5.592727359367474e-05,4.690203648723036e-05,3.944268352715311e-05,3.326383005143345e-05,2.813403477269977e-05,2.386530115973105e-05,2.03046700816062e-05,1.732748096158687e-05,1.483196404986031e-05,1.273489514306467e-05,1.096809902471602e-05,9.475631647750584e-06,8.211505823896979e-06,7.137852742753677e-06,6.22343349409374e-06,5.442432096622667e-06,4.77347529036134e-06,4.198835277084098e-06,3.703780285618148e-06,3.276044763071867e-06,2.905396517095749e-06,2.58328254806566e-06,2.302538842303407e-06,2.057152228643568e-06,1.8420646735038e-06,1.653012217049291e-06,1.486392224580041e-06,1.339153813984673e-06,1.208707278516405e-06,1.092849099276612e-06,9.896997695584807e-07,8.976521623129902e-07,8.153285854272029e-07,7.415450056693675e-07,6.752811958441453e-07
79.5,0.002932220382429498,0.003294832573560248,0.003305825612330656,0.003105733668296456,0.002794868868110349,0.002441763761408634,0.002089501571836426,0.001762234458600372,0.001471258275295397,0.001219873550511809,0.001006850521823262,0.0008286949010676712,0.0006810263958551604,0.0005593587294172383,0.0004595017713038552,0.0003777379844088766,0.0003108715257789245,0.0002562104939308576,0.0002115179692482566,0.0001749519250525235,0.0001450046835095756,0.0001204470994810891,0.0001002795643530179,8.369026218910977e-05,7.002028185125907e-05,5.873482806309867e-05,4.939966713733133e-05,4.166196507162371e-05,3.52347569076373e-05,2.988438844413566e-05,2.542037478460413e-05,2.168721535956937e-05,1.855778827607607e-05,1.592801739458756e-05,1.371256416865204e-05,1.184134437905385e-05,1.025670899779894e-05,8.911160020431725e-06,7.765497545833668e-06,6.787314811056452e-06,5.949774268204178e-06,5.230610913993873e-06,4.611319595893216e-06,4.076491442971977e-06,3.61327132362811e-06,3.210913651471096e-06,2.860418212740948e-06,2.554231187446859e-06,2.285999352372936e-06,2.050367723140653e-06,1.842812723064141e-06,1.659504445131125e-06,1.497192769227404e-06,1.353113064981406e-06,1.224907995592936e-06,1.110562575193276e-06,1.008350150118805e-06,9.167873958275977e-07,8.345967644345141e-07,7.606750977921514e-07
80.5,0.002903280463575279,0.003071277927136342,0.003025219835780929,0.002833606631257172,0.002560847533185417,0.002254933434356919,0.001947987939635521,0.001659359015104019,0.001399088610784096,0.001170986812606002,0.0009750255679162331,0.0008090395581720672,0.0006698492206494819,0.0005539537978780474,0.0004579282762000737,0.0003786282685986202,0.0003132768466968083,0.0002594828492362784,0.0002152222772817037,0.0001788021100569349,0.0001488178476730596,0.0001241110295595075,0.0001037298973555703,8.689456108666965e-05,7.296700976470633e-05,6.142577079723558e-05,5.184476948357383e-05,4.387584827011695e-05,3.723440134598763e-05,3.168761981127152e-05,2.704490087761285e-05,2.315003745428997e-05,1.987486479954256e-05,1.711409531403169e-05,1.478111983000361e-05,1.28045938770548e-05,1.112566092719728e-05,9.695692320089899e-06,8.474446280782486e-06,7.428566965159702e-06,6.530359518736494e-06,5.756789332554775e-06,5.088663549974964e-06,4.509960856617738e-06,4.00728203200022e-06,3.569398949233185e-06,3.18688391722492e-06,2.851804661481538e-06,2.557472990932628e-06,2.298237425133823e-06,2.069311860105307e-06,1.866633813589822e-06,1.686746977363864e-06,1.526703768310055e-06,1.383984353856945e-06,1.256429265441757e-06,1.142183233527854e-06,1.039648301745403e-06,9.474446239557105e-07,8.643776310455096e-07
81.5,0.002892771227735071,0.002867950245488604,0.002757105835560727,0.002565156190543422,0.00232174664888262,0.002056064003498484,0.00179013597357067,0.001538370505931424,0.001308925206407462,0.001105413265768728,0.0009284267846818062,0.0007767236637078674,0.0006480757534547789,0.0005398343196707258,0.0004492825221925539,0.0003738382956356831,0.0003111579118691842,0.0002591769833762557,0.0002161142834468794,0.0001804551146932334,0.0001509248044853777,0.0001264587252945868,0.0001061725015052558,8.933433262819411e-05,7.534030462672916e-05,6.369294067339068e-05,5.398289923324141e-05,4.587355434489202e-05,3.908812145024821e-05,3.339897855920215e-05,2.861885000930043e-05,2.459355237687529e-05,2.119603975838675e-05,1.832152340382048e-05,1.588347582958305e-05,1.381036085619107e-05,1.204295815820213e-05,1.053217399971809e-05,9.23724920866912e-06,8.124291560147335e-06,7.165073052147668e-06,6.33604350009046e-06,5.61752083947631e-06,4.993025848642003e-06,4.448734975518067e-06,3.973029816972406e-06,3.556125759231428e-06,3.189765510134303e-06,2.866965875809128e-06,2.581808267958692e-06,2.329265164786224e-06,2.105056163110193e-06,1.905528411888378e-06,1.727557157289075e-06,1.56846289644164e-06,1.425942263379008e-06,1.298010282658617e-06,1.182952044978025e-06,1.079282202044135e-06,9.857109590226465e-07
82.5,0.00286142515261334,0.002663067096185772,0.002490508260223805,0.002294359302828676,0.002074846575857361,0.001844622582177942,0.001616538527355807,0.001400200128860342,0.001201594068027996,0.001023699082677316,0.0008673055799731956,0.0007317617817161091,0.0006155613247204952,0.0005167673144168017,0.0004332977501786026,0.0003631046728860337,0.0003042771606208812,0.0002550926640281419,0.0002140350778067883,0.0001797926199589525,0.0001512443998550045,0.0001274414653442216,0.0001075859429152791,9.101040872532209e-05,7.715865994697342e-05,6.556844180828475e-05,5.585631121795413e-05,4.770460100318307e-05,4.085033284081099e-05,3.507587372950698e-05,3.020111517223259e-05,2.607695990625046e-05,2.257991783453745e-05,1.960763453738871e-05,1.707519869599478e-05,1.491209688520431e-05,1.3059704443893e-05,1.146921907137866e-05,1.009995934490423e-05,8.917963618784287e-06,7.894835959111808e-06,7.006795135199435e-06,6.233890480173276e-06,5.559354883891799e-06,4.969070504024619e-06,4.451127161864545e-06,3.995456988301294e-06,3.593531838048561e-06,3.238112410583532e-06,2.923039999219991e-06,2.643063413907563e-06,2.393694953589601e-06,2.171090393601678e-06,1.971948846417891e-06,1.793429085900614e-06,1.633079525408304e-06,1.488779532635521e-06,1.35869016848433e-06,1.241212769590991e-06,1.134954067419757e-06
83.5,0.002772155079020824,0.002464959643143936,0.0022379491600058,0.002031823469517245,0.001828772560768674,0.001627850563355603,0.00143334606098828,0.001249972605351368,0.001081215761537226,0.0009290256635049021,0.0007940207963244169,0.0006758353648778702,0.0005734583075455505,0.0004855102848400111,0.0004104484896005835,0.0003467068604498737,0.0002927849226510352,0.0002472986906390734,0.0002090051257195311,0.0001768091329566081,0.0001497597113524236,0.0001270399044056784,0.0001079536818948425,9.191177255457552e-05,7.84176843455492e-05,6.705461587573291e-05,5.747361146340999e-05,4.938308957028195e-05,4.253973942926236e-05,3.674070434502812e-05,3.181693173912903e-05,2.762755538917592e-05,2.405517496840131e-05,2.10019056877448e-05,1.838608258171508e-05,1.613951727940097e-05,1.420521848327056e-05,1.253550001182821e-05,1.109041173205145e-05,9.836438852956606e-06,8.745423862897665e-06,7.793672944767029e-06,6.961215111653124e-06,6.231187703404822e-06,5.589326405539756e-06,5.023541722035786e-06,4.523566967020935e-06,4.080665438129943e-06,3.6873865838024e-06,3.337362752896348e-06,3.025139581068408e-06,2.746034277717673e-06,2.496017074449709e-06,2.271611918060291e-06,2.069813168711392e-06,1.888015622710078e-06,1.723955640102217e-06,1.575661537469105e-06,1.441411720120575e-06,1.319699287043276e-06
84.5,0.00259235817031668,0.00223814950256652,0.001979148399949248,0.001766309360593934,0.001576539829730569,0.001400800457503254,0.001236714792776643,0.001084514929948782,0.0009450516383780593,0.0008189504793847293,0.0007063501107173302,0.0006069072407683748,0.0005199033673412515,0.0004443731633852725,0.0003792196247490871,0.0003233040975930775,0.0002755102125997822,0.0002347853003562236,0.000200164207517395,0.0001707802856001091,0.0001458675819425728,0.0001247573754090777,0.0001068713738281865,9.171320356196753e-05,7.885928785607896e-05,6.794981504237935e-05,5.868021557398768e-05,5.079337264832822e-05,4.407266219058669e-05,3.833583584921845e-05,3.342971123290122e-05,2.922560637979698e-05,2.561544281376215e-05,2.250843817591369e-05,1.982831165873129e-05,1.751093085283429e-05,1.550233553392697e-05,1.375708134913746e-05,1.223685368912611e-05,1.090930890324451e-05,9.747106252140289e-06,8.727099528175829e-06,7.829662108601603e-06,7.038123377816591e-06,6.338298021410516e-06,5.71809272232734e-06,5.167177345737101e-06,4.676709848218815e-06,4.239105947472757e-06,3.847846093538918e-06,3.497313537470558e-06,3.182658338443486e-06,2.89968301948935e-06,2.644746304403379e-06,2.414681968362896e-06,2.20673033296313e-06,2.018480349945855e-06,1.847820561233314e-06,1.692897507952181e-06,1.552080397888998e-06
85.5,0.002302600908074367,0.00196857161141271,0.001711361982006276,0.001504298233124377,0.001329657918518901,0.001176772456560737,0.001039841587917744,0.0009159844202885234,0.0008038432375041516,0.0007027233452670112,0.0006121278882182804,0.0005315431188860249,0.0004603655071453545,0.0003979001751731211,0.0003433891666700178,0.000296047250081256,0.0002550945841072295,0.0002197821303349737,0.0001894091105990762,0.0001633333838272895,0.0001409761841895624,0.0001218227143443424,0.000105419907709185,9.137241555606179e-05,7.933761553322796e-05,6.902021193549921e-05,6.016681548895824e-05,5.256075087558358e-05,4.60172380190568e-05,4.03790211185703e-05,3.551247060953053e-05,3.130415165237163e-05,2.76578335572076e-05,2.449190399708007e-05,2.173714714611194e-05,1.933484396463937e-05,1.723515429651591e-05,1.539574324362263e-05,1.378061776399894e-05,1.235914316118688e-05,1.110521281573159e-05,9.996547990772584e-06,9.014107733997847e-06,8.141591759683637e-06,7.365021720658475e-06,6.672388483593845e-06,6.053354925592631e-06,5.499005404376744e-06,5.001634448861029e-06,4.554568401374646e-06,4.15201474526595e-06,3.788934697635916e-06,3.460935359282688e-06,3.164178312652019e-06,2.895302061095025e-06,2.651356124047467e-06,2.429744955704974e-06,2.228180150303806e-06,2.044639644484497e-06,1.877332834230748e-06
86.5,0.001899249413552694,0.001608047697932423,0.001383456271042356,0.001205294740293238,0.001059423085466603,0.0009361700771290061,0.0008292352127395183,0.0007347047414920972,0.0006502249831608586,0.0005743814520759996,0.0005062773313390673,0.0004452722432639417,0.0003908349679098253,0.0003424698783338701,0.0002996871373921577,0.0002619964664120595,0.0002289119156995024,0.0001999603959125543,0.0001746901799362776,0.0001526776757108437,0.0001335319514900209,0.0001168971032107446,0.0001024528210691799,8.991358964403236e-05,7.902693602180242e-05,6.957107804538556e-05,6.135225032185105e-05,5.420191441226784e-05,4.797399844079524e-05,4.254226217313041e-05,3.779784596191296e-05,3.364703430155506e-05,3.000924521620085e-05,2.681524351957202e-05,2.400556756012508e-05,2.152915410659738e-05,1.934214352016853e-05,1.740684652458659e-05,1.569085414927119e-05,1.416627336593917e-05,1.280907227221617e-05,1.159852019326672e-05,1.051670963943479e-05,9.548148587604173e-06,8.679412994222235e-06,7.898850770224994e-06,7.196329640057503e-06,6.563022366701889e-06,5.991223756769907e-06,5.474194672793769e-06,5.006028984338854e-06,4.581539996694471e-06,4.196163416858343e-06,3.845874361972561e-06,3.527116295152305e-06,3.236740096701077e-06,2.97195175299114e-06,2.730267377821447e-06,2.509474477974753e-06,2.307598541291731e-06
87.5,0.001386507118509912,0.001169459973596947,0.001004612222497867,0.0008757759184808128,0.000772128008605926,0.0006862236385496355,0.0006130030413288458,0.0005491131749179063,0.0004923887520707531,0.0004414565964544671,0.0003954464206053602,0.0003537900725151984,0.000316089671669746,0.0002820360669043771,0.0002513619350879049,0.0002238173818127077,0.0001991592712629042,0.0001771483075898971,0.0001575500161992457,0.0001401372880722823,0.0001246931718736738,0.0001110132529665812,9.89073549644349e-05,8.820052363208591e-05,7.873336723076459e-05,7.036187502831787e-05,6.295684534258464e-05,5.640304438264105e-05,5.059819837915823e-05,4.545190041956523e-05,4.088449340564879e-05,3.682597318944376e-05,3.321494172098033e-05,2.999762889102004e-05,2.712699333089706e-05,2.456190629580278e-05,2.226641845649562e-05,2.020910654752906e-05,1.836249501795091e-05,1.670254681730843e-05,1.520821699963133e-05,1.386106276662377e-05,1.264490376732574e-05,1.154552682825613e-05,1.055042973578428e-05,9.648599182135198e-06,8.830318484519631e-06,8.087001171388706e-06,7.411046987079449e-06,6.795717288416469e-06,6.235027190571198e-06,5.723652163854947e-06,5.25684708916267e-06,4.830376049640456e-06,4.440451372604979e-06,4.083680641873337e-06,3.757020579606532e-06,3.457736851585082e-06,3.18336898340275e-06,2.93169969004075e-06
88.5,0.0008185451471550288,0.0006859792459237219,0.000593320616620144,0.0005248901335773562,0.0004717002856598251,0.0004283932317745178,0.0003916821892236022,0.0003595212432656105,0.000330635392129548,0.0003042377430201056,0.0002798506851671147,0.0002571892906503823,0.0002360845140951505,0.000216433040677464,0.0001981653653800338,0.0001812263485722452,0.0001655641721927636,0.0001511247858859699,0.000137849785900782,0.0001256763053926947,0.0001145379650550172,0.0001043662737903517,9.509210929840578e-05,8.664707219568877e-05,7.896461463206268e-05,7.198091140281974e-05,6.5635480712424e-05,5.987158231955988e-05,5.463642949286237e-05,4.988125272046456e-05,4.556125060938184e-05,4.163545894094393e-05,3.806656369515237e-05,3.482067876810322e-05,3.186710448059231e-05,2.917807898888297e-05,2.672853140252559e-05,2.449584275575837e-05,2.245961889734341e-05,2.060147777318726e-05,1.890485239047903e-05,1.735480989162545e-05,1.593788656121163e-05,1.46419381807684e-05,1.345600488610399e-05,1.237018953176017e-05,1.137554849644343e-05,1.046399384861982e-05,9.628205815027681e-06,8.861554543322773e-06,8.158030213618092e-06,7.51218062523931e-06,6.919055459589996e-06,6.374156494183609e-06,5.873393114390885e-06,5.413042536865269e-06,4.989714221152093e-06,4.600318003300665e-06,4.242035537320956e-06,3.912294677195797e-06
89.5,0.0002710412389109306,0.0002476341583968923,0.0002328859850475702,0.0002227689542766476,0.0002150649920331485,0.000208532779785803,0.0002024723613739513,0.0001964928959267129,0.000190385324086099,0.0001840504377268781,0.0001774567951496988,0.0001706150443078877,0.0001635615220324485,0.0001563473214565686,0.0001490307726955842,0.0001416721986595494,0.0001343302826391405,0.0001270596294926823,0.0001199092313694146,0.0001129216211773902,0.0001061325422818098,9.95709954825083e-05,9.32595505272303e-05,8.721483181840612e-05,8.144810743572141e-05,7.596592736671297e-05,7.077077099994599e-05,6.586167560480799e-05,6.123482688683443e-05,5.688410001862373e-05,5.280154508940116e-05,4.897781498383269e-05,4.540253657163819e-05,4.206462801570619e-05,3.895256620589759e-05,3.605460898125726e-05,3.335897706366315e-05,3.08540006090916e-05,2.852823508016669e-05,2.637055082479905e-05,2.437020036172557e-05,2.251686696148625e-05,2.080069769648297e-05,1.921232373338501e-05,1.774287026603819e-05,1.638395814329178e-05,1.512769893655929e-05,1.396668491694821e-05,1.289397517038299e-05,1.190307886928989e-05,1.098793653856118e-05,1.014289999885113e-05,9.362711538917865e-06,8.642482757918842e-06,7.97767342567123e-06,7.364070631481309e-06,6.797768428040921e-06,6.275148124135647e-06,5.792859336784631e-06,5.347801878434765e-06
