0.5,0.0186379011701709,0.01117551402690167,0.008599921709456849,0.006703774376354666,0.005081955346770018,0.003770326076364103,0.002766131338426867,0.002022368317478947,0.001480884626429475,0.001089484575013927,0.0008068636028425173,0.0006022335716864647,0.0004533228082954099,0.0003442531641596925,0.000263771976398026,0.0002039121086152862,0.0001590207485711842,0.0001250710003151968,9.917913935303742e-05,7.926753196227309e-05,6.382937471654818e-05,5.176419022923838e-05,4.226241161037624e-05,3.472405465352309e-05,2.870112098672901e-05,2.385658161813804e-05,1.993499516646457e-05,1.674133008059022e-05,1.412560227386602e-05,1.197165807736986e-05,1.018892930592047e-05,8.706332144383186e-06,7.467721974658596e-06,6.428484590800982e-06,5.552962669697601e-06,4.812500093960251e-06,4.183946235064432e-06,3.648504832249578e-06,3.190842662285099e-06,2.798395279430196e-06,2.460823156138973e-06,2.169583289095023e-06,1.91758996312275e-06,1.698944746508591e-06,1.508720537739093e-06,1.342788034521363e-06,1.19767566736397e-06,1.070456060931889e-06,9.586536235547029e-07,8.601690406879897e-07,7.732173516000698e-07,6.962769865109795e-07,6.280476832506575e-07,5.674156251587179e-07,5.134244731656755e-07,4.652512257259099e-07,4.221860464129734e-07,3.836153626575935e-07,3.490076695908272e-07,3.179015773915391e-07
1.5,0.01858798727453711,0.01107048587756584,0.008520198320517574,0.006642683914319597,0.005035998034962877,0.003736380502701276,0.00274132290310924,0.002004310291556393,0.001467733767686013,0.001079875098424021,0.0007998056496439926,0.0005970173633498407,0.0004494413559757717,0.0003413442273841999,0.0002615760045216731,0.0002022423088718897,0.0001577419629378705,0.0001240848414793211,9.841352629889756e-05,7.866930439791268e-05,6.335906057284797e-05,5.139228124588678e-05,4.196669846609668e-05,3.448770948501828e-05,2.851130955271335e-05,2.37034527111922e-05,1.981094017749813e-05,1.664043711314705e-05,1.404325117484015e-05,1.190421813867108e-05,1.013353221769033e-05,8.660700433061393e-06,7.430038595650058e-06,6.397293227462338e-06,5.527091077034627e-06,4.791000836654734e-06,4.166050628961498e-06,3.633586963414232e-06,3.178391139117045e-06,2.787990949777419e-06,2.452121448935002e-06,2.162300158911353e-06,1.911490655076984e-06,1.693834779109199e-06,1.504438437684988e-06,1.339199461323106e-06,1.194668645078625e-06,1.067937095335105e-06,9.56544530185434e-07,8.584043457300827e-07,7.7174215601039e-07,6.950452060481551e-07,6.270205945245952e-07,5.665606615902173e-07,5.127142256421773e-07,4.646626113955837e-07,4.216996159609632e-07,3.832147219306249e-07,3.486789958705618e-07,3.176332141895543e-07
2.5,0.01848839130701473,0.01110893078405283,0.008550232590187862,0.006662886212271133,0.005049799835376029,0.003746022071507416,0.00274816353356072,0.002009213884414083,0.001471274891108567,0.001082447484629766,0.0008016839731952542,0.0005983953542811828,0.0004504566871832326,0.0003420953241069421,0.0002621336127786256,0.0002026575426568795,0.000158051940719452,0.0001243166550997352,9.858704884893902e-05,7.879918585009882e-05,6.345615274160387e-05,5.146466011124581e-05,4.202040119403826e-05,3.452726838284054e-05,2.854014082604704e-05,2.372414090784603e-05,1.982544732978453e-05,1.665025725720528e-05,1.404952505385377e-05,1.190781874236826e-05,1.013512885816837e-05,8.660806949508084e-06,7.429049769253998e-06,6.395512399008165e-06,5.524751171580512e-06,4.78828042656774e-06,4.163086247858293e-06,3.630482576218041e-06,3.175225446843909e-06,2.78482303985469e-06,2.44899517704589e-06,2.159247555143388e-06,1.908534577250543e-06,1.690990983539122e-06,1.501717197863466e-06,1.33660683485507e-06,1.192207466250663e-06,1.065607753174789e-06,9.543455784441784e-07,8.563329809075708e-07,7.697945915890695e-07,6.932169649617647e-07,6.253067371223063e-07,5.649559626566861e-07,5.112133111497458e-07,4.632600634117876e-07,4.203900523699689e-07,3.819928562419908e-07,3.475396812986597e-07,3.165714753272286e-07
3.5,0.0183396302943433,0.01106284814176134,0.008546383598121486,0.006664962449516493,0.005051674864344485,0.003747280672071653,0.002749055519181598,0.002009913488513541,0.001471861447689989,0.00108295323668171,0.0008021228598508832,0.0005987753392368135,0.0004507841408075567,0.0003423762472075923,0.0002623737900278696,0.0002028624229629394,0.0001582265086630303,0.000124465358318005,9.871378076579582e-05,7.890730710362051e-05,6.354853487431507e-05,5.154373936246847e-05,4.208823452775597e-05,3.458558716155142e-05,2.859039976541227e-05,2.376756134906284e-05,1.986305469494693e-05,1.668291300559088e-05,1.407795367509085e-05,1.193263040026476e-05,1.015683829744738e-05,8.67984923470359e-06,7.445793363454537e-06,6.410270023258002e-06,5.537788820831626e-06,4.799824858744765e-06,4.173331210322298e-06,3.639593988946112e-06,3.183345723582578e-06,2.792074696660474e-06,2.455483851190463e-06,2.165064535537173e-06,1.913758929589195e-06,1.695691338649603e-06,1.505953259658371e-06,1.340430654420445e-06,1.195664520497552e-06,1.06873785985085e-06,9.57183673859613e-07,8.589097822598481e-07,7.721371620940851e-07,6.953491969694484e-07,6.272497658939742e-07,5.667285214132727e-07,5.128320362863785e-07,4.647397573514117e-07,4.217439103451762e-07,3.832326623076772e-07,3.486759780542946e-07,3.176137111381423e-07
4.5,0.01814251161396333,0.01112605967259004,0.008592695082738314,0.006692212611415894,0.005067906237317526,0.003757570482099136,0.002756022369548463,0.002014882641220453,0.00147553651377533,0.001085737665553877,0.0008042673863689165,0.0006004467031568767,0.0004520988521985198,0.0003434184947016815,0.0002632057770903212,0.0002035308132701153,0.0001587666974299601,0.0001249044278490816,9.907260582669582e-05,7.920208404758888e-05,6.379190723321791e-05,5.174563462494051e-05,4.225649112422484e-05,3.472642742496057e-05,2.870878887804673e-05,2.386748131327374e-05,1.994771458550304e-05,1.675491117533997e-05,1.413940353779146e-05,1.198525845992211e-05,1.020206092369419e-05,8.718833081505981e-06,7.479503139182673e-06,6.439506433152174e-06,5.56321883816478e-06,4.822005980514934e-06,4.192730974792606e-06,3.656605744780722e-06,3.19830142088561e-06,2.805255302037698e-06,2.467127859495156e-06,2.175374950889536e-06,1.922909010579325e-06,1.703829342087514e-06,1.51320636985097e-06,1.346908247724697e-06,1.201460885531272e-06,1.07393447048741e-06,9.618510936485282e-07,8.631092641683523e-07,7.75921995656838e-07,6.987658454452118e-07,6.303388283771447e-07,5.69525548657881e-07,5.153682239751375e-07,4.670425364501844e-07,4.238374508402417e-07,3.851383038840653e-07,3.504125990224803e-07,3.191980450614803e-07
5.5,0.01789810510743498,0.01104801233897914,0.008577069648108721,0.006686094392684334,0.005062919429308488,0.00375322343677282,0.002752513844705688,0.002012210257466577,0.001473565443015063,0.001084305345463007,0.0008032307932145223,0.0005996944418753967,0.0004515490191001885,0.0003430125705236689,0.000262902512641466,0.0002033012749118706,0.0001585905823078038,0.0001247674347197746,9.89645981368359e-05,7.91158196514793e-05,6.372216354476251e-05,5.168860628727455e-05,4.220937440155653e-05,3.468713230515011e-05,2.867573859301311e-05,2.383947184781771e-05,1.992381550814543e-05,1.673439507009156e-05,1.412169534435156e-05,1.196989876110114e-05,1.018867907393115e-05,8.707127333702281e-06,7.469225790388992e-06,6.430452601984251e-06,5.555217895119381e-06,4.814914935251099e-06,4.186429321569816e-06,3.650991405467433e-06,3.193287522525501e-06,2.800767595342929e-06,2.463102634352366e-06,2.171757340881624e-06,1.91965160469525e-06,1.70089104102851e-06,1.510551438609146e-06,1.34450552678972e-06,1.199283131148397e-06,1.071957800539984e-06,9.600545204679765e-07,8.614742992438495e-07,7.744323140870247e-07,6.974070002370725e-07,6.290980064943745e-07,5.683913621585588e-07,5.143305307356313e-07,4.66092285909273e-07,4.229665509604925e-07,3.843395061519692e-07,3.49679398822293e-07,3.185245951816403e-07
6.5,0.01760778580833347,0.01107710325355138,0.008626449246095442,0.006720329522097516,0.005084510737292503,0.003767197191087317,0.002762047074070314,0.002019037158051895,0.001478633703332189,0.001088162379275156,0.0008062163574974158,0.0006020338386192879,0.0004533994768940263,0.0003444877948820116,0.0002640867284050804,0.0002042578965017831,0.0001593679181897245,0.0001254026202796,9.948639551727672e-05,7.954665428363144e-05,6.407962743093558e-05,5.198657953785634e-05,4.245886893198381e-05,3.489693094683793e-05,2.885288222797377e-05,2.398963283795107e-05,2.005158552254987e-05,1.684350810116332e-05,1.421520139063441e-05,1.205029976478617e-05,1.025803583424013e-05,8.767143992938252e-06,7.521316906855325e-06,6.475796639242681e-06,5.594800065947594e-06,4.849561665293998e-06,4.21683608653658e-06,3.677745305989682e-06,3.216885662314537e-06,2.8216320987025e-06,2.481592961758177e-06,2.188180423765273e-06,1.934270213404812e-06,1.71393071611713e-06,1.522206249776474e-06,1.354942871901201e-06,1.208647746677711e-06,1.080375122140459e-06,9.676335063478797e-07,8.683098081838291e-07,7.806071131990322e-07,7.029934640699172e-07,6.341595581753138e-07,5.729836984008969e-07,5.185026653285743e-07,4.698874404140398e-07,4.264229165092396e-07,3.874908962793612e-07,3.525558099908798e-07,3.211526889613395e-07
7.5,0.01727324718138986,0.01105648487918174,0.008642267652616937,0.006730681265485958,0.00508897539132096,0.00376885670412841,0.002762680365363638,0.002019381309751917,0.001478934125224634,0.001088474774565281,0.0008065363156027979,0.0006023449691235372,0.0004536883307400602,0.0003447466944360271,0.0002643128698135563,0.0002044517397945623,0.0001595317986643056,0.0001255397666648138,9.960030661370145e-05,7.964073678586332e-05,6.41570071243919e-05,5.205002051923704e-05,4.251075632982294e-05,3.4939288396488e-05,2.888740629901727e-05,2.401773383280221e-05,2.007442866748702e-05,1.68620519998685e-05,1.42302323208188e-05,1.206246138746147e-05,1.026785442665523e-05,8.775049586521028e-06,7.527660822275423e-06,6.480865931374931e-06,5.598829364472803e-06,4.852742847224159e-06,4.219326159717091e-06,3.67967282566585e-06,3.218355950244045e-06,2.822731487809797e-06,2.482392249399768e-06,2.188737683039294e-06,1.934633083987965e-06,1.71413827311336e-06,1.522290530272762e-06,1.354930123654782e-06,1.208559450993342e-06,1.080228833008506e-06,9.674435398600109e-07,8.680878097544513e-07,7.803625248948836e-07,7.027339101408591e-07,6.338911634869142e-07,5.727113517328799e-07,5.18230237293292e-07,4.696179639620118e-07,4.261587365413595e-07,3.872337937110246e-07,3.523071046587872e-07,3.209133249864465e-07
8.5,0.01689653088602229,0.01109403677088023,0.008697440513139037,0.006765816710893367,0.0051094010023382,0.003781218454180944,0.002770775267616776,0.002025096286701168,0.00148319716059486,0.00109176763330194,0.0008091331582567169,0.0006044185121582098,0.0004553572263560532,0.0003460975606649514,0.0002654113524945251,0.0002053486741035873,0.0001602670354580537,0.0001261447741808615,0.0001001000535916507,8.00551077631111e-05,6.450188857214346e-05,5.233814374272167e-05,4.275235559007185e-05,3.514261660729923e-05,2.90591401290778e-05,2.416329259903423e-05,2.019822587977567e-05,1.696769420799991e-05,1.432067666787825e-05,1.214014075633348e-05,1.033477710998359e-05,8.832878889476424e-06,7.577778824749999e-06,6.524424716432047e-06,5.636792304338272e-06,4.885917981113276e-06,4.248393263816993e-06,3.705205437048861e-06,3.240839341992041e-06,2.842577385621519e-06,2.499950917616242e-06,2.204307880439999e-06,1.948470289205507e-06,1.726461500143331e-06,1.533287991709965e-06,1.364763949391001e-06,1.217369630386583e-06,1.088136516814834e-06,9.745538128198704e-07,8.74492024326512e-07,7.861402701992797e-07,7.079546768991816e-07,6.386157549905117e-07,5.769930821305022e-07,5.221159513656864e-07,4.731489067291508e-07,4.293712962763345e-07,3.901601380132343e-07,3.549757260077196e-07,3.233495095278066e-07
9.5,0.01648005524172517,0.01108670746979738,0.008726677384641111,0.006785029795800427,0.005119672679737865,0.003786943687147913,0.002774454354480448,0.002027833387322062,0.001485431317559395,0.001093666931295978,0.0008107663552566291,0.0006058217549357428,0.0004565573303835795,0.0003471188575959287,0.0002662769574046677,0.0002060802163669871,0.000160884209259938,0.0001266650708265128,0.0001005387056451379,8.042518681713453e-05,6.481449190997501e-05,5.260262054103701e-05,4.297654049569613e-05,3.533305199320737e-05,2.922127755039516e-05,2.430166977349033e-05,2.031661892138754e-05,1.70692466759007e-05,1.440800784809697e-05,1.221543587119218e-05,1.03998621032108e-05,8.889282223554686e-06,7.626782445196688e-06,6.567106039961995e-06,5.674058803386644e-06,4.918535680073559e-06,4.277010237789539e-06,3.73037121219059e-06,3.263020935447403e-06,2.862172589104484e-06,2.517299318280585e-06,2.21970002210652e-06,1.962155303020832e-06,1.738653473443331e-06,1.54417129479203e-06,1.374497699998816e-06,1.226091443267684e-06,1.095965659320101e-06,9.815938660277065e-07,8.808331316609663e-07,7.91861041215481e-07,7.131238022211629e-07,6.432933788128329e-07,5.812319708384803e-07,5.25962490368693e-07,4.766439522781986e-07,4.325509046417522e-07,3.930561907612956e-07,3.576164670993973e-07,3.257600074571055e-07
10.5,0.01602665040574281,0.01108965761151017,0.008782468492753286,0.006826329813174215,0.005145849693342956,0.003803847364599375,0.002786027484222025,0.002036209586434083,0.001491742154412129,0.001098545792473655,0.000814598860338873,0.0006088631609815912,0.0004589880528577523,0.0003490721526907258,0.0002678539450847399,0.000207358873282179,0.0001619252559539974,0.0001275160942721546,0.0001012371758490144,8.100072299120338e-05,6.529059083718917e-05,5.299798639032799e-05,4.330611355080241e-05,3.560880745535947e-05,2.945284766068629e-05,2.449682964117386e-05,2.048166691948329e-05,1.720930308736597e-05,1.452724998615807e-05,1.231728372448861e-05,1.048712535821728e-05,8.964277061362696e-06,7.691424622058286e-06,6.622985307883163e-06,5.722498606909352e-06,4.960641200577322e-06,4.3137071878178e-06,3.762437264066044e-06,3.291111266043529e-06,2.886840709493396e-06,2.53901411270318e-06,2.238859729682911e-06,1.979099025838557e-06,1.753670676901802e-06,1.557509673238498e-06,1.386369707281785e-06,1.236679729620358e-06,1.105427609686293e-06,9.900653980072179e-07,8.884318816975345e-07,7.986890439313317e-07,7.192697487082272e-07,6.488345242737732e-07,5.862357494853996e-07,5.304878853464445e-07,4.807426601183276e-07,4.362683270045517e-07,3.964322806947926e-07,3.606864525024894e-07,3.285550106933158e-07
11.5,0.01553960851014169,0.01118811137380796,0.008899349311516621,0.006907875947126376,0.005199660842296133,0.003840230667100113,0.002811573920986433,0.002054739658209044,0.001505510678844623,0.00110895492130964,0.0008225697339138358,0.0006150287213129105,0.0004637976724300348,0.0003528522257926895,0.0002708453661771672,0.0002097415390685579,0.0001638347608446507,0.0001290554410289213,0.000102485155101252,8.20179938169129e-05,6.612413924992911e-05,5.368442158224977e-05,4.387412205482813e-05,3.608099192023151e-05,2.98471126857006e-05,2.482743213515766e-05,2.076001654445098e-05,1.744457550188944e-05,1.472685912107119e-05,1.248724735610195e-05,1.063234950561952e-05,9.088778319814277e-06,7.79850481218274e-06,6.715369312119811e-06,5.802443651492585e-06,5.030023885680786e-06,4.374093098220094e-06,3.815136882270532e-06,3.337225067373212e-06,2.92729567676177e-06,2.574593416779134e-06,2.270226944652393e-06,2.006817955986985e-06,1.77822164681007e-06,1.579302956441195e-06,1.40575663152069e-06,1.253961888913978e-06,1.12086452851824e-06,1.003880925793811e-06,9.008195424065618e-07,8.098165232740705e-07,7.292826673881828e-07,6.578596185450335e-07,5.943835583491005e-07,5.378550260015601e-07,4.874137589262328e-07,4.423176615521573e-07,4.019251790177992e-07,3.656804877382395e-07,3.331010230383952e-07
12.5,0.01502274106546045,0.01120854520168865,0.008970718580373099,0.006959537170820567,0.005232612659043804,0.00386173379564559,0.002826407259523565,0.002065505824001583,0.001513613803353173,0.001115197626373042,0.0008274499423741746,0.0006188802312967693,0.0004668578448499214,0.0003552965626512046,0.0002728067773455754,0.0002113221396410989,0.000165113711653001,0.00013009447973412,0.0001033326506506574,8.271198741030656e-05,6.66946558404339e-05,5.415524093526993e-05,4.426414265095446e-05,3.640528515415521e-05,3.011774013206128e-05,2.505408087137492e-05,2.095049436529936e-05,1.760519798135891e-05,1.486275299713505e-05,1.260258902473802e-05,1.073055307122136e-05,9.172644333328461e-06,7.870338290572803e-06,6.777073687603741e-06,5.855595805724731e-06,5.075934275738735e-06,4.41385409659535e-06,3.849661770155036e-06,3.367279592238402e-06,2.953523675603919e-06,2.597537688029771e-06,2.290346303673964e-06,2.024501215261879e-06,1.793799110104149e-06,1.593055896953665e-06,1.417925130071423e-06,1.264751333981416e-06,1.130451021112978e-06,1.01241578539674e-06,9.084330729273799e-07,8.166211681827009e-07,7.353756592691899e-07,6.633252090972715e-07,5.992948993388904e-07,5.422757591230149e-07,4.913993623324735e-07,4.459165925266773e-07,4.051798454842374e-07,3.686280757640628e-07,3.35774202938234e-07
13.5,0.01448045626535493,0.01129466107107559,0.009081846485419116,0.007037087938100243,0.005283529426733302,0.003896135603168641,0.002850683774907034,0.002083277106386593,0.001526968577668111,0.001125414690922884,0.0008353646935873423,0.0006250685974025052,0.0004717325685498501,0.0003591612419807467,0.0002758886179910352,0.0002137932037146135,0.0001671054388006138,0.0001317079745366867,0.0001046461461982638,8.378634584226737e-05,6.757746598695075e-05,5.488389501480241e-05,4.486816089414923e-05,3.690808162162061e-05,3.05379705848502e-05,2.540667634154572e-05,2.124745723229539e-05,1.785621779033892e-05,1.507568487790362e-05,1.27838269444252e-05,1.088532226258872e-05,9.305231354457434e-06,7.984272763544966e-06,6.875272449810035e-06,5.940477706728012e-06,5.149511958633297e-06,4.47780766311084e-06,3.90539813040084e-06,3.415980459010528e-06,2.996184516941552e-06,2.634999453327306e-06,2.323321352915835e-06,2.053594581321944e-06,1.819525990482767e-06,1.615856088602727e-06,1.43817497750587e-06,1.282773647858425e-06,1.146523335109363e-06,1.026777248330095e-06,9.212902166381427e-07,8.281527466214795e-07,7.457367181107865e-07,6.726505161566767e-07,6.077018426329594e-07,5.498668004587733e-07,4.982641189086693e-07,4.521336064995851e-07,4.10818091210392e-07,3.737482460462876e-07,3.404298087125728e-07
14.5,0.01391785794053013,0.01125948365268508,0.009124668931666439,0.007070216627242841,0.005303288668251911,0.00390812308817687,0.002858696483942978,0.002089189405802735,0.001531632056524936,0.001129222926847693,0.0008385200834280328,0.0006276949269289557,0.0004739193722450323,0.0003609804343674286,0.0002774005991669229,0.000215049272000717,0.0001681490449697277,0.0001325756691906458,0.0001053684559199569,8.438861187441053e-05,6.808062784310501e-05,5.530519885816736e-05,4.522178182526453e-05,3.720565826520133e-05,3.07890566858232e-05,2.561911753908233e-05,2.142770256242166e-05,1.80095755448177e-05,1.520653179836069e-05,1.289577874037159e-05,1.098137234507069e-05,9.387863606322034e-06,8.055553190101032e-06,6.936923697686878e-06,5.993939708951444e-06,5.195991353241014e-06,4.518318128297465e-06,3.940793366624778e-06,3.446981213309245e-06,3.023400773697321e-06,2.658948697347867e-06,2.344443635110409e-06,2.072264976256324e-06,1.836064921935806e-06,1.630537908419771e-06,1.45123511010467e-06,1.294414554111784e-06,1.15691950213904e-06,1.036079373707199e-06,9.296287247674072e-07,8.356407502335873e-07,7.524725176362139e-07,6.787197133810575e-07,6.131791316992094e-07,5.548174883959067e-07,5.027454189604308e-07,4.56195740220678e-07,4.145052292919777e-07,3.770993128828311e-07,3.43479171633629e-07
15.5,0.0133408723636694,0.01133853158751948,0.009244230075686533,0.007157344808694119,0.005361959688222463,0.003948392130494647,0.002887373433603447,0.002110283283276221,0.001547520675392661,0.001141391122394979,0.000847950359299695,0.0006350696245301839,0.000479729308135187,0.0003655872020697761,0.0002810749306223478,0.0002179961788769396,0.0001705250962056987,0.0001345012626676355,0.0001069367288870857,8.567200716398794e-05,6.913578289569425e-05,5.617661422537327e-05,4.594459110501082e-05,3.780773091760097e-05,3.129260231156618e-05,2.604191555204381e-05,2.178404900050664e-05,1.831101531990113e-05,1.546242748303512e-05,1.311375429029565e-05,1.116766073489376e-05,9.547580337111951e-06,8.192912373460933e-06,7.055409475833939e-06,6.096442794404466e-06,5.284918219339378e-06,4.59567867039239e-06,4.008271548647757e-06,3.505992215411009e-06,3.07513738914277e-06,2.704419135034604e-06,2.384502426064242e-06,2.107638326703713e-06,1.867371578227305e-06,1.658306382111014e-06,1.475917941147739e-06,1.316400155879546e-06,1.17654202586527e-06,1.053626945704027e-06,9.453503427216338e-07,8.497520713051193e-07,7.651607281306743e-07,6.901476352223064e-07,6.234886930504896e-07,5.641326632110736e-07,5.111747219204563e-07,4.638343485827142e-07,4.214367909821906e-07,3.833974901710467e-07,3.492089615165576e-07
16.5,0.01275640420791294,0.01137396131490845,0.00932593730116376,0.007214901311053089,0.005398439849867848,0.00397235973350458,0.002904206905852684,0.002122810959107897,0.001557213964134684,0.001149065772102475,0.0008541056304578609,0.0006400427980005641,0.0004837660028660065,0.0003688748900494553,0.0002837604399598099,0.000220196013108845,0.0001723322831736159,0.0001359903188995791,0.0001081674526109219,8.66924544522627e-05,6.998462996628721e-05,5.688504010140391e-05,4.653777916286214e-05,3.830606599172478e-05,3.171262453648504e-05,2.639708013547015e-05,2.208533147392193e-05,1.856739395839757e-05,1.568126819732642e-05,1.330111812470917e-05,1.132854994893272e-05,9.686135725420518e-06,8.312571835184437e-06,7.15903574849143e-06,6.186426610418464e-06,5.363261835802552e-06,4.664063691947932e-06,4.068114151267243e-06,3.558488238949655e-06,3.121299262049308e-06,2.745106196466688e-06,2.420445896077905e-06,2.139461926227471e-06,1.895608603152357e-06,1.683413879027897e-06,1.498288507422788e-06,1.336371787144543e-06,1.194406354302661e-06,1.069636148599542e-06,9.597229493673832e-07,8.626778549057942e-07,7.768048358734061e-07,7.00654082522281e-07,6.329833259180731e-07,5.727256747019162e-07,5.189627939331497e-07,4.709024782262042e-07,4.27859850842049e-07,3.892415636553999e-07,3.545324877344869e-07
17.5,0.01217252241555157,0.01143840733431306,0.009448169731738877,0.007305470601936135,0.005459472312588303,0.004014253148102236,0.002934123329314287,0.002144936159988533,0.001573998299098097,0.001162021723333924,0.0008642276816651838,0.0006480212723866915,0.0004900994384805401,0.0003739330311528246,0.0002878223432829168,0.0002234747833623549,0.0001749920393884618,0.0001381582890419204,0.0001099428164737285,8.815291594636958e-05,7.119135541593451e-05,5.788639756874566e-05,4.737218678936229e-05,3.90041724809318e-05,3.229898583727493e-05,2.689145414798307e-05,2.250368186744424e-05,1.892267157314359e-05,1.598402172798697e-05,1.355997327231419e-05,1.155058685344552e-05,9.877187440556813e-06,8.477461284626272e-06,7.30176457159138e-06,6.310326242318731e-06,5.471114831608869e-06,4.758201518407861e-06,4.150496298705591e-06,3.630766450879471e-06,3.184869864639893e-06,2.801152878173562e-06,2.46997479633099e-06,2.183330508612443e-06,1.934549488276668e-06,1.718054576378909e-06,1.529167799574726e-06,1.363953372586296e-06,1.219090238423312e-06,1.091768179409344e-06,9.796028202592854e-07,8.805658372243097e-07,7.929274561747751e-07,7.152089207768745e-07,6.461430796372042e-07,5.846416085842599e-07,5.297676739516093e-07,4.80713072189533e-07,4.367790636327865e-07,3.973602639826225e-07,3.619310738800553e-07
18.5,0.01159866523268875,0.01148068382318816,0.009553889953710716,0.007387947055845175,0.005517027301564933,0.00405491804712062,0.002963892575896018,0.002167428746484185,0.001591379660397244,0.001175655771513438,0.0008750304141133097,0.0006566426374587303,0.0004970190668446176,0.000379513965355163,0.0002923437564626349,0.0002271535136419859,0.0001779976507460737,0.0001406240487157186,0.0001119739046889459,8.983266136127953e-05,7.258601555839504e-05,5.904884579398255e-05,4.834476795751957e-05,3.982092228111129e-05,3.298736077333593e-05,2.747368399464946e-05,2.299783005920935e-05,1.934346906896739e-05,1.634352474532896e-05,1.386808372130052e-05,1.181546545547174e-05,1.010558273440864e-05,8.674972516099901e-06,7.473052457251753e-06,6.459282511447437e-06,5.6009990671433e-06,4.871751973610798e-06,4.250019936230318e-06,3.718212339221753e-06,3.261889200633496e-06,2.869148227274458e-06,2.530140612090638e-06,2.236686576061517e-06,1.981968607624188e-06,1.760285543979558e-06,1.566854537473248e-06,1.397650894460799e-06,1.249278009381161e-06,1.118861322813145e-06,1.003961541098959e-06,9.025033642239133e-07,8.127167504761175e-07,7.330883550411553e-07,6.623212556756105e-07,5.993014525290484e-07,5.430699242119717e-07,4.927992559697862e-07,4.477740418021823e-07,4.073744109196643e-07,3.710621480434368e-07
19.5,0.01104584812210416,0.01155780169088334,0.009680228818788703,0.007481723290533,0.005580924277542376,0.004099339756094932,0.002996017303642697,0.002191469302631836,0.001609813291489657,0.001190021031929415,0.0008863479392918141,0.0006656288755487774,0.0005041978665710739,0.0003852787211413928,0.000296994921932183,0.00023092305522956,0.0001810659848833248,0.0001431322744735954,0.0001140328768478399,9.152983084069487e-05,7.399063916794119e-05,6.021598052423497e-05,4.931834807251017e-05,4.063613893693218e-05,3.367250850357346e-05,2.805159811085982e-05,2.348700914546869e-05,1.975895435929205e-05,1.669759127522053e-05,1.417078533678383e-05,1.207506602480174e-05,1.03288984849149e-05,8.867644748186928e-06,7.639765546339848e-06,6.603938777739589e-06,5.726859531594726e-06,4.981550043970169e-06,4.346053541226729e-06,3.802418846876135e-06,3.335906538403908e-06,2.934364906446637e-06,2.587736800049677e-06,2.287667922305229e-06,2.027194185383171e-06,1.800490998187258e-06,1.602671315490485e-06,1.429622265987742e-06,1.277872446783403e-06,1.144483705201577e-06,1.026962559147307e-06,9.231874333714958e-07,8.313486843202064e-07,7.498990056098004e-07,6.775122907160566e-07,6.130494102370671e-07,5.555296616108853e-07,5.041068873521101e-07,4.580494474193722e-07,4.167233827667696e-07,3.795782285921519e-07
20.5,0.01052683450295403,0.01158521791439811,0.009791745694719751,0.00757484639886706,0.005648471162505333,0.004148219370653645,0.003032280976280997,0.002219040443206416,0.001631162828762648,0.001206765150763836,0.0008995992578006908,0.0006761877869530372,0.0005126586350313598,0.0003920918572889118,0.0003025065782381367,0.0002354015857803868,0.0001847207617228848,0.0001461274716425165,0.0001164977837476943,9.35666706689267e-05,7.568054568279759e-05,6.162359305547508e-05,5.04953594166669e-05,4.162404461228977e-05,3.450474413295437e-05,2.875520637762965e-05,2.40839439714494e-05,2.026710452230509e-05,1.71315864406242e-05,1.454263286169045e-05,1.239465576190946e-05,1.060440431482801e-05,9.105845067585492e-06,7.846299954680789e-06,6.783514375054372e-06,5.883417290246215e-06,5.118399440129913e-06,4.465981869568065e-06,3.907780274592564e-06,3.428694890804231e-06,3.016273346361577e-06,2.660206913851776e-06,2.35193021571394e-06,2.08430159110871e-06,1.851346680796601e-06,1.64805180811006e-06,1.470196774260109e-06,1.314218996771415e-06,1.177102685065126e-06,1.056288102695845e-06,9.495970117828119e-07,8.551712063131993e-07,7.714216729488125e-07,6.969864125740702e-07,6.306953446559432e-07,5.715410234862937e-07,5.186541387827972e-07,4.712829668946401e-07,4.287760937239422e-07,3.905678547177594e-07
21.5,0.01005622063946448,0.01160075987223465,0.009891332765686855,0.007659806983742296,0.005710667540007663,0.004193594866078437,0.003066253960573581,0.002245127579258302,0.00165156626332066,0.001222920289007645,0.0009124966544768187,0.0006865457143490365,0.0005210164698647563,0.0003988637030424662,0.0003080146390675238,0.000239898613181317,0.0001884060824352644,0.0001491588933722215,0.0001190006497837529,9.564083838323679e-05,7.74058050204489e-05,6.306389199086487e-05,5.170210837817432e-05,4.263870629208304e-05,3.536086727831908e-05,2.948002617292068e-05,2.469964408364619e-05,2.079181464447044e-05,1.758017272875642e-05,1.49273259195486e-05,1.272555094894898e-05,1.088986149006422e-05,9.352808937722832e-06,8.060557580759951e-06,6.969902807676037e-06,6.04599151632857e-06,5.260568654026662e-06,4.590620388988556e-06,4.01731809958774e-06,3.525191869069718e-06,3.101480096135159e-06,2.735615017202734e-06,2.418813691732789e-06,2.143751260762587e-06,1.904298720046228e-06,1.695311535460296e-06,1.512458519378641e-06,1.35208273736481e-06,1.2110880114248e-06,1.086845966630326e-06,9.771196338734617e-07,8.800004485109193e-07,7.938561292739846e-07,7.172874265679216e-07,6.490921262613923e-07,5.882350086248399e-07,5.338227107794349e-07,4.850826390783392e-07,4.413452361911502e-07,4.02029034744229e-07
22.5,0.009650367798263388,0.0116811221950783,0.01000864010203701,0.007747571226468192,0.005771611361557288,0.004236955241583837,0.003098385635312156,0.002269751066251286,0.001670868701456254,0.001238268531104094,0.0009248108729661829,0.0006964858242504487,0.000529077049890556,0.0004054256109176645,0.0003133757892788768,0.0002442941344728209,0.0001920225497214306,0.0001521448918883362,0.0001214748499533514,9.769826606286583e-05,7.912274997855614e-05,6.450176630431166e-05,5.291048635571139e-05,4.365772327990403e-05,3.622311517231532e-05,3.021205342823094e-05,2.532314471606954e-05,2.132457249094426e-05,1.803681293421441e-05,1.531991439857001e-05,1.306407377713307e-05,1.118260929506577e-05,9.606685973702065e-06,8.28133095829938e-06,7.162404058039191e-06,6.214280093015576e-06,5.408064958198816e-06,4.720214325232213e-06,4.131457928552351e-06,3.625957148909724e-06,3.190641737193801e-06,2.814684868730246e-06,2.489085600430032e-06,2.206335161197547e-06,1.960149015182795e-06,1.745250785046534e-06,1.55719726179419e-06,1.39223611658417e-06,1.247189757074934e-06,1.119360175477244e-06,1.006450720565091e-06,9.065015681732886e-07,8.178363215563017e-07,7.39017687546537e-07,6.688105793277193e-07,6.061513165742688e-07,5.501218475715565e-07,4.999281201810338e-07,4.548818902725561e-07,4.143853861101304e-07
23.5,0.009327109911882609,0.01178759494956523,0.01015447230962491,0.007862195453735933,0.005855389168141508,0.00429874435585779,0.003145042811378232,0.00230572325047019,0.001699026715226738,0.001260544022868346,0.000942566996908149,0.0007107226452875342,0.0005405484124319341,0.0004147098276570867,0.000320921514253252,0.0002504520260711888,0.0001970681401363039,0.0001562956042773238,0.0001249028948206669,0.0001005405232463145,8.148839283874204e-05,6.647817095943602e-05,5.456782746570077e-05,4.5052558735857e-05,3.740118974787897e-05,3.121049748950081e-05,2.617220327932889e-05,2.204896882994592e-05,1.865682715734593e-05,1.585223917817572e-05,1.352249540174031e-05,1.157855143493018e-05,9.949645243891919e-06,8.579226953918405e-06,7.421861581859585e-06,6.440857459328189e-06,5.606439279925301e-06,4.894332376651117e-06,4.284659371964134e-06,3.761075504111828e-06,3.31008736863815e-06,2.920513398192992e-06,2.583054470204836e-06,2.289950533567597e-06,2.03470476681972e-06,1.811861015710209e-06,1.616823466402624e-06,1.445709953721967e-06,1.295232173882754e-06,1.162597509685382e-06,1.045428288209164e-06,9.416951547690071e-07,8.496619208910659e-07,7.678397723564187e-07,6.949491392686143e-07,6.298878589221161e-07,5.717045232923802e-07,5.195761110353541e-07,4.727891703703181e-07,4.307239529366563e-07
24.5,0.009105178878582707,0.0118814905104226,0.01027846646393495,0.007957667660221232,0.005924551724338359,0.004349935722550322,0.003184172444442283,0.002336391458740027,0.001723455668300339,0.001280195712855919,0.0009584726554576188,0.0007236502258703776,0.0005510900896812844,0.0004233313601384285,0.0003279930752125768,0.0002562694015907055,0.0002018683632942611,0.0001602689803214437,0.0001282024522617127,0.0001032895138127829,8.378626429196833e-05,6.840532767972212e-05,5.618942427143638e-05,4.642152339132513e-05,3.856063084815437e-05,3.219562333506519e-05,2.701185218464472e-05,2.276683093346999e-05,1.927242137502087e-05,1.638169577217434e-05,1.397918412823287e-05,1.197358688534348e-05,1.029229438131473e-05,8.877238620981291e-06,7.681733633759096e-06,6.668053925705602e-06,5.805567397924565e-06,5.06928731824172e-06,4.43874289565334e-06,3.897093503152983e-06,3.430430292967196e-06,3.027222739253686e-06,2.677877872396953e-06,2.374387598679168e-06,2.110045221386431e-06,1.879216594546301e-06,1.677154611913629e-06,1.499848226964023e-06,1.343899109396867e-06,1.206420513813318e-06,1.084954073506687e-06,9.774011162262787e-07,8.81965788954008e-07,7.971078200456862e-07,7.215031734922106e-07,6.54011187362655e-07,5.93647056412899e-07,5.395587325004295e-07,4.910074874872288e-07,4.473515207509471e-07
25.5,0.009003321432627829,0.01201506936061802,0.0104182993703884,0.008059538243031315,0.005997084530434594,0.004403503572876879,0.003225275919601021,0.002368790561442978,0.001749412200621695,0.001301184357521007,0.0009755358439193789,0.0007375704820146158,0.0005624767856087663,0.0004326683813070888,0.000335668272597028,0.0002625949351357969,0.0002070959139992085,0.0001646016470588465,0.0001318042517748411,0.0001062930245691292,8.629878508729626e-05,7.051383390286975e-05,5.79645493951393e-05,4.792075218907042e-05,3.983085748387123e-05,3.327519950998421e-05,2.793222702125718e-05,2.35538646804146e-05,1.994743885370179e-05,1.696233228951033e-05,1.448006589812155e-05,1.240687941456961e-05,1.066814540959249e-05,9.204136736523719e-06,7.966799342985863e-06,6.917276513245782e-06,6.023998187248886e-06,5.261197785798799e-06,4.60775438355617e-06,4.046283922756818e-06,3.56242213920149e-06,3.144255884152469e-06,2.781869929275456e-06,2.466984109118502e-06,2.192661486734666e-06,1.953072629312916e-06,1.743304420358314e-06,1.559204382296056e-06,1.397253436224863e-06,1.254461530073258e-06,1.128281731139419e-06,1.016539284905664e-06,9.173728498466738e-07,8.291856734671617e-07,7.506049126681329e-07,6.80447648117529e-07,6.176924177408735e-07,5.614553142175742e-07,5.109698673935222e-07,4.655700740323598e-07
26.5,0.009039152013120123,0.01231750906475421,0.01063837656032708,0.008204203224862306,0.006095556296794424,0.004474300101636924,0.003278523359783944,0.002410078330081252,0.001782035362622181,0.001327257251335174,0.0009965246566165753,0.0007545518739567484,0.0005762707579065016,0.0004439128604680792,0.0003448654597481231,0.0002701428433375923,0.000213311280568384,0.0001697372652549861,0.0001360623756775806,0.0001098358550478012,8.925671784426348e-05,7.299196467583062e-05,6.004781215606384e-05,4.96779820087485e-05,4.131800663158149e-05,3.453788653581394e-05,2.900776026524103e-05,2.447285146256085e-05,2.073506779575001e-05,1.763939747696372e-05,1.506378685948005e-05,1.291155933368808e-05,1.110570092479774e-05,9.584525581245585e-06,8.298366522829698e-06,7.207035358831373e-06,6.277859207654299e-06,5.484155567987577e-06,4.804040677700849e-06,4.219493396289929e-06,3.715615975847945e-06,3.280047371894955e-06,2.902495363808418e-06,2.574361690601985e-06,2.288440371502699e-06,2.038673886473832e-06,1.819955313948699e-06,1.62796713559696e-06,1.459049422518997e-06,1.310091662909915e-06,1.178443688732637e-06,1.061842091035851e-06,9.583492423608181e-07,8.663026170520893e-07,7.84272551727571e-07,7.110269457070086e-07,6.455016855203072e-07,5.867758046015841e-07,5.340505711747816e-07,4.866318436458495e-07
27.5,0.00922785210598844,0.01262054506488805,0.01081506853899492,0.008303026600798133,0.006156883720635718,0.004517255121394297,0.003311445125753725,0.002436639074553646,0.001803982995847828,0.001345558336021188,0.001011820210495379,0.0007673321395401582,0.0005869401362411232,0.0004528142718178874,0.0003522908838914507,0.0002763397067895022,0.0002184878005662742,0.0001740675168237306,0.0001396911174599694,0.0001128829932862524,9.182130857833103e-05,7.515571020972405e-05,6.187805542159493e-05,5.123023293980204e-05,4.263805034875953e-05,3.56635285267299e-05,2.997026283794957e-05,2.529811144114079e-05,2.144457960500089e-05,1.825103956581342e-05,1.559246347289926e-05,1.336972427287879e-05,1.150378525442114e-05,9.931287260199391e-06,8.601176604054671e-06,7.4721126505765e-06,6.510463032785683e-06,5.688744420850089e-06,4.984403088480881e-06,4.378856108605808e-06,3.856733571575842e-06,3.405276693930188e-06,3.013857456244656e-06,2.673593467041944e-06,2.377037811865448e-06,2.117928231353652e-06,1.890983457726674e-06,1.691737202613507e-06,1.516402334674654e-06,1.36175936406535e-06,1.225064574818655e-06,1.10397409973254e-06,9.96480978454427e-07,9.008628258365823e-07,8.156382004420218e-07,7.395301298653117e-07,6.714355413852555e-07,6.103995796006363e-07,5.555939796341161e-07,5.06298814928377e-07
28.5,0.009580898478782816,0.0131884615947667,0.01110326935358099,0.008453437190983211,0.006247127053673042,0.004579422481756346,0.003358620311335023,0.002474411455626764,0.001834997640601011,0.001371284481435512,0.001033231240260081,0.0007851642717161877,0.0006017911228042945,0.0004651831853203398,0.000362597123855402,0.0002849349891129277,0.0002256657241531934,0.0001800720273387485,0.0001447241314990921,0.0001171111784421705,9.538199740272674e-05,7.81619673094986e-05,6.442295629731865e-05,5.339043691940523e-05,4.447675918787612e-05,3.723292143049732e-05,3.131349200973003e-05,2.645093283239383e-05,2.24366832804073e-05,1.910713414055697e-05,1.633316000663834e-05,1.401225705697965e-05,1.206260014571198e-05,1.041852252913228e-05,9.027056560929455e-06,7.845270456868125e-06,6.838205963801236e-06,5.977272300071794e-06,5.238988556992735e-06,4.603993734543289e-06,4.056263468976945e-06,3.582487245349779e-06,3.17157086810846e-06,2.814237189682973e-06,2.502704294216108e-06,2.230425026611973e-06,1.991875329538005e-06,1.782381584255386e-06,1.59797925268962e-06,1.435296741793677e-06,1.291459671579752e-06,1.164011710982482e-06,1.050848915497802e-06,9.501651060966127e-07,8.604063072840588e-07,7.802326416226613e-07,7.084863802150178e-07,6.441650902135554e-07,5.863990142702499e-07,5.344319729525042e-07
29.5,0.01010503227202489,0.01409904340779157,0.01153454604257954,0.0086671988140455,0.006371525206120295,0.004664299203733197,0.003423255179398914,0.002526603961432089,0.001878243025513245,0.001407449694626703,0.001063541316369174,0.0008105582818345497,0.0006230477418114732,0.0004829656106446231,0.0003774718877210182,0.0002973834305575823,0.0002360938516864328,0.0001888200519429888,0.0001520756344800943,0.0001233016334038661,0.0001006064324999304,8.258167338085661e-05,6.817124267168438e-05,5.657749712952162e-05,4.719373973270991e-05,3.955529751227087e-05,3.330385277744468e-05,2.816127071764085e-05,2.391027114085669e-05,2.038006230612358e-05,1.743559415849233e-05,1.49694677556764e-05,1.289580599158446e-05,1.114558140842221e-05,9.663033119309912e-06,8.402902713433713e-06,7.328289683904346e-06,6.408978239003686e-06,5.620124835847327e-06,4.941223298666835e-06,4.355284709384442e-06,3.848184351715994e-06,3.408139260147965e-06,3.025288386060021e-06,2.691353779166339e-06,2.399366027488467e-06,2.143440893906995e-06,1.918596919149478e-06,1.720605942054194e-06,1.545870175685877e-06,1.391320789983683e-06,1.254333976302768e-06,1.132661272946748e-06,1.024371563913811e-06,9.278026638822551e-07,8.415208001968447e-07,7.6428661973686e-07,6.950266023535188e-07,6.328089664503836e-07,5.768233166516618e-07
30.5,0.01080163543353557,0.01497876083022887,0.01195032755578729,0.008882354977898139,0.006506472900889073,0.0047643577207886,0.003504985744756063,0.002596113287901749,0.001938016108962668,0.00145881055860433,0.001107480261854681,0.0008479714138115172,0.0006547816777545879,0.0005098091096192293,0.0004001412195774323,0.0003165139117980925,0.000252238577339807,0.0002024538322015764,0.0001636019203144081,0.0001330607422503552,0.0001088839744439021,8.961654068847144e-05,7.416284187924007e-05,6.169210199069537e-05,5.156995990850423e-05,4.330872046304672e-05,3.653094533253872e-05,3.094263596026738e-05,2.631335434033623e-05,2.246139209238758e-05,1.924263521239808e-05,1.654215084067578e-05,1.426779117596354e-05,1.23453013030537e-05,1.071455506198036e-05,9.326642077365912e-06,8.141600798034077e-06,7.126644664824983e-06,6.254766822636218e-06,5.503637011467829e-06,4.854725178918101e-06,4.292601932722715e-06,3.804377619271548e-06,3.379250600320536e-06,3.008141951587246e-06,2.683398868226815e-06,2.398552932892738e-06,2.148122376822497e-06,1.927449761505849e-06,1.732568290632143e-06,1.5600913509073e-06,1.407120967541909e-06,1.271171714930473e-06,1.150107297797114e-06,1.042087552934856e-06,9.455240472989572e-07,8.590427882345473e-07,7.814528342602796e-07,7.117198142367768e-07,6.489435399362705e-07
31.5,0.01166658189806902,0.0147366398919288,0.01181755395558052,0.008851580291441891,0.006533817734413727,0.004821918939889269,0.003576052265382703,0.00267074984838007,0.002010511888696895,0.001526122690541904,0.001168227545618221,0.000901773893539496,0.0007018321577459557,0.000550601541719987,0.0004353035879848006,0.0003467092222715622,0.0002781092203291689,0.0002245929101479013,0.0001825408799267186,0.0001492665186705265,0.0001227613976175545,0.0001015133989943663,8.437604628065596e-05,7.047405282101769e-05,5.913462633600503e-05,4.983719063537892e-05,4.217635219507743e-05,3.583444772606289e-05,3.05610637834705e-05,2.615766058344825e-05,2.246595535288839e-05,1.935909167527868e-05,1.673488594317185e-05,1.451063173737495e-05,1.261907967875923e-05,1.100530937911065e-05,9.624282315884821e-06,8.438917358921243e-06,7.418569658021517e-06,6.537822482194129e-06,5.775523118515915e-06,5.114010056099003e-06,4.538490818197052e-06,4.036538993843918e-06,3.597686011949933e-06,3.213088547444867e-06,2.875256557870168e-06,2.577830121447577e-06,2.315395708785535e-06,2.083334438223639e-06,1.877696365868927e-06,1.695096041250696e-06,1.532625490797371e-06,1.387781529373981e-06,1.258404887312739e-06,1.142629109338626e-06,1.0388375577326e-06,9.456271545285024e-07,8.617777417232943e-07,7.862261362890182e-07
32.5,0.01269051581335492,0.01309715782094499,0.01077242987098941,0.008282345792303459,0.006249832377738542,0.0047038043128004,0.003553050692809641,0.002700769542433611,0.002068342236227403,0.001596665687470361,0.001242540666112791,0.0009747004043188821,0.0007705518386448496,0.0006137302732209374,0.0004923283038839052,0.0003976317172634809,0.0003232218309768058,0.000264338212918716,0.0002174251662689625,0.0001798077119371257,0.0001494589512502582,0.0001248321096814967,0.0001047385531403971,8.825863839737122e-05,7.467613962479991e-05,6.34297001460385e-05,5.407665208150744e-05,4.626587578287828e-05,3.971730781501057e-05,3.420636960660455e-05,2.95520609104992e-05,2.560779983720241e-05,2.225433403095125e-05,1.939422315321376e-05,1.694752055461814e-05,1.484837544585859e-05,1.304234562315269e-05,1.148426167963057e-05,1.013652150221946e-05,8.967722200033445e-06,7.951557947654347e-06,7.065928375891845e-06,6.292214430352099e-06,5.614688016312586e-06,5.020028972798274e-06,4.496928499381374e-06,4.035762490583538e-06,3.628321609994888e-06,3.267587581276988e-06,2.947547253793638e-06,2.663037644047398e-06,2.409616457522031e-06,2.183453633366647e-06,1.981240283885936e-06,1.800112066292339e-06,1.63758455998797e-06,1.491498655549079e-06,1.359974312526264e-06,1.241371328595244e-06,1.134255995458313e-06
33.5,0.0138597543374162,0.01231442916075844,0.009709792887451683,0.007296066292620414,0.005419600248883296,0.004036902717622096,0.003032520347967538,0.002302691974693272,0.001768919811904069,0.00137490191222338,0.001080953124991979,0.0008591980427766762,0.000690002953716037,0.0005594582764294367,0.0004576351867913059,0.0003773853114309602,0.0003135141797047508,0.0002622102481855113,0.000220648563148614,0.0001867140218850045,0.0001588068534540066,0.0001357048951947645,0.0001164653207524854,0.0001003539403569762,8.679389946558514e-05,7.532812240368892e-05,6.559156881375997e-05,5.729055117997715e-05,5.018717518561943e-05,4.40875281873958e-05,3.883263365688153e-05,3.429146455601832e-05,3.035550265325877e-05,2.693446856618023e-05,2.395294583836401e-05,2.134769332512176e-05,1.906549166707097e-05,1.706140729841355e-05,1.529738520046563e-05,1.374110223527643e-05,1.236502833479407e-05,1.114565447023861e-05,1.006285518182416e-05,9.099360230529043e-06,8.240315164162235e-06,7.472914652072809e-06,6.786095618354919e-06,6.170279701447627e-06,5.617156544888694e-06,5.119500997233707e-06,4.671018557872215e-06,4.266214417589933e-06,3.900282260383765e-06,3.569009656506153e-06,3.268697417294391e-06,2.996090724488892e-06,2.748320209687542e-06,2.522851458511358e-06,2.31744166103374e-06,2.130102334678029e-06
34.5,0.01515893108771775,0.01262656158412503,0.009574954063643769,0.006967561095472352,0.005004077890829076,0.003590853873702255,0.002588340699721154,0.001878675976307243,0.00137469330231021,0.001014742240372392,0.0007558766575960773,0.0005682860766740422,0.0004312473854126941,0.0003302996400038867,0.0002553011393785679,0.0001990987198858846,0.0001566158983930994,0.0001242263814191422,9.932204120421086e-05,8.001371050117303e-05,6.492298365434988e-05,5.303661010650569e-05,4.360411667208973e-05,3.606541846545206e-05,2.999933220321881e-05,2.508673166373822e-05,2.108401406132932e-05,1.780386734586471e-05,1.510123680196134e-05,1.286301629593645e-05,1.100042408683805e-05,9.443325661614308e-06,8.135977666965469e-06,7.033815745592491e-06,6.101014158612489e-06,5.308619698189669e-06,4.633115679395528e-06,4.055310062061201e-06,3.559469384457851e-06,3.132640260280415e-06,2.764114853098055e-06,2.445007517759117e-06,2.167917763280685e-06,1.926660613823555e-06,1.716049872920161e-06,1.531723126734029e-06,1.369999841053472e-06,1.227765822253778e-06,1.102378776978704e-06,9.915908308655433e-07,8.934847361367164e-07,8.064211729049153e-07,7.289950756175753e-07,6.599993287710563e-07,5.983945009522418e-07,5.432835432118498e-07,4.938905818295915e-07,4.495430982529685e-07,4.096569192701096e-07,3.73723545183571e-07
35.5,0.01651665570962337,0.01293493944461075,0.009550266158113675,0.006864840570086443,0.004898238222846308,0.003500981910092575,0.002516746617223045,0.001822980615626295,0.0013316663355462,0.0009814656492369781,0.0007300085177314429,0.0005480338155664848,0.000415265459462405,0.0003175843345627477,0.0002451031999181141,0.0001908563427544178,0.0001499050975445496,0.0001187247702235834,9.478252907327006e-05,7.624538499395989e-05,6.177716039578007e-05,5.03965951034409e-05,4.137764222974132e-05,3.41790135692903e-05,2.839410086995045e-05,2.371516289108855e-05,1.99075529675977e-05,1.679105206582075e-05,1.422625897767446e-05,1.210460104894203e-05,1.034095269119177e-05,8.868143895942685e-06,7.632847199543576e-06,6.592476435679573e-06,5.712832920899891e-06,4.966307340202276e-06,4.330497428219323e-06,3.78713873621039e-06,3.321272619284888e-06,2.920595063995214e-06,2.57494420303374e-06,2.275894811366992e-06,2.016435795379448e-06,1.790712420171752e-06,1.593819304497788e-06,1.42163343245447e-06,1.270678864091273e-06,1.138016675841923e-06,1.021155073971053e-06,9.179757087647464e-07,8.266730542933497e-07,7.457043679014445e-07,6.737482496867681e-07,6.096702185562907e-07,5.524940332186212e-07,5.013777328088086e-07,4.555935673095854e-07,4.14511143678548e-07,3.775832381829156e-07,3.443338254998515e-07
36.5,0.01801921352369066,0.01332765064701697,0.009598446163321485,0.006818104915510016,0.004834192096865932,0.003442499885406867,0.002469034547232932,0.00178568396827027,0.00130297088285959,0.0009594610887761605,0.0007130828745441144,0.0005349314768700093,0.000405041113577198,0.0003095360134782506,0.0002387114487702744,0.0001857359509467185,0.0001457688979682633,0.000115357174726465,9.202038901387916e-05,7.396418922107342e-05,5.988106622358277e-05,4.881119710027043e-05,4.004469608330021e-05,3.305255998646502e-05,2.743759672985428e-05,2.289934130936952e-05,1.920881433804271e-05,1.619024464442877e-05,1.370774736798031e-05,1.165554908293319e-05,9.950767189358912e-06,8.528040069991967e-06,7.33550672405636e-06,6.331776637633588e-06,5.483630940011595e-06,4.76426707422659e-06,4.15195000095201e-06,3.628969398762084e-06,3.180828621254877e-06,2.795610256436541e-06,2.463477064626568e-06,2.176277299075118e-06,1.927230966481727e-06,1.71067919457415e-06,1.521883064626589e-06,1.356861415070593e-06,1.212259500684052e-06,1.085242198363923e-06,9.73406830023036e-07,8.747117321296045e-07,7.874175184584145e-07,7.100386161404314e-07,6.413031486770144e-07,5.801196259373143e-07,5.255492049508873e-07,4.767825252363256e-07,4.331203127056824e-07,3.939570977439846e-07,3.587675142526574e-07,3.270947437262036e-07
37.5,0.01953745668445674,0.01373614952032783,0.009650882520870475,0.006769528894252699,0.004766795288375817,0.003380984997939828,0.002419045712916774,0.001746819186553855,0.001273253497830337,0.0009368243014232036,0.0006957926419375674,0.0005216440683419241,0.0003947497406063861,0.0003014965252825291,0.000232375720200245,0.0001806994292063362,0.0001417314751490058,0.0001120947043320466,8.936416001304569e-05,7.178617207978782e-05,5.808328933923088e-05,4.73180647534441e-05,3.879740139656739e-05,3.200499438862771e-05,2.655333341802814e-05,2.214939393891983e-05,1.856995890001742e-05,1.564375331007295e-05,1.32384258435253e-05,1.125099920623465e-05,9.600817915343291e-06,8.224305267271899e-06,7.071039165372854e-06,6.100795479842387e-06,5.281305739103406e-06,4.586545586218177e-06,3.995420115722716e-06,3.490747848796529e-06,3.058470819538705e-06,2.687036903795887e-06,2.366914139010813e-06,2.090206778947574e-06,1.850350206745561e-06,1.641867309609295e-06,1.460173010926738e-06,1.301416729265357e-06,1.162354855014257e-06,1.040247098147562e-06,9.327719062603575e-07,8.379571846995618e-07,7.541233471149678e-07,6.798363421436081e-07,6.138687827962665e-07,5.551676813831714e-07,5.02827588581363e-07,4.560681687559339e-07,4.142154287926437e-07,3.766859651045625e-07,3.429737113033471e-07,3.126387635762631e-07
38.5,0.02106424309605585,0.01404874730992927,0.009647357832974178,0.006690660313374192,0.004682304492866865,0.003309455645691891,0.002363070069494383,0.001704360710844155,0.001241405015268016,0.0009129647345108995,0.0006778469870106531,0.0005080543101516727,0.0003843727062734457,0.0002935007905487737,0.0002261573588139643,0.0001758184516080816,0.0001378655717343137,0.0001090061301819801,8.687617814952558e-05,6.976630951412781e-05,5.643140619147283e-05,4.595781499626026e-05,3.767008615916352e-05,3.106510860647405e-05,2.576531657699642e-05,2.148524182008661e-05,1.800745482699101e-05,1.516514810622656e-05,1.282944505502916e-05,1.090009072515482e-05,9.298577479600158e-06,7.96303454040247e-06,6.844403357790119e-06,5.903556248818151e-06,5.109111425536618e-06,4.435765427973018e-06,3.863012419991276e-06,3.374154560685527e-06,2.955532738694437e-06,2.595925151175283e-06,2.286074487299867e-06,2.018314222608987e-06,1.786271726183158e-06,1.584631225609842e-06,1.408943664806204e-06,1.255473486299052e-06,1.121074632462646e-06,1.003089778400963e-06,8.992681207123595e-07,8.076980527414865e-07,7.267518330398157e-07,6.550399552599553e-07,5.913733961253718e-07,5.347322845955735e-07,4.84239823370813e-07,4.39140521240497e-07,3.987819750179709e-07,3.625995832778513e-07,3.301036887768171e-07,3.008687384344908e-07
39.5,0.02256275442732412,0.01444666486426666,0.009693551524569801,0.006639065049816391,0.004614006692564078,0.003248310565917291,0.002314118909552115,0.001666819757777327,0.001213077999025422,0.00089166833419445,0.000661791288632294,0.000495873824927951,0.000375057390959892,0.0002863127910907227,0.0002205593249468359,0.0001714182441622077,0.0001343755845163011,0.0001062140018819643,8.462389272614422e-05,6.793531426178103e-05,5.493199606611341e-05,4.472152909612751e-05,3.664423144450605e-05,3.020879020291962e-05,2.504653986529662e-05,2.087878120216369e-05,1.749327432164083e-05,1.472722179022985e-05,1.245486925594257e-05,1.057841063212264e-05,9.021272495686726e-06,7.72312202735112e-06,6.636131332926095e-06,5.722163404180255e-06,4.950638466118721e-06,4.296905805672412e-06,3.74099351726428e-06,3.266642565282264e-06,2.860556068563303e-06,2.511812493046559e-06,2.211404415128645e-06,1.951874043019567e-06,1.727023715082724e-06,1.531684815174782e-06,1.36153244373156e-06,1.21293611105988e-06,1.082838930015852e-06,9.686594636439822e-07,8.682116643790757e-07,7.796393242333919e-07,7.01362213243416e-07,6.320316707118471e-07,5.704938710332143e-07,5.157593435763666e-07,4.669776071613015e-07,4.234160014941706e-07,3.844419737434972e-07,3.495082183699034e-07,3.181401801324521e-07,2.899255198832858e-07
40.5,0.02399416336760329,0.01478637378561659,0.009707192371478454,0.006568145352912742,0.004533851488627752,0.003179775744014226,0.002260511615978527,0.001626324134516933,0.001182873627333755,0.000869186911719537,0.0006450001824963297,0.0004832514669484588,0.000365491827494464,0.0002789989368278917,0.0002149152176862281,0.0001670220841147301,0.0001309200749162842,0.0001034737741623007,8.243241491580389e-05,6.616853681337051e-05,5.349674294053536e-05,4.35472224250321e-05,3.567696032217314e-05,2.94070329681307e-05,2.437805792550723e-05,2.031834738185897e-05,1.702099922491355e-05,1.432731144922977e-05,1.211469591754198e-05,1.028781248361038e-05,8.772021960175062e-06,7.508519070651149e-06,6.450690147439445e-06,5.561369341149654e-06,4.810758191446626e-06,4.174838061789191e-06,3.634151075912336e-06,3.17285829794146e-06,2.778007784928056e-06,2.438962474913671e-06,2.146950525192526e-06,1.894710002590471e-06,1.676206684352169e-06,1.486408819711703e-06,1.321106504408174e-06,1.176766175734883e-06,1.050412891830432e-06,9.395346958853575e-07,8.420046153500005e-07,7.560168047863383e-07,6.800340801357509e-07,6.127446649112928e-07,5.530264147500859e-07,4.999171355707016e-07,4.525898846555748e-07,4.103323602757585e-07,3.72529656900819e-07,3.386497994592838e-07,3.082315791156095e-07,2.808743004570587e-07
41.5,0.02531937376454271,0.01510455375553469,0.009713737630033912,0.006494050048953216,0.004452353623037616,0.003110806072434042,0.002206867611903582,0.001585933335939897,0.001152801265424601,0.0008468209539059288,0.0006282958719681655,0.000470687757802649,0.0003559614612472302,0.0002717022130061673,0.0002092749859786704,0.0001626204484974384,0.0001274527543551719,0.0001007176619909933,8.022263997022024e-05,6.438224659559391e-05,5.204160767180251e-05,4.235324874833986e-05,3.469062866132252e-05,2.858707187384417e-05,2.369237705823308e-05,1.974179509682766e-05,1.653371062281798e-05,1.391348201032755e-05,1.176166398907552e-05,9.985367500971688e-06,8.511878850185953e-06,7.283915895469353e-06,6.256077818273725e-06,5.39217062061073e-06,4.663179219417271e-06,4.045719980760617e-06,3.520852484311991e-06,3.073161564446497e-06,2.690043952431819e-06,2.361150738821505e-06,2.077949207244251e-06,1.833376644310976e-06,1.621565415229182e-06,1.437623558899598e-06,1.277458863597082e-06,1.137637168536127e-06,1.015267739077562e-06,9.07910159566326e-07,8.134984061024351e-07,7.302786962214959e-07,6.567584331467182e-07,5.916641206900289e-07,5.339065596285341e-07,4.825519764216654e-07,4.367980022951344e-07,3.95953631537812e-07,3.594224549245192e-07,3.266885971167186e-07,2.973048930976696e-07,2.708829238728501e-07
42.5,0.02649950370003617,0.01544419029019202,0.009740016383649956,0.006432935003121103,0.004380018718361507,0.003048701499123406,0.002158505570564095,0.001549651203864174,0.00112594487952807,0.0008269864257309077,0.0006135962870025119,0.0004597220608983158,0.000347713533983822,0.0002654416310325766,0.0002044774135028728,0.0001589084468200645,0.0001245532179331804,9.843166483530754e-05,7.840419371703662e-05,6.292334461516233e-05,5.086166971826657e-05,4.139164003418334e-05,3.390132943758551e-05,2.793485597740353e-05,2.315005391878538e-05,1.928820515077243e-05,1.615225759311763e-05,1.359105015349461e-05,1.148781321771359e-05,9.751730462830136e-06,8.311705825488616e-06,7.11172866650128e-06,6.107404458033464e-06,5.263340806983628e-06,4.55116514909038e-06,3.948011883877914e-06,3.435360578575276e-06,2.998138351151145e-06,2.624022267598086e-06,2.302894085618921e-06,2.026411721358692e-06,1.787670660084146e-06,1.58093506335104e-06,1.401423176487952e-06,1.245135263853063e-06,1.108715021079099e-06,9.893374691123725e-07,8.846178956950215e-07,7.925376013683465e-07,7.113831212088392e-07,6.396962984105008e-07,5.762331320476348e-07,5.199297466276e-07,4.698741636851995e-07,4.252828170261504e-07,3.854809594695595e-07,3.498862723795766e-07,3.179951193292567e-07,2.89370989137386e-07,2.636347568418146e-07
43.5,0.02749472878918899,0.01564717344090879,0.009688369196189655,0.006325428614866266,0.004278248517887415,0.002966955920993359,0.002096540088633003,0.001503680687409153,0.001092039222795888,0.00080193510302696,0.0005949814601093882,0.00044578206231529,0.0003371813479980475,0.0002574090177662753,0.0001982921644535455,0.0001541000486311868,0.0001207801014016656,9.544405738602679e-05,7.601800108168707e-05,6.100175358801058e-05,4.93021397288799e-05,4.011665814190816e-05,3.285180094227811e-05,2.706534845413222e-05,2.242535118135873e-05,1.868079226694434e-05,1.564047171764552e-05,1.315771059522618e-05,1.11191987787769e-05,9.436810181015643e-06,8.041555941412123e-06,6.879087433652456e-06,5.906329723041167e-06,5.088944765182614e-06,4.399407469977615e-06,3.815537294723106e-06,3.319370543923747e-06,2.896289076993618e-06,2.534343162667409e-06,2.223722220083872e-06,1.956338871078389e-06,1.725500309637458e-06,1.525647332961819e-06,1.352146087063923e-06,1.201121097204723e-06,1.069320795701044e-06,9.540087553288768e-07,8.528753520135144e-07,7.6396573734697e-07,6.856208891056328e-07,6.164291924199524e-07,5.551865346442399e-07,5.008633099248205e-07,4.525770524583632e-07,4.095696711978635e-07,3.711884590069723e-07,3.368702079403086e-07,3.061278885815618e-07,2.785394522267584e-07,2.53738395576598e-07
44.5,0.02826287026032953,0.01582957439194733,0.009662125940501441,0.00624801085984202,0.004201876313747554,0.002904845356917631,0.002049312880593819,0.001468672714373695,0.00106628546027435,0.0007829706590854399,0.0005809411293532868,0.0004353067351273951,0.0003292954552738188,0.0002514152813857802,0.0001936915684171234,0.0001505339046111768,0.0001179889961946082,9.323901185185642e-05,7.426024975120875e-05,5.958854642061502e-05,4.815673615474842e-05,3.91812405687025e-05,3.208242660198113e-05,2.642833005041147e-05,2.189464397679836e-05,1.823609404117383e-05,1.526583071767093e-05,1.284049781709341e-05,1.084934331536182e-05,9.206225849426686e-06,7.843707993996445e-06,6.708662610430813e-06,5.758983103685211e-06,4.961104117833695e-06,4.288120962303318e-06,3.718354144827643e-06,3.234246872092726e-06,2.821513171484746e-06,2.468475802420079e-06,2.165548751149947e-06,1.904830515699613e-06,1.679782771166279e-06,1.484975199167617e-06,1.315881866880374e-06,1.168717979238389e-06,1.040308410926375e-06,9.279813760621068e-07,8.294820753402613e-07,7.429022917245851e-07,6.666227738770621e-07,5.992659159680535e-07,5.396567612866735e-07,4.867907609828394e-07,4.39807035200239e-07,3.979661320730768e-07,3.606314759188395e-07,3.272538511585809e-07,2.973583919790111e-07,2.705336463881867e-07,2.464223624105044e-07
45.5,0.02876279622995714,0.01588813154791312,0.009581424723404933,0.006145466096663925,0.004113088843066294,0.002836253124766706,0.001998579991498007,0.001431738346851881,0.001039479261701165,0.0007634516408250998,0.000566634411088416,0.0004247321200353361,0.0003214056616356827,0.0002454699370968562,0.0001891656659010991,0.0001470532014916431,0.0001152849707401224,9.111756986922783e-05,7.257997323668132e-05,5.824553112851219e-05,4.707397704642487e-05,3.830116250120938e-05,3.136159755546896e-05,2.583369536116711e-05,2.140082580334681e-05,1.782344094232191e-05,1.49189985563699e-05,1.254740937644801e-05,1.060041962718087e-05,8.993813804743971e-06,7.661650750360735e-06,6.551974639336783e-06,5.623602483239339e-06,4.843702272280643e-06,4.185955442945434e-06,3.629153898216668e-06,3.156122208812368e-06,2.752884650080105e-06,2.408017699614858e-06,2.112143856667077e-06,1.857533777090859e-06,1.637791898460065e-06,1.447606775955933e-06,1.282551843123907e-06,1.138925669970619e-06,1.013623314748324e-06,9.040322728241456e-07,8.079479746898475e-07,7.235048913588639e-07,6.491201543866495e-07,5.834472525783641e-07,5.253378749638567e-07,4.738103648161238e-07,4.280235586333317e-07,3.872550269100146e-07,3.508829252078886e-07,3.183708159366564e-07,2.892549421180961e-07,2.631335309543788e-07,2.39657782441051e-07
46.5,0.02896878155346241,0.01582624818670586,0.009458045427441268,0.006028191724029708,0.004019297155162363,0.002766085698478102,0.001947481380743799,0.001394844189812219,0.001012827203630049,0.0007440985319847783,0.0005524737862861662,0.0004142775966975196,0.0003136120917193816,0.0002396011329559039,0.0001847007233070635,0.0001436213078858134,0.0001126203054941178,8.902811655450112e-05,7.092590032774637e-05,5.692414630852503e-05,4.600920519070573e-05,3.743614655033608e-05,3.065346403140067e-05,2.524982734427155e-05,2.091619113083229e-05,1.741866318203216e-05,1.457895393571515e-05,1.226019848043305e-05,1.035660789962224e-05,8.785866171856548e-06,7.483507427588196e-06,6.398730364693702e-06,5.491262076882552e-06,4.728992942374498e-06,4.086181595349262e-06,3.54208401827811e-06,3.079900121092663e-06,2.685959440918603e-06,2.349088027506905e-06,2.060113430214025e-06,1.811475558022782e-06,1.596919164540561e-06,1.411249609973711e-06,1.25013793867616e-06,1.10996459043441e-06,9.876935290548143e-07,8.807704352100465e-07,7.870400263565296e-07,7.046786479259624e-07,6.321391101202409e-07,5.681053850341321e-07,5.114552752383784e-07,4.612295515556558e-07,4.166063602160181e-07,3.768799372506573e-07,3.414428555526437e-07,3.097711786816114e-07,2.814120137707142e-07,2.559730503828528e-07,2.331137479333346e-07
47.5,0.02889429197688618,0.01572728175520621,0.0093352885365447,0.005915932048533183,0.00393011903464572,0.002699609852393395,0.001899238897445843,0.001360129560266892,0.0009878273292859066,0.0007259950976073484,0.0005392592939330079,0.0004045416320978251,0.0003063667066477632,0.000234152765059163,0.0001805600976117111,0.0001404410750635879,0.0001101520894356306,8.709291974108478e-05,6.93936531049875e-05,5.56995143573808e-05,4.502169001545017e-05,3.66331413927671e-05,2.999535312075476e-05,2.470650466886683e-05,2.046457051817341e-05,1.704088453408003e-05,1.426108126734813e-05,1.199126759228163e-05,1.012792426575417e-05,8.590483134500762e-06,7.31583525569579e-06,6.254240992231608e-06,5.366264322842806e-06,4.620460045937188e-06,3.991617878921852e-06,3.459421038259484e-06,3.007415208809088e-06,2.622211370437481e-06,2.292865879015575e-06,2.010395691398412e-06,1.767397222589866e-06,1.557745118166085e-06,1.376352990269315e-06,1.218982453498759e-06,1.08209000403521e-06,9.627036969957715e-07,8.58323400335709e-07,7.668397894012669e-07,6.86468304921967e-07,6.156951101020486e-07,5.532327096728737e-07,4.979833800289374e-07,4.490089383192616e-07,4.055056747123241e-07,3.667835049468274e-07,3.322485840931176e-07,3.013887681286612e-07,2.737614258537284e-07,2.489831962800952e-07,2.267213608873176e-07
48.5,0.02860869893554099,0.01551859965432392,0.009170376990906197,0.005787093419463303,0.003834262339378993,0.002630591775893371,0.001850274491198793,0.0013255041276091,0.0009632622645155023,0.0007084498663058093,0.0005266193319150342,0.0003953463787783749,0.0002996070429226207,0.0002291288639429944,0.0001767839584219778,0.0001375702000793341,0.0001079443804009609,8.537592894934545e-05,6.804353921054931e-05,5.462657405115357e-05,4.416036084184065e-05,3.593505677421508e-05,2.942448993758301e-05,2.423577204282743e-05,2.007339603516035e-05,1.671349437505113e-05,1.398526576914815e-05,1.175748841120365e-05,9.928663448445838e-06,8.419764640605575e-06,7.168870281659647e-06,6.127162821981278e-06,5.255928411432437e-06,4.52429200550674e-06,3.907496920363023e-06,3.385589866997563e-06,2.942409817528078e-06,2.564805916825875e-06,2.242029090755982e-06,1.965256147910415e-06,1.727215523921207e-06,1.521891436220789e-06,1.344288855722983e-06,1.190245898261553e-06,1.05628337886328e-06,9.394836346215517e-07,8.373925090978206e-07,7.479397500830238e-07,6.693741111145814e-07,6.002102448529021e-07,5.391850921207526e-07,4.852219478859289e-07,4.374007574663049e-07,3.949334873620199e-07,3.571436439518366e-07,3.234491939241095e-07,2.933482834893052e-07,2.66407267363692e-07,2.422506495454424e-07,2.205526109070067e-07
49.5,0.02822587860139084,0.01535727634564317,0.009038808465251661,0.005678399899945704,0.003751430924870902,0.002570547747360733,0.001807742880703562,0.001295605958064413,0.0009422333345978476,0.0006935883365706622,0.0005160424876562384,0.0003877561465304357,0.0002941100328294326,0.0002251087386510991,0.0001738136390121049,0.0001353521276719037,0.0001062699601835809,8.40979551889293e-05,6.705738633860151e-05,5.385731593683845e-05,4.355391074451668e-05,3.545204390805942e-05,2.903600587708046e-05,2.392039998685655e-05,1.981512405038035e-05,1.650024058566426e-05,1.380782926667719e-05,1.160879788888584e-05,9.803235213300128e-06,8.313308746175514e-06,7.078002102071368e-06,6.049190178228267e-06,5.188693203654684e-06,4.466051446212348e-06,3.856833748854721e-06,3.341343930718608e-06,2.903625525156575e-06,2.530691570506828e-06,2.211925176504086e-06,1.938610432180876e-06,1.703563359593047e-06,1.500840084753835e-06,1.325504927431424e-06,1.17344523002278e-06,1.041222829738481e-06,9.259544001512446e-07,8.252146454217834e-07,7.369576674065167e-07,6.594528481041359e-07,5.912323754433416e-07,5.310481469855979e-07,4.778362567006269e-07,4.306876367326073e-07,3.888237131956818e-07,3.515761607890591e-07,3.183700192720725e-07,2.88709576161639e-07,2.621665325064233e-07,2.383700584824935e-07,2.169984176557439e-07
50.5,0.02786414057302819,0.01517575028131857,0.008892699377034873,0.005562897313316208,0.003665719411358171,0.002509283170790826,0.001764654547285205,0.001265416895181026,0.0009210258142422204,0.000678601745984972,0.0005053710508372627,0.0003800919567485181,0.0002885547428797734,0.0002210429053062647,0.0001708078666405406,0.0001331069678087834,0.0001045752311936615,8.280511686617576e-05,6.606070019236272e-05,5.308093749463693e-05,4.29430032122491e-05,3.496662947491106e-05,2.864668878000493e-05,2.360537496541405e-05,1.955807155474867e-05,1.628883666734039e-05,1.363268371991511e-05,1.146269236053238e-05,9.680572622782918e-06,8.209712456472328e-06,6.99002188668133e-06,5.974084853296643e-06,5.124268672482378e-06,4.410539077915981e-06,3.808798328198281e-06,3.299613447564878e-06,2.867237213118306e-06,2.49885012529403e-06,2.183970171222597e-06,1.913990728135546e-06,1.68181687638642e-06,1.481577705036216e-06,1.308397613294806e-06,1.158213650565637e-06,1.027628964597939e-06,9.137947073557102e-07,8.143144748993298e-07,7.271666719149744e-07,6.506411970404579e-07,5.83287618178263e-07,5.238726041607873e-07,4.713448426097142e-07,4.248060351843397e-07,3.834868443956106e-07,3.467268887279894e-07,3.139580585945234e-07,2.846905650520862e-07,2.585012441926493e-07,2.350237288345139e-07,2.139401703031374e-07
51.5,0.02760619372244781,0.01504977520811087,0.008774507453922364,0.005464211749591892,0.0035916306928733,0.002456517035822015,0.001727901506380497,0.001239992270829693,0.0009034263619623174,0.0006663671076970306,0.0004968144574967684,0.0003740656195708076,0.000284277760788738,0.0002179823942629161,0.0001685986037630218,0.0001314973951636106,0.0001033911564017123,8.192523886248242e-05,6.540004517187841e-05,5.257960297849945e-05,4.25584775155986e-05,3.466852868047116e-05,2.841313448404864e-05,2.342048982248719e-05,1.941023926395769e-05,1.616948683231917e-05,1.353543860676291e-05,1.138276429451114e-05,9.614335791644973e-06,8.154396685427772e-06,6.943492169703152e-06,5.934681518063968e-06,5.090690669866953e-06,4.381758132774939e-06,3.78399531752475e-06,3.278130893887247e-06,2.848543541459693e-06,2.482512566894676e-06,2.169634067911344e-06,1.901363608416338e-06,1.670656114227722e-06,1.471680887733046e-06,1.299594972213843e-06,1.150362073602598e-06,1.020607229647077e-06,9.074996645925214e-07,8.086579711051126e-07,7.220730587489312e-07,6.460453016099472e-07,5.791330817166375e-07,5.201105154397624e-07,4.679326085928903e-07,4.217064436146438e-07,3.80667282416374e-07,3.441586889407704e-07,3.116159496586733e-07,2.825522084068132e-07,2.565468420139813e-07,2.332356911403921e-07,2.123028313518992e-07
52.5,0.02749108497675257,0.01491782881865507,0.008641494651063786,0.005355793052896803,0.003511888700416891,0.002400413154321913,0.001689072864463436,0.001213209213701679,0.0008849024983274737,0.0006534860373307901,0.0004877970488974497,0.0003677059726426663,0.0002797567717559416,0.000214741318228038,0.000166254365926271,0.0001297859417344371,0.0001021294524454215,8.098566689644724e-05,6.469307994226979e-05,5.204203453002294e-05,4.214537048228354e-05,3.434770822043214e-05,2.816138776977961e-05,2.322093696761173e-05,1.925050458835713e-05,1.604042011419325e-05,1.343021591215145e-05,1.129625197073937e-05,9.542637798417315e-06,8.094530308003672e-06,6.893154120818678e-06,5.892078044104024e-06,5.05441325120343e-06,4.350691867591326e-06,3.757250886915572e-06,3.254993655221182e-06,2.828435148485732e-06,2.464961815480735e-06,2.154254584418257e-06,1.887836649441628e-06,1.658717211705665e-06,1.461109407447183e-06,1.290205895093235e-06,1.14199948455764e-06,1.013139126963309e-06,9.008137972954455e-07,8.026584816200441e-07,7.166777602880017e-07,6.411834588035733e-07,5.74743592508645e-07,5.161404146721163e-07,4.643358308282578e-07,4.184427959075653e-07,3.777015879216349e-07,3.414600701623748e-07,3.091572263317778e-07,2.803093898704051e-07,2.544986977767619e-07,2.313633863955493e-07,2.105896166328127e-07
53.5,0.02753968276566546,0.01487630652430836,0.008561310572727665,0.0052840086914883,0.003459242777519383,0.002364581378347209,0.001665418972336797,0.001197803732471007,0.0008749456244931552,0.0006470956149717402,0.0004837329762297053,0.0003651558961349832,0.0002781889583545339,0.0002138075989094496,0.0001657268016171224,0.0001295155047016549,0.0001020189879802275,8.097213947146272e-05,6.473588415102183e-05,5.211528568462748e-05,4.223281599551976e-05,3.443936922663827e-05,2.825134483182587e-05,2.33058728736504e-05,1.932874819906433e-05,1.611132164125281e-05,1.349374117887313e-05,1.135272108864919e-05,9.592558823481815e-06,8.138495121292368e-06,6.931774855120424e-06,5.925949733621942e-06,5.084093264824712e-06,4.376689926388784e-06,3.780025614252881e-06,3.27495302923664e-06,2.845939165340403e-06,2.480326289603267e-06,2.167755416897635e-06,1.899714159484624e-06,1.669180296457493e-06,1.470339404249726e-06,1.298360088552402e-06,1.149214242636551e-06,1.019532675009284e-06,9.064886525916288e-07,8.077035777759268e-07,7.211702931998417e-07,6.451904857528568e-07,5.783234143373017e-07,5.193437685854874e-07,4.672069186725135e-07,4.210201700156967e-07,3.800189139766639e-07,3.435467840717138e-07,3.110390998811391e-07,2.820090179398028e-07,2.560359181493257e-07,2.327556416572078e-07,2.118522663281725e-07
54.5,0.0277821420575091,0.01489631585638256,0.008508707002908754,0.005230688019700829,0.003420679580078583,0.002339581741195142,0.001650015643795935,0.001188649208342834,0.0008697264461901592,0.0006443104158033123,0.0004824288354711357,0.0003647333651332042,0.0002782732604173032,0.0002141663371560101,0.0001662177512719076,0.0001300534415818762,0.0001025545480514442,8.147832215671684e-05,6.51994404397929e-05,5.253124114818335e-05,4.26010096645879e-05,3.476228830530786e-05,2.853279023369013e-05,2.355015481326216e-05,1.954021739700558e-05,1.62941107206535e-05,1.365163567363821e-05,1.148910859881921e-05,9.710423719121483e-06,8.240438380659065e-06,7.020046454881388e-06,6.00248601094278e-06,5.150554838224036e-06,4.434497744058502e-06,3.830393918654198e-06,3.318918760693322e-06,2.884387753684579e-06,2.514014017021163e-06,2.197328651048544e-06,1.925725800970819e-06,1.692103788660015e-06,1.490580635047152e-06,1.316267483936493e-06,1.165087318570823e-06,1.033629279988153e-06,9.190311013892993e-07,8.188838478611792e-07,7.311544296128783e-07,6.541223378928894e-07,5.863278088910228e-07,5.265292064368233e-07,4.736678697396604e-07,4.268390282315804e-07,3.852676647549241e-07,3.482884283041229e-07,3.15328871549718e-07,2.858954265867203e-07,2.595616425494475e-07,2.359582969289988e-07,2.147650632696863e-07
55.5,0.02825931321163557,0.0149555282784539,0.008481745771452663,0.005202430318600583,0.003403979635593288,0.002332093863776319,0.001648072547742653,0.001189669844746392,0.0008721674910171504,0.0006473046907524347,0.0004855083690007745,0.0003676585225784715,0.0002809332926679339,0.0002165222017569545,0.0001682691815283904,0.0001318199443026171,0.0001040644950958225,8.276279827088226e-05,6.628890221324433e-05,5.345383339483671e-05,4.338184655559175e-05,3.542328116973553e-05,2.90927702461215e-05,2.40251405250617e-05,1.994373952250001e-05,1.663754481905207e-05,1.394451655258733e-05,1.17394140935464e-05,9.924823530271641e-06,8.424508119561749e-06,7.178449351248826e-06,6.139125763284485e-06,5.268703376805566e-06,4.536901564415669e-06,3.919362332043871e-06,3.396397014864258e-06,2.952017569994792e-06,2.573183703837403e-06,2.249214605402338e-06,1.97132690658928e-06,1.732269958668545e-06,1.526036528681538e-06,1.347632243958779e-06,1.192891024837358e-06,1.058326690010778e-06,9.410131464298855e-07,8.384872693042596e-07,7.486698718153474e-07,6.698011576716507e-07,6.003878159969235e-07,5.391595118926168e-07,4.85032988246341e-07,4.370823557093251e-07,3.945144314548453e-07,3.566482109700377e-07,3.228977341475651e-07,2.927577476031037e-07,2.657916773439844e-07,2.416215157454109e-07,2.19919298973641e-07
56.5,0.02900390921165532,0.01513048739163907,0.008520813251856678,0.005218962584541541,0.003419406183918529,0.002348008721121883,0.001663301544549399,0.00120337708712753,0.0008840518706458648,0.0006573844891688792,0.0004939480208708115,0.0003746719814587772,0.0002867370195786067,0.0002213147510024276,0.0001722240161974574,0.0001350845124428513,0.0001067620731786443,8.499538248920133e-05,6.814031824713174e-05,5.499268202245224e-05,4.466412736049798e-05,3.649464907065993e-05,2.99904341709665e-05,2.477943798126865e-05,2.057942952571225e-05,1.717486233382222e-05,1.440002844046325e-05,1.212671181395122e-05,1.025508270121886e-05,8.706940129926894e-06,7.4206658039569e-06,6.347432716243385e-06,5.448339135363358e-06,4.69222911737594e-06,4.05402534492787e-06,3.513446526928592e-06,3.054015116919567e-06,2.662285444735578e-06,2.327240118156614e-06,2.03981558525539e-06,1.792527364295654e-06,1.579172580652462e-06,1.394592768831968e-06,1.234483884416275e-06,1.095243474597384e-06,9.738472307027217e-07,8.6774887728774e-07,7.747986762789401e-07,6.931768419206981e-07,6.213389475650508e-07,5.579710142972997e-07,5.019524456952729e-07,4.523253440432583e-07,4.082690347741642e-07,3.690788557995481e-07,3.341484504372357e-07,3.029549473762313e-07,2.750465266160478e-07,2.500319628275635e-07,2.275718119468749e-07
57.5,0.03001549831052851,0.01533288962640217,0.008595411978420873,0.005277449283307033,0.003472724689966465,0.002394487940654667,0.001702044321672167,0.001234842683710492,0.0009092818422185373,0.0006775105728332551,0.0005099881638813999,0.0003874738480554142,0.0002969818854178257,0.000229541146571586,0.000178854556665351,0.0001404500540689981,0.0001111216920805423,8.855228397790561e-05,7.105428081053093e-05,5.738971044164282e-05,4.664391589656488e-05,3.813634756314021e-05,3.135710646723946e-05,2.592151492923097e-05,2.153738907247524e-05,1.798131495658138e-05,1.508134432317652e-05,1.27042941894614e-05,1.074636736204825e-05,9.126182492381756e-06,7.77956270909545e-06,6.655615309933965e-06,5.713764882407668e-06,4.921494659642145e-06,4.252617046548702e-06,3.685941808976947e-06,3.204244802672287e-06,2.793465112085575e-06,2.442076734011876e-06,2.140594360780029e-06,1.881182730403543e-06,1.657346372197119e-06,1.463682071422925e-06,1.295680499890724e-06,1.149566569311182e-06,1.022170421463275e-06,9.108227648074012e-07,8.132696414774516e-07,7.276027654018609e-07,6.522023887137626e-07,5.856902871311245e-07,5.268909487414552e-07,4.747994370914586e-07,4.28554703232854e-07,3.874173610854068e-07,3.507511303988837e-07,3.180073026503021e-07,2.88711705807786e-07,2.624537405230131e-07,2.388771380192735e-07
58.5,0.0312159559691581,0.01552875935071354,0.008684341258482485,0.005363048697740276,0.003553244366554261,0.002463832915237336,0.001758785889496799,0.001280129377089593,0.000945048896297433,0.0007056775070532736,0.000532193731246126,0.0004050344629659435,0.0003109270478255055,0.0002406669468593301,0.0001877743856641977,0.0001476367000555582,0.0001169404539605252,9.32864011617459e-05,7.492426297175501e-05,6.05679799169246e-05,4.926590059020748e-05,4.030890160344977e-05,3.316492162716394e-05,2.743201961634753e-05,2.280450609018942e-05,1.904835544000369e-05,1.59832455315842e-05,1.346935705749481e-05,1.139761121229663e-05,9.682405622277547e-06,8.256176124800395e-06,7.065300806779035e-06,6.066996581876311e-06,5.226953988565304e-06,4.517524233984833e-06,3.916321724636866e-06,3.405140955626897e-06,2.969112563252909e-06,2.596042321718612e-06,2.275890824201324e-06,2.000361912224853e-06,1.762575592462545e-06,1.556806915958969e-06,1.378276603361349e-06,1.222982452607427e-06,1.087563033509172e-06,9.691870552863275e-07,8.654632344902958e-07,7.743666000542631e-07,6.94178029805064e-07,6.234344787297599e-07,5.608878786719385e-07,5.054710959144487e-07,4.562696530135089e-07,4.124981738507831e-07,3.734807111101093e-07,3.386342747268298e-07,3.074550071278094e-07,2.79506553104618e-07,2.544102542390692e-07
59.5,0.03237380353596472,0.01570177366073325,0.008816191525345419,0.005507479291989505,0.003687112982480027,0.002576018626327733,0.001848433087342786,0.00135030029144423,0.0009995755131072127,0.0007480237506354244,0.0005651739301890831,0.0004308368659928686,0.0003312219452812006,0.0002567209025720552,0.0002005472042941591,0.0001578574836839544,0.0001251652765825924,9.994141711319211e-05,8.033776461906948e-05,6.499423090532703e-05,5.290289501862042e-05,4.331164541752268e-05,3.565540870808914e-05,2.95067607310445e-05,2.454023897583976e-05,2.050639705029595e-05,1.721282590810201e-05,1.451018579006554e-05,1.228186283418852e-05,1.043626293145844e-05,8.901035577135476e-06,7.618718376419785e-06,6.543433370895094e-06,5.638366618528465e-06,4.873834381960816e-06,4.225791140972593e-06,3.674672238706113e-06,3.20449136742769e-06,2.802133170664736e-06,2.456796021074333e-06,2.159550978303303e-06,1.90299107701365e-06,1.680951189287129e-06,1.488283287845131e-06,1.320675399226333e-06,1.174505165628487e-06,1.04672094061356e-06,9.347448821466934e-07,8.363936911836076e-07,7.498135605935688e-07,6.734266114258035e-07,6.058866493331525e-07,5.460425095275442e-07,4.929076013687561e-07,4.456345344449782e-07,4.034939227380455e-07,3.658566344178633e-07,3.321788914115565e-07,3.019897324405387e-07,2.748804413805031e-07
60.5,0.03297219684846064,0.01574740590367238,0.008965889940982708,0.005702181814298772,0.003869799604967114,0.00272786953501985,0.001968504663900788,0.001443352621369988,0.001071232570708238,0.0008032234962148639,0.0006078511269507917,0.0004640062266405451,0.0003571569029730865,0.000277127380537175,0.0002167058815145398,0.0001707329486325752,0.0001354874840992336,0.0001082657875887593,8.708937701491388e-05,7.050034671054828e-05,5.74169683877151e-05,4.703112468232536e-05,3.873500036792799e-05,3.20683650276696e-05,2.668043298432496e-05,2.230210176698497e-05,1.872562167978509e-05,1.578961639261149e-05,1.336797881863647e-05,1.136158972945398e-05,9.692104352544251e-06,8.297262793375423e-06,7.127329807429839e-06,6.142376378809448e-06,5.310192347876971e-06,4.604674757681474e-06,4.004576809630695e-06,3.492531659394031e-06,3.054286800844992e-06,2.67810064841761e-06,2.354264683682331e-06,2.074723288878608e-06,1.832769946849814e-06,1.622803420921841e-06,1.440131259737646e-06,1.280810807779174e-06,1.141520067590636e-06,1.019452420795502e-06,9.122304951038644e-07,8.178354554191468e-07,7.34548767551769e-07,6.609040845564599e-07,5.956473773083476e-07,5.377038021808126e-07,4.861500920986083e-07,4.401914900310889e-07,3.991424293852457e-07,3.624103139512695e-07,3.294818689358533e-07,2.999116303218234e-07
61.5,0.031921066097138,0.01554562467761431,0.009150711604086785,0.005977544554644909,0.004127330948921242,0.002939730815313087,0.002134618489273645,0.001571248455881977,0.001169204481001188,0.0008783586291737116,0.000665713990514448,0.0005088199331589933,0.000392084299753537,0.0003045287981040736,0.0002383450199453451,0.0001879326963438044,0.0001492451588375485,0.0001193375972889742,9.605219184752317e-05,7.77969480686412e-05,6.338931230781866e-05,5.194490790930004e-05,4.279789797300177e-05,3.544364470423109e-05,2.949717564988354e-05,2.466291822398727e-05,2.071251191204461e-05,1.746844360275152e-05,1.47919046583201e-05,1.25737262815418e-05,1.072757236553356e-05,9.184797422527721e-06,7.890539704233403e-06,6.800735846225333e-06,5.879826909705721e-06,5.098986057655723e-06,4.43474194796721e-06,3.867903941367754e-06,3.382718721898901e-06,2.966205267662433e-06,2.607627970813119e-06,2.298077294289437e-06,2.030134537703029e-06,1.797602695640168e-06,1.595289486487653e-06,1.418831743813036e-06,1.264552741502759e-06,1.129345850080793e-06,1.010579329761016e-06,9.060181563538532e-07,8.137596244245396e-07,7.321801347066737e-07,6.598910924881132e-07,5.95702252967405e-07,5.385911731638981e-07,4.876776867818644e-07,4.422025230214093e-07,4.015093539147172e-07,3.65029686032473e-07,3.322701181045782e-07
62.5,0.02769981945634395,0.01475949266916645,0.009238190274502447,0.006253789747925632,0.004404436588006122,0.003172186773278898,0.002318530890498978,0.001713710888504083,0.001278890017311496,0.0009628682436444639,0.0007310815865282659,0.0005596564594401522,0.0004318619362618688,0.0003358514059210872,0.0002631672622959042,0.0002077272022703963,0.0001651268783356996,0.0001321554002415349,0.0001064561745519886,8.628795903769012e-05,7.035551990171966e-05,5.768892251484518e-05,4.755699113484905e-05,3.940490336788875e-05,3.280892287391326e-05,2.744336787950778e-05,2.305636344547744e-05,1.945193455990133e-05,1.64767024239373e-05,1.400994152255618e-05,1.195610444383227e-05,1.023916908359392e-05,8.798339323544194e-06,7.584756618075836e-06,6.558970860177011e-06,5.688984684905623e-06,4.948733212635645e-06,4.316896210301731e-06,3.775965351668448e-06,3.311508244132641e-06,2.911584987160692e-06,2.566283548490373e-06,2.267348135641292e-06,2.00788068869589e-06,1.782100125996109e-06,1.585147403599603e-06,1.412927071476653e-06,1.261978023646426e-06,1.129367693633177e-06,1.012605151101019e-06,9.09569492989991e-07,8.184506551773894e-07,7.377003456979564e-07,6.65991253619057e-07,6.021830460417886e-07,5.452939502586126e-07,4.944769448902027e-07,4.489997652346086e-07,4.0822807368765e-07,3.716112633984417e-07
63.5,0.02040813302280412,0.0134160248783695,0.009194317041522328,0.006489700361156656,0.004666683797515477,0.003398891034054369,0.002500570384375104,0.001856120432241245,0.001389394212798405,0.001048584561784889,0.0007977848250626461,0.0006118180248094955,0.0004728819240587704,0.0003683005420471096,0.0002889894762575638,0.000228396900682681,0.0001817673420979924,0.0001456268228951892,0.0001174208886213244,9.525879590091003e-05,7.773177091790371e-05,6.378319085266142e-05,5.261533670349022e-05,4.362203201265687e-05,3.633969792857454e-05,3.041157968978213e-05,2.556144445101111e-05,2.15741274668139e-05,1.828105783183967e-05,1.554942542510272e-05,1.327402553364136e-05,1.137108377162074e-05,9.773553815067068e-06,8.427516661895337e-06,7.289408294767207e-06,6.323873750996504e-06,5.502097405446892e-06,4.800497195749169e-06,4.199698426325465e-06,3.683723429970256e-06,3.239348712360816e-06,2.855592672063568e-06,2.523305599738047e-06,2.234840158370531e-06,1.983785473612562e-06,1.7647517170673e-06,1.573194938378352e-06,1.405274110854754e-06,1.25773406116752e-06,1.127809276669428e-06,1.013144614371317e-06,9.117297415669542e-07,8.218447710105007e-07,7.420150525409671e-07,6.709734779794511e-07,6.076289698818647e-07,5.510400749200967e-07,5.003927828877937e-07,4.549818531280695e-07,4.14195059765353e-07
64.5,0.01310844303627724,0.01184926918904385,0.009054506112732365,0.006698477978452273,0.004928058099160955,0.003633178360359019,0.002692042114804318,0.002007534789086682,0.001507801546151219,0.00114100427481118,0.0008700881150696132,0.0006686258570007993,0.0005177458973608265,0.0004039276608957734,0.0003174404407340429,0.0002512438680006164,0.0002002144241308636,0.0001606005997485013,0.0001296380094049572,0.000105276445597623,8.598543161523587e-05,7.061499914110545e-05,5.829547150803032e-05,4.836492119579274e-05,4.031635799843179e-05,3.37590569449492e-05,2.839007348532705e-05,2.397313849059601e-05,2.0322929034887e-05,1.729327709676009e-05,1.476827913082519e-05,1.265555457059889e-05,1.088110512879192e-05,9.385373179215542e-06,8.120203229780014e-06,7.046487229831931e-06,6.132330434150678e-06,5.35161559430328e-06,4.682873502514511e-06,4.108390325742839e-06,3.613498854710972e-06,3.186013278820399e-06,2.815776486671662e-06,2.494295985823285e-06,2.214449920854307e-06,1.970248776269111e-06,1.75664149786612e-06,1.569357188221262e-06,1.404775404116253e-06,1.259819537095493e-06,1.131868891285594e-06,1.018685959413995e-06,9.183560948791379e-07,8.292373275623685e-07,7.49918506534777e-07,6.79184298986577e-07,6.15985850909717e-07,5.594161362292567e-07,5.086891987924449e-07,4.631226349106847e-07
65.5,0.008166899635625882,0.01060066038481608,0.008950595617641619,0.006910312664172748,0.005191804086892714,0.003871564937130146,0.002888505629718823,0.002164106707335141,0.001631130080280806,0.001237919432966467,0.0009463917613618067,0.0007289343871709448,0.0005656396066869513,0.000442157617737841,0.0003481166602609823,0.0002759874945278278,0.0002202753270450065,0.0001769465631369184,0.0001430219220306741,0.0001162868652400633,9.50847062970753e-05,7.816810019197593e-05,6.459188750596616e-05,5.363535405823875e-05,4.474551178192705e-05,3.74954777994771e-05,3.155375478995373e-05,2.666142506637971e-05,2.261512121731117e-05,1.925423674642786e-05,1.645126620005349e-05,1.410446795775537e-05,1.213226038382301e-05,1.046891862295008e-05,9.06125261349421e-06,7.866029275070009e-06,6.847962041559117e-06,5.978135145913826e-06,5.232762724617568e-06,4.592207046938882e-06,4.040198249591945e-06,3.563211503892779e-06,3.149967743958983e-06,2.791031803533708e-06,2.478487677030459e-06,2.205675101744608e-06,1.966975095940086e-06,1.757634736340123e-06,1.573623508290817e-06,1.411515154718178e-06,1.268390192919924e-06,1.141755242023212e-06,1.029476069895197e-06,9.297218731083734e-07,8.409187829494553e-07,7.617109718418578e-07,6.909280390651342e-07,6.275575986564028e-07,5.707221885707995e-07,5.196597784620337e-07
66.5,0.005476886645887117,0.009712297266885673,0.008896790031241032,0.00711906570656127,0.005445688303350987,0.004101880067803594,0.003079666262325815,0.002317614536523932,0.001752948678993023,0.001334326414830175,0.001022796557291079,0.0007896903581537191,0.0006141571766137676,0.000481081657638681,0.0003794932219284172,0.0003014011635411881,0.0002409568374125702,0.0001938553879229834,0.0001569091623003028,0.0001277430493371954,0.0001045761606839197,8.606469584750819e-05,7.11882771753355e-05,5.916728720530505e-05,4.940241651309648e-05,4.143020222891139e-05,3.489013923250615e-05,2.950021165337573e-05,2.503858444755448e-05,2.132982630358241e-05,1.82344841186141e-05,1.564115003101761e-05,1.34603922462966e-05,1.16200870031276e-05,1.006180946579546e-05,8.738029096227455e-06,7.609919339794481e-06,6.645638775980944e-06,5.818975889188496e-06,5.10827563884148e-06,4.495585450385751e-06,3.965972844483794e-06,3.506977931146447e-06,3.108172338794771e-06,2.760802500088681e-06,2.457500073941505e-06,2.192046014424036e-06,1.959177675823285e-06,1.75443057326743e-06,1.574008153306639e-06,1.414674284092785e-06,1.273664237662083e-06,1.148610773634502e-06,1.037482595001399e-06,9.385329713248913e-07,8.502567424043468e-07,7.713542492612833e-07,7.007010069565635e-07,6.37322149122169e-07,5.803708479615995e-07
67.5,0.004325204382216574,0.00932901816945278,0.009015865679109485,0.00739057380136298,0.005725178408502223,0.004344927466361968,0.003278827363893421,0.002477136217087658,0.001879727748357652,0.001434971107717852,0.001102852646479604,0.0008535885042148397,0.0006653683037478986,0.0005223057119285351,0.0004128277767762872,0.0003284782818869079,0.0002630500262286411,0.0002119618841977482,0.0001718128816187419,0.0001400626948817922,0.0001148020398741173,9.458696471781985e-05,7.831867423228905e-05,6.51559131787303e-05,5.445073446381791e-05,4.570114546015881e-05,3.851599907014213e-05,3.258881540019843e-05,2.767815210300433e-05,2.359280284174062e-05,2.018057470115504e-05,1.731973289707275e-05,1.491244399881551e-05,1.28797244917351e-05,1.115752912494838e-05,9.693706693125986e-06,8.445619311025512e-06,7.378271700529869e-06,6.462834415043646e-06,5.675472788600948e-06,4.996414251495691e-06,4.409202337567221e-06,3.90009755792537e-06,3.457594310196666e-06,3.072029850212767e-06,2.735266605114899e-06,2.440433146606568e-06,2.181712263622247e-06,1.954166994227398e-06,1.753597361832047e-06,1.576422035051013e-06,1.419580287921346e-06,1.280450549303035e-06,1.156782551833101e-06,1.046640663706546e-06,9.483564430910985e-07,8.604888200761881e-07,7.817906040395147e-07,7.111802502284384e-07,6.477180099445681e-07
68.5,0.004500956577655861,0.009525822867769124,0.009336184943383011,0.007726394756019178,0.006024572307863295,0.004594676497916274,0.003481348117726572,0.002639504958995847,0.002009462033024586,0.00153867380289742,0.001185937467745694,0.0009203692572350146,0.0007192422046471208,0.0005659373599520472,0.0004483064524176827,0.0003574446296700173,0.000286795536826172,0.0002315061888450453,0.0001879635727770494,0.0001534615921835721,0.0001259610060821808,0.0001039156809132209,8.614622730339503e-05,7.174761615749142e-05,6.002126788117473e-05,5.042485373369937e-05,4.253498190316173e-05,3.601930604792373e-05,3.061556120599468e-05,2.611571998675257e-05,2.23539535942823e-05,1.919743519765185e-05,1.653927780060936e-05,1.429308336583062e-05,1.238871443984926e-05,1.076899799124275e-05,9.387143620793792e-06,8.204711864802504e-06,7.190008105559556e-06,6.316807307702599e-06,5.563337078156084e-06,4.911463334818131e-06,4.34603557674181e-06,3.854358411189131e-06,3.42576337278727e-06,3.051260730900439e-06,2.72325534216745e-06,2.435313978563335e-06,2.181974181618728e-06,1.958586736905974e-06,1.761185462840174e-06,1.586379265366691e-06,1.431262402253189e-06,1.293339686393545e-06,1.170463981999112e-06,1.06078384566003e-06,9.626995629690828e-07,8.748261516442082e-07,7.959621601695111e-07,7.2506329964588e-07
69.5,0.006576559438084104,0.01051079094878509,0.009910969361748206,0.00813044103972654,0.006334317930342391,0.004839540717154059,0.003676937698104838,0.002796395744979887,0.002135646339114092,0.00164041054643219,0.001268176104768461,0.000987032869334679,0.0007734423997379944,0.0006101435674920002,0.0004844801895977731,0.0003871458939954222,0.0003112669417136322,0.0002517393860147643,0.0002047516302693342,0.0001674402705467915,0.0001376412790138665,0.000113709362729608,9.438618020113941e-05,7.87036988229587e-05,6.591293923036778e-05,5.543114927881399e-05,4.680242532722141e-05,3.96681967002518e-05,3.374498261353285e-05,2.880753961034058e-05,2.467602552898607e-05,2.120617180089995e-05,1.828172054110345e-05,1.580857532080406e-05,1.371025510262006e-05,1.192434403583363e-05,1.039970595348789e-05,9.094288855007846e-06,7.973386693833207e-06,7.008257242957661e-06,6.175018455159566e-06,5.453763589045042e-06,4.82784891489431e-06,4.283318132111003e-06,3.808435524867673e-06,3.393305949023328e-06,3.029564424430556e-06,2.710121733554443e-06,2.428955248626875e-06,2.180936412924552e-06,1.961688029202393e-06,1.767465867790184e-06,1.595060180748728e-06,1.441713559890144e-06,1.305052253917198e-06,1.183028600876174e-06,1.073872665549997e-06,9.760515198874727e-07,8.88234885654584e-07,8.092660859679766e-07
70.5,0.01116580534808236,0.01238822559806061,0.01076388878932274,0.008602787298112126,0.006647296978607139,0.005071474692435955,0.003858699960805343,0.002942463774141174,0.002254323900138441,0.001737318830151604,0.001347523662650562,0.001052130205287123,0.0008269486404813739,0.000654211043653769,0.0005208547476205897,0.0004172438684541839,0.0003362369843163361,0.0002725129182852612,0.0002220841126671796,0.0001819448724616338,0.0001498162413024464,0.0001239601507156746,0.0001030433640308055,8.603735319572952e-05,7.214422386202693e-05,6.074161600020239e-05,5.134149806712022e-05,4.35591863204099e-05,3.708992845499128e-05,3.169111203898047e-05,2.716867696044859e-05,2.336668591440844e-05,2.015927908443768e-05,1.744443768927455e-05,1.51391265756865e-05,1.317549320499193e-05,1.149787967882527e-05,1.006046340105299e-05,8.825386000320053e-06,7.761263169465394e-06,6.841992971618486e-06,6.045799006329257e-06,5.354459155169154e-06,4.752681564584118e-06,4.227597910714092e-06,3.768350448199026e-06,3.365754336877932e-06,3.012020614761828e-06,2.700528204677997e-06,2.425635703514049e-06,2.182525557240902e-06,1.967074686269914e-06,1.775746781669386e-06,1.605502410452302e-06,1.453723799249932e-06,1.318151750166274e-06,1.196832611465669e-06,1.088073603109905e-06,9.904051018798113e-07,9.025487376606828e-07
71.5,0.01777236982691853,0.01496209934295983,0.01185426606123226,0.009144293715809566,0.006971824687484751,0.005298229388441962,0.00403253784576355,0.003081968219532756,0.002368522912091362,0.001831546956699919,0.001425506857679603,0.00111674905222612,0.0008805377742683154,0.0006986954628191794,0.0005578278443064289,0.0004480230484982953,0.0003619087445923992,0.0002939711673405597,0.0002400629965238017,0.0001970467002384388,0.0001625349969721608,0.0001347010941786637,0.0001121392386577374,9.376170255178365e-05,7.872228217188102e-05,6.635918542937103e-05,5.615216986949051e-05,4.769020815419589e-05,4.064696996361316e-05,3.476213659959733e-05,2.982708966851616e-05,2.56738961097017e-05,2.216678942943263e-05,1.919555026315544e-05,1.667033891909214e-05,1.451764306726937e-05,1.267708578513478e-05,1.109890036115399e-05,9.741924096999538e-06,8.571997839775961e-06,7.560684040577278e-06,6.684235917426705e-06,5.922765377279785e-06,5.259568890170487e-06,4.680579375237365e-06,4.173918999358715e-06,3.729533088138668e-06,3.338889469581301e-06,2.994730787317654e-06,2.690869840538892e-06,2.422019989879603e-06,2.183654233015582e-06,1.971887793103216e-06,1.783380048445341e-06,1.615252417744978e-06,1.465019444454943e-06,1.330530829030594e-06,1.209922565059989e-06,1.101575664394819e-06,1.004081223323992e-06
72.5,0.02533008771688387,0.01782138132081207,0.01303433267631745,0.009701763776485595,0.007288305306208748,0.005512505712166921,0.004195896693704992,0.003214300152196744,0.002478470888498521,0.00192368246853388,0.001502852207241315,0.001181646366185453,0.0009349427829488587,0.0007442794075299252,0.0005960204145657527,0.0004800398644947776,0.0003887758814978183,0.0003165491412315164,0.0002590698529587575,0.0002130794388883259,0.0001760888008526335,0.0001461861452804994,0.0001218951398428692,0.0001020696709220222,8.581535152747609e-05,7.243067922918732e-05,6.136270086914712e-05,5.217344023775537e-05,4.451435027816775e-05,3.810677711886187e-05,3.272694959930751e-05,2.819439150786977e-05,2.436293453490148e-05,2.111371643214946e-05,1.83497014047482e-05,1.599137294255118e-05,1.397333364582421e-05,1.224160973393945e-05,1.075150538286395e-05,9.465887861383064e-06,8.353811591592474e-06,7.389409928581934e-06,6.550999250571949e-06,5.820352071266106e-06,5.182105222928636e-06,4.623276379018438e-06,4.132867790260092e-06,3.701540475606562e-06,3.321345525532089e-06,2.985501856627918e-06,2.68821186908624e-06,2.424508128993295e-06,2.190125522645272e-06,1.981394385269082e-06,1.795150949496144e-06,1.628662134634922e-06,1.479562241192213e-06,1.345799553518426e-06,1.225591208298505e-06,1.117384974700145e-06
73.5,0.03322182233181198,0.02053423359666525,0.01407711781250126,0.01015170040544047,0.007521980608797474,0.005664554994201978,0.004313587252444738,0.003313689119179229,0.002564917958020056,0.001999167698388004,0.001568453328498014,0.001238288540569327,0.0009835658331914163,0.0007858322015709798,0.0006314208038267299,0.0005101411014695712,0.0004143473247832037,0.000338269191605926,0.000277527163989265,0.0002287789508330502,0.0001894601350013296,0.0001575927764890706,0.0001316434122452803,0.000110417155804445,9.297832024536666e-05,7.859062785910831e-05,6.667195527337101e-05,5.67599171530027e-05,4.848556974683791e-05,4.155322554065597e-05,3.57248880850856e-05,3.080819545125709e-05,2.664703997020937e-05,2.311423828300039e-05,2.010577891765286e-05,1.753628879973549e-05,1.533544557696173e-05,1.344512687893035e-05,1.18171361113139e-05,1.041138111370526e-05,9.194409949367606e-06,8.138229430577117e-06,7.219348339012085e-06,6.417999886971656e-06,5.717507687452991e-06,5.103767039072452e-06,4.564819197797663e-06,4.090500888968509e-06,3.672154904275925e-06,3.302390453322349e-06,2.974884169408899e-06,2.684214435686648e-06,2.425723101918833e-06,2.195399781941379e-06,1.989784818009467e-06,1.805887717634044e-06,1.641118447944475e-06,1.493229440779053e-06,1.360266541144075e-06,1.240527440144363e-06
74.5,0.03550759506355464,0.02182450777415797,0.01462102751193175,0.01038229973350976,0.007642434527151448,0.005751448939992156,0.004391312751297141,0.003387801330589698,0.002635237235659428,0.002064428787923372,0.001627702291695032,0.001291130771841945,0.001030067361972505,0.0008263581244782302,0.0006664976548545291,0.000540359915229135,0.0004403023451269592,0.0003605226414036647,0.0002965914321938584,0.0002451097205881673,0.0002034559973206893,0.0001695984185030852,0.0001419545517714679,0.0001192861172609584,0.0001006196145263856,8.518619311652564e-05,7.237589591636144e-05,6.170268541756599e-05,5.277759492761041e-05,4.528802804255679e-05,3.898173016380709e-05,3.365432504226309e-05,2.913958283580614e-05,2.530178958673827e-05,2.202973991576365e-05,1.923198857994765e-05,1.683308220601723e-05,1.477055720960069e-05,1.299253895964399e-05,1.145581456963902e-05,1.01242802019124e-05,8.967685621239113e-06,7.960615544022703e-06,7.081660308501754e-06,6.312738448781685e-06,5.638541576408024e-06,5.04607807641829e-06,4.524296904215553e-06,4.063776525288952e-06,3.65646700115748e-06,3.295475567865038e-06,2.974887913272988e-06,2.68961884077733e-06,2.43528719083884e-06,2.208110840720786e-06,2.004818366068288e-06,1.82257456373324e-06,1.658917533579405e-06,1.511705421515754e-06,1.379071255339619e-06
75.5,0.03434714948788883,0.02161497459779252,0.01452296089478732,0.01032123215489575,0.007617827895232836,0.005759288350353623,0.004422717774791082,0.00343346990443905,0.00268766985182208,0.002118383199829097,0.001679882201125427,0.001339680254871714,0.00107410636642978,0.0008656254972329853,0.0007011002710123869,0.0005706059963897158,0.0004665953828669227,0.0003832966134867412,0.0003162731406539088,0.0002620984357020179,0.0002181138428135143,0.0001822472139207764,0.0001528763712835691,0.0001287258447931501,0.0001087884389626468,9.226541314588099e-05,7.852067358083224e-05,6.704555534954343e-05,5.743163887975502e-05,4.93496853231886e-05,4.253324939219874e-05,3.676588116031281e-05,3.187109191354251e-05,2.770445667761767e-05,2.414737459277104e-05,2.11021203894642e-05,1.848790507090489e-05,1.623772836226997e-05,1.429585461055973e-05,1.261578138511408e-05,1.115859885307336e-05,9.891660195178344e-06,8.787500469150142e-06,7.822954613793371e-06,6.978435618766635e-06,6.237341946312183e-06,5.585569601990401e-06,5.011109208138894e-06,4.503712339742763e-06,4.054614470480011e-06,3.656304326110701e-06,3.302331391486112e-06,2.9871448734304e-06,2.705958667835066e-06,2.454637880362453e-06,2.229603256860004e-06,2.027750531663941e-06,1.846382230646506e-06,1.683149895753762e-06,1.536005048360666e-06
76.5,0.03130647487880386,0.01965730989737167,0.01353173141789055,0.009816895918130437,0.007358678903991354,0.005632525810909694,0.004371181664384929,0.003425284726006222,0.002703907353038025,0.002147494012042526,0.001714808805982029,0.001376183243948194,0.001109728517519997,0.0008990312320947334,0.0007316504190954897,0.0005980842271573672,0.0004910333052926028,0.0004048631028559471,0.0003352053352671325,0.0002786596191894342,0.0002325685436802914,0.0001948472210208305,0.0001638535756491434,0.0001382892675145107,0.0001171237520080435,9.953587729754897e-05,8.48688185502031e-05,7.259518630730363e-05,6.228992016120046e-05,5.360915815460641e-05,4.627370725666308e-05,4.005606772864993e-05,3.477021137393515e-05,3.026350072997122e-05,2.641027819290201e-05,2.310676204005787e-05,2.026696867902557e-05,1.781944345303987e-05,1.57046306594034e-05,1.387275061539102e-05,1.228208029073708e-05,1.089755622341609e-05,9.689635664733903e-06,8.633365313376451e-06,7.707617472991426e-06,6.89446167308356e-06,6.178646240141513e-06,5.547169387361016e-06,4.988923408793857e-06,4.494398749870526e-06,4.055437260874062e-06,3.665025962524186e-06,3.317124271771917e-06,3.006518935715541e-06,2.728701968299202e-06,2.479767729940344e-06,2.256325975170545e-06,2.055428249869543e-06,1.874505473104052e-06,1.711314909075031e-06
77.5,0.02171712592537749,0.01574343351033324,0.01174102272105455,0.008933686061009269,0.006904721502623205,0.005399072514024355,0.004258036139909286,0.003380071579445102,0.002697346911258095,0.002162468262913183,0.001741069187379453,0.001407557010536311,0.001142534792806046,0.0009311356318346624,0.0007618818881056292,0.0006258683833659136,0.0005161597562179585,0.0004273374459801247,0.0003551553420779501,0.0002962762972751467,0.0002480696866297105,0.0002084554293186431,0.0001757835392871415,0.0001487409204221031,0.0001262790943436625,0.0001075580372939043,9.190243367384793e-05,7.876751624233211e-05,6.77123216710624e-05,5.837869359348352e-05,5.047475028942747e-05,4.376182875363648e-05,3.804414250721418e-05,3.316056346263051e-05,2.897807090550859e-05,2.538651270782765e-05,2.229440247337038e-05,1.962553694909866e-05,1.731626491498845e-05,1.531327509065731e-05,1.357179881190378e-05,1.205414519911023e-05,1.072850368870877e-05,9.567962221121012e-06,8.549699912069188e-06,7.654321323366709e-06,6.865305990639901e-06,6.168552042098981e-06,5.551996850903925e-06,5.005300933715429e-06,4.51958391832371e-06,4.087203492980996e-06,3.701569927917801e-06,3.35699011059247e-06,3.048536127300222e-06,2.771934307410565e-06,2.523471364179215e-06,2.299914850594813e-06,2.098445626091111e-06,1.916600420873085e-06
78.5,0.01090428329283335,0.01107932227981176,0.00948005531174796,0.007765363173860541,0.00627915972568435,0.005060866309421604,0.004079483191290504,0.003293149561753098,0.002663827068945106,0.002159961951958238,0.001756098240935454,0.001431890058059059,0.001171134663539071,0.0009609523614576703,0.000791116405337733,0.000653511642441981,0.0005416994774478382,0.0004505697748047447,0.0003760634711868994,0.0003149523660895973,0.0002646648566715592,0.0002231483644832059,0.0001887609073310183,0.0001601857198943716,0.0001363640405501335,0.0001164421819445154,9.972981558800251e-05,8.566705379810917e-05,7.379843235088253e-05,6.375230844685344e-05,5.522451211213942e-05,4.796534268792796e-05,4.176920022542813e-05,3.646629622834831e-05,3.191600872645224e-05,2.800154060816153e-05,2.462561337358133e-05,2.17069855958622e-05,1.917762998667346e-05,1.698043784009569e-05,1.506734694327516e-05,1.3397810470333e-05,1.193754121947731e-05,1.065747882079471e-05,9.532938016296572e-06,8.542904401950244e-06,7.669450595789438e-06,6.897251024227972e-06,6.213177686806119e-06,5.605962591397107e-06,5.065915222297923e-06,4.584685549694308e-06,4.155064818364088e-06,3.77081775087165e-06,3.426540932716911e-06,3.117543066745524e-06,2.839743533447065e-06,2.589586305801019e-06,2.363966768538408e-06,2.160169403193441e-06
79.5,0.004753129167696828,0.007182958098343159,0.007219129207197719,0.006460713201859048,0.005519849293381401,0.004617025610771086,0.003822356974983982,0.003148833386801697,0.002588587356430285,0.002127172031459924,0.00174917941521237,0.001440365481982466,0.001188336705024081,0.0009826407413804619,0.0008146188830818775,0.0006771765114090984,0.000564540551706843,0.0004720334732558457,0.0003958749409389901,0.0003330135208910636,0.0002809868529481321,0.0002378070638009786,0.0002018677322926077,0.0001718688267751096,0.0001467563956231201,0.0001256742392646967,0.0001079252409497811,9.294044431921273e-05,8.025432331876851e-05,6.948499148667649e-05,6.031834671643918e-05,5.249535048265683e-05,4.580180415071031e-05,4.006011604467846e-05,3.512265739290549e-05,3.086638822846652e-05,2.718850006698908e-05,2.400287421987923e-05,2.123719576103522e-05,1.883059572161168e-05,1.673171984980364e-05,1.48971426753099e-05,1.329006179436602e-05,1.187922013434396e-05,1.063801417012448e-05,9.543754200896258e-06,8.577049290700137e-06,7.72129467104333e-06,6.962243568488547e-06,6.287648766331393e-06,5.686961904506228e-06,5.151080697704963e-06,4.672136012717186e-06,4.243312174855125e-06,3.8586950355866e-06,3.513143281285484e-06,3.202179237839052e-06,2.921896060861832e-06,2.668878722963977e-06,2.440136639162834e-06
80.5,0.002207857100375762,0.004567607617832102,0.00530787048623825,0.005183984658800551,0.004692018706173146,0.004086831496097755,0.003486276820308907,0.002939254215554363,0.002461680298607644,0.002054352960805994,0.001711630777285132,0.001425597083831244,0.00118801494098931,0.0009911970760571986,0.0008283420436797505,0.0006936107532284645,0.0005820816674838462,0.0004896549830446609,0.0004129413123264473,0.0003491522632119103,0.0002960007840111571,0.0002516141542105487,0.0002144599561325804,0.0001832841408797757,0.0001570597945397124,0.0001349450806229103,0.0001162488946310015,0.0001004029127315818,8.693889235711309e-05,7.547025868493433e-05,6.567717314899376e-05,5.729442259680766e-05,5.010158920659451e-05,4.391506289757886e-05,3.858154181657561e-05,3.397273501825568e-05,2.998103709509151e-05,2.651598946672378e-05,2.350137923883825e-05,2.087285562880823e-05,1.857596729581302e-05,1.656454263013088e-05,1.479935006430029e-05,1.324698750719058e-05,1.187895966544574e-05,1.067090978192328e-05,9.601978568706012e-06,8.65426814713048e-06,7.812392871514913e-06,7.063102200096782e-06,6.394963440074506e-06,5.798094356331219e-06,5.263937393313239e-06,4.785068694824587e-06,4.355036279684961e-06,3.968222692318933e-06,3.61972823652126e-06,3.305271550103458e-06,3.021104813803234e-06,2.763941330641232e-06
81.5,0.001173620116228912,0.003026228805064605,0.003887912608736367,0.00407268983307385,0.003881938731570688,0.003517290193215126,0.003094747431993784,0.002675082422371159,0.00228711635356075,0.001942217197890397,0.001642643547996514,0.001386174033079447,0.001168619048512758,0.0009851525860224278,0.0008309928387263232,0.0007017256896019629,0.0005934345211393395,0.0005027274261639253,0.0004267126406458637,0.0003629504217243911,0.0003093968035641698,0.000264347389603094,0.0002263852093379735,0.0001943343474380551,0.0001672197809555527,0.0001442331954784111,0.0001247042349750972,0.0001080765207651591,9.388776296310572e-05,8.17533304639471e-05,7.135271281251107e-05,6.241838211469923e-05,5.472663636967865e-05,4.809007271797597e-05,4.235139826776734e-05,3.737833702114184e-05,3.30594343941431e-05,2.930059669511629e-05,2.602223261035154e-05,2.315688815827514e-05,2.064728656053563e-05,1.844470079143496e-05,1.650759985392125e-05,1.480052063852678e-05,1.329312600819785e-05,1.195941689445334e-05,1.077707199837972e-05,9.726893416253985e-06,8.79234035940334e-06,7.959136277673709e-06,7.214937260213232e-06,6.549051684969515e-06,5.952202807204048e-06,5.416327388388914e-06,4.934404627375638e-06,4.500310612032067e-06,4.108694299103783e-06,3.754871683222557e-06,3.434735357372678e-06,3.14467711673297e-06
82.5,0.0006891231930894578,0.002124807976404414,0.002876844375696198,0.003155003852226406,0.003132736678299607,0.002940834586557434,0.002667228486011302,0.002366168089581342,0.002068722907606576,0.001791185943170421,0.001540903418395941,0.001320038843195171,0.001127905103651106,0.0009623689728903215,0.0008206755584135074,0.0006999172930314568,0.0005972882353848191,0.0005102105637932366,0.0004363864462536599,0.0003738076349241021,0.0003207423083406697,0.0002757108020592944,0.0002374570317677162,0.0002049194565592758,0.000177203636910403,0.0001535573689760382,0.0001333487491417023,0.0001160471689911082,0.000101207053945196,8.845407198118337e-05,7.747351046142059e-05,6.800052348842732e-05,5.981197365468377e-05,5.271962116036732e-05,4.656444454657139e-05,4.121190768864005e-05,3.654801565575178e-05,3.247602690136532e-05,2.891371085332439e-05,2.579105845481641e-05,2.304836884233356e-05,2.063464846586198e-05,1.850626989979061e-05,1.662584668267921e-05,1.496128805151246e-05,1.348500365736344e-05,1.217323348479023e-05,1.100548243369308e-05,9.964042516692673e-06,9.033588508111284e-06,8.200835260694751e-06,7.454246872710126e-06,6.783789514558573e-06,6.180721070962e-06,5.637411871658766e-06,5.147191710981996e-06,4.704219127967007e-06,4.303369561013547e-06,3.940139526978636e-06,3.610564422254331e-06
83.5,0.00042392630632118,0.001503819430587323,0.002099260748593126,0.002377639918930842,0.002441475375847938,0.002367253432877701,0.002211932072372506,0.002015661347144055,0.001805059377618467,0.001596687800112556,0.001400090646780918,0.001220150729721841,0.001058786589303333,0.0009161167756158168,0.0007912311534518867,0.0006826870746350288,0.0005888192347941749,0.0005079263216107396,0.0004383777794727144,0.0003786697893620511,0.0003274497028024368,0.0002835214822505556,0.000245840229236074,0.0002135009223752029,0.0001857245462040541,0.000161843530064935,0.0001412876050964776,0.0001235706731473564,0.0001082789616671496,9.506054521878589e-05,8.361620212456747e-05,7.369151420001388e-05,6.50700890890516e-05,5.756777573876333e-05,5.102774589720686e-05,4.531632301052794e-05,4.031945131076991e-05,3.593971026623495e-05,3.209379177149289e-05,2.871036886271621e-05,2.572829505825889e-05,2.30950825432017e-05,2.076561535352233e-05,1.870106054675738e-05,1.686794617771628e-05,1.523737984655957e-05,1.378438576777852e-05,1.248734183031136e-05,1.132750107874818e-05,1.028858452939371e-05,9.356434317574016e-06,8.518717918073413e-06,7.764675643457251e-06,7.084904851320703e-06,6.471175319926103e-06,5.916271114713849e-06,5.413854992938005e-06,4.958352002853846e-06,4.544849446372752e-06,4.16901080566397e-06
84.5,0.0002549576411400708,0.0009471102994226516,0.001404502924802005,0.00167166459338191,0.001791652539823987,0.001804405435585984,0.00174421909249303,0.001638510988952907,0.001507855331269229,0.001366837872577709,0.001225242204437865,0.001089235394032424,0.0009623894799545859,0.0008464893703503557,0.0007421371854264966,0.0006491866601519778,0.0005670456883724256,0.0004948811752951665,0.000431753799888383,0.000376703711784512,0.0003288025943405772,0.0002871831339653448,0.0002510536427639893,0.0002197031838152892,0.000192500837842098,0.0001688915483350813,0.0001483901485978468,0.0001305746025592432,0.0001150791037166373,0.000101587417216525,8.982667906080968e-05,7.956175577555059e-05,7.059019808927599e-05,6.273777974027742e-05,5.585458818970031e-05,4.981162143161399e-05,4.44978399811559e-05,3.981762261806453e-05,3.568857666478559e-05,3.203965724524375e-05,2.880955430828947e-05,2.594531071422661e-05,2.340113907798728e-05,2.113740917292715e-05,1.911978144313319e-05,1.731846552046021e-05,1.570758559804683e-05,1.426463709592276e-05,1.297002129712999e-05,1.180664656912901e-05,1.075958645026725e-05,9.815786308431424e-06,8.963811499837809e-06,8.193630998374507e-06,7.496431354991267e-06,6.864456604272277e-06,6.290870380610302e-06,5.769637055815723e-06,5.29541917772524e-06,4.863488887570199e-06
85.5,0.0001503834987590334,0.0004839604678981279,0.0008059370703746285,0.001046039007691331,0.001195961868579088,0.00126788291638167,0.001279186916210472,0.001246811417711905,0.001185219429608285,0.001105879766439902,0.001017409596065113,0.0009259866894141603,0.0008358337793489963,0.0007496779989039487,0.0006691442657876919,0.000595071864789718,0.0005277585774010184,0.0004671429563924293,0.000412936830838773,0.000364719321186802,0.0003220019344526272,0.0002842724180691147,0.0002510233111823508,0.0002217696681422287,0.0001960592592330841,0.0001734776503034075,0.0001536498816863576,0.0001362399621361284,0.0001209490249302163,0.0001075127273173376,9.569828463302218e-05,8.530139629658375e-05,7.614322720512638e-05,6.80675433689533e-05,6.09380566369077e-05,5.463600397000725e-05,4.905796756019528e-05,4.411393002397303e-05,3.972555169863304e-05,3.582465315629857e-05,3.235188432233661e-05,2.925556127001057e-05,2.649065233110976e-05,2.401789625007272e-05,2.18030364727362e-05,1.98161571390879e-05,1.803110783856076e-05,1.642500562228721e-05,1.497780411202908e-05,1.367192078093573e-05,1.249191459942962e-05,1.142420724053703e-05,1.045684192767996e-05,9.579274791804287e-06,8.782194292557332e-06,8.057364859330558e-06,7.397491431557004e-06,6.796102032475282e-06,6.247445904816105e-06,5.746405077995222e-06
86.5,8.414721530695725e-05,0.0002103244537026997,0.000387003986132533,0.0005554614536509493,0.0006892560792333067,0.0007810850637718594,0.0008331573791898233,0.0008516838582016917,0.0008439774077117878,0.0008170300813354008,0.0007768955495244948,0.0007284998947506617,0.0006756700422142944,0.0006212619248555461,0.0005673233135237166,0.000515256931065277,0.0004659673311502428,0.0004199851992650665,0.0003775682559391699,0.0003387806812840449,0.0003035541060342583,0.0002717334533060132,0.0002431107059248879,0.0002174492717945012,0.0001945011655021099,0.0001740187903171249,0.0001557627229888049,0.0001395065841879339,0.000125039818557397,0.0001121690034439347,0.000100718146029172,9.052830633529552e-05,8.145679086680893e-05,7.337609202318521e-05,6.617269660131537e-05,5.974584848478576e-05,5.400632267918356e-05,4.887524763488654e-05,4.428299833558082e-05,4.016817242771886e-05,3.64766545950201e-05,3.316076959620149e-05,3.017852125145757e-05,2.749291271462616e-05,2.50713422570285e-05,2.288506826130081e-05,2.090873699356428e-05,1.911996685563523e-05,1.749898311921023e-05,1.602829754261566e-05,1.469242771987862e-05,1.347765147865867e-05,1.23717921059603e-05,1.136403062434455e-05,1.044474175797341e-05,9.605350612579089e-06,8.838207444391342e-06,8.13647821005408e-06,7.494048873690531e-06,6.905441700354013e-06
87.5,3.58777299229407e-05,8.966225844661338e-05,0.0001659374046133659,0.00025146916452899,0.0003337657533187815,0.0004043663209183173,0.0004589662792221253,0.0004964496575385513,0.0005177595181018661,0.0005249639302052911,0.0005205944550948441,0.0005072252916441404,0.0004872329872167738,0.000462679629944302,0.0004352746024535361,0.0004063826808523739,0.0003770567529306165,0.0003480812531824922,0.0003200179054498422,0.0002932490512389565,0.0002680162176967968,0.0002444530440453505,0.0002226125391970025,0.0002024891011008602,0.0001840359384461918,0.00016717859711692,0.0001518252720469431,0.000137874520843119,0.0001252209137294155,0.0001137590695898209,0.0001033864480597724,9.400519652370708e-05,8.552328984561522e-05,7.785514962038011e-05,7.092188788871866e-05,6.46512864887678e-05,5.897759631996798e-05,5.384121961402817e-05,4.918832179953966e-05,4.497040680499007e-05,4.11438799039497e-05,3.766961483224896e-05,3.451253638338619e-05,3.16412255992816e-05,2.902755168745629e-05,2.664633265110507e-05,2.447502511037378e-05,2.249344276204546e-05,2.068350224768259e-05,1.902899478264521e-05,1.751538166839595e-05,1.61296117137312e-05,1.485995858626185e-05,1.369587617328109e-05,1.262787012879273e-05,1.164738390471849e-05,1.074669769755343e-05,9.91883887884942e-06,9.157502613315117e-06,8.456981498358587e-06
88.5,4.291195379149517e-06,1.992999412722225e-05,4.339435172076215e-05,7.373323913648829e-05,0.0001083556808010394,0.0001441480087055254,0.0001782646169201396,0.0002085470939858154,0.0002336375149333186,0.0002529072919846338,0.0002663031234319032,0.0002741752285125746,0.0002771224584830192,0.0002758684181367056,0.0002711709075872739,0.0002637611190818316,0.0002543067778378456,0.0002433931591626826,0.0002315166066994716,0.00021908621320736,0.0002064303842145305,0.0001938059368788124,0.000181408139828181,0.0001693806738625596,0.0001578249105188235,0.0001468081956214016,0.0001363710177679632,0.0001265330631193011,0.0001172982288182365,0.0001086587039580452,0.000100598241160886,9.30947420186234e-05,8.612227178160707e-05,7.96526066990119e-05,7.365640385893466e-05,6.810406980716643e-05,6.296639153106556e-05,5.821498202802368e-05,5.382258280405078e-05,4.976325726368999e-05,4.60125019581816e-05,4.254729690716805e-05,3.934611153578382e-05,3.638887901044581e-05,3.365694876128878e-05,3.113302461161889e-05,2.880109407778367e-05,2.664635295712654e-05,2.465512820439695e-05,2.281480124001667e-05,2.111373318154244e-05,1.954119299786155e-05,1.808728921839409e-05,1.674290555850474e-05,1.549964062507628e-05,1.434975172522495e-05,1.328610270275981e-05,1.23021156605872e-05,1.139172638464798e-05,1.054934325986067e-05
89.5,1.839129225851596e-08,1.557419689302662e-06,4.29925002611053e-06,8.613630597921774e-06,1.473371635555613e-05,2.265385080051154e-05,3.213773774193111e-05,4.278448544024675e-05,5.410857067835188e-05,6.561053231116615e-05,7.682916064888561e-05,8.737400789618995e-05,9.694099845868821e-05,0.0001053153214064469,0.0001123657910627427,0.0001180342190909236,0.0001223224961542512,0.0001252792654641876,0.0001269873859870194,0.0001275528577354053,0.0001270955061802632,0.0001257414725349297,0.0001236174029195948,0.0001208461457610798,0.0001175437312460354,0.0001138174022010314,0.0001097644799226419,0.0001054718724740878,0.0001010160609632483,9.646342763561597e-05,9.187081610051159e-05,8.728623754858251e-05,8.27496569835062e-05,7.829381027280318e-05,7.394501645517305e-05,6.972396057959941e-05,6.564643079355387e-05,6.172399984000097e-05,5.796464593247663e-05,5.437331147894178e-05,5.095240059673645e-05,4.770221803533416e-05,4.462135319127419e-05,4.170701351402905e-05,3.895531188425809e-05,3.636151259195631e-05,3.392024042465927e-05,3.162565715072153e-05,2.947160939133441e-05,2.745175154792488e-05,2.555964711084841e-05,2.378885133623592e-05,2.21329779508558e-05,2.058575223656611e-05,1.9141052560246e-05,1.779294215391982e-05,1.653569271361379e-05,1.536380117384094e-05,1.42720008263843e-05,1.325526778573284e-05
