0,0.176177617501536,0.1437996203116961,0.1137235405522994,0.0892128195006849,0.06792176411472015,0.05060427076537887,0.03728912043103243,0.02738750987448057,0.02014943745391497,0.01489531620611749,0.01108451296058327,0.008312478938601171,0.006285570354012024,0.004793733273719592,0.003687577302271763,0.002860927994230856,0.002238144459048098,0.001765107468901954,0.00140288400545164,0.001123291328924109,0.0009057914735114855,0.0007353123071438811,0.0006007130432894022,0.0004936985694160436,0.0004080472566242242,0.0003390585888039057,0.0002831556490192913,0.0002375972572772663,0.0002002681746768855,0.0001695252051744506,0.0001440835585464671,0.0001229323881476086,0.0001052716003569003,9.046427025152123e-05,7.800057878407046e-05,6.747030918706167e-05,5.854174160385204e-05,5.094536007207153e-05,4.446120108923669e-05,3.890897428623634e-05,3.414030566974094e-05,3.003261535679729e-05,2.648426093654198e-05,2.341066611086311e-05,2.074122036115091e-05,1.841678501566681e-05,1.638767855828075e-05,1.461204245619315e-05,1.305451048113588e-05,1.168512113778333e-05,1.047842563742545e-05,9.412753787086102e-06,8.469607892848856e-06,7.633160817681721e-06,6.889839077848782e-06,6.227975602921223e-06,5.637519746832716e-06,5.109794492895745e-06,4.637292675927622e-06,4.213505551221428e-06
1,0.175943885354811,0.1437996203116961,0.1137235405522994,0.0892128195006849,0.06792176411472015,0.05060427076537887,0.03728912043103243,0.02738750987448057,0.02014943745391497,0.01489531620611749,0.01108451296058327,0.008312478938601171,0.006285570354012024,0.004793733273719592,0.003687577302271763,0.002860927994230856,0.002238144459048098,0.001765107468901954,0.00140288400545164,0.001123291328924109,0.0009057914735114855,0.0007353123071438811,0.0006007130432894022,0.0004936985694160436,0.0004080472566242242,0.0003390585888039057,0.0002831556490192913,0.0002375972572772663,0.0002002681746768855,0.0001695252051744506,0.0001440835585464671,0.0001229323881476086,0.0001052716003569003,9.046427025152123e-05,7.800057878407046e-05,6.747030918706167e-05,5.854174160385204e-05,5.094536007207153e-05,4.446120108923669e-05,3.890897428623634e-05,3.414030566974094e-05,3.003261535679729e-05,2.648426093654198e-05,2.341066611086311e-05,2.074122036115091e-05,1.841678501566681e-05,1.638767855828075e-05,1.461204245619315e-05,1.305451048113588e-05,1.168512113778333e-05,1.047842563742545e-05,9.412753787086102e-06,8.469607892848856e-06,7.633160817681721e-06,6.889839077848782e-06,6.227975602921223e-06,5.637519746832716e-06,5.109794492895745e-06,4.637292675927622e-06,4.213505551221428e-06
2,0.1752437570225507,0.121004069529064,0.09514561491019452,0.07457419399042498,0.05675636444769285,0.04227807743883424,0.03115078623688833,0.02287785369259562,0.01683094966263177,0.01244171285137681,0.009258288246091302,0.006942654864482443,0.005249489974276609,0.004003314982282001,0.00307933169799251,0.002388843770570791,0.001868661533798337,0.001473573812373039,0.001171055650902262,0.0009375627907490514,0.0007559374731978415,0.0006135882154280915,0.0005012079138674638,0.0004118668635842307,0.0003403676486547531,0.0002827836667789221,0.0002361270229522668,0.0001981080291804163,0.0001669599247270324,0.0001413102970012525,0.0001200861399826291,0.0001024432880472469,8.771362238212222e-05,7.536531655779444e-05,6.497270845107295e-05,5.619332348109933e-05,4.875024357988342e-05,4.241849684237782e-05,3.701448963109329e-05,3.238775465524712e-05,2.841447231184827e-05,2.49923574875324e-05,2.203660362910881e-05,1.947664985256656e-05,1.725359208720649e-05,1.53181007181647e-05,1.362873849545788e-05,1.21505962376829e-05,1.085418198662642e-05,9.71451317105917e-06,8.710372052335713e-06,7.823693022145882e-06,7.039056779297044e-06,6.343271459351512e-06,5.725024753613805e-06,5.174594178744719e-06,4.683605132663529e-06,4.24482833971159e-06,3.852009858351523e-06,3.499728082849289e-06
3,0.1740804566220425,0.1131191127223864,0.0888094792932414,0.06962887104471067,0.05299247213293272,0.03947249899509236,0.02908326666498111,0.02135996941702371,0.01571509218378994,0.01161766936580849,0.008645789830703824,0.006483915865795986,0.004903070635082667,0.003739475005543823,0.002876651102855156,0.002231813570919855,0.001745981200180448,0.00137695153153681,0.001094362178525502,0.0008762328549318442,0.0007065444181477424,0.0005735401312950215,0.0004685292660294951,0.0003850405703184427,0.0003182201197848883,0.0002644005485635832,0.0002207910220252188,0.0001852527112675547,0.000156135145517907,0.0001321561582010099,0.000112313234513348,9.58176154320294e-05,8.204499490192268e-05,7.049839163334589e-05,6.078000953705716e-05,5.256977613177865e-05,4.560887315968116e-05,3.968702221063852e-05,3.463261193685506e-05,3.030498846728796e-05,2.658840220507486e-05,2.338723015770265e-05,2.062218595965562e-05,1.822729881284804e-05,1.61474941438805e-05,1.433664750287496e-05,1.275601246584608e-05,1.137294549439151e-05,1.01598676390035e-05,9.093415958094546e-06,8.153747533526756e-06,7.323966715041729e-06,6.589652257868566e-06,5.938465733005089e-06,5.359826292046733e-06,4.844639788094875e-06,4.385072566330008e-06,3.974362076160818e-06,3.606657924264604e-06,3.276888163611832e-06
4,0.1724594231251171,0.1102331488684068,0.08615571413495501,0.06742657812133468,0.05126727961899254,0.03816872185424727,0.0281164548716262,0.02064856098715702,0.01519204601113451,0.01123182010409717,0.008359484057406439,0.006269919830402283,0.004741822430771111,0.003616936488957604,0.002782721958527854,0.002159192325648417,0.001689357778024851,0.001332437699560276,0.001059089961929506,0.000848070726749612,0.0006838959185362057,0.0005552002497842457,0.0004535814268167786,0.0003727822804769998,0.0003081089535571568,0.0002560146402330545,0.0002137999711835686,0.0001793960070360779,0.0001512060549578542,0.0001279896115069991,0.0001087766529058781,9.280392000322001e-05,7.946724254371896e-05,6.82856328136636e-05,5.887406957498018e-05,5.092273893342002e-05,4.418110262593733e-05,3.84455976986345e-05,3.355008447141199e-05,2.935838685357782e-05,2.575843492571264e-05,2.265764147895478e-05,1.997923412654175e-05,1.765933138202084e-05,1.564460096946972e-05,1.389037608127924e-05,1.235913357554138e-05,1.101925956937311e-05,9.844044263142438e-06,8.810860392478484e-06,7.900489387622461e-06,7.096566819284772e-06,6.385124546335272e-06,5.754211543158101e-06,5.193578967180239e-06,4.694417852505696e-06,4.249140053138082e-06,3.851194838453822e-06,3.494914963851645e-06,3.175387177562175e-06
5,0.1703884068917321,0.1074275395811234,0.08412513446183323,0.06587026256395148,0.0500778646906727,0.03727656242515991,0.02745611998063127,0.02016259147833649,0.01483438274780135,0.01096758165419352,0.008163064017623796,0.006122809316014355,0.004630724834565619,0.003532304978753053,0.002717682553059285,0.002108771198472632,0.001649933636645274,0.001301355501100699,0.001034388501104799,0.0008282900575531962,0.0006679406517592796,0.0005422420100136351,0.0004429888409083222,0.0003640704067730797,0.00030090250932506,0.0002500210780328441,0.0002087896277154376,0.0001751873627592253,0.0001476547109065416,0.0001249799876494796,0.0001062156924483494,9.06162821671212e-05,7.759160727196214e-05,6.667184166891665e-05,5.748089962103986e-05,4.971615888178461e-05,4.313289874808572e-05,3.753228500017802e-05,3.275203925674747e-05,2.86591521082398e-05,2.514416135597962e-05,2.211663561269144e-05,1.950159134447791e-05,1.723663665757784e-05,1.5269683843689e-05,1.355710927761943e-05,1.206226688127225e-05,1.075428233464829e-05,9.607071213833343e-06,8.598536507130326e-06,7.709910419226992e-06,6.925212699532076e-06,6.23080343211409e-06,5.615012681775955e-06,5.067832890722205e-06,4.580662680435519e-06,4.146092899244509e-06,3.757727494140591e-06,3.410033172846136e-06,3.098212933889339e-06
6,0.1678776024215005,0.106441052061653,0.08337649145553475,0.06521421646079334,0.0495329583821012,0.03685043387597801,0.02713516115896617,0.01992551759766725,0.01466066983381364,0.01084043031506657,0.008069703364555189,0.006053874132006552,0.004579463834119831,0.003493884431093287,0.002688645041149196,0.00208663760589435,0.001632918195871611,0.001288164336523212,0.001024077888976443,0.0008201667395732547,0.0006614915656875379,0.0005370845626211534,0.0004388355436659349,0.0003607035841745808,0.0002981561007177824,0.0002477674595693637,0.0002069300063971754,0.0001736447269562394,0.000146368621582592,0.0001239027032073261,0.0001053092659720068,8.985037226646249e-05,7.694181602342793e-05,6.611844443080958e-05,5.700786808367843e-05,4.931040495302664e-05,4.278368580470193e-05,3.723076677128167e-05,3.24908966308378e-05,2.843230551593836e-05,2.494654181653761e-05,2.194400157069277e-05,1.935038144074083e-05,1.710385084611597e-05,1.515278698068818e-05,1.345395261116593e-05,1.197102386613334e-05,1.067339596125953e-05,9.535210631299174e-06,8.534561178473411e-06,7.652840404667946e-06,6.874203943769877e-06,6.185127152153115e-06,5.57403812626501e-06,5.031012880284888e-06,4.547521448927833e-06,4.116215844311444e-06,3.730752516522009e-06,3.385643341223389e-06,3.076130258488041e-06
7,0.1649398169046535,0.1053575724692355,0.0826557663173148,0.06460704373842648,0.04903531928626719,0.03646343143398081,0.02684434310302506,0.01971078168755076,0.01450314178340749,0.01072483635068505,0.007984506671919633,0.005990649025131519,0.004532152753287809,0.003458157755604272,0.002661408655086376,0.002065673131378745,0.001616626619071089,0.001275385402794847,0.001013963398948917,0.0008120916464591062,0.0006549914253569423,0.0005318113329266621,0.0004345261809074977,0.000357157594707313,0.0002952193874659034,0.0002453206168576875,0.0002048797765365434,0.0001719177181440182,0.0001449066537054398,0.0001226593335091665,0.0001042471758151325,8.893938679276889e-05,7.615739232609801e-05,6.544050903755889e-05,5.641991674493313e-05,4.879880079776494e-05,4.233710855986126e-05,3.683977780842712e-05,3.21475934150537e-05,2.813004550681128e-05,2.46797206599147e-05,2.170787398456252e-05,1.914091586907466e-05,1.691761096783355e-05,1.498683468829037e-05,1.330576823941606e-05,1.183844034637843e-05,1.0554544268398e-05,9.428474427440095e-06,8.438538976748343e-06,7.56631390594227e-06,6.796111458842306e-06,6.114541228076935e-06,5.510146659579065e-06,4.973103131309751e-06,4.494966476865208e-06,4.06846296809207e-06,3.687313475381666e-06,3.346085885126643e-06,3.040070944337523e-06
8,0.1615906767438249,0.1050924827543864,0.08253523270137732,0.06441504320952499,0.04882696154421152,0.03628118872645678,0.02670076324660679,0.01960344214054141,0.01442495904625707,0.01066855530832892,0.00794413801359624,0.005961660360513692,0.004511252259710641,0.00344300163969098,0.002650342665298333,0.002057532622950283,0.001610590698520641,0.001270873508473335,0.001010562973960963,0.0008095078517174877,0.0006530122231229709,0.0005302832097661618,0.0004333372170363309,0.0003562256083146293,0.0002944835928490818,0.000244735723746198,0.0002044117924785587,0.0001715409445936283,0.0001446015230499577,0.000122410841718873,0.0001040437393401477,8.877200340447178e-05,7.601902102020274e-05,6.532560878759628e-05,5.632410115978413e-05,4.871857787746938e-05,4.226968332435646e-05,3.67829016699159e-05,3.209944851899819e-05,2.808915539388294e-05,2.464488085991798e-05,2.167809779391755e-05,1.911539176186357e-05,1.689566897086264e-05,1.496791970116445e-05,1.328941876402592e-05,1.182427145143303e-05,1.054223388606321e-05,9.417752284215048e-06,8.429177616468969e-06,7.558121381726953e-06,6.788925362059013e-06,6.108223792795824e-06,5.504580735519517e-06,4.968188860757209e-06,4.490618544247842e-06,4.064608316998822e-06,3.683889408387773e-06,3.343038478099336e-06,3.037353719863979e-06
9,0.1578488786393641,0.104546376304675,0.08231309138770741,0.06418844457639654,0.04861163120338716,0.03610278429592909,0.02656454501416404,0.01950398294838115,0.01435404598813073,0.01061859416077287,0.007909116578621754,0.005937137869289747,0.004494059717414996,0.003430916552385358,0.002641819057184642,0.002051498312701879,0.001606302050060899,0.00126781378335235,0.001008372024699021,0.0008079337451014538,0.0006518780016048207,0.0005294640364447947,0.0004327446270725005,0.0003557966248503744,0.0002941731783223912,0.0002445115240634723,0.0002042504623872459,0.0001714255673940236,0.0001445197906287646,0.0001223537649987387,0.0001040047303340224,8.874621875540475e-05,7.60028903647476e-05,6.531649435162619e-05,5.632005096299464e-05,4.871814601710304e-05,4.227179854808582e-05,3.678677086930651e-05,3.210448558895409e-05,2.80949285982579e-05,2.465107375590696e-05,2.168448013111362e-05,1.912179774803134e-05,1.690198099859439e-05,1.497405613684053e-05,1.329532476859017e-05,1.1829912070756e-05,1.054758884500184e-05,9.422812062763624e-06,8.433940492853847e-06,7.562591206144876e-06,6.79310988336982e-06,6.112133404201922e-06,5.50822753798462e-06,4.971585967481292e-06,4.493779568009178e-06,4.067546996135627e-06,3.686619337758098e-06,3.345572919372381e-06,3.039705471587878e-06
10,0.1537364982372171,0.1042003865418159,0.0824406275298316,0.06425150618045244,0.04860945577023884,0.03607745357118696,0.02653824015323851,0.01948398202732899,0.01434106742777465,0.0106112474504951,0.007905713260815978,0.00593627367122775,0.004494716068407234,0.003432406382739349,0.00264370131434115,0.002053501961534128,0.001608268631157484,0.001269657093946635,0.001010050958343383,0.0008094344756752323,0.0006532025317225022,0.000530622973392392,0.0004337527193195463,0.0003566700768720257,0.0002949280962770033,0.0002451630703092656,0.0002048124463066844,0.0001719102981253945,0.0001449380812461358,0.0001227150190779633,0.0001043170684678867,8.901661957693337e-05,7.623733138436387e-05,6.552008462441302e-05,5.649715172078256e-05,4.887247786576031e-05,4.240653525191045e-05,3.690462051463053e-05,3.220776029006793e-05,2.81856040411896e-05,2.473083987084678e-05,2.175478410554064e-05,1.918388047853269e-05,1.695690795302508e-05,1.502274347305176e-05,1.333856143853771e-05,1.1868378532721e-05,1.058187291302986e-05,9.453422341097352e-06,8.461317773271649e-06,7.587118146581081e-06,6.815119235743092e-06,6.131915016799957e-06,5.526034321918097e-06,4.987638986614756e-06,4.508272386513612e-06,4.080649396619934e-06,3.698480505169385e-06,3.356324170953359e-06,3.049462600675477e-06
11,0.1492793776792194,0.1048431700182005,0.08322128775194666,0.06475411311937551,0.04891387212674055,0.0362706559052644,0.0266699088419678,0.01957940835053962,0.01441321830059378,0.01066723690740146,0.007949835022531737,0.005971371177664575,0.004522810778655132,0.003455002896479993,0.002661949959921914,0.002068295495801046,0.001620305832700759,0.001279487784778622,0.001018109370700044,0.0008160646181407151,0.0006586777308195933,0.0005351610312856514,0.0004375277148945384,0.0003598215752884982,0.0002975683497573607,0.0002473826587030815,0.0002066847042018013,0.0001734947970646389,0.0001462833751874419,0.000123860814488701,0.0001052959442751009,8.98553942189635e-05,7.6958152573876e-05,6.614130069870177e-05,5.703401050536063e-05,4.933768894723017e-05,4.281072377828705e-05,3.725669460097985e-05,3.251520940825066e-05,2.845474210971175e-05,2.496700389967981e-05,2.196249701070951e-05,1.936698492319935e-05,1.711867668849962e-05,1.51659705618785e-05,1.346563787854905e-05,1.198135511617852e-05,1.068251261024351e-05,9.543244063344101e-06,8.541633022147372e-06,7.659061777934304e-06,6.879675341831487e-06,6.189938749119247e-06,5.578270330499254e-06,5.034737032548588e-06,4.550800587569115e-06,4.119105486737221e-06,3.733301423881787e-06,3.387894245678761e-06,3.07812054111909e-06
12,0.144507623239726,0.1048123220956238,0.08362862832707565,0.06501870869071033,0.0490544551234051,0.03634757547607088,0.02671786702418116,0.01961400213582844,0.01444078324167574,0.01069026074568327,0.007969358265961493,0.005987938095950742,0.004536809853917777,0.003466772333624489,0.002671801570118146,0.002076514915279553,0.001627148879744139,0.001285178482479106,0.001022840325575751,0.0008199991166137142,0.000661952773534998,0.000537890708137974,0.0004398065401594161,0.0003617275721047595,0.0002991657875814868,0.0002487244174476206,0.0002078142781570395,0.0001744479714053981,0.0001470896156656831,0.0001245444119262602,0.0001058769529109192,9.035039876786218e-05,7.738089413765042e-05,6.650318704512204e-05,5.734453199958216e-05,4.960475770670728e-05,4.304095044959163e-05,3.745561449546608e-05,3.268746752945976e-05,2.86042447968842e-05,2.509704333751494e-05,2.207585365938639e-05,1.946601195532853e-05,1.720536973900079e-05,1.524202546753384e-05,1.353249857706336e-05,1.204025346619378e-05,1.073450156459061e-05,9.5892253622728e-06,8.582380358806122e-06,7.695240214905276e-06,6.91185761699408e-06,6.218618995059889e-06,5.603875638940056e-06,5.057637219697911e-06,4.571316454593104e-06,4.137515819060624e-06,3.749848931621461e-06,3.40279061348478e-06,3.091550727671108e-06
13,0.1394562545230104,0.1054229160214302,0.08444860768233949,0.06556083408628256,0.04939102452626567,0.03656656114652702,0.02687036873476487,0.01972635694480806,0.01452671977199213,0.01075747937110721,0.008022623307038441,0.006030478115843099,0.004570963053899267,0.003494303331336999,0.002694073250006282,0.002094593028730449,0.001641872479395915,0.001297210819099508,0.001032707187444267,0.0008281183442471265,0.0006686572207442026,0.0005434461913853473,0.0004444259022672585,0.0003655817159199363,0.000302392341826411,0.0002514345510346648,0.0002100980662668921,0.000176378628352626,0.0001487268404587643,0.0001259370383672466,0.0001070650538689099,9.136696135956382e-05,7.825315693715875e-05,6.72537105236698e-05,5.79920579039388e-05,5.016490103439415e-05,4.35267582993239e-05,3.787801876278722e-05,3.30556527153742e-05,2.892594774122865e-05,2.537879820013961e-05,2.232319273540086e-05,1.968363075895271e-05,1.739726309492497e-05,1.541160000918632e-05,1.368266599031667e-05,1.217350797464342e-05,1.085298448181778e-05,9.694779001005968e-06,8.676593158171528e-06,7.779484602752655e-06,6.987321847159644e-06,6.286333975682765e-06,5.664737586793363e-06,5.112426828414834e-06,4.620715144925198e-06,4.182119541553721e-06,3.790179912083381e-06,3.439307365957879e-06,3.12465660560122e-06
14,0.134166055334139,0.1049352794781805,0.0846551422770262,0.06570906789269659,0.04945346471247389,0.03658885325498022,0.02688002961834448,0.01973425845229769,0.01453579805818528,0.01076776552588393,0.008033407208982624,0.006041073258300874,0.004580900709261618,0.003503327990227658,0.002702086645925025,0.002101597819002771,0.001647929174090294,0.001302408542949312,0.001037145291176595,0.0008318956008670268,0.0006718659905674944,0.0005461696910804096,0.0004467373280237158,0.0003675444156316192,0.0003040605337918655,0.0002528542851658297,0.0002113082506590421,0.0001774120233909356,0.0001496109711294102,0.0001266950042891476,0.0001077162330897804,9.192761288923416e-05,7.873693132961057e-05,6.767207945993272e-05,5.835467384708259e-05,5.047989734457849e-05,4.380099914183849e-05,3.811730696534414e-05,3.326490257124672e-05,2.910932868315967e-05,2.553985431708942e-05,2.246494227797638e-05,1.980864907506416e-05,1.750775184398306e-05,1.550944500768801e-05,1.376948563033395e-05,1.225069381667094e-05,1.092173534309994e-05,9.756129629776334e-06,8.731438394593475e-06,7.828599771501585e-06,7.031379998492223e-06,6.325920486497427e-06,5.700362546482472e-06,5.144535562865652e-06,4.649697173081615e-06,4.208316210247642e-06,3.813890914540807e-06,3.460796315978309e-06,3.144155811672719e-06
15,0.1286846796812238,0.1055484960434536,0.08561540165709632,0.06638871638352919,0.04989923781541526,0.03689037998040027,0.02709435971477265,0.01989307283053425,0.01465688581209653,0.01086178786883225,0.008107272055530397,0.006099566740334909,0.004627500626792358,0.00354063913897488,0.002732096038200065,0.002125838238143949,0.001667591621790386,0.001318423312425903,0.001050242142131106,0.0008426491843303748,0.0006807304790348023,0.0005535053407756871,0.0004528309391475376,0.0003726251454411273,0.0003083121549807296,0.0002564247165228143,0.0002143169889516223,0.0001799559562817074,0.0001517689380326513,0.0001285313863471267,0.0001092837882163382,9.326972210341599e-05,7.988938463223145e-05,6.866450045880439e-05,5.921166007136443e-05,5.122193608540068e-05,4.444520548814358e-05,3.867802054080697e-05,3.375417161436505e-05,2.953730401179538e-05,2.591511097265346e-05,2.27947429418359e-05,2.009916045284303e-05,1.776422294023335e-05,1.573635442431561e-05,1.397066360982115e-05,1.242942363282165e-05,1.108083775382114e-05,9.898033398793975e-06,8.858239323535401e-06,7.942110230529563e-06,7.13317057925879e-06,6.417355107345333e-06,5.78262810213231e-06,5.21866701804526e-06,4.71659884271397e-06,4.268779840865872e-06,3.868611076931121e-06,3.510383533197303e-06,3.189147775978944e-06
16,0.1230680587442902,0.1057900692298551,0.08624826502006072,0.0668122202942257,0.05015261298240814,0.03705029989694931,0.02720552131019479,0.01997701443463357,0.01472362094736196,0.01091623362400289,0.008152179040473528,0.006136743951729528,0.004658303107673437,0.003566158595544893,0.00275323849195037,0.002143361110321349,0.001682126946295559,0.001330496083085735,0.001060286406154248,0.0008510224266859447,0.0006877263202706129,0.000559364534903742,0.0004577507334304842,0.0003767671337833952,0.0003118087961541916,0.0002593847008285288,0.0002168296312171414,0.0001820947774108505,0.0001535945773343847,0.0001300939660758369,0.0001106248320988852,9.442371203830832e-05,8.088502454326404e-05,6.95257434488326e-05,5.995854435803637e-05,5.187126644367981e-05,4.501110979274245e-05,3.917240522789995e-05,3.418709522704046e-05,2.991728425142213e-05,2.624937767509293e-05,2.308944698956577e-05,2.035954670408748e-05,1.799477370887017e-05,1.594090880292089e-05,1.41525169311813e-05,1.25914105633953e-05,1.122540186672913e-05,1.002728555269003e-05,8.974006752274842e-06,8.045977907092073e-06,7.226516140116935e-06,6.501378397825276e-06,5.858376219257818e-06,5.287055576873715e-06,4.778430068854591e-06,4.324757990576343e-06,3.919355602793881e-06,3.556440344561958e-06,3.230998886446876e-06
17,0.1173821281985949,0.106274009949647,0.08726268907122091,0.06755326748294829,0.05064484375709401,0.03738599082402862,0.02744574767357778,0.02015611153742411,0.01486096762243937,0.01102347603845464,0.008236883273618507,0.006204170342662614,0.004712290637545976,0.003609596643032034,0.002788342431389074,0.002171848640688624,0.001705339453459696,0.00134948642746387,0.001075884379635676,0.0008638844195163881,0.0006983733857526514,0.0005682117383173004,0.0004651298725470907,0.0003829443834555974,0.0003169984494826114,0.0002637598997299,0.0002205307693424364,0.0001852360992885189,0.0001562693764267396,0.0001323786918590298,0.0001125823454316779,9.610587379427721e-05,8.233476081885804e-05,7.077869863977419e-05,6.104440874537726e-05,5.281484591662519e-05,4.583319063861591e-05,3.989045553446673e-05,3.481583560152472e-05,3.046915367803255e-05,2.673491496080682e-05,2.351760404337776e-05,2.073794659492864e-05,1.832992384991134e-05,1.62383775594539e-05,1.441708032574929e-05,1.282717446254772e-05,1.1435904006819e-05,1.021558094166059e-05,9.142739326899552e-06,8.197440796676317e-06,7.362702461647669e-06,6.624024163096381e-06,5.968996655173161e-06,5.386975932970023e-06,4.868811800827576e-06,4.406621057089663e-06,3.993597488617045e-06,3.623852320943995e-06,3.292279935443418e-06
18,0.1117048406940953,0.1065276619688636,0.08813315889114037,0.06823308957913153,0.05111716755461553,0.03772015115329236,0.02769217162280011,0.02034431454364219,0.01500812058562148,0.01114020817590986,0.008330311217085174,0.00627938732698818,0.004773112117651874,0.003658960321427454,0.002828545150016768,0.002204701441632943,0.001732277377964146,0.001371650309350624,0.001094183533857295,0.000879045389865168,0.0007109781163421608,0.0005787275617345951,0.0004739331093350396,0.0003903389359912767,0.0003232304689228355,0.0002690293708773824,0.0002250006757079426,0.0001890396872938742,0.0001595159251292446,0.0001351581063013449,0.0001149688226157045,9.816083626256042e-05,8.410921065177242e-05,7.231511176331441e-05,6.237826375933144e-05,5.397586160007886e-05,4.684633062107116e-05,4.077674636347201e-05,3.559303483484076e-05,3.11522970922058e-05,2.733676604234468e-05,2.404902425951084e-05,2.120820125343371e-05,1.87469354382668e-05,1.660893613683752e-05,1.474701869796722e-05,1.312151439928981e-05,1.169897858411651e-05,1.045113714864223e-05,9.35402431675683e-06,8.387274549348652e-06,7.533539130365254e-06,6.778003975098012e-06,6.107989910082785e-06,5.512620375754486e-06,4.982544428271427e-06,4.509705237993335e-06,4.087146131005889e-06,3.708847698504848e-06,3.369590685392823e-06
19,0.106128337111962,0.10708877523227,0.08919750838514003,0.0690234496924846,0.05165403890084255,0.03809402270715023,0.02796431101745743,0.02054985241217109,0.01516729026033789,0.01126542229675116,0.008429792790649749,0.006358952366937059,0.004837066443151476,0.003710582996172341,0.002870374721376523,0.002238722023731269,0.001760048884560399,0.001394404156304978,0.001112895006509558,0.0008944892252561557,0.0007237715489987806,0.0005893638129196942,0.0004828075149618667,0.0003977693745839653,0.0003294733640457482,0.0002742922517389096,0.0002294520573280459,0.0001928168602863663,0.0001627311127130054,0.0001379033437034806,0.0001173198347683813,0.0001001801283747896,8.584853878740165e-05,7.381746382095037e-05,6.367945278589807e-05,5.510581128961234e-05,4.783011569803035e-05,4.163543720327151e-05,3.634438526945644e-05,3.181130622033429e-05,2.791613849942817e-05,2.455954840820826e-05,2.165906082537597e-05,1.914596705806954e-05,1.696284270756405e-05,1.506154668271541e-05,1.340160148705911e-05,1.194887699464003e-05,1.067451684425849e-05,9.554059597969709e-06,8.566716874035473e-06,7.694778482914775e-06,6.923120696141714e-06,6.23879856025074e-06,5.630706932493093e-06,5.089297890881131e-06,4.606344532886313e-06,4.174743058945849e-06,3.788346542037954e-06,3.441824992817319e-06
20,0.1007610193813576,0.1072043051611826,0.09013063630835899,0.06981598194649596,0.05223313911526623,0.03851654826045565,0.02828078118067106,0.02079281442293727,0.01535713765653478,0.01141551064142532,0.008549387719553447,0.00645479822190811,0.004914236665295969,0.003772972806987394,0.002921011491230823,0.002279976306032805,0.001793786210853476,0.001422098195192676,0.00113571368530534,0.0009133610303317138,0.000739436894046715,0.0006024149910615557,0.0004937198549825163,0.000406925592101642,0.0003371826349226338,0.0002808051849603616,0.0002349724768474968,0.0001975110994260043,0.000166735365988143,0.0001413294984803439,0.0001202601106446484,0.0001027107791841633,8.803281573291905e-05,7.570799462578992e-05,6.532015797884328e-05,5.653345255525776e-05,4.907555088155352e-05,4.272464073061735e-05,3.729928039973654e-05,3.265044589917826e-05,2.865526402306174e-05,2.521204917093076e-05,2.223635374768358e-05,1.965781060087224e-05,1.741759745476323e-05,1.546639215329545e-05,1.376271698951624e-05,1.227159286047009e-05,1.096344119496072e-05,9.813184850343795e-06,8.799509423479378e-06,7.904254386299497e-06,7.111909674993951e-06,6.409198238009276e-06,5.784728888001165e-06,5.228706839337273e-06,4.73269172351041e-06,4.289394796295557e-06,3.892508587772167e-06,3.536563480760708e-06
21,0.09572910623254832,0.1071095590342632,0.0909261555316259,0.07052872870238482,0.05276513111641315,0.03891041064292677,0.02857953351254244,0.02102484536316955,0.01554036642791103,0.01156174180981678,0.008666886923786067,0.006549657915936861,0.004991104903735036,0.003835468564681649,0.002971984356086795,0.002321683932597691,0.001828023796994035,0.001450296819936005,0.001159016613038625,0.0009326835310008309,0.000755513353301008,0.0006158360804850425,0.0005049618847406422,0.0004163737048650283,0.0003451491474315236,0.0002875441076446781,0.0002406910236327734,0.0002023788269005529,0.0001708914443233966,0.0001448885086277721,0.0001233166774999323,0.0001053432838406498,9.030637779137379e-05,7.767687470307178e-05,6.702969861390715e-05,5.802165071117406e-05,5.037433566560676e-05,4.386091460965233e-05,3.82957701444559e-05,3.352640002393087e-05,2.942702603229309e-05,2.589353004065252e-05,2.283942241831346e-05,2.019261757060141e-05,1.789284363305345e-05,1.588955280064592e-05,1.414022870615883e-05,1.260901009454031e-05,1.126556754271738e-05,1.008418345656642e-05,9.042996011607403e-06,8.123375817642067e-06,7.309410424780461e-06,6.587476759696573e-06,5.945885497476987e-06,5.374584472646863e-06,4.864910693667825e-06,4.409382487177382e-06,4.001524868456019e-06,3.635722495878267e-06
22,0.09117709008662885,0.1075868654881917,0.0918810191115717,0.07127184849301128,0.05329092628623863,0.0392899243191988,0.02886430265735531,0.0212454227411902,0.01571482493275028,0.0117014734347225,0.008779658010206647,0.006641121135131335,0.005065559042560773,0.003896267484336231,0.003021780799220382,0.002362591027660425,0.001861731237759451,0.00147815889472584,0.001182120784185292,0.0009519045632740438,0.0007715562647554373,0.0006292702844056472,0.0005162483399754616,0.0004258865077069592,0.0003531927066392839,0.0002943668134995158,0.0002464961366937742,0.0002073331631012181,0.0001751323135365692,0.0001485292684024075,0.0001264511878145659,0.0001080494886307198,9.264919154266846e-05,7.971051498138778e-05,6.879957593093019e-05,5.956590393076438e-05,5.172508289656755e-05,4.504527515230238e-05,3.933670172442374e-05,3.444338660169992e-05,3.023664440684444e-05,2.660991786732212e-05,2.347466581956158e-05,2.075707298723273e-05,1.839540574959327e-05,1.63378781310059e-05,1.454092262600985e-05,1.296778366203574e-05,1.158736928635787e-05,1.03733103705862e-05,9.303187239959793e-06,8.357891891646151e-06,7.521100418396185e-06,6.778835317706381e-06,6.11910135766208e-06,5.531581829071833e-06,5.007384523015739e-06,4.538828774559025e-06,4.119266515903398e-06,3.742931569903593e-06
23,0.08726640175964306,0.1081747592427442,0.09306116527170603,0.07225788464158359,0.054032807057261,0.03984732677908848,0.02929071966956325,0.02157730820700721,0.01597643895759116,0.01190952818266887,0.008946174779650921,0.006775055452072899,0.005173743653515656,0.003983994186806629,0.003093185989203519,0.002420927258773578,0.001909566915573086,0.001517529116617061,0.001214643055339691,0.0009788683425698433,0.000793992606791634,0.0006480061740557417,0.000531949184668949,0.0004390894382887283,0.00036433272958131,0.0003037973942651547,0.0002545054382213837,0.0002141568887496709,0.0001809638915376708,0.0001535279506474519,0.0001307485087328511,0.0001117544315536115,9.585233375573067e-05,8.248736359803825e-05,7.121326087250945e-05,6.166935865979614e-05,5.356281580209595e-05,4.665481284092481e-05,4.074976855089875e-05,3.568687151764176e-05,3.133339579682267e-05,2.757939884722218e-05,2.433349600442688e-05,2.151947761748699e-05,1.907358900295117e-05,1.694233421536114e-05,1.508069566942837e-05,1.345068535192928e-05,1.202016155335063e-05,1.076185907924603e-05,9.652591772306239e-06,8.672594638127179e-06,7.804979483792117e-06,7.035283173710578e-06,6.351091703958377e-06,5.74172654011456e-06,5.197982242103683e-06,4.711906457138752e-06,4.276615009887303e-06,3.886136143742435e-06
24,0.08417160459049314,0.1085790633217555,0.0940265977712926,0.07307074616043832,0.05464598832279764,0.04031208503134823,0.0296513075228713,0.02186264020197295,0.01620515795755218,0.0120943101342833,0.009096186868343669,0.006897249164490121,0.005273548111416759,0.004065718059246955,0.003160275984863548,0.002476150861774815,0.001955150277903201,0.001555264968410438,0.001245976593078327,0.001004966019117557,0.0008157972961152866,0.0006662813776922246,0.000547314414316637,0.0004520485071353061,0.0003752963607249989,0.000313101286779256,0.0002624247098904838,0.0002209176324667374,0.0001867524340204693,0.0001584982822311219,0.0001350282567239866,0.000115449672743138,9.90514805269751e-05,8.526430955628489e-05,7.362993352088868e-05,6.377779628186691e-05,5.540686171350655e-05,4.827150120484705e-05,4.217046095212244e-05,3.693819161730987e-05,3.243799998020947e-05,2.855661330828129e-05,2.51998447723277e-05,2.228912129932551e-05,1.975869023981914e-05,1.755336282684386e-05,1.562668403783731e-05,1.393944264896469e-05,1.245845384137894e-05,1.115556105038883e-05,1.000681486054641e-05,8.991795404730349e-06,8.093051496499797e-06,7.295635045166832e-06,6.586713500605847e-06,5.955246400113e-06,5.391714734293031e-06,4.887893960341948e-06,4.436663182992659e-06,4.031844384012275e-06
25,0.08207365957092727,0.1091903160209343,0.09509059669802462,0.07393238569851654,0.05529127935695714,0.04080263129783944,0.03003414331243616,0.02216740370425243,0.01645074406151307,0.01229359027447752,0.009258550101137103,0.007029891663873463,0.005382147587546952,0.004154820048147197,0.003233543032462619,0.002536541151007125,0.002005054862928211,0.001596617032365655,0.001280339690259447,0.001033605596713579,0.0008397386015775996,0.0006863562232152875,0.0005641988431908141,0.0004662930673575707,0.0003873504015626154,0.0003233324435827797,0.0002711345281328531,0.0002283541013387962,0.000193120049879902,0.0001639661391326693,0.0001397365613020415,0.0001195150001507301,0.0001025710235691092,8.831932163053834e-05,7.628852498218201e-05,6.609721129382269e-05,5.74353368271138e-05,5.004978643337392e-05,4.373306787945348e-05,3.831442019986426e-05,3.365278547737727e-05,2.96312266465705e-05,2.615247317481648e-05,2.313535084813679e-05,2.051190791218051e-05,1.822509223981369e-05,1.622686648348428e-05,1.447667286705506e-05,1.294017825497504e-05,1.158824479784395e-05,1.039608282923382e-05,9.342551555176573e-06,8.40958001887874e-06,7.581686280310931e-06,6.845577058453239e-06,6.189813498783013e-06,5.604531445899599e-06,5.081206771678801e-06,4.612458049458108e-06,4.191880264795838e-06
26,0.08115027470646077,0.1112592348666997,0.09686906135108009,0.07518869909035727,0.0561819774068323,0.04145865037213475,0.03053454476528886,0.02255856454509866,0.01676126821405724,0.01254246080131902,0.009459241164672687,0.007192446984091381,0.005514287897112899,0.004262586598256947,0.003321709690345709,0.002608901324369711,0.002064633272028554,0.001645831550891227,0.001321127348424014,0.001067521584402219,0.0008680343884286549,0.0007100413214517263,0.0005840896895040008,0.00048305174242078,0.0004015153285740993,0.0003353427559416821,0.0002813494398454333,0.0002370683314538645,0.0002005761289339346,0.0001703642492952416,0.0001452424230500395,0.0001242662091170706,0.0001066821554754738,9.188605593872203e-05,7.939098512170284e-05,6.880267791015361e-05,5.980045797749123e-05,5.212238309914036e-05,4.555361304962917e-05,3.991725392581254e-05,3.506711577867439e-05,3.08819562423975e-05,2.72608841608134e-05,2.411967319668413e-05,2.138779270164376e-05,1.900600654736689e-05,1.692442369690156e-05,1.510090961884401e-05,1.349978712825482e-05,1.209077029582906e-05,1.084808675896664e-05,9.749752887978869e-06,8.77697340476836e-06,7.913642671597048e-06,7.145929307264723e-06,6.461929309180531e-06,5.8513756633222e-06,5.30539466462453e-06,4.816300967519475e-06,4.377424833010044e-06
27,0.08156404050025025,0.1132685730144249,0.0982414115860643,0.07602937356882303,0.05673723237103407,0.04186257229156352,0.03084998655140606,0.02281492900041123,0.01697348224779702,0.01271932482333708,0.009606870053502817,0.007315623577593963,0.005616981698690821,0.004348159784259792,0.003393015436213279,0.002668349008135432,0.002114244419120878,0.001687292233975643,0.00135583718282293,0.001096638361626333,0.0008925136436384815,0.0007306706237627851,0.0006015178413068058,0.0004978133167164913,0.0004140510876868587,0.0003460165222108636,0.0002904619643235357,0.0002448686552948097,0.0002072708701330161,0.0001761251842590947,0.0001502126732802059,0.0001285652904857604,0.0001104101019286092,9.512679084328745e-05,8.221508128761611e-05,7.126962077683517e-05,6.196050473985166e-05,5.40180928778282e-05,4.722110888813836e-05,4.138726581857804e-05,3.636584458919565e-05,3.203179083427606e-05,2.828099798851344e-05,2.502652170247031e-05,2.219552891019966e-05,1.97268290542798e-05,1.756886866218108e-05,1.567809628209364e-05,1.401762466203376e-05,1.25561324312416e-05,1.126695949103332e-05,1.012735964856827e-05,9.117881338271943e-06,8.221853031391944e-06,7.424954483847909e-06,6.714858583166484e-06,6.080931431745506e-06,5.513980603834041e-06,5.006043359593186e-06,4.550208086306667e-06
28,0.08344980061471512,0.1177167263287372,0.1006793410197178,0.0773814857976577,0.05758646921704984,0.04246346184961092,0.03131112967379976,0.02318508335814879,0.01727703009060623,0.01297049637875269,0.009815376533782613,0.007488876599110112,0.005760983652671488,0.004467890169493139,0.003492631210763123,0.002751316703030885,0.002183444921049373,0.001745111084093942,0.001404243854418187,0.001137255373934572,0.0009266759860549733,0.0007594761514478184,0.0006258695215857232,0.0005184543226164753,0.0004315937496640423,0.0003609660934528562,0.0003032360606276736,0.0002558131206369799,0.0002166727083522532,0.0001842230940214124,0.0001572056315541551,0.000134619550397793,0.0001156649037871385,9.969902926964334e-05,8.620312539022617e-05,7.475644671026324e-05,6.501626943865698e-05,5.670225302546384e-05,4.958416921774659e-05,4.347222475417506e-05,3.820939228188375e-05,3.366530422078342e-05,2.973136910359502e-05,2.631684871208395e-05,2.334569387637472e-05,2.075398203629293e-05,1.848783419458751e-05,1.650171538235231e-05,1.475704317619378e-05,1.322104461931712e-05,1.186581419942926e-05,1.066753514731627e-05,9.605833861487535e-06,8.663243206633311e-06,7.82475513488438e-06,7.07744681284396e-06,6.410167414427428e-06,5.813275121934092e-06,5.278415791136672e-06,4.798336278206272e-06
29,0.08690323318771243,0.1258123681866826,0.104708451272906,0.07946267584450509,0.05883213782548553,0.04332245316004023,0.03196409605943589,0.02370875153223069,0.01770766712919709,0.01332826055969365,0.01011362370777924,0.0077377006643144,0.005968574906656979,0.004641087629927586,0.00363718749902095,0.002872063810457205,0.002284424778776278,0.001829690041188506,0.001475215383740735,0.001196931341401511,0.0009769663561380703,0.000801957433857918,0.0006618427356821868,0.0005489935535772129,0.0004575864909169563,0.0003831465635375702,0.0003222126006187949,0.0002720906588982157,0.0002306711478468358,0.0001962923485656059,0.0001676379191328156,0.0001436594473790176,0.0001235175743513328,0.0001065369689306369,9.217169474968124e-05,7.997841990614509e-05,6.959557946607185e-05,6.072708168339667e-05,5.312950150306902e-05,4.660196491122041e-05,4.097812043363938e-05,3.611973773616879e-05,3.191158092078087e-05,2.825728519137149e-05,2.507602695282291e-05,2.229982412282001e-05,1.987133916146973e-05,1.774208477648208e-05,1.587095345656982e-05,1.422300842431371e-05,1.276848640630742e-05,1.148197263875602e-05,1.034171640015982e-05,9.329061574673259e-06,8.427971670384386e-06,7.624632629674554e-06,6.907119892104365e-06,6.265118672408481e-06,5.68968842781668e-06,5.17306411177635e-06
30,0.09197261263145266,0.1356063854038608,0.1095453858110553,0.08199180904011558,0.0603858514020262,0.04443157995261299,0.03283705850123971,0.02443022609792081,0.01831567089990179,0.0138434442816534,0.01055007765859637,0.008106745729525187,0.006279992290603884,0.004903480223498562,0.003858089401338695,0.003058003810954626,0.002440999762218766,0.001961654378692668,0.001586579115765298,0.001291058973951494,0.001056670385959217,0.0008695832484034979,0.0007193434669907177,0.0005979947281824519,0.0004994410506964521,0.0004189811997062446,0.0003529664788770599,0.0002985476133624003,0.0002534863477931263,0.0002160143346353056,0.0001847267879439951,0.0001585018486029252,0.0001364390789314597,0.0001178122740630845,0.0001020330510920183,8.862259862350284e-05,7.718963996476362e-05,6.741315381787624e-05,5.902875725716453e-05,5.181792273257836e-05,4.559939936963078e-05,4.022235726765882e-05,3.556088505919723e-05,3.150955527751683e-05,2.797983607972666e-05,2.48971767124526e-05,2.219863155830025e-05,1.983091645564682e-05,1.774881331776023e-05,1.591385644117098e-05,1.429324745245635e-05,1.285895647585702e-05,1.158697547735258e-05,1.04566963608773e-05,9.450391646815801e-06,8.552779749339382e-06,7.750660216945835e-06,7.032606987343221e-06,6.388709871595696e-06,5.810356230910392e-06
31,0.09865501896176974,0.1368098729800513,0.1102078161701887,0.08269697309373078,0.0611836942285453,0.04528313871417181,0.03369314280737369,0.02525152212657662,0.01907678764058506,0.01453124326594489,0.01116040331224631,0.008641281222785086,0.006743805056254172,0.005303306538211093,0.004201225603337676,0.003351639280598738,0.002691849340153192,0.002175783294034617,0.001769345842144294,0.001447126430008016,0.001190053705237101,0.0009837144327755449,0.0008171411790854433,0.0006819325609674421,0.0005716107873884829,0.0004811495079934752,0.0004066246178175198,0.0003449543648817041,0.0002937047094726263,0.0002509426495113949,0.0002151250181432578,0.000185013671301113,0.0001596104250081522,0.0001381068596281,0.0001198453799682208,0.0001042888454106423,9.099676117496024e-05,7.960651978160966e-05,6.981855010962158e-05,6.138450535420401e-05,5.409782598159908e-05,4.778616770072327e-05,4.230530075854258e-05,3.753417516657705e-05,3.337091384757624e-05,2.972954735892765e-05,2.653734365439972e-05,2.373261715284324e-05,2.126292533216097e-05,1.908357976661003e-05,1.715641318796418e-05,1.544875569522764e-05,1.393258236303432e-05,1.258380174044176e-05,1.138166050019529e-05,1.030824411030396e-05,9.34805710001089e-06,8.487669471413482e-06,7.715418214673592e-06,7.021154835292278e-06
32,0.1068970666147272,0.1202830425673619,0.1003292093259791,0.07758467878625387,0.058786631817933,0.04440803179973116,0.03366342887116609,0.02567721168035301,0.01972986668324055,0.01527793825208889,0.01192309952933094,0.009376349696962445,0.007428310733680177,0.005926868551843205,0.00476096435443823,0.003849019591568544,0.003130709168573866,0.00256111230308969,0.002106541087403837,0.001741551917133032,0.00144679270807106,0.001207442926474939,0.001012076114288618,0.0008518251487626823,0.000719765673949784,0.0006104577058322568,0.0005196026174317419,0.0004437848120034474,0.0003802759454158313,0.0003268856345018372,0.0002818469270753297,0.000243727924950571,0.0002113632011374992,0.0001838002862790164,0.0001602576927957538,0.0001400918218827116,0.0001227707462085344,0.0001078533424243914,9.497260717479675e-05,8.382226045775944e-05,7.414594424273405e-05,6.572847920361616e-05,5.838876068416749e-05,5.197396572203951e-05,4.63548128707495e-05,4.14216706973041e-05,3.708135294710528e-05,3.325447127273878e-05,2.987324224308375e-05,2.687966569362664e-05,2.422400757358554e-05,2.186353322790631e-05,1.976144724248613e-05,1.788600413460732e-05,1.620976071780504e-05,1.470894624585217e-05,1.336293070545476e-05,1.215377508631664e-05,1.106585027147098e-05,1.008551348728291e-05
33,0.1165996231986147,0.1097696896458747,0.08836015333861826,0.0671244467926958,0.05026274316207846,0.03770047236737032,0.02850212929335619,0.0217713572264471,0.01681590155949683,0.01313412748854068,0.01037003768373273,0.008272159070051537,0.006662407142243922,0.005413911127010038,0.004435575970696123,0.003661412152024716,0.003043162168894085,0.002545188045477979,0.002140907821766789,0.001810295754212045,0.001538116110444444,0.001312665622782477,0.001124870800557782,0.0009676344610539297,0.0008353585368969557,0.0007235925042318855,0.0006287720350012665,0.0005480229763426156,0.000479013023936411,0.000419838510216084,0.0003689372663184669,0.0003250210091687448,0.0002870224728568601,0.0002540537659596463,0.000225373344618682,0.0002003596492938944,0.0001784899336294498,0.0001593231674013528,0.0001424861576227512,0.000127662227696632,0.0001145819419032636,0.0001030154742897448,9.276630641487947e-05,8.366600408690404e-05,7.556987410392365e-05,6.835334166451192e-05,6.190892022356964e-05,5.614367011402302e-05,5.097706173114493e-05,4.633917461196148e-05,4.216917619642357e-05,3.841403408776264e-05,3.502742374382561e-05,3.196880012234434e-05,2.920260717763923e-05,2.669760350454203e-05,2.442628603683514e-05,2.236439668232879e-05,2.049049923430254e-05,1.878561593494933e-05
34,0.1276422234707357,0.1113764177185596,0.08608616204173618,0.06324645270312068,0.04571221893357206,0.03297506786354858,0.02388640524836628,0.01742200765377704,0.01281056047705077,0.009502050658709821,0.00711153268251945,0.005370872614450934,0.004093076673227092,0.003147220581169015,0.002441149329685335,0.001909603973287327,0.001506071414919283,0.001197174005181795,0.0009587916275264817,0.000773368454431544,0.0006280327548025537,0.0005132771103824854,0.0004220267115759305,0.0003489777239745371,0.0002901245711611291,0.0002424200737888956,0.0002035295386464893,0.0001716516651474127,0.0001453872521707441,0.0001236423067936005,0.0001055560642209779,9.044715899237666e-05,7.777310521628682e-05,6.709959710609513e-05,5.807710143435369e-05,5.042289856623838e-05,4.390722008626852e-05,3.834248543443912e-05,3.357489704215429e-05,2.947784100207166e-05,2.594667791236646e-05,2.289461008269671e-05,2.024938665484165e-05,1.795066444323288e-05,1.594788452219697e-05,1.419855645217634e-05,1.2666866216933e-05,1.132254238878638e-05,1.013992918223922e-05,9.097225955890953e-06,8.175861163538605e-06,7.359975323588603e-06,6.635992710548834e-06,5.992265504380233e-06,5.418777313448661e-06,4.90689550537787e-06,4.449163782983482e-06,4.039128041553007e-06,3.671189825318733e-06,3.340482731884201e-06
35,0.1395206857986845,0.1138811759643485,0.08568416025114904,0.0622018061216769,0.044673168220542,0.03210058905909546,0.02319098654918849,0.01688057286098484,0.01239153535975513,0.009177311544112259,0.006858572776776406,0.00517245265537359,0.003936230364606788,0.003022251445267961,0.002340800109266423,0.001828418959674246,0.001439923042460173,0.001142916458167466,0.0009140085661649901,0.0007361891505094141,0.0005969975718398945,0.0004872385315490442,0.0004000760373943909,0.0003303903907539911,0.0002743190552190971,0.0002289267729018888,0.0001919670317866531,0.0001617084678217111,0.0001368076948478585,0.0001162155291161444,9.910738063910888e-05,8.483124192369489e-05,7.286857069505611e-05,6.280467978292574e-05,5.430618106120678e-05,4.710369607878871e-05,4.097852329961251e-05,3.575229594305089e-05,3.127891386052463e-05,2.743821475674019e-05,2.413098342798469e-05,2.127499604342677e-05,1.880186944272657e-05,1.665453983307776e-05,1.478523607853305e-05,1.315384355185593e-05,1.172657785576632e-05,1.047490550871964e-05,9.374662319428094e-06,8.405330669267446e-06,7.54944504285337e-06,6.792101461282582e-06,6.120551404584223e-06,5.523864679673996e-06,4.99264873958716e-06,4.518814373006489e-06,4.09537960065598e-06,3.716305144851237e-06,3.376356063499305e-06,3.070985124457475e-06
36,0.1527573398234023,0.1175238994776317,0.08613073864413533,0.0617573784659593,0.04406662793143355,0.03154644409546503,0.02273784168572339,0.01652512885589714,0.01211693539585112,0.008965807034664831,0.006695167351149992,0.005045435441081236,0.003836752118357461,0.002943710206756012,0.002278283783482684,0.001778263058060775,0.001399378628836344,0.001109906820839072,0.0008869525982063808,0.0007138733723911898,0.0005784831608546154,0.0004717934434572839,0.0003871251314101401,0.0003194785213567885,0.0002650835545897575,0.0002210767778959256,0.0001852678344560266,0.0001559695796706416,0.0001318736767004797,0.000111958895664678,9.542307267070295e-05,8.163229157491046e-05,7.008268093521011e-05,6.037150920650515e-05,5.21751763549981e-05,4.523235242176482e-05,3.933098113797542e-05,3.429820368529322e-05,2.999250194051124e-05,2.62975385743213e-05,2.311730188164042e-05,2.037225943706115e-05,1.799629600719474e-05,1.593426434267496e-05,1.414001735369192e-05,1.257482023871115e-05,1.120606392431186e-05,1.000621853751676e-05,8.951978930194505e-06,8.02356451107534e-06,7.204143558366342e-06,6.479358339203234e-06,5.836932166459476e-06,5.266343291327938e-06,4.758553498042859e-06,4.305781614826458e-06,3.901314019842409e-06,3.539345707864083e-06,3.214846673599346e-06,2.923449323891521e-06
37,0.1664910219789189,0.1212089653177011,0.08657289714786197,0.06128339826354306,0.04342611219980179,0.03096382047987256,0.02226387674596795,0.01615562106268383,0.01183340817859459,0.008749014238491214,0.006528944626814792,0.004917224772930888,0.003737113037452494,0.002865638167862729,0.002216597802183113,0.00172912237680057,0.001359921228619419,0.001077985487587816,0.0008609440852890149,0.0006925407123942193,0.0005608761164925762,0.0004571762065025623,0.0003749234982744352,0.0003092410367208113,0.0002564527225782635,0.0002137675730508021,0.0001790515406097224,0.0001506615445232456,0.0001273239647560525,0.0001080451019701955,9.204475909296068e-05,7.870665012295032e-05,6.754113154115027e-05,5.815701401715234e-05,5.024010707418567e-05,4.353678727996154e-05,3.784133767721365e-05,3.298613559191658e-05,2.883400467599184e-05,2.527222101034933e-05,2.220779059776234e-05,1.956370955587977e-05,1.727598798518634e-05,1.529127041694362e-05,1.356492467184455e-05,1.205950029768984e-05,1.074347998447118e-05,9.590264288439191e-06,8.577342961542828e-06,7.685616158898641e-06,6.898836511103152e-06,6.203149041548128e-06,5.586710586815179e-06,5.039374045814784e-06,4.552425671322009e-06,4.118365901267745e-06,3.7307260403997e-06,3.383914548353578e-06,3.073087846810091e-06,2.794041487392581e-06
38,0.1805512586755857,0.1240688323336613,0.0865169643931146,0.0605364163195195,0.04263089890007332,0.03029065211556135,0.02173598700130992,0.01575392072868395,0.01153092664962195,0.008521455730684257,0.006357049938516712,0.004786498462159203,0.003636885852370376,0.002788121574418865,0.002156110819628101,0.001681507496807604,0.001322118540862426,0.001047727046015185,0.0008365358403642512,0.0006727069644212013,0.0005446482399383815,0.0004438126597667292,0.0003638519778515669,0.0003000163645458587,0.0002487259683344957,0.000207263246729401,0.0001735506194136893,0.0001459887463000614,0.0001233381339041927,0.0001046318928683793,8.911102764858205e-05,7.61761243390057e-05,6.535104659985886e-05,5.625547980303238e-05,4.858403571390082e-05,4.209025172653491e-05,3.6574264218131e-05,3.187325666170872e-05,2.785401580594524e-05,2.440709879154535e-05,2.144223834445974e-05,1.888470478184008e-05,1.667241146037197e-05,1.475360090421659e-05,1.308498678160774e-05,1.163025548543276e-05,1.035885273197765e-05,9.244997088418553e-06,8.266874968607765e-06,7.405981353348826e-06,6.646578003766838e-06,5.97524677215925e-06,5.380520168969981e-06,4.852574914609401e-06,4.382977015594667e-06,3.964469126746035e-06,3.590792725341853e-06,3.25653902918657e-06,2.957023715476015e-06,2.688181400698791e-06
39,0.1946307356180543,0.127769601329064,0.08693016458214115,0.06004366901149792,0.04198603226836325,0.02971386617610383,0.02127342004695464,0.01539810330456818,0.01126144098165291,0.008318026458841147,0.006203033443685633,0.004669167615248926,0.003546797446048393,0.002718352023187042,0.002101597274158332,0.001638538851795737,0.001287960253308754,0.001020350355248245,0.0008144239774909444,0.0006547166857967429,0.0005299106691764499,0.000431661959511328,0.0003537737400498603,0.000291610018798258,0.0002416772045601431,0.0002013236337285502,0.000168522427450321,0.0001417135588841112,0.0001196882380816513,0.0001015037215620383,8.642012850835853e-05,7.385327236880351e-05,6.333921993177734e-05,5.450749143977136e-05,4.706066723182882e-05,4.075877367182556e-05,3.540725633777744e-05,3.084766208147774e-05,2.695037884781389e-05,2.360894777449773e-05,2.073558348162395e-05,1.825762792857325e-05,1.611472952937548e-05,1.425658864435253e-05,1.264114760978675e-05,1.123313138204746e-05,1.000286602048418e-05,8.925318338798551e-06,7.979312382707722e-06,7.14688787559808e-06,6.412773105259836e-06,5.763950419078871e-06,5.189296938179899e-06,4.679286583385431e-06,4.225742247073635e-06,3.82162911191518e-06,3.460881837368762e-06,3.138259705329387e-06,2.849224912614301e-06,2.589840078161035e-06
40,0.2083830415756029,0.1309933067590729,0.08706027799663914,0.05938146329835368,0.0412377079606804,0.02907313272672454,0.0207709232961046,0.01501719017676134,0.01097618381601401,0.008104778742878892,0.006043041089327406,0.004548354026776309,0.003454842196914212,0.002647754924877338,0.002046914165108897,0.00159580605146148,0.001254276326639893,0.0009935769965353507,0.0007929733471013449,0.0006374002757450232,0.0005158316014191064,0.0004201378807367069,0.0003442813025105276,0.0002837446448919574,0.0002351237256701503,0.0001958347100588219,0.0001639025701516604,0.0001378072123415581,0.0001163708247677511,9.867486360879972e-05,8.399847984701881e-05,7.177255093865939e-05,6.154514036162333e-05,5.295537809007331e-05,4.571358479976432e-05,3.958605414579023e-05,3.438333145015181e-05,2.995113271792344e-05,2.61632693683977e-05,2.291610547843958e-05,2.012419264080001e-05,1.771681474225472e-05,1.56352396045161e-05,1.383052261116895e-05,1.226174355506748e-05,1.089458515319011e-05,9.700182292220331e-06,8.654186768747831e-06,7.736004306165081e-06,6.928169875650393e-06,6.215834495407608e-06,5.586342233034789e-06,5.028880466789213e-06,4.534189855755834e-06,4.094323140617903e-06,3.702444008530858e-06,3.352658931655173e-06,3.039876224383398e-06,2.759687632480297e-06,2.508268624910558e-06
41,0.2214496298973942,0.1341076803653225,0.08715949785919562,0.05870505905811257,0.04048427734753168,0.02843222887064781,0.02027029052744479,0.01463860172075944,0.01069303043713707,0.007893199110589416,0.00588427207514242,0.004428384107935892,0.003363431803750348,0.002577478056180627,0.001992387601491165,0.001553113573569252,0.00122055237814385,0.0009667098861697064,0.0007713947010017347,0.0006199356446058119,0.0005015941260230063,0.0004084522341265138,0.0003346289623180223,0.0002757242511546344,0.0002284221618599651,0.0001902058511026867,0.0001591515471768297,0.0001337786735921777,0.0001129401113616001,9.574132650073159e-05,8.148038099805725e-05,6.960314503493468e-05,5.966964259719734e-05,5.132860171339553e-05,4.429808846465243e-05,3.835067996422387e-05,3.330204446187562e-05,2.900209439441442e-05,2.532809396195248e-05,2.217926007700411e-05,1.947251081367858e-05,1.713910046363508e-05,1.512194330040785e-05,1.337347511182139e-05,1.185393675675427e-05,1.052999052644134e-05,9.373600185235807e-06,8.361120869086336e-06,7.472556733803396e-06,6.690953256044493e-06,6.001898055147053e-06,5.393109513280965e-06,4.854096691687248e-06,4.375877348054579e-06,3.950743463092634e-06,3.572065741666001e-06,3.234130186479026e-06,2.932001143029595e-06,2.661406254814154e-06,2.418639602804551e-06
42,0.2334684074873129,0.1375068251869133,0.08747153536748842,0.0581611555142083,0.03982190706376063,0.02785875201394463,0.01982133275926969,0.01430019877906325,0.01044137037311821,0.007706450942564082,0.005745199820911047,0.004324135748571383,0.003284650209748887,0.00251741015052723,0.001946165022329466,0.001517215858121396,0.001192419882801045,0.0009444688376749783,0.0007536629403462547,0.0006056853999040372,0.000490054795423543,0.0003990411944987243,0.000326902042419418,0.0002693400527355749,0.0002231161798368799,0.0001857715666744014,0.0001554265132789555,0.0001306341978863518,0.000110273549161477,9.347028028174005e-05,7.953830250213561e-05,6.793597654075152e-05,5.823323357450491e-05,5.008670813365602e-05,4.322081300784425e-05,3.741324814661197e-05,3.248383842476411e-05,2.828588561939443e-05,2.469943054031091e-05,2.162597479302759e-05,1.898432422273477e-05,1.670729908484633e-05,1.47391175244065e-05,1.303330482539229e-05,1.155101528371659e-05,1.025967947951281e-05,9.131909365219415e-06,8.144608545331462e-06,7.278246575265626e-06,6.516264916605579e-06,5.84458899623845e-06,5.251226106170516e-06,4.725933007594887e-06,4.259940336882433e-06,3.845723456618503e-06,3.476811406641833e-06,3.147627206583928e-06,2.853354033377254e-06,2.589822814451641e-06,2.353417593887538e-06
43,0.2440669061241205,0.1397806470692785,0.08711854824294087,0.05721127074181837,0.03889741047846375,0.0271082219293828,0.01924863945391038,0.0138730401315335,0.01012473903720417,0.007471361200822086,0.005569668936826407,0.004192067103735908,0.00318441659974959,0.002440641156048934,0.001886823188951514,0.001470925430373144,0.001155988921890397,0.0009155516821471726,0.0007305221259753708,0.0005870233670728748,0.0004748944239742598,0.0003866405356779175,0.0003166930789467824,0.0002608844193139543,0.000216072920347714,0.0001798734848945198,0.0001504626980334486,0.0001264370140539688,0.0001067088808774433,9.043015905024366e-05,7.693529656595914e-05,6.569889015952435e-05,5.6303787413737e-05,4.841695964507568e-05,4.177113879166587e-05,3.615075599442219e-05,3.138111005490517e-05,2.73199755508176e-05,2.385106458705048e-05,2.087890506001066e-05,1.832480750025203e-05,1.612367307433275e-05,1.422145503193201e-05,1.257313040281065e-05,1.114107212473899e-05,9.893736941521468e-06,8.80460347379877e-06,7.851309385656109e-06,7.014947685992189e-06,6.279490755379988e-06,5.631317299960699e-06,5.058822568256982e-06,4.552096172613254e-06,4.102654996169951e-06,3.703221136932025e-06,3.3475367931038e-06,3.030209543312818e-06,2.746582709711416e-06,2.492626479048431e-06,2.264846249088811e-06
44,0.2528416361119366,0.1419229214239777,0.08701241710695512,0.05654200323963968,0.03820872946069823,0.0265403241266238,0.01881353013689543,0.01354866157025289,0.009884887671072904,0.007293867754266382,0.005437619878640101,0.004093073191020003,0.003109546481065184,0.002383484837912544,0.001842773637431483,0.001436656137575292,0.001129082569494517,0.0008942385545958411,0.0007134961871376841,0.0005733126953893222,0.0004637695671371968,0.0003775493373411522,0.0003092140429724283,0.0002546931135186932,0.0002109176015869418,0.0001755572841638678,0.0001468305020595672,0.0001233657316659425,0.000104100165637271,8.820492692519427e-05,7.502956482956299e-05,6.406059580051151e-05,5.489033696462029e-05,4.719332910303372e-05,4.07083901951743e-05,3.522487178778685e-05,3.057207148419021e-05,2.661102969369465e-05,2.322813812880815e-05,2.033013293405604e-05,1.784015197072403e-05,1.569461443500143e-05,1.384073932125884e-05,1.223456274562106e-05,1.08393467651854e-05,9.624296919256493e-06,8.563524354921526e-06,7.635202595251648e-06,6.820879876825768e-06,6.104916345120952e-06,5.474021860583163e-06,4.916875188866912e-06,4.423809265927063e-06,3.986550298398944e-06,3.598000875675754e-06,3.252059179451763e-06,2.943467891582624e-06,2.667687608056843e-06,2.420790532001249e-06,2.199370993252038e-06
45,0.2593553754772767,0.1429994647808513,0.08644355144636194,0.05566215284535454,0.03741730608995569,0.02591960119353521,0.01835047608183332,0.01320943430742486,0.009637344034535828,0.007112684837357898,0.005304140197787535,0.003993912435835361,0.003035193217750153,0.002327187353437093,0.001799723989137212,0.001403411689843283,0.001103161414712329,0.0008738377219909018,0.0006972952471513556,0.0005603364369577981,0.0004532915251992699,0.000369023635823238,0.0003022269411547981,0.0002489283292186356,0.00020613131969614,0.0001715600142956867,0.0001434738098637209,0.0001205324607775819,0.0001016971766189917,8.61576637705968e-05,7.327795787316479e-05,6.255594892404465e-05,5.359294503060655e-05,4.607064106882451e-05,3.973358295107177e-05,3.437573535125764e-05,2.983013188162141e-05,2.596085453777129e-05,2.265678356028125e-05,1.982670065374388e-05,1.739543254012359e-05,1.530079858247703e-05,1.349118316361997e-05,1.192359598753251e-05,1.056211533569972e-05,9.376633338243149e-06,8.341840533134248e-06,7.436400863935624e-06,6.642278892937064e-06,5.944189183646427e-06,5.329144129001791e-06,4.786081412813671e-06,4.305556124114092e-06,3.879485547493574e-06,3.500937016446729e-06,3.163951085099472e-06,2.863393756306532e-06,2.594832685227159e-06,2.354433221989209e-06,2.138870915115053e-06
46,0.2632161426004886,0.1429735217397348,0.08548176168638062,0.05464730919494237,0.036580810313269,0.02528540332890724,0.01788498022386793,0.01287136393637378,0.009391866800005678,0.006933551259666636,0.005172421211718377,0.003896186265470513,0.002961985519536123,0.002271799561876532,0.001757397743057401,0.001370745256087899,0.001077705036371933,0.0008538132142248035,0.0006814011737302112,0.0005476121503780303,0.0004430217720569899,0.0003606712203263725,0.0002953848863928324,0.0002432856589516203,0.000201448409205194,0.0001676507044967503,0.0001401923317813337,0.0001177638038450946,9.934993920609517e-05,8.415870530868981e-05,7.156836788093199e-05,6.108798558453928e-05,5.232769278092146e-05,4.497620528834115e-05,3.878368876714073e-05,3.354863268504376e-05,2.910773419725099e-05,2.532805716695389e-05,2.210092093470565e-05,1.933711168343362e-05,1.696311071388313e-05,1.491810883781613e-05,1.315163167947594e-05,1.162164215419946e-05,1.02930175133198e-05,9.136321817649991e-06,8.126812499528701e-06,7.243633236961417e-06,6.469155751840346e-06,5.788441139684102e-06,5.188797521312944e-06,4.659415610390355e-06,4.191067539400424e-06,3.775857224871727e-06,3.407012865502751e-06,3.078713994938512e-06,2.785946961694407e-06,2.524383864500372e-06,2.290280895600532e-06,2.080392786375249e-06
47,0.2642766586797132,0.1425882505801399,0.08453357577784877,0.05368615038471057,0.03579125776638414,0.02468764514779822,0.01744718627760127,0.01255424806482066,0.009162219619790576,0.006766386035672664,0.005049773838146168,0.00380536267495686,0.002894055107909461,0.002220467993010523,0.001718206721768814,0.001340516049542725,0.001054154104371359,0.000835286772568798,0.0006666913373777873,0.0005358289886584105,0.0004335037750752069,0.0003529222588080097,0.0002890295337045153,0.0002380373082638515,0.0001970863580371282,0.0001640035622333226,0.0001371259139551949,0.0001151722313088037,9.714904225626148e-05,8.228109723788603e-05,6.995973640514682e-05,5.970427926811858e-05,5.11329700717581e-05,4.394097777749115e-05,3.788363582161266e-05,3.276359719719111e-05,2.842093267339952e-05,2.47254544000985e-05,2.157073192819675e-05,1.886940261803075e-05,1.654947749915934e-05,1.45514168131967e-05,1.282580379570455e-05,1.133148580675585e-05,1.003408235631281e-05,8.904782534980355e-06,7.919371777469167e-06,7.057441162656027e-06,6.301742625007006e-06,5.637661281653244e-06,5.052782135083942e-06,4.536533116715323e-06,4.079890109025715e-06,3.675132462741906e-06,3.315639791792831e-06,2.995722620107262e-06,2.710480875990002e-06,2.455685362447091e-06,2.227678237601855e-06,2.023289266335781e-06
48,0.2628706815504405,0.1411008612795036,0.08319023655331954,0.0525770766117102,0.03494516832838035,0.02407032990918853,0.01700560821887102,0.01224006708559946,0.008938134657566096,0.006605510762831282,0.004933267357360984,0.003720149691849031,0.002831069005354208,0.002173399569000774,0.001682640398846427,0.001313340170240366,0.001033159167453796,0.0008188911220227057,0.000653753098428475,0.0005255164770295975,0.0004252056965307293,0.0003461851084299203,0.0002835136806497834,0.0002334859843008397,0.0001933036061314114,0.000160838442568916,0.0001344611063310565,0.0001129157458957339,9.522814259965443e-05,8.063780860653495e-05,6.854749838110858e-05,5.848543031849956e-05,5.007684165064032e-05,4.30224384376963e-05,3.708197016166415e-05,3.206163590095998e-05,2.780437231512315e-05,2.418232177382483e-05,2.109095928073526e-05,1.844448861467171e-05,1.617221493861529e-05,1.421567266996949e-05,1.252634055499498e-05,1.106381558933508e-05,9.794347237345644e-06,8.689655906175291e-06,7.725976705147102e-06,6.883282541984861e-06,6.144650586169227e-06,5.495743813830668e-06,4.924385293517445e-06,4.420207492588517e-06,3.974362490953541e-06,3.579281816890878e-06,3.228476846277862e-06,2.916372466831868e-06,2.638168106087203e-06,2.389721335015995e-06,2.167450149470977e-06,1.968250746209422e-06
49,0.259874916636076,0.1399104714369794,0.08212493461089546,0.05164670325842745,0.03421663977010613,0.02353434996359212,0.01662245579670532,0.01196895099994065,0.008746396762794737,0.006469302196470588,0.004835817280523427,0.003649832170623447,0.002779851716337039,0.002135722413177046,0.001654637236090743,0.001292306991715035,0.001017192230831381,0.0008066405226988299,0.0006442544063365601,0.0005180752029498315,0.0004193176152869701,0.0003414810160123567,0.0002797208757886001,0.0002304012519957212,0.000190774150846385,0.0001587483444649391,0.0001327216354853497,0.0001114583867494472,9.399953366184167e-05,7.959604403502136e-05,6.765940421445455e-05,5.772454291255137e-05,4.942189553126606e-05,4.245622633371297e-05,3.659047692064538e-05,3.163337542941624e-05,2.742987612711176e-05,2.385374158813426e-05,2.080175604054944e-05,1.818918746918867e-05,1.59462109274717e-05,1.401507565120417e-05,1.234785071140849e-05,1.090462291619399e-05,9.65204995519504e-06,8.562193898060302e-06,7.611576949805451e-06,6.780414177255995e-06,6.051987743523158e-06,5.412134754693886e-06,4.8488266797452e-06,4.351822858289945e-06,3.912384166757003e-06,3.523035702497557e-06,3.177369541715977e-06,2.869880363951117e-06,2.595828114669684e-06,2.351122976367529e-06,2.132228797530214e-06,1.936081834421197e-06
50,0.2564522103636221,0.138422656205202,0.08090304174067248,0.05064681655509364,0.03345800380991179,0.02298464462630246,0.01623236854801607,0.01169384543696361,0.008552066895278588,0.006331254457907775,0.004736992858086739,0.003578461281708733,0.002727819316805683,0.002097413993410197,0.00162614719532824,0.00127090103488491,0.001000942723908611,0.0007941785064983648,0.0006346002123779063,0.000510522167562254,0.0004133518113168621,0.0003367255315213699,0.0002758969053567751,0.0002273007620140696,0.0001882405541883612,0.000156662747680726,0.0001309929847578357,0.0001100163574415137,9.278936223588073e-05,7.857474375930353e-05,6.679297313749692e-05,5.69858881502862e-05,4.878927823203883e-05,4.191208778948131e-05,3.612054568459035e-05,3.122598310834636e-05,2.707542925850019e-05,2.354431110821055e-05,2.053075597625266e-05,1.795112180609267e-05,1.573647292950994e-05,1.382978780505291e-05,1.218373633951763e-05,1.075890263150789e-05,9.522357719637247e-06,8.446508640500871e-06,7.508166601598034e-06,6.687789669898325e-06,5.968865038436879e-06,5.337403379735091e-06,4.781523560456606e-06,4.291110476033641e-06,3.857532267080694e-06,3.473405927649862e-06,3.132402480385119e-06,2.829084606068183e-06,2.558770974839451e-06,2.317422610265631e-06,2.101547484594758e-06,1.908120239817167e-06
51,0.2536147933863034,0.1373183102816591,0.07990484341579379,0.04979356448580614,0.03280433690057283,0.02251271919447281,0.01590062730437397,0.01146280854958772,0.00839123665817207,0.00621884893649517,0.004657940270530084,0.003522450023460957,0.002687807965680151,0.002068582431204435,0.001605181130340641,0.001255509216721983,0.000989531759827504,0.0007856333575513472,0.0006281354561867337,0.0005055807584505251,0.0004095358405889723,0.0003337486398348107,0.0002735514107210325,0.0002254348341760442,0.0001867422789847274,0.0001554489386469033,0.0001300012813558018,0.0001091996100303258,9.21116163780907e-05,7.800834917766544e-05,6.631648801592287e-05,5.658254922612023e-05,4.844587585583679e-05,4.161813268619007e-05,3.586764720603485e-05,3.100738185136285e-05,2.688564312318466e-05,2.337886529794922e-05,2.038597554467933e-05,1.782397113436992e-05,1.562443066106531e-05,1.373074875388649e-05,1.209593405715616e-05,1.068084790118156e-05,9.452789409471943e-06,8.384354207316934e-06,7.452510176401252e-06,6.637846134750481e-06,5.923958864800368e-06,5.296951271449635e-06,4.745020152643008e-06,4.258116500806605e-06,3.827664720023906e-06,3.446329864452969e-06,3.107824147471147e-06,2.806745667388216e-06,2.538443642988638e-06,2.298905526483914e-06,2.084662221186319e-06,1.892708321680097e-06
52,0.2519496840867124,0.1361132122012063,0.07876698048556945,0.04885453033582639,0.03210167297286354,0.02201180336756051,0.01555069713249399,0.0112197464026442,0.008222145642827175,0.006100617434539235,0.004574702256948704,0.003463389532582229,0.002645549209181751,0.002038077222483224,0.001582956619912582,0.001239162403104948,0.0009773896319516073,0.0007765236175414835,0.0006212311442326753,0.0005002944437215664,0.0004054472044629337,0.0003305546607096652,0.0002710319183980336,0.0002234285646056894,0.0001851301363508653,0.0001541422280493532,0.0001289333863042582,0.0001083200694573167,9.138188191546671e-05,7.739872554345151e-05,6.580391126006138e-05,5.614896189598055e-05,4.807703007622726e-05,4.130270197167628e-05,3.559656248999528e-05,3.077333145249549e-05,2.668269339902321e-05,2.320217076202057e-05,2.023155576429919e-05,1.7688537824488e-05,1.550525276936753e-05,1.362554649648128e-05,1.200279516384438e-05,1.059816101096274e-05,9.379190794287283e-06,8.31868491814416e-06,7.393781388331003e-06,6.585210979320534e-06,5.876689423787017e-06,5.254419699184995e-06,4.706683117511256e-06,4.223502308267692e-06,3.796362612117682e-06,3.417981093723218e-06,3.082114503666966e-06,2.783399198424823e-06,2.517217361451807e-06,2.279584932445512e-06,2.067057503548757e-06,1.876651125432461e-06
53,0.2517105894672118,0.1357074339990122,0.07810868168010744,0.0482529919606349,0.03165026561847602,0.02169968275514702,0.01534267868671715,0.01108353925186739,0.00813385389349071,0.006043849539027411,0.004538545411900889,0.003440660687051973,0.002631538150336701,0.002029698480462532,0.001578190174092594,0.001236687358896633,0.0009763443758869604,0.0007763484825003562,0.0006215649602109388,0.0005009063856354872,0.0004061918355286067,0.000331342261513441,0.0002718089107831451,0.0002241646120961772,0.0001858096639090448,0.0001547588675387782,0.0001294863578172549,0.0001088118418947794,9.181667705009324e-05,7.77815763740608e-05,6.614008285179744e-05,5.644360765020645e-05,4.833499943604424e-05,4.15284442050928e-05,3.579409022481911e-05,3.094622027176716e-05,2.683410217822155e-05,2.333487296208194e-05,2.034797553647951e-05,1.779078716729264e-05,1.559516752664879e-05,1.370471998128664e-05,1.207260882275848e-05,1.065981193386427e-05,9.433716108055957e-06,8.36698323529269e-06,7.43663154947122e-06,6.62328835595992e-06,5.910580051019958e-06,5.28463249666472e-06,4.733660438259303e-06,4.247629032555974e-06,3.817973980405443e-06,3.437369449963953e-06,3.099535099062853e-06,2.799075186314842e-06,2.531344096624104e-06,2.292333672754575e-06,2.078578598191162e-06,1.887076762441666e-06
54,0.2531167122637552,0.1358938792505323,0.07772867583494621,0.04783364999246956,0.03133421050414452,0.02149026191066109,0.01521250775290131,0.01100629954197782,0.00809034093043659,0.006021252086659626,0.00452862572533453,0.003438215230894954,0.002633318464287803,0.002033700807690969,0.001583198478087287,0.001241981622455906,0.0009815148250376996,0.0007811774020774202,0.0006259516607550626,0.0005048197593321097,0.0004096405649047361,0.000334356314985406,0.0002744282356983323,0.0002264323948115228,0.0001877684652237656,0.0001564485475658096,0.000130943095799189,0.0001100678093856906,9.290008607751699e-05,7.871692919655056e-05,6.694851718589097e-05,5.714327404585528e-05,4.894143447703914e-05,4.205492002517611e-05,3.62519311169272e-05,3.13450832993511e-05,2.718222220882285e-05,2.363927442362223e-05,2.061465408031787e-05,1.802486471267762e-05,1.580102411314709e-05,1.388610562728635e-05,1.223273827573057e-05,1.080144485899476e-05,9.559224928707271e-06,8.478410528751865e-06,7.535738622493631e-06,6.711596379095846e-06,5.989404917868964e-06,5.355114391651372e-06,4.79678894114103e-06,4.304264456332373e-06,3.868865528366073e-06,3.483170684305955e-06,3.140817135166323e-06,2.836337961051065e-06,2.565026003981459e-06,2.322819813885929e-06,2.106207854265124e-06,1.912147866197886e-06
55,0.2565098366394418,0.1364969122326258,0.07760997890817747,0.04765119242759598,0.03122014518261487,0.02144200762120303,0.01520650848886703,0.01102333645164564,0.008118147064644905,0.006052718629459648,0.004559893576755696,0.003467348448786556,0.002659480913545264,0.002056665816540998,0.001603062035846616,0.001258996737872786,0.0009959974504930936,0.000793454522542539,0.0006363341244643548,0.0005135894841157839,0.0004170459338334487,0.0003406120721900558,0.000279717696838642,0.0002309106961724397,0.0001915661256764746,0.0001596749488675337,0.0001336896838299976,0.0001124109339068072,9.490346149245991e-05,8.043373343452196e-05,6.842316247464662e-05,5.841288955920974e-05,5.003710125186201e-05,4.300269593283251e-05,3.707369969395965e-05,3.205925583808255e-05,2.780431819758435e-05,2.41824014678096e-05,2.108990493762684e-05,1.844164606132426e-05,1.616732911776943e-05,1.420874022890141e-05,1.251750935701022e-05,1.10533169713625e-05,9.782451064154158e-06,8.676641433065228e-06,7.712114339960165e-06,6.868823059624628e-06,6.129819379069019e-06,5.480738488504567e-06,4.90937543628445e-06,4.405335789684268e-06,3.959746643731144e-06,3.565016872791138e-06,3.214637692697609e-06,2.903016323494267e-06,2.625336913052863e-06,2.377443975908722e-06,2.15574447840644e-06,1.957125406284132e-06
56,0.2622469822885824,0.1382591740969759,0.0781410823224901,0.04789459763860021,0.03140575852872864,0.02161048190054617,0.01535936430760395,0.01115794731075658,0.00823374082926666,0.006150288839381051,0.004641349185184037,0.003534893628915823,0.002715274269619674,0.002102663270250489,0.001640962035753796,0.001290237386882037,0.001021777443630695,0.0008147630599518056,0.000653982335387242,0.0005282398591146884,0.0004292383429261147,0.0003507860079639376,0.0002882308959268934,0.0002380545159749756,0.0001975781250571253,0.0001647491173921184,0.0001379847248911879,0.0001160569546885368,9.800736848329348e-05,8.308358159765319e-05,7.069166152562256e-05,6.036023269629891e-05,5.171324987438261e-05,4.444922772561882e-05,3.832530617301191e-05,3.314495826454196e-05,2.874845696008628e-05,2.500544298287905e-05,2.180910129538425e-05,1.907157561064291e-05,1.672034058233062e-05,1.469531848286127e-05,1.294657743284262e-05,1.143248603638615e-05,1.011822783784557e-05,8.97460070665679e-06,7.97704280964021e-06,7.10483952096366e-06,6.340475394593006e-06,5.669102886321438e-06,5.07810538868876e-06,4.55673672766386e-06,4.095822863233925e-06,3.687514363168037e-06,3.325080452350946e-06,3.002737210814638e-06,2.715503902946955e-06,2.459082546181977e-06,2.229756730014496e-06,2.024306422220015e-06
57,0.2704863853515,0.1404263483774401,0.07905336474051904,0.04853720275726577,0.03194205426328899,0.0220603931692131,0.01572911082174277,0.01145700565315913,0.00847348198094309,0.00634174259734829,0.004794141334862521,0.003656985871336667,0.002813070860426848,0.002181242167937026,0.00170432159754885,0.001341517180841689,0.001063441918074033,0.0008487489526204288,0.0006818148145279937,0.0005511231571008341,0.0004481261563903419,0.0003664360836325249,0.0003012473519436451,0.0002489206878964291,0.0002066821020679308,0.0001724036393872255,0.0001444427251880752,0.0001215237351748672,0.0001026501651612094,8.703910319662104e-05,7.407204972981257e-05,6.325778990261091e-05,5.420420181020219e-05,4.659672800430044e-05,4.018184359736123e-05,3.475429209147204e-05,3.014717789407104e-05,2.62242364563845e-05,2.287377316393409e-05,2.000388762894633e-05,1.753869308992473e-05,1.54153099669377e-05,1.358146455811924e-05,1.199356295826042e-05,1.061513985469653e-05,9.41560433611393e-06,8.369222019140276e-06,7.454285971356047e-06,6.652439063344374e-06,5.948118243494671e-06,5.328097341586364e-06,4.781109779806788e-06,4.297536311782504e-06,3.869145855807626e-06,3.488879816289218e-06,3.150672134089681e-06,2.849298776848479e-06,2.580251555421726e-06,2.339632094928787e-06,2.124062547223462e-06
58,0.2809112397836386,0.1427272018354634,0.08015814019520003,0.04944655061746719,0.03273430248127801,0.02272374645959539,0.01626702172593638,0.01188564248842901,0.0088124171805073,0.006609200211557409,0.005005433258610021,0.003824387553132771,0.002946207439681051,0.002287585865760618,0.001789652808711369,0.001410307395339241,0.001119156769277476,0.0008940826298090239,0.0007188694533571259,0.0005815455283292854,0.0004732117306964289,0.0003872083510996069,0.0003185184210777365,0.0002633377222192492,0.0002187630263352704,0.0001825646961211047,0.0001530198231819351,0.000128789053398533,0.0001088251177635651,9.230450344355699e-05,7.857610976231287e-05,6.712244206942057e-05,5.753011334756595e-05,4.94672946079824e-05,4.266638199224601e-05,3.691060187608201e-05,3.202360486887747e-05,2.786134046121448e-05,2.430568100031586e-05,2.125939431416587e-05,1.864216126652466e-05,1.638740685779423e-05,1.443976771913356e-05,1.275305971106696e-05,1.128864027911767e-05,1.001408375952656e-05,8.902105822220616e-06,7.92968705591517e-06,7.077356358573871e-06,6.328603053883186e-06,5.669393079169088e-06,5.087769609950672e-06,4.573522424352893e-06,4.117913412310791e-06,3.713448086993164e-06,3.353684902395153e-06,3.03307573169496e-06,2.746832100703192e-06,2.490812765371324e-06,2.261429023049017e-06
59,0.2922496590034263,0.1451548614282542,0.08173604804190739,0.05091484305199136,0.03402333339441973,0.02378587377416634,0.01711247489917459,0.01254801534542512,0.009328432540890663,0.007011121233735952,0.005319331910582158,0.004070572550366548,0.00314024479769084,0.002441334487034489,0.001912140075951609,0.001508419050401278,0.001198163590110273,0.0009580368358271768,0.0007709014021859603,0.0006240855673736812,0.0005081563444490366,0.0004160449652422309,0.0003424195099708648,0.000283232074528057,0.0002353899584456157,0.0001965154864300779,0.0001647695292807056,0.000138721059911789,0.0001172501647290144,9.947550484522517e-05,8.46997465040234e-05,7.236827236844915e-05,6.203776382710926e-05,5.335216099234332e-05,4.602416740826601e-05,3.982094468166375e-05,3.455299031977537e-05,3.00654467233667e-05,2.623127657051093e-05,2.294587827210461e-05,2.012281804528756e-05,1.769043196712507e-05,1.558910902167173e-05,1.376910963378596e-05,1.218880713468556e-05,1.081326469530474e-05,9.613079458027954e-06,8.563440347884901e-06,7.643357430124079e-06,6.83502950794222e-06,6.12332352621592e-06,5.495344719444857e-06,4.940080659055676e-06,4.448105678303391e-06,4.01133478180825e-06,3.62281823416182e-06,3.276569685612685e-06,2.967422023394751e-06,2.690906205166293e-06,2.443149191038714e-06
60,0.3015343904126358,0.1469671109798106,0.08356965967980265,0.05285776342217291,0.03576361915912779,0.02521572715450978,0.01824181926983883,0.01342532812419218,0.01000637287405546,0.007535233892207048,0.005725891824326937,0.00438748090561804,0.003388650864670367,0.002637192175170857,0.00206748627949934,0.001632361109839627,0.001297621691722083,0.001038295693414806,0.0008360186041360269,0.000677193885832043,0.0005516880949401023,0.0004518991417860248,0.0003720868501538253,0.0003078891021942885,0.0002559700603152242,0.0002137629106667481,0.0001792806237780847,0.0001509759293346907,0.0001276370972849836,0.0001083099154754218,9.223894041176453e-05,7.882300696844374e-05,6.758134633236917e-05,5.812763998007805e-05,5.015004324882117e-05,4.339572368011938e-05,3.765883209049965e-05,3.277109733181362e-05,2.859443667141004e-05,2.501512241714612e-05,2.19391559895224e-05,1.928858328802072e-05,1.699854727358719e-05,1.501492054178399e-05,1.329239619412917e-05,1.179294239028359e-05,1.048454668940573e-05,9.340192225822754e-06,8.337020072736936e-06,7.455641695023981e-06,6.679572828917485e-06,5.994765942934452e-06,5.389223002032428e-06,4.852673857943178e-06,4.376308438362013e-06,3.952553171335601e-06,3.574883885875202e-06,3.237668873707789e-06,2.93603695630132e-06,2.665766335124216e-06
61,0.3021443206787821,0.1474513891128183,0.08584461610707192,0.05554989252420806,0.03819223609894413,0.02720109810921333,0.01980065032320458,0.01462988813225933,0.01093291545840806,0.008248636341987766,0.006277275333019889,0.004815861659908508,0.003723423670182344,0.002900418477948285,0.002275737467691202,0.001798125833186675,0.001430355247976485,0.001145194862093439,0.0009225921251573374,0.000747682846962229,0.0006093766292135008,0.0004993450007067669,0.0004112933323266906,0.0003404339116707279,0.000283102398296912,0.0002364770267595787,0.0001983718355577709,0.0001670835181519734,0.0001412773289339608,0.0001199015915619364,0.0001021232709457855,8.727914342362668e-05,7.483858188226141e-05,6.437503741529461e-05,5.554406791368294e-05,4.806632184429467e-05,4.171429232681283e-05,3.630195485781523e-05,3.167662176556765e-05,2.771250919707713e-05,2.430563354287761e-05,2.136974478734727e-05,1.883307235910153e-05,1.663571048194693e-05,1.4727509053902e-05,1.306636583765348e-05,1.161683853674388e-05,1.034901286621407e-05,9.237576275765659e-06,8.261057498264135e-06,7.401200290334655e-06,6.642446143245587e-06,5.971505779008503e-06,5.377003218827826e-06,4.849179355626539e-06,4.379644461040987e-06,3.961171049899257e-06,3.587520119883694e-06,3.253295064698973e-06,2.953818590929876e-06
62,0.2808899844455677,0.1433768883361462,0.08728040364184607,0.05824311909242109,0.04080076982321938,0.02938214545552982,0.02153151805340944,0.01597660316792997,0.01197438384313026,0.009054277300694448,0.006902600951390305,0.005303610872366703,0.004106001742995071,0.003202275428917236,0.002515325983708122,0.001989413421588258,0.001583960507605561,0.001269231529851017,0.001023293741748986,0.0008298652530642792,0.0006767812997773311,0.0005548949106822192,0.0004572845106133702,0.0003786795584358403,0.000315041870631372,0.0002632586871578958,0.0002209163609692968,0.0001861325292814723,0.0001574309353569763,0.0001336475254267088,0.000113859605608956,9.733209534923396e-05,8.347652579599215e-05,7.181959101785953e-05,6.197889814863634e-05,5.364417148844395e-05,4.656261022199007e-05,4.052742571816136e-05,3.536882505257836e-05,3.094688581058982e-05,2.714590015063902e-05,2.386986562704423e-05,2.103887514482186e-05,1.858621502111784e-05,1.645602311881875e-05,1.46013918220147e-05,1.298282576742988e-05,1.156698360469302e-05,1.032564802730249e-05,9.234879939848471e-06,8.274321690498123e-06,7.426621393483128e-06,6.676955943537208e-06,6.012634724841808e-06,5.422769502391507e-06,4.897998754332396e-06,4.430256914251873e-06,4.012580762080192e-06,3.638946623938618e-06,3.30413318718394e-06
63,0.2265616843842949,0.1331505619123527,0.08726761312813852,0.0605109037330102,0.04326838313128741,0.03151956956440938,0.02325677672094092,0.0173333732001667,0.01303204212432844,0.009877853842494407,0.007545522779378204,0.0058076540541675,0.004503184675069424,0.003516962765080168,0.002766040037574005,0.002190265333182084,0.001745741285693553,0.001400231204090317,0.001129912944030099,0.0009170715123164801,0.0007484501346866595,0.000614065659522798,0.0005063530033168135,0.0004195438828635952,0.0003492131775930271,0.0002919458288366396,0.0002450908578158012,0.0002065786800156717,0.0001747846537834262,0.0001484265831343353,0.0001264872922806449,0.0001081558141057253,9.278247332239726e-05,7.984439755296748e-05,6.8918896337914e-05,5.966280781147469e-05,5.179639518055422e-05,4.509072964608405e-05,3.935775822809857e-05,3.444244929258322e-05,3.0216553537905e-05,2.657362685598022e-05,2.342504332236184e-05,2.069678850183785e-05,1.832687034245894e-05,1.626322089361287e-05,1.446198967364567e-05,1.288615077172822e-05,1.150436222003303e-05,1.029002895651448e-05,9.220530673845368e-06,8.276583664748628e-06,7.441711920034654e-06,6.701807587921798e-06,6.044764748381499e-06,5.460173514488309e-06,4.939063913806796e-06,4.473690958063466e-06,4.057353880753265e-06,3.684243789446609e-06
64,0.1544673576974399,0.118053553812358,0.08581090651660735,0.06238741570762889,0.0456891312196528,0.03371906717599223,0.0250711052323292,0.01877801464233604,0.01416762536678275,0.01076769731776124,0.008243773081648222,0.006357517328401814,0.004938188143151998,0.003862842540538762,0.003042494870015855,0.002412388929601514,0.001925134391472675,0.001545846520284888,0.001248691484027757,0.001014420753947697,0.000828603641533701,0.0006803542884737215,0.0005614101839769801,0.0004654616430148673,0.000387661257936098,0.0003242630331525262,0.0002723554324600996,0.0002296627860902516,0.0001943967198222275,0.0001651443833638937,0.0001407838962895015,0.0001204200332173721,0.0001033350399262978,8.895082171677978e-05,7.679972407043849e-05,6.65018389472521e-05,5.774729246140319e-05,5.028235417676827e-05,4.389849266822478e-05,3.842371339946284e-05,3.37156728773021e-05,2.965618156284227e-05,2.614679739962629e-05,2.310527953861731e-05,2.046272338415348e-05,1.816123749458204e-05,1.615205313591755e-05,1.439398062918938e-05,1.285214471165692e-05,1.149694519333067e-05,1.030320017062142e-05,9.249437667461039e-06,8.317308349400911e-06,7.491097308665128e-06,6.757317162338959e-06,6.104368083478329e-06,5.522253082399007e-06,5.002339017147423e-06,4.537155550410289e-06,4.12022567244461e-06
65,0.09587832043900731,0.1039972231486766,0.08415419447943218,0.06411766859572363,0.04806809343723725,0.0359311264407268,0.0269204469149407,0.02026474811718768,0.01534544365082138,0.01169693269128604,0.008977433433137814,0.00693854719726027,0.005400268678267023,0.004232050535741346,0.003338939273735272,0.00265158238783131,0.002119074563324842,0.00170384672728703,0.001378011975395578,0.001120746799806333,0.0009164077207091209,0.000753171079929032,0.0006220460336638478,0.0005161547255539475,0.0004302045389250814,0.0003600990708401476,0.0003026497811391692,0.0002553610752658465,0.000216269229426437,0.0001838210019129463,0.0001567816519018095,0.0001341648651851855,0.0001151790858370157,9.918619873344572e-05,8.566955844594512e-05,7.420912710384339e-05,6.446204663957383e-05,5.614738580486601e-05,4.903410981336218e-05,4.293154938525124e-05,3.768181722985378e-05,3.31537487355785e-05,2.923804085719018e-05,2.584333695060956e-05,2.289306152010023e-05,2.032285187563572e-05,1.807846678382815e-05,1.611407774188195e-05,1.439086831103416e-05,1.287588236592465e-05,1.154107416898177e-05,1.036252263642977e-05,9.31977961212039e-06,8.395327855361776e-06,7.574129122862565e-06,6.843246447187875e-06,6.191527688901855e-06,5.60933982510184e-06,5.088345356445537e-06,4.621313764149246e-06
66,0.06068121826385137,0.09278433514498832,0.08259553435499389,0.0656628469590652,0.05029543394050173,0.0380450886877976,0.02871076733499085,0.02171804411349688,0.01650605184557776,0.0126190390566465,0.009710062866838658,0.007522082470232652,0.005866759563633765,0.004606550850452119,0.003640931510260805,0.002896209457472227,0.002318128869825983,0.001866540123161935,0.001511567304272934,0.00123085019314993,0.00100755421058245,0.0008289290935829971,0.0006852603455384724,0.000569102692524271,0.0004747168018102711,0.0003976531528511122,0.0003344429472917274,0.0002823672677803196,0.0002392837324945568,0.0002034956165198829,0.0001736525041621896,0.0001486744752889992,0.0001276939486891029,0.0001100108416252429,9.505782324552246e-05,8.237325781143471e-05,7.158003526685717e-05,6.236893105731233e-05,5.448546696740851e-05,4.77194907661744e-05,4.189687681359511e-05,3.687288858696154e-05,3.252684907274354e-05,2.875784473821819e-05,2.548124967468424e-05,2.262590316759381e-05,2.013180987036153e-05,1.794825952689123e-05,1.603228474178529e-05,1.434739209486906e-05,1.286251503925905e-05,1.155114734476171e-05,1.039062398667935e-05,9.361522820081741e-06,8.447165494154981e-06,7.633200137566426e-06,6.907251605912059e-06,6.258627698508767e-06,5.678071858194609e-06,5.157554569219394e-06
67,0.04288866232085196,0.085994148373327,0.08237533954300795,0.06768200257998117,0.05272519528731506,0.04026820915801249,0.03057450151148046,0.02322836865358033,0.01771409766826115,0.01358160031686485,0.01047739345275102,0.008135348386507825,0.006358644018985856,0.005002674282738518,0.003961292817087188,0.00315641738665966,0.00253038918602932,0.002040425878556743,0.001654613032827579,0.001349008412907833,0.001105545996219267,0.0009105136948265849,0.0007534430543686539,0.0006262955805012751,0.000522863420667119,0.0004383256108537225,0.0003689177485170292,0.0003116847736429631,0.0002642949518153641,0.0002248991588906518,0.0001920238711890097,0.0001644893629932338,0.0001413468526631962,0.00012182996512156,0.0001053170652307468,9.130188664525382e-05,7.937052165259751e-05,6.918331191064096e-05,6.046053279029443e-05,5.297102764421024e-05,4.652314621060491e-05,4.095749059653768e-05,3.614108533907532e-05,3.196267406941982e-05,2.832891105219776e-05,2.51612663361681e-05,2.239350214934882e-05,1.996960827625347e-05,1.784210754918431e-05,1.597066083724737e-05,1.432091521172026e-05,1.28635502050488e-05,1.157348594951564e-05,1.042922400584438e-05,9.412297275246739e-06,8.506809841862795e-06,7.699051157002058e-06,6.977171839095652e-06,6.330910669588724e-06,5.751364229142879e-06
68,0.03718440399854583,0.08380211454711793,0.0837376870243544,0.07022525369198904,0.05533192936442206,0.04256151155917916,0.03247891310086203,0.02477279505661796,0.01895516856968456,0.01457649509875342,0.01127561326812986,0.008777340333746194,0.006876662381544712,0.005422182977959921,0.004302327952424881,0.003434743690275638,0.002758431022117545,0.002227999776477896,0.001809498350242931,0.001477390246058984,0.001212358721956357,0.0009997076998109211,0.0008281922094745126,0.0006891590026288373,0.0005759119276635701,0.0004832408572014544,0.0004070701760539391,0.0003441950940892933,0.0002920827941471158,0.0002487216854990789,0.000212506531697328,0.0001821504673899366,0.0001566172709497748,0.0001350689722876766,0.0001168251277920962,0.0001013310147943053,8.813267754655744e-05,7.685726081129578e-05,6.719744285083914e-05,5.889906089003827e-05,5.175123368738922e-05,4.557844569267825e-05,4.023417857233822e-05,3.559576834199206e-05,3.156023712084527e-05,2.804090292812699e-05,2.496461293679989e-05,2.226947814676107e-05,1.990301276471475e-05,1.782060136025461e-05,1.598423237964469e-05,1.436144880783614e-05,1.292447641405563e-05,1.164949766291048e-05,1.051604545680815e-05,9.506495732738971e-06,8.605641827581466e-06,7.80033665357331e-06,7.079191247455173e-06,6.432320296746523e-06
69,0.04442011536399593,0.08791395852974039,0.08727590208735767,0.07339675165283656,0.05806135790038768,0.0448344001588388,0.03433694431768514,0.02627832439444486,0.02017103819865918,0.0155581507896342,0.01206924228807664,0.009420402281356249,0.007399161704050376,0.005848022362010365,0.004650514341080408,0.003720392256654496,0.002993575796884349,0.002422238743808921,0.001970503275884401,0.001611308345232175,0.001324128759144301,0.001093308752140129,0.0009068395772782083,0.0007554586803220496,0.0006319825894990039,0.0005308103669543014,0.0004475521002232269,0.0003787495005044564,0.0003216646822212875,0.0002741196645123948,0.0002343737946203469,0.0002010296644856045,0.0001729605419366193,0.0001492541264774327,0.0001291687513903118,0.0001120991202941946,9.754938161976209e-05,8.511187636407878e-05,7.445029181385981e-05,6.528625207097713e-05,5.738860093664052e-05,5.056480284068993e-05,4.465401686205073e-05,3.95214976664953e-05,3.505405293412012e-05,3.11563451721578e-05,2.774787089847918e-05,2.476048517869757e-05,2.213636677008291e-05,1.982634045609145e-05,1.778848990268999e-05,1.598700756513069e-05,1.43912386115677e-05,1.297488411434486e-05,1.171533535808401e-05,1.059311638701327e-05,9.591416142474638e-06,8.695694943360864e-06,7.893352807733271e-06,7.173449336612878e-06
70,0.0709201731762641,0.1001940946434239,0.09359536528278158,0.07735365927756718,0.06091494356320174,0.04704399461564854,0.03610098845649055,0.02770459525748194,0.02133063418797712,0.01650369922485385,0.0128418591453121,0.01005292896150479,0.007918046303169089,0.006274620466049677,0.005002080424312564,0.004010868581533219,0.003234230014827872,0.002622181069393682,0.002137105543061961,0.001750542708877565,0.0014408407251378,0.001191436772999919,0.000989591376027223,0.0008254526813139453,0.0006913613103660799,0.0005813313390108192,0.0004906608124542877,0.0004156379791872187,0.0003533185979481588,0.0003013562755176804,0.0002578725665700169,0.0002213570317333298,0.0001905899760668543,0.0001645824399709452,0.0001425293752612097,0.0001237729446165971,0.0001077736289580535,9.408738380775607e-05,8.234750246643359e-05,7.225015737975228e-05,6.354282795306239e-05,5.601500282316833e-05,4.949068156615676e-05,4.382230562774696e-05,3.88858287881169e-05,3.457669959155985e-05,3.080657627990572e-05,2.750063217197324e-05,2.459533862267461e-05,2.203663556326298e-05,1.977841760449147e-05,1.778127787302076e-05,1.601146298774278e-05,1.444000151218312e-05,1.304197533976055e-05,1.17959091659689e-05,1.068325777505952e-05,9.6879745520565e-06,8.796147606596998e-06,7.99569230649938e-06
71,0.1194042431369882,0.1205450892850053,0.1028023654010408,0.08225731631217321,0.06402150341056102,0.04928009126544903,0.03783212148380996,0.02909345382124463,0.02246303458619157,0.01743361001592725,0.0136080191758833,0.01068534618911753,0.008440822556173568,0.006707400459751297,0.005360952431369973,0.004309017401801554,0.003482453719791285,0.002829315501799663,0.002310376850298803,0.001895859980841516,0.001563037851115615,0.001294471305511026,0.001076707286912313,0.0008993130699072119,0.0007541563135791337,0.0006348657157092778,0.0005364249567711101,0.0004548654775760316,0.0003870328899865807,0.0003304085075328164,0.0002829723337873077,0.0002430973800414947,0.0002094677690638619,0.0001810149813942191,0.0001568680027160808,0.0001363141702632715,0.0001187682901641049,0.0001037481764278671,9.085519701405292e-05,7.975874035203385e-05,7.018376408502675e-05,6.190077676567046e-05,5.471774755099399e-05,4.847354962084924e-05,4.303262825708776e-05,3.828065038615778e-05,3.412094349454095e-05,3.047157163191659e-05,2.726292733583578e-05,2.443574272893097e-05,2.193944226769508e-05,1.973077481725979e-05,1.777267477707172e-05,1.603331157162581e-05,1.448529447688791e-05,1.310500588654126e-05,1.187204105161772e-05,1.07687363013989e-05,9.779770967716759e-06,8.89183084220547e-06
72,0.1826812546985502,0.1460985342920675,0.1138933431991727,0.0877488174969672,0.06724413639160315,0.05148710020545384,0.03950748523158945,0.03043664738289658,0.0235670638892763,0.01835026965241212,0.01437185644509983,0.01132253571311085,0.008972553480441351,0.007151288324232574,0.005731748821629229,0.00461906852382781,0.003742060669809161,0.0030470439155965,0.002493329013595171,0.002049912724861044,0.001693047890477947,0.001404450158723278,0.00116996861611823,0.000978595681285123,0.0008217261396411327,0.0006925999467933778,0.0005858812003492965,0.0004973384762657559,0.0004236009718343795,0.00036197160401936,0.0003102830965720954,0.0002667866621465989,0.0002300655100845819,0.0001989673466599681,0.0001725514690417273,0.0001500471215791794,0.0001308205805686641,0.00011434903212944,0.0001001997587680514,8.801349140645635e-05,7.749104285370265e-05,6.838253640791406e-05,6.047869467278629e-05,5.3603770060678e-05,4.760978827278173e-05,4.237184562402172e-05,3.778425517920027e-05,3.375737888570562e-05,3.021501595523213e-05,2.709224373883149e-05,2.433362784206449e-05,2.189173445554596e-05,1.972589076560894e-05,1.780114958163578e-05,1.608742252947918e-05,1.455875274837777e-05,1.319270333019434e-05,1.196984201925178e-05,1.08733061560869e-05,9.888434662445615e-06
73,0.2582797562081151,0.1741083085755828,0.1252669666246199,0.09288230245964155,0.06996868309879642,0.05323508040725874,0.0408128818682037,0.03149938561461673,0.02446511248675089,0.01911825749007558,0.01502947911461736,0.01188435535962825,0.009451094610301362,0.007557850889043553,0.006076534980431871,0.004911165712871629,0.003989441077051955,0.00325660970341973,0.00267099395525471,0.002200704032763425,0.001821214681490494,0.00151356944869639,0.001263043571269697,0.001058143595291283,0.0008898553721572851,0.0007510761047295122,0.0006361834012757191,0.0005407067815450077,0.0004610761391181065,0.0003944282661094275,0.0003384573778700027,0.0002912991263461667,0.0002514402115919605,0.0002176476433333872,0.0001889131500106746,0.0001644093128819665,0.0001434548131783166,0.0001254867907592415,0.0001100387743870227,9.672299425256157e-05,8.521615454104404e-05,7.524794822754002e-05,6.659175327422449e-05,5.905707041481868e-05,5.248335634393467e-05,4.673497883947378e-05,4.169707701347623e-05,3.727215420795882e-05,3.337726583902521e-05,2.994169189071657e-05,2.690500541293314e-05,2.42154655479422e-05,2.182867727092752e-05,1.970647093466921e-05,1.781596344106924e-05,1.612876987772846e-05,1.462034011140261e-05,1.326939940024137e-05,1.205747579199434e-05,1.09685000882933e-05
74,0.3167266010408277,0.1959488637066196,0.1339604653477775,0.09664398373268135,0.07188949661998438,0.05447154807251302,0.04178026493241358,0.03233630511170151,0.02521273953706819,0.01978715581639715,0.01562301335456694,0.01240586772357148,0.009905383810239404,0.007950904508060207,0.006414912206477439,0.005201464461173569,0.004237939749088019,0.003469064829942503,0.002852550722920417,0.002355879943476662,0.001953926432279752,0.00162718260328306,0.001360431936363258,0.001141750381557078,0.0009617516586135225,0.0008130143215781277,0.000689644896135528,0.0005869433278710306,0.00050114568414023,0.0004292254333145474,0.0003687393236489231,0.0003177073580830485,0.0002745189404061252,0.0002378591904783029,0.0002066508644415939,0.0001800083960513733,0.0001572013896101364,0.0001376255112106601,0.0001207791930262165,0.0001062449221662698,9.367415858182248e-05,8.277513609936402e-05,7.330296217437573e-05,6.505155685667557e-05,5.784706838874096e-05,5.154247834109907e-05,4.601316817367486e-05,4.115326536206663e-05,3.687262361518751e-05,3.309432043459321e-05,2.975257801529411e-05,2.679103156461736e-05,2.41612835260279e-05,2.182169371910497e-05,1.973636465216431e-05,1.787428870401257e-05,1.620862987680424e-05,1.47161176840337e-05,1.337653468557915e-05,1.2172282396488e-05
75,0.3213439160471233,0.2036983954576587,0.1375702710489383,0.09815711848086758,0.07266368550761468,0.05505800610787502,0.04235182343385727,0.0329220615133779,0.02579805409397221,0.02035095531888305,0.016149254438768,0.01288536735091344,0.01033461504670285,0.008330231168726129,0.006747064331961767,0.005490425022731161,0.004488202400638764,0.003685172337429278,0.003038828382344913,0.002516297314693067,0.002092039877185791,0.001746126435362335,0.001462937118632511,0.001230177393817143,0.001038129291106043,0.0008790795047691606,0.0007468808199237361,0.0006366144450921034,0.0005443290116045673,0.0004668380456916755,0.0004015622047543088,0.0003464059111012589,0.0002996605153108405,0.0002599279965796848,0.0002260606195083558,0.0001971130337578741,0.0001723041119709165,0.0001509864367553811,0.0001326218172631512,0.000116761575647262,0.0001030306201206389,9.111453447096335e-05,8.074907875416471e-05,7.171162384534996e-05,6.381414216239269e-05,5.689745471662868e-05,5.08264956544257e-05,4.548640342709694e-05,4.077928557186708e-05,3.662153403758889e-05,3.294159176784802e-05,2.96780901925176e-05,2.677829240928773e-05,2.419678896228463e-05,2.189440287208355e-05,1.983726843034204e-05,1.799605462753171e-05,1.634530923650274e-05,1.486290376676162e-05,1.352956292348614e-05
76,0.3145854871801796,0.1965860894558899,0.1333632740908074,0.09577129943427209,0.0713692062670508,0.05445166226030647,0.04218383386148852,0.03302462732252307,0.02605684275620568,0.02068963852093177,0.01651860795744556,0.01325502195107959,0.01068692793117962,0.008655894503456784,0.007042061293556597,0.005753977122215412,0.004721417431444597,0.003890173359823885,0.003218205895597856,0.002672774803330732,0.002228278022294964,0.001864615977124773,0.001565947310375792,0.001319738438865765,0.001116034798413001,0.0009469000568972811,0.0008059830664290178,0.0006881822956863303,0.0005893848979786879,0.0005062631105001574,0.0004361148353222549,0.0003767383794357748,0.0003263336912253901,0.0002834242173079199,0.0002467948599063505,0.0002154425474285265,0.000188536719192212,0.000165387628785888,0.0001454208340091381,0.0001281565982607339,0.0001131932039384156,0.0001001933920040303,8.887330783952946e-05,7.899346287931851e-05,7.035132263492666e-05,6.277521103007729e-05,5.61192833391778e-05,5.025936923292233e-05,4.508952637786134e-05,4.051917594855856e-05,3.647071602214332e-05,3.287752847908712e-05,2.968231077647681e-05,2.683567660694361e-05,2.429497964638485e-05,2.202332282787791e-05,1.998872225216807e-05,1.816340026808646e-05,1.652318667556168e-05,1.504701061501647e-05
77,0.2616179139282994,0.1704657473636403,0.1207767118699015,0.08944089167681044,0.06808610161977328,0.05277113230493264,0.0413984214107951,0.03275469901053413,0.02608368374288431,0.0208817457993393,0.01679547942195963,0.01356743250271608,0.01100530592742384,0.00896312194898285,0.007328891777173312,0.006016083772574773,0.004957485043330325,0.00410066886122099,0.003404592016740354,0.002837013546768301,0.002372523159023899,0.001991028194886806,0.001676588298235533,0.001416515168005162,0.001200675170130523,0.001020947647469165,0.0008708030337957732,0.0007449733723322242,0.0006391942739005702,0.0005500022394620822,0.0004745749959394699,0.0004106053359527396,0.0003562011242635153,0.0003098057969593624,0.0002701349552604516,0.0002361256363977796,0.0002068955991698233,0.0001817105446015281,0.0001599576429553299,0.0001411240878948112,0.0001247796702929051,0.0001105625758850661,9.816777636482773e-05,8.73375130784661e-05,7.785347423695098e-05,6.953034671078971e-05,6.221048677325205e-05,5.575950429178335e-05,5.006259468692182e-05,4.502148469496017e-05,4.055188330581953e-05,3.658134954295903e-05,3.304750505654785e-05,2.989653263651628e-05,2.708191236422349e-05,2.456335571894141e-05,2.230590493979098e-05,2.027917063317812e-05,1.845668526259841e-05,1.681535396283833e-05
78,0.1537744064453053,0.1276430834899724,0.1009581426206634,0.07946086536006126,0.06282265404789905,0.04995805273188183,0.0399354802222751,0.03206462552503905,0.02584365839541014,0.02090251657455771,0.01696270467607167,0.01381101457629871,0.01128223961737338,0.009247364924126412,0.007605140251825624,0.006275845654690558,0.005196562708405115,0.004317532329323501,0.003599325295101066,0.003010634189041851,0.002526546343230303,0.002127191344272069,0.001796680982895173,0.001522277744065622,0.001293741940641572,0.001102818500743255,0.0009428329535559333,0.0008083728413343603,0.0006950360131353076,0.000599231338540077,0.0005180205630823283,0.0004489925062129849,0.0003901627316403776,0.0003398933202746827,0.0002968285430721167,0.0002598431392623392,0.0002280006127273383,0.0002005195107182545,0.00017674607957182,0.0001561320286710999,0.0001382163975259186,0.0001226107277342492,0.0001089869042747878,9.706715879341103e-05,8.661582881895722e-05,7.743254702706662e-05,6.934659831177967e-05,6.221223306287039e-05,5.590476544236451e-05,5.031731776214323e-05,4.535809797302481e-05,4.094811810719381e-05,3.701927830983018e-05,3.351275467091642e-05,3.037764007057122e-05,2.756979619198145e-05,2.505088214036484e-05,2.278753105652855e-05,2.075065098616734e-05,1.891483026610367e-05
79,0.07028805274850881,0.08496186650161791,0.07840109596083182,0.06709652921728751,0.05585051645585368,0.04596883105230894,0.03766332425507855,0.03081179537533118,0.02520777361033871,0.02064249750363865,0.01692991363483493,0.01391209280020706,0.01145802280950284,0.009460366055498617,0.007831835409276478,0.006501782966200183,0.005413198287011999,0.004520156318569162,0.003785692037675775,0.00318005460847145,0.002679287015753488,0.002264078414662375,0.001918841359270386,0.001630972352086499,0.001390260599159862,0.001188415862241327,0.001018691606859188,0.000875584177545143,0.0007545925135190688,0.0006520260230162862,0.0005648507535171157,0.0004905660214608492,0.0004271052848139884,0.0003727563308545697,0.000326096874045249,0.0002859424682747119,0.0002513042776415763,0.000221354755526627,0.0001953996811154828,0.0001728553182021805,0.0001532297107701217,0.0001361073275185529,0.0001211364242138124,0.0001080186171731001,9.650026015465139e-05,8.636529579025247e-05,7.74293156644826e-05,6.953461352993736e-05,6.254605655317503e-05,5.634763196321251e-05,5.083955264032865e-05,4.593582631481032e-05,4.156221015314454e-05,3.765448639326796e-05,3.415700598600655e-05,3.102145641193913e-05,2.820581737416373e-05,2.567347423935622e-05,2.339246416941967e-05,2.133483406037761e-05
80,0.03085479602230605,0.05321879066145144,0.05764376404058046,0.05410607697698075,0.0477732244468623,0.04094074449278631,0.03454079129743571,0.02889604599676141,0.02406532467567976,0.01999893186914955,0.01660820914942386,0.01379638216721536,0.01147175543796496,0.009552762017980288,0.007969250079026843,0.006662074026911399,0.005581985066846461,0.004688303330258228,0.003947601117152986,0.003332499571194667,0.002820616451910533,0.002393670263601457,0.002036730569793084,0.00173759788798737,0.001486294835230066,0.001274650837084925,0.001095964434962105,0.0009447293321930711,0.0008164124424663061,0.000707274167099807,0.0006142228562735426,0.0005346968863743088,0.0004665690225140826,0.0004080687567893358,0.0003577191481858727,0.0003142853683258608,0.0002767327052540694,0.0002441922186282533,0.000215932593987076,0.0001913370278876266,0.000169884203353582,0.0001511325974337225,0.0001347075087819991,0.0001202903103105433,0.0001076095259675591,9.643340621397876e-05,8.656373753471275e-05,7.783067028543816e-05,7.008838870397777e-05,6.321147888545806e-05,5.709187642921611e-05,5.163629650554902e-05,4.676406621320358e-05,4.240529306362544e-05,3.849931484280896e-05,3.499338545246509e-05,3.184155900924523e-05,2.900374079736051e-05,2.644487887843525e-05,2.413427446635718e-05
81,0.01535362565457188,0.03397936964719062,0.04164520110464848,0.04237842817455106,0.03959435636455264,0.03536522612529254,0.03079189082400868,0.02640812052432873,0.02244293573719225,0.01896904970358081,0.01598261260460918,0.01344505849693513,0.01130470266418975,0.009507619974065002,0.008002857787920174,0.006744662790142564,0.005693153112046366,0.004814206932141777,0.004078984732737625,0.003463309651028844,0.002947024064544701,0.002513381515242713,0.002148500357535765,0.001840887656411557,0.001581032457678612,0.001361062956122956,0.001174460194441022,0.001015820513230845,0.0008806593294780979,0.0007652495385944165,0.0006664886821404992,0.0005817898743189408,0.0005089922714946362,0.0004462875725286455,0.0003921596458395527,0.0003453348948328624,0.0003047414049037033,0.0002694752729263511,0.0002387728146012681,0.0002119875862226777,0.0001885713542994257,0.0001680583067680364,0.0001500519298697784,0.0001342140806379809,0.0001202558709231378,0.0001079300487211045,9.702461932579181e-05,8.735749499180369e-05,7.877199938260458e-05,7.113308372851644e-05,6.432413664485651e-05,5.824429002824433e-05,5.280614021747487e-05,4.793381736760385e-05,4.35613473017691e-05,3.963125942714883e-05,3.609340199525154e-05,3.290393234884716e-05,3.002445506869643e-05,2.742128530812264e-05
82,0.008555610496883038,0.02301215384392617,0.03030532838562849,0.03263491081415683,0.03194080853309197,0.02963781737610783,0.02663002666096217,0.02344654608292794,0.02037388249208401,0.01755196209449835,0.01503613812066121,0.01283504070831065,0.01093296367630977,0.00930280968538728,0.007913400077443572,0.00673346191375068,0.005733674117050477,0.004887593756872939,0.004171949452259881,0.003566590146238483,0.003054258920210617,0.002620290474755609,0.002252288259101487,0.001939811680994926,0.001674088636181042,0.001447759705629439,0.00125465531182437,0.001089604390730878,0.0009482717922480665,0.0008270210949223671,0.0007227994574574696,0.0006330413148449609,0.0005555880313160132,0.0004886209697716215,0.0004306057849371577,0.000380246072494118,0.0003364447983328085,0.0002982721874405393,0.0002649389713849921,0.000235774079544221,0.0002102060157701442,0.0001877472929004336,0.0001679814061827701,0.0001505519166634303,0.0001351532899466608,0.0001215231970731133,0.0001094360348272523,9.869746444472046e-05,8.913980202047251e-05,8.061812221889971e-05,7.300696023330635e-05,6.619751621886463e-05,6.009528235721207e-05,5.461802589793459e-05,4.969407245033054e-05,4.526084286770159e-05,4.126360460321052e-05,3.76544046891604e-05,3.439115672015421e-05,3.143685858530392e-05
83,0.005196069666574339,0.01614168395539831,0.0220339689792095,0.02459171696030391,0.02494646925533938,0.02393834140440563,0.02217135855373275,0.02005398804562885,0.01784584478401496,0.01570142356636955,0.01370502313485645,0.01189610166254719,0.01028664104145979,0.008872589385755114,0.007641187030104385,0.006575535935638793,0.005657366878928344,0.004868649134103381,0.004192468702561466,0.003613452764038738,0.003117919445933651,0.002693867287674562,0.002330876593363234,0.002019967525498917,0.001753442176034335,0.001524726585128683,0.001328221548959988,0.001159166614907516,0.001013518954810917,0.0008878472126270489,0.0007792395349853608,0.0006852245469554423,0.0006037038590587751,0.0005328946747132087,0.0004712811396076984,0.0004175731919422928,0.0003706718080764145,0.0003296396759512769,0.0002936764597450821,0.0002620979390350362,0.0002343184124262342,0.0002098358489087834,0.0001882193507618866,0.0001690985607340263,0.0001521547047754533,0.0001371130110935712,0.0001237362879915148,0.0001118194779751486,0.0001011850349869909,9.167899623093e-05,8.31676406496724e-05,7.553464335593522e-05,6.867864974713338e-05,6.251120511353173e-05,5.695498566885481e-05,5.194228541401909e-05,4.74137203593115e-05,4.331711760331534e-05,3.960656178589527e-05,3.6241575653916e-05
84,0.003163190691700275,0.01049944628456192,0.01502237881020784,0.01749457200143398,0.01846077405775895,0.01836937882625582,0.01758415875214041,0.01638507712061634,0.01497562865751323,0.01349577949198874,0.01203647034372502,0.01065286789257222,0.009375175291821388,0.008216853340089826,0.007180583366072781,0.006262443789457418,0.005454752499361936,0.004747949282349943,0.004131805746386721,0.003596174010125061,0.003131425066968791,0.002728682461707615,0.002379924065087757,0.00207800140012857,0.001816609655685042,0.001590230245215492,0.001394060055789206,0.001223936310999467,0.001076262475735157,0.0009479383207452547,0.0008362957633216836,0.0007390411454809696,0.0006542040222833575,0.0005800921867177344,0.0005152524696820548,0.000458436767053219,0.0004085727224795335,0.0003647385089963607,0.0003261411882563975,0.0002920981723881433,0.000262021363526635,0.0002354035958161695,0.0002118070518167763,0.0001908533685280523,0.0001722151871597533,0.00015560893524888,0.000140788659924555,0.0001275407573701657,0.0001156794662063467,0.0001050430120155206,9.549030693602389e-05,8.689812253327244e-05,7.91586663360745e-05,7.21775028018017e-05,6.587176830315508e-05,6.016863723707321e-05,5.500400273780815e-05,5.032134089905603e-05,4.60707320179175e-05,4.220801628907657e-05
85,0.001868031787092515,0.005600299499252353,0.008849138348546608,0.01113340456392342,0.01246980954863763,0.01302466682551465,0.01299128993264537,0.01254637666420351,0.01183564189266081,0.01097169087453095,0.01003720656005874,0.009090100613814206,0.00816892267648847,0.007297724503936743,0.006490083600730114,0.005752258551962195,0.005085571170458532,0.004488152470220557,0.003956190373933306,0.003484800196168087,0.003068616693403259,0.002702184779334278,0.002380207277226527,0.002097692936321353,0.001850036174385373,0.00163305111319865,0.001442975878025292,0.001276458314040894,0.001130530796012736,0.001002579325609753,0.0008903103568556297,0.0007917175636364556,0.0007050499150024758,0.0006287818452366446,0.0005615859171758595,0.000502308122082642,0.0004499457967191702,0.0004036280392046166,0.0003625984492807312,0.0003261999914124942,0.0002938617707090712,0.0002650875150561649,0.0002394455673801856,0.0002165602064290721,0.0001961041307386396,0.0001777919571861411,0.0001613746018560125,0.0001466344263473855,0.0001333810468645111,0.0001214477163304269,0.0001106882013315273,0.0001009740859787059,9.219244383815053e-05,8.424382703950158e-05,7.704052861632985e-05,7.050508017958174e-05,6.456895227054925e-05,5.917142928112471e-05,5.425863475276444e-05,4.978268625040034e-05
86,0.001083287070742472,0.002441295438733327,0.004283542643779259,0.005971725429322779,0.007259509928439596,0.008099802996672387,0.008534156546263976,0.008636618687604243,0.00848658633692107,0.008156526060976639,0.007707277636906912,0.007187171691270662,0.006632964875498913,0.006071519673693423,0.005521660460686782,0.004995921791227762,0.004502065612509895,0.004044332350581531,0.003624436208469548,0.003242335481851779,0.002896815263150078,0.002585919227203251,0.002307263172394935,0.002058257812362165,0.001836263116583672,0.001638691817254432,0.00146307573036477,0.001307105299166207,0.001168650192912075,0.001045766785769126,0.0009366967982298952,0.0008398602124912659,0.0007538446935868199,0.0006773930932182179,0.0006093901300375944,0.0005488489867744533,0.0004948983086728047,0.0004467699043679963,0.000403787320713445,0.0003653553729249139,0.0003309506500667272,0.0003001129753986789,0.0002724377755292465,0.0002475692973233772,0.0002251946038955394,0.0002050382784507615,0.0001868577655314838,0.0001704392821758808,0.0001555942357346161,0.000142156090025809,0.0001299776267181793,0.0001189285540417912,0.0001088934199542835,9.976979162737612e-05,9.146666750218827e-05,8.39030921648363e-05,7.70069479111493e-05,7.071390011148109e-05,6.496647637320658e-05,5.971326205470623e-05
87,0.0005760319887886731,0.00111128277046201,0.001889927278643798,0.002753859864807847,0.00356788541801608,0.004248008189902354,0.004756369909218368,0.005087711075717356,0.005256368865010216,0.005286467167505917,0.005205398445356921,0.005039908991383136,0.00481401251485091,0.004548092555332508,0.004258726510092891,0.003958912739906163,0.003658494609055867,0.003364654646923654,0.003082405487663744,0.002815038903163492,0.002564515830427626,0.002331793106737697,0.002117089733110683,0.001920099004389368,0.001740154189939059,0.001576355546510313,0.001427665880357557,0.001292981009054665,0.001171180516756381,0.00106116326780514,0.0009618713019205731,0.0008723050038970575,0.0007915318257246185,0.0007186903324634936,0.0006529909330617896,0.0005937143298950089,0.0005402084625649525,0.0004918845199839071,0.0004482124390874434,0.0004087161894029983,0.0003729690524548709,0.0003405890373198135,0.0003112345234909042,0.0002846001855176302,0.0002604132274734972,0.0002384299366570476,0.0002184325531125703,0.0002002264430612494,0.0001836375590106985,0.0001685101662841873,0.0001547048143180815,0.0001420965308203842,0.0001305732173957322,0.0001200342262512644,0.0001103890989060869,0.0001015564492932895,9.346297516834236e-05,8.604258325315659e-05,7.92356150061481e-05,7.298816128712954e-05
88,0.0002489706067477396,0.0003755567171867286,0.0005948181237954631,0.0008895818088585739,0.001228166137208938,0.001575985026977187,0.001903258635648031,0.00218856832362818,0.002419311860350013,0.002590468082884763,0.002702725012352058,0.002760591488977289,0.002770788384623317,0.002741015921011337,0.002679087267107236,0.00259237147384158,0.002487475378785915,0.002370097733605291,0.002244999586232172,0.002116047491583087,0.001986297787539748,0.001858099895381703,0.001733204165947762,0.001612865376674155,0.001497936927545668,0.001388953448923099,0.001286201249458564,0.001189777069013179,0.001099636170904253,0.001015631067606987,0.0009375422378199417,0.0008651021398383023,0.0007980137100213355,0.0007359643907151166,0.0006786365810971825,0.0006257152598516858,0.0005768933971818113,0.0005318756583895342,0.000490380802697077,0.0004521430983701138,0.0004169130070310134,0.0003844573345202453,0.0003545590009260532,0.0003270165467042959,0.0003016434635707037,0.0002782674166867426,0.000256729407401932,0.0002368829124762152,0.0002185930254747165,0.0002017356182430768,0.0001861965345012139,0.0001718708232101362,0.0001586620161314762,0.0001464814516453675,0.000135247645209475,0.0001248857056669866,0.0001153267958173899,0.0001065076351531642,9.837004236311933e-05,9.086051505186021e-05
89,6.174317499223488e-05,8.188754663240542e-05,0.0001119577780067133,0.0001565914611428891,0.0002184414162376871,0.0002973940850392395,0.0003908803662160552,0.0004946970225761712,0.0006038907986079123,0.0007134904988316368,0.0008190173899042548,0.0009167812902477341,0.001004003161772884,0.00107881350479316,0.001140171833371648,0.00118774350668295,0.001221760317758201,0.001242882445390967,0.001252072368451938,0.001250486185094869,0.001239384237502867,0.001220060682856782,0.001193790342165576,0.001161790515621693,0.001125195250687222,0.001085039618910682,0.001042251780029048,0.000997650906279555,0.0009519493539584618,0.0009057577717555723,0.0008595921091673297,0.0008138817256801535,0.000768978000684157,0.0007251630069846701,0.0006826579409353105,0.0006416311040193389,0.0006022053086827919,0.0005644646396512481,0.0005284605446754738,0.0004942172589607297,0.0004617365882225167,0.0004310020886652456,0.0004019826900455715,0.0003746358118247076,0.0003489100233802628,0.0003247472982220623,0.0003020849098091287,0.0002808570133986879,0.0002609959547412869,0.0002424333426340806,0.0002251009185427583,0.0002089312528270522,0.0001938582936357019,0.0001798177913217621,0.0001667476182916522,0.000154588001548042,0.0001432816828126002,0.0001327740190072011,0.0001230130340141569,0.0001139494310075392
