0.5,0.009111923399319596,0.0003528000309426671,1.366032725915151e-05,5.28941414069264e-07,2.048179724153576e-08,7.931267889709838e-10,3.071363963784562e-11,1.189416890160057e-12,4.606288257326087e-14,1.783948690131959e-15,6.909201895327403e-17,2.676009967966436e-18,1.036482395339478e-19,4.014676294211652e-21,1.555083014628009e-22,6.023807744385553e-24,2.333474971328442e-25,9.039611178132455e-27,3.501958148543905e-28,1.356709257693738e-29,5.256265563437924e-31,2.036491120213582e-32,7.890463052857532e-34,3.057294289652255e-35,1.184641167096688e-36,4.590407629122833e-38,1.77881415497979e-39,6.893262666314325e-41,2.67136996956844e-42,1.0352810070547e-43,4.012337736864475e-45,1.555076576879861e-46,6.027277284941185e-48,2.336176708455894e-49,9.055352602293026e-51,3.510105993741595e-52,1.360662187074825e-53,5.274674332935078e-55,2.044825560461828e-56,7.927425849870222e-58,3.073430871040098e-59,1.191598850486549e-60,4.620107653895049e-62,1.791387482999223e-63,6.946122249630023e-65,2.693461566050327e-66,1.044466805067238e-67,4.050363724666635e-69,1.570756827366426e-70,6.091713357705512e-72,2.362574754793933e-73,9.163202348426141e-75,3.554059025054858e-76,1.378534559454847e-77,5.347199214155536e-79,2.074200695004045e-80,8.046201633395665e-82,3.121381070762045e-83,1.210928321763036e-84,4.697922666374418e-86,0.009478934005810487
1.5,0.006065328755059426,0.0002348356435449161,9.092590312029402e-06,3.520669149081093e-07,1.363254164450835e-08,5.278888904424737e-10,2.044195018968966e-11,7.916191406208014e-13,3.065663247163555e-14,1.187262773205688e-15,4.598154275661593e-17,1.780879573039225e-18,6.897630630852853e-20,2.671650993885589e-21,1.03484180203675e-22,4.00850742362312e-24,1.552765775281774e-25,6.015112810764255e-27,2.330216167386858e-28,9.027412589935804e-30,3.497398001243713e-31,1.355007021332721e-32,5.249921308549697e-34,2.03413062774965e-35,7.881696688131942e-37,3.05404524381708e-38,1.183439663784794e-39,4.585975349858918e-41,1.777183559171798e-42,6.887282037586325e-44,2.66918387796253e-45,1.034484994993271e-46,4.009451910964951e-48,1.554035606880493e-49,6.023544137808842e-51,2.334847045643361e-52,9.050655030658804e-54,3.508462645041749e-55,1.36009423770322e-56,5.27274140897747e-58,2.044180788323481e-59,7.925332982719517e-61,3.072777741309095e-62,1.191407199596458e-63,4.619604132444539e-65,1.791285447799195e-66,6.946089198216267e-68,2.693589816362127e-69,1.044571419877019e-70,4.050982932417945e-72,1.571080030056637e-73,6.093289988153094e-75,2.363311961576505e-76,9.166550767712445e-78,3.555548065114918e-79,1.379186165031055e-80,5.350014792158426e-82,2.075404941713154e-83,8.051309146833895e-85,3.123532075867016e-86,0.006309623237527277
2.5,0.005457625132145077,0.0002113053060233207,8.181464366003337e-06,3.16785772365642e-07,1.226632088597766e-08,4.749818859095155e-10,1.839305584197925e-11,7.122703897774534e-13,2.75835458308988e-14,1.068241734261973e-15,4.137169129395334e-17,1.602327691902956e-18,6.206028581372527e-20,2.403757296540958e-21,9.310690956304421e-23,3.606514644568997e-24,1.397037361231271e-25,5.411814640945374e-27,2.096488173716143e-28,8.121880035849954e-30,3.146555615716115e-31,1.219070945131634e-32,4.723210624721596e-34,1.830039425220588e-35,7.090851938255107e-37,2.747585794884833e-38,1.064679808311985e-39,4.125738697484794e-41,1.598819365474807e-42,6.196009805481768e-44,2.401263624272409e-45,9.306420470695549e-47,3.606954091554215e-48,1.398021040995088e-49,5.418785772231067e-51,2.100416728538153e-52,8.141870663258766e-54,3.156154136081853e-55,1.223509976644346e-56,4.743207895637315e-58,1.838874835771437e-59,7.129311194463356e-61,2.764129562004579e-62,1.071728224778283e-63,4.15552995505241e-65,1.611326943806905e-66,6.248221981916038e-68,2.42295186586456e-69,9.396123206886911e-71,3.643914882843094e-72,1.413199170114567e-73,5.480928996827778e-75,2.125791438864817e-76,8.245231035271111e-78,3.198163958308261e-79,1.240550251952346e-80,4.81220100934399e-82,1.866761952500463e-83,7.241856644315025e-85,2.809485062860572e-86,0.005677441448743561
3.5,0.006470594995542252,0.0002505124268391052,9.699029548798629e-06,3.75527103692797e-07,1.454013153044969e-08,5.630013934628672e-10,2.180041374227718e-11,8.441782882347678e-13,3.269021976264491e-14,1.265947704467545e-15,4.902617349105113e-17,1.898692257719029e-18,7.353524663776467e-20,2.848071983543517e-21,1.103115142451577e-22,4.272728016837982e-24,1.655023670236101e-25,6.410881805386318e-27,2.483395961680826e-28,9.620305219412436e-30,3.726888936684113e-31,1.443839135056695e-32,5.593787509680329e-34,2.167244733744559e-35,8.397012919729634e-37,3.253543349951244e-38,1.260675526781072e-39,4.885005211314045e-41,1.89296141541093e-42,7.335564650024964e-44,2.842761521606087e-45,1.10169767986415e-46,4.269722034498811e-48,1.654824591007276e-49,6.413861212007768e-51,2.486007371646542e-52,9.636083629693835e-54,3.735201500113142e-55,1.447914336146616e-56,5.612897224558521e-58,2.175939077311068e-59,8.435713528591081e-61,3.270486746665856e-62,1.267997719509487e-63,4.916319380071986e-65,1.906238642297534e-66,7.391456789228367e-68,2.866146829433843e-69,1.11143091738007e-70,4.310048767307161e-72,1.671466173295767e-73,6.482293962183925e-75,2.514059767273688e-76,9.750755004629286e-78,3.781957852373681e-79,1.46693523673895e-80,5.690114887021908e-82,2.207226946212888e-83,8.562268146326033e-85,3.321594105135088e-86,0.006731197104845371
4.5,0.006016762497910837,0.0002329335807993367,9.018105289114269e-06,3.491503733339179e-07,1.351835281132857e-08,5.234185926225424e-10,2.026696241283202e-11,7.847699627680904e-13,3.038857392718461e-14,1.176772608105579e-15,4.557105765992068e-17,1.764818454670234e-18,6.834793206147319e-20,2.647068494324426e-21,1.025225688007483e-22,3.970894258408174e-24,1.538054590271833e-25,5.957578926594488e-27,2.307716881468732e-28,8.93943268328704e-30,3.462997190346422e-31,1.341556938379572e-32,5.197337382870148e-34,2.01357392533331e-35,7.801339095641221e-37,3.022634804170765e-38,1.171162576781061e-39,4.537991902625848e-41,1.758430897920351e-42,6.813997851975188e-44,2.64054644760858e-45,1.02329487450315e-46,3.96572861252709e-48,1.536952415878006e-49,5.956801483248392e-51,2.308772495922154e-52,8.948793670375538e-54,3.468671917741682e-55,1.344551251473451e-56,5.212030373094097e-58,2.02046804359858e-59,7.832718819561567e-61,3.036607219702658e-62,1.177281359146949e-63,4.564440056381702e-65,1.76974368271879e-66,6.861971097933912e-68,2.660743913764901e-69,1.031746435307143e-70,4.000908419719334e-72,1.551529382005895e-73,6.016960836155156e-75,2.33351274326964e-76,9.050217278536713e-78,3.510134000826428e-79,1.361458072888217e-80,5.280812589750742e-82,2.048392466294432e-83,7.945871509684222e-85,3.082377890413457e-86,0.006259077397227372
5.5,0.005736263092439157,0.0002220684256019525,8.597229852569011e-06,3.32846720622014e-07,1.288677047576175e-08,4.989511380804195e-10,1.931906487833288e-11,7.480461455228249e-13,2.896576004761316e-14,1.121645875595283e-15,4.343511139017165e-17,1.682056195012932e-18,6.514101056049029e-20,2.522800776600332e-21,9.770705815595047e-23,3.784281886535967e-24,1.465735557794089e-25,5.677307452217316e-27,2.199094496873024e-28,8.518440591732026e-30,3.299826278992242e-31,1.278312001518299e-32,4.952192385332355e-34,1.918549646947608e-35,7.432989309252302e-37,2.879843886197636e-38,1.115807801314725e-39,4.323394743195974e-41,1.675233980617671e-42,6.491442009697041e-44,2.515486850894474e-45,9.748058340550516e-47,3.777717018658229e-48,1.464050294238032e-49,5.674111631091526e-51,2.199151232410349e-52,8.523690894873777e-54,3.303814820885859e-55,1.280616652952231e-56,4.964071963772657e-58,1.924298764193402e-59,7.459719088212338e-61,2.891931607640737e-62,1.121164054320595e-63,4.346762846280396e-65,1.685304539967527e-66,6.534412218303049e-68,2.533671973987232e-69,9.824489603050318e-71,3.80965269814215e-72,1.477326810989021e-73,5.729063108649062e-75,2.221807824500341e-76,8.616785107222837e-78,3.341949959112936e-79,1.296195644446279e-80,5.027558488933956e-82,1.950112598987672e-83,7.56446556136651e-85,2.934356256412323e-86,0.005967275000433157
6.5,0.006184898368867622,0.0002394219030828439,9.268494528646815e-06,3.588133350152066e-07,1.389127338296602e-08,5.37811020234239e-10,2.082243615947901e-11,8.062089831739494e-13,3.121605563137433e-14,1.208711811047886e-15,4.680388458047573e-17,1.812405929343125e-18,7.018487589119914e-20,2.717979218306835e-21,1.052599857101816e-22,4.076571900738493e-24,1.578852563799164e-25,6.11508871163627e-27,2.368528998570507e-28,9.174226423117219e-30,3.553653258699924e-31,1.376561238328016e-32,5.332501134368443e-34,2.065767083807204e-35,8.002888538102651e-37,3.100467932205067e-38,1.201220738236017e-39,4.654076759762803e-41,1.803264553088884e-42,6.987158152292563e-44,2.707428302999335e-45,1.049128436236443e-46,4.065516183536672e-48,1.575498920460092e-49,6.105706777822358e-51,2.366296891957445e-52,9.171027918989044e-54,3.554531171811987e-55,1.37772393781172e-56,5.34020196945389e-58,2.069992620880703e-59,8.024086154516783e-61,3.110556355808294e-62,1.205858375566819e-63,4.674878268794968e-65,1.8124252914203e-66,7.026932121979538e-68,2.724502883003532e-69,1.056390982280431e-70,4.096170537050589e-72,1.588354122312152e-73,6.159318044226912e-75,2.388547845048998e-76,9.262992409770199e-78,3.592400493326643e-79,1.393266804970392e-80,5.40380866158268e-82,2.095954221808565e-83,8.129798942429814e-85,3.153508640499253e-86,0.006433962030559651
7.5,0.00592066801239654,0.0002291884581174721,8.872148764093508e-06,3.434622238360363e-07,1.329668193181398e-08,5.147801277295245e-10,1.993033078730566e-11,7.716520785466186e-13,2.98774063119548e-14,1.156854244953632e-15,4.479492697791745e-17,1.734576694724783e-18,6.716959270544416e-20,2.601156630611876e-21,1.007337317445578e-22,3.901198224657217e-24,1.510900399578634e-25,5.851785843006509e-27,2.266500544430097e-28,8.778859394212704e-30,3.400441172639538e-31,1.317186864348513e-32,5.102400132729476e-34,1.976590377407733e-35,7.657269381197386e-37,2.966513327120053e-38,1.149301183621115e-39,4.452835169823547e-41,1.725260351447985e-42,6.684793004913568e-44,2.590219847500659e-45,1.003692483729365e-46,3.889377878732653e-48,1.507214524903018e-49,5.840977114003235e-51,2.263661480564889e-52,8.773099161467829e-54,3.400245036205002e-55,1.317901796900042e-56,5.108243372687457e-58,1.980048566201623e-59,7.67530909355389e-61,2.97530649590163e-62,1.153409137097507e-63,4.471476372981834e-65,1.733542141195016e-66,6.720998697390681e-68,2.605848704940558e-69,1.010370352376548e-70,3.917671659417731e-72,1.519118146342574e-73,5.890757916329773e-75,2.28437257651801e-76,8.858881023030471e-78,3.435634845731418e-79,1.332451336681314e-80,5.167874657692351e-82,2.004420665676041e-83,7.774672154553111e-85,3.015724314273626e-86,0.006159085913697064
8.5,0.005737467911481808,0.000222092742380336,8.597308864740351e-06,3.328164695951793e-07,1.288431276435852e-08,4.9880629837572e-10,1.931153833155383e-11,7.476806396183132e-13,2.89487471851807e-14,1.120876685454642e-15,4.340106356589775e-17,1.680573196518628e-18,6.507723115149504e-20,2.520085778210467e-21,9.759245700245346e-23,3.77947868940537e-24,1.463734531356389e-25,5.669014303638569e-27,2.195672949003225e-28,8.504380079455343e-30,3.294068531965671e-31,1.2759615990719e-32,4.942624635862726e-34,1.91466479573082e-35,7.417251712835186e-37,2.873481932898918e-38,1.113240907766309e-39,4.313056225573753e-41,1.671076775851872e-42,6.474750709078134e-44,2.508794608968066e-45,9.721261237168764e-47,3.766999935652343e-48,1.459769031629599e-49,5.65702704716697e-51,2.192340370492012e-52,8.496564616515518e-54,3.293020584426372e-55,1.276324962986267e-56,4.947022182416164e-58,1.917530440326302e-59,7.432869868703456e-61,2.881288081829945e-62,1.116947510232602e-63,4.330068939947796e-65,1.678699104056118e-66,6.508290706313809e-68,2.523347716789279e-69,9.783705337704593e-71,3.79354962375177e-72,1.470971809009912e-73,5.703995022438537e-75,2.211923826953719e-76,8.577830669784384e-78,3.326603768976651e-79,1.290152407558012e-80,5.003769839986103e-82,1.940751940071458e-83,7.527645492126609e-85,2.919878239632528e-86,0.005968504182404876
9.5,0.005979311085448385,0.0002314562583555256,8.959852450704865e-06,3.46854228580679e-07,1.342787810866007e-08,5.198548539500543e-10,2.012663578264225e-11,7.792462075981632e-13,3.017120718299646e-14,1.168221543572865e-15,4.523476335703202e-17,1.751596528775549e-18,6.782823619323168e-20,2.626647051376263e-21,1.017203195540037e-22,3.939386253659845e-24,1.525683043741566e-25,5.909014164334425e-27,2.288657216075296e-28,8.864648727830234e-30,3.433661044562819e-31,1.330051548525465e-32,5.152224001795302e-34,1.995888432656887e-35,7.732022281232034e-37,2.995472194976593e-38,1.160520716436061e-39,4.49630703294036e-41,1.742105802515486e-42,6.750075773994825e-44,2.615521951783609e-45,1.013499964869406e-46,3.927396967205522e-48,1.521954267681799e-49,5.89812796458027e-51,2.285823058476181e-52,8.859044918084645e-54,3.433579583787582e-55,1.330832187285917e-56,5.158405532488073e-58,1.999510630438478e-59,7.75082704791746e-61,3.00461277781271e-62,1.164783339671384e-63,4.515626448924763e-65,1.750681427439658e-66,6.78754214532183e-68,2.631687345338723e-69,1.020404634169504e-70,3.956643927539176e-72,1.534256487452397e-73,5.949568373996698e-75,2.307222509762687e-76,8.947672205536868e-78,3.470142042569383e-79,1.345863685947792e-80,5.220012822273842e-82,2.024691083407661e-83,7.85349027657281e-85,3.04637542544257e-86,0.006220088019153427
10.5,0.005779131614393691,0.0002237174228825891,8.660665131716421e-06,3.352871889832385e-07,1.298066686598711e-08,5.025640721044951e-10,1.94580949255934e-11,7.53396677370506e-13,2.917169358144382e-14,1.1295727371143e-15,4.37402673441471e-17,1.693804931179175e-18,6.559339908548862e-20,2.540222278168768e-21,9.837804755769106e-23,3.810128541960188e-24,1.475693148037925e-25,5.715675348450573e-27,2.213880412849261e-28,8.575430466699028e-30,3.321795727017885e-31,1.286782624246878e-32,4.984857869232072e-34,1.931148855183627e-35,7.481594278536037e-37,2.898598331905906e-38,1.123045772139773e-39,4.351334419055032e-41,1.686021479131546e-42,6.533101878321062e-44,2.531579061646203e-45,9.810233526505191e-47,3.80174542243074e-48,1.473338718778646e-49,5.71002625592612e-51,2.213041657982495e-52,8.577428396374731e-54,3.324609862967942e-55,1.288666084527508e-56,4.995239057031044e-58,1.936370107521091e-59,7.506486741807795e-61,2.910056215625507e-62,1.128190359724207e-63,4.374010115916598e-65,1.695874141850775e-66,6.575426578845548e-68,2.549592478538145e-69,9.886308756187517e-71,3.833665136872484e-72,1.486657162541069e-73,5.765329943755783e-75,2.235909557139553e-76,8.671636489840472e-78,3.363292982327517e-79,1.304503297910571e-80,5.05990709413245e-82,1.96271310593273e-83,7.613564953345056e-85,2.953495292362887e-86,0.006011858493069756
11.5,0.005645336039821926,0.00021854782019177,8.460917083132398e-06,3.275689570170806e-07,1.268242888390527e-08,4.910396844157528e-10,1.901276437828546e-11,7.361876325104265e-13,2.850666450609307e-14,1.103872684243726e-15,4.274706703552376e-17,1.65542103579347e-18,6.410995717509101e-20,2.482889727832904e-21,9.616219368758921e-23,3.724485905429284e-24,1.442591629792847e-25,5.58773289191896e-27,2.164427684845856e-28,8.384280366718903e-30,3.247908831650239e-31,1.258221925711874e-32,4.874455434340178e-34,1.888471568742412e-35,7.31661737022495e-37,2.834822279339769e-38,1.098391049950837e-39,4.256021782070265e-41,1.649173927322042e-42,6.39064794115393e-44,2.476504909074403e-45,9.597307564926549e-47,3.719423270374309e-48,1.441510525153641e-49,5.586966990809187e-51,2.165461753996683e-52,8.393461539069642e-54,3.253478314267186e-55,1.261162363997517e-56,4.888891628652618e-58,1.895248625626604e-59,7.347479614785577e-61,2.848571050747249e-62,1.104414848953053e-63,4.282072132484327e-65,1.660322019271582e-66,6.437945993054896e-68,2.496427906322226e-69,9.680715808764437e-71,3.75415932690057e-72,1.455910774318113e-73,5.646426686540864e-75,2.189926523787014e-76,8.493806291375308e-78,3.294520096535554e-79,1.277906299586144e-80,4.957045927355409e-82,1.922932306578045e-83,7.459714565290372e-85,2.893993985319197e-86,0.005872685539301022
12.5,0.005765401195114489,0.0002232408028802104,8.644344585689513e-06,3.347380513037895e-07,1.296261670457827e-08,5.019898352387855e-10,1.944069915574787e-11,7.529109496642632e-13,2.916017918225172e-14,1.129410105178195e-15,4.374496968570312e-17,1.69441428565523e-18,6.563359397887478e-20,2.542423702329417e-21,9.848835763899766e-23,3.815374292061007e-24,1.47810318484842e-25,5.726480271947442e-27,2.218637042914895e-28,8.596076812224524e-30,3.330657029404319e-31,1.290551086161068e-32,5.000762264961979e-34,1.937818061055182e-35,7.50940682498601e-37,2.910141928854983e-38,1.127817089362559e-39,4.370983781806152e-41,1.6940873592467e-42,6.56611599446677e-44,2.545056919966868e-45,9.865127620275491e-47,3.824055907199173e-48,1.482388826037197e-49,5.746672720751429e-51,2.227856863737793e-52,8.637233296638103e-54,3.34871831393096e-55,1.298372299309267e-56,5.034270851330807e-58,1.952048846456884e-59,7.569402612201196e-61,2.935279124943178e-62,1.138293183455335e-63,4.414442315946858e-65,1.712042698321819e-66,6.64003584589555e-68,2.575392307473008e-69,9.989265441546622e-71,3.874725607846715e-72,1.503023054666284e-73,5.830525122054262e-75,2.261867123829777e-76,8.774935692989168e-78,3.404381969120837e-79,1.320839819874099e-80,5.124831658712813e-82,1.988504969292246e-83,7.715985953166637e-85,2.994152335657928e-86,0.005997634565462176
13.5,0.005595184570890804,0.0002166891853453893,8.392177200651388e-06,3.250324425636967e-07,1.258906579944367e-08,4.876127910807655e-10,1.88873721565959e-11,7.316155306846922e-13,2.834061643790593e-14,1.097869535967637e-15,4.25311679853538e-17,1.647703579099165e-18,6.383606796807341e-20,2.473252784082463e-21,9.582664568876055e-23,3.712953706276142e-24,1.438693618030276e-25,5.574843763992437e-27,2.160293461783325e-28,8.37160125549869e-30,3.244293346517121e-31,1.257325028722578e-32,4.872938545438171e-34,1.888644860599562e-35,7.320246840466089e-37,2.837378492786015e-38,1.099828590290768e-39,4.263330363500624e-41,1.65268194367667e-42,6.406870607572946e-44,2.483813953376502e-45,9.629609427835179e-47,3.73348873895751e-48,1.447563564178028e-49,5.612768452375025e-51,2.17637313328425e-52,8.439299365369462e-54,3.272625399613363e-55,1.269121283893762e-56,4.921833801416215e-58,1.908832437702117e-59,7.403307222260863e-61,2.871447624694857e-62,1.113764177228467e-63,4.320190201527559e-65,1.675829467474675e-66,6.500910198075501e-68,2.521947001576948e-69,9.783972974665527e-71,3.7958766194915e-72,1.47274155091628e-73,5.714242335820136e-75,2.217218454499331e-76,8.603518227308165e-78,3.338577805353466e-79,1.29558166267137e-80,5.027892758208252e-82,1.951305157674063e-83,7.573251893049092e-85,2.939393191886641e-86,0.00582060406220647
14.5,0.005492818331147974,0.0002127691818409071,8.242081844833032e-06,3.192860212949878e-07,1.236908979146137e-08,4.791930450620897e-10,1.856514170628149e-11,7.192851612320759e-13,2.786885172683943e-14,1.079822225003976e-15,4.18408725834709e-17,1.621304393465777e-18,6.282663685998506e-20,2.434661354522996e-21,9.43515154024638e-23,3.656577947437054e-24,1.41715221568144e-25,5.492549039462919e-27,2.128860650877933e-28,8.251567268137327e-30,3.198465288752823e-31,1.239832157047967e-32,4.806182708254768e-34,1.863175872449885e-35,7.223101035620245e-37,2.80033416720447e-38,1.085706475800116e-39,4.209509211001392e-41,1.632176176211858e-42,6.328768445933796e-44,2.454076214155807e-45,9.516420428917941e-47,3.690421704245729e-48,1.431183225595492e-49,5.550491101432185e-51,2.152705304014152e-52,8.349391249787428e-54,3.2384870866583e-55,1.256165080240509e-56,4.872687011484633e-58,1.890199447335308e-59,7.332703527728198e-61,2.844710404935046e-62,1.103645250992499e-63,4.281919518707548e-65,1.661365264683157e-66,6.446284028246809e-68,2.501332883265084e-69,9.70624729762292e-71,3.766596293839845e-72,1.461721781645504e-73,5.67281135284696e-75,2.201658725483688e-76,8.545151228989908e-78,3.316711180019997e-79,1.287400759962299e-80,4.997331132172537e-82,1.939906544920326e-83,7.530812889806905e-85,2.923622717261538e-86,0.005714161748451264
15.5,0.005526170994151096,0.0002141797657935399,8.301328360434682e-06,3.21759855807481e-07,1.247186255398647e-08,4.834438549761255e-10,1.874028203221701e-11,7.264765994898152e-13,2.816324188805828e-14,1.091840620997317e-15,4.233031657695374e-17,1.641192523959193e-18,6.363314189787862e-20,2.467306520926406e-21,9.567067249765831e-23,3.709800933306885e-24,1.438594921937386e-25,5.578823932793841e-27,2.16353079508022e-28,8.390732549116836e-30,3.254266566840903e-31,1.26218465758541e-32,4.895637725451111e-34,1.898944750844572e-35,7.366007269454513e-37,2.857385199578336e-38,1.108465929389521e-39,4.300241965886558e-41,1.668324391888257e-42,6.472696495302768e-44,2.511349750370344e-45,9.744205731129584e-47,3.780968434082699e-48,1.467158706433363e-49,5.693360046473866e-51,2.209417490690452e-52,8.574416662152433e-54,3.327737876477717e-55,1.29155064023285e-56,5.012930033895383e-58,1.945762342383574e-59,7.552764837243137e-61,2.931839693248101e-62,1.138132007651034e-63,4.418382226515329e-65,1.715347950536458e-66,6.65977474938837e-68,2.585742592579197e-69,1.003990358651017e-70,3.898453578655899e-72,1.513818578554838e-73,5.878601212153586e-75,2.282931812782002e-76,8.86606103713888e-78,3.443399363944406e-79,1.337405295754494e-80,5.194666984106734e-82,2.017769143332143e-83,7.837984419104534e-85,3.04478430042816e-86,0.005748986822963345
16.5,0.005372749630949719,0.0002083179574600571,8.077409917885638e-06,3.132080608956975e-07,1.214532707754428e-08,4.709784758110221e-10,1.826453203499201e-11,7.083236906167338e-13,2.747076779900872e-14,1.065431971156175e-15,4.132345563495079e-17,1.602815755355406e-18,6.2170838032486e-20,2.411604421967709e-21,9.354955727096993e-23,3.629057087097205e-24,1.407869320777493e-25,5.461946672437174e-27,2.119089083677904e-28,8.221815071016044e-30,3.190090533198942e-31,1.237813483832594e-32,4.803130535072394e-34,1.863848600050043e-35,7.232925934535812e-37,2.806949698097031e-38,1.089362822235492e-39,4.227930682793896e-41,1.640969985794033e-42,6.369289195602394e-44,2.472287261875112e-45,9.596759400175054e-47,3.725358524689365e-48,1.446203526639869e-49,5.614469276245959e-51,2.179746728220004e-52,8.46294405003378e-54,3.285905685327064e-55,1.275871642708746e-56,4.954242048306221e-58,1.923826396019551e-59,7.470901949189077e-61,2.901340963233585e-62,1.126790442740726e-63,4.376291752258313e-65,1.69976226037498e-66,6.60220454316609e-68,2.564535525072612e-69,9.962021835566693e-71,3.869950034769426e-72,1.503427181060888e-73,5.840885345069847e-75,2.269312367007851e-76,8.817171024476986e-78,3.425971188465119e-79,1.331244033937441e-80,5.173104343963389e-82,2.010316637226603e-83,7.812633073242505e-85,3.036338515609443e-86,0.005589470841695547
17.5,0.005291565140649291,0.000205285031081738,7.964268989881137e-06,3.089940716180481e-07,1.198864373163755e-08,4.651636087590798e-10,1.804917130690784e-11,7.003655107965774e-13,2.717742299731625e-14,1.054648949478136e-15,4.092830812349793e-17,1.588385695682788e-18,6.164594847474918e-20,2.392597236068056e-21,9.286482187501219e-23,3.604537336429617e-24,1.399150980104432e-25,5.431208523416635e-27,2.108362611511649e-28,8.184858140055137e-30,3.177562618553042e-31,1.233656576112764e-32,4.789737651363332e-34,1.859715672452415e-35,7.221024860707374e-37,2.803939779194886e-38,1.088820186921749e-39,4.228256979641341e-41,1.642042525114588e-42,6.377130853693715e-44,2.476761831099762e-45,9.619693614451794e-47,3.736426092852062e-48,1.451342125196638e-49,5.637694515817874e-51,2.190038237399245e-52,8.507860494429946e-54,3.305275097767232e-55,1.284143437022481e-56,4.989283920750175e-58,1.938571133165231e-59,7.532587548444379e-61,2.92701966968046e-62,1.137433938088402e-63,4.420240444276628e-65,1.717848488147077e-66,6.676412355994159e-68,2.594901396506366e-69,1.008597899497742e-70,3.920440167126196e-72,1.523951868256299e-73,5.92416845108971e-75,2.303049924530685e-76,8.95363091624664e-78,3.481087837296982e-79,1.353476779853848e-80,5.262677363924033e-82,2.046363896802111e-83,7.957547524871453e-85,3.094538900496769e-86,0.005505135907377679
18.5,0.005258802127520974,0.00020423457411115,7.932092834773764e-06,3.080792880899499e-07,1.196612414414602e-08,4.647944077329723e-10,1.805447113557059e-11,7.013345516890513e-13,2.724472229549652e-14,1.058415818257604e-15,4.11194355069775e-17,1.597551810201192e-18,6.206972835620931e-20,2.411692445698779e-21,9.370899632255117e-23,3.641313192603595e-24,1.414986405990658e-25,5.498751392534012e-27,2.136946190896094e-28,8.305023623102068e-30,3.227795717641669e-31,1.254553519036644e-32,4.876300120542566e-34,1.895439133932669e-35,7.367964750488591e-37,2.864201814775383e-38,1.113469101872818e-39,4.328837684530273e-41,1.682996096350443e-42,6.543553976899816e-44,2.544269672897928e-45,9.893080946259444e-47,3.846972222155413e-48,1.495979705788833e-49,5.817703909061855e-51,2.262543216282247e-52,8.799573145501457e-54,3.422519072708053e-55,1.331219874337652e-56,5.178135943511052e-58,2.014266533825589e-59,7.835746090117767e-61,3.048342731978192e-62,1.185952647188016e-63,4.614143655497659e-65,1.795292326942979e-66,6.985534308232831e-68,2.718219780680135e-69,1.057767163882166e-70,4.116387567769313e-72,1.602002495426426e-73,6.234921086669093e-75,2.426719974108665e-76,9.445596446243732e-78,3.676717093652709e-79,1.431239234932739e-80,5.571671836847931e-82,2.169103060891259e-83,8.444934611056442e-85,3.288016017157238e-86,0.005471289323457692
19.5,0.005116563952180892,0.00019885480171359,7.728769291736558e-06,3.00400946067699e-07,1.167640218666896e-08,4.538723204361378e-10,1.764311883032583e-11,6.858578844311656e-13,2.666306879639941e-14,1.03658151224155e-15,4.030085116938401e-17,1.566904470415767e-18,6.092400824482014e-20,2.368929691610569e-21,9.211571675571519e-23,3.582063399774619e-24,1.392999228314956e-25,5.417347134213128e-27,2.10688457494862e-28,8.19432561595913e-30,3.187162402959122e-31,1.239691944101799e-32,4.822165151431243e-34,1.875811541572225e-35,7.297183306735689e-37,2.838836257238976e-38,1.10444621711821e-39,4.297026658062309e-41,1.671902230157244e-42,6.50538741137918e-44,2.531366433616151e-45,9.850460602770458e-47,3.833344352569471e-48,1.491828874319625e-49,5.806041912302414e-51,2.259755290442112e-52,8.79554688828298e-54,3.423612307005827e-55,1.332682537462558e-56,5.187872992248768e-58,2.019633499813815e-59,7.862786806104691e-61,3.061267212622733e-62,1.191919393204725e-63,4.641021053902129e-65,1.807179525250127e-66,7.037368004883282e-68,2.740567677332929e-69,1.067313992491219e-70,4.156859780541814e-72,1.619049565331335e-73,6.306328755666886e-75,2.456489201531619e-76,9.569185989933703e-78,3.727838684115005e-79,1.452316588254945e-80,5.658321891137624e-82,2.204632773462156e-83,8.590277961415591e-85,3.34734605805468e-86,0.005323460072763511
20.5,0.00504770775727202,0.0001964260933844932,7.644005505239795e-06,2.974813560036274e-07,1.157752099367066e-08,4.505972942730138e-10,1.753795187580923e-11,6.826318934329728e-13,2.657123851614011e-14,1.03431936752902e-15,4.02638470240045e-17,1.567450174215679e-18,6.102252913999733e-20,2.375772000596388e-21,9.249910457291886e-23,3.601543177275229e-24,1.40235564312981e-25,5.460674204913497e-27,2.126439549416743e-28,8.280920322405264e-30,3.224950674646111e-31,1.255991117911777e-32,4.891805671737137e-34,1.905333818340876e-35,7.421510776413471e-37,2.890899876610832e-38,1.126142568659425e-39,4.387058354172065e-41,1.709122819289716e-42,6.658755584266804e-44,2.594376065802454e-45,1.010864515637896e-46,3.938884583384503e-48,1.53487832437055e-49,5.981294104392666e-51,2.330971594987684e-52,9.084468772971585e-54,3.540649482396351e-55,1.380026058067911e-56,5.379138226865368e-58,2.096811053100326e-59,8.173859631597156e-61,3.186518527950784e-62,1.242302113333636e-63,4.843503429633825e-65,1.888485777253522e-66,7.363590883870343e-68,2.871359146903967e-69,1.119714806291678e-70,4.366660910427626e-72,1.702996532034187e-73,6.642023533649611e-75,2.59065457790742e-76,1.01051128409979e-77,3.941808138647039e-79,1.53770332716919e-80,5.998911896695257e-82,2.340428453897279e-83,9.131482875708505e-85,3.56295550878532e-86,0.005252087383884275
21.5,0.004965302481839192,0.0001935549131591795,7.545372677061282e-06,2.941543815950817e-07,1.146801377709455e-08,4.471152407580227e-10,1.743288446322081e-11,6.797319232703814e-13,2.6504819178705e-14,1.033548630410743e-15,4.030472892065483e-17,1.571810695164701e-18,6.130046213615128e-20,2.390818786346758e-21,9.325005593119052e-23,3.637233651723661e-24,1.418773560855687e-25,5.534455347330531e-27,2.159020332884394e-28,8.422843836243108e-30,3.286102193672501e-31,1.28210563981028e-32,5.00250017974284e-34,1.95196083973603e-35,7.616858748755226e-37,2.972361619431958e-38,1.159974541078038e-39,4.52706226363406e-41,1.766874906945744e-42,6.89630706746208e-44,2.691838239944681e-45,1.050758792083362e-46,4.101842117618985e-48,1.601315130381322e-49,6.251680285712266e-51,2.440837818625671e-52,9.530230921446868e-54,3.72126317495386e-55,1.453114820053929e-56,5.674559945700521e-58,2.216089403069864e-59,8.654965105781415e-61,3.380387158125108e-62,1.320355151976716e-63,5.157490134319903e-65,2.014695832329909e-66,7.870532751697295e-68,3.074839505093856e-69,1.201336220489794e-70,4.693865114569059e-72,1.834090117505812e-73,7.166958397858597e-75,2.800743639794973e-76,1.094551522643911e-77,4.277830275331026e-79,1.671996990667696e-80,6.535399576231696e-82,2.55466302583526e-83,9.98665462997893e-85,3.904194802504922e-86,0.005166708855326243
22.5,0.004832152490575085,0.000188578931873497,7.359770016958041e-06,2.872459942626884e-07,1.12114689623397e-08,4.376127755782999e-10,1.708191419688474e-11,6.668102792377545e-13,2.603079177508086e-14,1.016229852521106e-15,3.96749267297543e-17,1.549030858470381e-18,6.04816866217679e-20,2.361607627065604e-21,9.221716231006686e-23,3.601107323791346e-24,1.406309182543894e-25,5.492197354033898e-27,2.145024063643344e-28,8.377974848953968e-30,3.272404062492521e-31,1.278250345883013e-32,4.993282957587393e-34,1.95064318853759e-35,7.620632726464144e-37,2.977322656832877e-38,1.163275510600278e-39,4.545286025788285e-41,1.7760775969676e-42,6.940406016609282e-44,2.712252875552599e-45,1.059980740920289e-46,4.142746910480145e-48,1.619204106582184e-49,6.329037854291971e-51,2.47398365905888e-52,9.671172541987358e-54,3.780809030125312e-55,1.478133943858527e-56,5.779182517508069e-58,2.259658110752505e-59,8.835739328619127e-61,3.455150919700048e-62,1.351186341807176e-63,5.2843028394073e-65,2.066733635492021e-66,8.08361835710674e-68,3.161926047004954e-69,1.236865154513018e-70,4.838579339210993e-72,1.892946630257584e-73,7.406004775402537e-75,2.897709498091746e-76,1.13383814003625e-77,4.436829718635603e-79,1.736281201420544e-80,6.795056729527953e-82,2.6594507390567e-83,1.040918603793006e-84,4.074437528100458e-86,0.005028390105317354
23.5,0.004765599929268986,0.0001864683779563741,7.296452317655378e-06,2.855205644455339e-07,1.117332094258884e-08,4.372668315477527e-10,1.71131645519777e-11,6.697824951563903e-13,2.621543588440609e-14,1.026125179008985e-15,4.016647547246e-17,1.572343294303147e-18,6.15533134979517e-20,2.40977261482947e-21,9.434554679675587e-23,3.693921049381486e-24,1.446354739083852e-25,5.663477724250463e-27,2.217751487468579e-28,8.684883947309683e-30,3.401235995269499e-31,1.332082948988445e-32,5.21732242371813e-34,2.043554086597042e-35,8.004732042664194e-37,3.135666097319384e-38,1.228387307732532e-39,4.812419484021767e-41,1.885447421640539e-42,7.387343888591145e-44,2.894578249678795e-45,1.134241430457177e-46,4.444768019962264e-48,1.741871918911439e-49,6.826640099545245e-51,2.675602620818728e-52,1.048721514347864e-53,4.110766849030273e-55,1.61142374669859e-56,6.317148134170618e-58,2.476605835915216e-59,9.709958925157628e-61,3.807173801012168e-62,1.492838965202945e-63,5.853940554484128e-65,2.295666926802494e-66,9.003156656778827e-68,3.53106922497636e-69,1.384979311107695e-70,5.432579651030311e-72,2.131055761120064e-73,8.360062993500277e-75,3.27982325642823e-76,1.286819446543824e-77,5.049067771139156e-79,1.981213692547907e-80,7.774600860518242e-82,3.051066453304856e-83,1.197435520075307e-84,4.699802756962816e-86,0.004959661908505465
24.5,0.004650095776395607,0.0001823762354308044,7.153129195827906e-06,2.80572772947064e-07,1.10056772544467e-08,4.317277603592159e-10,1.693656338316901e-11,6.644508855596346e-13,2.606891254390719e-14,1.022834917067453e-15,4.013386058169678e-17,1.574850217127107e-18,6.1800310789819e-20,2.425299147776815e-21,9.518387537694803e-23,3.735812138752581e-24,1.466325595610475e-25,5.755720633209797e-27,2.259399690656089e-28,8.869735212340296e-30,3.482191413070692e-31,1.367159498218398e-32,5.36797457188939e-34,2.107786415536699e-35,8.27690177042677e-37,3.250380564125192e-38,1.276515222127204e-39,5.013526562575786e-41,1.969184194172647e-42,7.734909248710163e-44,3.038436229273187e-45,1.193634084313272e-46,4.689414699476603e-48,1.842436684083249e-49,7.239243184257611e-51,2.844595904642843e-52,1.117827973854364e-53,4.392952455575555e-55,1.726494999076632e-56,6.785808426027438e-58,2.667260710173139e-59,1.04847262966998e-60,4.121702463188594e-62,1.620407482564889e-63,6.37088924620657e-65,2.504979831129272e-66,9.850015719237879e-68,3.873452843181587e-69,1.523310474621791e-70,5.991113326250667e-72,2.35643647041371e-73,9.269006225083146e-75,3.646195831124414e-76,1.434419974662692e-77,5.643419235160353e-79,2.220435162589077e-80,8.737029564992501e-82,3.438108473858237e-83,1.353024111447339e-84,5.325027055798808e-86,0.004839917168828348
25.5,0.004526894791063303,0.0001778405927741922,6.986855420775306e-06,2.745068227729224e-07,1.078562265582382e-08,4.237972734407252e-10,1.66529860154135e-11,6.544059886788643e-13,2.571720504409056e-14,1.010698895648671e-15,3.972295082197836e-17,1.561288168874741e-18,6.13686622704555e-20,2.412306200819055e-21,9.482886793587234e-23,3.727959815127126e-24,1.465630754354096e-25,5.762365147681887e-27,2.26568748762536e-28,8.908866077114833e-30,3.503226478992051e-31,1.377645653606704e-32,5.417894350999394e-34,2.130823110477682e-35,8.380854325038091e-37,3.296502264942598e-38,1.296709892121328e-39,5.10101726622889e-41,2.006760075929199e-42,7.895124163712845e-44,3.106329305408058e-45,1.222253259216202e-46,4.809503637210619e-48,1.892626063096776e-49,7.448263664715176e-51,2.931373078591263e-52,1.15375377527305e-53,4.541311803430162e-55,1.787622497145735e-56,7.037149268330569e-58,2.770411823927361e-59,1.090733554095875e-60,4.294572525361941e-62,1.691018226354311e-63,6.658921066090617e-65,2.622326879561596e-66,1.032755025636258e-67,4.067574218291056e-69,1.602143749677904e-70,6.310960234928824e-72,2.486093860786403e-73,9.794174874080642e-75,3.858749470823449e-76,1.520385946437489e-77,5.990868433909073e-79,2.360774605560125e-80,9.303539557209185e-82,3.666662735260342e-83,1.445183264041346e-84,5.696448991222682e-86,0.004712007972835134
26.5,0.004448283590960794,0.0001756363702068783,6.93519397279871e-06,2.738578083152087e-07,1.081469270687281e-08,4.270964514620001e-10,1.686788574084289e-11,6.662211727427019e-13,2.631476452233518e-14,1.039450967940437e-15,4.106125088376695e-17,1.622124470824108e-18,6.40855616334975e-20,2.531980853593506e-21,1.000426135979955e-22,3.953067366893238e-24,1.562097588336315e-25,6.173153177334016e-27,2.439669940155146e-28,9.64229494454679e-30,3.811143030247284e-31,1.506453627994445e-32,5.955005334010223e-34,2.354152500788723e-35,9.307076089085783e-37,3.679750323847837e-38,1.454956596162992e-39,5.753187157582608e-41,2.275065613529585e-42,8.997181664122053e-44,3.558331217282113e-45,1.407387689850152e-46,5.566840761269742e-48,2.202072931447911e-49,8.711293032975607e-51,3.44636876781998e-52,1.363544262749882e-53,5.395171792520336e-55,2.134863092560036e-56,8.44818981619561e-58,3.343384675332882e-59,1.323238866479717e-60,5.237445673636908e-62,2.073148245794184e-63,8.206744112118999e-65,3.248937016344336e-66,1.286298362197781e-67,5.09298411892028e-69,2.016662685604382e-70,7.985915144332079e-72,3.162618145824794e-73,1.252563098133946e-74,4.961161910827128e-76,1.965161588368029e-77,7.784744309120439e-79,3.08405275617832e-80,1.221886148897932e-81,4.841403918921042e-83,1.918419844208245e-84,7.602350597978217e-86,0.004631140272299447
27.5,0.00431937747149958,0.0001709831243485767,6.768811832069934e-06,2.679778775191043e-07,1.060994080697527e-08,4.201019547072545e-10,1.663506011203932e-11,6.58752362411242e-13,2.608845401112979e-14,1.033244392954612e-15,4.092479705339524e-17,1.621059605936512e-18,6.421561034521045e-20,2.543967947298509e-21,1.007887952180022e-22,3.993398767179676e-24,1.5823520733582e-25,6.270378901326301e-27,2.484934127267277e-28,9.848421222663389e-30,3.903455173470825e-31,1.54725833356113e-32,6.133490882544545e-34,2.431554918015448e-35,9.640334692720375e-37,3.822363771028553e-38,1.515667711930258e-39,6.01046764482654e-41,2.383663861201229e-42,9.453974920561134e-44,3.749874775279165e-45,1.487483540068186e-46,5.90093532980615e-48,2.34111647444231e-49,9.288783965825841e-51,3.685772906160524e-52,1.462622825449644e-53,5.804574293196922e-55,2.303789770874054e-56,9.144289132055983e-58,3.629876694697179e-59,1.441015988864711e-60,5.721118113192312e-62,2.271581885717092e-63,9.020101564848416e-65,3.582037958647455e-66,1.422606669088813e-67,5.650352866234587e-69,2.244411809204798e-70,8.915915273207402e-72,3.542141446576309e-73,1.407351594598775e-74,5.592116669738801e-76,2.22221922582775e-77,8.831506574410965e-79,3.510104650674493e-80,1.39522052254021e-81,5.546299492899233e-83,2.204964460468277e-84,8.766733965168946e-86,0.004497408432921486
28.5,0.004210725054532329,0.0001673376738742653,6.650505086498865e-06,2.643259454642043e-07,1.050629095952843e-08,4.176223397759248e-10,1.660133039518367e-11,6.599744755501071e-13,2.623835877387233e-14,1.043209843881398e-15,4.147939127587007e-17,1.649373313569721e-18,6.558909636679307e-20,2.608378609244203e-21,1.037375803345694e-22,4.125991246218291e-24,1.641146676020544e-25,6.528202263914698e-27,2.596971100039396e-28,1.033161331695595e-29,4.110521104937345e-31,1.635511241249628e-32,6.507861411542649e-34,2.589711395146207e-35,1.030606665047947e-36,4.101693735519945e-38,1.632534663303343e-39,6.498164287696664e-41,2.586713025621235e-42,1.029758279509885e-43,4.099699316002423e-45,1.632294730635101e-46,6.499428947324223e-48,2.588105987168416e-49,1.030669288322247e-50,4.104754781708314e-52,1.634880019587274e-53,6.512016942766186e-55,2.59403781518006e-56,1.033399877860079e-57,4.117105593431908e-59,1.640390611436839e-60,6.536336231432061e-62,2.604674763768222e-63,1.038017785696295e-64,4.13702767576775e-66,1.64893887826687e-67,6.572844361890276e-69,2.620203097423285e-70,1.044598824227494e-71,4.164829539761142e-73,1.660650343406455e-74,6.622051961637146e-76,2.640830504724218e-77,1.053227453679829e-78,4.200854605346299e-80,1.675664622704681e-81,6.68452655192673e-83,2.66678764438275e-84,1.063997408660279e-85,0.004384988500640487
29.5,0.004098063080997419,0.000163865932447812,6.552838390751467e-06,2.620602765397392e-07,1.048103307114795e-08,4.192164839154481e-10,1.676888471441629e-11,6.708134774071947e-13,2.683683876905691e-14,1.073725125112441e-15,4.296227387568938e-17,1.719150869851907e-18,6.87976358891398e-20,2.753379229775704e-21,1.102025756624019e-22,4.411140136932272e-24,1.765808335792044e-25,7.069196724535812e-27,2.830287599986657e-28,1.133248789588728e-29,4.537894032300414e-31,1.817264000033032e-32,7.278074185640922e-34,2.91507617394988e-35,1.167665650616736e-36,4.677593307268397e-38,1.873967096924782e-39,7.508223603512641e-41,3.008488497918267e-42,1.205578843847736e-43,4.831468680322041e-45,1.936418341155064e-46,7.761682143474829e-48,3.111353404221161e-49,1.247325588001834e-50,5.000892174395726e-52,2.005175966205552e-53,8.040721109779049e-55,3.224595037124591e-56,1.293281901705514e-57,5.187393763895273e-59,2.080862507811342e-60,8.347873587682521e-62,3.349244116890482e-63,1.343867193610651e-64,5.392680079699497e-66,2.164172426441428e-67,8.685965506180979e-69,3.486450598437485e-70,1.399549421098601e-71,5.618655432330856e-73,2.255880674925748e-74,9.058150554260574e-76,3.637497901160873e-77,1.460850889584551e-78,5.867445447036658e-80,2.356852331043208e-81,9.467949439384674e-83,3.803818909257135e-84,1.528354773735054e-85,0.004268754829829731
30.5,0.003981039016323998,0.0001596929011007984,6.40628785476477e-06,2.570154409378201e-07,1.031203023078719e-08,4.137724796428998e-10,1.66039629785693e-11,6.663385018914181e-13,2.674307390847081e-14,1.07339921465231e-15,4.308687742522521e-17,1.72966833805621e-18,6.94408428008478e-20,2.788057526161335e-21,1.119498053970075e-22,4.495521578063349e-24,1.805394961124493e-25,7.251035401346396e-27,2.912485342674321e-28,1.169940182717658e-29,4.700023337751336e-31,1.888309073255051e-32,7.58722762652719e-34,3.048810097470559e-35,1.225222937249379e-36,4.92422176009292e-38,1.979238278979779e-39,7.956037251858856e-41,3.198409250872623e-42,1.285908320386174e-43,5.170409922466066e-45,2.079118241854508e-46,8.36128232618894e-48,3.362840862174294e-49,1.352632171166084e-50,5.441182787293804e-52,2.189008058560624e-53,8.807285605901221e-55,3.543869369790862e-56,1.426114722245115e-57,5.739480437928679e-59,2.310107966004171e-60,9.298947076317416e-62,3.743495294280482e-63,1.507172765978108e-64,6.068637911576508e-66,2.443779753881785e-67,9.841827568654394e-69,3.963989491974903e-70,1.596733686895079e-71,6.432442687328789e-73,2.591570317123283e-74,1.044224525613489e-75,4.207932691547969e-77,1.695851661268248e-78,6.835201063996449e-80,2.755238855204864e-81,1.110738711114334e-82,4.478261168441119e-84,1.805726374847682e-85,0.004147405963821373
31.5,0.003865624478172223,0.000156395040816267,6.327835899893176e-06,2.560451692319813e-07,1.03611353115421e-08,4.193027558047443e-10,1.696984719337403e-11,6.868441771255579e-13,2.780153746835806e-14,1.125407848335935e-15,4.55598017892268e-17,1.844525655213278e-18,7.468248972291061e-20,3.024017593799872e-21,1.224564036865635e-22,4.959187991665523e-24,2.008499586785082e-25,8.135144002493985e-27,3.295272118380517e-28,1.334904137187686e-29,5.408064277051691e-31,2.191123178145482e-32,8.878204285182002e-34,3.597634799465092e-35,1.457950650002485e-36,5.908844795329976e-38,2.394950565680811e-39,9.707891980776785e-41,3.935391330777286e-42,1.595459246576261e-43,6.46872217178558e-45,2.622928569890989e-46,1.063628082851551e-47,4.3134888228473e-49,1.749457063427207e-50,7.096003245418685e-52,2.87846134989135e-53,1.16773218182426e-54,4.73764497294539e-56,1.922287563588415e-57,7.800293422159436e-59,3.165486163528425e-60,1.284715453488307e-61,5.214476018600554e-63,2.116663123047939e-64,8.592712800213352e-66,3.488562194983508e-67,1.416447224885879e-68,5.751646796960236e-70,2.335726709538172e-71,9.486149693791634e-73,3.852974765239894e-74,1.565095028106036e-75,6.358046831414234e-77,2.583124267526459e-78,1.049555819708286e-79,4.264857658926822e-81,1.733174889252945e-82,7.043997075703343e-84,2.863089715089223e-85,0.004028614198181349
32.5,0.003747652986221983,0.0001525118107572801,6.20717195961594e-06,2.52656534574766e-07,1.028523018555848e-08,4.187400310580495e-10,1.704991391180355e-11,6.943003787052647e-13,2.827615614325649e-14,1.15170526083294e-15,4.691487795440424e-17,1.911297711229124e-18,7.787442308463967e-20,3.173294221221364e-21,1.293227927417973e-22,5.270954655284637e-24,2.148588219647483e-25,8.759252281820633e-27,3.571338707131022e-28,1.456281829760405e-29,5.938960330537998e-31,2.422290564177273e-32,9.880822140241311e-34,4.030984848703609e-35,1.644677281080615e-36,6.71122600784792e-38,2.738891794355009e-39,1.117892174993182e-40,4.563280606928541e-42,1.862974176519798e-43,7.606573619938135e-45,3.106161714079355e-46,1.268562799830266e-47,5.18146971861195e-49,2.116640973808573e-50,8.647584782343349e-52,3.533426010090331e-53,1.443945697000308e-54,5.901461033027124e-56,2.412249264378522e-57,9.861407462594028e-59,4.031900705379319e-60,1.648675069854198e-61,6.742403533923263e-63,2.757712220889501e-64,1.128074481466618e-65,4.615102246756211e-67,1.888337796025486e-68,7.727391761103953e-70,3.162577192663787e-71,1.294506886950642e-72,5.299350970484475e-74,2.169682286336694e-75,8.884332287959286e-77,3.638385192193725e-78,1.490211205375895e-79,6.104389966676001e-81,2.500875277573947e-82,1.024700931227079e-83,4.199113094732814e-85,0.003906635347217362
33.5,0.003636291132124853,0.0001489103002688303,6.098492818361468e-06,2.497768685748165e-07,1.02309055533624e-08,4.190909944030397e-10,1.716861294775105e-11,7.033879950605901e-13,2.881958914617973e-14,1.180902220913293e-15,4.839200784835388e-17,1.983202762109641e-18,8.128203969997075e-20,3.331626346621488e-21,1.365690920158635e-22,5.598648645835829e-24,2.295349789103386e-25,9.411300194857129e-27,3.859096792779093e-28,1.582549198845094e-29,6.49029561521758e-31,2.661997524966456e-32,1.091910211480864e-33,4.479221254801637e-35,1.837615326288444e-36,7.539514575383783e-38,3.093634803086019e-39,1.269497258936507e-40,5.209928144467194e-42,2.138302383243775e-43,8.776959619927327e-45,3.602938459918309e-46,1.47913399190411e-47,6.072902139814023e-49,2.493579953727229e-50,1.023973499133647e-51,4.205258432449881e-53,1.727171104558446e-54,7.094419721030046e-56,2.914320912365688e-57,1.19728344800634e-58,4.919215231983574e-60,2.021315169083038e-61,8.306378732382812e-63,3.413728837792952e-64,1.403091587056623e-65,5.767436653718647e-67,2.370934513872264e-68,9.747568427697764e-70,4.007865374112596e-71,1.648049079815174e-72,6.777467147790503e-74,2.787436869122518e-75,1.146523782931637e-76,4.716301595444008e-78,1.9402630078725e-79,7.982891475837231e-81,3.284736095119595e-82,1.351703443272343e-83,5.562923339888717e-85,0.003791560369979219
34.5,0.003509029048910092,0.0001454298931845873,6.027938868018921e-06,2.498806022639791e-07,1.03596459996795e-08,4.295424275604065e-10,1.781214046832552e-11,7.387120054915735e-13,3.063961555781697e-14,1.270985745375402e-15,5.272873631364219e-17,2.18777906192355e-18,9.078394931828303e-20,3.76759565486127e-21,1.563756758785368e-22,6.491183659553923e-24,2.694811949033361e-25,1.118878641575218e-26,4.646089093462151e-28,1.9294884790268e-29,8.013957302414886e-31,3.328910397842351e-32,1.38295325000586e-33,5.745968839650063e-35,2.387643404201891e-36,9.922615194506671e-38,4.124139714198863e-39,1.714317157510214e-40,7.12688249559119e-42,2.963184463335434e-43,1.232163882019839e-44,5.124234400521661e-46,2.131278744595002e-47,8.86548080476032e-49,3.688205618078727e-50,1.534541931211297e-51,6.385474968085719e-53,2.657409412168763e-54,1.106049453117722e-55,4.604064831727871e-57,1.916721939043704e-58,7.980453665123559e-60,3.323126014070909e-61,1.383938459497731e-62,5.764178958602684e-64,2.401092037316804e-65,1.000301210570986e-66,4.167766428524053e-68,1.7367067462506e-69,7.237692000668972e-71,3.016644493384143e-72,1.257472599539274e-73,5.242316326166203e-75,2.185738166482563e-76,9.11429726657916e-78,3.801003756293241e-79,1.58534349588987e-80,6.612996973067591e-82,2.7588179652096e-83,1.151058603190397e-84,0.003660747569336209
35.5,0.003407866448763093,0.0001419316817192036,5.911879975285188e-06,2.462758285014029e-07,1.02604954663581e-08,4.275291022362322e-10,1.781616723639196e-11,7.425309619795526e-13,3.095045114480063e-14,1.290244359200802e-15,5.379351977756224e-17,2.243062624033504e-18,9.354201404992279e-20,3.901452726329304e-21,1.627424047839178e-22,6.789382676213744e-24,2.832797003766076e-25,1.182106636710395e-26,4.933490727589776e-28,2.059248976808236e-29,8.596480912346611e-31,3.589138905093319e-32,1.498711235558828e-33,6.2589892334155e-35,2.614263737128856e-36,1.092078735895871e-37,4.562661630737227e-39,1.906525995357441e-40,7.967604189756249e-42,3.330226044066468e-43,1.39213387729758e-44,5.820362054339816e-46,2.433778701554207e-47,1.017828556731432e-48,4.257268141345869e-50,1.780945253624264e-51,7.451328045725132e-53,3.118032953103632e-54,1.304944281004406e-55,5.462202906783947e-57,2.286696986007739e-58,9.57446840405199e-60,4.009463894402442e-61,1.679282833043852e-62,7.034408858983084e-64,2.947120475511965e-65,1.23490911513869e-66,5.175343972631085e-68,2.169256199502158e-69,9.093899661714817e-71,3.812917643637445e-72,1.598942747043345e-73,6.706205872410048e-75,2.813128564505078e-76,1.180242511570673e-77,4.952473226569603e-79,2.078463761922315e-80,8.724337050585978e-82,3.662623555488188e-83,1.537879143549866e-84,0.003555966992901647
36.5,0.003276539917102987,0.0001386283695549486,5.865784224398669e-06,2.482204589557845e-07,1.050477592861994e-08,4.446045891253904e-10,1.881911586064629e-11,7.966412903708945e-13,3.37260066346327e-14,1.427926092239811e-15,6.046240540558144e-17,2.56037852096951e-18,1.084331734301194e-19,4.592610044399015e-21,1.945344638854027e-22,8.240874018087569e-24,3.491321942663789e-25,1.479267024644597e-26,6.268208875946548e-28,2.656321853963101e-29,1.125792686617934e-30,4.771740085915246e-32,2.022720599578742e-33,8.575035023105487e-35,3.635606885080146e-36,1.541555121649514e-37,6.537059505316029e-39,2.772344291624993e-40,1.175853823265285e-41,4.987708356798678e-43,2.115876922099895e-44,8.976798416086073e-46,3.808854167396003e-47,1.616252065999231e-48,6.859078717756177e-50,2.911149379694792e-51,1.235677854260112e-52,5.245515289882211e-54,2.226964121240624e-55,9.455412799282506e-57,4.015041276357436e-58,1.705068426344122e-59,7.241623018562991e-61,3.075900867128519e-62,1.306625384519121e-63,5.551012311610227e-65,2.358498664279846e-66,1.002170050277229e-67,4.258822468707616e-69,1.810005815577434e-70,7.693300564170089e-72,3.27030078987078e-73,1.390288518798537e-74,5.911046468550355e-76,2.513425214618183e-77,1.068832546728604e-78,4.545644062624358e-80,1.933406510257017e-81,8.22418471668976e-83,3.498681382045312e-84,0.003421293260372783
37.5,0.003173299496136913,0.0001354210808522214,5.780270164326549e-06,2.467726776550708e-07,1.053740071413907e-08,4.500469271162046e-10,1.922517806059547e-11,8.214319159151302e-13,3.510441647110015e-14,1.500518183424754e-15,6.415203028104721e-17,2.743275912454329e-18,1.173326294624976e-19,5.01947869718312e-21,2.147776959155231e-22,9.192015124676472e-24,3.934807473469402e-25,1.684719691171514e-26,7.214785216886141e-28,3.090373117790459e-29,1.324007152840328e-30,5.673640031312852e-32,2.43178608538566e-33,1.042512322985605e-34,4.470224529443612e-36,1.91721070733338e-37,8.224372281408362e-39,3.528808588369906e-40,1.514418374255495e-41,6.500639001047446e-43,2.790992073069148e-44,1.198542609676588e-45,5.148024478949391e-47,2.211667764237903e-48,9.503667304463897e-50,4.084646594202041e-51,1.755939434454483e-52,7.550160758759902e-54,3.247089865534579e-55,1.396766031568642e-56,6.009579095011639e-58,2.586159170002644e-59,1.113158493507492e-60,4.792355793078261e-62,2.06362660817625e-63,8.887976679000451e-65,3.828812553668113e-66,1.649735764945628e-67,7.109735086512948e-69,3.064649679538907e-70,1.321284301808845e-71,5.697696972929291e-73,2.457478108695587e-74,1.060148720010452e-75,4.574359889876121e-77,1.974148554888102e-78,8.521476380111936e-80,3.679043399147757e-81,1.588691441153481e-82,6.861645776233423e-84,0.003314758627362039
38.5,0.003062297140227753,0.0001323811783493895,5.72327884521923e-06,2.474591317851179e-07,1.070045245682392e-08,4.627442533441432e-10,2.001337418280812e-11,8.656456164252057e-13,3.744558630111555e-14,1.619951294692663e-15,7.008809180937166e-17,3.03268708574919e-18,1.312357566755859e-19,5.679604438112181e-21,2.458246605037826e-22,1.064080206054432e-23,4.606434971580832e-25,1.994331222795464e-26,8.635181912404609e-28,3.739277031059124e-29,1.619369015070034e-30,7.013682793530999e-32,3.038005811798803e-33,1.316052861116367e-34,5.701647749046409e-36,2.470414370425942e-37,1.070487626006344e-38,4.639123867644185e-40,2.010632955015048e-41,8.715095892384582e-43,3.777931839636689e-44,1.637867120218592e-45,7.101430270632659e-47,3.079325635888935e-48,1.335389763268527e-49,5.79166059553392e-51,2.512122390596497e-52,1.089735516400747e-53,4.727635885657735e-55,2.051207130724451e-56,8.900564859270826e-58,3.862496888417992e-59,1.676336490623089e-60,7.276067076043125e-62,3.15845416201215e-63,1.371181032182587e-64,5.953293430760303e-66,2.585008577317482e-67,1.122558090262195e-68,4.875259299814011e-70,2.117525223526323e-71,9.198168383136235e-73,3.995912015268002e-74,1.736089775398274e-75,7.543450415001283e-77,3.278003338293537e-78,1.42459075520192e-79,6.191731472848585e-81,2.691381386011134e-82,1.169982560879086e-83,0.003200660240669016
39.5,0.002945954017990182,0.0001295239010762538,5.696125305225451e-06,2.505615552947619e-07,1.102438110197238e-08,4.851750464328506e-10,2.135731764268952e-11,9.403694403817709e-13,4.141459086026973e-14,1.824361131722245e-15,8.038412645518263e-17,3.542674876181714e-18,1.561684364815166e-19,6.885819340112092e-21,3.036811258256645e-22,1.339612512487323e-23,5.910703808929973e-25,2.608538082077548e-26,1.15146969243204e-27,5.083988248941093e-29,2.245187420540289e-30,9.917358809762621e-32,4.381614184899115e-33,1.936271401813247e-34,8.5583810050694e-36,3.783638018732247e-37,1.673090392167076e-38,7.399806525410978e-40,3.273495340363879e-41,1.448414130208382e-42,6.410068902809005e-44,2.837401614132526e-45,1.256221837819914e-46,5.562864997771929e-48,2.463863211075986e-49,1.091490071827371e-50,4.836234389985916e-52,2.143277843470018e-53,9.500192725678092e-55,4.21180629031807e-56,1.867607531541904e-57,8.282917217896638e-59,3.674182489068625e-60,1.63011049783777e-61,7.233550306684957e-63,3.21043092994702e-64,1.425121005090951e-65,6.327264091941228e-67,2.809669376841762e-68,1.247868258192253e-69,5.543138765212785e-71,2.462722560966797e-72,1.094327183212735e-73,4.863513024919185e-75,2.161839350539895e-76,9.610952586423371e-78,4.273447588427661e-79,1.90045902620854e-80,8.452906717027467e-82,3.760281328577123e-83,0.003081436137824114
40.5,0.002859498795508317,0.0001268400648137989,5.626839616530103e-06,2.496400539246883e-07,1.107658156701724e-08,4.915176064778438e-10,2.181294709973087e-11,9.681254488841055e-13,4.297254059930295e-14,1.907623234877346e-15,8.469083700828372e-17,3.760300562438157e-18,1.669748516634994e-19,7.415185137105968e-21,3.29333117189666e-22,1.462821475563093e-23,6.498151075152058e-25,2.886894186251174e-26,1.282668824999755e-27,5.699553639082754e-29,2.532851910009648e-30,1.125696740040528e-31,5.003520452877539e-33,2.224193717958852e-34,9.888085033786025e-36,4.396371815633221e-37,1.954876199558667e-38,8.693340719068075e-40,3.866310353241538e-41,1.719686404845489e-42,7.649698135907891e-44,3.403155445617256e-45,1.514124803925482e-46,6.737269240886987e-48,2.998115871672874e-49,1.334305074757606e-50,5.938872536049504e-52,2.643595086096612e-53,1.176868261295009e-54,5.239654624025563e-56,2.333024368471768e-57,1.038909207520284e-58,4.626765832468582e-60,2.060719788286801e-61,9.179134821020666e-63,4.089082050430698e-64,1.821759527514769e-65,8.117032714854862e-67,3.61696607650266e-68,1.611878611460066e-69,7.183909431380068e-71,3.202062763510187e-72,1.42737853186502e-73,6.363391712875266e-75,2.837123083140327e-76,1.265049615199901e-77,5.641266798044275e-79,2.515852948012526e-80,1.122104303272498e-81,5.005187951327868e-83,0.002992226930917785
41.5,0.002731202619266933,0.0001244847259554302,5.674945925731122e-06,2.587557307747457e-07,1.180048620022958e-08,5.382581262641588e-10,2.455620005584462e-11,1.120497050997822e-12,5.113736942264727e-14,2.334228100334167e-15,1.06567453697612e-16,4.866104422573682e-18,2.222352580308801e-19,1.0151223126643e-20,4.637637971591057e-22,2.119081025032216e-23,9.684333451036891e-25,4.426521435937226e-26,2.023602914077973e-27,9.252458381153832e-29,4.231139517790063e-30,1.935196924275029e-31,8.852376137591415e-33,4.050052920443253e-34,1.853219933540723e-35,8.481212467353962e-37,3.881976816056561e-38,1.777097490690059e-39,8.136398457354433e-41,3.725762168713936e-42,1.706315545556575e-43,7.815633911377261e-45,3.580379513632166e-46,1.640413263560244e-47,7.516855515610876e-49,3.444904851065583e-50,1.578976774250826e-51,7.238209129607895e-53,3.318507362633857e-54,1.521633725001223e-55,6.978025634806477e-57,3.200438699736871e-58,1.468048529485324e-59,6.734799854008192e-61,3.090023629494778e-62,1.417918216324797e-63,6.507172124551624e-65,2.986651854183516e-66,1.370968796733079e-67,6.293912167120105e-69,2.889770846205748e-70,1.326952081466064e-71,6.093904942688528e-73,2.798879562909062e-74,1.285642887198996e-75,5.906138233326568e-77,2.713522924599602e-78,1.246836580835753e-79,5.729691719526534e-81,2.633286955380184e-82,0.002861633411353476
42.5,0.002663327105481585,0.0001221691658459129,5.605098914218745e-06,2.572117802965731e-07,1.180553533713098e-08,5.41962391538837e-10,2.488528705737927e-11,1.142898407874345e-12,5.250075196208357e-14,2.412225046150627e-15,1.108577418125106e-16,5.095791712285727e-18,2.342913723956174e-19,1.077460824390293e-20,4.956200237633686e-22,2.280341995119906e-23,1.049437444650989e-24,4.830812946554504e-26,2.224296443284437e-27,1.024414220987035e-28,4.719225600684407e-30,2.174602231618643e-31,1.002315915643736e-32,4.621116339548364e-34,2.131122635041007e-35,9.830849374717227e-37,4.53624507790069e-38,2.093758855113776e-39,9.666813001696751e-41,4.464453518195045e-42,2.062450122282656e-43,9.530827148767813e-45,4.405665791779484e-46,2.0371740926083e-47,9.422848208258667e-49,4.359889747899882e-50,2.017947548724605e-51,9.343015589902738e-53,4.327218915368691e-54,2.004827417488821e-55,9.291656949494432e-57,4.307835167873942e-58,1.997912119687498e-59,9.26929498572673e-61,4.302012130424615e-62,1.997343270258244e-63,9.276655895912854e-65,4.310119371419363e-66,2.003307750812025e-67,9.314679597114427e-69,4.332627432357224e-70,2.016040179828033e-71,9.384531836292934e-73,4.370113755358412e-74,2.03582580978013e-75,9.487618331647952e-77,4.423269577516345e-78,2.063003884681149e-79,9.625601107498516e-81,4.492907870750728e-82,0.002791370955602957
43.5,0.002540514232104568,0.0001205125793537266,5.717222982281737e-06,2.712562968768359e-07,1.287112237872639e-08,6.10794114473331e-10,2.898778526372161e-11,1.375868492512541e-12,6.531011354057403e-14,3.100455457140465e-15,1.472014250728944e-16,6.989400143472724e-18,3.319013919475963e-19,1.5762294036984e-20,7.486362557826026e-22,3.556012350955037e-23,1.689260119418516e-24,8.025471313231574e-26,3.813161456054779e-27,1.811925552686336e-28,8.610648985813928e-30,4.092339647876717e-31,1.9451252530196e-32,9.246203550748787e-34,4.395610098122398e-35,2.089847344603667e-36,9.936867627397617e-38,4.725239566200471e-39,2.247177560334196e-40,1.068784182470755e-41,5.083719196782654e-43,2.41830922088453e-44,1.150484262361268e-45,5.473787495577971e-47,2.604554259553501e-48,1.239415528038978e-49,5.898455715781763e-51,2.80735540455078e-52,1.336269228730293e-53,6.361035912826232e-55,3.028299642471267e-56,1.441805798498854e-57,6.865171952985332e-59,3.269133100129777e-60,1.556861998551686e-61,7.414873792375189e-63,3.531777496817989e-64,1.682358813662601e-65,8.014555377278425e-67,3.818348335571199e-68,1.819310183703727e-69,8.669076554885036e-71,4.131175020372786e-72,1.968832660090207e-73,9.383789425900718e-75,4.472823106581019e-76,2.132156086726266e-77,1.016458961749147e-78,4.846118914459851e-80,2.310635415900926e-81,0.002667028803086165
44.5,0.002477122257729477,0.0001186875156892987,5.6891747388794e-06,2.728244597271087e-07,1.308911414727273e-08,6.282510222897005e-10,3.016860118677039e-11,1.449369530920631e-12,6.966392772813055e-14,3.349997465854402e-15,1.611726783164013e-16,7.758029515767592e-18,3.736173439508714e-19,1.800199570546584e-20,8.678299084438383e-22,4.185728873142961e-23,2.019910608651688e-24,9.752583969399527e-26,4.711243042157003e-27,2.277095272219675e-28,1.101179802843185e-29,5.328045367848629e-31,2.579356446834977e-32,1.249365586527272e-33,6.054847726347721e-35,2.935979522130899e-36,1.424424213053034e-37,6.914526335386314e-39,3.358321986927666e-40,1.631995292007612e-41,7.93508924485931e-43,3.860295609256723e-44,1.878989903962687e-45,9.150874244507826e-47,4.45896357341175e-48,2.173888282844753e-49,1.06040329536969e-50,5.175280416943397e-52,2.527108756472079e-53,1.234637051140188e-54,6.035009431485441e-56,2.951465255312379e-57,1.444162731065055e-58,7.069860698213811e-60,3.462734950034117e-61,1.6968310460256e-62,8.318903541368613e-64,4.080362881572983e-65,2.002320915741712e-66,9.830320426548161e-68,4.828337065731122e-69,2.372576123052699e-70,1.166358586100333e-71,5.736275816150123e-73,2.822347940467905e-74,1.389217449235237e-75,6.840779345700554e-77,3.369869740787429e-78,1.66069283778737e-79,8.187110591051861e-81,0.002601785521673706
45.5,0.002376870244694243,0.0001177041716787684,5.829328292080519e-06,2.887256208338333e-07,1.430184785773237e-08,7.084983937034525e-10,3.510147247425928e-11,1.73920753481586e-12,8.618207476023969e-14,4.270923556356067e-15,2.116731714028164e-16,1.049177205722336e-17,5.20080692072863e-19,2.57828730197811e-20,1.278293027343073e-21,6.338228559363731e-23,3.142994124610217e-24,1.558681096240864e-25,7.730521983801167e-27,3.834405567093083e-28,1.902062443486904e-29,9.436019073880413e-31,4.681553405071164e-32,2.322887090678075e-33,1.152664658403276e-34,5.720242277832061e-36,2.838979433465192e-37,1.409114397766029e-38,6.994654153569744e-40,3.472338292435874e-41,1.723905299074859e-42,8.559337873227754e-44,4.250129119021154e-45,2.110566609247174e-46,1.048167722510293e-47,5.205915018444528e-49,2.585816684131008e-50,1.284495389802846e-51,6.381184690049579e-53,3.170325228111616e-54,1.575215021198223e-55,7.827249650340641e-57,3.889659879620342e-58,1.933067213821235e-59,9.607600899202608e-61,4.775462176543669e-62,2.373821755538676e-63,1.180083739461815e-64,5.866909032107483e-66,2.91700701435422e-67,1.450430641583314e-68,7.212529703026863e-70,3.586816854515983e-71,1.783863049541695e-72,8.872465525806188e-74,4.4132386864816e-75,2.195333880874525e-76,1.09212812952182e-77,5.433457054303029e-79,2.703387487970612e-80,0.002500707517563533
46.5,0.002313611909925595,0.0001165929693845542,5.879586197978721e-06,2.966997223572471e-07,1.498258212390254e-08,7.571086943358464e-10,3.828551010758872e-11,1.937392314166708e-12,9.810917233789799e-14,4.971783432497816e-15,2.521312369893901e-16,1.279540191904662e-17,6.498223592526802e-19,3.302547484125304e-20,1.679643435142861e-21,8.548664579236111e-23,4.354033881830305e-24,2.219200384116499e-25,1.131907440620609e-26,5.777409421456017e-28,2.950944434577206e-29,1.508315083008316e-30,7.71477847243255e-32,3.948681274584272e-33,2.022434853129924e-34,1.036542655921248e-35,5.31601352767668e-37,2.728142699095254e-38,1.400960280093888e-39,7.198760433386044e-41,3.701331814979002e-42,1.904240494360844e-43,9.802660877848914e-45,5.049162723403064e-46,2.602211863882173e-47,1.341863783205094e-48,6.923269311248126e-50,3.573925526958654e-51,1.845889377133287e-52,9.538632919481533e-54,4.931525430586208e-55,2.550853272960942e-56,1.320058385321822e-57,6.834373205486583e-59,3.539945678733438e-60,1.834346517689563e-61,9.509279549534639e-63,4.931623927534312e-64,2.55860422999414e-65,1.327950577428736e-66,6.89479325067058e-68,3.581097279334608e-69,1.86063687789082e-70,9.670590003492128e-72,5.02788660913738e-73,2.614896858625972e-74,1.360366035552552e-75,7.079209838885704e-77,3.684998856688715e-78,1.918710235092682e-79,0.002436396945247552
47.5,0.002232620278392078,0.000116298315970499,6.058558298684834e-06,3.156474436666769e-07,1.644645100599192e-08,8.569961300522568e-10,4.466034587989792e-11,2.327564198510183e-12,1.213158167407792e-13,6.323669462001189e-15,3.296527302349493e-16,1.718619661101856e-17,8.960624097720838e-19,4.672312969211514e-20,2.436467232868507e-21,1.270644333972595e-22,6.627076888853227e-24,3.456641868185063e-25,1.803104628964497e-26,9.406356401077256e-28,4.907447739118612e-29,2.560492338860643e-30,1.336055850976917e-31,6.972023971580744e-33,3.638530719918424e-34,1.899004203007361e-35,9.911931698463785e-37,5.173958717201521e-38,2.700969560906205e-39,1.410094702561747e-40,7.362215419857614e-42,3.844148863189529e-43,2.007349980046981e-44,1.048279302651639e-45,5.474717628843061e-47,2.85941391075238e-48,1.493560099920337e-49,7.8018670391416e-51,4.075719986546034e-52,2.129314810599915e-53,1.112512606672922e-54,5.812986665754597e-56,3.037545708483661e-57,1.587359210971083e-58,8.295762326505219e-60,4.335766312997031e-61,2.266228543587682e-62,1.184594218552678e-63,6.19246228122691e-65,3.237313679380501e-66,1.692519340879044e-67,8.849316704843652e-69,4.627142473103748e-70,2.419595888401713e-71,1.265317262263825e-72,6.617324855324046e-74,3.460921141570476e-75,1.810201740060123e-76,9.468650326931854e-78,4.953073890807464e-79,0.002355310150667962
48.5,0.002174487673759146,0.0001160623208822965,6.200588489646542e-06,3.315773722580656e-07,1.774800360847358e-08,9.50886022234815e-10,5.09944341586919e-11,2.737365622244249e-12,1.470815664210737e-13,7.910393866273585e-15,4.258442094328005e-16,2.294636295801016e-17,1.237611976564938e-18,6.681271432439108e-20,3.610218873534674e-21,1.952553836698666e-22,1.056969101642997e-23,5.726714950424088e-25,3.105464555018292e-26,1.685460656934009e-27,9.155342416748026e-29,4.977222220863498e-30,2.707996854080293e-31,1.474517403675256e-32,8.034964710172543e-34,4.38169222919384e-35,2.391194659004105e-36,1.305853272619612e-37,7.136271324409535e-39,3.902446270529636e-40,2.135414484493012e-41,1.169225259571547e-42,6.405839730158404e-44,3.511615948007228e-45,1.926115399399056e-46,1.057044662862235e-47,5.804056701737118e-49,3.188518289925315e-50,1.752495798391542e-51,9.636690152032608e-53,5.301440166037767e-54,2.917744874243877e-55,1.606500551477984e-56,8.848861614602073e-58,4.875957973712375e-59,2.687768244736952e-60,1.482096597625963e-61,8.175376574275303e-63,4.511069812662798e-64,2.48992371095994e-65,1.374743420528428e-66,7.592433529715163e-68,4.194294533324591e-69,2.317664002879185e-70,1.281005236903406e-71,7.081995841257262e-73,3.916159857028388e-74,2.166012586457071e-75,1.198266406821653e-76,6.63031003912542e-78,0.00229710091328022
49.5,0.002108640242904186,0.0001165539239411016,6.442949188761704e-06,3.561850599055465e-07,1.969244604328415e-08,1.08882074818037e-09,6.020681553100381e-11,3.329409830305376e-12,1.841284832241972e-13,1.018372346652145e-14,5.632794539304246e-16,3.115822432185428e-17,1.723664561420505e-18,9.535947602007031e-20,5.276012273501029e-21,2.919297554742914e-22,1.615404703094653e-23,8.939526658613346e-25,4.947407634469194e-26,2.738234546941081e-27,1.5156299030693e-28,8.389673208240796e-30,4.64436212519048e-31,2.571201110882191e-32,1.423556648439689e-33,7.882100872011665e-35,4.364530617226995e-36,2.416914105354628e-37,1.338482814775592e-38,7.412967400194874e-40,4.105810353866602e-41,2.274222665153406e-42,1.259778472587056e-43,6.97882460014275e-45,3.866313677366538e-46,2.142093345716957e-47,1.186877795278263e-48,6.576574254989993e-50,3.64434401456282e-51,2.019597040047335e-52,1.119271931112857e-53,6.203429286164556e-55,3.438374714994703e-56,1.905897447391619e-57,1.056502719365109e-58,5.856879508592833e-60,3.247030387725633e-61,1.800240901413411e-62,9.981571461705285e-64,5.534661410770696e-65,3.069070428266996e-66,1.701947390140477e-67,9.43862448924474e-69,5.234731464283605e-70,2.90337446633294e-71,1.610402621328263e-72,8.932817896735248e-74,4.955242530334058e-75,2.748929499355405e-76,1.525051005453038e-77,0.00223201414609188
50.5,0.002059400341531855,0.0001171911727201028,6.677166667040283e-06,3.809226979584458e-07,2.175863912874844e-08,1.24445313671037e-09,7.126524040429432e-11,4.086284038603795e-12,2.346004756890664e-13,1.348576189939794e-14,7.761825414481853e-16,4.472891829458578e-17,2.580728472452775e-18,1.490794633919626e-19,8.621962534814654e-21,4.992264050702967e-22,2.893886830835791e-23,1.679371754067327e-24,9.756218488095436e-26,5.673787410292661e-27,3.302999307790311e-28,1.924750346612938e-29,1.122682984589614e-30,6.554548303168879e-32,3.830162734462746e-33,2.240094704847938e-34,1.311221582849976e-35,7.681256710031488e-37,4.503197513583347e-38,2.641973499628571e-39,1.551104665453855e-40,9.112669951630952e-42,5.357091585363988e-43,3.151220028915694e-44,1.854736852088794e-45,1.092264592937144e-46,6.43581942412197e-48,3.794015908937555e-49,2.237705988698704e-50,1.320398960882532e-51,7.794633696201829e-53,4.603256414500353e-54,2.719596610309515e-55,1.607329965802308e-56,9.502952946115679e-58,5.620271024608077e-59,3.325015096017172e-60,1.967707674628253e-61,1.164800123863173e-62,6.896992149828136e-64,4.084881956998427e-65,2.419942409731182e-66,1.433939689325643e-67,8.498689597975425e-69,5.03806136022768e-70,2.98717583484141e-71,1.771493961749272e-72,1.050741945534714e-73,6.233416555172684e-75,3.698505951409745e-76,0.002183672682309656
51.5,0.002004768895991854,0.0001187750026896032,7.037442213962182e-06,4.169975300741389e-07,2.471045605565009e-08,1.464389030006042e-09,8.678814226999682e-11,5.143897779407026e-12,3.048962428264272e-13,1.807338151475039e-14,1.071406203208439e-15,6.35178940493233e-17,3.765867336991361e-18,2.232856098031192e-19,1.323984941212012e-20,7.85112245419649e-22,4.655932279884809e-23,2.761261652507207e-24,1.637699728987537e-25,9.713742996660816e-27,5.761882071072093e-28,3.417962994497891e-29,2.027661212060117e-30,1.202951973717429e-31,7.13716697346467e-33,4.23475133028743e-34,2.512778882709172e-35,1.491093086886454e-36,8.848694101294581e-38,5.251427448234419e-39,3.116729723948041e-40,1.849883268902302e-41,1.098026292919008e-42,6.517847798488161e-44,3.869176822791826e-45,2.296971766803294e-46,1.36368883200896e-47,8.096499430470446e-49,4.807303128707605e-50,2.854485050658903e-51,1.695024269581415e-52,1.006574187274798e-53,5.977742679394325e-55,3.550177297296818e-56,2.108550995882993e-57,1.252389041125532e-58,7.439013308343957e-60,4.418879769006153e-61,2.625002093919537e-62,1.559436124681642e-63,9.264582300536062e-65,5.504327478350974e-66,3.270413780900373e-67,1.943215727099372e-68,1.154673121354991e-69,6.861462259521964e-71,4.077497856123516e-72,2.423204696317155e-73,1.440143008463616e-74,8.55933761690853e-76,0.002131024605526728
52.5,0.001965942696770333,0.0001199381427396118,7.328858299323721e-06,4.485598623246383e-07,2.749920941931111e-08,1.688668167187396e-09,1.038721644871094e-10,6.4001332448564e-12,3.95016957718607e-13,2.442187225236478e-14,1.512432304418938e-15,9.382135646548342e-17,5.829737743672441e-18,3.628344512709401e-19,2.261876168399786e-20,1.41226657341855e-21,8.831553270249586e-23,5.531125549982055e-24,3.46918954327394e-25,2.179021521459057e-26,1.370546845113673e-27,8.631856521436403e-29,5.443409148490814e-30,3.436942124134075e-31,2.172629664613729e-32,1.374956960957473e-33,8.710841791439184e-35,5.524292400479949e-36,3.506847513202342e-37,2.228226748730922e-38,1.417043681444229e-39,9.01920150357265e-41,5.74505531841407e-42,3.662204312216338e-43,2.336118299727088e-44,1.491191518424442e-45,9.524485843452973e-47,6.08699780235669e-48,3.892270201390522e-49,2.490156063955356e-50,1.593896725590375e-51,1.020682913793626e-52,6.5389244687693e-54,4.190781997407681e-55,2.686867417720436e-56,1.723255309960361e-57,1.10559398517154e-58,7.095375699698594e-60,4.554916484872178e-61,2.924845191725734e-62,1.878604938226979e-63,1.206900028005899e-64,7.755396576791601e-66,4.984569381894759e-67,3.204325716144377e-68,2.060278238884914e-69,1.32492257558004e-70,8.52169642556888e-72,5.481865745467759e-73,3.526904054631262e-74,0.002093687556242528
53.5,0.001919429899835711,0.0001233157595034025,7.923001763810442e-06,5.090794669295381e-07,3.271190839401271e-08,2.102085959080779e-09,1.350887456119935e-10,8.68184032847988e-12,5.579922523076459e-13,3.586477543626572e-14,2.305321286185618e-15,1.481897033735841e-16,9.526374470641215e-18,6.124352102312297e-19,3.937452852437978e-20,2.531588579454125e-21,1.62777086022702e-22,1.046684102794516e-23,6.730697011504047e-25,4.328389622174202e-26,2.783648454867903e-27,1.790292551384463e-28,1.151476402540883e-29,7.406403106391391e-31,4.764098821775142e-32,3.064609463212482e-33,1.971470695042347e-34,1.268312216034813e-35,8.159856848597253e-37,5.249999633726349e-38,3.37797344294263e-39,2.173568193103687e-40,1.398653863897145e-41,9.000508127080008e-43,5.792198918522741e-44,3.727686933555201e-45,2.399135526241147e-46,1.544149640276594e-47,9.939009513438484e-49,6.397581316227364e-50,4.118199474059354e-51,2.651048475165691e-52,1.706658220146235e-53,1.098737418924306e-54,7.073911434289714e-56,4.554529724849763e-57,2.932550906001112e-58,1.888276344631622e-59,1.215915509245759e-60,7.829949770837947e-62,5.042340480848863e-63,3.247303311211807e-64,2.091370232087955e-65,1.346964818197273e-66,8.675584250604669e-68,5.588023791414723e-69,3.599437893145392e-70,2.318611224569464e-71,1.493612312034493e-72,9.621979510409274e-74,0.002051212698931115
54.5,0.001890171037482807,0.0001240411139990205,8.153558020147137e-06,5.368833486734296e-07,3.54158310158313e-08,2.340625434572327e-09,1.549936835113526e-10,1.028424100075671e-11,6.838057869499853e-13,4.55636854140732e-14,3.042639595442098e-15,2.036311803146794e-16,1.365880859918744e-17,9.182580931224278e-19,6.187348008012396e-20,4.178614455527281e-21,2.82841999350654e-22,1.918805573860265e-23,1.304611145874409e-24,8.889512348147666e-26,6.070180940109652e-27,4.153641577358843e-28,2.847960811967803e-29,1.956536797394295e-30,1.346667416920501e-31,9.28578470276121e-33,6.41400228984967e-34,4.437693250098e-35,3.075162146946394e-36,2.134155530556419e-37,1.483188293066458e-38,1.032152760501247e-39,7.191758349168441e-41,5.016911387771903e-42,3.50361087319983e-43,2.449302464340012e-44,1.713903624169223e-45,1.200381949126172e-46,8.414235364339658e-48,5.902642570472436e-49,4.143724466945336e-50,2.910885742050445e-51,2.046105895126729e-52,1.439063089754151e-53,1.012655641911138e-54,7.129460752994575e-56,5.02167333850752e-57,3.538524516617555e-58,2.494388684451818e-59,1.758982196657321e-60,1.240801645689994e-61,8.755400071004863e-63,6.17977010165538e-64,4.36296869942249e-65,3.081036463871e-66,2.176249760426601e-67,1.537484065807694e-68,1.086415419794381e-69,7.678185399167792e-71,5.427416012653314e-72,0.002022940515317654
55.5,0.001849291995947538,0.0001305866281678578,9.221745575358766e-06,6.51251330625404e-07,4.599440693092634e-08,3.248494895949246e-09,2.294457277410657e-10,1.620683613421916e-11,1.144819040547728e-12,8.087152726919445e-14,5.713135256357615e-15,4.036205694785794e-16,2.851621397401643e-17,2.014791429375343e-18,1.423599572809375e-19,1.005923600348952e-20,7.108229010554138e-22,5.02315944230571e-23,3.549862473623539e-24,2.508793877503018e-25,1.773116206323802e-26,1.253222146764144e-27,8.858036107989608e-29,6.261310426217364e-30,4.425999011614421e-31,3.128783840072064e-32,2.21186116070152e-33,1.563716818654325e-34,1.105544379702948e-35,7.81649353000316e-37,5.52669339779243e-38,3.907835465762808e-39,2.7632778689918e-40,1.954025070796298e-41,1.381824481498393e-42,9.772208121779645e-44,6.911137014562189e-45,4.887909611554109e-46,3.457113164601519e-47,2.445235496516275e-48,1.72959473280418e-49,1.22344509645312e-50,8.65448014646178e-52,6.122288084797816e-53,4.331144921382929e-54,3.064133997786933e-55,2.167847767246103e-56,1.533789309769503e-57,1.085221617961031e-58,7.678685496485078e-60,5.433390849894267e-61,3.844771618609893e-62,2.720730924374402e-63,1.925377955082732e-64,1.362578922028121e-65,9.64322990328107e-67,6.824934257501139e-68,4.830470517255918e-69,3.418970288966558e-70,2.420003876782785e-71,0.001989801110807609
56.5,0.001827648251041598,0.0001290582683012788,9.113816103291647e-06,6.436292148640213e-07,4.545609756015403e-08,3.210475159201211e-09,2.267603406784128e-10,1.601715455457134e-11,1.131420306691e-12,7.992502303394985e-14,5.646269860101798e-15,3.988966747860546e-16,2.818246588972831e-17,1.991210712089142e-18,1.406938047171665e-19,9.941504710386381e-21,7.025035715079667e-22,4.964369385446446e-23,3.50831559081723e-24,2.479431454032173e-25,1.752364007675694e-26,1.238554684559973e-27,8.754363419031309e-29,6.188029297039868e-30,4.374198001405513e-31,3.092165177660317e-32,2.18597397856128e-33,1.545415388700458e-34,1.092605308648231e-35,7.725010847769607e-37,5.462010079886288e-38,3.862098938410336e-39,2.73093701561021e-40,1.931155550858501e-41,1.365651883202465e-42,9.657836145791512e-44,6.830250444522959e-45,4.830702491754964e-46,3.416651801220523e-47,2.416616947667565e-48,1.709351900807122e-49,1.209126138910407e-50,8.553189835902918e-52,6.050634045393322e-53,4.280454064539073e-54,3.028271984242803e-55,2.14247570908979e-56,1.515838145414247e-57,1.072520400458857e-58,7.588815692006898e-60,5.369799526410964e-61,3.799773177954145e-62,2.688888031951843e-63,1.902843715277092e-64,1.346631569924065e-65,9.53036746265335e-67,6.745056587347984e-68,4.773935653167247e-69,3.378955342199069e-70,2.391680633782086e-71,0.001966512875228667
57.5,0.001789168260089587,0.00014088741730086,1.10961120056709e-05,8.740592686789196e-07,6.886155032154478e-08,5.425922182753469e-09,4.27589137711579e-10,3.370016611330292e-11,2.656354512241346e-12,2.094041813737307e-13,1.65092376764589e-14,1.301692420314849e-15,1.026424507427068e-16,8.094327365558566e-18,6.383629615211235e-19,5.034843808220922e-20,3.971313245281791e-21,3.132641356060842e-22,2.471236505207841e-23,1.949592658939137e-24,1.538148744711827e-25,1.21360322907324e-26,9.575868738526883e-28,7.55617381497754e-29,5.962759358810829e-30,4.705584468208812e-31,3.713643674524405e-32,2.930938629145082e-33,2.313303285442683e-34,1.82590148170334e-35,1.441254323739965e-36,1.137685058489296e-37,8.980929741761379e-39,7.089866348305155e-40,5.597215385942464e-41,4.418989305483524e-42,3.488916702764287e-43,2.754702778982085e-44,2.175079735713755e-45,1.717480100274437e-46,1.356201318240868e-47,1.070957803883829e-48,8.457385942871845e-50,6.679060599196598e-51,5.274847685683332e-52,4.16600356914763e-53,3.29036746056858e-54,2.598867257093119e-55,2.052762062867208e-56,1.621465977761375e-57,1.280830550544987e-58,1.011789169818364e-59,7.992870773651854e-61,6.314367897780014e-62,4.988514160755823e-63,3.941183797673731e-64,3.113839597625859e-65,2.460253022848146e-66,1.943914777626607e-67,1.535990403239942e-68,0.001942100600310285
58.5,0.001769537017857399,0.0001395254937336335,1.100185384400682e-05,8.67553869337191e-07,6.84140338989194e-08,5.395255368877691e-09,4.254972582520651e-10,3.355825538316282e-11,2.646791481969882e-12,2.087650166008604e-13,1.646695360839482e-14,1.298931478045586e-15,1.024652407057741e-16,8.083215067053221e-18,6.376888948121809e-19,5.030957278504728e-20,3.969258349021389e-21,3.131734769578986e-22,2.471026251274879e-23,1.949783685746556e-24,1.538551733271197e-25,1.214099515416097e-26,9.58104524005054e-28,7.561149634252472e-29,5.967315859365162e-30,4.709625639748358e-31,3.717147818045002e-32,2.933926824149344e-33,2.315819163426214e-34,1.827998553957939e-35,1.442988304579071e-36,1.139109448361838e-37,8.992567334820892e-39,7.099331672949472e-40,5.604884677010293e-41,4.425183320189856e-42,3.493905444873719e-43,2.758711269042481e-44,2.178294008063561e-45,1.720052955954496e-46,1.358257586323967e-47,1.072599003591817e-48,8.470469749041839e-50,6.689480441274662e-51,5.283138503570922e-52,4.172595162957169e-53,3.295604451337402e-54,2.603025479749635e-55,2.05606195688543e-56,1.624083476317538e-57,1.282905902008014e-58,1.013434061247328e-59,8.00590371067471e-61,6.324691320735912e-62,4.996689324546066e-63,3.947656323234795e-64,3.118963105573896e-65,2.464307994517044e-66,1.947123589703866e-67,1.538529300017316e-68,0.001921006190522592
59.5,0.00173786701125394,0.00014909449834528,1.283874575684121e-05,1.10949581254401e-06,9.620336066747925e-08,8.368178422417314e-09,7.300614194096191e-10,6.386841034931939e-11,5.601725894039335e-12,4.924692148960355e-13,4.338833504978447e-14,3.830207508873462e-15,3.387271434674102e-16,3.000431114240728e-17,2.661679450269726e-18,2.36430621335704e-19,2.102664563606847e-20,1.871982767941215e-21,1.668211977723544e-22,1.487902822250841e-23,1.328105068237071e-24,1.18628577724719e-25,1.06026232807871e-26,9.481474112974378e-28,8.483036894951559e-29,7.593062816647299e-30,6.799115988722438e-31,6.090313512556259e-32,5.457107791644557e-33,4.891103465027532e-34,4.384902819365133e-35,3.931974713932833e-36,3.526542993852021e-37,3.163491120097718e-38,2.838280348833246e-39,2.546879277946642e-40,2.285702969483641e-41,2.051560172142797e-42,1.841607423305032e-43,1.653309017262864e-44,1.484401994962473e-45,1.332865448281838e-46,1.196893544694031e-47,1.074871770930142e-48,9.653559708098933e-50,8.670538158250072e-51,7.788083998023652e-52,6.995836930145768e-53,6.284516280305081e-54,5.64580620684311e-55,5.072253558190643e-56,4.557176897639266e-57,4.094585405082947e-58,3.679106527931997e-59,3.305921392984717e-60,2.970707111320575e-61,2.669585212276633e-62,2.399075532782111e-63,2.156054966819137e-64,1.937720548268438e-65,0.00190101512277931
60.5,0.001713164666069577,0.0001536737768827096,1.378531807503165e-05,1.236659423529039e-06,1.10942934950186e-07,9.953259716314075e-09,8.929910292670569e-10,8.012072272743016e-11,7.188835606414964e-12,6.450421718132795e-13,5.788065801320738e-14,5.193911396598036e-15,4.660915967599932e-16,4.18276632334429e-17,3.75380285697631e-18,3.368951678870871e-19,3.023663818826e-20,2.713860758645009e-21,2.435885633857284e-22,2.186459512630544e-23,1.962642221941472e-24,1.761797246566498e-25,1.581560276117771e-26,1.419811019796117e-27,1.274647948313032e-28,1.144365658039005e-29,1.02743458430564e-30,9.22482819317122e-32,8.282798156645197e-33,7.437217792984352e-34,6.678185762832462e-35,5.996819959809916e-36,5.385152297201831e-37,4.836034386956175e-38,4.343052979999805e-39,3.900454154676535e-40,3.503075345600239e-41,3.146284399686575e-42,2.825924930734758e-43,2.538267319708252e-44,2.27996477573528e-45,2.048013933644176e-46,1.839719518304799e-47,1.652662654829048e-48,1.484672447383491e-49,1.33380048851681e-50,1.198297995979056e-51,1.076595305434669e-52,9.67283475627124e-54,8.690977877816773e-55,7.80902943638738e-56,7.016797867677733e-57,6.305133899648347e-58,5.665823678051755e-59,5.091492880022485e-60,4.575520682914027e-61,4.111962572683279e-62,3.6954810810966e-63,3.321283635125101e-64,2.985066786240604e-65,0.00188198229765473
61.5,0.0016914907669985,0.0001555001844602651,1.434269581453142e-05,1.327736386739671e-06,1.234009899129899e-07,1.151845923301071e-08,1.080133158135991e-09,1.017879528946902e-10,9.641999558658895e-12,9.183054082259482e-13,8.794931105750297e-14,8.471377801139534e-15,8.206837880053242e-16,7.996381483225967e-17,7.835642485374881e-18,7.720762445065414e-19,7.648340510264875e-20,7.615388662842161e-21,7.619291750207357e-22,7.657771810401932e-23,7.728856248968148e-24,7.830849472491156e-25,7.962307625392965e-26,8.122016113882059e-27,8.308969634383551e-28,8.522354453707167e-29,8.761532715020363e-30,9.026028567711922e-31,9.315515940752793e-32,9.629807798447779e-33,9.968846734761647e-34,1.033269677790594e-34,1.072153629077808e-35,1.113565186532052e-36,1.157543312006631e-37,1.204136832019427e-38,1.253404074845186e-39,1.305412576342714e-40,1.360238848895889e-41,1.417968208505271e-42,1.478694655660017e-43,1.542520806154631e-44,1.609557868498103e-45,1.679925664999879e-46,1.753752694012785e-47,1.831176231172148e-48,1.912342467796815e-49,1.997406684915394e-50,2.086533461652896e-51,2.179896916962124e-52,2.277680983913305e-53,2.380079715966757e-54,2.487297624849298e-55,2.599550049837275e-56,2.71706355841945e-57,2.840076378473094e-58,2.968838862237834e-59,3.103613982515513e-60,3.244677861661654e-61,3.39232033406628e-62,0.001862797495687929
62.5,0.001647798854456263,0.0001719794076115519,1.794996898190214e-05,1.873552693368335e-06,1.955613525669372e-07,2.041338462810556e-08,2.130893903341963e-09,2.224453919256801e-10,2.322200614817278e-11,2.424324502372226e-12,2.531024895980191e-13,2.642510323691076e-14,2.758998959380652e-15,2.88071907507561e-16,3.007909514752139e-17,3.140820190638748e-18,3.27971260310389e-19,3.424860385261428e-20,3.576549873481871e-21,3.735080705055029e-22,3.90076644430996e-23,4.073935238561961e-24,4.254930505322324e-25,4.444111652276783e-26,4.641854831611597e-27,4.848553730342951e-28,5.06462039838613e-29,5.290486116185097e-30,5.526602303812105e-31,5.773441473539637e-32,6.031498227984849e-33,6.301290306028707e-34,6.583359678819719e-35,6.878273698284561e-36,7.186626300686225e-37,7.509039267894298e-38,7.846163549161991e-39,8.198680646341228e-40,8.567304065610078e-41,8.952780838937409e-42,9.35589311866678e-43,9.777459848767738e-44,1.021833851647565e-44,1.067942698822353e-45,1.116166543396079e-46,1.166603834415361e-47,1.219357664397302e-48,1.274535990939674e-49,1.332251869018309e-50,1.392623694491829e-51,1.455775459359339e-52,1.521837019343533e-53,1.590944374399725e-54,1.663239962780797e-55,1.738872969319073e-56,1.817999648618485e-57,1.900783663884614e-58,1.987396442155864e-59,2.078017546736605e-60,2.17283506767251e-61,0.001839820137748515
63.5,0.001633209649236091,0.0001704567442934513,1.7791044377443e-05,1.856964719259458e-06,1.938299005162106e-07,2.023264954823078e-08,2.112027493540671e-09,2.204759152117541e-10,2.301640422509611e-11,2.402860130316289e-12,2.508615824918538e-13,2.61911418811027e-14,2.734571462109493e-15,2.855213897878594e-16,2.981278224728026e-17,3.113012142224973e-18,3.250674835478027e-19,3.394537514920851e-20,3.544883981772277e-21,3.702011220407318e-22,3.86623001893371e-23,4.037865619331231e-24,4.217258398577107e-25,4.404764582249951e-26,4.600756992177198e-27,4.805625829767162e-28,5.019779496746651e-29,5.243645455108806e-30,5.477671128163728e-31,5.722324844676639e-32,5.978096828174916e-33,6.245500233606991e-34,6.525072233642311e-35,6.817375157013328e-36,7.122997681417643e-37,7.442556083621315e-38,7.776695549533163e-39,8.126091547155576e-40,8.491451265458668e-41,8.873515122374218e-42,9.273058345261582e-43,9.690892627362109e-44,1.012786786393036e-44,1.058487397191108e-45,1.106284279722053e-46,1.156275011388874e-47,1.208561771952922e-48,1.263251563181984e-49,1.320456439090984e-50,1.380293747290767e-51,1.442886381985818e-52,1.508363049188246e-53,1.576858544743254e-54,1.648514045790517e-55,1.723477416316594e-56,1.801903527485639e-57,1.883954593469516e-58,1.969800523533856e-59,2.059619291173752e-60,2.153597321131949e-61,0.001823530823379089
64.5,0.001590172471155492,0.0001813617825231243,2.085192923388439e-05,2.41655590498514e-06,2.822256715879525e-07,3.320458038495348e-08,3.933836232334057e-09,4.690707273714949e-10,5.626433936266848e-11,6.785184523179845e-12,8.222131054065457e-13,1.000619680597274e-13,1.222349061344208e-14,1.498159972701655e-15,1.84149560401962e-16,2.269154428139795e-17,2.802128803195538e-18,3.466653355338759e-19,4.295515661509585e-20,5.32969490965121e-21,6.620410671246054e-22,8.231684505530953e-23,1.024354286192598e-23,1.275602195286966e-24,1.589417555464637e-25,1.981433708744669e-26,2.471195036600708e-27,3.083136227471506e-28,3.847806928021645e-29,4.803403312341015e-30,5.997683545454979e-31,7.490363437795628e-32,9.356112760293826e-33,1.168830293524363e-33,1.460369466262579e-34,1.824830139575034e-35,2.280472383519381e-36,2.850132475912022e-37,3.562370629750551e-38,4.452906787684973e-39,5.566416838046351e-40,6.958779793507858e-41,8.699889234530947e-42,1.087717080678495e-42,1.35999832161983e-43,1.700512479181032e-44,2.126372354443216e-45,2.658985856688133e-46,3.325134814068905e-47,4.158324946878647e-48,5.200475209564245e-49,6.504031875729061e-50,8.134614232819519e-51,1.017432565997003e-51,1.272589754848242e-52,1.591787569883411e-53,1.991111163135847e-54,2.490688736030615e-55,3.115708495981285e-56,3.897691589955067e-57,0.001795122635962149
65.5,0.001546129762013552,0.0001930708339786879,2.411023877513846e-05,3.010928443395825e-06,3.760221420925247e-07,4.696133602004085e-08,5.865181912500571e-09,7.325487403008388e-10,9.149672307333518e-11,1.142848094076795e-11,1.42753054323953e-12,1.783184257761989e-13,2.227516473153132e-14,2.782655848325123e-15,3.476257341164906e-16,4.342883397124366e-17,5.42573060570005e-18,6.778788300727712e-19,8.469537243098915e-20,1.058232361788214e-20,1.32225774643491e-21,1.652208704158246e-22,2.064559364668854e-23,2.579903771522996e-24,3.223986998254589e-25,4.028994524695145e-26,5.035164607762381e-27,6.292804619075565e-28,7.864812636025402e-29,9.829830987365324e-30,1.228619025039605e-30,1.535684197795665e-31,1.919552820652169e-32,2.399449807324893e-33,2.999415979306831e-34,3.749515375083168e-35,4.687345447193785e-36,5.859926191051274e-37,7.326063355097068e-38,9.159304791207143e-39,1.145163892585669e-39,1.431812177934107e-40,1.790266582622036e-41,2.23852826459777e-42,2.7991144726704e-43,3.500192367220021e-44,4.376997707616863e-45,5.473610029031941e-46,6.845173951823344e-47,8.560678824366677e-48,1.070643713821759e-48,1.339043750421757e-49,1.67477922318766e-50,2.094755495638546e-51,2.620125311828733e-52,3.277356693947069e-53,4.099569526291531e-54,5.128208475175568e-55,6.415136938775555e-56,8.025258062679772e-57,0.001766751448976048
66.5,0.001534161438796927,0.0001915763060279736,2.39236055845872e-05,2.987621366798476e-06,3.731114196915083e-07,4.659781643586286e-08,5.819780553198298e-09,7.26878207133924e-10,9.078846275657011e-11,1.13400150453854e-11,1.416480276073828e-12,1.769380936672109e-13,2.210273653193224e-14,2.761115790425964e-15,3.449348234008825e-16,4.309265887478081e-17,5.383730962998141e-18,6.726314872304378e-19,8.403976019383355e-20,1.050040768006538e-20,1.312022377791329e-21,1.639419242187775e-22,2.048577967516205e-23,2.559933182401704e-24,3.199030672214364e-25,3.997806774550057e-26,4.996188268935472e-27,6.244093106322533e-28,7.803932480957718e-29,9.753739964922049e-30,1.219108497551524e-30,1.523796731885983e-31,1.904693894090256e-32,2.38087608114635e-33,2.976198018703895e-34,3.720491024723167e-35,4.651061516363209e-36,5.814565515380211e-37,7.269353565082364e-38,9.088404196138081e-39,1.136299376851477e-39,1.420728767374376e-40,1.776408438479696e-41,2.221200204263838e-42,2.777447011405297e-43,3.473097983164768e-44,4.343116124990214e-45,5.431239759990682e-46,6.792186643550624e-47,8.49441208942568e-48,1.062356045909474e-48,1.32867844422302e-49,1.661815046731026e-50,2.078540355455904e-51,2.599843374716814e-52,3.251987242318218e-53,4.06783546725901e-54,5.088511899854997e-55,6.365478472682652e-56,7.963135927299685e-57,0.001753075331418328
67.5,0.001462628907633558,0.000206395080242516,2.94547595087895e-05,4.248746478063696e-06,6.190032499111608e-07,9.10066554113952e-08,1.348937279930888e-08,2.013867353608682e-09,3.025402728759836e-10,4.569469906568666e-11,6.933123764894933e-12,1.05599163811631e-12,1.6135676628834e-13,2.472142962641288e-14,3.795939564978702e-15,5.83922923218329e-16,8.995831765509287e-17,1.387585518885978e-17,2.142468109792768e-18,3.310746513319768e-19,5.11952455993654e-20,7.920864479836842e-21,1.226060051152427e-21,1.898506722836804e-22,2.940664039113456e-23,4.556051001260587e-24,7.0602981411284e-25,1.094293355102096e-25,1.696323137135778e-26,2.629890660021112e-27,4.077680121086583e-28,6.323078427004561e-29,9.805703784151245e-30,1.52075617190599e-30,2.358672573915249e-31,3.658476435791528e-32,5.674860758082955e-33,8.803000577162021e-34,1.365605929078508e-34,2.118546714086295e-35,3.286758154671504e-36,5.099337435187532e-37,7.911802520411457e-38,1.227587097002202e-38,1.904776291002144e-39,2.955630200608506e-40,4.586383891891136e-41,7.11712643573733e-42,1.104467010241278e-42,1.714014359833609e-43,2.660049270707981e-44,4.128367205670501e-45,6.407377101309347e-46,9.944787391992789e-47,1.543561401606215e-47,2.395882145801737e-48,3.718947757800654e-49,5.772816410385022e-50,8.961246369782823e-51,1.391111868432308e-51,0.001703453363423055
68.5,0.001404978704703589,0.0002177168589903964,3.373866745958412e-05,5.228502664273292e-06,8.102896264304008e-07,1.255789237389256e-07,1.946286461236746e-08,3.016548335652435e-09,4.675492152171896e-10,7.246993760473654e-11,1.123316008562267e-11,1.741243502406964e-12,2.699172021828753e-13,4.184225736243158e-14,6.486540454074725e-15,1.005598532446148e-15,1.559012507840292e-16,2.417063332473215e-17,3.747485105605684e-18,5.81038952711398e-19,9.009154221610246e-20,1.396935090182665e-20,2.16611672862777e-21,3.358929604401269e-22,5.208748104241236e-23,8.077541676806008e-24,1.252675112782991e-24,1.94272384809435e-25,3.01298565744782e-26,4.673006854167329e-27,7.247848758408572e-28,1.124178219061925e-28,1.743711131668163e-29,2.704750635499289e-30,4.195591814664345e-31,6.508374308966899e-32,1.009636626899223e-32,1.566285553874754e-33,2.429909196493065e-34,3.769835423927699e-35,5.848816119787452e-36,9.07458475514281e-37,1.4079873631375e-37,2.184660419660318e-38,3.389864171165104e-39,5.260097697542802e-40,8.162411134577661e-41,1.266648891430224e-41,1.965654287323276e-42,3.050500644296433e-43,4.734217205959026e-44,7.347478022532976e-45,1.140358625310083e-45,1.76993627152258e-46,2.747178063149195e-47,4.264115642188042e-48,6.618873833796654e-49,1.027429842520637e-49,1.594898955014954e-50,2.475865651223578e-51,0.001662621635093952
69.5,0.001395596970318699,0.0002162630563560065,3.351337776975024e-05,5.19358937835467e-06,8.048789237453338e-07,1.247403714513253e-07,1.933290148513216e-08,2.996405357577735e-09,4.6442715896513e-10,7.198602015942516e-11,1.115815074642528e-11,1.729616362447971e-12,2.681148321623806e-13,4.156285601398103e-14,6.443226630588839e-15,9.988836560585842e-16,1.548602213931699e-16,2.400923410849634e-17,3.722461302928519e-18,5.771590696189621e-19,8.948995664290701e-20,1.387607066971247e-20,2.151652501001678e-21,3.336500378064577e-22,5.173966729243747e-23,8.023603955016385e-24,1.244310384449852e-24,1.929751324692401e-25,2.992866469129146e-26,4.641802887204848e-27,7.199451304635364e-28,1.11667152773827e-28,1.732067514133949e-29,2.686689684144895e-30,4.16757578291894e-31,6.464914690084611e-32,1.002894786167324e-32,1.555826694257773e-33,2.413683496712297e-34,3.744662377173587e-35,5.809760695589067e-36,9.013989285943952e-37,1.398585538459295e-37,2.170072366681425e-38,3.367228379499185e-39,5.224973436034991e-40,8.107906697643145e-41,1.258190853298737e-41,1.952528646091527e-42,3.030130949944548e-43,4.702604507348026e-44,7.298415295122636e-45,1.13274388944942e-45,1.758117535820741e-46,2.728833802976304e-47,4.235642043116735e-48,6.574676355195817e-49,1.020569187729665e-49,1.584249029634169e-50,2.459333077573396e-51,0.0016515194920431
70.5,0.001336758762595751,0.000222522985058474,3.75989957344588e-05,6.457978777443407e-06,1.128727101725143e-06,2.008455632715511e-07,3.637920265824175e-08,6.702469556158662e-09,1.254469185110504e-09,2.381371987001145e-10,4.576723513871097e-11,8.888874504912531e-12,1.741589689140676e-12,3.436887514493361e-13,6.821917694455795e-14,1.360387080029522e-14,2.722790093693311e-15,5.465386164117174e-16,1.099536499493207e-16,2.215971686035786e-17,4.472130191387366e-18,9.034985929462069e-19,1.826838077782942e-19,3.696172081135644e-20,7.482075798734502e-21,1.515173050757034e-21,3.069276297672715e-22,6.218923806175204e-23,1.260312996229565e-23,2.554518068782815e-24,5.17838397660537e-25,1.049843384647257e-25,2.128591570776162e-26,4.316105193695711e-27,8.752239720360287e-28,1.774886352091191e-28,3.599510974388775e-29,7.300222609162229e-30,1.480631059372478e-30,3.003133297142432e-31,6.091419152576128e-32,1.235599732278478e-32,2.506409647040127e-33,5.084413100457193e-34,1.031439655490259e-34,2.092477526205801e-35,4.24513570015983e-36,8.61263428742288e-37,1.747406618601125e-37,3.545401286393866e-38,7.193664843780946e-39,1.459648632651857e-39,2.961827253651491e-40,6.010136852567811e-41,1.219613433691369e-41,2.474988642303083e-42,5.022701489432886e-43,1.019329628976294e-43,2.068735794700882e-44,4.198638555884506e-45,0.001604712925936341
71.5,0.001193575121821977,0.0002418154365795696,4.899271668158262e-05,9.926411356087086e-06,2.011250978140266e-06,4.075243170460132e-07,8.257604062503359e-08,1.673277056671058e-08,3.390743493171606e-09,6.871242939361705e-10,1.392479986239196e-10,2.821992900318222e-11,5.719211711351833e-12,1.159123567719356e-12,2.349289887872611e-13,4.761642620017081e-14,9.651399704913252e-15,1.956307536129954e-15,3.965493820454042e-16,8.03842108980122e-17,1.629511973559384e-17,3.303373560755931e-18,6.696858944149297e-19,1.357681642053692e-19,2.752568093815929e-20,5.580736645826354e-21,1.13150979259932e-21,2.294237821942364e-22,4.651916192285186e-23,9.432757199309201e-24,1.912752394149028e-24,3.878753448560608e-25,7.865727816756779e-26,1.595140599974269e-26,3.234985476242422e-27,6.560833379389352e-28,1.330635126202241e-28,2.698809659755824e-29,5.473924702280778e-30,1.110295723336368e-30,2.252121377286915e-31,4.568337590016819e-32,9.266971981948461e-33,1.879882760944305e-33,3.813615703732552e-34,7.736710153684481e-35,1.569599871873111e-35,3.18445268525169e-36,6.460912421878598e-37,1.310889560072274e-37,2.659815673432906e-38,5.396971822643395e-39,1.095120532939935e-39,2.222218924124197e-40,4.509463716522064e-41,9.151158423491887e-42,1.857121673022313e-42,3.768927086760955e-43,7.649062171741708e-44,1.552428861832555e-44,0.001496832023054295
72.5,0.001186825421736906,0.0002404479636463531,4.871566152358911e-05,9.870277227325801e-06,1.999877298637358e-06,4.052197558440048e-07,8.210907084806582e-08,1.663814628973575e-08,3.371568745620422e-09,6.832385871880642e-10,1.384605473684656e-10,2.806034452985414e-11,5.686869412095699e-12,1.152568692118649e-12,2.336004589053862e-13,4.73471540026376e-14,9.596820774590165e-15,1.945244563300157e-15,3.943068844021556e-16,7.992963597833022e-17,1.620297038608523e-17,3.284692892571418e-18,6.658988022949115e-19,1.350003915090951e-19,2.737002245670041e-20,5.549177426867776e-21,1.12511107365509e-21,2.281263844067979e-22,4.625609478493365e-23,9.379414698358424e-24,1.901935726842994e-24,3.856818991312749e-25,7.821246909989177e-26,1.586120036084742e-26,3.21669154455351e-27,6.523731686492637e-28,1.323110348029239e-28,2.683547817030558e-29,5.442969507795622e-30,1.10401697053628e-30,2.23938556906342e-31,4.54250351551559e-32,9.214567000953705e-33,1.869251972316525e-33,3.792049602220138e-34,7.692958845343906e-35,1.56072374150225e-35,3.166444517883277e-36,6.424375784740073e-37,1.303476443617878e-37,2.644774342770925e-38,5.366451798805425e-39,1.088927596258194e-39,2.209652215094349e-40,4.483962575391908e-41,9.099408371350018e-42,1.846619598971666e-42,3.747613700604492e-43,7.605806515145507e-44,1.543649833994926e-44,0.00148836739686644
73.5,0.001180509204313573,0.0002391683132533191,4.845639954245103e-05,9.817748173048268e-06,1.989234065347241e-06,4.030631993401887e-07,8.167209104092171e-08,1.654959902106214e-08,3.353625448430267e-09,6.796024302692351e-10,1.377236682068672e-10,2.791100897149978e-11,5.656604216383647e-12,1.146434787062845e-12,2.323572505433025e-13,4.709517514072621e-14,9.545747040008057e-15,1.934892082321632e-15,3.922084055797547e-16,7.95042549996617e-17,1.611673909883106e-17,3.267211943732287e-18,6.623549267255139e-19,1.342819271002702e-19,2.722436075317447e-20,5.519645020073301e-21,1.119123296483779e-21,2.269123087579939e-22,4.60099224781521e-23,9.329497986554468e-24,1.891813733029983e-24,3.836293219901547e-25,7.779622678572924e-26,1.577678795423789e-26,3.199572495022646e-27,6.489012757331954e-28,1.316068829975989e-28,2.669266128108297e-29,5.414002333508521e-30,1.098141454982566e-30,2.227467686374168e-31,4.518328570047818e-32,9.165527599223733e-33,1.859303919587025e-33,3.771868529815538e-34,7.652017355714498e-35,1.552417658477284e-35,3.149592880171805e-36,6.390185622040125e-37,1.296539416087716e-37,2.630699004074397e-38,5.337891847415527e-39,1.083132385496556e-39,2.197892571624577e-40,4.460099181479416e-41,9.050981837300014e-42,1.836791994446456e-42,3.727669113542109e-43,7.565328845262797e-44,1.53543461733506e-44,0.001480446390194161
74.5,0.00105316021542523,0.0002417176015352325,5.717776364840973e-05,1.395946338541305e-05,3.515720963706702e-06,9.112987090798008e-07,2.42236822487505e-07,6.575310575415723e-08,1.814897063228698e-08,5.074472469076878e-09,1.432663829270346e-09,4.073868209291704e-10,1.164478598380694e-10,3.341067215356819e-11,9.611796874433542e-12,2.770477409709313e-12,7.996417212537042e-13,2.310236822617887e-13,6.679086102228287e-14,1.931932221819245e-14,5.590119342330579e-15,1.617940307548718e-15,4.683672954062686e-16,1.356040139886895e-16,3.926502786683187e-17,1.137041914135852e-17,3.292889112268783e-18,9.536803021659495e-19,2.762168051511112e-19,8.000488672857875e-20,2.317396522571971e-20,6.712748992487116e-21,1.944535371181845e-21,5.633082113432568e-22,1.631889323251353e-22,4.727694628187961e-23,1.369689187975094e-23,3.968335587504329e-24,1.149763214040454e-24,3.331363403237754e-25,9.652707454680259e-26,2.796982662899818e-26,8.104829339075312e-27,2.348612804835535e-27,6.806007267260872e-28,1.972362851579279e-28,5.71603172937634e-29,1.656593102930852e-29,4.801207318159262e-30,1.391548840677858e-30,4.033293474242556e-31,1.169053968048764e-31,3.388618323300745e-32,9.822546605296881e-33,2.847337057452227e-33,8.254048030931189e-34,2.392811138308781e-34,6.936863664791581e-35,2.011088546473818e-35,5.830590092043121e-36,0.001370775280454514
75.5,0.0008522007395897765,0.0002466319610237707,7.137891363708222e-05,2.065873175073e-05,5.979302699518297e-06,1.730655392373528e-06,5.009378545874788e-07,1.45000770285978e-07,4.197299772994079e-08,1.21501852829549e-08,3.517297159928093e-09,1.018236082354878e-09,2.94782146643436e-10,8.534285289183059e-11,2.470850293422329e-11,7.153836601600186e-12,2.071309123623956e-12,5.997415643522931e-13,1.736587680885936e-13,5.028548352232679e-14,1.456135870694398e-14,4.216717768995527e-15,1.221126169915186e-15,3.536388108677464e-16,1.024171506645009e-16,2.966189189337047e-17,8.590894834853296e-18,2.488234796170299e-18,7.207053094322234e-19,2.08755292098955e-19,6.046870668838606e-20,1.751609461674127e-20,5.07407992639141e-21,1.469910005934537e-21,4.258313298965357e-22,1.233666860463193e-22,3.574140410845113e-23,1.035520603609364e-23,3.000262829736203e-24,8.693072067248219e-25,2.518840560348249e-25,7.298632443157524e-26,2.114928661766737e-26,6.128629444946368e-27,1.776005927885759e-27,5.146818593034239e-28,1.491580540909215e-28,4.322827929262679e-29,1.252860088630201e-29,3.631203426916841e-30,1.052475407921882e-30,3.050610064897281e-31,8.842494472304744e-32,2.563163103280307e-32,7.430037862561769e-33,2.153868275133244e-33,6.243966585012594e-34,1.810153099661015e-34,5.247873312230242e-35,1.521474437984728e-35,0.00119928531633721
76.5,0.0008485002650276264,0.0002455610216833273,7.106896805511158e-05,2.056902622974364e-05,5.953339030970421e-06,1.723140442012878e-06,4.987626537198863e-07,1.443711396872135e-07,4.179074018992552e-08,1.209742605678172e-08,3.502024151981515e-09,1.013814639675971e-09,2.935021268260923e-10,8.497227229794428e-11,2.460121226627467e-11,7.122772805083486e-12,2.062314967240085e-12,5.97137332391853e-13,1.729046971004417e-13,5.006713103332362e-14,1.449812954627541e-14,4.198407697066419e-15,1.215823726348752e-15,3.52103220292649e-16,1.019724290828881e-16,2.953309233791653e-17,8.553590962273014e-18,2.47743024139801e-18,7.175758218121533e-19,2.078488229864096e-19,6.020613602808098e-20,1.74400352336097e-20,5.052046967697941e-21,1.463527279033561e-21,4.239822608558223e-22,1.228309961996396e-22,3.558620574898654e-23,1.031024107098363e-23,2.987234917689863e-24,8.655324514873094e-25,2.507903107484541e-25,7.266939905895251e-26,2.105745098141346e-26,6.102017361304213e-27,1.76829405384827e-27,5.124469784361892e-28,1.485103714977699e-28,4.304057099755435e-29,1.247419848235501e-29,3.615435808693736e-30,1.04790528929446e-30,3.037363532220453e-31,8.804098089456639e-32,2.552033190547662e-32,7.397774729207225e-33,2.144515625702091e-33,6.216853677875394e-34,1.802292949830453e-34,5.225085698003762e-35,1.514867805071651e-35,0.001194077711368454
77.5,0.0008450880974062679,0.0002445735200857545,7.078317058199816e-05,2.048630973783808e-05,5.929398212661084e-06,1.71621098746156e-06,4.967569244963241e-07,1.437905641133409e-07,4.162268248101717e-08,1.204877734423076e-08,3.487941076332481e-09,1.009737675142025e-09,2.923218343792496e-10,8.463056393532064e-11,2.450228070030936e-11,7.094129213865508e-12,2.054021552793087e-12,5.947359982319565e-13,1.722093763877161e-13,4.986579056184991e-14,1.443982662022216e-14,4.181524177525351e-15,1.21093440041296e-15,3.50687268810749e-16,1.015623561163504e-16,2.941432765912088e-17,8.519193464321885e-18,2.467467478152908e-18,7.146901550823057e-19,2.070129776093799e-19,5.996402245849313e-20,1.736990169801496e-20,5.031730614485956e-21,1.45764183550417e-21,4.22277254266961e-22,1.223370423785197e-22,3.544309901817165e-23,1.026877936236569e-23,2.975222020718988e-24,8.620517904575759e-25,2.497817800344911e-25,7.237716559627415e-26,2.097277033322911e-26,6.077478646440598e-27,1.761183018101707e-27,5.103862189296192e-28,1.4791315037487e-28,4.286748720628661e-29,1.242403461332841e-29,3.600896658251485e-30,1.043691232274376e-30,3.025149047527745e-31,8.768693199588836e-32,2.541770418241827e-32,7.368025242446272e-33,2.135891648688624e-33,6.191853159076877e-34,1.795045190576759e-34,5.204073485076556e-35,1.508775900227124e-35,0.001189275835079134
78.5,0.0008419587048594376,0.0002436678552760649,7.052105787784324e-05,2.041044817357939e-05,5.907441431313864e-06,1.709855794565773e-06,4.94917415193239e-07,1.432581023250116e-07,4.146855214509719e-08,1.200416027515218e-08,3.475025101250642e-09,1.005998579106307e-09,2.912393557919995e-10,8.4317173820342e-11,2.441154784672969e-11,7.067859390451526e-12,2.046415434853354e-12,5.925336687873575e-13,1.71571678684227e-13,4.968113569118614e-14,1.438635540705334e-14,4.166039838513001e-15,1.20645026544646e-15,3.493886608565572e-16,1.011862669473696e-16,2.930540531359383e-17,8.487646575170242e-18,2.458330354627709e-18,7.120436309489378e-19,2.062464008806149e-19,5.974197346083772e-20,1.730558030823349e-20,5.013097929525703e-21,1.452244133761625e-21,4.207135459432311e-22,1.218840237763224e-22,3.531185190885315e-23,1.023075369178737e-23,2.964204663303379e-24,8.588595807266391e-25,2.488568288451733e-25,7.210915026950182e-26,2.089510738735562e-26,6.054973517758681e-27,1.754661292109627e-27,5.084962398440951e-28,1.473654224968157e-28,4.270874731233186e-29,1.237802795267393e-29,3.587562404463243e-30,1.039826404958152e-30,3.013946808481378e-31,8.736222403670095e-32,2.532358148175531e-32,7.340741171886842e-33,2.127982362749376e-33,6.168924497335506e-34,1.788398071704946e-34,5.184802608078829e-35,1.503188847147688e-35,0.001184871902582813
79.5,0.0007125211518209096,0.000222850281098803,7.325523545965851e-05,2.581192800486603e-05,9.897320960193683e-06,4.141909723746932e-06,1.871171283376158e-06,8.955174878662204e-07,4.45513866075386e-07,2.270334877024373e-07,1.173495851348692e-07,6.115120855325794e-08,3.201254166222062e-08,1.680157481740936e-08,8.830859786017607e-09,4.645216667258081e-09,2.444600281231231e-09,1.286842183470226e-09,6.775047808329716e-10,3.567334395667415e-10,1.878476503278636e-10,9.892147087810864e-11,5.209475756382726e-11,2.743556024815707e-11,1.444936427148968e-11,7.610234732106206e-12,4.008310868733217e-12,2.111244685684271e-12,1.11206318677567e-12,5.85779306402961e-13,3.08568952007626e-13,1.625489065406273e-13,8.563070153590817e-14,4.511163573235148e-14,2.376628347047235e-14,1.252124748157211e-14,6.597016311930589e-15,3.475851002956056e-15,1.831421815949125e-15,9.650043150926566e-16,5.084915845855373e-16,2.679488689411752e-16,1.411996860422781e-16,7.440963579270601e-17,3.921374055461159e-17,2.06662180373072e-17,1.08917429972403e-17,5.740469360355445e-18,3.025596845931795e-18,1.594734348406068e-18,8.405804178037146e-19,4.430817010648721e-19,2.33561890159034e-19,1.231214618838563e-19,6.49051495439532e-20,3.421670210616152e-20,1.803892852973153e-20,9.510359068919071e-21,5.014142467900828e-21,2.643686750894457e-21,0.001052163016689032
80.5,0.0002985651604502193,0.0001571333278335761,8.270098017674575e-05,4.352774780607617e-05,2.291052015818757e-05,1.205915664770253e-05,6.347638404088196e-06,3.341340208680444e-06,1.758905512942704e-06,9.259288968431616e-07,4.874455380140336e-07,2.566184705936958e-07,1.351024095773957e-07,7.112981251948845e-08,3.745015647237277e-08,1.971827997295356e-08,1.038240237168664e-08,5.466887458508393e-09,2.878696474665303e-09,1.515880956529166e-09,7.982663279963102e-10,4.20381919641334e-10,2.213878410134075e-10,1.165942223829611e-10,6.140642809934425e-11,3.234180042534782e-11,1.703444980689865e-11,8.97233746434371e-12,4.726032112827951e-12,2.489438059491722e-12,1.311352889344833e-12,6.907985752786351e-13,3.639124374465807e-13,1.917149498030589e-13,1.010016998705854e-13,5.321266530364929e-14,2.803593034155878e-14,1.477163495857649e-14,7.783157138987542e-15,4.101065174026422e-15,2.160982180961846e-15,1.138726281497897e-15,6.000689388457549e-16,3.162252866407048e-16,1.666501416836431e-16,8.782707579856723e-17,4.628761469942678e-17,2.439578624050873e-17,1.285814961634561e-17,6.777285241333731e-18,3.572289808289159e-18,1.883003947545858e-18,9.925888613970184e-19,5.232402922481745e-19,2.758332210823507e-19,1.454137803097852e-19,7.666164851620803e-20,4.041702382726078e-20,2.130904986129645e-20,1.123511211599925e-20,0.0006303001010015235
81.5,0.0002977409461075016,0.0001566995480103572,8.247267713590966e-05,4.340758578183375e-05,2.284727373223143e-05,1.202586632724071e-05,6.330115212141942e-06,3.332116156819397e-06,1.754049905714231e-06,9.233727919179781e-07,4.860999034359104e-07,2.559100536312115e-07,1.347294479647899e-07,7.093345266428964e-08,3.734677215233016e-08,1.96638459956505e-08,1.035374087302515e-08,5.451795653937041e-09,2.870749589907643e-09,1.511696239114915e-09,7.960626463750154e-10,4.192214198460291e-10,2.207766811795159e-10,1.162723541843368e-10,6.123691046809007e-11,3.225251815363302e-11,1.698742476944962e-11,8.9475685689553e-12,4.7129855020122e-12,2.482565755466542e-12,1.307732788934817e-12,6.888915674656167e-13,3.629078264263776e-13,1.911857044915734e-13,1.007228761473261e-13,5.306576724665109e-14,2.795853478789103e-14,1.473085661263722e-14,7.761671076327354e-15,4.089743837230944e-15,2.155016607131261e-15,1.135582731419164e-15,5.984123978572809e-16,3.153523200280356e-16,1.661900898919857e-16,8.758462173780881e-17,4.615983382952245e-17,2.432843961208435e-17,1.282265360830962e-17,6.758575973004585e-18,3.562428200552024e-18,1.877805756107107e-18,9.898487360094762e-19,5.217958432277044e-19,2.750717601782339e-19,1.450123532873574e-19,7.645001756051257e-20,4.030544921929862e-20,2.125022442935761e-20,1.120409664006735e-20,0.0006285601043365458
82.5,0.0002970114933720741,0.0001563156407398568,8.227062256222306e-05,4.330123903107331e-05,2.279129887711351e-05,1.199640346295224e-05,6.314606697382936e-06,3.323952613050461e-06,1.749752557571401e-06,9.211105675995249e-07,4.849089792150804e-07,2.552830848145772e-07,1.343993665109444e-07,7.075966870291083e-08,3.725527413883198e-08,1.961567040395553e-08,1.032837464543545e-08,5.438438984977852e-09,2.863716374730283e-09,1.507992647213387e-09,7.941123265330135e-10,4.18194345083709e-10,2.202357876406512e-10,1.159874918302563e-10,6.108688262531582e-11,3.217350084714847e-11,1.694580629665324e-11,8.925647404085721e-12,4.701438886703094e-12,2.476483574278909e-12,1.304528898866732e-12,6.872038122378928e-13,3.620187175881225e-13,1.907173075950794e-13,1.004761093573152e-13,5.293575835945675e-14,2.789003755918872e-14,1.469476663646243e-14,7.742655310198683e-15,4.079724137662361e-15,2.149736907514817e-15,1.132800601716927e-15,5.969463127714453e-16,3.145797201707597e-16,1.657829311949456e-16,8.737004311587837e-17,4.604674418735531e-17,2.426883596315493e-17,1.279123864885477e-17,6.742017747488233e-18,3.55370040200893e-18,1.873205211360739e-18,9.874236484372735e-19,5.205174654628953e-19,2.743978459903337e-19,1.446570791500274e-19,7.626271824826797e-20,4.020670257202014e-20,2.119816227754045e-20,1.117664707678445e-20,0.0006270201586438788
83.5,0.0002963756644175278,0.000155981007189813,8.209450128375085e-05,4.320854167033788e-05,2.274250828125722e-05,1.197072209760988e-05,6.301088669076398e-06,3.316836843586714e-06,1.746006765357219e-06,9.191386951895742e-07,4.838709077054422e-07,2.547365861754565e-07,1.341116503430272e-07,7.060818956092666e-08,3.717551971001142e-08,1.957367805186144e-08,1.030626412177049e-08,5.42679661742189e-09,2.857585858473183e-09,1.504764403829753e-09,7.92412326291813e-10,4.172990932865038e-10,2.197643166917682e-10,1.157391909822534e-10,6.095611055223814e-11,3.210462525187944e-11,1.690952947053038e-11,8.906539776319663e-12,4.691374256078004e-12,2.471182028725543e-12,1.301736221598505e-12,6.857326769746244e-13,3.612437240681174e-13,1.903090284913808e-13,1.002610145849068e-13,5.282243584956433e-14,2.783033181103e-14,1.466330873561932e-14,7.726080179130834e-15,4.070990446235678e-15,2.145134846648631e-15,1.130375552725988e-15,5.956683967364109e-16,3.139062819400475e-16,1.654280304918564e-16,8.718300522538346e-17,4.594816937166544e-17,2.421688232182164e-17,1.276385573580613e-17,6.727584736673565e-18,3.546092798728238e-18,1.869195137212874e-18,9.853098159422666e-19,5.194031648944865e-19,2.738104273232477e-19,1.443474037285161e-19,7.60994584233227e-20,4.01206298568808e-20,2.11527821974425e-20,1.115272060934212e-20,0.000625677861861274
84.5,0.0002958324728944574,0.0001556951282495432,8.19440400868924e-05,4.312934989996875e-05,2.270082625673606e-05,1.194878239219841e-05,6.289540156961273e-06,3.310757809869881e-06,1.742806718295227e-06,9.174541157598366e-07,4.829840785663411e-07,2.5426970994087e-07,1.338658531324012e-07,7.047878025161576e-08,3.710738514433481e-08,1.953780379742837e-08,1.028737500239399e-08,5.416850490685055e-09,2.85234853098269e-09,1.502006501051249e-09,7.909600084732634e-10,4.165342756672717e-10,2.193615369489211e-10,1.155270664559294e-10,6.084439138461894e-11,3.204578452242063e-11,1.687853801552837e-11,8.890216044356428e-12,4.682775997066221e-12,2.46665289461932e-12,1.299350424902831e-12,6.844758795315658e-13,3.605816436336065e-13,1.899602338248437e-13,1.000772581576577e-13,5.272562392191237e-14,2.777932492301949e-14,1.463643411006258e-14,7.711919970437205e-15,4.063529214540964e-15,2.141203285442915e-15,1.128303822513815e-15,5.945766673452545e-16,3.13330960643937e-16,1.651248372319847e-16,8.702321791799012e-17,4.586395646520991e-17,2.417249809338556e-17,1.274046239056974e-17,6.715254550904502e-18,3.539593589179183e-18,1.865769312911498e-18,9.835039593761769e-19,5.184512129291288e-19,2.733085929255329e-19,1.440828466292123e-19,7.595998482380489e-20,4.004709755090918e-20,2.111401379180573e-20,1.113228012106495e-20,0.0006245311317091759
85.5,0.0002953810801643994,0.0001554575625478821,8.181900667320077e-05,4.306354145505225e-05,2.266618845028316e-05,1.193055047380178e-05,6.27994333118186e-06,3.305706126423045e-06,1.740147475802889e-06,9.160542284724004e-07,4.822471226139889e-07,2.5388173529624e-07,1.336615953904575e-07,7.037124097873721e-08,3.705076524821007e-08,1.950799225406001e-08,1.027167812421822e-08,5.408585248849426e-09,2.847996306299983e-09,1.499714680926025e-09,7.897531308303245e-10,4.158987114169497e-10,2.190268265567038e-10,1.153507907502472e-10,6.075155263819233e-11,3.199688781402047e-11,1.685278408365037e-11,8.876651005833756e-12,4.675630834735376e-12,2.462889179387814e-12,1.297367825325914e-12,6.834314795274091e-13,3.600314540924244e-13,1.896703850881257e-13,9.992455637230422e-14,5.264517310766177e-14,2.773693814514658e-14,1.461410126780691e-14,7.700152822039384e-15,4.057328923112927e-15,2.137936153923621e-15,1.126582212516792e-15,5.936694390667772e-16,3.128528680385073e-16,1.64872883312426e-16,8.689043449658237e-17,4.57939754508962e-17,2.413561475262198e-17,1.27210224959415e-17,6.705008153492106e-18,3.534192739171467e-18,1.862922449294487e-18,9.8200329066019e-19,5.176601398392946e-19,2.728915680103778e-19,1.438629993999404e-19,7.58440821151222e-20,3.998599212689153e-20,2.108179720572675e-20,1.111529405369225e-20,0.0006235781977401956
86.5,0.0002950207921197483,0.000155267944779522,8.171920877851784e-05,4.301101514179636e-05,2.263854159926648e-05,1.191599830715851e-05,6.272283434677814e-06,3.301674025261327e-06,1.738024948757106e-06,9.149368807174692e-07,4.816589066295782e-07,2.535720656520917e-07,1.334985630296125e-07,7.028540637891184e-08,3.700557295709687e-08,1.948419758047981e-08,1.025914935011868e-08,5.401988182434225e-09,2.844522491999489e-09,1.497885419317175e-09,7.887898375445615e-10,4.153914232269749e-10,2.187596708302018e-10,1.152100928056624e-10,6.067745155461122e-11,3.195785993810158e-11,1.683222807301812e-11,8.865823801761769e-12,4.66992778195346e-12,2.459885095557732e-12,1.295785374219974e-12,6.825978709859446e-13,3.595923094168897e-13,1.894390365801791e-13,9.980267441897146e-14,5.25809596974165e-14,2.770310629916864e-14,1.45962758675911e-14,7.690760639567088e-15,4.052380037749649e-15,2.135328428215333e-15,1.125208075411394e-15,5.929453168540362e-16,3.124712689596957e-16,1.646717813030772e-16,8.678445077979772e-17,4.573811871876284e-17,2.410617558393577e-17,1.270550615915217e-17,6.696829788528286e-18,3.529881943806009e-18,1.860650168733322e-18,9.808055022126828e-19,5.170287291901332e-19,2.725587113176421e-19,1.43687523981127e-19,7.575157207342147e-20,3.993721962288135e-20,2.105608289968941e-20,1.110173628771042e-20,0.0006228175946256504
87.5,0.0002947510565670701,0.000155125984327862,8.164449344816447e-05,4.297169045604396e-05,2.261784333089616e-05,1.19051035889727e-05,6.266548727552079e-06,3.298655326607683e-06,1.736435884078803e-06,9.141003599983247e-07,4.81218529087206e-07,2.53340226394997e-07,1.333765061792399e-07,7.022114489822554e-08,3.697173900728591e-08,1.94663833079158e-08,1.024976947794058e-08,5.397049180482925e-09,2.84192176395936e-09,1.496515912617238e-09,7.880686522299651e-10,4.150116336049723e-10,2.185596603147015e-10,1.151047569822657e-10,6.062197456326897e-11,3.19286410788107e-11,1.681683847857815e-11,8.857717837887365e-12,4.665658097968865e-12,2.457636038936979e-12,1.29460064625027e-12,6.819737762817553e-13,3.592635365543987e-13,1.892658337260219e-13,9.971142549597244e-14,5.253288527485649e-14,2.767777753289819e-14,1.458293058941626e-14,7.683729028144958e-15,4.048674973569968e-15,2.133376111601994e-15,1.124179305134158e-15,5.924031908852165e-16,3.121855785518318e-16,1.645212229860813e-16,8.670510433229217e-17,4.569630066030521e-17,2.408413546755151e-17,1.269388959917592e-17,6.690706921488225e-18,3.526654596166671e-18,1.858948988630055e-18,9.799087582499644e-19,5.165560132536834e-19,2.723095126963976e-19,1.435561514313631e-19,7.568231291371037e-20,3.990070528797626e-20,2.103683146280802e-20,1.10915860438861e-20,0.0006222481566314763
88.5,0.0002945714611553561,0.0001550314641746611,8.159474646307906e-05,4.29455072812341e-05,2.260406200324836e-05,1.189784966423548e-05,6.262730443024599e-06,3.296645415707335e-06,1.73537785252788e-06,9.135433875063064e-07,4.809253167714907e-07,2.53185863106896e-07,1.33295238248196e-07,7.017835829865945e-08,3.694921167603182e-08,1.945452220327557e-08,1.024352416845535e-08,5.393760692628482e-09,2.840190146386211e-09,1.495604067229496e-09,7.87588472393786e-10,4.147587619577206e-10,2.184264892494799e-10,1.15034622250736e-10,6.058503685519975e-11,3.190918656859863e-11,1.680659177389975e-11,8.852320722435212e-12,4.662815255616479e-12,2.456138571340439e-12,1.293811830295627e-12,6.815582413467645e-13,3.590446329022366e-13,1.891505117464258e-13,9.965067010895844e-14,5.250087634749477e-14,2.766091312566166e-14,1.457404503204558e-14,7.679047238385227e-15,4.046208066556149e-15,2.132076219531833e-15,1.123494328980052e-15,5.920422323997518e-16,3.119953600733501e-16,1.644209781994401e-16,8.665227385530725e-17,4.56684573472855e-17,2.406946071023105e-17,1.268615505750755e-17,6.686630192202791e-18,3.524505762532124e-18,1.857816308351123e-18,9.793116878987018e-19,5.1624126937811e-19,2.721435911909218e-19,1.434686809183796e-19,7.563619875790225e-20,3.987639330186395e-20,2.102401346496362e-20,1.10848278053057e-20,0.0006218690132445797
89.5,0.0002944817318347104,0.0001549842400888499,8.156989191288031e-05,4.293242566369372e-05,2.25971765869917e-05,1.189422546397071e-05,6.260822754663223e-06,3.295641225578389e-06,1.734849239623017e-06,9.132651133407781e-07,4.807788222611742e-07,2.53108740240327e-07,1.332546352273656e-07,7.015698129088867e-08,3.693795658822029e-08,1.944859616735224e-08,1.024040389176238e-08,5.392117700870973e-09,2.839324996954082e-09,1.495148491742377e-09,7.873485653155546e-10,4.146324224209702e-10,2.183599544249098e-10,1.14999581590433e-10,6.056658206607318e-11,3.189946672125861e-11,1.680147232323633e-11,8.849624219788807e-12,4.661394916919915e-12,2.45539040773846e-12,1.293417722678683e-12,6.813506321040465e-13,3.589352644289108e-13,1.890928946682057e-13,9.962031554950561e-14,5.248488407197189e-14,2.765248734356632e-14,1.456960563674686e-14,7.676708126207822e-15,4.044975552382579e-15,2.131426768461479e-15,1.123152101723912e-15,5.918618906005212e-16,3.119003232643047e-16,1.643708939766989e-16,8.662587873327151e-17,4.565454629277722e-17,2.406212891933264e-17,1.268229073178349e-17,6.684593379871407e-18,3.523432163934201e-18,1.857250399506527e-18,9.790133800717624e-19,5.16084017286516e-19,2.720606936167311e-19,1.434249789683596e-19,7.561315923905618e-20,3.986424656617288e-20,2.101760934679799e-20,1.108145125937505e-20,0.0006216795859189646
