0.5,0.00530255207726989,0.004260000077633854,0.003306399285568223,0.002487008756327814,0.001837375611133955,0.001347060285605181,0.0009866002948951608,0.0007248664115256815,0.0005355937455379634,0.0003985985641410469,0.0002990516255032433,0.0002262964249815334,0.0001727522498457919,0.0001330443817338851,0.0001033595712364256,8.098391807607891e-05,6.397688231513659e-05,5.094300853280996e-05,4.087243319177492e-05,3.302936067224578e-05,2.68738709255013e-05,2.20068819729884e-05,1.813122677816358e-05,1.502397994834831e-05,1.251666983242742e-05,1.048104345331912e-05,8.818761658829781e-06,7.453891187666413e-06,6.327398530233321e-06,5.393085005543434e-06,4.614565785123489e-06,3.963009802200691e-06,3.415437726708577e-06,2.95343184313846e-06,2.562151877659668e-06,2.229579509909466e-06,1.945934886325561e-06,1.703223299700315e-06,1.494880971975502e-06,1.315496737684676e-06,1.160592194122277e-06,1.026447142313343e-06,9.099603038265933e-07,8.085376584038909e-07,7.200025191645734e-07,6.425227997162368e-07,5.745519427545733e-07,5.147807544268657e-07,4.62097982931186e-07,4.155579378837463e-07,3.743538018386086e-07,3.377955615578545e-07,3.052917026332276e-07,2.763339807404728e-07,2.504847166836542e-07,2.273661684628742e-07,2.066516179944154e-07,1.880578775269109e-07,1.713389748558113e-07,1.562808199494692e-07,0.02255931849391894
1.5,0.005274287967916695,0.004240442649832275,0.003289609833624836,0.002473479730378664,0.001826976289455905,0.001339235693477341,0.0009807466379540648,0.0007204735821371343,0.0005322705100487938,0.0003960574063481366,0.0002970850928648279,0.0002247556869066121,0.0001715303791908952,0.0001320641155320124,0.0001025646097287841,8.033282046976647e-05,6.343880366558179e-05,5.049472072067967e-05,4.049623528963123e-05,3.2711604403917e-05,2.66039123201623e-05,2.177632954734995e-05,1.793339721236396e-05,1.485349996265138e-05,1.236918189291673e-05,1.035298585705506e-05,8.70720240012124e-06,7.356401094622286e-06,6.241953368569767e-06,5.317989172051338e-06,4.548392260309645e-06,3.904552474339788e-06,3.363673224165254e-06,2.907488745494382e-06,2.521285706079571e-06,2.193152283356378e-06,1.913398314283934e-06,1.674104892967946e-06,1.46877251116225e-06,1.292044658655025e-06,1.139489540941854e-06,1.007426808617244e-06,8.927893381998092e-07,7.930124521963214e-07,7.059447289787986e-07,6.297758836964684e-07,5.629782113323111e-07,5.042588535195186e-07,4.525207416383606e-07,4.068305241668375e-07,3.66392139031461e-07,3.305249662508605e-07,2.986457108225442e-07,2.702533343924371e-07,2.449164872337709e-07,2.2226299741038e-07,2.019710577969516e-07,1.837618185500071e-07,1.673931462736362e-07,1.526543542959823e-07,0.02243588789094059
2.5,0.005272756518142253,0.004223918249365122,0.003274070242906543,0.002461135425518048,0.001817705254490128,0.001332438073170002,0.0009758138269306784,0.0007169063497960724,0.0005296901514763885,0.0003941866073194641,0.0002957241168076787,0.0002237616849765867,0.0001708013800403008,0.0001315272508230662,0.0001021676642287974,8.003823805550851e-05,6.321945541818944e-05,5.0330919478806e-05,4.037362639296728e-05,3.261967122420243e-05,2.65349134964878e-05,2.172454006981694e-05,1.789456406438011e-05,1.482444985475955e-05,1.234753726188357e-05,1.033695827427614e-05,8.695441579856701e-06,7.347884022107763e-06,6.235902512678349e-06,5.313811880504059e-06,4.545635653464756e-06,3.90286973041658e-06,3.362798274635263e-06,2.907217206820392e-06,2.521460455637374e-06,2.193652508243162e-06,1.914131167597111e-06,1.674999115425463e-06,1.469773539640598e-06,1.293110863757006e-06,1.140589324829351e-06,1.008536360511546e-06,8.938908942728712e-07,7.940929434825709e-07,7.069947286576706e-07,6.307887859928178e-07,5.63949590090308e-07,5.051859605051947e-07,4.53402113764223e-07,4.076656758130885e-07,3.671813209878123e-07,3.312689769140864e-07,2.993457484534116e-07,2.709108816842817e-07,2.455332213424081e-07,2.228407200690295e-07,2.02511641287863e-07,1.84267164200704e-07,1.678651528470734e-07,1.530948941940303e-07,0.02235577627419308
3.5,0.005365041706655844,0.004287990458246379,0.00331837185436712,0.002492262024415056,0.001839895588619803,0.001348459011214861,0.0009875117155470376,0.0007255363502749909,0.0005361188379822366,0.0003990200523981947,0.0002993908678619918,0.0002265676769521519,0.0001729669234637259,0.0001332123003427961,0.0001034892763976495,8.108274474753226e-05,6.405102025533014e-05,5.099759550736572e-05,4.091167413352721e-05,3.305665728796726e-05,2.68919489499206e-05,2.201790818005434e-05,1.813691195821544e-05,1.502566681538943e-05,1.251540644542615e-05,1.047764356086472e-05,8.813853700538813e-06,7.447957718360467e-06,6.32080771152194e-06,5.386115618641055e-06,4.607427007711965e-06,3.955856787636306e-06,3.408383838876084e-06,2.946558239773497e-06,2.555514999546633e-06,2.223216921287521e-06,1.939869820369422e-06,1.697468189071386e-06,1.489440185249052e-06,1.310368695321772e-06,1.155771000294057e-06,1.021923839383029e-06,9.057238330659266e-07,8.045755922735931e-07,7.163016161804822e-07,6.390694217194402e-07,5.713323656411447e-07,5.117813965447817e-07,4.593055700038623e-07,4.12959619144699e-07,3.719372288040131e-07,3.355489383222347e-07,3.032038145911969e-07,2.743942070914842e-07,2.486830308712431e-07,2.256931297599892e-07,2.050983567137942e-07,1.866160757644598e-07,1.700008442300914e-07,1.550390774539896e-07,0.02267477762097321
4.5,0.005347815808149164,0.004286660988477997,0.003319174917526948,0.002493056845968805,0.001840474651816828,0.001348882250395095,0.00098783854668784,0.0007258015813775204,0.0005363412617461013,0.000399210162666597,0.0002995550670983624,0.0002267103081755203,0.0001730912198589197,0.0001333208332635817,0.0001035841757934931,8.116581589664984e-05,6.41238121134407e-05,5.106144546053005e-05,4.096774043424472e-05,3.310594443963434e-05,2.69353285927376e-05,2.205613678685036e-05,1.817064606518215e-05,1.505547623190394e-05,1.254178574702295e-05,1.05010220955334e-05,8.834604296121923e-06,7.466404251533402e-06,6.33723167893411e-06,5.400761834686785e-06,4.620508539446175e-06,3.967559224841921e-06,3.418868985934088e-06,2.955967305665091e-06,2.563971352975459e-06,2.230828469509157e-06,1.946731062810438e-06,1.703661990157917e-06,1.495039304983654e-06,1.315437110980643e-06,1.16036504809689e-06,1.026093201047087e-06,9.095123887306685e-07,8.080221583117956e-07,7.194405838412946e-07,6.419313103279249e-07,5.739443021627341e-07,5.141675316717581e-07,4.614874394991082e-07,4.149564579546748e-07,3.737662444009675e-07,3.372255488315874e-07,3.047418564832196e-07,2.758061165491785e-07,2.499800023732444e-07,2.26885254925231e-07,2.061947460320434e-07,1.876249654739103e-07,1.709296902914822e-07,1.558946383029347e-07,0.02266118031776039
5.5,0.005375962781834909,0.004297407223312254,0.003322457620462461,0.002493288884711035,0.001839708350184061,0.001347941158432109,0.000987000631616078,0.0007251297133688496,0.0005358243002322393,0.0003988179541540989,0.000299257644235804,0.0002264832238588769,0.0001729159833136786,0.0001331839094637404,0.0001034757835589459,8.107890194588557e-05,6.405326935921345e-05,5.100354644436487e-05,4.091973620363335e-05,3.306578341176346e-05,2.690146002637406e-05,2.202737312723237e-05,1.814606604182739e-05,1.503435615527518e-05,1.252355037020411e-05,1.04852091167631e-05,8.82083843376867e-06,7.454378089122836e-06,6.326691341052199e-06,5.39149614406365e-06,4.612340709306364e-06,3.960340418359466e-06,3.412473266685976e-06,2.95028763658757e-06,2.558916394924634e-06,2.226319996601352e-06,1.942701858758963e-06,1.7000541236209e-06,1.491802706458606e-06,1.312528391754731e-06,1.157746515075742e-06,1.023732031254294e-06,9.073799348157048e-07,8.060933621766454e-07,7.176934799577139e-07,6.403466038003097e-07,5.72505009336005e-07,5.128586732650955e-07,4.602957779943616e-07,4.138702723791611e-07,3.727751367909092e-07,3.363202775996635e-07,3.03914192684024e-07,2.750487196725351e-07,2.492863128229547e-07,2.262494007801092e-07,2.056114620530691e-07,1.870895226288265e-07,1.70437834326542e-07,1.554425361091015e-07,0.02269795028150827
6.5,0.005364317994874751,0.004287561177026405,0.003312022194983669,0.002483815029681069,0.001831994882085681,0.001342020569994423,0.0009825910951353463,0.0007218912167925191,0.0005334572296564008,0.0003970868924083602,0.0002979870618978191,0.0002255455031440864,0.0001722193917734428,0.0001326627590528645,0.0001030830087398197,8.078067279123625e-05,6.382515365687113e-05,5.08277979731634e-05,4.078338358527928e-05,3.295928207330664e-05,2.681773862821964e-05,2.196115623276773e-05,1.809339061699294e-05,1.499222453222964e-05,1.248967969974103e-05,1.045784937881423e-05,8.798639419586667e-06,7.436291560744491e-06,6.311898606311181e-06,5.379354103752046e-06,4.602341411182305e-06,3.952080547523454e-06,3.405630990242002e-06,2.944604924501718e-06,2.554185443091105e-06,2.222372741049192e-06,1.939401832662844e-06,1.697290100038588e-06,1.489483709728945e-06,1.310579763558361e-06,1.156106797456198e-06,1.02235048568487e-06,9.062145588947149e-07,8.05109297506129e-07,7.16861728940488e-07,6.396429914700418e-07,5.719093403755902e-07,5.123540451465e-07,4.598680194854028e-07,4.135074831030291e-07,3.724673085363048e-07,3.360589819970264e-07,3.036923229382887e-07,2.748602764663757e-07,2.491262264221589e-07,2.261133828960403e-07,2.054958822317863e-07,1.869913049084551e-07,1.703543706851106e-07,1.553716138541818e-07,0.02262597294798824
7.5,0.005381171385416402,0.004309792967317474,0.003327628490822787,0.002494295189661684,0.001839214999624654,0.001347178119641032,0.0009863914450106068,0.0007247573936721473,0.0005356557494061877,0.000398794727535532,0.0002993270102754703,0.0002266056101012024,0.0001730642707182114,0.000133340618392555,0.0001036302597219342,8.122508184559993e-05,6.418806567758391e-05,5.112573814035272e-05,4.102922903283601e-05,3.316312859276765e-05,2.698754749365953e-05,2.210324054275524e-05,1.821278339934491e-05,1.509295906321673e-05,1.257500420917122e-05,1.053039241349167e-05,8.860537889705807e-06,7.48929040896115e-06,6.357428783395634e-06,5.41859387498072e-06,4.636264789598266e-06,3.981495736788814e-06,3.43121103696456e-06,2.966912266928483e-06,2.573691655820163e-06,2.239474481715683e-06,1.954433772776282e-06,1.710535450866909e-06,1.501182822438592e-06,1.320937181130632e-06,1.165297057036215e-06,1.030522908597879e-06,9.134972175281816e-07,8.116123105346507e-07,7.226800066301836e-07,6.448585292590263e-07,5.765931402229654e-07,5.165677292245212e-07,4.636651888477837e-07,4.16934864368544e-07,3.755657238922817e-07,3.388641715703312e-07,3.062356435028927e-07,2.771692963212866e-07,2.512252328956838e-07,2.280238161649098e-07,2.072367068696888e-07,1.885793287047608e-07,1.718045187263655e-07,1.566971645784461e-07,0.02272128702843621
8.5,0.005368886544227295,0.004286578693176524,0.00330313398053262,0.002473178027012625,0.001822551032792081,0.001334565168016467,0.000977022173383959,0.0007178424439670357,0.0005305497108343345,0.0003950073238407052,0.0002964983242916746,0.000224475499406625,0.0001714457684269566,0.0001320993535972078,0.0001026693418068478,8.047427149066445e-05,6.359610571016132e-05,5.065494485830814e-05,4.065167742389962e-05,3.285795456236622e-05,2.673903181537674e-05,2.189944069302844e-05,1.804455064130049e-05,1.495322762450819e-05,1.245827364208342e-05,1.043234790868446e-05,8.777769718329241e-06,7.419085061129779e-06,6.297612313917406e-06,5.367413528950695e-06,4.592298893783025e-06,3.943584610634565e-06,3.398403645674582e-06,2.938424747301629e-06,2.548874858969932e-06,2.217788410580363e-06,1.935427326978124e-06,1.693830283503204e-06,1.486460402673751e-06,1.307928371297705e-06,1.153773673524121e-06,1.020290856564537e-06,9.043908808727018e-07,8.034899481498742e-07,7.154199592597263e-07,6.383560823498523e-07,5.707579199837711e-07,5.113215338899386e-07,4.589401765642685e-07,4.126720344029534e-07,3.717136399569245e-07,3.353778856709985e-07,3.030757863926948e-07,2.743013068000006e-07,2.486187031533363e-07,2.256519343786229e-07,2.050757815184286e-07,1.866083817192789e-07,1.700049367606432e-07,1.550523994684033e-07,0.02257285500767844
9.5,0.005375067646053566,0.004283412994278914,0.003296099656627758,0.002465465544694439,0.001815730774326099,0.001329065939973318,0.0009727736290342775,0.0007146218726301585,0.0005281245403681804,0.0003931810466199722,0.0002951179655868846,0.0002234262576129703,0.0001706428685088428,0.0001314805475476144,0.0001021889223699376,8.009857027747996e-05,6.330019912310254e-05,5.042027277307653e-05,4.046432869870172e-05,3.27074321675333e-05,2.661736079955236e-05,2.180052095579497e-05,1.796368484500101e-05,1.488677485821655e-05,1.240339379698869e-05,1.038681183256388e-05,8.739817337971556e-06,7.387318688621687e-06,6.270915913462261e-06,5.344891253642908e-06,4.573228011795771e-06,3.927379240343377e-06,3.384586657922088e-06,2.926605874413237e-06,2.538733547476068e-06,2.20906031960155e-06,1.927893643576861e-06,1.687309226157542e-06,1.480800433118688e-06,1.303002746801311e-06,1.149476055975722e-06,1.016531758650339e-06,9.010947782880672e-07,8.005929240587284e-07,7.128677758746235e-07,6.361025966595787e-07,5.687637778565038e-07,5.095530901960077e-07,4.573685994722335e-07,4.112725602708009e-07,3.704649517717543e-07,3.342615931712685e-07,3.020759901324037e-07,2.73404231711757e-07,2.478123898129116e-07,2.24925978303929e-07,2.044211125572322e-07,1.860170769756513e-07,1.694700616454498e-07,1.545678723856117e-07,0.02253078214443163
10.5,0.005422791767840096,0.004312734526847271,0.003311334147403882,0.002473465012956172,0.001820281981461034,0.001331946597369569,0.0009747828203922561,0.0007161230633432772,0.0005292931313839027,0.0003941108944218945,0.000295866096771482,0.0002240315815757919,0.0001711341868995049,0.0001318801985183514,0.000102514633015262,8.036454764428355e-05,6.351786965225274e-05,5.059883476709383e-05,4.061118704333267e-05,3.282854789702641e-05,2.671753393436766e-05,2.188361923676553e-05,1.803282819150945e-05,1.494448364634512e-05,1.245170772472774e-05,1.042738500977236e-05,8.773994255981012e-06,7.416194876060674e-06,6.295386364688729e-06,5.365689114815701e-06,4.590955514553276e-06,3.942532470121101e-06,3.397575418895568e-06,2.937769652624131e-06,2.548354366107855e-06,2.217373115514973e-06,1.935094663639906e-06,1.693562838658518e-06,1.48624466799229e-06,1.307753813992889e-06,1.153632040401151e-06,1.020175650008176e-06,9.04296962179125e-07,8.034132356785213e-07,7.153571975608265e-07,6.383046646954875e-07,5.707157512857203e-07,5.112869243126536e-07,4.58911758580784e-07,4.126486978400853e-07,3.71694480908766e-07,3.353621661519754e-07,3.030629023437922e-07,2.742907626197632e-07,2.486100913466149e-07,2.256449192356464e-07,2.050700859802883e-07,1.86603776772216e-07,1.700012328446746e-07,1.550494394962532e-07,0.02264824179882111
11.5,0.005448636065433938,0.004338452119278933,0.003328272867391991,0.00248411240164972,0.001827201582259251,0.001336680433767995,0.0009781752560152955,0.0007186413870135084,0.0005312099074337763,0.0003955958905918637,0.0002970317152050815,0.0002249559384353353,0.0001718735100523279,0.0001324759663294488,0.0001029979792880921,8.075914409657979e-05,6.384189816737832e-05,5.086638034082107e-05,4.083324358199769e-05,3.301375599400914e-05,2.687272847057358e-05,2.201423968449921e-05,1.814322853207328e-05,1.503816815856718e-05,1.253151157988551e-05,1.049561347093197e-05,8.832530621654283e-06,7.46658467467474e-06,6.338903394059152e-06,5.403387521850632e-06,4.623711080184602e-06,3.97107550107038e-06,3.422517078882794e-06,2.959623139097003e-06,2.567552017062513e-06,2.234280287324536e-06,1.950021035177313e-06,1.706771654847227e-06,1.497960326511833e-06,1.318168114249211e-06,1.16290934811451e-06,1.028457179432779e-06,9.117043377052763e-07,8.100514628517798e-07,7.213171484620445e-07,6.436651626939065e-07,5.755453242799319e-07,5.156452828449212e-07,4.628510449788508e-07,4.162145442868208e-07,3.749269076578366e-07,3.382963456793216e-07,3.057298108001683e-07,2.767177363318109e-07,2.508213031466242e-07,2.276617869592351e-07,2.069116234575458e-07,1.882868959721871e-07,1.715410044515986e-07,1.564593180474279e-07,0.02275476173223868
12.5,0.00548697118867851,0.004348633992606996,0.003325198812252543,0.002476898020483546,0.001819799392040596,0.00133039921077347,0.0009732305807682511,0.0007148748418266111,0.0005283789154628223,0.0003934751185215036,0.0002954395959564182,0.0002237545472649338,0.0001709608152790511,0.0001317773163713034,0.000102458911433275,8.033985798801484e-05,6.351318400045088e-05,5.060667683747027e-05,4.062652949296403e-05,3.284804189960898e-05,2.673897623931235e-05,2.1905585460238e-05,1.805442121285057e-05,1.49651612742241e-05,1.247116481762596e-05,1.044547296993414e-05,8.790666170676193e-06,7.431468261813895e-06,6.309317994015108e-06,5.378358133671773e-06,4.602452243218136e-06,3.952951092790256e-06,3.407009325539923e-06,2.946308580873979e-06,2.55608275578828e-06,2.224369271345537e-06,1.941430448065398e-06,1.699303704302287e-06,1.49144989983894e-06,1.312476893384465e-06,1.15792107197724e-06,1.024073812781836e-06,9.078429597523295e-07,8.066417300629516e-07,7.18299217504766e-07,6.409879837475782e-07,5.731652336952651e-07,5.135248387244581e-07,4.609580606449369e-07,4.145212835440019e-07,3.73409412804146e-07,3.369338748004509e-07,3.045043653165689e-07,2.756136633101971e-07,2.49824959725829e-07,2.2676125652413e-07,2.060964750390566e-07,1.875479798461748e-07,1.708702781249965e-07,1.558496978119315e-07,0.02275851532484359
13.5,0.005486458063172,0.004347517683253897,0.003319839755211668,0.002470498322195001,0.001814162646830591,0.001326030412798942,0.0009700571486557125,0.0007126522637034544,0.0005268568219445599,0.0003924487966048453,0.0002947563119302427,0.0002233054040163645,0.0001706700477690567,0.0001315929340311138,0.0001023455254637468,8.02735015180426e-05,6.347768398784987e-05,5.059115426219492e-05,4.062369219715889e-05,3.285302416938874e-05,2.674855181763379e-05,2.191763431833549e-05,1.806756834850492e-05,1.497853203626234e-05,1.248421917007109e-05,1.045789326428344e-05,8.802281216456329e-06,7.442202040264109e-06,6.319155112739294e-06,5.387320657712759e-06,4.610584255905132e-06,3.96030850439258e-06,3.41365323865254e-06,2.952301059419861e-06,2.56148421104071e-06,2.229236928474128e-06,1.945817527608325e-06,1.703259069879978e-06,1.49501800347092e-06,1.3156979045964e-06,1.160831114428551e-06,1.026705257828055e-06,9.102247438924024e-07,8.087996751555664e-07,7.202563407184767e-07,6.427647896407318e-07,5.747799844332893e-07,5.149938008062963e-07,4.622957280228089e-07,4.157405779541959e-07,3.74521862669861e-07,3.379497743507553e-07,3.054329156778923e-07,2.764630973296783e-07,2.506026522212196e-07,2.274738215510323e-07,2.067498516420208e-07,1.881475076280191e-07,1.714207638366654e-07,1.563554740381913e-07,0.02272553642213535
14.5,0.005527412267711524,0.004367948326130831,0.00332739215414338,0.002472343905851949,0.001813903953370995,0.001325190611171047,0.0009691993703564307,0.0007119439040013042,0.0005263183314082615,0.000392054703530161,0.0002944729208311913,0.0002231030171033128,0.0001705256305585558,0.000131489594222188,0.0001022712059065507,8.021970617941616e-05,6.343845670845755e-05,5.05623219385077e-05,4.060232456897597e-05,3.283705541294544e-05,2.673651788192393e-05,2.190849125895939e-05,1.806056672160682e-05,1.497312989984142e-05,1.248002163580945e-05,1.045461032311401e-05,8.799698169854913e-06,7.440158655957561e-06,6.317530843055655e-06,5.386024090498601e-06,4.609545535583863e-06,3.959473848896025e-06,3.412980944091815e-06,2.951758567429977e-06,2.561045940138086e-06,2.228882658413671e-06,1.945531186777943e-06,1.703027818506035e-06,1.494831535478674e-06,1.315547912245436e-06,1.160710874982986e-06,1.026609312359063e-06,9.101486461163938e-07,8.087397938686897e-07,7.202097035146197e-07,6.427289586293292e-07,5.747529569114055e-07,5.149739295036995e-07,4.622816567842734e-07,4.157311896612912e-07,3.745162369152952e-07,3.379471529202998e-07,3.054326743105358e-07,2.76464722547288e-07,2.506057222676665e-07,2.274779906746928e-07,2.067548371076158e-07,1.881530789635364e-07,1.714267339159523e-07,1.563616916752245e-07,0.0227917011643978
15.5,0.005570210570390911,0.004383822356654404,0.003328489257675918,0.002468187437178485,0.00180885731166426,0.00132079612885757,0.0009657988960266891,0.0007094534390952624,0.0005245454764162367,0.0003908120553190842,0.0002936095533454978,0.0002225064614611427,0.00017011515666068,0.0001312083471119851,0.0001020795256725751,8.009004828924634e-05,6.335171949661563e-05,5.050525764044523e-05,4.056573736616609e-05,3.281455479474615e-05,2.672365810331604e-05,2.190217731846487e-05,1.80586437812921e-05,1.497409891247606e-05,1.248284189436129e-05,1.045856199385328e-05,8.804286323281374e-06,7.445046088352966e-06,6.322490932969932e-06,5.390907640422865e-06,4.61425740601785e-06,3.963956469672368e-06,3.417202669464332e-06,2.955705451723382e-06,2.564715934602269e-06,2.232281525284103e-06,1.94866963307522e-06,1.705919497025739e-06,1.497491662457644e-06,1.317992323273703e-06,1.162955391820238e-06,1.028669329636772e-06,9.120388728049532e-07,8.104741029034918e-07,7.21801056241563e-07,6.441893802550883e-07,5.760935459923164e-07,5.162048894362516e-07,4.634123408090468e-07,4.167701534462886e-07,3.754712946205259e-07,3.388254339619993e-07,3.062406789840733e-07,2.772083753363484e-07,2.51290422138849e-07,2.281086579858565e-07,2.073359569847547e-07,1.886887411535707e-07,1.719206692225652e-07,1.568173051470567e-07,0.02282635471327821
16.5,0.005596266213063433,0.004398334336402557,0.003332891078134848,0.002468135190156777,0.001807422927508905,0.001319229642476822,0.0009644980649684244,0.0007084812671000123,0.0005238559528216764,0.000390337317836487,0.00029328886616144,0.0002222929073221537,0.000169974783011029,0.0001311173938969376,0.0001020216712657017,8.005420152638632e-05,6.333039420989561e-05,5.049342468883436e-05,4.056003152656666e-05,3.281273338024291e-05,2.672423385651574e-05,2.190417037595592e-05,1.806141441041032e-05,1.497723483421341e-05,1.248608242890422e-05,1.046174702841113e-05,8.807322010941443e-06,7.447881825979764e-06,6.325103944208241e-06,5.393292686787281e-06,4.616419954859554e-06,3.965908190640829e-06,3.418958497085327e-06,2.957281698756682e-06,2.566129107774555e-06,2.233547607914377e-06,1.949803675570881e-06,1.706935408040703e-06,1.49840212863279e-06,1.318808809300164e-06,1.163688188712089e-06,1.029327630032534e-06,9.126308595061188e-07,8.110070418363487e-07,7.22281388367094e-07,6.446228091754413e-07,5.764851194692552e-07,5.16559073991047e-07,4.637330891811552e-07,4.170609650634805e-07,3.757352694533601e-07,3.39065320253523e-07,3.064589153971211e-07,2.774071280701417e-07,2.514716175500101e-07,2.28274011217387e-07,2.07486997067135e-07,1.888268329996095e-07,1.720470328948748e-07,1.569330327358895e-07,0.022863980178263
17.5,0.00564521442378898,0.004415532594120685,0.00333390230106572,0.002463526932530641,0.001801895702938778,0.001314417264469298,0.0009607546237426357,0.0007057129462535311,0.0005218569893016823,0.0003889086545348843,0.0002922705596251868,0.0002215657864932481,0.000169453175850391,0.0001307407718478173,0.0001017475984184044,7.985299279685632e-05,6.318126231662754e-05,5.038176787230705e-05,4.047554706545727e-05,3.274811235551314e-05,2.667425928792545e-05,2.186509343314281e-05,1.803052186753781e-05,1.495254807606674e-05,1.246614710986815e-05,1.044548537818565e-05,8.79392858729248e-06,7.436749522587084e-06,6.315771162464174e-06,5.385405384338053e-06,4.609704205667594e-06,3.960150212795146e-06,3.413990016276819e-06,2.952969146706378e-06,2.562365593925739e-06,2.230246909294946e-06,1.94689570482213e-06,1.704362771225105e-06,1.496117491840031e-06,1.316772869552239e-06,1.161868099419864e-06,1.027695770667254e-06,9.111638676777225e-07,8.096850467399749e-07,7.21087399768049e-07,6.435422273056647e-07,5.755053395091906e-07,5.156691649980904e-07,4.62923531965123e-07,4.163234370087234e-07,3.750624669418162e-07,3.384508113687316e-07,3.058970171438036e-07,2.76892803543642e-07,2.51000389420844e-07,2.278418886224015e-07,2.070904135683416e-07,1.884625937207019e-07,1.717122693010943e-07,1.566251638059931e-07,0.02290244399182266
18.5,0.005662815442085641,0.004413749496125031,0.003322864542151253,0.002450717680118196,0.001790491606185475,0.001305252811063764,0.000953722116609321,0.0007004260593432789,0.0005179114598452233,0.000385964511982617,0.0002900650046398577,0.0002199032637777335,0.0001681906409797297,0.0001297742502634594,0.0001010015390275028,7.927232617696145e-05,6.272564091511261e-05,5.002144207355159e-05,4.018842634442296e-05,3.251767108849806e-05,2.648804045494618e-05,2.171363485707512e-05,1.790658150783522e-05,1.485054169511182e-05,1.238173744303684e-05,1.037527996098415e-05,8.735255965889809e-06,7.387492358829083e-06,6.274240900719786e-06,5.350247478746942e-06,4.579825967532122e-06,3.934665512305477e-06,3.39217662563361e-06,2.934235626921809e-06,2.546225433138831e-06,2.216298205765942e-06,1.934805115638846e-06,1.693852762414172e-06,1.486956158383507e-06,1.308765767096216e-06,1.154851659213834e-06,1.02153196699993e-06,9.057358811064521e-07,8.04893722809127e-07,7.168483461140455e-07,6.397834253179861e-07,5.721651724740119e-07,5.12694784692498e-07,4.602695013400002e-07,4.139505989089756e-07,3.729369985284522e-07,3.365434316092631e-07,3.041823208691932e-07,2.753487004719572e-07,2.496076304821635e-07,2.265836650895642e-07,2.059520170617599e-07,1.874311272361379e-07,1.707764011037886e-07,1.557749174190599e-07,0.02284475465286348
19.5,0.005699312473842325,0.004427068992714193,0.00332389279361828,0.002447423024485169,0.001786507385019842,0.001301843799851043,0.0009511511685100973,0.0006986064772462457,0.0005166725118179808,0.0003851447303254987,0.0002895368363639756,0.0002195733831197223,0.0001679933864512527,0.0001296644345544158,0.0001009484878133005,7.9255416224069e-05,6.273111805513218e-05,5.004020869215271e-05,4.021452426134519e-05,3.254724941594743e-05,2.651865661485654e-05,2.174378258451483e-05,1.793537281691599e-05,1.487749303161916e-05,1.240662625376516e-05,1.039804882078146e-05,8.755948803010761e-06,7.406212325111327e-06,6.291122816691932e-06,5.365440070896183e-06,4.593480661769182e-06,3.946929594626188e-06,3.403189290229198e-06,2.944125912851131e-06,2.555111376890632e-06,2.224286758409714e-06,1.941992523463971e-06,1.700325211793066e-06,1.492790554530677e-06,1.314030562937333e-06,1.1596076818727e-06,1.025833210325072e-06,9.096302465129101e-07,8.084236997716933e-07,7.200516294640832e-07,6.426934701251569e-07,5.748116894595951e-07,5.151041803155742e-07,4.624652672574696e-07,4.159536556632987e-07,3.747659982169236e-07,3.382150240390313e-07,3.057113873715944e-07,2.767485591829035e-07,2.508902165210274e-07,2.27759688704998e-07,2.070311024696205e-07,1.884219345576601e-07,1.716867335237456e-07,1.566118154241664e-07,0.02287767578615843
20.5,0.005721772352195108,0.004429835086907828,0.003315846679710722,0.002436978131747976,0.001777161265556108,0.001294507409576202,0.0009457297718934587,0.0006947202272679291,0.0005139295958455697,0.0003832232340377065,0.0002881948222580493,0.0002186365615769167,0.0001673388559754316,0.0001292064438393063,0.0001006274831176107,7.903008775015471e-05,6.257278750473981e-05,4.992892637789357e-05,4.013637418790266e-05,3.249249362681054e-05,2.648045774258189e-05,2.171732328858059e-05,1.791724741430011e-05,1.486528595816391e-05,1.239861900950707e-05,1.039301550448402e-05,8.75301291673618e-06,7.404746098802173e-06,6.290676148181851e-06,5.365690171863408e-06,4.594196237343259e-06,3.947945265092328e-06,3.404387259618725e-06,2.94542278578176e-06,2.556448647332254e-06,2.225623927614522e-06,1.943302107529993e-06,1.701589112248002e-06,1.493997415430193e-06,1.315173844229232e-06,1.160684254303801e-06,1.026842331068388e-06,9.105728133159802e-07,8.093017092125717e-07,7.208677849676975e-07,6.434508999382091e-07,5.755137453632416e-07,5.157542955782901e-07,4.630668579854358e-07,4.165100538581213e-07,3.752804079078213e-07,3.386904941127512e-07,3.061507963916013e-07,2.771546087249495e-07,2.512654304684813e-07,2.281064166273192e-07,2.073515257122275e-07,1.887180740461934e-07,1.719604585636879e-07,1.568648529826497e-07,0.02284932685961998
21.5,0.005792809722030336,0.004462341288505606,0.003328247202195068,0.002440760501351145,0.0017776974188117,0.001294024340881944,0.0009450632926471597,0.0006941402867232853,0.0005134936638213864,0.0003829184204098658,0.0002879913716738362,0.0002185059499950578,0.0001672585196840567,0.0001291599035811246,0.0001006031840654432,7.902011707995615e-05,6.257181025423931e-05,4.993338921914163e-05,4.014393791232181e-05,3.250163881843505e-05,2.649021464730713e-05,2.172708829722453e-05,1.792665904569847e-05,1.487414137560335e-05,1.240681801918227e-05,1.04005231347151e-05,8.759834535971761e-06,7.410910981364397e-06,6.296226721080205e-06,5.370675072795933e-06,4.598665920646941e-06,3.951949302693721e-06,3.407972761586068e-06,2.948633552902898e-06,2.559324795284048e-06,2.228201808362203e-06,1.945614411847213e-06,1.70366507663911e-06,1.495863083330287e-06,1.316852349264145e-06,1.162196105401361e-06,1.028205687218313e-06,9.118037410676388e-07,8.104144194545813e-07,7.218748477483875e-07,6.443634374679982e-07,5.763416041661473e-07,5.165061992183048e-07,4.637505420121982e-07,4.171323846817457e-07,3.758474872829598e-07,3.392077508259714e-07,3.066230666296167e-07,2.775862064709566e-07,2.516602091404864e-07,2.28467823042528e-07,2.076826473391089e-07,1.890216803928511e-07,1.722390374484359e-07,1.571206423403855e-07,0.02296676384007396
22.5,0.005850777468790286,0.004474786606354122,0.003322379444469969,0.002429891559173466,0.001767080889011203,0.001285240432511357,0.0009382669574131373,0.0006890337998219012,0.0005097005722387937,0.0003801066837838178,0.0002859004716639859,0.0002169415290833409,0.0001660788557864999,0.00012826260969816,9.991443251040612e-05,7.848655084041878e-05,6.215468144641412e-05,4.960438077556516e-05,3.988220510035893e-05,3.229171713823562e-05,2.632053752834216e-05,2.158893274325592e-05,1.78133917993559e-05,1.478067671176664e-05,1.232922519537499e-05,1.033574021585527e-05,8.705458263754501e-06,7.365041343669408e-06,6.257351125088972e-06,5.337581386064168e-06,4.570376700594207e-06,3.927671687345551e-06,3.387060018169005e-06,2.930555365627611e-06,2.543644150336156e-06,2.214556893579308e-06,1.933704354035193e-06,1.693238635199024e-06,1.486709635910048e-06,1.308794665465957e-06,1.155084523749018e-06,1.021913399739843e-06,9.062229569603494e-07,8.054532301328459e-07,7.174546543114428e-07,6.40416831319396e-07,5.728106144105179e-07,5.133408382113482e-07,4.609075942767635e-07,4.145743952459768e-07,3.73541914036687e-07,3.371262522507983e-07,3.047409016330334e-07,2.758817273481974e-07,2.501144321322457e-07,2.270640637313832e-07,2.064062103717836e-07,1.878595948374888e-07,1.711798305808143e-07,1.561541458670285e-07,0.02297331034414138
23.5,0.005905946993099838,0.004495051655500129,0.00332571415894278,0.002427297598615744,0.001763283822291285,0.001281883996665181,0.0009357346631515,0.0006872685142628124,0.0005085318002804844,0.0003793660473068876,0.0002854536276350109,0.0002166903056669429,0.0001659546942720754,0.0001282189027220512,9.992007158405508e-05,7.852107897113759e-05,6.220484192251253e-05,4.966172932405894e-05,3.994148476953427e-05,3.234976348976565e-05,2.637554621366627e-05,2.163997222385057e-05,1.786008087269177e-05,1.482297237053802e-05,1.236728411120905e-05,1.03698292001992e-05,8.735897196151261e-06,7.392167528061385e-06,6.281497704872481e-06,5.35906490799407e-06,4.589490564421668e-06,3.944683319973668e-06,3.402210347776449e-06,2.944059663080546e-06,2.555693633017959e-06,2.225320704640422e-06,1.943331674301891e-06,1.701860779934958e-06,1.494442050643015e-06,1.315738775147312e-06,1.161329414967972e-06,1.027537331510248e-06,9.112947050438532e-07,8.100332751744692e-07,7.215962267195095e-07,6.441668268034576e-07,5.762103940479187e-07,5.164269262709575e-07,4.637122860635353e-07,4.171262861186569e-07,3.758663596031138e-07,3.392457686271507e-07,3.066755136025226e-07,2.776492712902428e-07,2.517308197224179e-07,2.285435116355519e-07,2.077614404708326e-07,1.891020089152971e-07,1.723196628803914e-07,1.572005964600114e-07,0.02303607242294189
24.5,0.005944650407880496,0.004500294608461005,0.00331651807414246,0.002414758583693012,0.00175173431494226,0.00127251044801346,0.0009285230595898377,0.000681846863716914,0.0005044889375409356,0.0003763518709869643,0.0002831968305216692,0.0002149891871169421,0.0001646620496322703,0.0001272280318646678,9.915366801552151e-05,7.792295081234219e-05,6.173392301147648e-05,4.928780516153959e-05,3.964215753489098e-05,3.210829732464309e-05,2.617933337025071e-05,2.147943633062052e-05,1.772788838073856e-05,1.471346200617269e-05,1.227605125761579e-05,1.029342098159824e-05,8.671587139541026e-06,7.337787796370004e-06,6.235313260466141e-06,5.319678425777607e-06,4.555770053566663e-06,3.915706634774929e-06,3.377222348440648e-06,2.92243891790967e-06,2.536926367241211e-06,2.208980290481119e-06,1.929062386332686e-06,1.689364854734983e-06,1.483469322235146e-06,1.306078330370062e-06,1.152802842019582e-06,1.019993232006429e-06,9.046042134317167e-07,8.040863853193508e-07,7.162987683618155e-07,6.394379676225952e-07,5.71980568671299e-07,5.126361135109216e-07,4.603085712853478e-07,4.140646579381953e-07,3.731076998386364e-07,3.367560021588381e-07,3.044248909639375e-07,2.756117617632272e-07,2.498835966901892e-07,2.268665151685445e-07,2.062370047324033e-07,1.877145441020396e-07,1.710553831505206e-07,1.56047286728899e-07,0.02300744496642401
25.5,0.006001912816133782,0.004509481669393294,0.00330899991444434,0.002403530797132183,0.001741410624722308,0.001264278406711947,0.0009223428684006076,0.0006773339805446893,0.0005012327189586427,0.0003740105054931692,0.000281510901396731,0.0002137699271551713,0.0001637748261234213,0.0001265776643069469,9.867304112607521e-05,7.756468907212737e-05,6.14644746747562e-05,4.908329627802088e-05,3.948550389555141e-05,3.198719582497106e-05,2.608486346880406e-05,2.140508359415477e-05,1.7668860089599e-05,1.466620524457201e-05,1.223791182499552e-05,1.026240062404683e-05,8.646169735952237e-06,7.316814143078415e-06,6.217890288361888e-06,5.305112948949019e-06,4.54352009694844e-06,3.905345434294382e-06,3.368411542882838e-06,2.914908449666096e-06,2.530459310933306e-06,2.203401324478239e-06,1.924228974573875e-06,1.685160457946562e-06,1.47979813837915e-06,1.302861194684641e-06,1.149974011811202e-06,1.017497850600574e-06,9.023962985645268e-07,8.021272248478465e-07,7.145556341126748e-07,6.378830790866504e-07,5.705902539530783e-07,5.11390126813056e-07,4.59189535230912e-07,4.130576059300005e-07,3.721996989526645e-07,3.359358411604469e-07,3.036828212110704e-07,2.749392812376167e-07,2.492732693385084e-07,2.263118192635725e-07,2.057322051727709e-07,1.872545845290271e-07,1.706357945260832e-07,1.556641096323793e-07,0.02301375551972202
26.5,0.006049473044411847,0.00451964785211938,0.003303963821537251,0.002394399748543486,0.001732637978237222,0.001257172514008453,0.0009169879793908103,0.0006734355737468804,0.0004984414783124252,0.0003720263151735362,0.0002801031108148324,0.0002127699718103398,0.0001630625036817169,0.0001260682587519571,9.830712923628309e-05,7.730061983145565e-05,6.127300592462282e-05,4.894383400211572e-05,3.938348624008505e-05,3.191227880056767e-05,2.602966267059383e-05,2.136429997380103e-05,1.763867077248635e-05,1.464383746801738e-05,1.222134369625543e-05,1.025014998781473e-05,8.637144487340228e-06,7.310205569952016e-06,6.213096681303726e-06,5.301684602213003e-06,4.541119500853849e-06,3.903718310380531e-06,3.36736565752792e-06,2.914298036704191e-06,2.530173559861742e-06,2.203355830795574e-06,1.924359359365696e-06,1.685417584117088e-06,1.480144507914512e-06,1.303268223760834e-06,1.150419961471011e-06,1.017966249241962e-06,9.0287473501408e-07,8.026064218560707e-07,7.150287349050245e-07,6.383450964143389e-07,5.710376435409167e-07,5.118204563689112e-07,4.596012271082393e-07,4.13449736734526e-07,3.725718433034412e-07,3.36287949781234e-07,3.040151257808775e-07,2.752522201469046e-07,2.495674298117631e-07,2.265878923179587e-07,2.059909506597136e-07,1.874968041060733e-07,1.708623108717693e-07,1.558757505785646e-07,0.02302244147959634
27.5,0.006121878343669768,0.004536907745223151,0.003300369238756604,0.002385048929289015,0.001723155054322257,0.001249241500760917,0.0009108256790398417,0.0006687960579387051,0.0004949911170533098,0.0003694664502964715,0.0002781981637940644,0.0002113437594600728,0.0001619863815012024,0.0001252492052510448,9.767802561977465e-05,7.681293156724759e-05,6.089147068763919e-05,4.86426711271233e-05,3.914371077195053e-05,3.17198009594544e-05,2.587394057552311e-05,2.123738088614549e-05,1.753450532219299e-05,1.455778621221985e-05,1.214981975078575e-05,1.019035841808582e-05,8.586890896936369e-06,7.267754481642699e-06,6.177065980021673e-06,5.270966271756479e-06,4.5148196643458e-06,3.881111541974774e-06,3.347859919180126e-06,2.897407581087035e-06,2.515497847635713e-06,2.190563019962649e-06,1.91317329381031e-06,1.675607477894493e-06,1.471516719652974e-06,1.295659661675884e-06,1.143692768132632e-06,1.012003496516952e-06,8.975769207974411e-07,7.978886065563291e-07,7.108181909705523e-07,6.345793712645542e-07,5.676629571419652e-07,5.087903708785121e-07,4.568755386308991e-07,4.109935491147976e-07,3.703547916713687e-07,3.342835477267061e-07,3.022002149338742e-07,2.736065048548506e-07,2.480730827453708e-07,2.252292193666292e-07,2.047541055236489e-07,1.863695446534614e-07,1.698337906831196e-07,1.549363402072528e-07,0.02305650644552452
28.5,0.006192605683871442,0.004555160339929139,0.003298212851169527,0.002377190277111231,0.00171508871937145,0.001242598450740596,0.0009058034641011392,0.0006651474820543971,0.0004923910790865033,0.0003676296887333181,0.0002769043221234507,0.0002104318912049435,0.0001613420965571659,0.0001247922785311127,9.735251965976821e-05,7.657990396882818e-05,6.072378373968315e-05,4.852136507046652e-05,3.90554923097647e-05,3.165531051840592e-05,2.582655760051647e-05,2.120239907490308e-05,1.750856185844979e-05,1.453846549980257e-05,1.213537726014379e-05,1.01795274355999e-05,8.578746685041715e-06,7.261618345652924e-06,6.172437187558885e-06,5.26747349601379e-06,4.512186175165979e-06,3.879130123171049e-06,3.346374700307824e-06,2.896300809094111e-06,2.51468020544095e-06,2.189966504704724e-06,1.912745951692436e-06,1.675309492488312e-06,1.471317491832066e-06,1.295535619680988e-06,1.143625717845766e-06,1.011979373326674e-06,8.975848413902945e-07,7.979201457136956e-07,7.108668278992442e-07,6.346400642009531e-07,5.677318154029507e-07,5.088644012276823e-07,4.569524485300698e-07,4.110715936737938e-07,3.704326542802965e-07,3.343602467349435e-07,3.022750305334694e-07,2.736789216827205e-07,2.48142744748858e-07,2.25295894262025e-07,2.048176567776178e-07,1.864299093779193e-07,1.698909621886796e-07,1.549903542341086e-07,0.02310316326297363
29.5,0.00625000929495796,0.00455656253571221,0.003282662420278709,0.002359325880076023,0.001699636691761315,0.001230499054089327,0.0008967293991350959,0.0006584694144738678,0.0004875088732919336,0.0003640603192626828,0.0002742847581111167,0.0002084977195365171,0.0001599034352496983,0.0001237134599626539,9.65366112701249e-05,7.595744101815897e-05,6.024474518628463e-05,4.814951565066011e-05,3.876440680580232e-05,3.142557921802966e-05,2.564381694893233e-05,2.105593828401736e-05,1.739033214988593e-05,1.444237170075283e-05,1.205676822706365e-05,1.011482716883256e-05,8.525185529421518e-06,7.217035798392515e-06,6.13513624536278e-06,5.23611232773451e-06,4.485696998212579e-06,3.856658034929612e-06,3.327231242951197e-06,2.879928483788883e-06,2.500625177003488e-06,2.177857472680389e-06,1.90227769374715e-06,1.666229970312596e-06,1.463417690110701e-06,1.288641494408228e-06,1.137591782127268e-06,1.006683561572196e-06,8.929243770242403e-07,7.938082008029476e-07,7.07229810903112e-07,6.314154083707228e-07,5.648661681086189e-07,5.063121358043138e-07,4.546744366941302e-07,4.090341893323362e-07,3.68606849517587e-07,3.327209685678625e-07,3.008005531736775e-07,2.723503739049668e-07,2.469436958265729e-07,2.242120050119848e-07,2.03836384723085e-07,1.855402590240374e-07,1.690832730057504e-07,1.542561202422273e-07,0.02306587053424044
30.5,0.006307549286988944,0.004564132524103702,0.003272755637788436,0.002345817763259164,0.001687381524224856,0.001220699237868431,0.0008892957235987379,0.0006529581881232794,0.0004834567378993515,0.0003610824566746095,0.000272087788586588,0.000206866366243373,0.0001586824328999869,0.0001227915524585871,9.583412206619921e-05,7.54171426927957e-05,5.982532717313302e-05,4.782096737913823e-05,3.850476947639641e-05,3.121866096602224e-05,2.54775817855407e-05,2.09213655064327e-05,1.728060467362958e-05,1.43522950568209e-05,1.198235200256759e-05,1.005298142288072e-05,8.473499043679656e-06,7.173612926381703e-06,6.098475989662228e-06,5.205018049509364e-06,4.459208499010825e-06,3.83400009147546e-06,3.307774326692414e-06,2.863158567752937e-06,2.486120367456523e-06,2.165269802002312e-06,1.89131884314819e-06,1.656660004851316e-06,1.455036117781434e-06,1.281280129674885e-06,1.131109019044704e-06,1.000959754542854e-06,8.878580968564739e-07,7.893131862299332e-07,7.032324755429443e-07,6.278527934985995e-07,5.616842549406105e-07,5.034644490020218e-07,4.521208847801938e-07,4.067400986178405e-07,3.665421567020692e-07,3.30859543921165e-07,2.991196315552106e-07,2.708300751310602e-07,2.455666192983367e-07,2.229628862472633e-07,2.027018036378865e-07,1.8450839159085e-07,1.681436793638822e-07,1.533995635156814e-07,0.02305610479304272
31.5,0.006389506028617427,0.004582998904060236,0.003269933606242872,0.002337294649881744,0.001678790499653241,0.001213644678352261,0.0008839426280339508,0.0006490382492081696,0.0004806317904199131,0.0003590584724676278,0.0002706378944226574,0.0002058244057273929,0.0001579296964490695,0.000122244188758537,9.543314687054751e-05,7.512106289535178e-05,5.960487946637447e-05,4.765542803063851e-05,3.837938604946007e-05,3.11228695896828e-05,2.540376922861596e-05,2.086400762801868e-05,1.723566474143058e-05,1.431680174832257e-05,1.195410198525431e-05,1.00303286196076e-05,8.455204470352492e-06,7.158737053732578e-06,6.086301109571757e-06,5.194991925676909e-06,4.450903200820328e-06,3.827081721812262e-06,3.301980612976432e-06,2.858282163349315e-06,2.481996325821928e-06,2.161766119109725e-06,1.888329270289622e-06,1.654098551992471e-06,1.452832823606314e-06,1.279377786614099e-06,1.129460622685477e-06,9.995265058003496e-07,8.866078284244455e-07,7.882191165601807e-07,7.022722170772663e-07,6.270075593413048e-07,5.609382212258964e-07,5.028042400405211e-07,4.515351555046293e-07,4.062191945024073e-07,3.660778356529015e-07,3.304447479567799e-07,2.987482986607319e-07,2.704969836603337e-07,2.452672588497553e-07,2.226933501545022e-07,2.024586991729049e-07,1.842887647320489e-07,1.679449515818153e-07,1.532194785063783e-07,0.02311034525331422
32.5,0.00647138966496296,0.004594470213247681,0.003258954833828923,0.002321777259678106,0.001664685578667681,0.001202380688721697,0.0008754095382541744,0.0006427169680839331,0.0004759852477309896,0.0003556430161698365,0.0002681164362051899,0.0002039501427565904,0.0001565248858434563,0.0001211815913685866,9.46216972743753e-05,7.449537861639689e-05,5.911777159274023e-05,4.727261559220397e-05,3.807578116164328e-05,3.087996645536251e-05,2.520780426544271e-05,2.070465756673434e-05,1.710512057374809e-05,1.42091060893699e-05,1.186467184371991e-05,9.955609332858164e-06,8.392416955765565e-06,7.105691853283677e-06,6.041260550430181e-06,5.156567174030261e-06,4.417976794160898e-06,3.798748835937319e-06,3.277504202963031e-06,2.837058452394257e-06,2.463528067137146e-06,2.145641738116582e-06,1.874206486331091e-06,1.641691435855007e-06,1.441901507941713e-06,1.269720238051203e-06,1.120906026235423e-06,9.919299177435494e-07,8.798458329809186e-07,7.821862812992248e-07,6.9687818728474e-07,6.221746661156615e-07,5.565995046094999e-07,4.989018089899701e-07,4.480188224266994e-07,4.030453345195319e-07,3.63208430528534e-07,3.27846582319335e-07,2.96392282278836e-07,2.683575783945639e-07,2.433219928067349e-07,2.209224047055702e-07,2.008445570319205e-07,1.828159093396964e-07,1.665996097142353e-07,1.519893993902022e-07,0.02311798294530551
33.5,0.006516463931268712,0.004590603480096827,0.003241296374008151,0.002303124395561585,0.001648941059600358,0.001190148933218315,0.0008662410762073625,0.0006359458715087051,0.0004710054851975825,0.0003519746465957813,0.0002654007296847613,0.0002019259216844643,0.0001550041200359069,0.0001200293506429556,9.374103366652009e-05,7.381636120008785e-05,5.858967788417757e-05,4.685841455095617e-05,3.774824352081107e-05,3.061891896538189e-05,2.49981850635475e-05,2.053513261682333e-05,1.696709394672629e-05,1.409600771865447e-05,1.177144167661381e-05,9.878321222350344e-06,8.328002550254823e-06,7.051736478265853e-06,5.995851246647809e-06,5.118178766866594e-06,4.385385877764432e-06,3.770968383434195e-06,3.253733519331486e-06,2.816644616190301e-06,2.445936032253264e-06,2.130431005911804e-06,1.861012794660368e-06,1.630212302819384e-06,1.431884755464614e-06,1.260954832587395e-06,1.11321473161085e-06,9.851633730122705e-07,8.738777568403632e-07,7.769095716654712e-07,6.922017356462311e-07,6.180207453125922e-07,5.52901618707111e-07,4.95602917129074e-07,4.450698665795252e-07,4.004040151753351e-07,3.608381853986617e-07,3.257157318782618e-07,2.944733128714564e-07,2.666265391414755e-07,2.417579869354486e-07,2.195071594628817e-07,1.995620591739983e-07,1.816520954938435e-07,1.655421027706706e-07,1.510272836004996e-07,0.02305856520929497
34.5,0.006592328216026214,0.004599674507057359,0.003229743658069128,0.002287864689993053,0.001635391303060189,0.001179496121456412,0.0008582792132818686,0.0006301248245361259,0.0004667840695330629,0.000348915264139253,0.0002631754209733986,0.0002002972173490438,0.0001538027510395515,0.0001191353856861425,9.306955006593098e-05,7.330706921673276e-05,5.819957863800203e-05,4.655665995786497e-05,3.751255235728412e-05,3.043307843063529e-05,2.485030531424572e-05,2.041642288827662e-05,1.687100039172465e-05,1.40176027835774e-05,1.170698906165987e-05,9.824963965920425e-06,8.283537893297889e-06,7.014452232888088e-06,5.964406013438779e-06,5.091513608298102e-06,4.362658703621905e-06,3.751504844424309e-06,3.236989981659045e-06,2.802180038643983e-06,2.43339044961519e-06,2.119508949259712e-06,1.851470426892926e-06,1.621847369496583e-06,1.424528683663713e-06,1.254466479665124e-06,1.107475409591363e-06,9.800728655196275e-07,8.693511130859627e-07,7.728745124119362e-07,6.885965439024408e-07,6.147925430842657e-07,5.500049528337535e-07,4.929985938288765e-07,4.427239870791798e-07,3.982871746643726e-07,3.589248052164732e-07,3.239835008366364e-07,2.929027183262135e-07,2.652004721472321e-07,2.404614087702188e-07,2.183268191635435e-07,1.984862536093431e-07,1.806704650188022e-07,1.646454567305621e-07,1.502074509478176e-07,0.02306230185799429
35.5,0.006642044505328997,0.004594371849697069,0.003209932280957838,0.002267445636600674,0.001618362829073318,0.001166361194169963,0.0008484784348876019,0.0006229083989363599,0.000461487415310049,0.0003450186117393581,0.0002602930639576057,0.0001981496368608957,0.0001521893610862794,0.0001179125915755219,9.213437290541755e-05,7.258534183496002e-05,5.763757405080742e-05,4.611519424760838e-05,3.716283674976716e-05,3.015379700949366e-05,2.462554896716984e-05,2.023422167674597e-05,1.672227521244538e-05,1.389541193982111e-05,1.160598324160581e-05,9.740989286755906e-06,8.21334475205823e-06,6.955480231351038e-06,5.914623930403289e-06,5.049299467521843e-06,4.326709243796157e-06,3.720766696821749e-06,3.210606984692953e-06,2.779452630427106e-06,2.413744162069158e-06,2.102469806908287e-06,1.836645618297914e-06,1.608909971025877e-06,1.413205517265565e-06,1.244528409188031e-06,1.098729545683076e-06,9.723562727877372e-07,8.625257061501088e-07,7.668228977667702e-07,6.832186179781064e-07,6.100026977979543e-07,5.457297713987899e-07,4.891749439352194e-07,4.392974374945422e-07,3.952106761074168e-07,3.561575879825402e-07,3.214901508365883e-07,2.906524004795704e-07,2.631662758708696e-07,2.386197949444404e-07,2.166571516856092e-07,1.969704016518529e-07,1.792924645453815e-07,1.633912218002722e-07,1.490645269536623e-07,0.02299759767526981
36.5,0.00670117060236509,0.004594258221438218,0.003192864466145941,0.002248589576421811,0.001602333964903661,0.001153939462678346,0.0008392267242419318,0.00061613292086629,0.0004565519317708467,0.0003414200870821258,0.0002576573602939455,0.000196206165351074,0.0001507448230924525,0.0001168294615884513,9.131474451199296e-05,7.195927497696216e-05,5.715484826386052e-05,4.573952179621696e-05,3.686781272638078e-05,2.99200629315849e-05,2.443880063453698e-05,2.008380415065323e-05,1.660018684751579e-05,1.379559434216899e-05,1.15238119368141e-05,9.672905972507872e-06,8.156589969216378e-06,6.907897670524789e-06,5.874516153915932e-06,5.01532076901885e-06,4.297785508513225e-06,3.696035024047332e-06,3.189369872815788e-06,2.761142966536165e-06,2.397898282865922e-06,2.088706630296625e-06,1.824650371781633e-06,1.598421424053588e-06,1.404005901914862e-06,1.236435416567196e-06,1.09158993495853e-06,9.660407405774322e-07,8.56924746677934e-07,7.61843446190932e-07,6.787813161209665e-07,6.060396570528912e-07,5.421827347400543e-07,4.859937698114434e-07,4.364388444943697e-07,3.926371997943969e-07,3.538367110610653e-07,3.193935754719812e-07,2.887554376360387e-07,2.614473313164069e-07,2.370599353800885e-07,2.152397375006724e-07,1.95680775250314e-07,1.781176851584573e-07,1.623198392938603e-07,1.480863884340161e-07,0.02295662432310037
37.5,0.00676260608192513,0.004598369050000914,0.003180248405435694,0.002233696272148288,0.001589530770409489,0.001144017969590853,0.0008318634373042184,0.0006107660899597006,0.0004526623981328816,0.0003385982233010988,0.0002555999202972091,0.0001946950584438643,0.0001496251900125908,0.0001159918108241064,9.068161965152518e-05,7.14756931711226e-05,5.67815729354319e-05,4.544837004767909e-05,3.663839128974784e-05,2.973749650156961e-05,2.4292146650401e-05,1.996494211477959e-05,1.650303622053172e-05,1.371556064879634e-05,1.145739201919589e-05,9.617404761417415e-06,8.109915818241248e-06,6.868413360506936e-06,5.84092959208022e-06,4.986604178105732e-06,4.273115204576323e-06,3.674746178744526e-06,3.170922261061729e-06,2.745094827539995e-06,2.383886218412825e-06,2.076430029232402e-06,1.813859253305729e-06,1.58890688252475e-06,1.395592545690659e-06,1.228975346138518e-06,1.084957917566294e-06,9.601303210661218e-07,8.516450956606529e-07,7.571167924475669e-07,6.745408446587715e-07,6.022277804037162e-07,5.387496650063679e-07,4.828963342747111e-07,4.336394994157025e-07,3.901032062174227e-07,3.515394436007603e-07,3.173079407107667e-07,2.868593832028484e-07,2.597214302623583e-07,2.354870332884165e-07,2.138046520335354e-07,1.943700396599101e-07,1.769193287665041e-07,1.612231991432757e-07,1.470819472953146e-07,0.02294386201734908
38.5,0.006815125441248853,0.004592455789661172,0.003159120491539105,0.002211993099361535,0.001571463294363566,0.001130103502753505,0.0008214975562889016,0.0006031464585607075,0.0004470799933135283,0.0003344994950199,0.0002525746376434641,0.0001924462684335556,0.0001479400258496688,0.0001147180531537359,8.971023098151952e-05,7.07282416469764e-05,5.620132071194622e-05,4.499400026444046e-05,3.627959874580957e-05,2.945188333209987e-05,2.406302915920686e-05,1.977979407729122e-05,1.63523778978841e-05,1.359216111655836e-05,1.135569277214345e-05,9.533100418221303e-06,8.039647001083926e-06,6.809540156488449e-06,5.791363266196234e-06,4.944681268956091e-06,4.237502661239886e-06,3.644369384759864e-06,3.144910047245287e-06,2.722737180432256e-06,2.364601539604416e-06,2.059739627330498e-06,1.799367348631394e-06,1.576284840382127e-06,1.384566373323627e-06,1.219315723850532e-06,1.076472209037458e-06,9.526561381505318e-07,8.450450907172617e-07,7.512744250825988e-07,6.693569258258816e-07,5.976176396329809e-07,5.346408194247188e-07,4.792265634796807e-07,4.303552499810398e-07,3.871582649930652e-07,3.488938310322252e-07,3.149269849067298e-07,2.847129430020079e-07,2.577832415313488e-07,2.33734157458047e-07,2.122170097096699e-07,1.929300152278102e-07,1.75611434398492e-07,1.60033788640145e-07,1.459989718366746e-07,0.02287499481043888
39.5,0.006855159147104621,0.00458286602283418,0.003137535572882614,0.002191075158507424,0.001554514988140203,0.001117273954124157,0.0008120624316530965,0.0005962849913778973,0.0004421006782627701,0.0003308754311054396,0.0002499214286475759,0.000190488941142177,0.0001464834317205282,0.0001136239086814181,8.888033767250891e-05,7.009256010153031e-05,5.570960451807003e-05,4.460995769353543e-05,3.597682173758849e-05,2.921100357116374e-05,2.386972440518938e-05,1.962338409832955e-05,1.622483030624203e-05,1.348738323552857e-05,1.126902400143924e-05,9.460945863821975e-06,7.979211193065094e-06,6.758632105197867e-06,5.748252685720171e-06,4.907991741069766e-06,4.206131649352809e-06,3.61742789896155e-06,3.121676793039299e-06,2.702623458471027e-06,2.347124182598253e-06,2.044499988001958e-06,1.786034875415705e-06,1.564584155505216e-06,1.374267042781456e-06,1.210224110023872e-06,1.068424944894097e-06,9.455148718679724e-07,8.386922315396238e-07,7.456096827784615e-07,6.642944826190362e-07,5.930838288314621e-07,5.305722120119107e-07,4.755683847326942e-07,4.270600642769575e-07,3.841848794872603e-07,3.462063786902995e-07,3.124941550762506e-07,2.825073337997871e-07,2.557808131584426e-07,2.319137694138062e-07,2.105600279693356e-07,1.914199779380378e-07,1.742337666577174e-07,1.587755585638253e-07,1.448486814376552e-07,0.022797032091314
40.5,0.006908225426497476,0.004581106053114335,0.003120604995429075,0.002172915263542297,0.001539235557742572,0.001105478340232599,0.0008032786895472914,0.0005898369718176213,0.0004373832562253492,0.0003274152615359098,0.0002473682666506063,0.0001885900087448726,0.0001450581750765781,0.0001125437015647559,8.805338579342431e-05,6.945306604544594e-05,5.521011942698051e-05,4.421602017360207e-05,3.56632062163793e-05,2.895909099459483e-05,2.366565313725514e-05,1.945674333938618e-05,1.608773165540768e-05,1.337379681370409e-05,1.117430053535577e-05,9.381470183894478e-06,7.91214914419512e-06,6.701744276409591e-06,5.699756252632699e-06,4.866457191031048e-06,4.170404976961703e-06,3.586571534485616e-06,3.094924409880809e-06,2.679345139640562e-06,2.326799376081119e-06,2.026696361501224e-06,1.770391671619497e-06,1.550799005017065e-06,1.362085451814733e-06,1.199431031049697e-06,1.058837979826111e-06,9.369787626857294e-07,8.310743722185043e-07,7.387964459894339e-07,6.581881999285764e-07,5.876002977330835e-07,5.256386297328734e-07,4.711216293503185e-07,4.230452597040003e-07,3.805541934278277e-07,3.429180125372538e-07,3.09511492528155e-07,2.797982211821279e-07,2.533169493920287e-07,2.296701875522335e-07,2.08514653434673e-07,1.895532511799455e-07,1.725283200709488e-07,1.572159392200987e-07,1.434211125969253e-07,0.02275158039176938
41.5,0.006920617738590594,0.004557104454120286,0.00309149407099177,0.00214778142262115,0.00151973747752212,0.001091006593777983,0.0007927373769782915,0.0005822077623609138,0.000431860507546457,0.0003234013696009397,0.0002444327210241995,0.000186426679079423,0.0001434503607150411,0.0001113379718963959,8.714077576204371e-05,6.875581728202403e-05,5.467241244576014e-05,4.379751485185068e-05,3.533453730653922e-05,2.86987188648341e-05,2.345765340853953e-05,1.928924805502813e-05,1.59518239529868e-05,1.32627225224064e-05,1.10829022877194e-05,9.305778563803044e-06,7.849085278015988e-06,6.648901977295776e-06,5.655241303035272e-06,4.828767925625777e-06,4.138342913531724e-06,3.559174011947482e-06,3.071413453287162e-06,2.65908837153818e-06,2.309279931531322e-06,2.011489578156878e-06,1.757146912032706e-06,1.539225392347465e-06,1.351940608850721e-06,1.190512138641503e-06,1.050974637550609e-06,9.30027258205173e-07,8.249130580503893e-07,7.333219916569342e-07,6.533125397571922e-07,5.832481342832378e-07,5.217453832067504e-07,4.676317466280249e-07,4.199108146768063e-07,3.777337242860914e-07,3.403755525924068e-07,3.07215759717746e-07,2.7772193816366e-07,2.514362714838472e-07,2.27964220039105e-07,2.069650431600973e-07,1.881438400797243e-07,1.712448505046721e-07,1.560458027388476e-07,1.423531352323454e-07,0.02261174830762694
42.5,0.006959373589167966,0.004548453766751064,0.003071011228699751,0.002127635644872965,0.001503202017922333,0.001078314604273836,0.0007832577639957059,0.0005751944947539276,0.0004266748031184977,0.0003195507007456341,0.0002415536437550781,0.0001842560355891563,0.0001417989015258714,0.000110069645789028,8.615745113085902e-05,6.798632506005385e-05,5.406478670791268e-05,4.331352231885185e-05,3.494582017396837e-05,2.838406758524327e-05,2.320106982606419e-05,1.907856224245642e-05,1.577770028156326e-05,1.311794059993364e-05,1.096183304545024e-05,9.203999716166277e-06,7.763096953522201e-06,6.575914825769775e-06,5.593017403531291e-06,4.775500432986385e-06,4.092564330606545e-06,3.519685767358803e-06,3.037231450951589e-06,2.62940059917475e-06,2.283413238195862e-06,1.988883471646266e-06,1.73733276698515e-06,1.521809856014483e-06,1.336592284038611e-06,1.176950840730356e-06,1.038962685130983e-06,9.193623793087969e-07,8.154225867082244e-07,7.248581002253135e-07,6.457483066778164e-07,5.764742887724095e-07,5.156676008211828e-07,4.621683949701647e-07,4.149910683566736e-07,3.732959839073312e-07,3.363661149285709e-07,3.035876961132253e-07,2.744341460842435e-07,2.484526704784878e-07,2.252530684844634e-07,2.044983562966609e-07,1.85896893210765e-07,1.691957539720238e-07,1.541751375344445e-07,1.40643639948092e-07,0.0225333007687428
43.5,0.006950470966497668,0.004509550378025024,0.003031660814626522,0.002095475333979896,0.001478860638726158,0.001060482037729686,0.0007703675673236083,0.0005659123424795242,0.0004199815098752204,0.000314703128002866,0.0002380212439670114,0.0001816633739055487,0.0001398809268403158,0.0001086389828423735,8.508116579428751e-05,6.716964169936723e-05,5.343974115146645e-05,4.283106342218766e-05,3.457030385184213e-05,2.808940684680136e-05,2.296803168270329e-05,1.889286069519327e-05,1.562864376075819e-05,1.299746716519206e-05,1.086381803538282e-05,9.123755800958433e-06,7.697010796079745e-06,6.521181286798065e-06,5.547443806832369e-06,4.737361455938107e-06,4.060493702762104e-06,3.492594899539912e-06,3.014247893050527e-06,2.609821190754084e-06,2.266668215551748e-06,1.97450879681525e-06,1.724948665252339e-06,1.511104070427543e-06,1.327306935402369e-06,1.168872059766062e-06,1.031912388364039e-06,9.13191711997846e-07,8.100066691700902e-07,7.200917985958151e-07,6.41542812946408e-07,5.727543432554983e-07,5.123692270441835e-07,4.59237045106899e-07,4.123800990598005e-07,3.709653991353153e-07,3.342815254099711e-07,3.017194552684507e-07,2.727566302108369e-07,2.469436772992237e-07,2.238933131384846e-07,2.032710478128045e-07,1.847873776617559e-07,1.681912130397446e-07,1.532643332526533e-07,1.398166980327589e-07,0.02232365208526834
44.5,0.006973668785775528,0.004494280125887769,0.003009061951680867,0.002075143620367442,0.001462865308255376,0.001048539190053453,0.0007616384211602242,0.0005595758030947556,0.0004153787672065439,0.0003113434801627651,0.0002355509093305776,0.0001798308532190975,0.0001385082735968894,0.0001076002349758685,8.42868464219647e-05,6.655584679200623e-05,5.296052600229866e-05,4.245314620784886e-05,3.426937885058891e-05,2.784757099283632e-05,2.277198073521678e-05,1.873261833738856e-05,1.549666091297828e-05,1.288797955722116e-05,1.077238482755508e-05,9.046925825553679e-06,7.63207929488282e-06,6.466011228591194e-06,5.500333599443252e-06,4.69694622125116e-06,4.025671007219803e-06,3.46246843573353e-06,2.988084436940134e-06,2.587017451167554e-06,2.24672511075097e-06,1.957011349266116e-06,1.709550177877372e-06,1.49751358944461e-06,1.315279253961257e-06,1.158199699352238e-06,1.022419129925656e-06,9.047273491326845e-07,8.024427308613278e-07,7.1331804562885e-07,6.35464355115302e-07,5.672892572873986e-07,5.074465803934407e-07,4.547952502761938e-07,4.083655382803556e-07,3.673312711125149e-07,3.309868751843585e-07,2.987283556340373e-07,2.700374890107902e-07,2.44468649616408e-07,2.216378011698133e-07,2.012132742581038e-07,1.829080209214522e-07,1.664730945191911e-07,1.516921487065067e-07,1.383767862229479e-07,0.02222690060308975
45.5,0.006953511884569761,0.004450205791038505,0.002966851774189135,0.002041059004442029,0.001437000436116888,0.001029392716438622,0.0007475827600697083,0.0005492583571893721,0.0004077726628510734,0.0003056982652206252,0.0002313269584144246,0.0001766422671999251,0.0001360790255546733,0.0001057322029059497,8.283705822819488e-05,6.542044946965717e-05,5.206352922787437e-05,4.173851330116683e-05,3.369545313513222e-05,2.738313055832188e-05,2.239343083522683e-05,1.842198134150314e-05,1.524012791784299e-05,1.267485959302205e-05,1.059433712868709e-05,8.897394854855004e-06,7.505875924842305e-06,6.358999978779104e-06,5.409197354234404e-06,4.619007942268595e-06,3.958757663457895e-06,3.404806424054119e-06,2.938218654844661e-06,2.543748257075233e-06,2.209058903812833e-06,1.92412158797387e-06,1.680746451380286e-06,1.472216939951816e-06,1.293002381188067e-06,1.138531000149933e-06,1.005009767688232e-06,8.892807296437486e-07,7.887058993677531e-07,7.010746253349114e-07,6.24528728197906e-07,5.57501751985484e-07,4.986694761965271e-07,4.46909451058291e-07,4.012677928880811e-07,3.609318442958734e-07,3.252075902743348e-07,2.93500945102545e-07,2.653022008210801e-07,2.401730667201875e-07,2.177358391211064e-07,1.976643280734925e-07,1.796762373183225e-07,1.635267497401258e-07,1.490031154717243e-07,1.35920076087987e-07,0.02198437225147159
46.5,0.006943972089926019,0.004419204899669715,0.002936153208753693,0.002016079029947681,0.001418030694615998,0.00101537441621329,0.0007373182511893019,0.0005417447035767471,0.0004022483522694573,0.0003016080543336802,0.0002282728527490977,0.0001743406318588887,0.000134327688888379,0.000104386549233534,8.179306984630149e-05,6.460280308383538e-05,5.141726784019927e-05,4.122321566036317e-05,3.328113942030655e-05,2.704737440272485e-05,2.211931117115577e-05,1.819662096166325e-05,1.505364378558215e-05,1.251960362571987e-05,1.046434308090974e-05,8.787972339697179e-06,7.413310163934444e-06,6.280328040446795e-06,5.342040112665083e-06,4.5614429186959e-06,3.909222079092264e-06,3.362022741900766e-06,2.901136983359075e-06,2.51150148772804e-06,2.180927533538333e-06,1.89950595884635e-06,1.659144709387506e-06,1.453207432552703e-06,1.276229521870602e-06,1.123693857525453e-06,9.918528082166752e-07,8.775862722584792e-07,7.782879381480824e-07,6.917737510033599e-07,6.162079364672016e-07,5.500429709554746e-07,4.919706792849429e-07,4.408822487043857e-07,3.958354172600853e-07,3.560274577885143e-07,3.207728617039854e-07,2.894848479568492e-07,2.616599962793473e-07,2.368654408777505e-07,2.147281692705238e-07,1.949260572860181e-07,1.771803401394308e-07,1.612492747269046e-07,1.469227926865074e-07,1.340179796236335e-07,0.02181376977722613
47.5,0.006923668329722015,0.004378001347261548,0.002897415688334994,0.001985124934007571,0.001394733500173299,0.0009982595441001686,0.0007248496624080886,0.0005326641748518268,0.0003956087212405887,0.0002967216455612783,0.0002246481343464326,0.0001716281917824942,0.0001322791428804456,0.000102824772667605,8.059111363611431e-05,6.366910870818663e-05,5.068533407388662e-05,4.064437350737924e-05,3.281948674903968e-05,2.667621011536562e-05,2.181861228834575e-05,1.795124736733963e-05,1.485205280652688e-05,1.235292357965401e-05,1.032570094338349e-05,8.672002356492742e-06,7.315792101283407e-06,6.197918911923785e-06,5.272073756664481e-06,4.50177916106157e-06,3.858132383333519e-06,3.31810289655548e-06,2.863239963987326e-06,2.478685477780152e-06,2.152415413940559e-06,1.874653533397518e-06,1.637415628568878e-06,1.434153286843188e-06,1.259473949758551e-06,1.108919790371772e-06,9.78792180464092e-07,8.660116801671332e-07,7.680058469149214e-07,6.82618938665615e-07,6.080389305823547e-07,5.427382859489334e-07,4.85425702431265e-07,4.350066538224928e-07,3.905510094895906e-07,3.512663718690473e-07,3.164760512038849e-07,2.856008148010288e-07,2.581437194005282e-07,2.336774703897821e-07,2.11833858644057e-07,1.92294910909625e-07,1.747854576174223e-07,1.59066876488826e-07,1.449318141117215e-07,1.321997230348275e-07,0.02159297617802251
48.5,0.006911952093711549,0.0043428835917599,0.002863920684803564,0.001958563656470138,0.00137494145661905,0.0009838501265064948,0.0007144318307614332,0.0005251263026602228,0.0003901284323243238,0.000292709292060813,0.0002216861338221531,0.0001694218076134877,0.0001306200668094497,0.0001015651970711135,7.962557952933131e-05,6.292188062461184e-05,5.010163015630341e-05,4.018426350207078e-05,3.245363193287297e-05,2.638287582685437e-05,2.158156192980816e-05,1.775824919034483e-05,1.469381457726961e-05,1.222232750490981e-05,1.021725044750395e-05,8.581419200521749e-06,7.239720848235294e-06,6.133708529587584e-06,5.217615018110482e-06,4.455382681689541e-06,3.818436458530678e-06,3.284003347279483e-06,2.83383635034587e-06,2.4532395720692e-06,2.130318920328573e-06,1.855402830156581e-06,1.620591879971836e-06,1.419406688136542e-06,1.246511173926801e-06,1.09749393074649e-06,9.686946506067397e-07,8.570656575661898e-07,7.600609411450761e-07,6.755468358809728e-07,6.017298204487888e-07,5.370979186615204e-07,4.803729554660591e-07,4.304715128662186e-07,3.864728873050037e-07,3.475927039783801e-07,3.131611191771624e-07,2.826047573518174e-07,2.554316989743608e-07,2.312189689040177e-07,2.096020808275036e-07,1.902662775466455e-07,1.729391741187212e-07,1.573845647409951e-07,1.433971976181737e-07,1.307983570449604e-07,0.02141146273572543
49.5,0.006859734432339878,0.004291113074608598,0.002822359112292419,0.001927489140098696,0.001352340266084633,0.0009675656487720352,0.0007027068797509684,0.0005166518623766208,0.000383964391779868,0.0002881906205596136,0.0002183447234307608,0.0001669280602755604,0.0001287411552310073,0.000100135829343639,7.852769132668312e-05,6.207056156909164e-05,4.943536116243544e-05,3.965812500408185e-05,3.2034559572611e-05,2.604633010170282e-05,2.130917752840932e-05,1.753616592016657e-05,1.451148472891882e-05,1.207165797526798e-05,1.009198138517788e-05,8.476670751917758e-06,7.151660115821895e-06,6.059303050253107e-06,5.154448926636602e-06,4.401518600103755e-06,3.772310971736807e-06,3.244347321238011e-06,2.799613754759674e-06,2.423600183377426e-06,2.104561508920606e-06,1.832946321047238e-06,1.600952618323911e-06,1.40218040968463e-06,1.231358624570342e-06,1.084129333990913e-06,9.568764107598107e-07,8.465888282289347e-07,7.507510952054239e-07,6.672550540479332e-07,5.94328576983927e-07,5.304776902152371e-07,4.744394153673013e-07,4.251432014755405e-07,3.81679271077116e-07,3.432725531527154e-07,3.092611476218259e-07,2.790784788578231e-07,2.522384628640896e-07,2.283231446623371e-07,2.069723669560061e-07,1.878751142665912e-07,1.707622431279736e-07,1.554003621370997e-07,1.415866684688343e-07,1.291445820247308e-07,0.02115032935037873
50.5,0.00681172782429385,0.004233408165304996,0.002773563322465949,0.001889999597537052,0.001324501196312436,0.0009471208523287257,0.000687705774061271,0.0005055997484062776,0.0003757670787453104,0.0002820615359556101,0.0002137217164905673,0.0001634092339376472,0.0001260381314723115,9.804053840052627e-05,7.688900764939577e-05,6.07779132943102e-05,4.840721934721608e-05,3.883389316548123e-05,3.136883254486142e-05,2.550480768893389e-05,2.086573827094698e-05,1.717075798513464e-05,1.420859540033565e-05,1.181919521027449e-05,9.880450629853675e-06,8.298564671489198e-06,7.001002871274156e-06,5.931307510631719e-06,5.045256974586533e-06,4.308002995529576e-06,3.69192313457891e-06,3.174999602799448e-06,2.739587788420694e-06,2.371475087729093e-06,2.059157302063522e-06,1.793279064212416e-06,1.566198659972678e-06,1.371647732729986e-06,1.20446376976461e-06,1.060378725094319e-06,9.358511729647491e-07,8.279323929890897e-07,7.341590384990361e-07,6.524667331882019e-07,5.811202222080073e-07,5.186566779742362e-07,4.638395053698923e-07,4.156205627505888e-07,3.731091563580452e-07,3.355465078233016e-07,3.022846608779562e-07,2.727690018393175e-07,2.465237322221755e-07,2.231397610677485e-07,2.022645869753581e-07,1.835938212735037e-07,1.668640688092393e-07,1.518469349693959e-07,1.38343969488386e-07,1.261823914577094e-07,0.02084786048768925
51.5,0.006737653961396829,0.004166042618994506,0.002721656891073709,0.001852003105536073,0.001297146919076051,0.0009274891162634001,0.0006735745397947548,0.0004953673585818745,0.000368302132711175,0.0002765698148716385,0.0002096456257159179,0.000160356006845249,0.0001237297123435923,9.627888974127929e-05,7.553213725409017e-05,5.972328359357205e-05,4.75802281133804e-05,3.817984101944754e-05,3.084729406731482e-05,2.50856654441512e-05,2.052637221326901e-05,1.689404141980531e-05,1.398145686374573e-05,1.163157958493014e-05,9.724563515591007e-06,8.168318928195158e-06,6.891610355498221e-06,5.838975754127034e-06,4.966962209630583e-06,4.24131909483938e-06,3.634891778690266e-06,3.126031052377687e-06,2.69738453037578e-06,2.334972692474881e-06,2.02747831761095e-06,1.765696850080582e-06,1.542108848375459e-06,1.350545579227989e-06,1.185926079224713e-06,1.044049353002699e-06,9.214293365935369e-07,8.151632029219469e-07,7.228257939374346e-07,6.423846254259611e-07,5.721311677981314e-07,5.106250623744201e-07,4.5664866363216e-07,4.091698593722507e-07,3.673115541628619e-07,3.303265375130864e-07,2.975767200571825e-07,2.68515925907582e-07,2.42675590342798e-07,2.196528390608942e-07,1.99100525916588e-07,1.807188861634758e-07,1.642485261968671e-07,1.494645220770223e-07,1.361714403741793e-07,1.241991281918664e-07,0.02051406976736711
52.5,0.006698669823649027,0.004125574646041868,0.002689190610219049,0.00182796108091776,0.00127983436159289,0.0009151229716665114,0.0006647359933950204,0.0004890193315027061,0.0003637103782389004,0.0002732205041879144,0.0002071801123152023,0.0001585234992437044,0.0001223541009204219,9.523581597352907e-05,7.473321663238577e-05,5.910525166986143e-05,4.709745633819806e-05,3.779915726664828e-05,3.054438191627574e-05,2.48425481390482e-05,2.032964467110581e-05,1.673362038881023e-05,1.38496917231772e-05,1.152261546903404e-05,9.633881962422705e-06,8.092404165802032e-06,6.827705056290597e-06,5.784900914220295e-06,4.920983298055383e-06,4.202045820517052e-06,3.60120245581989e-06,3.097015094277908e-06,2.672298400590521e-06,2.313205918254874e-06,2.008527081785577e-06,1.749143331389271e-06,1.527604952883474e-06,1.337800049044292e-06,1.174694216178016e-06,1.034124780130757e-06,9.126373576025581e-07,8.073554222291599e-07,7.158757368589791e-07,6.361841562342133e-07,5.66587547610831e-07,5.056585226930799e-07,4.521903974119972e-07,4.051603516901215e-07,3.63699190268723e-07,3.270664383591387e-07,2.946297650879574e-07,2.658479305600321e-07,2.402566118001299e-07,2.174565886721334e-07,1.971038705999302e-07,1.78901424259017e-07,1.625922257810021e-07,1.479534118194328e-07,1.347913447049405e-07,1.229374399261862e-07,0.02031452323731089
53.5,0.006630259900063136,0.004060313984850347,0.002638085126420051,0.001790202440607439,0.001252427354892919,0.0008952809461462029,0.0006503150075618309,0.0004784660851844388,0.0003559229098811468,0.0002674215608740567,0.0002028209520758132,0.0001552150880266519,0.000119819011884172,9.327486112787353e-05,7.320232101559644e-05,5.789938919731532e-05,4.61394463567731e-05,3.703181226760102e-05,2.992497328454948e-05,2.433888211343711e-05,1.991726223933483e-05,1.639378583185835e-05,1.356793765868436e-05,1.128768291220905e-05,9.436942522674029e-06,7.926485055480595e-06,6.687260861041693e-06,5.66549228983006e-06,4.819034112306994e-06,4.11465824934401e-06,3.5260151975491e-06,3.032093889676158e-06,2.616050926737304e-06,2.264315198403042e-06,1.965899056183002e-06,1.711865329716817e-06,1.49491261287231e-06,1.309050819421433e-06,1.149346023164948e-06,1.011718766543103e-06,8.9278385177244e-07,7.897224818591351e-07,7.001797560214327e-07,6.221821333698208e-07,5.540706968633937e-07,4.944469763811232e-07,4.421287984370697e-07,3.961141746213513e-07,3.555516612795712e-07,3.197159490563568e-07,2.879876950308558e-07,2.598368090396793e-07,2.348085620919537e-07,2.125120081539756e-07,1.926103083542681e-07,1.748126244524865e-07,1.58867310549207e-07,1.445561818259595e-07,1.316896791843738e-07,1.201027810153772e-07,0.01998574454382375
54.5,0.006547616963067304,0.003994055853335295,0.002589751180224718,0.00175580008081815,0.00122802043637523,0.0008778903365304392,0.0006378339017543576,0.0004694328471828692,0.000349326324786329,0.0002625597268061803,0.0001992039201515312,0.000152498612290601,0.0001177595285095737,9.169879249752224e-05,7.198504256400004e-05,5.695073786063205e-05,4.539367941691949e-05,3.64406097180291e-05,2.945253250352276e-05,2.395845844678102e-05,1.9608714066426e-05,1.614182121458537e-05,1.336085373522643e-05,1.11164533539847e-05,9.294552322700011e-06,7.807442155181683e-06,6.587235020249798e-06,5.581046113260383e-06,4.747421266781623e-06,4.053671001562136e-06,3.473868402581139e-06,2.987336103323826e-06,2.577495839314509e-06,2.230988396571883e-06,1.936996423610929e-06,1.686720343125554e-06,1.472970480183314e-06,1.289847913388824e-06,1.132493438191453e-06,9.968891045929559e-07,8.797005513613268e-07,7.781511606471562e-07,6.899211560205316e-07,6.130663479807084e-07,5.459524280221733e-07,4.872016232713633e-07,4.356492203866968e-07,3.903080028367451e-07,3.503390591240535e-07,3.150277402738571e-07,2.837637948689111e-07,2.560249055660583e-07,2.313630048334109e-07,2.093928690563142e-07,1.897825863880432e-07,1.722455702918631e-07,1.565338518844889e-07,1.424324332297438e-07,1.297545231915221e-07,1.183375093196395e-07,0.01966308932987339
55.5,0.006466207514688399,0.003927021761630809,0.002540676280154392,0.001721027078946675,0.001203533819294552,0.0008605918522629582,0.0006255305777411158,0.0004606103555990471,0.0003429437486852024,0.0002578996419429293,0.0001957692088647005,0.0001499426220401016,0.0001158388939252118,9.024146230564908e-05,7.086850238207705e-05,5.608709631104024e-05,4.471939790923416e-05,3.590939073850887e-05,2.903036736490028e-05,2.36201589248354e-05,1.933546883148405e-05,1.591946361521841e-05,1.317862595558808e-05,1.096611882579746e-05,9.169753862664637e-06,7.703234513232305e-06,6.49974198538801e-06,5.507207142594137e-06,4.684802881568245e-06,4.000325356306615e-06,3.428226448764508e-06,2.948126299681044e-06,2.543681858908938e-06,2.201721058802888e-06,1.911576351812333e-06,1.664568764635136e-06,1.453606249462093e-06,1.272869322515844e-06,1.117563733851703e-06,9.837248925252835e-07,8.68062463703308e-07,7.67836306947146e-07,6.807569879727006e-07,6.049056506206182e-07,5.38669213050748e-07,4.806877483541102e-07,4.298115953723369e-07,3.850662725636257e-07,3.456236748442786e-07,3.107783492248627e-07,2.799278912868148e-07,2.525566973148826e-07,2.282224584644428e-07,2.065449030046874e-07,1.871963875365199e-07,1.698940135756323e-07,1.543930062007984e-07,1.404811398276261e-07,1.279740350867396e-07,1.167111822158256e-07,0.01934183623964031
56.5,0.006377418600838349,0.003857744149366693,0.002490141195981585,0.001684765147798165,0.001177503768406712,0.0008417874983993147,0.0006118301765428755,0.0004505358106805061,0.0003354648563078826,0.0002522945165752677,0.0001915284271696384,0.000146703942504717,0.0001133427155180724,8.830026809144544e-05,6.934576128687418e-05,5.488259866782554e-05,4.375899576767901e-05,3.513777305066982e-05,2.840593906653249e-05,2.31113872579148e-05,1.891825898151142e-05,1.557526075643465e-05,1.289303305117363e-05,1.072788289413786e-05,8.970017159853398e-06,7.534977423209123e-06,6.357365560964535e-06,5.386218061130965e-06,4.581574017695238e-06,3.91191256610787e-06,3.352227423646532e-06,2.882571117958579e-06,2.486947578885152e-06,2.152464665253595e-06,1.86868180279383e-06,1.627104938255801e-06,1.420793367287477e-06,1.24405200334026e-06,1.092189262743449e-06,9.613256141647815e-07,8.48241454115478e-07,7.50255664132068e-07,6.651282245195769e-07,5.909817810577369e-07,5.262382134921785e-07,4.695671319317401e-07,4.198438984535142e-07,3.761152872004404e-07,3.375712948088791e-07,3.035219222738442e-07,2.73377990428895e-07,2.466352399500576e-07,2.228611151822694e-07,2.016837482414641e-07,1.827827527145457e-07,1.658815101871741e-07,1.50740691872246e-07,1.371528049554075e-07,1.249375913734196e-07,1.139381375091781e-07,0.01899505584397967
57.5,0.006284237675051731,0.00379054768268982,0.002444020175014523,0.001653181336940172,0.001155666090302653,0.0008265087288744009,0.0006010163929924091,0.0004427988715642596,0.0003298720604887354,0.0002482110881941776,0.0001885175077694405,0.0001444619618670321,0.0001116568904651512,8.702024037819173e-05,6.836444775097367e-05,5.412313909204382e-05,4.316578667996522e-05,3.467026568001407e-05,2.803432170889799e-05,2.281356074224653e-05,1.867770473518943e-05,1.537952848889492e-05,1.273266095953728e-05,1.059562149757575e-05,8.860267520177711e-06,7.44338165007371e-06,6.280506162670726e-06,5.32139559306453e-06,4.526641426035817e-06,3.865150861952872e-06,3.312251693632072e-06,2.848258956357576e-06,2.457384206701702e-06,2.126900554818827e-06,1.84649973883002e-06,1.60779424802424e-06,1.403929633626706e-06,1.229280998368415e-06,1.079214151204885e-06,9.498967052711292e-07,8.381479515870854e-07,7.413189919299677e-07,6.571966019184355e-07,5.839257935131033e-07,5.199471812033675e-07,4.639461204787686e-07,4.148112486122205e-07,3.716005663927115e-07,3.335135923914693e-07,2.998684263293969e-07,2.70082795887914e-07,2.436583474914982e-07,2.201675880016829e-07,1.992429998732448e-07,1.805679439817248e-07,1.638690372851004e-07,1.489097507702905e-07,1.354850198783279e-07,1.234166972223134e-07,1.125497077961142e-07,0.01867845472039139
58.5,0.006161480837917985,0.003705933684331882,0.002385800679879509,0.001612747626469538,0.001127221289526347,0.0008062408172256398,0.0005864032696571752,0.0004321472544859395,0.0003220277604890104,0.000242376805922441,0.0001841361783366781,0.0001411405077306057,0.0001091154653164139,8.505793770529659e-05,6.68358594456152e-05,5.292217794598588e-05,4.221443149219661e-05,3.391067436277737e-05,2.742326688575408e-05,2.231847783935163e-05,1.827386666325153e-05,1.504801220116178e-05,1.245887396329862e-05,1.036822672823937e-05,8.670393375111917e-06,7.284037441283971e-06,6.146146502593635e-06,5.207593470255325e-06,4.429841129755447e-06,3.782479960931724e-06,3.241376982997665e-06,2.787275359488871e-06,2.40472854101893e-06,2.081284179499491e-06,1.806855633538126e-06,1.573235189985806e-06,1.373714962050564e-06,1.202790062619605e-06,1.055924990875246e-06,9.293688482711549e-07,8.20008470751829e-07,7.252511531913957e-07,6.429305837012992e-07,5.712310692536351e-07,5.086262432937755e-07,4.538292908074996e-07,4.057523728851975e-07,3.634734300857458e-07,3.262089281299685e-07,2.932914077057254e-07,2.641509327182397e-07,2.382997134340654e-07,2.153193241899908e-07,1.948500484408082e-07,1.765819735963874e-07,1.602475294796641e-07,1.456152212721615e-07,1.324843535547369e-07,1.206805788668985e-07,1.100521339434424e-07,0.01826444991391167
59.5,0.006054011468394131,0.003628893893815611,0.002332867636392884,0.001576354298730062,0.00110192591316487,0.0007884366469896788,0.0005737196907195594,0.0004230095166184206,0.0003153745957258917,0.0002374831763965879,0.0001805008508619187,0.0001384134021147737,0.0001070498298873759,8.347837172134075e-05,6.561666115389951e-05,5.197253532238883e-05,4.146820776120418e-05,3.331931074723165e-05,2.695081772831092e-05,2.193811463961325e-05,1.796540037882355e-05,1.479612562761576e-05,1.225185218846645e-05,1.019703902182624e-05,8.528024548192848e-06,7.164997396985031e-06,6.046107880169605e-06,5.12312197454997e-06,4.358193375625292e-06,3.721450832869335e-06,3.18918355887951e-06,2.7424680212777e-06,2.366122439356581e-06,2.047906040636457e-06,1.777902208939443e-06,1.548040599533559e-06,1.351724874779092e-06,1.183541167296112e-06,1.039028583994156e-06,9.144976457478327e-07,8.068859578965122e-07,7.136429441628627e-07,6.326373801123672e-07,5.620828977478173e-07,5.004777209033229e-07,4.465557200004125e-07,3.992465092982044e-07,3.576427979065108e-07,3.209735830887642e-07,2.885820672814241e-07,2.599074086761312e-07,2.34469594119714e-07,2.118568638103807e-07,1.917152284128223e-07,1.737397073502536e-07,1.576669871942362e-07,1.432692551408155e-07,1.303490075313666e-07,1.187346695748417e-07,1.082768916674365e-07,0.01789785638044319
60.5,0.005920083802697648,0.00353988566333996,0.002273256515495338,0.00153560826835821,0.001073503757803509,0.0007682667842399427,0.0005591992680566266,0.0004124263227745201,0.0003075749553377721,0.0002316750936178776,0.0001761326831027862,0.0001350964059611567,0.0001045073173954968,8.151163317217242e-05,6.408177199811329e-05,5.076438632331553e-05,4.050940607850734e-05,3.255240479048303e-05,2.633281092345707e-05,2.143656746477428e-05,1.755564194131711e-05,1.445924526969735e-05,1.197324287348987e-05,9.965333471500619e-06,8.334312702285002e-06,7.002246678910171e-06,5.908730625784004e-06,5.00665036024406e-06,4.259033401945782e-06,3.636694840522168e-06,3.116466376041357e-06,2.679855854241973e-06,2.312026499738413e-06,2.001014983169589e-06,1.737128965717162e-06,1.512480301658015e-06,1.32062136515361e-06,1.156260209726923e-06,1.015036321534108e-06,8.933431965965452e-07,7.881872898781956e-07,6.970753603348161e-07,6.17924094059341e-07,5.489872890394798e-07,4.887969474596072e-07,4.361154309575528e-07,3.898964540363844e-07,3.492531676594108e-07,3.134319536168746e-07,2.817908364291741e-07,2.537816427482662e-07,2.289352130512916e-07,2.068491079472194e-07,1.871773600439921e-07,1.696219084672603e-07,1.539254217023574e-07,1.398652692367563e-07,1.272484464394153e-07,1.159072924992438e-07,1.056958698286948e-07,0.01746685165152638
61.5,0.005779795594998786,0.00345082742326166,0.002215099319028982,0.001496553272479406,0.001046648978695468,0.0007494492518024454,0.0005458120808472539,0.0004027806955071836,0.0003005468847530065,0.0002265009813677865,0.0001722856558755734,0.0001322084732144097,0.0001023188469356574,7.983780030094115e-05,6.27899057579469e-05,4.975848300638458e-05,3.971943977664403e-05,3.192688964841085e-05,2.583358889647547e-05,2.1035131099135e-05,1.723052304548107e-05,1.419414830336782e-05,1.175570176864006e-05,9.785738544436713e-06,8.185200817571963e-06,6.877779823660017e-06,5.804310180998165e-06,4.918629734002918e-06,4.184502429195282e-06,3.57331689287369e-06,3.062354444190297e-06,2.633477638967873e-06,2.272131239067189e-06,1.966576674209491e-06,1.707302032976455e-06,1.486564774970192e-06,1.298035368801747e-06,1.136518106846317e-06,9.977312588044584e-07,8.781330923374674e-07,7.747835316365449e-07,6.852336458204327e-07,6.07436976252473e-07,5.396780829310957e-07,4.805147298516429e-07,4.287309216723701e-07,3.832986109236134e-07,3.433463620361127e-07,3.081336195440304e-07,2.77029508249668e-07,2.494953118994361e-07,2.25069948313722e-07,2.033578937596407e-07,1.840191158837152e-07,1.667606590146168e-07,1.51329592922912e-07,1.375070898961172e-07,1.251034381227652e-07,1.139538341062602e-07,1.039148248842496e-07,0.01704216607112269
62.5,0.005654915353225978,0.003374718933803212,0.002167105849447017,0.001465094132512243,0.001025355024013716,0.000734678691264218,0.0005353734911742676,0.0003952929788397373,0.0002951075221881049,0.0002225043067189987,0.0001693173051569802,0.0001299808462061031,0.0001006300294411923,7.854464322526027e-05,6.179001343383434e-05,4.89779831354424e-05,3.91045872667974e-05,3.143825167581081e-05,2.544198707987026e-05,2.071879001598569e-05,1.697305285873531e-05,1.39831078151642e-05,1.158156783767435e-05,9.641161728046324e-06,8.064463859728688e-06,6.776400808118397e-06,5.718749528678851e-06,4.846072241943167e-06,4.122693909529846e-06,3.520440816507941e-06,3.016938102939127e-06,2.594320243815504e-06,2.238248435957616e-06,1.937157434045089e-06,1.681674933449503e-06,1.464171459549453e-06,1.278409527193044e-06,1.119268730869854e-06,9.825292297218975e-07,8.647003798774721e-07,7.628844524472653e-07,6.746677549698762e-07,5.980332606204507e-07,5.312901978028729e-07,4.730170755028503e-07,4.22015399457426e-07,3.772719314663422e-07,3.379278038861071e-07,3.032531568328118e-07,2.726262417528304e-07,2.45516150462732e-07,2.214684975744242e-07,2.000935170555381e-07,1.810561386247966e-07,1.640676929313963e-07,1.488789607595538e-07,1.352743344877237e-07,1.230669025420885e-07,1.120943018095764e-07,1.022152106269411e-07,0.01668488256868793
63.5,0.005495947203923299,0.003275611226718105,0.002103027202686534,0.001422147786531227,0.0009957429782561419,0.0007138180196184613,0.0005204324509683014,0.0003844464062044618,0.000287140763796683,0.0002165899569392834,0.0001648820473563259,0.0001266222036817942,9.806242727570086e-05,7.656355230709619e-05,6.024767655335109e-05,4.776676287490021e-05,3.814542579272646e-05,3.067260583826605e-05,2.482615020364048e-05,2.021986607484533e-05,1.656608264782756e-05,1.364900343878024e-05,1.130561789389447e-05,9.41194192345138e-06,7.873037455651672e-06,6.615727586261471e-06,5.583245755467883e-06,4.731280704530134e-06,4.025034729276771e-06,3.437021944090931e-06,2.945410208347182e-06,2.532764853769481e-06,2.185091137616272e-06,1.891100102164564e-06,1.641642488801967e-06,1.429269797719273e-06,1.247892087302363e-06,1.092509787102307e-06,9.590024442524427e-07,8.439614965237614e-07,7.445572666000828e-07,6.584326892182122e-07,5.836180230010112e-07,5.184621124913851e-07,4.615767626325124e-07,4.117915479565002e-07,3.681169610747015e-07,3.297142533669022e-07,2.958706674888683e-07,2.659790306873933e-07,2.395208881079932e-07,2.160525200060891e-07,1.951933164044911e-07,1.766160851708955e-07,1.600389507481755e-07,1.452185654831703e-07,1.319444072297243e-07,1.200339784052186e-07,1.09328755097112e-07,9.969076181565612e-08,0.01620911110962697
64.5,0.005349395225321859,0.0031878646951897,0.002047461980562227,0.001385288052373051,0.000970426932146728,0.0006959877720572543,0.0005076389526462366,0.0003751324135884263,0.000280276798220762,0.0002114763380561032,0.0001610337837465312,0.0001236981807084773,9.581994153507961e-05,7.4828215894491e-05,5.889306661950324e-05,4.670045120358469e-05,3.729927925695923e-05,2.999599073717414e-05,2.428113357640012e-05,1.977780253037938e-05,1.620516966445654e-05,1.335251819343843e-05,1.106063678210265e-05,9.208404111491758e-06,7.703055199416546e-06,6.473074691760018e-06,5.462975481520607e-06,4.629438344232395e-06,3.938439905481696e-06,3.363102580903568e-06,2.882075064189892e-06,2.478305021066003e-06,2.138103444510258e-06,1.850427181643794e-06,1.606325611933175e-06,1.398511542120407e-06,1.22102662949518e-06,1.06897913893192e-06,9.383373497052801e-07,8.257660022718101e-07,7.28496203571691e-07,6.44221472374469e-07,5.710143060754228e-07,5.072589338356191e-07,4.515968949481607e-07,4.028828240981649e-07,3.601483943917689e-07,3.225728072868024e-07,2.894585575496758e-07,2.602114647549076e-07,2.343241683950102e-07,2.113624447682086e-07,1.90953830600015e-07,1.727781385458447e-07,1.565595292092627e-07,1.420598676160252e-07,1.290731426917635e-07,1.174207688960082e-07,1.069476218603231e-07,9.751868629544125e-08,0.01578717853796937
65.5,0.005172984895483045,0.003084018652631363,0.001982565253205682,0.00134262029659211,0.0009413057529805448,0.0006755775714454304,0.0004930553189517002,0.0003645556568132717,0.000272510529662138,0.0002057108243105516,0.0001567097179165197,0.0001204234464352776,9.331641961685099e-05,7.289669370353467e-05,5.738957669737749e-05,4.552006934904364e-05,3.63649038204955e-05,2.925050122790353e-05,2.368186809911136e-05,1.929264040813396e-05,1.580973342904624e-05,1.302816134753415e-05,1.079298664928646e-05,8.986299267450194e-06,7.5177651573542e-06,6.317722784995672e-06,5.332108983209951e-06,4.518705982012629e-06,3.844348234928138e-06,3.282830654587694e-06,2.813332486145294e-06,2.419222507087562e-06,2.087147899085138e-06,1.806335387199122e-06,1.568052138952501e-06,1.3651875931169e-06,1.191927341012845e-06,1.043497465178576e-06,9.159630970728484e-07,8.06068917321395e-07,7.111122678528418e-07,6.288417472510442e-07,5.57375815202721e-07,4.951371815195453e-07,4.407997037297236e-07,3.932452407628322e-07,3.515284648240021e-07,3.148480606281586e-07,2.825230715679585e-07,2.539734091508871e-07,2.287037424489894e-07,2.062901413956704e-07,1.863689714133015e-07,1.686276345773283e-07,1.527968300591536e-07,1.386440683479739e-07,1.259682231264752e-07,1.145949442940526e-07,1.04372787534582e-07,9.516994160489648e-08,0.01529114890891995
66.5,0.00498882019464838,0.002977764453191218,0.001916884144829943,0.00129962742286181,0.0009119603044341053,0.0006549484273129845,0.0004782443156483502,0.000353750557412757,0.0002645245634282652,0.0001997411192560068,0.0001522006393389102,0.0001169841033361779,9.06683224262153e-05,7.083933808563383e-05,5.577724892882498e-05,4.424594273877755e-05,3.534999611772328e-05,2.843593114621055e-05,2.302337963707991e-05,1.875670125424254e-05,1.537073472432082e-05,1.266639354649035e-05,1.049316594917579e-05,8.736487176738821e-06,7.308570628809758e-06,6.141708780599508e-06,5.183347930471236e-06,4.392444401544915e-06,3.736751958104779e-06,3.190789936483386e-06,2.73431193414377e-06,2.351144766706621e-06,2.028302935230782e-06,1.755309298198635e-06,1.523670971150888e-06,1.326472746453477e-06,1.158059984538697e-06,1.013789996710907e-06,8.898361407984679e-07,7.830326985813887e-07,6.907514654702959e-07,6.108031223160359e-07,5.413580670549467e-07,4.808825984070023e-07,4.280872658633144e-07,3.818849036101465e-07,3.4135640525174e-07,3.057227114846568e-07,2.743218041907441e-07,2.465897501333027e-07,2.22045032362932e-07,2.002755602378132e-07,1.809278692385803e-07,1.636981168162295e-07,1.483245559364138e-07,1.345812280602069e-07,1.222726653324997e-07,1.112294302898243e-07,1.013043524345191e-07,9.23693460994603e-08,0.01478111021878946
67.5,0.004800469601940675,0.002868061544435098,0.001848560388188158,0.001254644897000929,0.0008811197201087749,0.0006331929531871918,0.0004625817582607148,0.0003422991877539143,0.0002560462305652389,0.000193394838210462,0.0001474024049813454,0.000113321837577941,8.78476640288534e-05,6.86478560982613e-05,5.406023889662416e-05,4.288977789331929e-05,3.427053321522593e-05,2.75703578731723e-05,2.232443478347941e-05,1.818854644876213e-05,1.490598481254682e-05,1.228396550734065e-05,1.017670989293357e-05,8.473233941505958e-06,7.088479453273448e-06,5.956832519107549e-06,5.027357005165325e-06,4.260267343165372e-06,3.624302143149396e-06,3.094756471071494e-06,2.651998588329362e-06,2.280345135548148e-06,1.967203086976512e-06,1.702411409182791e-06,1.477733082488721e-06,1.286460979282239e-06,1.123110438724689e-06,9.83178218312351e-07,8.629525374595082e-07,7.593626535534862e-07,6.698591820286217e-07,5.923184441731336e-07,5.249656839478088e-07,4.663131718295567e-07,4.151101071628847e-07,3.703019122233958e-07,3.309970338490577e-07,2.964397710724148e-07,2.659879586955633e-07,2.390945788675937e-07,2.152925617287439e-07,1.941821843554489e-07,1.754205938796914e-07,1.587130728455188e-07,1.438057380175634e-07,1.304794221251215e-07,1.185445346125544e-07,1.078367348499791e-07,9.821328136208098e-08,8.95499449582806e-08,0.01425248484257984
68.5,0.004587912354442013,0.00274767830825575,0.001774405573697661,0.001206021124685136,0.0008478016662397142,0.0006096580363172143,0.0004455961493653589,0.0003298410747024182,0.0002467889799117202,0.0001864380495084035,0.0001421204781264237,0.0001092727375836363,8.471501719170569e-05,6.620280952696047e-05,5.213568538283157e-05,4.136262381175812e-05,3.304934046349843e-05,2.658664359810302e-05,2.152649376388611e-05,1.75370307490814e-05,1.437071762205328e-05,1.184162809236271e-05,9.809150433642414e-06,8.166222249782025e-06,6.830783486844607e-06,5.739528675281181e-06,4.843311382582052e-06,4.103742873376111e-06,3.490659011740232e-06,2.980222144123204e-06,2.553490118215753e-06,2.195330990839123e-06,1.893595056415743e-06,1.638479534058544e-06,1.422038331293626e-06,1.237801674068581e-06,1.080479402169498e-06,9.457283255819046e-07,8.299688929949117e-07,7.30240017079175e-07,6.440835746074675e-07,5.69452098907449e-07,5.046346852057912e-07,4.481972651060118e-07,3.98934268820073e-07,3.558293518189938e-07,3.180233670966405e-07,2.847881528753003e-07,2.555050063098249e-07,2.296469474893018e-07,2.067640605019386e-07,1.864713413721284e-07,1.684385952801146e-07,1.523820144702083e-07,1.380571388685646e-07,1.252529576770228e-07,1.137869551768868e-07,1.035009400579073e-07,9.425752664154652e-08,8.593715984303734e-08,0.01366873723904591
69.5,0.004421009469629961,0.002649483625376524,0.001712351724840612,0.001164534187109085,0.0008189218766075257,0.000588979382560285,0.0004304878406822057,0.0003186320200462455,0.0002383680805403952,0.0001800425097701343,0.000137214785184068,0.0001054747963302805,8.174875057006457e-05,6.386663735677771e-05,5.028103903413882e-05,3.98790462110413e-05,3.185402077558576e-05,2.561699238442258e-05,2.07348298307692e-05,1.688674926099364e-05,1.383350588269877e-05,1.139542780857205e-05,9.436655572660279e-06,7.853763789923074e-06,6.567495528705093e-06,5.516720544109779e-06,4.653991557769427e-06,3.942255575927996e-06,3.35240494529624e-06,2.861442514182943e-06,2.451098543918976e-06,2.106781897420216e-06,1.816780030241741e-06,1.571645242256957e-06,1.363721170673962e-06,1.186775472865725e-06,1.035713362636264e-06,9.063530442212035e-07,7.952487849361894e-07,6.995508428841971e-07,6.168940516237889e-07,5.453087971661073e-07,4.831495760011659e-07,4.29037420826881e-07,3.818133142879058e-07,3.405003470533651e-07,3.042728641323824e-07,2.724312188371521e-07,2.443810443273923e-07,2.196161784413719e-07,1.977045537310041e-07,1.782765027328046e-07,1.610150372069531e-07,1.456477459722444e-07,1.319400241063885e-07,1.196894005456687e-07,1.087207744927657e-07,9.888240583804387e-08,9.004253281307437e-08,8.208651272545074e-08,0.01318486710651588
70.5,0.00420185030023049,0.002524647459434892,0.001634928903815039,0.001113310183887167,0.0007834653613630583,0.0005636686453049161,0.0004120249185774778,0.0003049450842086427,0.0002280888475077656,0.0001722354858063726,0.0001312249131826227,0.0001008354707138208,7.812321279224435e-05,6.100918800109701e-05,4.801068407581196e-05,3.806126198790786e-05,3.038796741907991e-05,2.442645352707818e-05,1.976173549854984e-05,1.608650814829026e-05,1.317161588999029e-05,1.084499651074645e-05,8.976573048466969e-06,7.467346393301119e-06,6.241471964356839e-06,5.240468447075592e-06,4.418958647844112e-06,3.741517736119746e-06,3.180326563778831e-06,2.713413715855492e-06,2.323330616308626e-06,1.996147047656533e-06,1.720685127071479e-06,1.487931772967539e-06,1.290585540861758e-06,1.122705184144177e-06,9.794356529325751e-07,8.567933628402053e-07,7.514970689869285e-07,6.608340129284423e-07,5.825534889381835e-07,5.147818295136421e-07,4.559542029684409e-07,4.047596681946377e-07,3.600967304410272e-07,3.210372512547427e-07,2.867970327242427e-07,2.567117557446466e-07,2.3021723016271e-07,2.068331307504589e-07,1.861495615707667e-07,1.678159234219907e-07,1.515316630060148e-07,1.370385645882534e-07,1.24114310049294e-07,1.125670850797156e-07,1.022310507036463e-07,9.296253254624097e-08,8.463680700429078e-08,7.714538507750852e-08,0.0125711351549903
71.5,0.0039764842281023,0.002394504664887371,0.001553269083594564,0.001058899032023546,0.0007456827036112464,0.0005366840503735915,0.0003923651843424834,0.0002904049067750688,0.0002172023153932653,0.0001639969089520346,0.0001249290914461164,9.598003758762541e-05,7.434588803838827e-05,5.804602668955952e-05,4.566762113967848e-05,3.619438991051371e-05,2.888969658445409e-05,2.321570480205905e-05,1.877693163873862e-05,1.528052684817357e-05,1.250812889095388e-05,1.029579518816734e-05,8.519600896346547e-06,7.085241434370957e-06,5.920479423249475e-06,4.96962404478427e-06,4.189470991707478e-06,3.546298146424466e-06,3.013628796212974e-06,2.57055612934624e-06,2.200480589002903e-06,1.890152688063019e-06,1.628943141423417e-06,1.408283140151007e-06,1.221232699677303e-06,1.062145957757461e-06,9.264102672554309e-07,8.102417633067302e-07,7.105243787291068e-07,6.246824590402009e-07,5.505794919236809e-07,4.864372331340016e-07,4.30770838879483e-07,3.823366178121516e-07,3.400897771444558e-07,3.031501181472952e-07,2.70774081327626e-07,2.423318842238997e-07,2.172887597522366e-07,1.951895088877742e-07,1.75645742064764e-07,1.583253095020558e-07,1.429435196436703e-07,1.292558230854186e-07,1.170517013515952e-07,1.061495492304762e-07,9.63923788007602e-08,8.764420489237659e-08,7.978699716193334e-08,7.271810450194091e-08,0.01193050577540821
72.5,0.003753936925684741,0.002269455093842492,0.001476245331099796,0.001008110123829495,0.0007105833362111447,0.000511649626355464,0.0003741158904640573,0.0002768862444557801,0.0002070587570174325,0.0001563016918569643,0.0001190330431324202,9.142055885294598e-05,7.078901387089822e-05,5.524806815680358e-05,4.344908290853853e-05,3.442190531106028e-05,2.746334793919887e-05,2.206003088900424e-05,1.783449416179368e-05,1.450727135222301e-05,1.187001468264581e-05,9.766329412997069e-06,8.078021331446202e-06,6.715167876133527e-06,5.608905823193522e-06,4.706160076279816e-06,3.965767415331518e-06,3.355608508704842e-06,2.850472920532225e-06,2.430460105250509e-06,2.079774621609054e-06,1.785812987428287e-06,1.538467540532114e-06,1.329592700654919e-06,1.15259345885958e-06,1.002106374536526e-06,8.737509722957274e-07,7.639350038214277e-07,6.697011411515819e-07,5.886057023177861e-07,5.186222671532449e-07,4.580647283114971e-07,4.055255903597015e-07,3.598262872636388e-07,3.199770152138119e-07,2.851441318652708e-07,2.546235976330019e-07,2.278192614947077e-07,2.042250464505673e-07,1.834102860445739e-07,1.650076164286396e-07,1.487029483510759e-07,1.342271377515249e-07,1.213490481081806e-07,1.098697567131895e-07,9.961770402600961e-08,9.044462277382081e-08,8.222211354456082e-08,7.483875781353886e-08,6.819767887580082e-08,0.01131601280164415
73.5,0.003522959824568849,0.002134479974453621,0.001390701583852975,0.0009506656188074672,0.0006704719705785521,0.0004828943433365699,0.0003531156000481885,0.0002613320588280434,0.0001954042491881522,0.0001474799868239481,0.0001122929853707014,8.622544301288673e-05,6.675093424227821e-05,5.208393815291069e-05,4.095050646675178e-05,3.243421314031401e-05,2.587084118019113e-05,2.077549756285177e-05,1.679170138734737e-05,1.365554905283196e-05,1.117032065531858e-05,9.188370946491296e-06,7.598135366818283e-06,6.314749268830048e-06,5.273234177037401e-06,4.423518259383711e-06,3.726774892037201e-06,3.15271388202321e-06,2.677565218289307e-06,2.282569183131967e-06,1.952838861889396e-06,1.676498124674435e-06,1.444024562271192e-06,1.247745786364321e-06,1.081451141972815e-06,9.400907579010735e-07,8.195410537312925e-07,7.164210871804089e-07,6.279480004782623e-07,5.518226910433509e-07,4.861389635730065e-07,4.293110142705061e-07,3.800152952708324e-07,3.371437114496718e-07,2.99765787876115e-07,2.670979692983073e-07,2.384786138191774e-07,2.133475513657598e-07,1.912293160199774e-07,1.71719346452253e-07,1.544725931106114e-07,1.39194083913651e-07,1.256310891304224e-07,1.135665963458047e-07,1.028138620633725e-07,9.321185077748768e-08,8.462140770806168e-08,7.692203973374084e-08,7.000920185590506e-08,6.379200492505587e-08,0.01064824163627126
74.5,0.003302307517421193,0.002008983166557833,0.001312528361050229,0.0008987420466077812,0.0006344621589922054,0.0004571905628976307,0.000334397617841436,0.0002474966822376299,0.0001850539803274857,0.0001396556548204082,0.0001063215828630021,8.162726923955846e-05,6.317992519672579e-05,4.928792519865593e-05,3.874409773364172e-05,3.067997541053261e-05,2.446608063119757e-05,1.96428834060878e-05,1.587256026057284e-05,1.290503341992331e-05,1.055390268012595e-05,8.679280559734273e-06,7.175475433527683e-06,5.962099478876471e-06,4.977609958326753e-06,4.174589241678898e-06,3.516274337118564e-06,2.973989515354178e-06,2.525235426694022e-06,2.15225822104059e-06,1.840971670897144e-06,1.580140408130324e-06,1.360757421616117e-06,1.175566908011807e-06,1.018696497582914e-06,8.853722421795352e-07,7.716965717554888e-07,6.744744177013911e-07,5.910763747903243e-07,5.193304911332204e-07,4.574362964672109e-07,4.038961897118595e-07,3.574604416374115e-07,3.170829254074218e-07,2.818853379597672e-07,2.511281709198759e-07,2.241870694799367e-07,2.005335099092747e-07,1.797189522638385e-07,1.613618002609611e-07,1.451366370563037e-07,1.307653127580366e-07,1.180095437203778e-07,1.066647501324907e-07,9.655491109904575e-08,8.752825831698974e-08,7.945366291605315e-08,7.221759684708584e-08,6.572157176858789e-08,5.987997578540706e-08,0.01003045050288442
75.5,0.003068349091802093,0.001869247463439651,0.001222242112927709,0.0008372665840453626,0.0005911486590594339,0.000425967991658777,0.0003115205543386937,0.0002305203459441095,0.0001723207578516985,0.00013001282565309,9.895341042889675e-05,7.594899145711785e-05,5.876798928572491e-05,4.58327773014025e-05,3.60176274906382e-05,2.851276457561248e-05,2.273134062770566e-05,1.824501941135345e-05,1.473896807958159e-05,1.198017391266627e-05,9.794992290504039e-06,8.053136208394528e-06,6.656189223973948e-06,5.529313658764543e-06,4.615228793408502e-06,3.869810892165434e-06,3.258858569699099e-06,2.755700301587629e-06,2.339414031589912e-06,1.993494252261167e-06,1.704848113125578e-06,1.463034867849906e-06,1.259686327524781e-06,1.088062725647651e-06,9.42710459217344e-07,8.191969036093428e-07,7.139038572224892e-07,6.238658256736881e-07,5.466427795503621e-07,4.802195525315882e-07,4.229259299053018e-07,3.733728849662363e-07,3.304014780218498e-07,2.930417308807339e-07,2.604793952072991e-07,2.320289947055471e-07,2.071118746155907e-07,1.852382640152694e-07,1.659925666538484e-07,1.490212592501572e-07,1.34022903429075e-07,1.207398770897056e-07,1.089515093122057e-07,9.846836472132917e-08,8.912747220159761e-08,8.078833181459711e-08,7.332956486907983e-08,6.664609701355874e-08,6.064678425806234e-08,5.525240799865426e-08,0.009332341346616551
76.5,0.002821365790515783,0.001726493281035724,0.001131982293652387,0.0007766405568302963,0.0005488010337130161,0.0003956183592994829,0.0002893778543573092,0.0002141456789493169,0.0001600759559606099,0.0001207657274821813,9.190630861100913e-05,7.053195706131841e-05,5.456937193765389e-05,4.255248413502792e-05,3.34350494884279e-05,2.646443520931966e-05,2.109520413305325e-05,1.692925580472428e-05,1.367399410421182e-05,1.111287663969278e-05,9.084543829616422e-06,7.4679356460914e-06,6.171613353222793e-06,5.126051664773967e-06,4.278041191478798e-06,3.586598610315828e-06,3.019960171122543e-06,2.553358068105915e-06,2.167365805611592e-06,1.846659512071111e-06,1.579085087925298e-06,1.354951528143081e-06,1.166492473902548e-06,1.007453609745419e-06,8.727747334020915e-07,7.583434444845321e-07,6.608033091947057e-07,5.774036844046218e-07,5.058815675492902e-07,4.443681931046994e-07,3.913148468573539e-07,3.454336773222636e-07,3.056502662553685e-07,2.710654619485505e-07,2.409245416755526e-07,2.145921985569879e-07,1.915321765800559e-07,1.712906302206623e-07,1.534824804200938e-07,1.377801902706896e-07,1.239045019500442e-07,1.116167689640652e-07,1.007125904858266e-07,9.101651197329136e-08,8.237760172337165e-08,7.466574918616545e-08,6.776855973394108e-08,6.158874370990487e-08,5.604191617890562e-08,5.105473880600302e-08,0.008625010968557632
77.5,0.002601555283471169,0.001592013717832334,0.00104380334889811,0.0007160880462939364,0.0005059434001698774,0.0003646563282535166,0.0002666724748509762,0.0001972956677383042,0.0001474425580392017,0.0001112051175668682,8.460743199614961e-05,6.491283733778875e-05,5.020831464752447e-05,3.914129188678112e-05,3.074666579442139e-05,2.433029411109383e-05,1.938922376126298e-05,1.555643648708938e-05,1.256223772805247e-05,1.020707704441279e-05,8.342289330957934e-06,6.856363338149685e-06,5.66509143202708e-06,4.704460696992315e-06,3.925491293158213e-06,3.290465831804959e-06,2.770158066991994e-06,2.341783610492269e-06,1.987475328026681e-06,1.69314222082075e-06,1.447610220718382e-06,1.24197143149655e-06,1.069088384171351e-06,9.232142304825961e-07,7.997001396589544e-07,6.947686513295248e-07,6.053371879481524e-07,5.288799186480435e-07,4.633191006060016e-07,4.069391938517849e-07,3.583186584671726e-07,3.162755483666484e-07,2.798239209966948e-07,2.481387654584688e-07,2.205276697196171e-07,1.964078424820543e-07,1.752874076537603e-07,1.567501219778683e-07,1.404428461092722e-07,1.260652389256358e-07,1.13361253590958e-07,1.02112098996954e-07,9.213039709666723e-08,8.325531942622996e-08,7.534852792298011e-08,6.829077839733942e-08,6.197907155420895e-08,5.632425771861138e-08,5.12490185104638e-08,4.668616249957309e-08,0.007951064078423073
78.5,0.00237985788185395,0.001459252544009588,0.0009575739162313391,0.0006570853585921102,0.0004642197153382687,0.000334505638651114,0.0002445460655615444,0.0001808606850788467,0.0001351088409234327,0.0001018627085416532,7.746882372006424e-05,5.941248571628646e-05,4.593606105609438e-05,3.579709266580412e-05,2.810926890252988e-05,2.223529588802341e-05,1.771354930597707e-05,1.420727489324917e-05,1.146909630886494e-05,9.316036324774997e-06,7.611821626921797e-06,6.254269390817999e-06,5.166241507590043e-06,4.289118087434509e-06,3.578060040800724e-06,2.998549357174316e-06,2.52384704705753e-06,2.133113932105538e-06,1.810012982573144e-06,1.541663516050534e-06,1.317853989631937e-06,1.130445942061618e-06,9.729200477403746e-07,8.400284297754945e-07,7.275268742612835e-07,6.319674614912388e-07,5.505371319089639e-07,4.809313641006727e-07,4.212548335420249e-07,3.699429106465623e-07,3.256993354780613e-07,2.874465111918381e-07,2.542856877022821e-07,2.254649329455137e-07,2.003532636968465e-07,1.784196695137358e-07,1.592160402020139e-07,1.423632201032613e-07,1.275395769755214e-07,1.144716008631629e-07,1.029261478074703e-07,9.270402108038935e-08,8.363464378190192e-08,7.557162489112594e-08,6.838905907605384e-08,6.197843094957195e-08,5.62460187053534e-08,5.11107114863016e-08,4.650217044653772e-08,4.235927605659615e-08,0.007284585127980155
79.5,0.002135687674746838,0.001309593792650275,0.0008590865751287966,0.000589259696189696,0.0004161263695285756,0.0002997261391651028,0.0002190300849567046,0.0001619237665426706,0.0001209134779241585,9.112390464830192e-05,6.927438807117153e-05,5.310746296487232e-05,4.104574026482757e-05,3.197450620750892e-05,2.509881933750838e-05,1.984726581952648e-05,1.580607624128682e-05,1.267350641727004e-05,1.022797226550179e-05,8.305629394456079e-06,6.784494601105946e-06,5.573130619295718e-06,4.602533705492389e-06,3.820282305804241e-06,3.186291007674713e-06,2.669710610805669e-06,2.246651124722465e-06,1.898499012101234e-06,1.610666014980435e-06,1.371653241557133e-06,1.172346879890412e-06,1.00548507862215e-06,8.652520466982817e-07,7.46967249765387e-07,6.468460945451003e-07,5.618146539089346e-07,4.893654680535652e-07,4.274447357813101e-07,3.743636205280258e-07,3.28728177563446e-07,2.893837326402731e-07,2.553705310589288e-07,2.258882182585058e-07,2.00267272913964e-07,1.779459379614611e-07,1.584515182996003e-07,1.413851613774385e-07,1.264094271556983e-07,1.132381008926786e-07,1.016278162202654e-07,9.137114480773705e-08,8.22908784148919e-08,7.423528374067323e-08,6.707415354506713e-08,6.069551162975238e-08,5.50028563757107e-08,4.991284916884323e-08,4.535337136804649e-08,4.126188739191276e-08,3.758406272688544e-08,0.006532610124429894
80.5,0.001937235146496459,0.001181212538795034,0.0007714461391571783,0.0005275471364318036,0.0003718043410369105,0.000267441236140772,0.0001952465302211426,0.0001442300580917738,0.0001076305437873497,8.106581084889905e-05,6.159437167263365e-05,4.719544736536482e-05,3.64586006692585e-05,2.838791127014924e-05,2.227361518717065e-05,1.760581171899682e-05,1.40154639242013e-05,1.123358052021457e-05,9.062722746015394e-06,7.356967231231655e-06,6.007722164062216e-06,4.933624234376317e-06,4.073298456873079e-06,3.380138210320531e-06,2.818518959781981e-06,2.361035160290643e-06,1.986471516445911e-06,1.678304313775849e-06,1.423587569218416e-06,1.212120169277319e-06,1.035819372100188e-06,8.882467480786076e-07,7.642473760960132e-07,6.596736670601845e-07,5.711727819545463e-07,4.960221065999123e-07,4.320012416214833e-07,3.772918879082607e-07,3.303991553566256e-07,2.900894094160877e-07,2.553409484701436e-07,2.253046849358882e-07,1.992726631933932e-07,1.766527453694128e-07,1.569481733561558e-07,1.397410028180757e-07,1.246786248219131e-07,1.114627597472538e-07,9.984043864944153e-08,8.95965884726778e-08,8.054791636054445e-08,7.253784998967637e-08,6.543233929806484e-08,5.911636318464137e-08,5.349101500444727e-08,4.847106472312501e-08,4.39829147713996e-08,3.996288199405173e-08,3.635575042451356e-08,3.311354956291429e-08,0.005877875608088323
81.5,0.001723630250960576,0.001045007544244947,0.0006794318711210508,0.0004631857735412445,0.0003257624292225574,0.000233979783699071,0.0001706287767198528,0.0001259304886867063,9.390016555387293e-05,7.067311743905191e-05,5.366159958856738e-05,4.109081859838242e-05,3.17235018475464e-05,2.468680364382142e-05,1.935914935258144e-05,1.529430112969583e-05,1.216950552391261e-05,9.749653048906141e-06,7.862278209385402e-06,6.379990153120585e-06,5.2080431125356e-06,4.275487958216783e-06,3.528834667351943e-06,2.927485678866682e-06,2.44042531975487e-06,2.043805180056073e-06,1.719172185376209e-06,1.452160334803049e-06,1.231518871154501e-06,1.048385979488843e-06,8.957427144235465e-07,7.679999929534152e-07,6.606844006810311e-07,5.701977982394703e-07,4.936323601867752e-07,4.286274839021848e-07,3.732584990104853e-07,3.259496604445191e-07,2.85405783507318e-07,2.505582642219787e-07,2.205222564263374e-07,1.945625443404934e-07,1.720662248413685e-07,1.52520747522319e-07,1.354961892863843e-07,1.206308904236124e-07,1.076197704952899e-07,9.620478940368817e-08,8.616713254114744e-08,7.732078692587547e-08,6.950724376869981e-08,6.259111651117147e-08,5.645650546116964e-08,5.10039733328843e-08,4.614802226109137e-08,4.18149837271779e-08,3.794124947709991e-08,3.447178483330589e-08,3.135887650430805e-08,2.856107562224329e-08,0.005186858144693731
82.5,0.001515061956114697,0.0009097454955929136,0.0005873855011226701,0.000398610976601657,0.0002795258921305894,0.0002003802494118033,0.0001459243963621267,0.0001075823222119353,8.014689827503675e-05,6.027394616654616e-05,4.573228383322693e-05,3.499526249137638e-05,2.700030363832177e-05,2.099867717852211e-05,1.645768876762759e-05,1.299521322960938e-05,1.033506804850924e-05,8.276205328811196e-06,6.671242147324493e-06,5.411383876235611e-06,4.415765400226744e-06,3.623868131268756e-06,2.990092199766733e-06,2.479847700011234e-06,2.066722744022954e-06,1.730419148198858e-06,1.455238453012853e-06,1.22896474484179e-06,1.04203523059769e-06,8.869206961505687e-07,7.576599436636228e-07,6.495078521835266e-07,5.586677694619452e-07,4.820868555144106e-07,4.172986868342929e-07,3.623015411814244e-07,3.154637696275112e-07,2.754498440504451e-07,2.411622700983188e-07,2.116957380543665e-07,1.863007614330333e-07,1.643547075918751e-07,1.453386153099847e-07,1.288185640116562e-07,1.144306392961584e-07,1.018687524879501e-07,9.08747348188288e-08,8.123025198312571e-08,7.275018136394909e-08,6.527716906902706e-08,5.86771421755332e-08,5.283559713004442e-08,4.765452100475577e-08,4.304983049299842e-08,3.894923582779564e-08,3.529045452207794e-08,3.201971395423089e-08,2.909049312667507e-08,2.64624630039421e-08,2.410059215366115e-08,0.004501241505669062
83.5,0.001311375250350741,0.0007783075015942662,0.0004984824028112772,0.000336495400728075,0.0002351615541558106,0.0001681930184717921,0.0001222855652216599,9.004170825215778e-05,6.700957808882764e-05,5.034794528095924e-05,3.816914234953887e-05,2.91851631688054e-05,2.250124027641465e-05,1.748776685532855e-05,1.369729250785393e-05,1.080914120507798e-05,8.591738308294348e-06,6.876641386404689e-06,5.540462954178346e-06,4.492187692031354e-06,3.664213328048051e-06,3.005981626614649e-06,2.479422804671284e-06,2.055677197372001e-06,1.712721696609338e-06,1.43364074473126e-06,1.20535911478338e-06,1.017707428004082e-06,8.627288071691249e-07,7.341612979237816e-07,6.270491583362833e-07,5.374491830511874e-07,4.622075195107156e-07,3.98789074414744e-07,3.451463797088095e-07,2.99618233343612e-07,2.608509321134525e-07,2.277367402789485e-07,1.993655779745424e-07,1.74986902194686e-07,1.539794864749483e-07,1.358273520804223e-07,1.201005131798903e-07,1.064395070253175e-07,9.454291369390191e-08,8.41572475815743e-08,7.506873859306843e-08,6.709662521260561e-08,6.008766204464301e-08,5.391160671295143e-08,4.845749948689311e-08,4.363058689209966e-08,3.934977029636719e-08,3.554548389050248e-08,3.215792501817047e-08,2.91355745278185e-08,2.64339565530246e-08,2.401459651523589e-08,2.184414368071396e-08,1.989363067721298e-08,0.003838027190226485
84.5,0.001109479840770437,0.0006469096007561131,0.0004090354396429522,0.0002737329454329395,0.0001902145263877621,0.0001355276331170669,9.826871438771187e-05,7.220649078522528e-05,5.364352956345303e-05,4.024413027166472e-05,3.046724559693614e-05,2.326625084602352e-05,1.791637701143333e-05,1.390881908447789e-05,1.088263759768166e-05,8.579556644046834e-06,6.813323055644296e-06,5.448636654161266e-06,4.386510746812843e-06,3.554016829337807e-06,2.897049902856684e-06,2.375191710638404e-06,1.958040895358448e-06,1.622575117934646e-06,1.351243359823509e-06,1.130577824354759e-06,9.50177690903563e-07,8.019605127776703e-07,6.796073677946782e-07,5.781490877655368e-07,4.93655814638015e-07,4.230026772881158e-07,3.63691874526587e-07,3.137167989387159e-07,2.714576753669791e-07,2.356009579032103e-07,2.05076738545949e-07,1.790098859270127e-07,1.566817067413071e-07,1.374997142748479e-07,1.209736750872843e-07,1.066965418795772e-07,9.432920774615988e-08,8.358826321850361e-08,7.423612371889141e-08,6.607303657312075e-08,5.893058481958447e-08,5.266638799110029e-08,4.71597639804809e-08,4.230816560788996e-08,3.802424401197741e-08,3.423342106175855e-08,3.087187657588924e-08,2.788487471457777e-08,2.522536859976564e-08,2.28528338804015e-08,2.07322912514015e-08,1.883348536610622e-08,1.713019354669165e-08,1.559964250131721e-08,0.003172608542478372
85.5,0.0009026197697108965,0.0005165299861949914,0.0003219160587135013,0.000213253141368932,0.0001471702566274376,0.0001043633349014081,7.541311770225561e-05,5.526519441151204e-05,4.096673128762459e-05,3.067423840990124e-05,2.318145163836837e-05,1.767376570899459e-05,1.358932598475162e-05,1.053486024698044e-05,8.232041303946507e-06,6.482107065039177e-06,5.141981646865678e-06,4.107906435029765e-06,3.304093846519196e-06,2.674794668820567e-06,2.178711623580603e-06,1.785039295979823e-06,1.470639337137077e-06,1.218013071876739e-06,1.013837482216822e-06,8.47901503019639e-07,7.123283881294327e-07,6.010036825386435e-07,5.091518255815039e-07,4.330208265794749e-07,3.696459842245273e-07,3.166717591542797e-07,2.722166823993539e-07,2.34770298962219e-07,2.031140964172905e-07,1.762604945181963e-07,1.534055119460275e-07,1.338918480069387e-07,1.171799383857928e-07,1.028251486522389e-07,9.045971665503082e-08,7.97783878310246e-08,7.05269364192298e-08,6.249295272739079e-08,5.549841800662428e-08,4.939369586356263e-08,4.405265106826222e-08,3.936866942802443e-08,3.525140077748117e-08,3.162408456937032e-08,2.84213466437261e-08,2.558737846225958e-08,2.307442789550304e-08,2.084154466130391e-08,1.885353458574915e-08,1.708008564223957e-08,1.549503572063708e-08,1.407575767106874e-08,1.280264165391362e-08,1.165865844005853e-08,0.002516690123997805
86.5,0.0006985501369271446,0.0003896091864877892,0.0002377644586613704,0.0001551421687020095,0.0001059715641914776,7.462431000999158e-05,5.365621641576504e-05,3.91723996689203e-05,2.894768418345265e-05,2.161665707917221e-05,1.629677507068911e-05,1.239704045860745e-05,9.512196565769846e-06,7.359781076219727e-06,5.740547044145795e-06,4.512598058627945e-06,3.574042609284257e-06,2.85115726421346e-06,2.290209601338289e-06,1.851756822895715e-06,1.506640125841504e-06,1.233151359326884e-06,1.01501610185673e-06,8.399489854079181e-07,6.986125175498087e-07,5.83862060388075e-07,4.901949136339571e-07,4.133458158517848e-07,3.499880924183546e-07,2.975114792209091e-07,2.538559245996817e-07,2.173865015513595e-07,1.867986904194038e-07,1.610462307214583e-07,1.392858432230706e-07,1.208346356513495e-07,1.051370990406716e-07,9.173939679595395e-08,8.026922975492464e-08,7.04199876711586e-08,6.193821315123282e-08,5.46136385304898e-08,4.827123125494931e-08,4.276481476774268e-08,3.797193106734692e-08,3.378968630841725e-08,3.013137812748442e-08,2.69237472631392e-08,2.410472980670382e-08,2.162161251867612e-08,1.942951391016631e-08,1.749012959092257e-08,1.577069276145898e-08,1.424311045971219e-08,1.288324385817917e-08,1.167030700040138e-08,1.058636321467672e-08,9.615902316489937e-09,8.745484816918236e-09,7.963441853282719e-09,0.001880806461062389
87.5,0.0004875821130313153,0.0002649750003372944,0.0001580582257783222,0.0001013353591951874,6.835056402605711e-05,4.770490894090859e-05,3.407881859614808e-05,2.475547178138297e-05,1.821877172144443e-05,1.355646302077462e-05,1.018753057744167e-05,7.726975452634316e-06,5.912776043980713e-06,4.563318627976345e-06,3.551054449464038e-06,2.785482407984612e-06,2.201829809131047e-06,1.753373475214693e-06,1.406158753399599e-06,1.135330756203449e-06,9.225649211312936e-07,7.542547968609053e-07,6.202255641853294e-07,5.128150276047412e-07,4.262130292684323e-07,3.559836614227309e-07,2.987175300006609e-07,2.517770773465684e-07,2.131088824618715e-07,1.811044510660142e-07,1.544963196100566e-07,1.322800314129101e-07,1.136551811820226e-07,9.798059752932118e-08,8.474007031954158e-08,7.351598927845849e-08,6.396895258578376e-08,5.582190634406096e-08,4.884774205441457e-08,4.28595477948367e-08,3.770290681014859e-08,3.324978401000001e-08,2.939365026896092e-08,2.604557638724937e-08,2.313109030204393e-08,2.058763787083109e-08,1.836252310261115e-08,1.641123089654329e-08,1.469605623149141e-08,1.318497986932979e-08,1.185074313380198e-08,1.067008406169184e-08,9.623104838319999e-09,8.692746411775345e-09,7.864350899395676e-09,7.125296137600685e-09,6.464689698021221e-09,5.873112064879078e-09,5.342400568862086e-09,4.865467200626847e-09,0.00126555559549249
88.5,0.0002740257919964586,0.0001479399812852102,8.709195964084817e-05,5.507567322706503e-05,3.671445641236581e-05,2.538523040090744e-05,1.799929380009365e-05,1.299492820609409e-05,9.51339519668923e-06,7.045798367329869e-06,5.272284615733257e-06,3.983132820834454e-06,3.036776666718342e-06,2.335728001172241e-06,1.811887260279589e-06,1.41716104614081e-06,1.117275321095578e-06,8.876063376731783e-07,7.103287624454281e-07,5.724433870126561e-07,4.64401384921799e-07,3.791376543800647e-07,3.113870772803841e-07,2.571978138667311e-07,2.13582682638339e-07,1.782678852016519e-07,1.495107534318063e-07,1.259667202512074e-07,1.06591599614458e-07,9.056934438181668e-08,7.72582981318478e-08,6.615095241864967e-08,5.68436263983931e-08,4.901348064022202e-08,4.240098487385173e-08,3.679646584330658e-08,3.202972564821072e-08,2.796198432180337e-08,2.447959188858509e-08,2.148909514875229e-08,1.891334736226862e-08,1.668842508950891e-08,1.476117299559961e-08,1.308723968456015e-08,1.162949937734534e-08,1.03567782244923e-08,9.242822244859872e-09,8.265457767947225e-09,7.405905903602091e-09,6.648220764695057e-09,5.978827516509505e-09,5.386141262569749e-09,4.860251631664487e-09,4.392660954706477e-09,3.976066302025788e-09,3.604177535716275e-09,3.271565027799983e-09,2.97353188772684e-09,2.706006497210919e-09,2.465451917029703e-09,0.0006977987834233977
89.5,6.863586244989391e-05,3.797251450923352e-05,2.274323479622503e-05,1.45016434933143e-05,9.683695168182266e-06,6.682789368715539e-06,4.721878211382817e-06,3.39575906667765e-06,2.476894244440036e-06,1.828909705611004e-06,1.365735697444476e-06,1.030949988127566e-06,7.865624825424375e-07,6.065079255590793e-07,4.726565682932569e-07,3.722644767178191e-07,2.962948562437251e-07,2.382897606131768e-07,1.936006056137601e-07,1.588577248726833e-07,1.316016075367046e-07,1.100246955762722e-07,9.278942079963948e-08,7.889918219367695e-08,6.76063123434126e-08,5.834603791081092e-08,5.068881047142201e-08,4.430569258964025e-08,3.894307387131796e-08,3.440409230962373e-08,3.05349019035131e-08,2.721446281553343e-08,2.434690641621865e-08,2.185579311420684e-08,1.967976933449853e-08,1.776926445211879e-08,1.608396489919891e-08,1.459087216349365e-08,1.326280176098019e-08,1.207721695455444e-08,1.10153178573139e-08,1.006132633357412e-08,9.201921739246817e-09,8.425793418434291e-09,7.723283997248391e-09,7.086103613570433e-09,6.507099819271576e-09,5.980071373782009e-09,5.499616796930123e-09,5.061010572627695e-09,4.660101447276752e-09,4.293228462303683e-09,3.957151284611862e-09,3.648992116241049e-09,3.366187023548905e-09,3.106444963419005e-09,2.867713127171031e-09,2.648147493210601e-09,2.446087693234943e-09,2.26003546646388e-09,0.0001791797416137203
