0.5,0.01254802108759602,0.0004894225495356965,1.909026226024465e-05,7.446615355633976e-07,2.904858472946029e-08,1.133208925971121e-09,4.420932354383296e-11,1.724791286247039e-12,6.72942485561729e-14,2.625656972215743e-15,1.024510914284659e-16,3.99773199681156e-18,1.560016419653634e-19,6.087836651870646e-21,2.375828361384889e-22,9.272253687664993e-24,3.618875492132201e-25,1.412472470583671e-26,5.513206745287018e-28,2.15202059436783e-29,8.400523408523617e-31,3.279321300002917e-32,1.280204103987463e-33,4.997951107408485e-35,1.951291963423372e-36,7.618507406365938e-38,2.974642915571237e-39,1.161494112521751e-40,4.535407729300854e-42,1.771057779302965e-43,6.916177271132199e-45,2.700949202715694e-46,1.054832620032339e-47,4.11971756693394e-49,1.609044344422276e-50,6.284709132589809e-52,2.454815592061409e-53,9.588904788359314e-55,3.745721675365002e-56,1.463249175485745e-57,5.716329837389174e-59,2.2332245934373e-60,8.724962632059073e-62,3.408872228111092e-63,1.331906587523772e-64,5.204183828800512e-66,2.033514302879751e-67,7.946163501728333e-69,3.10515545958303e-70,1.21345788276871e-71,4.742217811734702e-73,1.853333779163804e-74,7.2433765378522e-76,2.831024857378978e-77,1.10652549905349e-78,4.325080714095512e-80,1.690604329841176e-81,6.60852642521432e-83,2.583343175978054e-84,1.009890566682509e-85,0.01305730878872532
1.5,0.008359278712605231,0.000326047838356801,1.27178296564776e-05,4.960937591349882e-07,1.935234187468493e-08,7.549570029822862e-10,2.94530149069626e-11,1.149095350712881e-12,4.48333376028813e-14,1.749301585517656e-15,6.825694489837267e-17,2.663467863842614e-18,1.03936109758803e-19,4.056054265188066e-21,1.582921144747802e-22,6.177787284259292e-24,2.411152549195148e-25,9.410970574191325e-27,3.673347829385947e-28,1.43386255777369e-29,5.59719901076678e-31,2.185001042416417e-32,8.530021877466303e-34,3.330168125696217e-35,1.300168422119864e-36,5.076336805306024e-38,1.982067892196889e-39,7.739338239663323e-41,3.022082065895176e-42,1.180118792557435e-43,4.608527324483357e-45,1.799763735688922e-46,7.028872047644474e-48,2.745190648311337e-49,1.072200580235273e-50,4.187898435008649e-52,1.635809554592223e-53,6.389777847496177e-55,2.496060564595155e-56,9.750811052784982e-58,3.809276937902681e-59,1.488197121863296e-60,5.814259372414097e-62,2.271665035140219e-63,8.875852128324826e-65,3.468100052815311e-66,1.355154762083303e-67,5.295437090957796e-69,2.069332569454673e-70,8.086754498556354e-72,3.16033872400624e-73,1.23511767796499e-74,4.827233392900723e-76,1.886702539702804e-77,7.374348738685367e-79,2.882431094141885e-80,1.126702205083154e-81,4.404272952018802e-83,1.721686618214816e-84,6.730521274867006e-86,0.008698560612325287
2.5,0.007523757848248869,0.0002934597831060204,1.144673227416679e-05,4.465124073494818e-07,1.741825052281963e-08,6.795078087206417e-10,2.650960223653175e-11,1.034262392802429e-12,4.035310338936164e-14,1.57449669583076e-15,6.143630613555924e-17,2.397324858518884e-18,9.355070273977479e-20,3.650778750522564e-21,1.424761561943693e-22,5.560540440906992e-24,2.170250558903441e-25,8.470727888614149e-27,3.306355044942162e-28,1.29061309720531e-29,5.038025880867186e-31,1.966719334590833e-32,7.677891468683592e-34,2.997499091740659e-35,1.170290239053904e-36,4.569255654838473e-38,1.784081160767944e-39,6.966280411304849e-41,2.720222406526526e-42,1.062245533124859e-43,4.148225655950086e-45,1.6200063398051e-46,6.326854657746053e-48,2.471016957943483e-49,9.65117609431766e-51,3.769652534745363e-52,1.472444356784205e-53,5.751655603383121e-55,2.246793650759452e-56,8.777073939225355e-58,3.428881705605519e-59,1.339588302534063e-60,5.233668503485896e-62,2.04482910875433e-63,7.989575248354974e-65,3.121807728430375e-66,1.219844075559957e-67,4.766703334277315e-69,1.862719585043916e-70,7.279345218004836e-72,2.84480532240233e-73,1.111803690649331e-74,4.34529151687836e-76,1.698341000048581e-77,6.638133220831873e-79,2.594669524568261e-80,1.014222120489385e-81,3.964596291314856e-83,1.549814253503809e-84,6.058638546782188e-86,0.007829129001380592
3.5,0.00893936257448695,0.0003486843238873441,1.36012046412625e-05,5.3056834020416e-07,2.069780136785393e-08,8.074691664899852e-10,3.150260387848034e-11,1.229095563858661e-12,4.795605686666368e-14,1.87119832678833e-15,7.301542797072557e-17,2.849232126033492e-18,1.111883625788897e-19,4.339193960026561e-21,1.693467789182848e-22,6.60941296380313e-24,2.579685885027358e-25,1.006905424608093e-26,3.93032414351709e-28,1.534213552813251e-29,5.989091376514868e-31,2.338049297175896e-32,9.127753652994547e-34,3.563621746926937e-35,1.391350843555158e-36,5.432490773864608e-38,2.121185000315449e-39,8.282762855176317e-41,3.234364476403063e-42,1.263047439279813e-43,4.932501905222851e-45,1.926334385875941e-46,7.523377094434175e-48,2.938398163179582e-49,1.147691166130617e-50,4.482867858607139e-52,1.75106900691114e-53,6.840170584958798e-55,2.672064106793519e-56,1.043861801389018e-57,4.078075401146936e-59,1.593248554465855e-60,6.224833981187939e-62,2.432136210687644e-63,9.503067575884306e-65,3.713260921191328e-66,1.450984472762671e-67,5.670033622495416e-69,2.215766528292738e-70,8.659200150076283e-72,3.384128917203648e-73,1.32260842077482e-74,5.169289498628055e-76,2.020438040936822e-77,7.897238479458424e-79,3.0868812800117e-80,1.206644903837344e-81,4.716869326906763e-83,1.843923661130705e-84,7.208529565099534e-86,0.009302200209407899
4.5,0.008327930526872579,0.0003248451728082955,1.26716965305488e-05,4.943244075692611e-07,1.92844924430348e-08,7.523556061552349e-10,2.935329251500177e-11,1.145273253605242e-12,4.468687362212684e-14,1.743690110355456e-15,6.804199501176446e-17,2.655235812269154e-18,1.036209097664785e-19,4.043988136094709e-21,1.578303190636549e-22,6.160117665939776e-24,2.404393331018136e-25,9.385121016416547e-27,3.663464744854572e-28,1.430085011641295e-29,5.582764575849909e-31,2.179487164809086e-32,8.508965868553706e-34,3.322130078901103e-35,1.29710099588289e-36,5.064635345522239e-38,1.977605774154073e-39,7.722329603895347e-41,3.015601437060799e-42,1.177650620976505e-43,4.599131502494247e-45,1.796188657783077e-46,7.015275867808154e-48,2.740022707320472e-49,1.070237332076067e-50,4.180444653107858e-52,1.632981369759628e-53,6.379053936940315e-55,2.491997102020167e-56,9.735425290065083e-58,3.803455880063631e-59,1.485996610595847e-60,5.805948228773015e-62,2.268528949011234e-63,8.864030503892838e-65,3.463648644360578e-66,1.353480533613568e-67,5.2891479528053e-69,2.066973262005278e-70,8.077916624186158e-72,3.157033292989595e-73,1.233883534343733e-74,4.822634079480303e-76,1.88499200097859e-77,7.368001322048763e-79,2.880081552027887e-80,1.125834897930475e-81,4.40108121574281e-83,1.720516092487345e-84,6.726245268426107e-86,0.00866596178801211
5.5,0.007950447624129003,0.0003101277571902957,1.209786334280408e-05,4.719495884944253e-07,1.841201724935236e-08,7.183331038670039e-10,2.802651242076278e-11,1.093530314248456e-12,4.266886684265488e-14,1.664983094962378e-15,6.497210025208391e-17,2.535492112343604e-18,9.895000596718076e-20,3.861779835351133e-21,1.507222064416954e-22,5.882811663069207e-24,2.296204359752778e-25,8.963011267711739e-27,3.49876748816299e-28,1.365821291748821e-29,5.332001383393376e-31,2.081632828965757e-32,8.127096668009437e-34,3.173102246125071e-35,1.238939140050491e-36,4.837634663673873e-38,1.889005712407148e-39,7.376502709644587e-41,2.880611528976561e-42,1.124956573752953e-43,4.393429059915689e-45,1.715885079269949e-46,6.701768445657526e-48,2.617623627398986e-49,1.022448568142574e-50,3.993853658316921e-52,1.560124128784006e-53,6.094560769746884e-55,2.38090377890829e-56,9.301593878167419e-58,3.634033464568554e-59,1.419830211030292e-60,5.547531385952979e-62,2.167598843197714e-63,8.469811859235377e-65,3.309666617361999e-66,1.293332800436742e-67,5.054192906369163e-69,1.975189365361135e-70,7.7193545697687e-72,3.01695262435989e-73,1.179155727098279e-74,4.608811396982069e-76,1.801447993376173e-77,7.041569445674206e-79,2.752530082805131e-80,1.075993072709182e-81,4.206313083237408e-83,1.644403367020698e-84,6.428796633747841e-86,0.008273164353765391
6.5,0.008609091329811823,0.0003358509882476655,1.310251868344245e-05,5.111892464290222e-07,1.994469127379539e-08,7.782005568285697e-10,3.036507016499087e-11,1.184883075305504e-12,4.623757844853527e-14,1.804400615676126e-15,7.041887375494352e-17,2.748294877658232e-18,1.072644102987787e-19,4.186643297147265e-21,1.634158524019085e-22,6.378818442312421e-24,2.490026994644004e-25,9.72043159430324e-27,3.794762868166369e-28,1.481498648144696e-29,5.784093730694375e-31,2.258326610987387e-32,8.817703102199737e-34,3.443034728594657e-35,1.344449422252038e-36,5.250063915433846e-38,2.050225783465323e-39,8.006739368523316e-41,3.126990167824046e-42,1.221276737528745e-43,4.76999937027096e-45,1.863112795774218e-46,7.277404046107622e-48,2.842694977620886e-49,1.110453542884792e-50,4.33797261492643e-52,1.694686699075661e-53,6.620764819156584e-55,2.586681458885573e-56,1.010633547325612e-57,3.948756599547417e-59,1.542917968030409e-60,6.028941212296685e-62,2.355889548215605e-63,9.206284443531675e-65,3.597736591697692e-66,1.406014410559598e-67,5.494972692096036e-69,2.147615782772358e-70,8.393881641811142e-72,3.280833759854451e-73,1.282391596195828e-74,5.012704225576519e-76,1.95946900973961e-77,7.659837318729506e-79,2.994438825923155e-80,1.170647175174685e-81,4.576686873501743e-83,1.78933190584955e-84,6.995923708344431e-86,0.00895857678047926
7.5,0.008265362363297047,0.0003224682391216786,1.258145141420706e-05,4.909002095568941e-07,1.915465291763131e-08,7.474357666942769e-10,2.916700980573735e-11,1.138225482466241e-12,4.44204535728983e-14,1.733627883914935e-15,6.766232415449475e-17,2.640924555600994e-18,1.030820521733308e-19,4.023722464005271e-21,1.570691169736103e-22,6.131564935920099e-24,2.39369895088176e-25,9.345129348412322e-27,3.648535840839394e-28,1.424522625581366e-29,5.562082717776106e-31,2.171814931212489e-32,8.480576727116924e-34,3.311654987987352e-35,1.293248041204561e-36,5.05051357206002e-38,1.972450655346504e-39,7.703597191504909e-41,3.008830491722804e-42,1.175218274927107e-43,4.590457095136942e-45,1.793121976979034e-46,7.004548736492479e-48,2.736319713480352e-49,1.068980517037039e-50,4.176273536892799e-52,1.6316394652373e-53,6.374931285665926e-55,2.490822496224654e-56,9.732534211929787e-58,3.802987605273896e-59,1.486071193123113e-60,5.80724273817634e-62,2.269425473566067e-63,8.869055584050513e-65,3.466205103969404e-66,1.35471048286561e-67,5.294854163000755e-69,2.069553775388793e-70,8.089367283750477e-72,3.162040608911572e-73,1.236047916088026e-74,4.83190147093435e-76,1.888929100180211e-77,7.38461730927817e-79,2.887054650990649e-80,1.128747017504884e-81,4.413191283015797e-83,1.725533273847408e-84,6.746962578974107e-86,0.008600922886482633
8.5,0.008029696336949931,0.0003132959811377619,1.222444623770386e-05,4.770041501263415e-07,1.86137396455201e-08,7.263794518780566e-10,2.834730822492646e-11,1.106313940719414e-12,4.31780624650609e-14,1.685256630459165e-15,6.577895811811113e-17,2.567591389022226e-18,1.002265376083106e-19,3.912527150659113e-21,1.527389297578657e-22,5.96293103909697e-24,2.328023809753498e-25,9.089344382761148e-27,3.54891119316166e-28,1.385718643854308e-29,5.410934365727871e-31,2.112937602568231e-32,8.251220647480557e-34,3.222305962947887e-35,1.258439429384692e-36,4.914900723982771e-38,1.919614386701986e-39,7.497733131137889e-41,2.928617273116872e-42,1.143962642730708e-43,4.468662647549071e-45,1.745660257118809e-46,6.819589444614946e-48,2.664237940792995e-49,1.040887957725092e-50,4.066783747917138e-52,1.588964584473054e-53,6.208594877134467e-55,2.425986147295969e-56,9.479798897856551e-58,3.704466477335589e-59,1.447664332442182e-60,5.657514348565004e-62,2.21105202834803e-63,8.641471310549831e-65,3.377472170453895e-66,1.320113118103119e-67,5.159952684122891e-69,2.016951342556031e-70,7.88424620131832e-72,3.082051651158e-73,1.20485435439516e-74,4.710250661801082e-76,1.841485234576473e-77,7.199579669340131e-79,2.814884940610284e-80,1.100597909824578e-81,4.303394653105522e-83,1.682705252008941e-84,6.579899081856768e-86,0.008355713138093173
9.5,0.008421791999436837,0.0003286709208689529,1.282733739164712e-05,5.006452998687024e-07,1.954078835396548e-08,7.627325033997607e-10,2.97728620835492e-11,1.162216398815536e-12,4.537027557983692e-14,1.771225121427186e-15,6.915028273292243e-17,2.699802101073659e-18,1.054114042262777e-19,4.115862772884074e-21,1.607132624105246e-22,6.275668774901583e-24,2.450674880850994e-25,9.57036930528485e-27,3.737566506840431e-28,1.459709114503031e-29,5.701127994506371e-31,2.226754132905918e-32,8.697624819459094e-34,3.397394062028945e-35,1.327113143429343e-36,5.184258806915729e-38,2.025265748561008e-39,7.912138942756809e-41,3.091165510531942e-42,1.207722071684028e-43,4.718761866627864e-45,1.843764106821665e-46,7.204416497310006e-48,2.815194157040338e-49,1.100104398631607e-50,4.299078566683882e-52,1.680090665818406e-53,6.566074954552139e-55,2.566224562061626e-56,1.002995783334842e-57,3.920298259987225e-59,1.532338063366068e-60,5.989705520876802e-62,2.341378785992993e-63,9.152782415793156e-65,3.578077750318958e-66,1.398818958000638e-67,5.468752539288693e-69,2.138109710351202e-70,8.359620775819339e-72,3.268571350928939e-73,1.278038953806898e-74,4.997408673395964e-76,1.954160458571591e-77,7.641701731718958e-79,2.988370055128968e-80,1.16867304733754e-81,4.570523706071135e-83,1.787529079803704e-84,6.99124311569754e-86,0.008763811237500455
10.5,0.008171863395614669,0.0003189748809766668,1.245117175484029e-05,4.860514478974609e-07,1.897459256109531e-08,7.407655912147101e-10,2.89205927685099e-11,1.129149768569941e-12,4.408733052672267e-14,1.721447861699178e-15,6.72189437746717e-17,2.624866123062979e-18,1.025038595772309e-19,4.003047913071835e-21,1.563359263309656e-22,6.105822155812928e-24,2.384771588519238e-25,9.314651915642332e-27,3.638342647891551e-28,1.421207901425171e-29,5.55173339148046e-31,2.168784928215509e-32,8.472687532336367e-34,3.310111602272526e-35,1.293244824125144e-36,5.052838890328703e-38,1.974270545442943e-39,7.714260819817093e-41,3.014382299249297e-42,1.177927681120373e-43,4.603150058213791e-45,1.798903097651119e-46,7.030342164689829e-48,2.747648257747619e-49,1.07389473323298e-50,4.19737834749033e-52,1.640628591973713e-53,6.41295379851357e-55,2.506810746791952e-56,9.799423137869309e-58,3.830848038300822e-59,1.497630632246587e-60,5.855039170325543e-62,2.289128229030906e-63,8.950052609499117e-65,3.499420499377473e-66,1.36830110182077e-67,5.350349460299895e-69,2.09217242837491e-70,8.181399100506666e-72,3.199428342660529e-73,1.25121467032192e-74,4.893344873582548e-76,1.913790110673303e-77,7.485092942803295e-79,2.927618114845925e-80,1.145106600672064e-81,4.479108693073645e-83,1.752069797274671e-84,6.853702526382151e-86,0.008503795245247848
11.5,0.008013161549010482,0.0003128353354869724,1.221366277783442e-05,4.768636199924888e-07,1.861917889180467e-08,7.270174723676667e-10,2.838880332077387e-11,1.108580311119744e-12,4.3291735564542e-14,1.690676504839667e-15,6.602883664533107e-17,2.578839449177194e-18,1.007238736339431e-19,3.934213390628443e-21,1.536741100825333e-22,6.002894721895909e-24,2.344973265287207e-25,9.160773328341913e-27,3.578848999447026e-28,1.398207193602114e-29,5.46281550046512e-31,2.134412231614662e-32,8.339821588571376e-34,3.258755924297908e-35,1.273395896536027e-36,4.976127745582608e-38,1.944625526370153e-39,7.599705345395417e-41,2.970118390075527e-42,1.160825463972041e-43,4.537077260601523e-45,1.773378466960602e-46,6.93174565121605e-48,2.709565555340726e-49,1.059186624800776e-50,4.140578461753826e-52,1.618695576414665e-53,6.328268484265821e-55,2.474116200662944e-56,9.6732117602261e-58,3.78213152824546e-59,1.478828516290516e-60,5.782480627105782e-62,2.261130682945241e-63,8.842033840999286e-65,3.457750402970182e-66,1.35222821296926e-67,5.288361751845376e-69,2.068269153660732e-70,8.089238074278058e-72,3.163900151726679e-73,1.23752060151601e-74,4.840570489857808e-76,1.893455183346754e-77,7.406752089017354e-79,2.897442403264082e-80,1.133485493929216e-81,4.434362582240465e-83,1.734844057445047e-84,6.787402748685959e-86,0.00833870678663408
12.5,0.008252367360514972,0.0003223303318906767,1.259046465090903e-05,4.918132496241885e-07,1.921217345612246e-08,7.505342316713446e-10,2.932122879802992e-11,1.145543032350537e-12,4.475670981678407e-14,1.748728246752492e-15,6.832880867788318e-17,2.669947045721795e-18,1.043322675517731e-19,4.077103800340956e-21,1.593316076018876e-22,6.226859682688171e-24,2.433621965061738e-25,9.511608663120855e-27,3.717676321329694e-28,1.453134606052764e-29,5.680109508483018e-31,2.22036355000287e-32,8.679763893220595e-34,3.393189391095763e-35,1.326552921292419e-36,5.186295713722661e-38,2.027711255354791e-39,7.928134568897923e-41,3.099930124344343e-42,1.212128635230853e-43,4.739814638923112e-45,1.853487964201098e-46,7.248261833590321e-48,2.83461181078313e-49,1.10858462992128e-50,4.335703557222703e-52,1.695765132842909e-53,6.632650917400158e-55,2.594321676366709e-56,1.014788831081209e-57,3.969562367545737e-59,1.552832470538329e-60,6.074653732254912e-62,2.376475420217001e-63,9.297366024679259e-65,3.637485413548483e-66,1.423171533927156e-67,5.56836660216461e-69,2.178777603400078e-70,8.525354029286953e-72,3.336002051809716e-73,1.30543270474314e-74,5.108541077075954e-76,1.999187097524632e-77,7.823914003257789e-79,3.062024788535228e-80,1.198415094897914e-81,4.690506069810994e-83,1.835886913311263e-84,7.185977797884464e-86,0.00858779996352722
13.5,0.008047933325297144,0.0003144536703916338,1.22870272754159e-05,4.801254816673193e-07,1.876205448706997e-08,7.33202027766647e-10,2.865394833425022e-11,1.119857505859917e-12,4.376817685874261e-14,1.710690611790982e-15,6.686544439659086e-17,2.61366047837138e-18,1.021677202762915e-19,3.993882240023563e-21,1.561326579998017e-22,6.103924037576317e-24,2.386389234082434e-25,9.330182961267418e-27,3.648007159826964e-28,1.426388311088514e-29,5.577458563212764e-31,2.180978329398648e-32,8.528697085078786e-34,3.335264612310574e-35,1.304349850096862e-36,5.101219439114693e-38,1.995124311524368e-39,7.803364293983951e-41,3.052176859063927e-42,1.19385979174177e-43,4.669955034376595e-45,1.826786276233843e-46,7.146252804287242e-48,2.795661146088861e-49,1.093719943488003e-50,4.279008050815715e-52,1.674153879402541e-53,6.550325287079258e-55,2.562981737638914e-56,1.002866750254266e-57,3.924243585321995e-59,1.535619476007495e-60,6.009330959415176e-62,2.351708120003109e-63,9.203551047915011e-65,3.601986417070507e-66,1.409753826344886e-67,5.517711470418911e-69,2.159678540226518e-70,8.453442213462747e-72,3.308966274849697e-73,1.295284888838793e-74,5.070518726413786e-76,1.984968163093026e-77,7.770852958448648e-79,3.042270015650398e-80,1.191079286633197e-81,4.663343060678946e-83,1.825861230530833e-84,7.149107147181316e-86,0.008375173673521733
14.5,0.007943699892284174,0.0003105011771541539,1.213727815050328e-05,4.744570609900621e-07,1.854769748719595e-08,7.251043294282435e-10,2.834838495508295e-11,1.1083409990577e-12,4.333468599798744e-14,1.694396369626541e-15,6.625389239815934e-17,2.59074540226487e-18,1.013106148734584e-19,3.961885937884557e-21,1.549407706518589e-22,6.059630000113585e-24,2.369971257157492e-25,9.269505202841837e-27,3.625654804720207e-28,1.418184404920072e-29,5.54747348321132e-31,2.17007111986939e-32,8.489240308382075e-34,3.321083089755527e-35,1.299291610378149e-36,5.083343199365706e-38,1.988877616544205e-39,7.781842644517662e-41,3.044896337342939e-42,1.191456489990976e-43,4.66229122046105e-45,1.824467234566475e-46,7.139834196337284e-48,2.794187198224456e-49,1.093548655495688e-50,4.279922357167798e-52,1.675130954455775e-53,6.556569338130392e-55,2.566371365164118e-56,1.004563093675322e-57,3.932328031974014e-59,1.539348631358905e-60,6.026135579215237e-62,2.359149117012063e-63,9.236052659690195e-65,3.616028542552174e-66,1.415766622019314e-67,5.543266864224894e-69,2.170471719425625e-70,8.498780869531323e-72,3.327922594155216e-73,1.303178224138344e-74,5.103267755051876e-76,1.998512036095522e-77,7.826705320923467e-79,3.065243136817656e-80,1.200506555624638e-81,4.701947055310361e-83,1.841638794449171e-84,7.213476599232538e-86,0.00826683210695346
15.5,0.008073075384697138,0.0003158357231568255,1.235665273884187e-05,4.834568386247669e-07,1.891610748492304e-08,7.401554862111746e-10,2.896217686306059e-11,1.133330076678372e-12,4.435050066715112e-14,1.735631262384417e-15,6.792554806097949e-17,2.658431740972657e-18,1.04048177318956e-19,4.072489432894895e-21,1.594049880727794e-22,6.239649942903851e-24,2.44250154483451e-25,9.561492693165501e-27,3.743110970710962e-28,1.465398655182116e-29,5.737132517719723e-31,2.246207677047994e-32,8.794695193755277e-34,3.44355848165382e-35,1.348372373368244e-36,5.27992638138589e-38,2.067575864770715e-39,8.096746324467983e-41,3.1708451294584e-42,1.241809204763933e-43,4.863512000620293e-45,1.904847926133104e-46,7.460806128383661e-48,2.922309807621915e-49,1.144673791647443e-50,4.483860926713668e-52,1.756456372315738e-53,6.880775161798045e-55,2.695578983955359e-56,1.05604245919054e-57,4.137378463930752e-59,1.621002182520135e-60,6.35120833331726e-62,2.488533296639838e-63,9.750902644151459e-65,3.820853454767187e-66,1.497235333466363e-67,5.867239404641334e-69,2.299278277193984e-70,9.010796426625416e-72,3.531414249405096e-73,1.384037722991986e-74,5.424514760105013e-76,2.126118662002236e-77,8.333504434996791e-79,3.266490055105739e-80,1.280408176871148e-81,5.019135243231458e-83,1.967535827835033e-84,7.713111764616291e-86,0.008401770903836063
16.5,0.00789436379012805,0.0003090255760351169,1.209731591661068e-05,4.735881789205564e-07,1.854085868271801e-08,7.25898531679362e-10,2.842097687907355e-11,1.112804874084202e-12,4.357284296378907e-14,1.706198516352363e-15,6.681284018505097e-17,2.61641689031751e-18,1.024638137281903e-19,4.012828289985743e-21,1.571618203342757e-22,6.155450792981223e-24,2.410954103951954e-25,9.443526730289106e-27,3.6990960040613e-28,1.449015516757353e-29,5.676314373414046e-31,2.22369767217922e-32,8.711658982832059e-34,3.413042863858598e-35,1.337205936497816e-36,5.239266066909013e-38,2.052854379003345e-39,8.043800517165167e-41,3.151953677019824e-42,1.235132855081722e-43,4.840193939875971e-45,1.896823937740622e-46,7.433723044537044e-48,2.913404296873348e-49,1.141852715352051e-50,4.475425197568795e-52,1.754176650789715e-53,6.875860980676715e-55,2.695228035600245e-56,1.056521986624918e-57,4.141675679642897e-59,1.623633823919394e-60,6.365235488624012e-62,2.495486205252199e-63,9.78385738900343e-65,3.836005542769118e-66,1.504050576047174e-67,5.897387796800991e-69,2.312442250270654e-70,9.067676078162108e-72,3.555780328895021e-73,1.394400734703689e-74,5.46832059463502e-76,2.144539008465241e-77,8.410609713189217e-79,3.298636726947912e-80,1.293763549528889e-81,5.074446470752055e-83,1.990378700219053e-84,7.807211832715277e-86,0.008215979566595047
17.5,0.007834213953388069,0.0003069134830138621,1.202412304120461e-05,4.7109412186064e-07,1.845774809443656e-08,7.232133352156043e-10,2.833810100295656e-11,1.110431047354561e-12,4.351399004969849e-14,1.705228593451613e-15,6.682710031493697e-17,2.619020313791122e-18,1.026458232736331e-19,4.023090386843934e-21,1.576864284467067e-22,6.180801399865937e-24,2.422764126617977e-25,9.497149615343683e-27,3.722983849109283e-28,1.459501947920417e-29,5.721814678668162e-31,2.243253765465381e-32,8.795052987199739e-34,3.448370172179085e-35,1.35208685955118e-36,5.301643547441729e-38,2.078890460768042e-39,8.152067462476171e-41,3.196825486993356e-42,1.253675177319022e-43,4.91661257380753e-45,1.928242893413982e-46,7.562618830541918e-48,2.966178847109249e-49,1.163421362248594e-50,4.563428415264401e-52,1.790028263641202e-53,7.02171020465851e-55,2.754483733008792e-56,1.080567122117785e-57,4.239136918834994e-59,1.66309564423015e-60,6.524857423772973e-62,2.559992983541596e-63,1.004431682696838e-64,3.941085363414198e-66,1.546411325982832e-67,6.068032172801616e-69,2.381136717793649e-70,9.344032176414951e-72,3.666889191580934e-73,1.439045902824502e-74,5.647611844087008e-76,2.216502869332384e-77,8.699312907944483e-79,3.4144026651061e-80,1.340162877644191e-81,5.260335293171707e-83,2.064820005165514e-84,8.105201841112323e-86,0.008153641864020249
18.5,0.007874890993108209,0.000308945008832435,1.212089086184496e-05,4.755591577878235e-07,1.865911901737431e-08,7.32140150023934e-10,2.872855238698102e-11,1.127326245051634e-12,4.423864087172547e-14,1.73608163670458e-15,6.813255058633448e-17,2.673961898207038e-18,1.04947421407617e-19,4.119118134532638e-21,1.616786103051672e-22,6.346242452509736e-24,2.491130345290792e-25,9.778942030824537e-27,3.838865060326197e-28,1.507055702395005e-29,5.916585896173774e-31,2.322888600458615e-32,9.120126437474814e-34,3.580869813401099e-35,1.406019453821877e-36,5.52089110214234e-38,2.167913823539916e-39,8.513139693856241e-41,3.34312292622977e-42,1.312894115696899e-43,5.15610505413698e-45,2.025015921235118e-46,7.95334251136129e-48,3.123815808432165e-49,1.226974593331671e-50,4.819478763006333e-52,1.893123085725178e-53,7.436555825391194e-55,2.921318940843164e-56,1.147625470877986e-57,4.508534380239737e-59,1.771269022402667e-60,6.959011188923175e-62,2.734162607929073e-63,1.074273527293898e-64,4.221036126735501e-66,1.658581656847933e-67,6.517306901652504e-69,2.561019854200039e-70,1.006401114714512e-71,3.954964565893071e-73,1.554273138762137e-74,6.108369169073643e-76,2.400691391453938e-77,9.435402934755766e-79,3.708493811605058e-80,1.457630984338965e-81,5.729417677729457e-83,2.252092219193066e-84,8.852676317613798e-86,0.008196451873121369
19.5,0.007712342718585732,0.0003028448890848742,1.189243990577797e-05,4.670231378858838e-07,1.83409772219689e-08,7.203160878144372e-10,2.829047594338093e-11,1.111152880767636e-12,4.364391789205547e-14,1.714312223794791e-15,6.733987712082603e-17,2.645275142615985e-18,1.039167232260213e-19,4.082404426277129e-21,1.603845486286087e-22,6.301223328380921e-24,2.475728364531861e-25,9.727400910530303e-27,3.822137178657663e-28,1.501866343483253e-29,5.901627431153837e-31,2.319143978254491e-32,9.11378925024702e-34,3.581669664703664e-35,1.407626006894793e-36,5.532280245613243e-38,2.174383418135614e-39,8.546397318146481e-41,3.359270350855505e-42,1.320449179349169e-43,5.19054800517304e-45,2.040419429978199e-46,8.021218322157775e-48,3.153376327434304e-49,1.239726198879521e-50,4.874052432888233e-52,1.916324214988042e-53,7.534632640515926e-55,2.962575412860662e-56,1.164906085513988e-57,4.580643724310375e-59,1.801258931619247e-60,7.08336702686788e-62,2.785590300418507e-63,1.095490380303406e-64,4.308376603320696e-66,1.694464389440438e-67,6.664458439492275e-69,2.621264498899245e-70,1.031027680299832e-71,4.055489078087462e-73,1.595252790633576e-74,6.275221935460258e-76,2.468549850564404e-77,9.711087856097549e-79,3.820383572273003e-80,1.503000393286671e-81,5.913222142283336e-83,2.326495437595654e-84,9.153623853686175e-86,0.008027566161454638
20.5,0.007689483018006932,0.0003024146427960783,1.189390678571048e-05,4.678021510283722e-07,1.839991408895103e-08,7.237443744118352e-10,2.846887856445038e-11,1.119879256325819e-12,4.40542336052805e-14,1.733084104359533e-15,6.818158527940331e-17,2.682439566970854e-18,1.055378210025399e-19,4.152422677147895e-21,1.633842423363217e-22,6.428858925603914e-24,2.529721229930036e-25,9.954659450481019e-27,3.917374133935044e-28,1.541624229809141e-29,6.067038711220795e-31,2.387754637021866e-32,9.397606398535549e-34,3.69878731523908e-35,1.455847725701697e-36,5.730426687680242e-38,2.255653132224014e-39,8.879161373834291e-41,3.495310743482577e-42,1.37598524143942e-43,5.416962543737309e-45,2.132612224767414e-46,8.396182951186519e-48,3.305717686500626e-49,1.301557716804977e-50,5.124775391622064e-52,2.017901242442275e-53,7.945817389165724e-55,3.128893532131809e-56,1.232129790304836e-57,4.852164666152094e-59,1.910855901640201e-60,7.525469727421535e-62,2.963824544521003e-63,1.16730542496565e-64,4.597583106763035e-66,1.810871686175628e-67,7.132778024558465e-69,2.809587839990852e-70,1.106724007744641e-71,4.359621578882987e-73,1.717397940474002e-74,6.765590370609025e-76,2.665342440612544e-77,1.050056867555696e-78,4.136995521428903e-80,1.629932594459335e-81,6.421944353579257e-83,2.530321281195661e-84,9.970041637200547e-86,0.008004278523032829
21.5,0.007654804822271797,0.0003016683629018873,1.188890234649433e-05,4.685651981129014e-07,1.846777186635283e-08,7.279056718426362e-10,2.869140154588198e-11,1.130952615505903e-12,4.458132462336487e-14,1.757427300777396e-15,6.928154093182919e-17,2.731325165570589e-18,1.076824430730403e-19,4.245530342490116e-21,1.673919165440783e-22,6.600129051355834e-24,2.602469897365367e-25,1.026205347557441e-26,4.046672265277692e-28,1.595794348640402e-29,6.293190419493621e-31,2.481874478889753e-32,9.788218919713803e-34,3.860489590181938e-35,1.522635246333348e-36,6.005706216282888e-38,2.36890111231325e-39,9.344247950117312e-41,3.686008066748328e-42,1.454061064409781e-43,5.736188016713683e-45,2.262967988188327e-46,8.927866246656589e-48,3.52233861796965e-49,1.389724231445269e-50,5.483276989327643e-52,2.163543850439905e-53,8.536996701908511e-55,3.368669104255041e-56,1.329307192386761e-57,5.245731413372771e-59,2.070143136318171e-60,8.169740498298607e-62,3.224256955387022e-63,1.272519539511417e-64,5.022415506556756e-66,1.982321625656891e-67,7.824360164525702e-69,3.088422571709884e-70,1.219095442354882e-71,4.812289414828948e-73,1.899672541807825e-74,7.499264387715792e-76,2.960543407826585e-77,1.168791342964837e-78,4.614400233662084e-80,1.821823053607641e-81,7.192994384804701e-83,2.840048662557056e-84,1.121383886892615e-85,0.007968849878264593
22.5,0.007503583078213005,0.0002960981216394438,1.168473378541442e-05,4.611244341448965e-07,1.819841321434644e-08,7.182322679447228e-10,2.83473351563719e-11,1.118859181636654e-12,4.416257813403192e-14,1.743207700691332e-15,6.881126034207813e-17,2.716348452926432e-18,1.072326334327867e-19,4.233347482714415e-21,1.671307073502253e-22,6.598479992947068e-24,2.605234430860925e-25,1.028643530036897e-26,4.061608936030434e-28,1.603785798439068e-29,6.333001701346302e-31,2.500850686671514e-32,9.875992961514002e-34,3.900215148791839e-35,1.540320431167174e-36,6.083426139112696e-38,2.402702440314382e-39,9.490001047941864e-41,3.748409128624959e-42,1.480614859673589e-43,5.848594963619855e-45,2.310336549621501e-46,9.126686806424356e-48,3.605497324536585e-49,1.424397737125228e-50,5.627446510350177e-52,2.223337615087281e-53,8.784424835239257e-55,3.470843715512541e-56,1.371420178841684e-57,5.41900682011647e-59,2.14132448384782e-60,8.461723462191818e-62,3.343864502584546e-63,1.321453693918294e-64,5.222381578731144e-66,2.063947108485811e-67,8.157212502519597e-69,3.224023337545593e-70,1.274288325566065e-71,5.036748868468413e-73,1.990883721592558e-74,7.869632245030625e-76,3.110827029445947e-77,1.229730977315956e-78,4.861352642601756e-80,1.921838291643458e-81,7.597823532745654e-83,3.003821676946324e-84,1.187603904926033e-85,0.007811846004229662
23.5,0.007511285567552771,0.0002972780020420577,1.176593171019604e-05,4.656985156732269e-07,1.843309643182358e-08,7.296365453657022e-10,2.888215768482265e-11,1.143318932869329e-12,4.526054628466159e-14,1.791788541539793e-15,7.093624860272e-17,2.808433281680384e-18,1.111922114581967e-19,4.402495494347441e-21,1.743161801967964e-22,6.902249308362669e-24,2.733113560470825e-25,1.082277771792127e-26,4.285818359210178e-28,1.697237725846442e-29,6.721487876429765e-31,2.661962443066633e-32,1.054270666937227e-33,4.175571764494512e-35,1.653839441753617e-36,6.550647596257669e-38,2.59470842013273e-39,1.02779441708733e-40,4.071338865017724e-42,1.612803609440236e-43,6.389088398310556e-45,2.531100663362344e-46,1.002750725005395e-47,3.972734429644799e-49,1.573979249857414e-50,6.236218547727123e-52,2.470907245000816e-53,9.790486845301557e-55,3.879402131258838e-56,1.537226687799314e-57,6.091490518705951e-59,2.413913528035635e-60,9.566041524026383e-62,3.791012095420967e-63,1.502416595267733e-64,5.954397261073861e-66,2.35992070909839e-67,9.353391795597701e-69,3.707258680609739e-70,1.469429125023485e-71,5.824468818095209e-73,2.308744498166977e-74,9.151814957109303e-76,3.627858466003864e-77,1.438153124981938e-78,5.701269259206907e-80,2.260213920951512e-81,8.960640417097445e-83,3.552548425474447e-84,1.408485425158716e-85,0.007820814392626278
24.5,0.007412563790787791,0.0002941335799384322,1.167179214065474e-05,4.631772071297393e-07,1.838118228809807e-08,7.294848220926077e-10,2.895179954029154e-11,1.149082682236592e-12,4.560824263834044e-14,1.81030466016771e-15,7.185817807827441e-17,2.852442280250531e-18,1.132331501344406e-19,4.495171906613212e-21,1.784575562380338e-22,7.084993072201327e-24,2.812935024984087e-25,1.116852150034101e-26,4.434527094745995e-28,1.760818191450178e-29,6.991932498045965e-31,2.776485283102779e-32,1.102576914461382e-33,4.378624639531936e-35,1.738928689301733e-36,6.906229330267251e-38,2.742933748301721e-39,1.089443401044388e-40,4.327220167748883e-42,1.718811342301074e-43,6.8275086819914e-45,2.712133584547132e-46,1.077394096153472e-47,4.280088403688736e-49,1.700377910928119e-50,6.75542491892543e-52,2.683949405404417e-53,1.066375967809698e-54,4.237021614784775e-56,1.683547023158067e-57,6.689659291837945e-59,2.658256350002945e-60,1.056340105022627e-61,4.197828203847865e-63,1.668243624951009e-64,6.629917791501928e-66,2.634939245663657e-67,1.047241390890177e-68,4.162331432838766e-70,1.654398481989951e-71,6.575929203317698e-73,2.613891848331966e-74,1.039038206016655e-75,4.130368264785519e-77,1.641947727460177e-78,6.527443341368026e-80,2.595016152941939e-81,1.031692159186765e-82,4.101788311937019e-84,1.630832451238321e-85,0.007718851480889494
25.5,0.007273952823722291,0.0002891563675356479,1.149501520467375e-05,4.569837753568872e-07,1.816796925900619e-08,7.223144415452889e-10,2.871841380019394e-11,1.14184925311614e-12,4.54016044765739e-14,1.805292877382677e-15,7.178572799626634e-17,2.854581558561768e-18,1.135169314834716e-19,4.51432274394702e-21,1.795305147753257e-22,7.139989796609035e-24,2.839687075744794e-25,1.129423688374827e-26,4.492175851263416e-28,1.786775504475926e-29,7.107167505684113e-31,2.827068741497597e-32,1.124577469548339e-33,4.473583176700288e-35,1.779650495094215e-36,7.079896758757962e-38,2.816644707311833e-39,1.120598631598971e-40,4.458419405772459e-42,1.773881088129916e-43,7.057985718407343e-45,2.808339918895513e-46,1.11745781150226e-47,4.446569668042486e-49,1.769422347299265e-50,7.041258605807537e-52,2.802085619458449e-53,1.115128116004307e-54,4.43792877970228e-56,1.766233135732561e-57,7.029554545643582e-59,2.797818898611227e-60,1.11358494544668e-61,4.432400555511446e-63,1.76427584724046e-64,7.022726516498174e-66,2.795482282399803e-67,1.112805833634794e-68,4.429897183310107e-70,1.763516161987222e-71,7.020640396442282e-73,2.795023360476836e-74,1.112770302193197e-75,4.430338655047099e-77,1.763922824212351e-78,7.023174094647022e-80,2.796394446835452e-81,1.113459728016313e-82,4.433652248906543e-84,1.765467439891663e-85,0.007575080110429215
26.5,0.007296694913655007,0.000291631991179562,1.165623331103342e-05,4.659028070075882e-07,1.862286017754383e-08,7.444085144594038e-10,2.975706604966604e-11,1.189549853487859e-12,4.755420031898448e-14,1.901116576761292e-15,7.600500292109642e-17,3.038708998851216e-18,1.214925030670771e-19,4.857616431142458e-21,1.942272964795885e-22,7.766235473970144e-24,3.105446292590056e-25,1.241797001001139e-26,4.965811647838789e-28,1.985833661405054e-29,7.941607506554685e-31,3.176046367440834e-32,1.27021737711784e-33,5.080213966419523e-35,2.031882711371154e-36,8.126955483358577e-38,3.250646022872316e-39,1.300241342242117e-40,5.201045968223948e-42,2.080509884616028e-43,8.322641426089431e-45,3.329391241545698e-46,1.331927757968322e-47,5.328544969780512e-49,2.131810854332935e-50,8.529051008361009e-52,3.412437483215943e-53,1.365339283577436e-54,5.462963507009063e-56,2.185887393421974e-57,8.746594352357625e-59,3.499950007729704e-60,1.400542506954868e-61,5.604569865711557e-63,2.242847589392963e-64,8.975706899190216e-66,3.592104227434092e-67,1.43760808724832e-68,5.753648658934211e-70,2.302806077984583e-71,9.216850354000736e-73,3.689086089442879e-74,1.476610909453873e-75,5.910501451990934e-77,2.365884295830322e-78,9.47051370719474e-80,3.791092488335008e-81,1.517630251169102e-82,6.075447436138491e-84,2.432210752581341e-85,0.007600468439217453
27.5,0.007149668663719855,0.00028653278797494,1.148368164116456e-05,4.602632613288354e-07,1.844802010255341e-08,7.394544746745574e-10,2.964089302604394e-11,1.188199131089806e-12,4.763270224016313e-14,1.909585869925114e-15,7.655808951305584e-17,3.069451985428628e-18,1.230689239784542e-19,4.934619891546758e-21,1.978685126421161e-22,7.934458562564595e-24,3.181818972141347e-25,1.276001373641515e-26,5.117339869769379e-28,2.052365792367551e-29,8.231568568826393e-31,3.301624671189379e-32,1.324311076727088e-33,5.312139520401612e-35,2.130914512095276e-36,8.548297249383184e-38,3.429337117053078e-39,1.37580746897849e-40,5.519783016934502e-42,2.214640060566089e-43,8.8858922402427e-45,3.565460424814159e-46,1.430694239449159e-47,5.741093363723776e-49,2.303874969630322e-50,9.245697114366654e-52,3.710537452626995e-53,1.489190723566754e-54,5.976956754583525e-56,2.398977291485529e-57,9.62915851638752e-59,3.865152688282254e-60,1.551533070960866e-61,6.228327297439987e-63,2.500332510091782e-64,1.003783389536453e-65,4.029935377503994e-67,1.617975511004533e-68,6.496232133975676e-70,2.608355612258931e-71,1.047339988301756e-72,4.205562913189293e-74,1.688791723847528e-75,6.781776985757307e-77,2.72349333115713e-78,1.093766136906719e-79,4.392764506493361e-81,1.764276325404383e-82,7.086152161110252e-84,2.846226576122098e-85,0.007448164614950579
28.5,0.007066251581813406,0.0002843469799348937,1.144251505135396e-05,4.604766886060633e-07,1.853134864138682e-08,7.457951623138416e-10,3.001547299873045e-11,1.208047060405277e-12,4.862229828947214e-14,1.957041434009877e-15,7.877300307313561e-17,3.170790637863148e-18,1.276351970591584e-19,5.13790416275408e-21,2.068302913598199e-22,8.326353136476103e-24,3.352030686880525e-25,1.349502092099369e-26,5.4331474943995e-28,2.187468080262172e-29,8.807328409632068e-31,3.546164144020005e-32,1.427859895906669e-33,5.749425042860972e-35,2.315129223002622e-36,9.322620361121211e-38,3.754158844710313e-39,1.511816617522961e-40,6.088318336265703e-42,2.451925660648216e-43,9.874813392564861e-45,3.977059519907366e-46,1.601794585928468e-47,6.451534633095231e-49,2.598547553001795e-50,1.046669749007451e-51,4.215994032822784e-53,1.698249746525619e-54,6.840917128335211e-56,2.75574002956565e-57,1.110128492635077e-58,4.472180135507231e-60,1.801674394419993e-61,7.258456010606661e-63,2.924307662570543e-64,1.178182835582733e-65,4.746932789059114e-67,1.912600135744652e-68,7.706300441966642e-70,3.105119313320743e-71,1.251184042027365e-72,5.041672094976037e-74,2.031601096258357e-75,8.186771538205401e-77,3.299113383352031e-78,1.329511499232579e-79,5.35793188923675e-81,2.159297398095535e-82,8.702376434133712e-84,3.507303504597947e-85,0.007362520861906246
29.5,0.007007065487455236,0.0002837684973823461,1.149238603613124e-05,4.65451210704924e-07,1.885193651021128e-08,7.635817340886468e-10,3.092949040675573e-11,1.252874536840234e-12,5.075278737496674e-14,2.056030850336215e-15,8.329456809743824e-17,3.374589683758717e-18,1.36723265726483e-19,5.53963233634967e-21,2.244587009210714e-22,9.09512869850123e-24,3.685514029469545e-25,1.493495852436447e-26,6.052386048830168e-28,2.452820613355684e-29,9.94080226291856e-31,4.028964884173896e-32,1.632983685390918e-33,6.618909514280952e-35,2.68291673562454e-36,1.087536936130591e-37,4.408560717498157e-39,1.787168682539604e-40,7.245195218266936e-42,2.937314066143988e-43,1.190875456919756e-44,4.828340520939213e-46,1.957694608357744e-47,7.937932941372237e-49,3.218735242069916e-50,1.305203874098985e-51,5.292814146552702e-53,2.146396973398913e-54,8.704593309652507e-56,3.530220886638999e-57,1.43175976885697e-58,5.807018806511417e-60,2.355326053164103e-61,9.553521578108094e-63,3.875167818727989e-64,1.571925785711904e-65,6.376582500017232e-67,2.586772730294532e-68,1.049404292101488e-69,4.257371952225966e-71,1.72724711151578e-72,7.007795230638678e-74,2.843297511942279e-75,1.153658066354558e-76,4.681076470009588e-78,1.899451104291206e-79,7.707688986029006e-81,3.127763118571512e-82,1.269278907015855e-83,5.151025931136023e-85,0.007302811469837923
30.5,0.006869116765947725,0.0002790863411227073,1.133950550035774e-05,4.607522612417708e-07,1.872227563384943e-08,7.6079485966038e-10,3.091677999632799e-11,1.256431073177073e-12,5.106234845697859e-14,2.075298545296929e-15,8.434863049625742e-17,3.428412931718772e-18,1.393560494391023e-19,5.664689616571967e-21,2.30273509949451e-22,9.361154030222522e-24,3.805680539798671e-25,1.54722250969485e-26,6.290580263420593e-28,2.557679417437008e-29,1.039965560399922e-30,4.228722976673592e-32,1.719558376671403e-33,6.992653440838718e-35,2.843704465020207e-36,1.156496362808188e-37,4.703502959120552e-39,1.913004069106517e-40,7.780861252626937e-42,3.164876276629924e-43,1.287369083474085e-44,5.236808223400868e-46,2.130333052271572e-47,8.666536424798188e-49,3.525825693961232e-50,1.434476063287908e-51,5.836371853197333e-53,2.374705565300796e-54,9.662594155928357e-56,3.93183104212809e-57,1.599974575189218e-58,6.511010993203936e-60,2.649725442002501e-61,1.078376487720858e-62,4.388913479958261e-64,1.786325885601957e-65,7.270786873777736e-67,2.959505670732932e-68,1.204686284986078e-69,4.903947046948898e-71,1.996340343028916e-72,8.127189553858898e-74,3.308744091860315e-75,1.347109634046986e-76,5.484785763268909e-78,2.233229461078666e-79,9.093351352809703e-81,3.702810862806275e-82,1.507842606562482e-83,6.14041052980794e-85,0.007160022880128961
31.5,0.006821595219116733,0.0002795630291008241,1.145738816194052e-05,4.695734724845626e-07,1.924568893386887e-08,7.888152375028078e-10,3.233173302162199e-11,1.325239836978888e-12,5.432149689922356e-14,2.226694654259592e-15,9.127697482097354e-17,3.741738102675976e-18,1.533900028928868e-19,6.28828460196672e-21,2.577975177028352e-22,1.056906639116475e-23,4.33317089998901e-25,1.776586067045519e-26,7.284133096727894e-28,2.986624516509063e-29,1.224600568320103e-30,5.021336324389907e-32,2.058994254702928e-33,8.443098856999486e-35,3.462258386784809e-36,1.419802336292944e-37,5.822467228348221e-39,2.38779436019533e-40,9.792587070716234e-42,4.016137372169364e-43,1.647138896643359e-44,6.755575944846662e-46,2.770798733658951e-47,1.136469987753633e-48,4.661452913241906e-50,1.912030962309024e-51,7.842937924758427e-53,3.217161197462724e-54,1.319705429105667e-55,5.413663674672441e-57,2.220831337065248e-58,9.110660631667595e-60,3.737611009126847e-61,1.533374440079141e-62,6.290891266685613e-64,2.580987664062787e-65,1.058935288481783e-66,4.344728147484269e-68,1.782647357475036e-69,7.314385904008418e-71,3.001233946563306e-72,1.231491257148388e-73,5.053267296656882e-75,2.07358870090199e-76,8.509074489948993e-78,3.491815979616135e-79,1.432945387515575e-80,5.880539229833904e-82,2.413314043428701e-83,9.904205862014085e-85,0.007113105278069768
32.5,0.006702734089641009,0.0002763312627186721,1.139294114839365e-05,4.697528536999875e-07,1.9370047216893e-08,7.987659594464774e-10,3.294093873200475e-11,1.358563316040948e-12,5.603394769934697e-14,2.311265921934421e-15,9.534016593437693e-17,3.933046810197298e-18,1.622592570275088e-19,6.694481370153716e-21,2.762176384493541e-22,1.139758457992774e-23,4.703283016172464e-25,1.940958288589642e-26,8.010470380057469e-28,3.306179948648945e-29,1.364650797555289e-30,5.633043173514e-32,2.325364563988899e-33,9.599870311686156e-35,3.963382150782551e-36,1.636412242629695e-37,6.756870539753548e-39,2.79013040759081e-40,1.152203925582324e-41,4.758390286833483e-43,1.965244312195142e-44,8.117059496740674e-46,3.352791285817303e-47,1.384968294789983e-48,5.721350838930973e-50,2.363647326449905e-51,9.765444921532945e-53,4.03484229299503e-54,1.667194144225654e-55,6.889231521445279e-57,2.846952917204993e-58,1.176561407940791e-59,4.862656931569705e-61,2.009820565872765e-62,8.307406688249638e-64,3.433982628886131e-65,1.419564261777324e-66,5.868623741775005e-68,2.426283946871886e-69,1.003161915556918e-70,4.14786299167594e-72,1.715148101260444e-73,7.092553329183699e-75,2.93310258684836e-76,1.213040933549493e-77,5.017034871167925e-79,2.075114870311463e-80,8.583421188636143e-82,3.55060092538918e-83,1.468812482195031e-84,0.006990948249532899
33.5,0.006596973343043874,0.0002736627423240453,1.13526713675433e-05,4.709684858863785e-07,1.953875845132925e-08,8.10612616025594e-10,3.363109259541404e-11,1.395339097332217e-12,5.789348101356552e-14,2.402097454781698e-15,9.966957068106281e-17,4.135666435042675e-18,1.716087058588547e-19,7.121048984628552e-21,2.955013171904749e-22,1.226268597343976e-23,5.088883139714081e-25,2.111883620433175e-26,8.764518589830423e-28,3.637447049638581e-29,1.509648259625791e-30,6.265637817941865e-32,2.600549819609961e-33,1.079382550272042e-34,4.480184307019213e-36,1.859630201246509e-37,7.719114326942514e-39,3.204191604622715e-40,1.330085489948175e-41,5.521418376848183e-43,2.292090340198022e-44,9.515305363745894e-46,3.950241119635457e-47,1.639963975248899e-48,6.808552487105541e-50,2.826734388769596e-51,1.173612963299725e-52,4.872753350233044e-54,2.02317545431281e-55,8.400443334051586e-57,3.488031186514272e-58,1.448331441314416e-59,6.014021249178609e-61,2.497303417462994e-62,1.037019617891033e-63,4.306375486271916e-65,1.788323291061603e-66,7.42658816770701e-68,3.084194616649628e-69,1.280864792099683e-70,5.319537029290179e-72,2.209293296719912e-73,9.175756057362499e-75,3.811002597299868e-76,1.582870873824304e-77,6.574466916086817e-79,2.730765268077866e-80,1.134271246833845e-81,4.711488752189326e-83,1.957077545729549e-84,0.006882480109679248
34.5,0.006518838571472806,0.0002736741973613558,1.149006122352871e-05,4.824313348267733e-07,2.025690833243362e-08,8.506190805196188e-10,3.57208015384871e-11,1.500137970517239e-12,6.30035413840684e-14,2.646197688628244e-15,1.111483434473171e-16,4.668817585829899e-18,1.961253991115665e-19,8.23917292041399e-21,3.461434033711131e-22,1.454289899018682e-23,6.110380083514555e-25,2.56748311898256e-26,1.078869527367309e-27,4.533692293327784e-29,1.905271038556297e-30,8.007241551763911e-32,3.36535095632001e-33,1.41448677101292e-34,5.945499494943998e-36,2.499185902956213e-37,1.050580584700252e-38,4.416524096993041e-40,1.856744296463183e-41,7.806272164143824e-43,3.282125715592971e-44,1.380023574708172e-45,5.80279740715239e-47,2.440100760677444e-48,1.026118227496558e-49,4.315252135598309e-51,1.814821538588125e-52,7.632740415271263e-54,3.210300779307205e-55,1.350297507593022e-56,5.679780668826944e-58,2.389196501870052e-59,1.005055929805755e-60,4.228112125214311e-62,1.778772958385078e-63,7.483627304704801e-65,3.148627227430314e-66,1.324791889244765e-67,5.574311686145557e-69,2.345588736063513e-70,9.870277780747104e-72,4.153590057066792e-73,1.747972095452141e-74,7.356340599212207e-76,3.096032381357041e-77,1.30306282478241e-78,5.484553474552721e-80,2.308517232216004e-81,9.717191421859826e-83,4.090383755839337e-84,0.006804506406206634
35.5,0.006388763363698874,0.0002695164210564215,1.137048178149603e-05,4.797310698097743e-07,2.024148211442832e-08,8.541072236329395e-10,3.604194721057137e-11,1.521002776627164e-12,6.419154407603001e-14,2.709267205609898e-15,1.143542233769627e-16,4.827019784904462e-18,2.037664139636532e-19,8.602267294093939e-21,3.631785795217227e-22,1.53339709743218e-23,6.474650414047513e-25,2.734043675510582e-26,1.154575049239762e-27,4.8760331161954e-29,2.059392120808446e-30,8.698403171386838e-32,3.674246353877218e-33,1.552120479162751e-34,6.557090430105687e-36,2.770292796711329e-37,1.17049374711811e-38,4.945857732294615e-40,2.089986157614662e-41,8.832316851318701e-43,3.732806569243814e-44,1.577706153202448e-45,6.668784999917449e-47,2.819015419783129e-48,1.191731726269615e-49,5.038369822129214e-51,2.130258223727097e-52,9.007521428471339e-54,3.808986029271233e-55,1.610811255484829e-56,6.812575200024371e-58,2.88143958805684e-59,1.218819690158145e-60,5.155862373922804e-62,2.181198848542587e-63,9.228295016510886e-65,3.90463213099368e-66,1.65223340322972e-67,6.991904199664664e-69,2.959051424814386e-70,1.252398976567544e-71,5.301102693097841e-73,2.244001932919984e-74,9.49978780052755e-76,4.021966256124379e-77,1.702930609870203e-78,7.210903141754857e-80,3.053632164640435e-81,1.293237523688379e-82,5.477401233537919e-84,0.006670151130825911
36.5,0.006309089568852353,0.000270303993177519,1.158106078030632e-05,4.961971678322007e-07,2.126034131173999e-08,9.109533666820531e-10,3.903300349693515e-11,1.672544414145145e-12,7.166930000339315e-14,3.071131642264235e-15,1.316053125062404e-16,5.639726968141345e-18,2.416864822707817e-19,1.035753041658721e-20,4.438841138703206e-22,1.902358962686048e-23,8.153137567228817e-25,3.494350463074411e-26,1.497674696258068e-27,6.419154387856595e-29,2.751359883955238e-30,1.179305125373059e-31,5.054918194854444e-33,2.166761911984087e-34,9.287895593372314e-36,3.981369481780659e-37,1.706697780459379e-38,7.316269631374996e-40,3.136401664404248e-41,1.34456716015078e-42,5.764241018773344e-44,2.47121497995135e-45,1.059467517068224e-46,4.542275199948871e-48,1.947456997889725e-49,8.349700635699379e-51,3.579995538893567e-52,1.534979489244482e-53,6.581594737485073e-55,2.822072229555194e-56,1.210078374787721e-57,5.188803449641798e-59,2.224996054757823e-60,9.541123882905546e-62,4.091457538610353e-63,1.75454594762456e-64,7.524187117080405e-66,3.226729303116392e-67,1.383800692192963e-68,5.934615401091346e-70,2.545186443150992e-71,1.09157748833265e-72,4.681633891507201e-74,2.007928278817672e-75,8.612054619099254e-77,3.693798054837956e-78,1.584335948287597e-79,6.79562056711156e-81,2.914866357254491e-82,1.250304562249338e-83,0.006591493032053115
37.5,0.006186843899197289,0.0002673548405336771,1.155482847142993e-05,4.994541496506671e-07,2.159158499805681e-08,9.335343291205342e-10,4.036760812205459e-11,1.745793098367051e-12,7.551089608231374e-14,3.266507264863965e-15,1.413236453937944e-16,6.11509585259428e-18,2.646360263605533e-19,1.145386185409948e-20,4.95806477409124e-22,2.146494245361983e-23,9.294039680038041e-25,4.02472815905651e-26,1.743113966015152e-27,7.5504383667117e-29,3.270963128367405e-30,1.417216372484408e-31,6.141205446272458e-33,2.661509112432275e-34,1.153610117008079e-35,5.000884384208792e-37,2.16815892850561e-38,9.401384717753982e-40,4.077076032826966e-41,1.768324327405271e-42,7.670629383854014e-44,3.327789726100651e-45,1.443897532817023e-46,6.265739073324457e-48,2.719339762244834e-49,1.180346919140542e-50,5.124018433276299e-52,2.224673524612294e-53,9.659980425422956e-55,4.195080715804914e-56,1.822041483534422e-57,7.914615207272132e-59,3.43838645927919e-60,1.493938203542433e-61,6.491773497064833e-63,2.821282485112086e-64,1.226258349895881e-65,5.330516202848892e-67,2.317438035803023e-68,1.007623405705199e-69,4.381666212402875e-71,1.905596424954313e-72,8.288440504810891e-74,3.605492788492477e-75,1.568577566503911e-76,6.824904415720653e-78,2.969860099519632e-79,1.292480167993664e-80,5.625483967266965e-82,2.448745358722183e-83,0.006466275589663699
38.5,0.00608234786699689,0.0002661435390598002,1.16458189795983e-05,5.096048247303467e-07,2.230007730854692e-08,9.758622129256447e-10,4.270511387468413e-11,1.86887593015191e-12,8.178811809299512e-14,3.579390435731969e-15,1.56652380731613e-16,6.856049574721871e-18,3.000681343708966e-19,1.313332652645695e-20,5.748287708794257e-22,2.516002679705602e-23,1.101266695877537e-24,4.82039550421007e-26,2.10999563880764e-27,9.236110447708836e-29,4.043014606532315e-30,1.769824054136288e-31,7.747532823565339e-33,3.391604969406373e-34,1.484757630984263e-35,6.500014012219985e-37,2.845649470668369e-38,1.245824460314509e-39,5.454319896073923e-41,2.38799063133976e-42,1.045521220408551e-43,4.577636101723359e-45,2.004277355487443e-46,8.775714280364699e-48,3.842511641111437e-49,1.682503325119646e-50,7.367237218263042e-52,3.22597740664231e-53,1.412621770630697e-54,6.185835071655993e-56,2.708810396757464e-57,1.18622390135032e-58,5.194724108435689e-60,2.274919431098479e-61,9.962704115361626e-63,4.363109235498429e-64,1.910832172778159e-65,8.368672484150438e-67,3.665203814314628e-68,1.605266649596987e-69,7.030783017254803e-71,3.079410808103317e-72,1.348773272405361e-73,5.90768899276171e-75,2.58763854956907e-76,1.133435683495803e-77,4.964750122919146e-79,2.174728868085776e-80,9.526207107434191e-82,4.172939225846011e-83,0.006360670150460061
39.5,0.005971132656540326,0.0002656763884545065,1.182277328414142e-05,5.262054643016523e-07,2.342396170689773e-08,1.042878590255174e-09,4.643815456306526e-11,2.068156190289273e-12,9.212092043692278e-14,4.103922199520855e-15,1.82854326267065e-16,8.148468263783172e-18,3.631705915234711e-19,1.618857633187932e-20,7.217208575165848e-22,3.218042615118969e-23,1.435078229088068e-24,6.400588722261376e-26,2.855118480069581e-27,1.273759739781579e-28,5.683415007694353e-30,2.536232056581141e-31,1.131945886708028e-32,5.052643970043304e-34,2.255627462959749e-35,1.007096266500005e-36,4.497061478196321e-38,2.008353607142508e-39,8.970245825755558e-41,4.007011690964164e-42,1.790145240380248e-43,7.998464394426406e-45,3.574167899000542e-46,1.597322355987842e-47,7.139351731463391e-49,3.191338572665241e-50,1.4267050130795e-51,6.378844405902809e-53,2.852303028536931e-54,1.275541140996022e-55,5.704764983380812e-57,2.551672035549134e-58,1.141445277005951e-59,5.106552749292486e-61,2.284769439629661e-62,1.022346521098895e-63,4.575034855173324e-65,2.047531518524613e-66,9.164442683032264e-68,4.102231585611549e-69,1.836421307144051e-70,8.221705100955676e-72,3.681190453620986e-73,1.64835557568287e-74,7.381576897202837e-76,3.305844677551692e-77,1.480642512405805e-78,6.632112579131771e-80,2.970892299824293e-81,1.33092847235773e-82,0.0062491825391863
40.5,0.005857553776412263,0.000262840333056068,1.179441739035962e-05,5.292607563700961e-07,2.375043489281023e-08,1.065815593042521e-09,4.783008587088614e-11,2.146489638838191e-12,9.633074860466285e-14,4.323241886765645e-15,1.940271722660513e-16,8.708110906388197e-18,3.908352132443549e-19,1.754170146234098e-20,7.873321771500014e-22,3.53388571830976e-23,1.586189882679516e-24,7.119770335822843e-26,3.195838974799216e-27,1.434537311295046e-28,6.439421066641147e-30,2.890611836713449e-31,1.297599494251527e-32,5.825047324268709e-34,2.61496638019894e-35,1.173925629166921e-36,5.270148392123158e-38,2.365989705814786e-39,1.062210444152037e-40,4.768875188932921e-42,2.141060702336189e-43,9.612793275286836e-45,4.315963735136322e-46,1.937820276898348e-47,8.700750071541825e-49,3.906675546947256e-50,1.754144682330842e-51,7.876456144727095e-53,3.536744221630335e-54,1.58812161272092e-55,7.131339863468513e-57,3.202327557551667e-58,1.438028773954995e-59,6.457680736596105e-61,2.899964623696949e-62,1.302314667732154e-63,5.848523398456826e-65,2.626537256590138e-66,1.179581355772332e-67,5.29760045111924e-69,2.379235518798052e-70,1.068568996054415e-71,4.799263233182145e-73,2.155526703260438e-74,9.681419652675053e-76,4.348419684682719e-77,1.953127512239793e-78,8.772764015538821e-80,3.940478566441944e-81,1.769979079359327e-82,0.006132742653942981
41.5,0.00574297162370471,0.0002646419420715219,1.219627512361897e-05,5.621359363589361e-07,2.591195422887653e-08,1.194545681761758e-09,5.507420607672349e-11,2.539427051741284e-12,1.171020216697931e-13,5.400492346058243e-15,2.490816872174132e-16,1.148917675437104e-17,5.299975865859251e-19,2.445096242590774e-20,1.128117511127194e-21,5.20533020514239e-23,2.402022386847619e-24,1.108510762024317e-25,5.116066293841299e-27,2.361375773167777e-28,1.089998878894435e-29,5.031741707681583e-31,2.322957767013727e-32,1.072492674852538e-33,4.951955969327269e-35,2.286588528544129e-36,1.055911384524683e-37,4.876346338191717e-39,2.252105128508361e-40,1.04018182085763e-41,4.804584036776735e-43,2.219359859296125e-44,1.025237619178224e-45,4.736370867102241e-47,2.188218720401875e-48,1.011018559239003e-49,4.671436175849372e-51,2.158560059821555e-52,9.974699569938539e-54,4.609534131335572e-55,2.130273354905415e-56,9.845421187429448e-58,4.550441279435374e-59,2.103258117973604e-60,9.721898510817835e-62,4.493954349112448e-63,2.07742291358671e-64,9.603720207971113e-66,4.439888281387885e-67,2.052684475773755e-68,9.490511594818362e-70,4.388074458380237e-71,2.028966914774986e-72,9.381931082015568e-74,4.338359111554713e-75,2.006201003973992e-76,9.277666980440563e-78,4.290601890546686e-79,1.984323538688428e-80,9.177434628274129e-82,0.006020399141072517
42.5,0.005631095963095263,0.000261104248721693,1.210832517139681e-05,5.615708152656456e-07,2.604812817470064e-08,1.208373787752305e-09,5.606349051738082e-11,2.601443144294223e-12,1.207272326786178e-13,5.603433445488063e-15,2.601133525193923e-16,1.207624600069099e-17,5.607426368962311e-19,2.604108088917406e-20,1.209538605386445e-21,5.618848109094954e-23,2.610617438781652e-24,1.213135027174415e-25,5.638279752291083e-27,2.620941317857386e-28,1.218548516891465e-29,5.666369335222676e-31,2.635391563674963e-32,1.225929112355582e-33,5.70383866265832e-35,2.654315383113519e-36,1.23544381077666e-37,5.751490863080684e-39,2.678098981460871e-40,1.247278311810153e-41,5.810218760516015e-43,2.707171583315571e-44,1.26163894872756e-45,5.881014149497407e-47,2.742009887084123e-48,1.278754827759814e-49,5.96497806950118e-51,2.783142999349538e-52,1.298880197842116e-53,6.06333218563029e-55,2.831157900399834e-56,1.322297075396542e-57,6.177431393884348e-59,2.886705497760385e-60,1.349318151457231e-61,6.308777782174188e-63,2.950507330731542e-64,1.380290011400723e-65,6.459036092447059e-67,3.023362995758209e-68,1.415596700822799e-69,6.630050845038716e-71,3.106158370023838e-72,1.455663674737576e-73,6.823865303828315e-75,3.199874719049132e-76,1.500962171304106e-77,7.042742480128882e-79,3.305598783374378e-80,1.552014055752721e-81,0.005904897423097119
43.5,0.005505537407284562,0.0002637626142272261,1.263671491290571e-05,6.054280369358664e-07,2.900669347504727e-08,1.389764588958404e-09,6.658732085022109e-11,3.190429033959368e-12,1.52867037376149e-13,7.324631596974084e-15,3.509658542118758e-16,1.681709790848416e-17,8.05831634767946e-19,3.861398390400147e-20,1.850341606085479e-21,8.866785206295936e-23,4.249006530666578e-24,2.036176930052935e-25,9.757768190864704e-27,4.676191818493225e-28,2.240995285627874e-29,1.073980360218561e-30,5.147051042250788e-32,2.466762384390594e-33,1.182232336293753e-34,5.666109892120795e-36,2.715649794889396e-37,1.301574744109544e-38,6.23836829122221e-40,2.990056705523886e-41,1.433158833144549e-42,6.869350556541927e-44,3.292634006669061e-45,1.578256667401453e-46,7.565160907806763e-48,3.62631094089438e-49,1.738273920463234e-50,8.332544898348888e-52,3.994324596991107e-53,1.914764036186602e-54,9.178957403995663e-56,4.400252553294574e-57,2.109443901759101e-58,1.011263787471984e-59,4.848049008791948e-61,2.324211195700689e-62,1.11426936299486e-63,5.342084777094159e-65,2.561163590967179e-66,1.227919206286549e-67,5.887191558912291e-69,2.822620012798476e-70,1.353326271264765e-71,6.488710953648382e-73,3.111144172558019e-74,1.49172102673649e-75,7.152548720569142e-77,3.429570622762333e-78,1.644463967533607e-79,7.885234855311226e-81,0.005782572630858004
44.5,0.005395604661058112,0.0002610803242486178,1.263733844844378e-05,6.119099794578986e-07,2.963963597060995e-08,1.436198708082774e-09,6.961701816945363e-11,3.375812793739584e-12,1.637593538740188e-13,7.946966997551234e-15,3.858041276611481e-16,1.873721551612075e-17,9.103710198759854e-19,4.424960108068098e-20,2.151692127961746e-21,1.046725734658402e-22,5.094126452443691e-24,2.480233203728079e-25,1.208100571097173e-26,5.887122937578545e-28,2.87008058602353e-29,1.399836878762765e-30,6.830529303714952e-32,3.33446340974808e-33,1.628520187804499e-34,7.957134407787547e-36,3.889709778677454e-37,1.902282864345399e-38,9.307448749034058e-40,4.556002688571379e-41,2.231181919600908e-42,1.093159283669645e-43,5.358323912885546e-45,2.627670823428451e-46,1.28916557069747e-47,6.327633032243141e-49,3.107188927047283e-50,1.526464168557513e-51,7.502340693063499e-53,3.688898056684944e-54,1.814615330210977e-55,8.93015009828858e-57,4.396603305056831e-58,2.165499562066735e-59,1.067035942854757e-60,5.25990440357218e-62,2.593893407276279e-63,1.27967413242734e-64,6.315635784988664e-66,3.118189656735247e-67,1.540114493100437e-68,7.609668145991567e-70,3.76129842216109e-71,1.859800283011019e-72,9.199162747116829e-74,4.551774728652153e-75,2.252997133814655e-76,1.115539279104483e-77,5.525229847615432e-79,2.73749905344187e-80,0.005669965382734253
45.5,0.005265931753663769,0.000263115735432196,1.314695566844041e-05,6.569167326959823e-07,3.282480581654488e-08,1.64021466301597e-09,8.19607388924255e-11,4.095601167941866e-12,2.04661445641106e-13,1.022729942547884e-14,5.110841670635568e-16,2.554055758550777e-17,1.276364690309623e-18,6.378603648459997e-20,3.187739694961641e-21,1.593112521698109e-22,7.961893947315854e-24,3.979171268568133e-25,1.988726917711578e-26,9.939485813555813e-28,4.967740493063946e-29,2.482904814385334e-30,1.240987473807189e-31,6.202701099234691e-33,3.100276358586896e-34,1.549622930075057e-35,7.745647016000953e-37,3.871643690944051e-38,1.935258786194664e-39,9.673612136877625e-41,4.835531555541794e-42,2.417161532360453e-43,1.208295059688962e-44,6.040128406520174e-46,3.019431360248516e-47,1.509419452893748e-48,7.545716570883384e-50,3.772217899076503e-51,1.885813607892356e-52,9.427714954171578e-54,4.713242432802553e-55,2.356344288991265e-56,1.17804890197047e-57,5.889704027322689e-59,2.944619452073571e-60,1.472212193645012e-61,7.360666597260699e-63,3.680182536181295e-64,1.840038988653336e-65,9.200048513788448e-67,4.600008259058325e-68,2.300024607395915e-69,1.150036716083258e-70,5.750376189309893e-72,2.875319514616613e-73,1.437742947137588e-74,7.189217699842426e-76,3.594903650008338e-77,1.797620790601045e-78,8.989056147896763e-80,0.005542885912789346
46.5,0.005152680742811408,0.0002619541768994919,1.332504284797943e-05,6.782135333386361e-07,3.453997013644198e-08,1.76010264983131e-09,8.974642673749581e-11,4.578906594118985e-12,2.337619816927481e-13,1.194139826702738e-14,6.103895839776034e-16,3.121984763347301e-17,1.597816731014174e-18,8.18269061289412e-20,4.19313082597275e-21,2.150075033520342e-22,1.103166896141819e-23,5.663701834900235e-25,2.90957752212632e-26,1.495644551410451e-27,7.692968843505096e-29,3.959356297291995e-30,2.039002925532893e-31,1.050681551876312e-32,5.417281878825646e-34,2.79476728595938e-35,1.442647870375751e-36,7.451125074631973e-38,3.850581680714997e-39,1.990993081870582e-40,1.030025221852868e-41,5.331584263872994e-43,2.761153005965235e-44,1.430690804414382e-45,7.416814938531434e-47,3.846808582939228e-48,1.996136514489889e-49,1.036290267923478e-50,5.382314335659302e-52,2.79671401414424e-53,1.453828932706261e-54,7.560659541197669e-56,3.933526366140658e-57,2.047271112098104e-58,1.065944245485095e-59,5.552063518715708e-61,2.892878435293665e-62,1.507845472231944e-63,7.861936291927277e-65,4.100562599031217e-66,2.139409416224558e-67,1.11654508443146e-68,5.828891781614073e-70,3.043817751612918e-71,1.589900254104982e-72,8.306832406083144e-74,4.341214199993424e-75,2.26930643226991e-76,1.186526137798838e-77,6.205258720983825e-79,0.005428674570736684
47.5,0.005022692105518094,0.0002637266345828494,1.384769797777581e-05,7.271220200792877e-07,3.818063133927499e-08,2.004864283030394e-09,1.052768515132923e-10,5.528238920115883e-12,2.902997742865031e-13,1.524447742454151e-14,8.005423388699487e-16,4.203992790414648e-17,2.207727584488795e-18,1.159404127269306e-19,6.088776167787958e-21,3.19765023058368e-22,1.679336239066341e-23,8.81962437721829e-25,4.631996454134107e-26,2.432719410249691e-27,1.277678152360303e-28,6.710525588336188e-30,3.524497430120321e-31,1.851157738843603e-32,9.722886070622392e-34,5.106842712930554e-35,2.682348838023738e-36,1.408910792333111e-37,7.400433721619133e-39,3.887194436025619e-40,2.041835469056865e-41,1.072532809590362e-42,5.633856330006661e-44,2.959417673327405e-45,1.554576318994299e-46,8.166258018199007e-48,4.289823148189187e-49,2.253517297534824e-50,1.183825243535735e-51,6.218984382238255e-53,3.267055267587987e-54,1.716321403854048e-55,9.016663336080315e-57,4.736943072356522e-58,2.48860247656674e-59,1.307428422007858e-60,6.868870381222697e-62,3.6087575394371e-63,1.895985661081204e-64,9.961330090408009e-66,5.233648256377228e-67,2.749771617510752e-68,1.444752953443899e-69,7.590937351321015e-71,3.9884307122467e-72,2.09562467376809e-73,1.101107547891559e-74,5.785631111442169e-76,3.040020290675953e-77,1.597375230939287e-78,0.005301033856705902
48.5,0.004904505335880593,0.0002637904123406192,1.420002819130383e-05,7.650483457534383e-07,4.125347253542655e-08,2.226414284115534e-09,1.202614814045844e-10,6.501639116421415e-12,3.51799259420479e-13,1.905206758795554e-14,1.032673880458464e-15,5.602170153196997e-17,3.041718048568247e-18,1.652905840655664e-19,8.989595467762219e-21,4.893176575665777e-22,2.665604065809734e-23,1.453279782898404e-24,7.929503955766522e-26,4.329920721016902e-27,2.366162430938389e-28,1.293996332513769e-29,7.08171259801886e-31,3.878402806509507e-32,2.125539847289373e-33,1.165680336823815e-34,6.396988373229599e-36,3.51276730271652e-37,1.93015725129479e-38,1.061199878255536e-39,5.837871639387708e-41,3.213337952451906e-42,1.769678852212898e-43,9.751253533987991e-45,5.375837992808437e-46,2.965128607159358e-47,1.636230757769648e-48,9.033194727045053e-50,4.98914688639821e-51,2.756714317592152e-52,1.523808582515102e-53,8.426263988843872e-55,4.661210330801498e-56,2.579375265755575e-57,1.427828194418434e-58,7.906359800276387e-60,4.379355572818772e-61,2.426447397094384e-62,1.344784908784035e-63,7.455048817199718e-65,4.133886311012584e-66,2.292829691773854e-67,1.271994870430137e-68,7.058208439861458e-70,3.917370194733248e-71,2.174610172938114e-72,1.207398741466841e-73,6.704996328292827e-75,3.724097889724754e-76,2.068781947029264e-77,0.005183304431780155
49.5,0.004774056788285654,0.0002657464237042381,1.479288309144036e-05,8.234623421424243e-07,4.583953007964476e-08,2.551773011401201e-09,1.420526585940708e-10,7.907917140079711e-12,4.402306194800539e-13,2.45077672999245e-14,1.364371350536537e-15,7.595681586465789e-17,4.228693429583563e-18,2.354240992208842e-19,1.31069268418947e-20,7.29719665434153e-22,4.062715565215335e-23,2.26194454923638e-24,1.259367944555992e-25,7.011782496394335e-27,3.903995729822621e-28,2.173678477520532e-29,1.210281309287606e-30,6.738797003928858e-32,3.75217793495974e-33,2.089245410141272e-34,1.163323351538788e-35,6.477633462416692e-37,3.606925780730434e-38,2.008458821603814e-39,1.118390644915616e-40,6.227718369317977e-42,3.467921250354929e-43,1.931142361934273e-44,1.075385395603846e-45,5.988509401736989e-47,3.334863587340512e-48,1.85712923631642e-49,1.034215099605884e-50,5.759493522520075e-52,3.207468248987885e-53,1.786261626821083e-54,9.947922231891463e-56,5.540185214354968e-57,3.085465930487891e-58,1.718390153066349e-59,9.57033904805774e-61,5.330124832294752e-62,2.968601654337797e-63,1.653373368907587e-64,9.208616768869275e-66,5.128877065917491e-67,2.856633920238929e-68,1.59107729249379e-69,8.862012060453229e-71,4.936029503048212e-72,2.749333911030927e-73,1.531374967243049e-74,8.529820503385748e-76,4.751191287624113e-77,0.005055468099153327
50.5,0.004653810562674082,0.0002665849687840187,1.528859042495777e-05,8.778261339292216e-07,5.046173072218488e-08,2.904226526590083e-09,1.67345674157511e-10,9.654146777355426e-12,5.576057717625221e-13,3.224422544595731e-14,1.866741461615827e-15,1.08197947152543e-16,6.278421932323031e-18,3.647300845953305e-19,2.121164274797716e-20,1.234951119135431e-21,7.197609424224031e-23,4.199323961565486e-24,2.452516670515563e-25,1.433753027611801e-26,8.389852603023614e-28,4.914047105278517e-29,2.880821620618454e-30,1.690333132236467e-31,9.92644555886046e-33,5.834011605800214e-34,3.431463465771043e-35,2.019838148773877e-36,1.189776764223701e-37,7.013145980356027e-39,4.13662076627973e-40,2.441468638491767e-41,1.441838616345829e-42,8.519811048561219e-44,5.037083531700333e-45,2.979563481300294e-46,1.763352827381208e-47,1.044066222367083e-48,6.184558174834966e-50,3.664975444393968e-51,2.172729024502163e-52,1.288554877366966e-53,7.644591387414465e-55,4.536816160421449e-56,2.693305162022713e-57,1.599372909868292e-58,9.500279508267451e-60,5.644669946625476e-61,3.354668777805324e-62,1.994175633277895e-63,1.185697488548724e-64,7.051402719900754e-66,4.194333458775809e-67,2.49534841802742e-68,1.484825780918072e-69,8.836726337111871e-71,5.259866226211913e-72,3.13127643469098e-73,1.864351509957624e-74,1.110172197905929e-75,0.004936615491565888
51.5,0.00451810998864215,0.0002693540928975084,1.605814327594839e-05,9.573528266591497e-07,5.70760148292175e-08,3.402829272162995e-09,2.028764117169519e-10,1.209561079104025e-11,7.211554403827702e-13,4.299666523702605e-14,2.563571588513906e-15,1.528483977257504e-16,9.113413456686549e-18,5.433829131027306e-19,3.239929652746637e-20,1.931834247415065e-21,1.151884136058951e-22,6.868349208426359e-24,4.095439853462995e-25,2.442043123448179e-26,1.456165297085433e-27,8.683055473905203e-29,5.177725286730514e-30,3.087521161037417e-31,1.841133882050149e-32,1.097906273589822e-33,6.547109610279496e-35,3.904256893024373e-36,2.328260490566004e-37,1.388446468728547e-38,8.280014199006539e-40,4.937844084804891e-41,2.944747043458401e-42,1.756155334906475e-43,1.047326644499035e-44,6.246052788203309e-46,3.725061115094049e-47,2.221597559572481e-48,1.324956418875313e-49,7.902090427203755e-51,4.712882110841256e-52,2.810834779174363e-53,1.676440729153928e-54,9.99873856274268e-56,5.963570106403331e-57,3.556899003169929e-58,2.121489121213792e-59,1.26536010431282e-60,7.547298050576468e-62,4.501661988601682e-63,2.685086396119582e-64,1.601576283248135e-65,9.553025993754387e-67,5.698207218158727e-68,3.398908310398599e-69,2.027423958388426e-70,1.209354422783089e-71,7.213839924774402e-73,4.303118136531315e-74,2.566870064183223e-75,0.00480454027222527
52.5,0.004404220830293372,0.0002702242075667926,1.660489367411161e-05,1.021921780074107e-06,6.299123704258881e-08,3.888954079788908e-09,2.404821789517919e-10,1.489482636490792e-11,9.240453725097282e-13,5.741918741223941e-14,3.573756923939324e-15,2.22788765880568e-16,1.391091747850637e-17,8.699699555620629e-19,5.44914672522245e-20,3.418349024800268e-21,2.147603498291091e-22,1.351220294009654e-23,8.513648603062074e-25,5.371612835892122e-26,3.393704097855934e-27,2.146859066506792e-28,1.359792734069333e-29,8.623038761890451e-31,5.474505457418872e-32,3.479402726305348e-33,2.213696368639686e-34,1.409819001157836e-35,8.987093515926213e-37,5.734093083587254e-38,3.661670082574369e-39,2.340144172022188e-40,1.496702433522389e-41,9.579413479698655e-43,6.135286035337911e-44,3.931929315710947e-45,2.521360040306961e-46,1.617731120835208e-47,1.038496205826269e-48,6.669850952891569e-50,4.285744465381221e-51,2.755004850834438e-52,1.771708032295088e-53,1.139787974790196e-54,7.33512016801783e-56,4.722059000713168e-57,3.040793955246036e-58,1.958686723567516e-59,1.261992966972409e-60,8.133078600730428e-62,5.242660226595176e-63,3.380183524505287e-64,2.179787986073243e-65,1.405942796053875e-66,9.069741228427048e-68,5.851817915417339e-69,3.776161414173919e-70,2.437079235191675e-71,1.573055098722598e-72,1.015475703039132e-73,0.004692138989867754
53.5,0.004252667274971934,0.0002747536318929799,1.775128917832208e-05,1.146887332197485e-06,7.409962195813035e-08,4.78757497550265e-09,3.093282066579267e-10,1.99860872436184e-11,1.291339197657048e-12,8.343670966263893e-14,5.39111089744473e-15,3.483402051818066e-16,2.250780600981595e-17,1.454343273894133e-18,9.397338575888387e-20,6.072212860678664e-21,3.923676984263317e-22,2.535383354826052e-23,1.638317733623471e-24,1.058660528248215e-25,6.840996725586798e-27,4.420649670270508e-28,2.85664881011537e-29,1.84599969457341e-30,1.192917468782622e-31,7.708913193196693e-33,4.981726469534169e-34,3.219367455300979e-35,2.080487696411209e-36,1.344508858530454e-37,8.68892564645196e-39,5.615292368448619e-40,3.628962902323454e-41,2.345289880462456e-42,1.515703871350588e-43,9.795711875498337e-45,6.330841510258967e-46,4.091576348926489e-47,2.644378643055122e-48,1.709072040497587e-49,1.10458929162076e-50,7.139125272113139e-52,4.614162396852971e-53,2.982252638108518e-54,1.927523379760862e-55,1.245829267025796e-56,8.052320263363742e-58,5.204597762743719e-59,3.36400712369205e-60,2.174353904716928e-61,1.405423247418185e-62,9.084218942547322e-64,5.871804627699379e-65,3.795413782662727e-66,2.453297285582953e-67,1.58578653521147e-68,1.025044591771949e-69,6.625890609203365e-71,4.283011301387723e-72,2.768583462784503e-73,0.004546398301267201
54.5,0.004160822112781602,0.0002744256092030543,1.812801295770527e-05,1.199472285560111e-06,7.95020572501384e-08,5.27894663461315e-09,3.511786410724923e-10,2.340723580199873e-11,1.563293082684505e-12,1.04622063605044e-13,7.016492710373055e-15,4.715727888239369e-16,3.176314700604254e-17,2.14414815535885e-18,1.450603728418546e-19,9.835751979114885e-21,6.683884489444416e-22,4.552044434718282e-23,3.106917705306924e-24,2.125124146310465e-25,1.456639524770897e-26,1.000487484224773e-27,6.885548525154934e-29,4.747944237773562e-30,3.28007269078824e-31,2.270078483255345e-32,1.573783994882954e-33,1.092854820928707e-34,7.60078569126191e-36,5.294176503886283e-37,3.692729573814565e-38,2.579118446049632e-39,1.803581803350337e-40,1.262722792973919e-41,8.850251294765194e-43,6.209369138372979e-44,4.360675297272627e-45,3.065108241899315e-46,2.156236734034563e-47,1.518028008809778e-48,1.069476938779371e-49,7.539600724428443e-51,5.31849724255747e-52,3.753815712304972e-53,2.650827419460413e-54,1.872823357405377e-55,1.323739795059714e-56,9.360167891167346e-58,6.621032684173807e-59,4.685067269669177e-60,3.316208704545222e-61,2.347970593420297e-62,1.662868660285303e-63,1.17795384994474e-64,8.346318062469762e-66,5.914934132039754e-67,4.192623607154413e-68,2.97232351995731e-69,2.107532789514953e-70,1.494565655554495e-71,0.004454660364493121
55.5,0.003975123391625464,0.0002821645885223799,2.002895579297036e-05,1.421732833187451e-06,1.009210003734752e-07,7.16389071161569e-09,5.085342299373726e-10,3.60990062923188e-11,2.562560355923214e-12,1.819100704608254e-13,1.291347562783015e-14,9.167128134862583e-16,6.507694983004613e-17,4.619817217794611e-18,3.279639413487216e-19,2.32825789623761e-20,1.652873967484695e-21,1.1734161095604e-22,8.330440913791381e-24,5.914084836677595e-25,4.198660078273928e-26,2.980831792559109e-27,2.116254020070178e-28,1.502455714215709e-29,1.06669216518986e-30,7.57321100282989e-32,5.376807899897617e-33,3.817442286922889e-34,2.710340912181215e-35,1.924326797895445e-36,1.366272057503676e-37,9.700608593481283e-39,6.887541033237885e-40,4.890269846591137e-41,3.472200877275833e-42,2.465359398553478e-43,1.750487447282145e-44,1.242914093168722e-45,8.82524072042994e-47,6.266359837437366e-48,4.449461036422922e-49,3.159386661604368e-50,2.243372712726811e-51,1.592954431833428e-52,1.131119592851007e-53,8.031874933806003e-55,5.703330980629271e-56,4.049891858482961e-57,2.875818526115833e-58,2.042126841595458e-59,1.450130621178737e-60,1.029756857463228e-61,7.312492086204309e-63,5.192772059843598e-64,3.687535676237151e-65,2.618643092421792e-66,1.859599777432896e-67,1.320583125727003e-68,9.37810459115769e-70,6.659896165957882e-71,0.004278847301056693
56.5,0.003928599339801032,0.0002788621904214575,1.979454088668981e-05,1.405093155498183e-06,9.97398411014281e-08,7.080045962686891e-09,5.025824466750098e-10,3.567651071819583e-11,2.53256866030607e-12,1.797810312558198e-13,1.276233888309199e-14,9.059837894432303e-16,6.43153021808567e-17,4.565747797933859e-18,3.241255167513873e-19,2.301008429905716e-20,1.633529060032383e-21,1.159682681308128e-22,8.232943093821784e-24,5.844867566588478e-25,4.14951979762595e-26,2.94594473142055e-27,2.091485804846762e-28,1.484871272017172e-29,1.054207812709492e-30,7.484575650801489e-32,5.313878811982542e-33,3.772763703317723e-34,2.678619622390351e-35,1.901804860624002e-36,1.350281481678159e-37,9.587074604100614e-39,6.80693062586075e-40,4.833035103071583e-41,3.431562930313094e-42,2.436505323566572e-43,1.730000091119328e-44,1.228367274369154e-45,8.721951862150616e-47,6.193019610957427e-48,4.397385431352283e-49,3.122409829869391e-50,2.217116725662785e-51,1.574310810682769e-52,1.117881194599445e-53,7.937871470553773e-55,5.636580331662317e-56,4.002492731425827e-57,2.842160519315703e-58,2.018226196093329e-59,1.43315858143928e-60,1.017704788462272e-61,7.226908136407659e-63,5.13199689071713e-64,3.644377493709501e-65,2.587995015635498e-66,1.837835392307074e-67,1.305127284051941e-68,9.268345124336313e-70,6.581950068731535e-71,0.004228768525136786
57.5,0.003684760861626729,0.0002915966940617437,2.30792056156607e-05,1.826912688792579e-06,1.446331134576563e-07,1.145158458649696e-08,9.06790070189703e-10,7.181036306820379e-11,5.687258639335157e-12,4.504545677152119e-13,3.568027383229423e-14,2.826388406023429e-15,2.239028257986362e-16,1.773818612205386e-17,1.405331550136734e-18,1.113439426288739e-19,8.822080922709712e-21,6.990217917362225e-22,5.538910734011857e-23,4.389053322529972e-24,3.477996741475106e-25,2.756121720997708e-26,2.184126088006985e-27,1.730877657852003e-28,1.371714502596548e-29,1.08709922765128e-30,8.615534176696888e-32,6.828138447457165e-33,5.411642300711666e-34,4.289059945422359e-35,3.399390607850908e-36,2.694298019495127e-37,2.135480054847619e-38,1.692584967749984e-39,1.341560563652073e-40,1.063346302203733e-41,8.428370518540164e-43,6.680620445326921e-44,5.295343177934385e-45,4.197352276596594e-46,3.327059770392118e-47,2.637239348771958e-48,2.090461390544305e-49,1.657060337875458e-50,1.313523897225446e-51,1.041216501983631e-52,8.253676551732112e-54,6.542701765543826e-55,5.186447920319614e-56,4.11136546367137e-57,3.259156853681045e-58,2.583613311392797e-59,2.048107726496847e-60,1.623607586532951e-61,1.28710004801463e-62,1.020343652795611e-63,8.088789320869178e-65,6.412441982680231e-66,5.083539652017046e-67,4.030062666599798e-68,0.004001420743467867
58.5,0.003642293326793032,0.0002886324759975224,2.287277690573331e-05,1.812575061398212e-06,1.43640364694383e-07,1.13830953922595e-08,9.020853176951187e-10,7.148883198473967e-11,5.665420140431512e-12,4.489824463554574e-13,3.558196322684991e-14,2.819900220999132e-15,2.234811270651408e-16,1.771133210274325e-17,1.403669451534102e-18,1.112453084315705e-19,8.816613060055084e-21,6.987552186502044e-22,5.537982013595192e-23,4.389157819437282e-24,3.478676304682319e-25,2.757083972995792e-26,2.185189513767525e-27,1.731934039564499e-28,1.372703373921276e-29,1.087990627590497e-30,8.623363517582249e-32,6.834886516532002e-33,5.417376048221281e-34,4.293878058964025e-35,3.403403695773443e-36,2.697616743735626e-37,2.138208450501718e-38,1.694817082892904e-39,1.343379169476726e-40,1.064822845642244e-41,8.44032310148012e-43,6.690271353868766e-44,5.303118488347359e-45,4.203604551303914e-46,3.332078999824556e-47,2.641262872031662e-48,2.09368264468712e-49,1.659636421771819e-50,1.315582013411953e-51,1.042859379682008e-52,8.266780738205983e-54,6.553147111060587e-55,5.194768950815436e-56,4.117990717108821e-57,3.264429454837911e-58,2.587807686475366e-59,2.051443140304485e-60,1.626259077462594e-61,1.289207241134637e-62,1.022017848842839e-63,8.102087999575451e-65,6.42300339321317e-66,5.091925682161184e-67,4.036720312760898e-68,0.003955767157944971
59.5,0.003453636772232037,0.0002972976031767054,2.568841991009152e-05,2.227637425971849e-06,1.938362575777418e-07,1.692098031693283e-08,1.481592821867514e-09,1.300936059223286e-10,1.145294992241755e-11,1.010705843613358e-12,8.93906632377831e-14,7.922034036481612e-15,7.033630571084343e-16,6.255273668934589e-17,5.571438970318053e-18,4.969103984530872e-19,4.437299732418322e-20,3.966748470991764e-21,3.549570317546982e-22,3.179045090554825e-23,2.849418464333321e-24,2.555743743044581e-25,2.293752314926667e-26,2.059747243448985e-27,1.850515562462858e-28,1.663255726238041e-29,1.495517369186429e-30,1.345151091079793e-31,1.210266431023672e-32,1.089196550643443e-33,9.804684323530141e-35,8.827776268804036e-36,7.949667670640367e-37,7.160072115574101e-38,6.449832998353207e-39,5.810787946200873e-40,5.235651641832139e-41,4.717914186179027e-42,4.251752640586372e-43,3.831953792843615e-44,3.453846520452231e-45,3.113242392848547e-46,2.806383373763563e-47,2.529895664971275e-48,2.280748880924089e-49,2.056219866255441e-50,1.853860569699915e-51,1.67146947253556e-52,1.507066140322085e-53,1.358868526012844e-54,1.225272702491042e-55,1.104834744864376e-56,9.962545187787414e-58,8.983611616613909e-59,8.101000700574403e-60,7.305212287992214e-61,6.587687372347557e-62,5.940714046228147e-63,5.357343014769142e-64,4.831311664388587e-65,0.003779062814230869
60.5,0.003336002088975783,0.0003007499952420456,2.711364601755592e-05,2.444405089289134e-06,2.203745248153733e-07,1.9867926198492e-08,1.791210451036995e-09,1.614892456204053e-10,1.455940072823306e-11,1.312641962676991e-12,1.18345553737157e-13,1.066990308024415e-14,9.619928788812804e-16,8.673334224452504e-17,7.819934897559983e-18,7.05055023927608e-19,6.356904580910932e-20,5.731537906358317e-21,5.167725412302224e-22,4.659405006408295e-23,4.201111959648787e-24,3.787920006365252e-25,3.415388255469563e-26,3.079513339078962e-27,2.77668628155807e-28,2.503653623014225e-29,2.257482377317897e-30,2.035528446195472e-31,1.835408148318207e-32,1.654972555993688e-33,1.492284362420138e-34,1.345597029818568e-35,1.213335993409504e-36,1.094081718417437e-37,9.865544273075184e-39,8.896003325028592e-40,8.021792260921776e-41,7.233532926928916e-42,6.522770248427653e-43,5.881881321967682e-44,5.303993465341063e-45,4.782910342492441e-46,4.313045367150315e-47,3.88936166760062e-48,3.507317965810371e-49,3.162819787908316e-50,2.852175480532085e-51,2.572056559377906e-52,2.319461963001622e-53,2.091685827022176e-54,1.88628843182709e-55,1.701070011083421e-56,1.534047139187104e-57,1.383431443571681e-58,1.247610412844123e-59,1.125130094291856e-60,1.014679494654405e-61,9.150765163957652e-63,8.252552782470499e-64,7.442546836922306e-65,0.003666552346477499
61.5,0.003261866720477458,0.0003009829515813136,2.786026042697548e-05,2.587840486180513e-06,2.412923362204745e-07,2.25916563807129e-08,2.124675429578502e-09,2.007757021153774e-10,1.906891980440914e-11,1.820722161463544e-12,1.748034410901915e-13,1.687746810419963e-14,1.638896304560457e-15,1.600627578669793e-16,1.572183064781757e-17,1.552893965528621e-18,1.542172197089293e-19,1.53950316204706e-20,1.544439271920585e-21,1.556594147147533e-22,1.575637429527653e-23,1.601290148649094e-24,1.633320589699292e-25,1.671540615362901e-26,1.715802399291636e-27,1.765995532945937e-28,1.822044471502594e-29,1.883906288037818e-30,1.951568708369561e-31,2.025048401810025e-32,2.104389505670205e-33,2.189662363700532e-34,2.280962460770089e-35,2.378409538004187e-36,2.482146874336472e-37,2.59234072200547e-38,2.709179884953099e-39,2.832875430379329e-40,2.963660524885826e-41,3.101790387714664e-42,3.247542354566937e-43,3.401216046379907e-44,3.563133638259655e-45,3.733640224516875e-46,3.913104276443779e-47,4.10191819010687e-48,4.300498922019551e-49,4.509288711105489e-50,4.72875588587364e-51,4.959395756203008e-52,5.201731589583835e-53,5.456315672085937e-54,5.723730454727227e-55,6.004589786299844e-56,6.299540234080221e-57,6.609262494205528e-58,6.934472893844704e-59,7.275924987630555e-60,7.634411251150928e-61,8.010764874625175e-62,0.003593564003498799
62.5,0.003004047240474544,0.0003151570753888706,3.306358457043145e-05,3.468768919359049e-06,3.639178449085736e-07,3.81798197264864e-08,4.005593957669977e-09,4.202449381834807e-10,4.409004749883586e-11,4.625739161125786e-12,4.853155429988684e-13,5.091781262240672e-14,5.342170489659953e-15,5.604904366057588e-16,5.880592927709019e-17,6.169876421400313e-18,6.473426803455253e-19,6.791949313277323e-20,7.126184125116744e-21,7.476908081957885e-22,7.844936515616376e-23,8.231125157339654e-24,8.63637214341831e-25,9.061620120540791e-26,9.507858455860143e-27,9.976125556988901e-28,1.046751130739913e-28,1.098315962297744e-29,1.152427113577162e-30,1.209210601126745e-31,1.26879869058496e-32,1.331330207143347e-33,1.39695086146032e-34,1.465813591795691e-35,1.538078923174533e-36,1.613915344429319e-37,1.69349970401164e-38,1.77701762550939e-39,1.864663943851913e-40,1.956643163234789e-41,2.053169937847358e-42,2.154469576540255e-43,2.260778572626938e-44,2.372345160072932e-45,2.489429897389031e-46,2.612306280610539e-47,2.741261386813604e-48,2.876596549692256e-49,3.018628068795831e-50,3.167687954106424e-51,3.324124707719946e-52,3.488304144482439e-53,3.660610253525956e-54,3.841446102745296e-55,4.031234788359169e-56,4.230420431806216e-57,4.439469226339073e-58,4.658870535797615e-59,4.889138048166628e-60,5.13081098665348e-61,0.003356143242114723
63.5,0.002977450146075642,0.0003123667522635675,3.277084773589123e-05,3.438057293671837e-06,3.606958059392568e-07,3.784178500595452e-08,3.970129415308458e-09,4.165241930031348e-10,4.369968507724052e-11,4.584784005868734e-12,4.810186787097582e-13,5.046699885002081e-14,5.294872227870285e-15,5.555279923235143e-16,5.828527606261182e-17,6.115249855147102e-18,6.416112676880901e-19,6.731815066850067e-20,7.063090645984336e-21,7.410709379291568e-22,7.775479379840349e-23,8.1582488024444e-24,8.559907831516794e-25,8.981390767784372e-26,9.423678218787068e-27,9.887799398332163e-28,1.037483454033189e-28,1.088591743272335e-29,1.142223807745387e-30,1.198504548281438e-31,1.257565059471569e-32,1.319542937383267e-33,1.384582602588659e-34,1.452835639269876e-35,1.524461151202956e-36,1.59962613546174e-37,1.678505874725189e-38,1.761284349115668e-39,1.848154668542041e-40,1.939319526570107e-41,2.034991676893883e-42,2.135394433534932e-43,2.240762195953157e-44,2.351341000311693e-45,2.467389098200452e-46,2.589177564188204e-47,2.716990933641362e-48,2.851127872319651e-49,2.99190187933409e-50,3.139642025132181e-51,3.29469372625809e-52,3.457419558723322e-53,3.62820011191472e-54,3.807434885063225e-55,3.995543228397819e-56,4.192965331215315e-57,4.400163259208109e-58,4.617622043509157e-59,4.845850824036357e-60,5.085384049847595e-61,0.003326428776435196
64.5,0.002800972336529472,0.000320089954867162,3.687537893182763e-05,4.282288987655468e-06,5.011988029904768e-07,5.910291168050122e-08,7.019417534690586e-09,8.392336639758175e-10,1.009551501249427e-10,1.22123651120583e-11,1.484757610635e-12,1.813255205581957e-13,2.22322407271438e-14,2.735370870690275e-15,3.375690946321082e-16,4.176820525503204e-17,5.179734726920275e-18,6.435879855216289e-19,8.009851058872387e-20,9.982754855870354e-21,1.245643171869093e-21,1.555875872962758e-22,1.945030860420611e-23,2.433271206899557e-24,3.045915935549402e-25,3.814758806238897e-26,4.77972446571138e-27,5.990948273465322e-28,7.511388199579393e-29,9.420104926384835e-30,1.181638111909245e-30,1.482489457762897e-31,1.860221492435873e-32,2.334496248530702e-33,2.930005468458674e-34,3.677757411269765e-35,4.616692912586522e-36,5.795714951532101e-37,7.276237540714745e-38,9.135386836202289e-39,1.147002137659917e-39,1.440178107804905e-40,1.808342826364765e-41,2.270681139025744e-42,2.851286676849935e-43,3.580417986816826e-44,4.496076130730821e-45,5.645986030435653e-46,7.090084897817068e-47,8.903647539944198e-48,1.118121155316073e-48,1.404150714865052e-49,1.763364876352329e-50,2.214491144090463e-51,2.781049764531246e-52,3.492580403086475e-53,4.386182811963189e-54,5.508451868364142e-55,6.917907940789208e-56,8.688049388421372e-57,0.003162788234540937
65.5,0.002616874810889029,0.0003285627226012258,4.125302798017148e-05,5.179592178852268e-06,6.503355352650146e-07,8.165477357988528e-08,1.025245423036205e-08,1.287289590597011e-09,1.616318058891404e-10,2.029455506156097e-11,2.548205073737779e-12,3.199567984172628e-13,4.017449488783394e-14,5.044424378237627e-15,6.333954022152788e-16,7.953170428665795e-17,9.986372357972016e-18,1.253941562496186e-18,1.574522631902058e-19,1.977072418240361e-20,2.482551687240196e-21,3.117281811729948e-22,3.914315867264971e-23,4.915160453450754e-24,6.171937965793539e-25,7.750101999223243e-26,9.731847394763798e-27,1.222039264835446e-27,1.534535787343871e-28,1.926951861769573e-29,2.419728755709505e-30,3.038536616738773e-31,3.815612160154856e-32,4.791438608119347e-33,6.016855455031439e-34,7.555708044710408e-35,9.488175091260032e-36,1.191494762536849e-36,1.496247724507805e-37,1.878956731053764e-38,2.359565075453988e-39,2.963118613793217e-40,3.721071404967512e-41,4.672925469842297e-42,5.86829018044175e-43,7.369468676871239e-44,9.254706199033449e-45,1.162226974635e-45,1.459557184310407e-46,1.832960565236066e-47,2.301902708971136e-48,2.890830550899809e-49,3.630447244936207e-50,4.559313347812366e-51,5.72585784108267e-52,7.190903902323575e-53,9.030841195020339e-54,1.134161018108947e-54,1.424370633161324e-55,1.788846533176811e-56,0.00299261386854241
66.5,0.002596618035342987,0.000326019375362437,4.093369542176565e-05,5.139497851163965e-06,6.453014003065292e-07,8.10226980928242e-08,1.017309175445134e-08,1.277324904403015e-09,1.603806420201722e-10,2.013745841903983e-11,2.528479858756456e-12,3.17480068149923e-13,3.986351106765564e-14,5.005376361128163e-15,6.284923978983807e-16,7.891606311199218e-17,9.909069575839341e-18,1.244235017623025e-18,1.562334524387749e-19,1.961768242416621e-20,2.463334683774606e-21,3.093151472093058e-22,3.884015824783167e-23,4.8771130460379e-24,6.124162060909996e-25,7.690109799365639e-26,9.656514846372964e-27,1.212579670133698e-27,1.522657211080975e-28,1.912035660509401e-29,2.400998053697032e-30,3.015015830044056e-31,3.786076166007416e-32,4.754348910124073e-33,5.970280017055424e-34,7.497220614850848e-35,9.414728768048303e-36,1.182271607547333e-36,1.484665529520673e-37,1.864412051803803e-38,2.341300090090199e-39,2.940181624822193e-40,3.692267234463228e-41,4.636753161563698e-42,5.82286476057466e-43,7.312422893763933e-44,9.183067118157934e-45,1.153230376532267e-45,1.448259004452446e-46,1.818771934354591e-47,2.284084078018509e-48,2.868453131327598e-49,3.602344580389014e-50,4.524020491330882e-51,5.681534965333048e-52,7.135240358268505e-53,8.960935014442552e-54,1.12538167372407e-54,1.413344826313299e-55,1.774999381391753e-56,0.00296944856190306
67.5,0.002372224534019703,0.0003352034655331964,4.79093890393138e-05,6.922848985435433e-06,1.010658635097704e-06,1.489419131958254e-07,2.213701858785315e-08,3.315063406836839e-09,4.997124479074115e-10,7.575465067849144e-11,1.153971571718488e-11,1.765022243488292e-12,2.708857256947135e-13,4.169203804149833e-14,6.431877681875116e-15,9.941679426465606e-16,1.539104416755354e-16,2.38581785920208e-17,3.702232506016871e-18,5.7499234750362e-19,8.936400170042806e-20,1.389659291419729e-20,2.161985842702535e-21,3.364793632473394e-22,5.238349976847936e-23,8.157109561366405e-24,1.270468008329298e-24,1.97906750674524e-25,3.083286043387239e-26,4.804108173603099e-27,7.485984933977659e-28,1.166582445490627e-28,1.818053594589447e-29,2.833467252035188e-30,4.416175941699277e-31,6.883166487455802e-32,1.072856324296452e-32,1.672262091498623e-33,2.606604149145865e-34,4.063053529222905e-35,6.333382753731554e-36,9.8724252145631e-37,1.538920724819967e-37,2.398901408529375e-38,3.739485755160136e-39,5.829272506723264e-40,9.086979498537441e-41,1.416534739652115e-41,2.208193980995284e-42,3.442305233832978e-43,5.366159492696362e-44,8.365265374688523e-45,1.304060488363935e-45,2.032907193187081e-46,3.169123163930061e-47,4.940403130559904e-48,7.701712938953051e-49,1.20064303258331e-49,1.871725234369051e-50,2.91790990000235e-51,0.002763445879299959
68.5,0.002194081066184448,0.0003419675066366914,5.329897821521599e-05,8.307202307277778e-06,1.29476975513671e-06,2.018051073382731e-07,3.145383482446414e-08,4.902491899616165e-09,7.641207534289483e-10,1.190992225200319e-10,1.85634063550972e-11,2.893398312460557e-12,4.509834209138958e-13,7.029342801880012e-14,1.09564700765175e-14,1.707766033023282e-15,2.661876239873852e-16,4.149054271400101e-17,6.467138063700737e-18,1.008038000299587e-18,1.571243246070711e-19,2.449129139242001e-20,3.817523178172546e-21,5.95049930550198e-22,9.275276351984902e-23,1.445779371742533e-23,2.2536107230026e-24,3.512832816260309e-25,5.475676221553487e-26,8.535318495083182e-27,1.33046479927532e-27,2.073904366802546e-28,3.232776924602445e-29,5.03923274056014e-30,7.855154994407949e-31,1.224466074251304e-31,1.908712006223758e-32,2.975333817437247e-33,4.638020142392888e-34,7.229881770976948e-35,1.127019389333615e-35,1.756844007846066e-36,2.738650622696809e-37,4.269152531246065e-38,6.655003937760409e-39,1.037424644931696e-39,1.617209926678359e-40,2.521028898919533e-41,3.929984452753074e-42,6.126400967196397e-43,9.550400284770583e-44,1.488810070196709e-44,2.320911506713747e-45,3.618090462385103e-46,5.640294893698926e-47,8.792770657626928e-48,1.370727796640861e-48,2.136870622317472e-49,3.33124647033604e-50,5.193221279455635e-51,0.002599188589743869
69.5,0.002179430106911582,0.00033968402126799,5.294307470228225e-05,8.251731028412496e-06,1.286123940156301e-06,2.004575553019164e-07,3.124380208679961e-08,4.869755548045649e-09,7.590183430346468e-10,1.183039383869777e-10,1.843944935338664e-11,2.874077667708926e-12,4.479719826245912e-13,6.982404419933881e-14,1.088330833270619e-14,1.696362438606001e-15,2.644101581963139e-16,4.121348993738276e-17,6.423953799525829e-18,1.001306834384386e-18,1.560751281502612e-19,2.432775098442851e-20,3.792031696809969e-21,5.910764892621005e-22,9.213340766207392e-23,1.436125191220488e-23,2.23856225490884e-24,3.489375902422158e-25,5.439112436126503e-26,8.478323972146135e-27,1.321580630915004e-27,2.060055886506109e-28,3.211190081804984e-29,5.005583303086603e-30,7.802702257962224e-31,1.216289711553796e-31,1.895966596631648e-32,2.955466048987719e-33,4.607049798926459e-34,7.181604291622724e-35,1.119493726117547e-35,1.745112695633208e-36,2.720363304441284e-37,4.240645298387206e-38,6.610565200671064e-39,1.030497249925278e-39,1.606411019957633e-40,2.50419474803375e-41,3.903742012103236e-42,6.085491972336087e-43,9.486627561069421e-44,1.478868552520054e-44,2.305413638159638e-45,3.593930691432734e-46,5.602631868367668e-47,8.734056999874732e-48,1.361574772428455e-48,2.122601685339037e-49,3.309002097911987e-50,5.158543584710019e-51,0.002581832528129856
70.5,0.002046664023511524,0.0003412204878821485,5.77139094023896e-05,9.919021467767545e-06,1.734285387704206e-06,3.086926520211669e-07,5.593812022322623e-08,1.031372149870705e-08,1.932684398695267e-09,3.675189060893289e-10,7.079514438461806e-11,1.37889561811505e-11,2.710733725353178e-12,5.369781614912849e-13,1.070316598326452e-13,2.143964560596259e-14,4.311480969286574e-15,8.697104965502811e-16,1.758609936449154e-16,3.562691462849246e-17,7.227989347164229e-18,1.468060759084747e-18,2.984325870801691e-19,6.07068508510803e-20,1.235525288319149e-20,2.515571050618514e-21,5.123337542463902e-22,1.04368724823995e-22,2.126500456007275e-23,4.333316296230211e-24,8.83123416531429e-25,1.799939939258478e-25,3.668784415135591e-26,7.478384400818468e-27,1.524439110353919e-27,3.107602642101746e-28,6.335067211023343e-29,1.291472630811492e-29,2.632848124974847e-30,5.367496787926186e-31,1.094264266296184e-31,2.230880747669957e-32,4.548138200103753e-33,9.272432559455835e-34,1.890410499964409e-34,3.854079907727801e-35,7.857552155050644e-36,1.601974671557001e-36,3.266071733716346e-37,6.658821990854992e-38,1.357596265991447e-38,2.767867871278072e-39,5.64314906390098e-40,1.150533067164487e-40,2.345730294299524e-41,4.782537849865812e-42,9.750796784898831e-43,1.988030905496759e-43,4.053288181341551e-44,8.264054030952185e-45,0.002457629060314267
71.5,0.001712785344328248,0.0003491450058472796,7.117218587809596e-05,1.450829383133924e-05,2.957494485724209e-06,6.028830884095834e-07,1.228977157929563e-07,2.505278818252055e-08,5.107047091636026e-09,1.041082612931649e-09,2.122276933795573e-10,4.326337924421686e-11,8.819426435265107e-12,1.797884378509198e-12,3.665090340000643e-13,7.47152255407147e-14,1.523123213731144e-14,3.105006080372471e-15,6.32981999486017e-16,1.290392252145615e-16,2.630592699350146e-17,5.362742521595714e-18,1.093255694062745e-18,2.228732836093919e-19,4.54355439520921e-20,9.262642522884701e-21,1.888319690180172e-21,3.849617514328852e-22,7.848037653676588e-23,1.599948510182361e-23,3.261762696239498e-24,6.649670696021863e-25,1.355655477749391e-25,2.763757538348382e-26,5.634455519259051e-27,1.14869669688097e-27,2.341856005496191e-28,4.774373568461685e-29,9.733611209704898e-30,1.984417176209019e-30,4.045696867756364e-31,8.248121998650773e-32,1.681582515911687e-32,3.428330293117435e-33,6.989538324333984e-34,1.425002681714058e-34,2.905254784760239e-35,5.923168895482021e-36,1.207606247705424e-36,2.46205598985422e-37,5.019631470990641e-38,1.023403910689595e-38,2.08652521225691e-39,4.254039548114764e-40,8.673227268863697e-41,1.768321564396247e-41,3.605313779238782e-42,7.350657681460712e-43,1.49868592400203e-43,3.055598967156157e-44,0.002151325572661517
72.5,0.001703099496179311,0.0003471705812529802,7.076970521282996e-05,1.442624903137884e-05,2.940769773205561e-06,5.994737679916841e-07,1.222027258358298e-07,2.491111397749133e-08,5.078166600112167e-09,1.035195262171237e-09,2.110275399465068e-10,4.301872364673813e-11,8.769552336624801e-12,1.787717292985459e-12,3.64436415349809e-13,7.42927088888777e-14,1.514509910138155e-14,3.08744718573596e-15,6.294024688995746e-16,1.283095048530322e-16,2.615716625408958e-17,5.332416065394981e-18,1.087073303096055e-18,2.216129290713034e-19,4.517860470355073e-20,9.21026202509982e-21,1.877641190485913e-21,3.827847821589033e-22,7.803656785266894e-23,1.590900757428601e-23,3.243317338636303e-24,6.612066625660449e-25,1.347989208801424e-25,2.748128413586445e-26,5.602592518596299e-27,1.142200785521137e-27,2.328612745486388e-28,4.747374354845363e-29,9.678567371064985e-30,1.973195242592787e-30,4.022818340889305e-31,8.201478642285425e-32,1.672073120614158e-32,3.408942991180564e-33,6.950012293202961e-34,1.416944252423652e-34,2.888825489184848e-35,5.889673212749717e-36,1.200777201218239e-36,2.448132995632628e-37,4.99124531720164e-38,1.017616533475752e-38,2.074725854893319e-39,4.229982837669961e-40,8.624179930523471e-41,1.758321657398005e-41,3.584925630828576e-42,7.309089510450126e-43,1.490210813953416e-43,3.038319471101423e-44,0.002139159767480657
73.5,0.001694035697482028,0.0003453229591562355,7.039307286495242e-05,1.434947335416762e-05,2.925119163655631e-06,5.962834026785779e-07,1.215523698761692e-07,2.477853844510257e-08,5.051140886160676e-09,1.029686011836921e-09,2.099044633758495e-10,4.278978044510908e-11,8.722881277639251e-12,1.778203163184106e-12,3.624969054655659e-13,7.389732731571939e-14,1.506449774496446e-14,3.071015967335172e-15,6.260528247416875e-16,1.276266489626134e-16,2.601795930232295e-17,5.304037250243365e-18,1.081287960777209e-18,2.204335176615045e-19,4.493816673772684e-20,9.161245534206602e-21,1.867648490814249e-21,3.807476233096092e-22,7.762126167494412e-23,1.582434074040439e-23,3.22605658814301e-24,6.576877582975367e-25,1.340815286865509e-25,2.733503030400725e-26,5.572775839720299e-27,1.13612205787483e-27,2.316220000836791e-28,4.722109098417598e-29,9.627058585743734e-30,1.962694009688065e-30,4.001409130376736e-31,8.1578308392061e-32,1.663174442523782e-32,3.390800790380262e-33,6.913024722887469e-34,1.409403355665683e-34,2.873451324161438e-35,5.858328706740002e-36,1.194386733217665e-36,2.435104171006489e-37,4.964682193376312e-38,1.012200836136202e-38,2.063684281841956e-39,4.20747110948285e-40,8.57828253521876e-41,1.748963969498102e-41,3.565846860424704e-42,7.270190951598022e-43,1.482279996720198e-43,3.022149707604999e-44,0.002127775280809581
74.5,0.0014723361136757,0.0003377073064376948,7.978675045775861e-05,1.945294319890723e-05,4.894289561211839e-06,1.268267795447895e-06,3.3735398438775e-07,9.172961251411853e-08,2.538746790118493e-08,7.12360654520344e-09,2.019722052958839e-09,5.770595220803478e-10,1.65798371914128e-10,4.782887427538642e-11,1.383726009827199e-11,4.011415941926899e-12,1.164590019363327e-12,3.384474212985804e-13,9.842855444549213e-14,2.863982031406176e-14,8.336306295443339e-15,2.42708781219183e-15,7.067627705894652e-16,2.05833318830153e-16,5.995090566698232e-17,1.746235554995319e-17,5.086618544526456e-18,1.481730969380263e-18,4.316379228774214e-19,1.257410896692577e-19,3.663029138015209e-20,1.067106464832258e-20,3.108697320087601e-21,9.056320759560588e-22,2.638319415213325e-22,7.68607919733464e-23,2.239154286424601e-23,6.523260307080574e-24,1.900407844413417e-24,5.536435650124221e-25,1.612927993098778e-25,4.698951286247913e-26,1.368951674635232e-26,3.988195890956245e-27,1.161892690564436e-27,3.384984767088995e-28,9.861626935305848e-29,2.873039277777392e-29,8.370197288827952e-30,2.438546027763172e-30,7.104399035050425e-31,2.069783201623314e-31,6.030085735930623e-32,1.756803669883686e-32,5.118280500170151e-33,1.49116617124396e-33,4.344392998766284e-34,1.265707247788382e-34,3.6875551551361e-35,1.07434774152698e-35,0.001915910095697433
75.5,0.00112126437173214,0.0003266216288950191,9.51443865628257e-05,2.771549938747939e-05,8.073531602606127e-06,2.351828722098561e-06,6.850923609276716e-07,1.995693534371224e-07,5.813529245993635e-08,1.693507617899377e-08,4.933279538211864e-09,1.437095297889244e-09,4.186361046999399e-10,1.219520366976698e-10,3.552570419137393e-11,1.034898098742833e-11,3.014766876837686e-12,8.782357848745133e-13,2.558407779193399e-13,7.452974660724114e-14,2.171154645575682e-14,6.324891843944724e-15,1.842538946165906e-15,5.367616423916494e-16,1.563678588832355e-16,4.555276273347284e-17,1.327037408852685e-17,3.865919599250291e-18,1.126221136050908e-18,3.280920670481509e-19,9.558043045592902e-20,2.784475666284271e-20,8.111834105951883e-21,2.363174973239399e-21,6.884523362240723e-22,2.00564033325874e-22,5.842966614508561e-23,1.702217005372454e-23,4.959039995822671e-24,1.44471259692188e-24,4.208879255749616e-25,1.226175485978274e-25,3.572234358497112e-26,1.04070683079035e-26,3.031921908369597e-27,8.833010730168279e-28,2.573360568254838e-28,7.49710614182761e-29,2.184176887240401e-29,6.363310002079069e-30,1.853870862304628e-30,5.401035047988478e-31,1.573532178194862e-31,4.584324740759036e-32,1.335599443075812e-32,3.891151948291973e-33,1.133655902603159e-33,3.302823881279585e-34,9.62256103386162e-35,2.803477178561966e-35,0.001582137940076845
76.5,0.001116395553750314,0.0003252033538654105,9.473124519149031e-05,2.759515156836104e-05,8.038474254103304e-06,2.341616477545888e-06,6.821175138798305e-07,1.987027720303352e-07,5.788285408372149e-08,1.686153972719649e-08,4.911857970978866e-09,1.430855060881489e-09,4.168182791756559e-10,1.214224896219194e-10,3.537144245636779e-11,1.030404305307899e-11,3.001675984492393e-12,8.744222594567079e-13,2.547298515299692e-13,7.420611929898941e-14,2.161726934282782e-14,6.297427538541596e-15,1.834538168669117e-15,5.344308854334182e-16,1.556888694653035e-16,4.535496093408458e-17,1.321275071475643e-17,3.849132783102688e-18,1.121330794524897e-18,3.266674069982909e-19,9.516539566997962e-20,2.772384757542548e-20,8.076610438138703e-21,2.352913460349147e-21,6.854628993002371e-22,1.996931327634529e-22,5.817594952269812e-23,1.694825541794668e-23,4.937506570064255e-24,1.438439283644659e-24,4.190603220658917e-25,1.220851116984204e-25,3.556722799119657e-26,1.036187814348462e-26,3.018756524469849e-27,8.794655528165135e-28,2.562186375509301e-28,7.46455178077304e-29,2.17469263002847e-29,6.335678875162772e-30,1.845820878716523e-30,5.377582366154405e-31,1.566699497198907e-31,4.564418424911456e-32,1.329799927146381e-32,3.874255566802037e-33,1.128733277410609e-33,3.288482171412241e-34,9.580777401585397e-35,2.791303760371985e-35,0.00157526789065177
77.5,0.001111906069282078,0.0003238955777807667,9.435029199572104e-05,2.748418014434507e-05,8.006148251737144e-06,2.332199877156187e-06,6.793744395512134e-07,1.979037066759194e-07,5.765008338384442e-08,1.679373255933248e-08,4.89210537522836e-09,1.425101005743465e-09,4.151420818958032e-10,1.209341999835194e-10,3.522919937684864e-11,1.026260626923348e-11,2.989605014068166e-12,8.709058488625212e-13,2.537054783065199e-13,7.390770605386157e-14,2.153033743537417e-14,6.272102999197855e-15,1.827160738163451e-15,5.322817196189911e-16,1.55062780657449e-16,4.517257003151697e-17,1.315961682424844e-17,3.833653841263599e-18,1.116821463429066e-18,3.253537433554441e-19,9.478269657704737e-20,2.761235861197388e-20,8.044131074533032e-21,2.343451430157559e-21,6.827063718045632e-22,1.988900847622821e-22,5.794200016583303e-23,1.68800995307193e-23,4.917650830775749e-24,1.432654729235847e-24,4.173751086118892e-25,1.215941573848425e-25,3.542419757773041e-26,1.032020878101658e-26,3.006616866187921e-27,8.759288610709643e-28,2.551882773081885e-28,7.434533756095726e-29,2.165947298901967e-29,6.310200511503735e-30,1.838398075805577e-30,5.355956901570274e-31,1.560399155858922e-31,4.546063026095753e-32,1.324452256154026e-32,3.8586755959443e-33,1.124194177894588e-33,3.275257835662213e-34,9.542249165608863e-35,2.780078782955851e-35,0.001568933092286948
78.5,0.001107788639896118,0.0003226961804514594,9.400090936748516e-05,2.738240520660377e-05,7.976501188023073e-06,2.323563654571003e-06,6.768586908213898e-07,1.97170861915045e-07,5.743660298834578e-08,1.673154474522653e-08,4.873989727704117e-09,1.419823803899608e-09,4.136047953798206e-10,1.204863761587053e-10,3.509874434582983e-11,1.022460345784783e-11,2.978534395895097e-12,8.676808522251449e-13,2.527659975170741e-13,7.363402307904735e-14,2.14506097978559e-14,6.248877169324155e-15,1.820394694228601e-15,5.303106606828854e-16,1.54488577433466e-16,4.500529433042535e-17,1.31108862754035e-17,3.819457678999811e-18,1.112685832156395e-18,3.241489463849689e-19,9.44317127386203e-20,2.751010902461611e-20,8.014343359018365e-21,2.334773542654582e-21,6.801782848061118e-22,1.98153587406795e-22,5.772743879167102e-23,1.681759189651724e-23,4.8994405874828e-24,1.427349555673928e-24,4.158295531152123e-25,1.21143889713311e-25,3.529302046114646e-26,1.028199266539483e-26,2.995483252495927e-27,8.726852640332087e-28,2.542433056590818e-28,7.407003402045195e-29,2.157926715776003e-29,6.286833605129942e-30,1.83159041959294e-30,5.336123594651901e-31,1.55462093995053e-31,4.529228786215969e-32,1.319547760360319e-32,3.844386777195527e-33,1.120031245186991e-33,3.263129434503416e-34,9.506913863277059e-35,2.769784048182417e-35,0.001563123274895664
79.5,0.000929750423713923,0.0002910461064715208,9.549214508180138e-05,3.349276117156986e-05,1.276429538328791e-05,5.312197033861288e-06,2.392131876565904e-06,1.144456233392286e-06,5.705934712760848e-07,2.919216125628698e-07,1.516539039971498e-07,7.947973784594757e-08,4.186087401861103e-08,2.210842907240978e-08,1.169421918374774e-08,6.19086589730136e-09,3.278944932377696e-09,1.737115901263692e-09,9.204188571265222e-10,4.87726995777422e-10,2.58456553564707e-10,1.369649559233364e-10,7.258350979196143e-11,3.84654257298001e-11,2.038476997488557e-11,1.080296621931744e-11,5.725082272868897e-12,3.034042954988683e-12,1.607914190020368e-12,8.521284951518609e-13,4.515941894081918e-13,2.393275058598963e-13,1.268346405865134e-13,6.721777601354431e-14,3.562307278701522e-14,1.887902645302733e-14,1.00052693668906e-14,5.302478864192675e-15,2.810153698064577e-15,1.489299917625764e-15,7.892874878934008e-16,4.183013143478475e-16,2.216890260733206e-16,1.174897863897241e-16,6.226686244319576e-17,3.300006520764928e-17,1.748934551130791e-17,9.269008031245013e-18,4.912401983008582e-18,2.603487359786385e-18,1.379805850722445e-18,7.312761698833752e-19,3.875661049007685e-19,2.054050327677222e-19,1.088622471592363e-19,5.769583050838057e-20,3.057823970068202e-20,1.620620942501953e-20,8.589172495979829e-21,4.552208150354255e-21,0.001372576994124574
80.5,0.0003599643521885485,0.0001907536372328492,0.0001010851223099683,5.356766675892476e-05,2.838698657455299e-05,1.504308549740671e-05,7.971785808828024e-06,4.22450065093078e-06,2.238701554164252e-06,1.18636431827879e-06,6.286964444288731e-07,3.331693040928155e-07,1.765590589183905e-07,9.356557089886588e-08,4.958418485381404e-08,2.627673011976149e-08,1.39251696991864e-08,7.379563978459756e-09,3.910766938811638e-09,2.072498340803265e-09,1.098316400243653e-09,5.820519695535866e-10,3.084587341737527e-10,1.634682420415498e-10,8.663047996013434e-11,4.591018618371079e-11,2.433035185480963e-11,1.28940314196281e-11,6.833293186299273e-12,3.621365654965048e-12,1.919179924739007e-12,1.017091425107529e-12,5.390204940178746e-13,2.856613891319727e-13,1.513905574152053e-13,8.023188718204028e-14,4.25202882130449e-14,2.253441878756302e-14,1.194256157930706e-14,6.329211103009754e-15,3.354305653524832e-15,1.777692520620913e-15,9.421316885123693e-16,4.993068570013556e-16,2.646210563329583e-16,1.4024332962682e-16,7.432603639078399e-17,3.939133272853412e-17,2.087667421985623e-17,1.106427316694637e-17,5.863884375074992e-18,3.107769766449804e-18,1.647074351545892e-18,8.729281453465261e-19,4.626416316606802e-19,2.451951329589254e-19,1.299510810918949e-19,6.887297816348785e-20,3.650217482965425e-20,1.93459262627433e-20,0.0007657596787848151
81.5,0.0003589706401911619,0.000190227045705908,0.0001008060682920193,5.341978869042523e-05,2.830862190050327e-05,1.500155778932785e-05,7.949779020792867e-06,4.212838560075753e-06,2.232521429439642e-06,1.183089259375938e-06,6.269608747933109e-07,3.322495620888503e-07,1.760716527237834e-07,9.330727523770059e-08,4.944730352356488e-08,2.620419098689089e-08,1.388672809208951e-08,7.359192068807348e-09,3.899970936367365e-09,2.066777034086926e-09,1.095284405055207e-09,5.804451659305863e-10,3.076072077851437e-10,1.630169741526028e-10,8.639132920325445e-11,4.578344723710228e-11,2.426318586353367e-11,1.285843635684352e-11,6.814429303307529e-12,3.611368569208136e-12,1.913881866459731e-12,1.014283658323339e-12,5.375324824175978e-13,2.848727967398522e-13,1.509726309947698e-13,8.001040028095972e-14,4.24029073661007e-14,2.247221062120658e-14,1.190959312937938e-14,6.311738781184522e-15,3.34504580945821e-15,1.77278505027096e-15,9.395308544122688e-16,4.97928478250341e-16,2.638905475566302e-16,1.398561760702074e-16,7.412085308963024e-17,3.928258962748155e-17,2.081904239739471e-17,1.103372930636266e-17,5.847696626984459e-18,3.099190505522273e-18,1.642527463683893e-18,8.705183534723778e-19,4.613644703610223e-19,2.445182510848157e-19,1.295923401566629e-19,6.868284849014479e-20,3.640140749300443e-20,1.929252019930687e-20,0.0007636457345142322
82.5,0.0003580911772927976,0.0001897609974829259,0.0001005590976847696,5.328891246565462e-05,2.823926697316976e-05,1.496480460671003e-05,7.930302398149683e-06,4.202517283638175e-06,2.2270518462839e-06,1.180190740687835e-06,6.254248471454424e-07,3.314355647026034e-07,1.756402846154004e-07,9.307867635653472e-08,4.932615971957583e-08,2.613999182636245e-08,1.385270619511718e-08,7.34116235923832e-09,3.890416172386087e-09,2.061713517695435e-09,1.092601004549553e-09,5.790230998036761e-10,3.068535831255548e-10,1.626175894550283e-10,8.617967409760513e-11,4.567127972618042e-11,2.420374208353056e-11,1.282693373116694e-11,6.797734239492296e-12,3.602520868830054e-12,1.909192936767579e-12,1.011798706224087e-12,5.362155505518043e-13,2.841748704265676e-13,1.506027544289377e-13,7.981437818151182e-14,4.229902203500116e-14,2.241715465486054e-14,1.188041512951195e-14,6.296275287904775e-15,3.336850588586717e-15,1.768441801815715e-15,9.372290435235439e-16,4.967085745210916e-16,2.632440268671343e-16,1.395135343491591e-16,7.393926013190888e-17,3.918634894297697e-17,2.076803662333412e-17,1.100669713584761e-17,5.833370017372089e-18,3.091597619755572e-18,1.638503340811098e-18,8.683856202944867e-19,4.602341469059062e-19,2.439191917030023e-19,1.292748443998531e-19,6.851457841388188e-20,3.631222558297052e-20,1.924525434012071e-20,0.0007617748347363506
83.5,0.000357324591675839,0.0001893547656052518,0.0001003438252546519,5.317483393920678e-05,2.817881361026164e-05,1.493276862062729e-05,7.913325560567378e-06,4.193520722122723e-06,2.222284273046016e-06,1.177664241001586e-06,6.240859655345218e-07,3.307260422319005e-07,1.752642817298712e-07,9.287941767867554e-08,4.922056447741796e-08,2.608403249803439e-08,1.382305093970036e-08,7.325446726368232e-09,3.882087743005945e-09,2.057299893375217e-09,1.09026201306282e-09,5.777835529833605e-10,3.061966846643457e-10,1.622694649743216e-10,8.599518449599912e-11,4.557350868805859e-11,2.415192779227076e-11,1.279947440367851e-11,6.783181953297209e-12,3.594808752872002e-12,1.905105821702667e-12,1.009632692692806e-12,5.350676442231705e-13,2.835665215417475e-13,1.502803507710416e-13,7.964351512143039e-14,4.220847017569931e-14,2.23691650102637e-14,1.185498206681929e-14,6.282796502661843e-15,3.329707207712355e-15,1.764656000501231e-15,9.352226653994227e-16,4.956452429642337e-16,2.626804857984258e-16,1.392148699988904e-16,7.378097426244345e-17,3.9102460555366e-17,2.072357733704765e-17,1.098313448965693e-17,5.820882199080878e-18,3.084979265495505e-18,1.634995705957037e-18,8.665266190995287e-19,4.59248898176467e-19,2.433970203792819e-19,1.289980985802529e-19,6.836790546102921e-20,3.623448999042647e-20,1.920405495821083e-20,0.000760144061154927
84.5,0.0003566696941505506,0.0001890077198930747,0.0001001599170536265,5.307737614322612e-05,2.81271680316229e-05,1.490540013426173e-05,7.898822172199638e-06,4.185834919334044e-06,2.218211313880007e-06,1.175505841006119e-06,6.229421529788869e-07,3.301198940079838e-07,1.749430607810467e-07,9.270919009791275e-08,4.913035398919376e-08,2.603622619326145e-08,1.379771632220346e-08,7.312020790833729e-09,3.874972728492323e-09,2.053529314354534e-09,1.088263802161851e-09,5.767246025841551e-10,3.056354933673854e-10,1.619720606715747e-10,8.583757420321449e-11,4.548998245237872e-11,2.410766261122647e-11,1.277601577724408e-11,6.770749870036545e-12,3.588220257674678e-12,1.901614181000877e-12,1.007782257633764e-12,5.340869827063676e-13,2.830468063652979e-13,1.50004919882398e-13,7.949754604408896e-14,4.213111131681237e-14,2.232816724199006e-14,1.183325448747332e-14,6.271281516071671e-15,3.323604585443793e-15,1.761421773485695e-15,9.335086075835553e-16,4.947368340536796e-16,2.621990501399279e-16,1.389597197070561e-16,7.364574993536522e-17,3.903079433018314e-17,2.06855955696873e-17,1.096300481550419e-17,5.810213799995065e-18,3.079325175814565e-18,1.631999117794249e-18,8.649384660541879e-19,4.584071957750264e-19,2.429509270791775e-19,1.287616733873186e-19,6.824260210061504e-20,3.61680801256211e-20,1.916885814175705e-20,0.0007587508839818183
85.5,0.0003561254736145279,0.0001887193245392794,0.0001000070891441045,5.299638861171143e-05,2.808425050116259e-05,1.488265689315172e-05,7.886769841129742e-06,4.17944800908946e-06,2.214826680506193e-06,1.173712208327533e-06,6.219916435356524e-07,3.296161841929493e-07,1.746761258329052e-07,9.256773079829525e-08,4.90553889780883e-08,2.599649910344341e-08,1.377666322827394e-08,7.300863824207574e-09,3.869060143907877e-09,2.05039595920122e-09,1.086603286790177e-09,5.758446136826489e-10,3.051691428061915e-10,1.617249173815082e-10,8.57065998832487e-11,4.542057206220566e-11,2.407087819897138e-11,1.275652163387122e-11,6.760418795700881e-12,3.582745211198834e-12,1.898712623885525e-12,1.006244544142995e-12,5.332720519489237e-13,2.826149225041074e-13,1.497760365226864e-13,7.937624558646616e-14,4.206682602327577e-14,2.229409805320242e-14,1.181519884606146e-14,6.261712550038957e-15,3.318533299885524e-15,1.758734127415815e-15,9.320842237260738e-16,4.939819452884308e-16,2.617989765986318e-16,1.387476895447383e-16,7.353337837657308e-17,3.89712396212742e-17,2.065403268084783e-17,1.094627703499758e-17,5.801348349073667e-18,3.074626621310905e-18,1.629508949862292e-18,8.636187091941501e-19,4.577077401893879e-19,2.425802230750791e-19,1.285652038019871e-19,6.81384748756114e-20,3.611289345774405e-20,1.91396095500658e-20,0.0007575931522777785
86.5,0.0003556910932186416,0.0001884891360776885,9.988510652226903e-05,5.293174680995532e-05,2.804999502449864e-05,1.486450392496479e-05,7.877150034461372e-06,4.174350170222876e-06,2.212125168366288e-06,1.172280584892863e-06,6.212329756043349e-07,3.292141382310949e-07,1.744630664189828e-07,9.245482225754329e-08,4.899555417023715e-08,2.596479014014574e-08,1.375985928452246e-08,7.291958670397374e-09,3.864340897458135e-09,2.047895009748093e-09,1.085277913569621e-09,5.751422331179522e-10,3.04796915872468e-10,1.615276550713351e-10,8.560206013659856e-11,4.536517078502801e-11,2.404151799203286e-11,1.27409619973723e-11,6.752172844174225e-12,3.578375194453319e-12,1.896396688625781e-12,1.005017187675043e-12,5.326215988300008e-13,2.822702058493993e-13,1.495933487374555e-13,7.927942722457869e-14,4.201551544345068e-14,2.226690505563338e-14,1.180078737838367e-14,6.254074890343331e-15,3.314485552910462e-15,1.756588929492255e-15,9.309473235487511e-16,4.933794158743541e-16,2.61479649980563e-16,1.385784534726849e-16,7.344368679207102e-17,3.892370485123084e-17,2.062884013620481e-17,1.093292542579175e-17,5.794272213893092e-18,3.070876377006808e-18,1.627521373024394e-18,8.625653191263552e-19,4.571494558651422e-19,2.422843383346139e-19,1.284083877125402e-19,6.805536366935278e-20,3.606884512613345e-20,1.911626420751255e-20,0.0007566690857961897
87.5,0.0003553658872122345,0.0001883168017112577,9.97937822321451e-05,5.288335166506585e-05,2.802434910016834e-05,1.485091340765689e-05,7.869948008452256e-06,4.170533589560376e-06,2.210102637003003e-06,1.171208776532547e-06,6.206649864168181e-07,3.289131399289505e-07,1.743035559949739e-07,9.237029142702027e-08,4.895075786016033e-08,2.594105070480521e-08,1.374727873647965e-08,7.285291680969488e-09,3.860807756216716e-09,2.046022632929116e-09,1.084285651174408e-09,5.746163843904624e-10,3.045182420747094e-10,1.613799714080902e-10,8.552379474101238e-11,4.532369371039153e-11,2.401953699165582e-11,1.272931302035841e-11,6.745999377345605e-12,3.575103509756684e-12,1.894662825716562e-12,1.00409830712896e-12,5.321346264363036e-13,2.820121280731431e-13,1.494565765313042e-13,7.920694257031134e-14,4.197710093646698e-14,2.224654657208897e-14,1.178999799678558e-14,6.248356831168859e-15,3.311455140762097e-15,1.754982891889544e-15,9.300961645879606e-16,4.929283223481486e-16,2.61240580871586e-16,1.384517521121868e-16,7.33765377165591e-17,3.888811716615648e-17,2.060997932454717e-17,1.092292952461837e-17,5.788974549254762e-18,3.068068695111546e-18,1.626033341032159e-18,8.617766813784725e-19,4.567314871509763e-19,2.420628193717077e-19,1.282909847756849e-19,6.799314110191872e-20,3.603586762036284e-20,1.90987863339901e-20,0.000755977268271785
88.5,0.0003551493584453283,0.0001882020579884367,9.973297666416796e-05,5.28511291942605e-05,2.800727352265124e-05,1.484186456508839e-05,7.865152753197849e-06,4.167992432606416e-06,2.208755994525639e-06,1.170495144748241e-06,6.202868076748313e-07,3.287127291434168e-07,1.74197350713586e-07,9.231400908248119e-08,4.892093156669765e-08,2.592524450639534e-08,1.373890235196936e-08,7.280852663942248e-09,3.858455318988495e-09,2.044775966398325e-09,1.083624982709955e-09,5.742662636230138e-10,3.043326953978065e-10,1.612816406243267e-10,8.547168405036133e-11,4.52960774313284e-11,2.400490159497418e-11,1.272155689476773e-11,6.741888957692813e-12,3.572925155608503e-12,1.893508384561352e-12,1.003486497790699e-12,5.318103903218174e-13,2.818402946458455e-13,1.493655108173825e-13,7.915868081468882e-14,4.195152377717521e-14,2.223299148008232e-14,1.17828142072888e-14,6.244549631185601e-15,3.30943743077896e-15,1.753913559420679e-15,9.295294456572198e-16,4.9262797511266e-16,2.610814038011986e-16,1.3836739177193e-16,7.333182849768542e-17,3.886442216232995e-17,2.059742141291386e-17,1.091627405051104e-17,5.785447256495637e-18,3.066199283456568e-18,1.625042579096497e-18,8.612515903416496e-19,4.56453195088404e-19,2.419153275451747e-19,1.282128155148237e-19,6.795171205222469e-20,3.601391052695283e-20,1.908714921066701e-20,0.0007555166421070387
89.5,0.000355041176510337,0.0001881447298184192,9.970259703334101e-05,5.283503022832755e-05,2.79987422358237e-05,1.48373435893655e-05,7.862756951477788e-06,4.166722821735199e-06,2.208083186053007e-06,1.170138600588311e-06,6.200978623043608e-07,3.286126000618079e-07,1.741442885130708e-07,9.228588934104881e-08,4.890602977703474e-08,2.591734742577522e-08,1.373471734922122e-08,7.278634845689609e-09,3.857279996120639e-09,2.044153107830773e-09,1.08329490004291e-09,5.740913365560714e-10,3.042399927106515e-10,1.612325126742224e-10,8.544564854741675e-11,4.528227980734986e-11,2.399758946940768e-11,1.27176817853011e-11,6.739835313006156e-12,3.571836807994402e-12,1.892931603564587e-12,1.00318082608248e-12,5.316483957251623e-13,2.817544433618481e-13,1.493200126358514e-13,7.913456831368549e-14,4.19387449366392e-14,2.222621909550169e-14,1.177922504793857e-14,6.242647480875633e-15,3.308429344078304e-15,1.753379300359937e-15,9.292463019835201e-16,4.924779158592462e-16,2.610018758764487e-16,1.383252437240012e-16,7.330949091234358e-17,3.885258368285118e-17,2.059114723881977e-17,1.091294884768693e-17,5.783684953216428e-18,3.065265289451888e-18,1.624547575384764e-18,8.609892447640996e-19,4.563141550234187e-19,2.41841637792918e-19,1.281737606491924e-19,6.793101330247052e-20,3.600294034093176e-20,1.908133508011608e-20,0.0007552865044189994
