0.5,0.005554449529878221,0.003853562683328561,0.002712084712991324,0.001887983991436157,0.001302423094637571,0.0008961941308163841,0.0006187947133136392,0.0004306918138337038,0.0003031458653908782,0.0002162156765108311,0.000156437173367309,0.0001148516457286661,8.553493721075579e-05,6.457070355887232e-05,4.935952502711488e-05,3.816351910905462e-05,2.980944562235571e-05,2.349602580183191e-05,1.866890814771758e-05,1.493926998229869e-05,1.203051736190069e-05,9.743106876431836e-06,7.931103511628504e-06,6.486386332916019e-06,5.327877593532111e-06,4.394102594309468e-06,3.6379815447067e-06,3.023134577147795e-06,2.521225308828905e-06,2.110026390421507e-06,1.771993541082947e-06,1.493202367980509e-06,1.262547308330817e-06,1.071132271274289e-06,9.118030892772112e-07,7.787859949953619e-07,6.674061483735888e-07,5.738671427290846e-07,4.950773367991857e-07,4.285124047627659e-07,3.721060804799107e-07,3.24162976299664e-07,2.83288773883417e-07,2.483341489718493e-07,2.183495984650773e-07,1.925489538961864e-07,1.702798387810781e-07,1.509996936273282e-07,1.342562774327993e-07,1.196717774632055e-07,1.06929834295805e-07,9.576492735616289e-08,8.595367566110743e-08,7.730769548776378e-08,6.966772604382933e-08,6.289878965400285e-08,5.688619740756446e-08,5.153224690312647e-08,4.67534874602793e-08,4.247845134764356e-08,0.01844094732654159
1.5,0.005405902268724698,0.0037729393499576,0.002662514787454932,0.001855724302107328,0.001280812613083926,0.000881428303014019,0.0006085308030399401,0.0004234382929319243,0.0002979357994780027,0.0002124137034690837,0.0001536204668293369,0.0001127350956871153,8.39236123035695e-05,6.332938708537531e-05,4.839302445006175e-05,3.740381951023128e-05,2.920724105490254e-05,2.301507279939969e-05,1.828221445419732e-05,1.462648840672585e-05,1.177613952912149e-05,9.535194090151792e-06,7.760382736834679e-06,6.345597580088395e-06,5.211296689932331e-06,4.297187935865183e-06,3.557109638474476e-06,2.955399981888919e-06,2.464287850166193e-06,2.061993477249287e-06,1.731328821432411e-06,1.458654342354377e-06,1.233093198942753e-06,1.045933646542547e-06,8.901706112516803e-07,7.601512923366942e-07,6.512992867461546e-07,5.598985147260809e-07,4.829230573817698e-07,4.179024986649496e-07,3.628149015176254e-07,3.160014168618271e-07,2.760979147014051e-07,2.419800709111434e-07,2.127191342769097e-07,1.875462021439587e-07,1.658232971882216e-07,1.470198969143554e-07,1.306938468807459e-07,1.164758071610878e-07,1.040565532338671e-07,9.317658794179482e-08,8.36176284299307e-08,7.519561720652542e-08,6.775497440811307e-08,6.116386265260828e-08,5.531027937944191e-08,5.009882652952925e-08,4.544803555618372e-08,4.128814845616235e-08,0.01805420687362486
2.5,0.005495363854293831,0.003826853847279222,0.002697730179956745,0.001879495737877074,0.001297169428610088,0.000892857849596261,0.0006166369258624272,0.0004292745451314886,0.0003022017020920766,0.0002155781313006788,0.0001560009942927158,0.0001145493951197313,8.53228655649252e-05,6.442008969932331e-05,4.925129471447343e-05,3.808486027717118e-05,2.975165551774024e-05,2.345312709364812e-05,1.863675021316584e-05,1.491493941535732e-05,1.2011947478934e-05,9.728816493262482e-06,7.920020477391408e-06,6.477727147062685e-06,5.321064474697932e-06,4.388705790360692e-06,3.633678812309618e-06,3.019682449122555e-06,2.518438529825003e-06,2.107763065317583e-06,1.770144315419523e-06,1.491682479905095e-06,1.261290703606622e-06,1.070087213197017e-06,9.109288607320695e-07,7.780504046834633e-07,6.667836335932484e-07,5.733373178189967e-07,4.946238767212391e-07,4.281221822695804e-07,3.717684962622344e-07,3.238694367767493e-07,2.830322825086841e-07,2.481089852135616e-07,2.181510647900461e-07,1.923731757045738e-07,1.701236057214091e-07,1.508603333582458e-07,1.341315549067205e-07,1.195598143441679e-07,1.068290443053596e-07,9.567396425320029e-08,8.587139126815486e-08,7.7233105725781e-08,6.959998336618431e-08,6.283716060573012e-08,5.683004429920215e-08,5.148101279549173e-08,4.670668381983794e-08,4.243564786120438e-08,0.01831702854640226
3.5,0.005487502678426478,0.003823835504804057,0.002695458025350149,0.00187742104892909,0.001295372755996813,0.000891389016017221,0.0006154749723842206,0.0004283679619507746,0.0003014956960826666,0.0002150256523332414,0.0001555651176838922,0.0001142022972601317,8.504390654760386e-05,6.419398223514669e-05,4.906664119755278e-05,3.793306951080016e-05,2.96261682450536e-05,2.334886989586568e-05,1.854975082542259e-05,1.484205379667401e-05,1.195066376568781e-05,9.677112012704871e-06,7.876255734277823e-06,6.440565936548222e-06,5.289412765335674e-06,4.361664332488302e-06,3.610505960141348e-06,2.999764709161951e-06,2.501267040814051e-06,2.092914690515662e-06,1.757266360414003e-06,1.48048028595569e-06,1.251517538487036e-06,1.06153600869833e-06,9.034254416944295e-07,7.714479275191675e-07,6.609580088238978e-07,5.681834353936003e-07,4.90052487806099e-07,4.24057318971507e-07,3.68145332961613e-07,3.20632514603873e-07,2.801340329071274e-07,2.455085002009553e-07,2.158130709971585e-07,1.902671769788501e-07,1.6822316536224e-07,1.491424721801737e-07,1.325762455212351e-07,1.18149555485736e-07,1.055485018440148e-07,9.450966784850295e-08,8.481147752012193e-08,7.626710024255181e-08,6.871861545680155e-08,6.203220536920841e-08,5.609418775857132e-08,5.080773645086208e-08,4.609016559479228e-08,4.187067691412602e-08,0.0182927595636365
4.5,0.005488884716752046,0.003824839438335851,0.002693448565383573,0.001874403586015005,0.001292575033614733,0.0008891992423273306,0.0006138935230407932,0.0004272734339820098,0.0003007556349703675,0.0002145315406724869,0.0001552373396473977,0.0001139855112261753,8.490072823292545e-05,6.409953475840918e-05,4.900448687940662e-05,3.789236920300583e-05,2.959976602666987e-05,2.333202592779874e-05,1.853931114109566e-05,1.483590853406045e-05,1.194739370070598e-05,9.675757393865246e-06,7.876164461681426e-06,6.441293299179338e-06,5.290654800648699e-06,4.363213221421705e-06,3.612219951122666e-06,3.00154768702314e-06,2.503054545362421e-06,2.094664281102698e-06,1.758950931834275e-06,1.482083404153342e-06,1.253030169060726e-06,1.062954212821742e-06,9.047487485682229e-07,7.726781828855434e-07,6.620985603365887e-07,5.692385574748558e-07,4.910269774215972e-07,4.249562137313437e-07,3.689737169164475e-07,3.213953869314246e-07,2.808362216463871e-07,2.4615460815514e-07,2.16407444485298e-07,1.908138906805284e-07,1.687260183563525e-07,1.496049916273118e-07,1.330016954222359e-07,1.185409486669173e-07,1.059086138448228e-07,9.484105177172836e-08,8.51164791861e-08,7.654787319421692e-08,6.897713551212369e-08,6.227028452605161e-08,5.631348733518617e-08,5.100977940101818e-08,4.627634797586975e-08,4.204227851368562e-08,0.01828030318422569
5.5,0.005509978184315708,0.003835808004285663,0.002697133313040953,0.001874841129322245,0.001291856056934502,0.0008882165259452842,0.000612974387149935,0.0004265088542470711,0.0003001483909230166,0.0002140574372758656,0.0001548683447596466,0.0001136972429004589,8.467396688207634e-05,6.391972753709778e-05,4.88607723173596e-05,3.777664985957872e-05,2.95059686396765e-05,2.32555515025521e-05,1.84766386513025e-05,1.478431242243285e-05,1.190474238622344e-05,9.64036847577825e-06,7.846699459101418e-06,6.416680086892499e-06,5.270029641482297e-06,4.345876848807903e-06,3.597603876238267e-06,2.98918806099001e-06,2.492571686773057e-06,2.085746509816928e-06,1.751341715732944e-06,1.475571081424967e-06,1.247439690595026e-06,1.058140480918042e-06,9.005912249400918e-07,7.690765111789091e-07,6.589690030435879e-07,5.665110889951533e-07,4.886429074253488e-07,4.228662402745283e-07,3.671363286536016e-07,3.19775549512545e-07,2.794042959043061e-07,2.448854576891739e-07,2.152796982623869e-07,1.898093327198387e-07,1.678290817588879e-07,1.488023384102979e-07,1.322818670173463e-07,1.178940746989435e-07,1.053261690481291e-07,9.431565272549336e-08,8.464171403578462e-08,7.611815873997335e-08,6.858759703651698e-08,6.191665454505243e-08,5.599202012146102e-08,5.071717867422514e-08,4.600970560295468e-08,4.179902243089915e-08,0.01831013863778666
6.5,0.005474382383237724,0.003822368805234588,0.002689969165356969,0.00187033322412621,0.001288888658291409,0.0008862531689731334,0.0006116784090954524,0.0004256541767292892,0.0002995835473923264,0.0002136823450377407,0.0001546175697132817,0.0001135282270082953,8.455904820977627e-05,6.384087615489766e-05,4.880617487240493e-05,3.773851250792445e-05,2.947910787582381e-05,2.323648948868375e-05,1.846302033310271e-05,1.47745279266943e-05,1.189768075903619e-05,9.63525585615322e-06,7.842991864241278e-06,6.413991766150003e-06,5.26808477269873e-06,4.344476676934261e-06,3.596604153577925e-06,2.988483418887432e-06,2.492084711956392e-06,2.085420042157284e-06,1.751133371263678e-06,1.475449325956286e-06,1.247381003109521e-06,1.058127289314694e-06,9.006103936061364e-07,7.691182259071636e-07,6.590259441829544e-07,5.665778151483312e-07,4.887153939534551e-07,4.229415323166059e-07,3.672122793294019e-07,3.198506218128037e-07,2.79477412416348e-07,2.449558863991707e-07,2.153469656649139e-07,1.898731576622741e-07,1.678893250724908e-07,1.488589645874509e-07,1.323349150970312e-07,1.179436362003247e-07,1.053723713033711e-07,9.435864635012758e-08,8.46816635692049e-08,7.615523571304037e-08,6.862197489485233e-08,6.19485049881674e-08,5.602151051896214e-08,5.074447029816117e-08,4.603495247537993e-08,4.182237063205407e-08,0.01824061109674727
7.5,0.005507552777300257,0.0038461505553303,0.002703484337000444,0.001877850367772817,0.001293333027214468,0.0008891350091973225,0.0006137162266496226,0.0004271875904689844,0.0003007810435417498,0.0002146359914819815,0.0001553842691040392,0.0001141473647964305,8.506011790052382e-05,6.424695050274888e-05,4.913567070237859e-05,3.800624052669887e-05,2.969699903738817e-05,2.341415053519989e-05,1.860817950389846e-05,1.489339820473428e-05,1.199525616597242e-05,9.715552060383933e-06,7.909240501779209e-06,6.468796628827328e-06,5.313546897071043e-06,4.382294290810048e-06,3.628152432674215e-06,3.014878108029257e-06,2.514232891111236e-06,2.104060668680916e-06,1.766869696767586e-06,1.488774854812159e-06,1.258700313973037e-06,1.067772766041041e-06,9.08855694089743e-07,7.76189145277668e-07,6.65109192997315e-07,5.718281261025124e-07,4.932612860995775e-07,4.268899949851717e-07,3.706525851198347e-07,3.228574361460821e-07,2.82113333904135e-07,2.472735258452409e-07,2.173906504440932e-07,1.916803313966589e-07,1.694916990628765e-07,1.502834666666739e-07,1.336044729053443e-07,1.19077824910068e-07,1.063879502002096e-07,9.527000414080384e-08,8.550118861653862e-08,7.689362442694262e-08,6.928848909722495e-08,6.25511871108572e-08,5.656736390029238e-08,5.123961054509884e-08,4.648473479894433e-08,4.223149719796559e-08,0.01833578736946491
8.5,0.005465971620936872,0.003824989522041265,0.002688947949493961,0.001867291227254013,0.00128578666561914,0.0008838538228338935,0.0006100677960528485,0.0004246790431886937,0.0002990534770208425,0.00021343889698317,0.0001545469854846389,0.0001135550518455032,8.463582996884432e-05,6.393906616828282e-05,4.89093745807733e-05,3.783785854761067e-05,2.957026653735918e-05,2.331776147038905e-05,1.853417505457591e-05,1.483610257858231e-05,1.195056892125723e-05,9.680473349270515e-06,7.881549283465474e-06,6.446830073366498e-06,5.296047319731229e-06,4.368301609513005e-06,3.616927653422378e-06,3.005848207799033e-06,2.506950636743212e-06,2.098174990083489e-06,1.762103609351277e-06,1.484908845915355e-06,1.255559729016666e-06,1.065218153941947e-06,9.067753639614254e-07,7.744933906602894e-07,6.637257840841713e-07,5.706987734518574e-07,4.923388537262209e-07,4.261362950352601e-07,3.700366263710921e-07,3.223540283716878e-07,2.817019725050685e-07,2.469374980801158e-07,2.171163174853053e-07,1.914565503393266e-07,1.693093566529757e-07,1.501351024439997e-07,1.33483974081109e-07,1.18980178921259e-07,1.063090437317048e-07,9.520645965492087e-08,8.545023121044862e-08,7.685297325279856e-08,6.92562687063554e-08,6.25258549828179e-08,5.654765113736773e-08,5.122447329009971e-08,4.647331439801327e-08,4.222308750352532e-08,0.01822290970546818
9.5,0.00548645132277363,0.003836939367244669,0.002693529007411028,0.001868408863479187,0.001285683895343125,0.0008834831318692013,0.0006097524448944659,0.0004244887403235209,0.0002989731255985134,0.00021343468528752,0.0001545884278530145,0.0001136200439106357,8.471002136972402e-05,6.401387369281152e-05,4.898009109212758e-05,3.790222046574468e-05,2.962747193260612e-05,2.336783484499931e-05,1.857757292050989e-05,1.487347716645269e-05,1.198263202024202e-05,9.707921814102891e-06,7.905027570052367e-06,6.466914398371023e-06,5.313241998124325e-06,4.383041883054209e-06,3.629585655198386e-06,3.016740134976973e-06,2.516344065238164e-06,2.106295777176461e-06,1.769142129123624e-06,1.491025471938976e-06,1.260889570939429e-06,1.06987510115707e-06,9.108555097040002e-07,7.780779152240788e-07,6.66883373298415e-07,5.734876421484205e-07,4.94808435983955e-07,4.283286547973334e-07,3.719876342649205e-07,3.24094343534402e-07,2.832578620407142e-07,2.483315214471901e-07,2.183678985770674e-07,1.92582456191787e-07,1.703240985064824e-07,1.510512722061896e-07,1.343125270110968e-07,1.197306715058055e-07,1.069898341917015e-07,9.582487725187588e-08,8.601271947294817e-08,7.736521137458663e-08,6.972327464935938e-08,6.295207322410285e-08,5.693702750703474e-08,5.158051893970785e-08,4.67991606014502e-08,4.252153271222457e-08,0.01826078748510954
10.5,0.005489576089143387,0.003846946715690032,0.002699328098987715,0.001871147267676536,0.001287018345524874,0.0008842816152731451,0.0006103649050660967,0.0004250294270283932,0.0002994678563726664,0.0002138831563699331,0.0001549866867516203,0.0001139667717261574,8.50070959861584e-05,6.426537167438878e-05,4.919118297838359e-05,3.807835504578871e-05,2.977387560945611e-05,2.348925093556152e-05,1.867815814217609e-05,1.495679101254348e-05,1.205167552005759e-05,9.765198600288411e-06,7.952611514889769e-06,6.506515337435025e-06,5.346265458002618e-06,4.410641266428818e-06,3.652706717772629e-06,3.036158280116418e-06,2.532695277136734e-06,2.120102090604162e-06,1.780832499125909e-06,1.500952820953076e-06,1.269344687249757e-06,1.077097959040369e-06,9.170444864575418e-07,7.833972968665182e-07,6.714694697056571e-07,5.77453773011817e-07,4.982489999517616e-07,4.313224540125143e-07,3.746005938170322e-07,3.263817388138515e-07,2.852661455066778e-07,2.50099822956701e-07,2.199292593931943e-07,1.939648454543923e-07,1.71551251789596e-07,1.521433843802018e-07,1.352868256355933e-07,1.206018921259167e-07,1.077706149767827e-07,9.652608722282375e-08,8.664373197085072e-08,7.793413231394313e-08,7.023713338142594e-08,6.341698243560765e-08,5.735831743656637e-08,5.1962850260101e-08,4.714661955235155e-08,4.2837711441087e-08,0.01828925041144499
11.5,0.005516280839678952,0.003870021619271968,0.002712756122174744,0.001878427891069109,0.001291052446194074,0.0008866648424832869,0.0006118882656359974,0.0004260765837630841,0.0003002289419007153,0.0002144576285689419,0.0001554307858731408,0.0001143151978902192,8.52830348626077e-05,6.448529674269418e-05,4.936729710350277e-05,3.821993691124001e-05,2.98880929388836e-05,2.358169463265263e-05,1.875321664780305e-05,1.501792441697197e-05,1.210162175019407e-05,9.806130981132035e-06,7.986260291012217e-06,6.534261935207762e-06,5.369215892414519e-06,4.429683486525528e-06,3.668555531594676e-06,3.049390645658323e-06,2.54377810119089e-06,2.129414186406779e-06,1.788681978135318e-06,1.507590906067177e-06,1.274976713535829e-06,1.081892157857205e-06,9.21139017692858e-07,7.869058927302783e-07,6.744859751232144e-07,5.800558068198918e-07,5.005009137517855e-07,4.332777285803535e-07,3.763037840386615e-07,3.278700554028542e-07,2.865707438737163e-07,2.512468554768985e-07,2.209407361327214e-07,1.948593395371854e-07,1.723444785163653e-07,1.528486775715311e-07,1.359155301599705e-07,1.211636879579063e-07,1.082737852265279e-07,9.697774024095309e-08,8.70499857484588e-08,7.830026787516165e-08,7.056772263445577e-08,6.371599494983149e-08,5.762920980299168e-08,5.220864103350881e-08,4.736995223702498e-08,4.304090754449327e-08,0.01837231067674819
12.5,0.005500872514955821,0.003864845487832343,0.002706119626247666,0.001871605773955839,0.001285295056844192,0.0008822852172479354,0.0006087332297196008,0.0004238658740759588,0.0002986986073382366,0.000213400888854554,0.0001546983239647994,0.0001138035190378364,8.492186616086282e-05,6.42273405614634e-05,4.91807612118901e-05,3.808337153694138e-05,2.978692098189757e-05,2.350591300691983e-05,1.869588261009267e-05,1.497415931059851e-05,1.206795306875594e-05,9.78005513206225e-06,7.965949567058843e-06,6.518366145246225e-06,5.356726553010662e-06,4.419839716698907e-06,3.660778025362291e-06,3.0432347577916e-06,2.538900097305464e-06,2.125546671008133e-06,1.785615800654593e-06,1.505161695331775e-06,1.273054758662874e-06,1.080374736249909e-06,9.199445317052163e-07,7.859693564466673e-07,6.737555181724776e-07,5.794899506864361e-07,5.000664392465871e-07,4.329479987491623e-07,3.760574200576808e-07,3.276898875272415e-07,2.864429777365377e-07,2.51160407713748e-07,2.208867036497645e-07,1.948305746179636e-07,1.723352480023305e-07,1.528543890093415e-07,1.359325114204179e-07,1.211890096454626e-07,1.083051174006315e-07,9.70132367001579e-08,8.708819049246198e-08,7.834003943844525e-08,7.060817284091627e-08,6.375643931826491e-08,5.766912737580612e-08,5.224764183448174e-08,4.740775091094681e-08,4.307730200988573e-08,0.01831755895812337
13.5,0.005525924647752182,0.003878692343370809,0.002710997829292674,0.001872385929070279,0.001284692402882806,0.0008814400110760556,0.000608024621801954,0.0004233668753535849,0.0002983806032318216,0.0002132140182340363,0.0001545982858014391,0.0001137575837947884,8.490789809342866e-05,6.423115657485286e-05,4.919363263761322e-05,3.810012116988924e-05,2.980460398388548e-05,2.352294895870036e-05,1.871150309531101e-05,1.498806470140761e-05,1.208010353902827e-05,9.790545887850105e-06,7.974938024366976e-06,6.526030680463531e-06,5.363244160119741e-06,4.425374793552388e-06,3.66547756509898e-06,3.047227108392804e-06,2.542295607846119e-06,2.128439245036651e-06,1.788084799799969e-06,1.507273888177285e-06,1.274866158117039e-06,1.081932254201163e-06,9.212874277856132e-07,7.871304835288933e-07,6.747623800281238e-07,5.803655926024077e-07,5.008301936482954e-07,4.336161069710209e-07,3.766435494695964e-07,3.282055609137739e-07,2.868979294838811e-07,2.515628791672334e-07,2.212436880407713e-07,1.951480202479168e-07,1.726182269072274e-07,1.53107237090811e-07,1.361589449925569e-07,1.213922224833728e-07,1.084878616608056e-07,9.717789049119919e-08,8.723681438659836e-08,7.847442381230267e-08,7.07298776031825e-08,6.386682730971402e-08,5.77693925032991e-08,5.233883281641133e-08,4.749079136005728e-08,4.315300745464664e-08,0.01835897861075233
14.5,0.005541944035890393,0.003890887376064629,0.002715063159073592,0.001872519886910724,0.00128363384541507,0.0008803326546229523,0.0006072064458918854,0.00042286059376181,0.0002981157639069191,0.0002131111898549908,0.0001545942075423468,0.0001138082817226462,8.498511809297656e-05,6.431780367599255e-05,4.927997187771e-05,3.818103937401257e-05,2.987777513569658e-05,2.358765909637108e-05,1.876792192092093e-05,1.503680677581343e-05,1.212197173749021e-05,9.826386977610924e-06,8.005565806752263e-06,6.552188958032003e-06,5.385592539245351e-06,4.444487074117587e-06,3.681846636838687e-06,3.061272819853371e-06,2.554373612135691e-06,2.138849744166901e-06,1.797080648350756e-06,1.515067826820377e-06,1.281637120019747e-06,1.087830778491851e-06,9.264402580394933e-07,7.916444460455621e-07,6.787276386984401e-07,5.838583715721222e-07,5.039150499272153e-07,4.363478249450157e-07,3.79068719207232e-07,3.303638928481382e-07,2.888233497591379e-07,2.532844427331491e-07,2.227863404149345e-07,1.96533233651658e-07,1.738645321049257e-07,1.542306686088775e-07,1.371734143561916e-07,1.223098315894392e-07,1.093191663191896e-07,9.79321224422404e-08,8.792206867705327e-08,7.909781723517775e-08,7.129768293452878e-08,6.43845872723189e-08,5.824201672347972e-08,5.277068049133323e-08,4.788574189897188e-08,4.351452098152383e-08,0.01838845742730685
15.5,0.005535214413189958,0.00389053793124982,0.002711882607856802,0.00186818565923896,0.001279683394352347,0.0008772839267972987,0.0006050462562714297,0.0004214032568741068,0.0002971619658924096,0.0002124993135445965,0.0001542072574818514,0.0001135663876881959,8.483556525315075e-05,6.422650808846792e-05,4.922517821097032e-05,3.814897549292613e-05,2.985976972753383e-05,2.357827325438448e-05,1.876375491825946e-05,1.503573927777742e-05,1.212268863432146e-05,9.828077338979252e-06,8.007734435091358e-06,6.554538059502881e-06,5.387947401632232e-06,4.44674936640527e-06,3.683965060728936e-06,3.063224675901003e-06,2.556153241359487e-06,2.140461306579128e-06,1.798533639700349e-06,1.516374324496146e-06,1.282810119826717e-06,1.088883217752121e-06,9.273844682321359e-07,7.924918718761039e-07,6.794887200356827e-07,5.845425226333356e-07,5.045306943154432e-07,4.369024606228822e-07,3.795689973853883e-07,3.308157010799779e-07,2.892318935476989e-07,2.536543224917283e-07,2.231216222073089e-07,1.968375131107925e-07,1.74140991510394e-07,1.544821274349551e-07,1.374023737768514e-07,1.225185135027692e-07,1.09509547470567e-07,9.810596420761992e-08,8.808094303069691e-08,7.924312937997601e-08,7.143069102384988e-08,6.450641960370917e-08,5.835368673860396e-08,5.287309987433717e-08,4.797973202741491e-08,4.360082295020829e-08,0.01836072507431359
16.5,0.005583722024490876,0.003922277360986743,0.002728610141806958,0.00187674841134545,0.001284327119720773,0.0008800858645073008,0.0006069434459319857,0.0004228086595919902,0.0002982616679625676,0.0002133839550335196,0.0001549273898610463,0.0001141550140589785,8.531710844756448e-05,6.462037543466697e-05,4.954726034651633e-05,3.84123879370328e-05,3.007532374974574e-05,2.375484335006661e-05,1.890859375023272e-05,1.515475274007904e-05,1.222067369152863e-05,9.908924248219688e-06,8.074595980572747e-06,6.609969378190399e-06,5.434020402883422e-06,4.485145717908977e-06,3.716051401050928e-06,3.09011326848568e-06,2.578750804675284e-06,2.159508296584641e-06,1.81463585115317e-06,1.530028326224861e-06,1.29442374549433e-06,1.098792092610616e-06,9.358653568090941e-07,7.997734741077365e-07,6.857604172746837e-07,5.899614742902608e-07,5.09227605652621e-07,4.409862783073984e-07,3.831307384970127e-07,3.339315806920138e-07,2.919658836251092e-07,2.560602489910861e-07,2.252448865775275e-07,1.987165078220098e-07,1.758082659416501e-07,1.559653497652582e-07,1.387251259224249e-07,1.237009492081822e-07,1.105689380613262e-07,9.905715198265666e-08,8.893671860467919e-08,8.001454630955073e-08,7.212732863448852e-08,6.513660296722698e-08,5.892467114933893e-08,5.339122586507213e-08,4.845055589857257e-08,4.40292269126644e-08,0.01848302279536953
17.5,0.005561056713803311,0.003909117397721414,0.002715614339027432,0.001865353218404713,0.001275438217501558,0.0008736183166942216,0.0006024164354756826,0.0004197026235138802,0.0002961479675498815,0.0002119461957847004,0.0001539446987990889,0.0001134776884927601,8.484518924703389e-05,6.428751389567087e-05,4.9309414338377e-05,3.824019653184873e-05,2.994906817896039e-05,2.366115186581977e-05,1.883829553575403e-05,1.510147958268374e-05,1.217994550149389e-05,9.877547286986525e-06,8.050263619581271e-06,6.590994635923638e-06,5.419154792255433e-06,4.473455090643825e-06,3.706829792384488e-06,3.082822347342658e-06,2.572976775794587e-06,2.154930840981634e-06,1.811005473488173e-06,1.527149646190946e-06,1.292143043462501e-06,1.096987936346867e-06,9.344414848972985e-07,7.986533498773451e-07,6.848830315141194e-07,5.892780899462354e-07,5.086992189412582e-07,4.40581628730468e-07,3.828247422283988e-07,3.337040924582982e-07,2.91800714822992e-07,2.559443866272835e-07,2.251678702668903e-07,1.986699316558225e-07,1.757853793396497e-07,1.559607370285608e-07,1.387344485305576e-07,1.237207382609292e-07,1.105964268844316e-07,9.90901409672061e-08,8.897346596246401e-08,8.005367969908411e-08,7.216777361951927e-08,6.517752506917112e-08,5.896542889149397e-08,5.343133271428415e-08,4.848964941610266e-08,4.406704375137383e-08,0.01839286219103977
18.5,0.005576916762839244,0.003917280509946689,0.00271569859392133,0.001862401643683156,0.001272165039456308,0.0008709658505549546,0.0006005290874611735,0.0004184550266521453,0.0002953651049993997,0.0002114772914846621,0.0001536784999314132,0.0001133380484752936,8.478222017070478e-05,6.426946818834789e-05,4.931653342709602e-05,3.826042922788753e-05,2.997522419972385e-05,2.368906100092449e-05,1.886563837244277e-05,1.512705418362091e-05,1.220321210827801e-05,9.898348256146176e-06,8.068652880239475e-06,6.607135144939377e-06,5.433257946777995e-06,4.485745855873294e-06,3.717527456216719e-06,3.09213066019807e-06,2.581079630567878e-06,2.1619911376629e-06,1.817165736822772e-06,1.532533536214903e-06,1.296857251036037e-06,1.101124171875456e-06,9.380783999400251e-07,8.018583104632239e-07,6.877137087479913e-07,5.917838603563531e-07,5.109223817585514e-07,4.425584547139115e-07,3.845863717465961e-07,3.352773011441937e-07,2.932085643616073e-07,2.572067767954352e-07,2.263020066220805e-07,1.996907215009893e-07,1.767057668983024e-07,1.567919872145342e-07,1.394863873139548e-07,1.244019564207145e-07,1.112144528906209e-07,9.965158783773243e-08,8.948415617526049e-08,8.051875159205845e-08,7.259177216405796e-08,6.556447944211498e-08,5.931891888327279e-08,5.375454568581793e-08,4.87854292444166e-08,4.433793297531251e-08,0.01840354564493225
19.5,0.005569408766373157,0.003914891143356443,0.002711017165352896,0.001857280196578679,0.001267900956029241,0.0008678674224617645,0.0005984516389800273,0.0004171384345492073,0.0002945701297847756,0.0002110219720155112,0.0001534362776585485,0.0001132252923423294,8.474548680341046e-05,6.427545039142591e-05,4.934492468289221e-05,3.829913163368338e-05,3.001723464602934e-05,2.373049063190712e-05,1.890447169494336e-05,1.516238071829692e-05,1.223475566690209e-05,9.92618177407579e-06,8.093028003253367e-06,6.628382265681067e-06,5.451729155097552e-06,4.501783781657071e-06,3.731449534565618e-06,3.104222412723208e-06,2.591593068826412e-06,2.171145942926343e-06,1.825151821142544e-06,1.539514171082063e-06,1.302972303203955e-06,1.106493198686772e-06,9.428034829527665e-07,8.060265798063673e-07,6.913995521484637e-07,5.950508329326313e-07,5.138248433251027e-07,4.451429652995883e-07,3.868928762308017e-07,3.373401321258816e-07,2.950572896493824e-07,2.588669148529269e-07,2.277956302633425e-07,2.010369672854195e-07,1.779212651064582e-07,1.578912250220864e-07,1.404820158164827e-07,1.253050504763971e-07,1.120347313130549e-07,1.003976002568513e-07,9.016344186106464e-08,8.113797467620622e-08,7.315683697373654e-08,6.60806290574699e-08,5.979081952538023e-08,5.418635912081175e-08,4.918087503739958e-08,4.470034213367668e-08,0.01837193103701825
20.5,0.005607363128571111,0.003930264977169779,0.00271282702167947,0.001854049873743041,0.001263716904039016,0.0008642017508150625,0.000595636637999701,0.0004151003093935441,0.0002931339973710085,0.0002100202869809582,0.0001527376374072532,0.0001127348734271861,8.439757458842182e-05,6.40253855351014e-05,4.916258607404547e-05,3.816420226410044e-05,2.991593769320624e-05,2.365339972348964e-05,1.884506188672654e-05,1.51160748225032e-05,1.219829649118186e-05,9.89721715197228e-06,8.069834486017468e-06,6.609679360179486e-06,5.436552995980433e-06,4.48940011469916e-06,3.721292951936146e-06,3.095853316116873e-06,2.584666753281717e-06,2.165390078013356e-06,1.82034983030728e-06,1.535492811521662e-06,1.299592278383887e-06,1.103641989344311e-06,9.403898213412448e-07,8.039761552690477e-07,6.896516492046403e-07,5.935556823889934e-07,5.125415233007002e-07,4.440377296303606e-07,3.859378172886234e-07,3.365121068875571e-07,2.943370541006414e-07,2.582384240474218e-07,2.272454706540568e-07,2.00553895070134e-07,1.774958298289951e-07,1.575154619457638e-07,1.40149193928456e-07,1.250094656086903e-07,1.117715359409291e-07,1.001626631807497e-07,8.995323228850939e-08,8.094946626662379e-08,7.298742824786445e-08,6.592807724693061e-08,5.965318548095805e-08,5.406196133641846e-08,4.906825120155986e-08,4.459821690812731e-08,0.01840611116309224
21.5,0.0056293908839101,0.003943392797792966,0.002716935676605351,0.00185423426605555,0.001262844794015597,0.0008633794070553128,0.0005951466199534846,0.0004149242983211063,0.0002931773619745138,0.0002101920342322757,0.0001529709663553386,0.0001129868170072982,8.464314510274627e-05,6.425163288858429e-05,4.936402659916964e-05,3.833968820762004e-05,3.006665376990277e-05,2.378164334630272e-05,1.895353415663818e-05,1.520749029451592e-05,1.227518507852389e-05,9.961837952048176e-06,8.124152201778904e-06,6.655373748234062e-06,5.475044070776263e-06,4.521879331926194e-06,3.748755073828714e-06,3.119126285486372e-06,2.604438402997245e-06,2.182231331313219e-06,1.834734481610109e-06,1.547814184486899e-06,1.310177137633851e-06,1.112762093303955e-06,9.482714801778168e-07,8.108081192741064e-07,6.955916097927979e-07,5.987356257455808e-07,5.170721382363692e-07,4.480120374097751e-07,3.894341622352193e-07,3.395966221314942e-07,2.970656964457631e-07,2.606586550419622e-07,2.293976470293735e-07,2.024724202793346e-07,1.792101090499331e-07,1.590506952487573e-07,1.415270360437902e-07,1.262485756091081e-07,1.128880359705822e-07,1.011705219425217e-07,9.086458620540082e-08,8.177488894504838e-08,7.373615699747675e-08,6.660820387661494e-08,6.027181733169574e-08,5.462535747827698e-08,4.958193787282514e-08,4.506708557605788e-08,0.01844573699024027
22.5,0.005643234054032393,0.003941925402474289,0.002707574187834958,0.00184375401291074,0.001254002654784945,0.0008567352654463204,0.0005904311579319385,0.0004116743327157641,0.0002909684553793358,0.0002086975248639391,0.0001519582177344766,0.0001122966046025326,8.416872814968376e-05,6.392215283588178e-05,4.913257861402675e-05,3.817516475264914e-05,2.994831480415515e-05,2.369555306086806e-05,1.889023823815553e-05,1.516050433447054e-05,1.224000896263331e-05,9.935310246071261e-06,8.104024420092959e-06,6.640027277314755e-06,5.46330013173413e-06,4.512870044592542e-06,3.741834982121418e-06,3.11381092922871e-06,2.600361155937351e-06,2.179112711291547e-06,1.832360074259571e-06,1.546018585103042e-06,1.308832147008263e-06,1.111767955041634e-06,9.475503167852199e-07,8.102989746489571e-07,6.952466770399462e-07,5.985173577245192e-07,5.169510210993809e-07,4.47964865962805e-07,3.894426978060753e-07,3.396465438459523e-07,2.971457788435969e-07,2.607601211796854e-07,2.295136582551935e-07,2.025976728769165e-07,1.793405147431251e-07,1.591831277194126e-07,1.416591295573886e-07,1.263785648723953e-07,1.13014628685283e-07,1.012927973347515e-07,9.098191422504736e-08,8.188686593581323e-08,7.38425545065496e-08,6.670892795645551e-08,6.036687622591409e-08,5.47148360105499e-08,4.966597719639548e-08,4.514586721048056e-08,0.0184077545633922
23.5,0.005696346537107384,0.003970498815106708,0.002720204602159972,0.00184896119056364,0.001256217765133097,0.0008578675081143894,0.0005912082431146765,0.0004123370371588999,0.0002915779353392663,0.0002092586948728682,0.000152464439491675,0.0001127432716477114,8.455568754911717e-05,6.425277493150129e-05,4.941226821847906e-05,3.841015153617188e-05,3.014486124089451e-05,2.385950739406233e-05,1.902682409482875e-05,1.527425609247001e-05,1.233478893828926e-05,1.001436673599518e-05,8.170066056637804e-06,6.695299922536156e-06,5.509659198067472e-06,4.551845065494861e-06,3.774685469242791e-06,3.14157372108659e-06,2.623890019134777e-06,2.199111165962115e-06,1.849408440718967e-06,1.560596182065412e-06,1.321335466058881e-06,1.122525520076823e-06,9.568348255051498e-07,8.183372186041345e-07,7.022276494904321e-07,6.045988846871499e-07,5.222651893552017e-07,4.526224709642797e-07,3.935368927703222e-07,3.432558373467159e-07,3.003365005883849e-07,2.63588453235119e-07,2.320273108016871e-07,2.048372688369922e-07,1.813407356827426e-07,1.609736637362402e-07,1.432654680118648e-07,1.278226464370609e-07,1.143153940027062e-07,1.024666433563795e-07,9.204307586851726e-08,8.28477358981574e-08,7.471395178550235e-08,6.750032376487492e-08,6.108658445694828e-08,5.537017416026881e-08,5.026340262492959e-08,4.569109278068133e-08,0.01851664569216393
24.5,0.005713672691852762,0.003970223837431469,0.002711891413182004,0.001839467284061814,0.001248221755425297,0.0008519008015788353,0.0005870135223703117,0.0004094786169843296,0.0002896602963594611,0.000207980019997429,0.0001516116507817328,0.0001121718931171504,8.416986440678193e-05,6.398960670732828e-05,4.923065124111618e-05,3.828321189284854e-05,3.005495919456566e-05,2.379498827196941e-05,1.897992105132666e-05,1.52397400618785e-05,1.230909893159526e-05,9.995047697558724e-06,8.155403543354513e-06,6.684080997384081e-06,5.5010145903195e-06,4.545143957777819e-06,3.769464609210764e-06,3.137489108493115e-06,2.620683581185312e-06,2.196587486664997e-06,1.847418308997909e-06,1.559024818082189e-06,1.320093995435273e-06,1.12154473016655e-06,9.560605442614342e-07,8.177268606287893e-07,7.017476111032012e-07,6.042225631611009e-07,5.21971465591868e-07,4.523945394489213e-07,3.933613539675875e-07,3.431219899521844e-07,3.00235787037124e-07,2.635140234708086e-07,2.31973677814861e-07,2.048000357739137e-07,1.813163790235068e-07,1.609593605749783e-07,1.432589581510867e-07,1.278221220529158e-07,1.14319411208149e-07,1.024740512017851e-07,9.205295926040636e-08,8.285936965049791e-08,7.472676359255008e-08,6.751386433601458e-08,6.110050340999629e-08,5.538420055129154e-08,5.027732921596941e-08,4.570476332438199e-08,0.01848894972281441
25.5,0.005737219015381594,0.003971793340319348,0.00270417283011398,0.001830092865809431,0.00124011255173343,0.0008457059267247417,0.0005825457870828695,0.0004063438026842061,0.000287485229222642,0.0002064730185944827,0.0001505625187807921,0.0001114350828742402,8.364654990650991e-05,6.361321733507847e-05,4.895636981070683e-05,3.808073271293253e-05,2.990362673121495e-05,2.368057790870344e-05,1.889251886958342e-05,1.517234649198792e-05,1.225670561148828e-05,9.954023075473939e-06,8.123080319946058e-06,6.658476167960088e-06,5.48063722670765e-06,4.528861568578998e-06,3.756409016515365e-06,3.126989288265741e-06,2.612217127152303e-06,2.189745100192405e-06,1.841877516443118e-06,1.554530307468186e-06,1.31644275968763e-06,1.118574741312596e-06,9.536420498765892e-07,8.157556473590448e-07,7.001397574169751e-07,6.029103289929689e-07,5.209000564267447e-07,4.515195475060183e-07,3.926467268227834e-07,3.42538412210848e-07,2.997593870143391e-07,2.631253366856258e-07,2.316568141813013e-07,2.0454200890558e-07,1.811065649511197e-07,1.607890600571933e-07,1.431210421179686e-07,1.277107439150883e-07,1.142297730604704e-07,1.024022135506685e-07,9.199568596256842e-08,8.281400138595684e-08,7.469111449700919e-08,6.74861374577765e-08,6.107922148909682e-08,5.536814928646713e-08,5.026551072203044e-08,4.569635791505109e-08,0.01846754437056543
26.5,0.005761220819035227,0.003976408724495187,0.002699133872587683,0.001822812995273542,0.001233632909572707,0.0008407923677161861,0.0005790934573710045,0.0004040167970565569,0.0002859538603517127,0.0002054793320985184,0.0001499229933535863,0.0001110254097540937,8.338482158047927e-05,6.344631645002261e-05,4.885015501252806e-05,3.801335706011957e-05,2.986113153658609e-05,2.365404035132873e-05,1.887622502565992e-05,1.516262780056591e-05,1.225119962972297e-05,9.951203846624332e-06,8.121959556431944e-06,6.658412592570209e-06,5.481214477062736e-06,4.529809671106697e-06,3.757553642146264e-06,3.128218796970877e-06,2.61346105697098e-06,2.190960057190615e-06,1.843037876786594e-06,1.555622065816796e-06,1.317459446220048e-06,1.11951470617945e-06,9.545066561567773e-07,8.165480703735169e-07,7.008641903031296e-07,6.035714612697435e-07,5.215027363117893e-07,4.520685679367751e-07,3.931466946023639e-07,3.429936727608859e-07,3.001739860279626e-07,2.635030059477731e-07,2.320009728925245e-07,2.048557746274398e-07,1.813927701989826e-07,1.610502718769927e-07,1.433595828847346e-07,1.279287122102289e-07,1.144290639090498e-07,1.025845375891694e-07,9.216258730319908e-08,8.296687407415314e-08,7.483121754433065e-08,6.761460848683147e-08,6.11970890601876e-08,5.547634399412107e-08,5.03648751582503e-08,4.578765559829576e-08,0.0184624087228842
27.5,0.005796521586310824,0.0039795259286875,0.002691406186912272,0.001813423768911903,0.00122565081710868,0.0008348031323529825,0.0005748510957425071,0.000401095218061116,0.0002839666156388227,0.0002041314346884243,0.000149005611109757,0.0001103962121908974,8.294866761103027e-05,6.314015871725591e-05,4.863228931430135e-05,3.7856115884944e-05,2.974604177241178e-05,2.356865644320068e-05,1.881207015241577e-05,1.511385675855252e-05,1.221372823328968e-05,9.922139104075732e-06,8.099223948055506e-06,6.640494065878427e-06,5.466998337305318e-06,4.51846422199474e-06,3.748451421836295e-06,3.120881627481196e-06,2.6075212036056e-06,2.186132416964153e-06,1.839099811511699e-06,1.552398601390323e-06,1.314812286581055e-06,1.117333992781711e-06,9.527047271740278e-07,8.150546930173729e-07,6.996228898671697e-07,6.025366747088922e-07,5.206375912911602e-07,4.513431402102788e-07,3.925366338810488e-07,3.424791143232093e-07,2.997386852115633e-07,2.631336474066839e-07,2.316866175367914e-07,2.045874154886476e-07,1.811629747984263e-07,1.608528935246313e-07,1.431895270772953e-07,1.277817471971874e-07,1.143016667560524e-07,1.024737688391339e-07,9.206598872800141e-08,8.288238510937225e-08,7.475710687070042e-08,6.754941791445383e-08,6.113958742345992e-08,5.542548920640507e-08,5.031978292866464e-08,4.574757359673364e-08,0.01845607885538263
28.5,0.005828628253204566,0.003984311518238896,0.002685106874790674,0.001804943449623819,0.001218306048068698,0.0008293311446010825,0.0005710627065631676,0.0003985789224906618,0.0002823376934215498,0.0002030951774457695,0.0001483550992286834,0.0001099927245993406,8.270166482387207e-05,6.299150326090901e-05,4.854502745879348e-05,3.78069113232762e-05,2.972022258456555e-05,2.355702984995495e-05,1.880889586002378e-05,1.511556550810782e-05,1.221811429060982e-05,9.927852188372041e-06,8.105449680396395e-06,6.646752929759885e-06,5.473019134426465e-06,4.524104393306577e-06,3.753646892239636e-06,3.125615279511235e-06,2.61180312409654e-06,2.189987592880248e-06,1.842560541519121e-06,1.555499890940479e-06,1.317589126287696e-06,1.119819820027e-06,9.549306250101961e-07,8.170490423074237e-07,7.014112940012726e-07,6.041420424201167e-07,5.220803055282641e-07,4.526412682441308e-07,3.937061512639767e-07,3.435341264658665e-07,3.006916374229939e-07,2.639955186992264e-07,2.324670962584694e-07,2.052950565148674e-07,1.818053389838713e-07,1.614366706400254e-07,1.437206436999475e-07,1.282654610965055e-07,1.147426492851569e-07,1.028761767560159e-07,9.243352675277081e-08,8.321836039579697e-08,7.5064476441231e-08,6.783082998454729e-08,6.139741742665386e-08,5.56618712277874e-08,5.053663716155185e-08,4.594663035524073e-08,0.01845486512868512
29.5,0.00587614412141758,0.003990771185025023,0.002677858535058298,0.001795177436806441,0.001209776437013998,0.0008228407191672219,0.0005664164801824793,0.0003953471989609164,0.0002801162873861764,0.0002015708886727549,0.0001473041723835096,0.000109261561358406,8.218689554781233e-05,6.262413841422709e-05,4.82790694647389e-05,3.761156875853216e-05,2.957472544756319e-05,2.344722342534427e-05,1.872501582432718e-05,1.505078531613852e-05,1.216759363351011e-05,9.888109812801311e-06,8.073946492854965e-06,6.621612026180475e-06,5.452835581030989e-06,4.507814338954113e-06,3.740436297696578e-06,3.11485539911813e-06,2.603004274412204e-06,2.182765583295621e-06,1.836611988553222e-06,1.550583848513689e-06,1.313513265319146e-06,1.116429926286421e-06,9.521025462707321e-07,8.1468246358488e-07,6.994248912368866e-07,6.024696852698706e-07,5.206680653312422e-07,4.514450486185241e-07,3.926898034047688e-07,3.426679440279689e-07,2.999511502495911e-07,2.633605229413837e-07,2.319208722725146e-07,2.048237364845807e-07,1.813973943315323e-07,1.610824955704576e-07,1.434122161093419e-07,1.2799606590191e-07,1.145066522367491e-07,1.026688391675961e-07,9.225085346678164e-08,8.305697479489228e-08,7.492151751160336e-08,6.770386739075405e-08,6.128438132329924e-08,5.55609941489675e-08,5.044640582497089e-08,4.586574561839335e-08,0.01846139291923311
30.5,0.005888891104327469,0.003982269682034978,0.002663267988256808,0.00178156559811274,0.001199179225616275,0.0008152389717786629,0.0005611879052541624,0.0003918289086139981,0.0002777731787085576,0.0002000151153126424,0.0001462691719405628,0.0001085692665436462,8.172013713274475e-05,6.230635709000949e-05,4.806032526026983e-05,3.745921879007854e-05,2.946732993473063e-05,2.337060271951419e-05,1.866971096585441e-05,1.501042377032499e-05,1.213783540535936e-05,9.865964975939793e-06,8.057330620283114e-06,6.609054467264118e-06,5.44328640363503e-06,4.500515352723512e-06,3.734834001727156e-06,3.110541587028142e-06,2.599675052909986e-06,2.180192771550689e-06,1.834622929373394e-06,1.54904699684569e-06,1.31232778870519e-06,1.115518122391793e-06,9.51404260269194e-07,8.14150940507642e-07,6.990236685914026e-07,6.021702471949701e-07,5.204480593740999e-07,4.51286921733166e-07,3.925797527838834e-07,3.425951060767662e-07,2.999069708709946e-07,2.633382666806339e-07,2.319152383750926e-07,2.048305576641144e-07,1.814133997971741e-07,1.611051241698118e-07,1.434394686894273e-07,1.280263884535474e-07,1.145388432671379e-07,1.027019761876137e-07,9.228423459090958e-08,8.309007231213189e-08,7.495394095455954e-08,6.773533415179951e-08,6.131469327503748e-08,5.559001904669358e-08,5.047406252103974e-08,4.589199231736879e-08,0.01840330717817961
31.5,0.005950685198054691,0.003996092926581944,0.002660771890012952,0.001775137731222608,0.001193057605329241,0.0008105017679810738,0.0005578264438717764,0.0003895456586411765,0.0002762581170526554,0.0001990219056323713,0.0001456214844375142,0.000108147231949906,8.144451796371913e-05,6.212557371010383e-05,4.794106299966861e-05,3.738002218212975e-05,2.9414373960657e-05,2.33349522997654e-05,1.864556307755695e-05,1.499398554629383e-05,1.212660919746429e-05,9.858292274707103e-06,8.052100231249356e-06,6.605514936352163e-06,5.44092474788269e-06,4.498978118077356e-06,3.73387547438011e-06,3.109989528839095e-06,2.59940782467232e-06,2.180123913679903e-06,1.834690667153339e-06,1.549207026757298e-06,1.31254827134568e-06,1.115776173716395e-06,9.516834702092467e-07,8.144396029536038e-07,6.993135086878522e-07,6.024554995612385e-07,5.207247961716782e-07,4.515525601165919e-07,3.928326921538343e-07,3.428344599319401e-07,3.001323680482647e-07,2.635497037826817e-07,2.321129701461455e-07,2.050150156165733e-07,1.815851319416071e-07,1.612647505503306e-07,1.43587648777819e-07,1.281637974494129e-07,1.146661550867436e-07,1.028198514713338e-07,9.239331246824196e-08,8.319096497047326e-08,7.504723028947147e-08,6.782156995159884e-08,6.1394392525305e-08,5.566366604119214e-08,5.05421095423258e-08,4.595486070891287e-08,0.01844910679298323
32.5,0.00601469108033325,0.004010704648138223,0.002658102404505517,0.001768181091924008,0.001186364712228666,0.0008052653292687327,0.0005540624809789879,0.0003869483550142749,0.0002745005340053124,0.0001978411816966351,0.0001448277682766213,0.0001076103480968532,8.107760715733695e-05,6.18714748141951e-05,4.776236681729553e-05,3.725224388806445e-05,2.932141973273365e-05,2.326616428747954e-05,1.859381180035758e-05,1.495444338114951e-05,1.209596176292727e-05,9.834229802954517e-06,8.032987690673222e-06,6.590176439478519e-06,5.428501308877614e-06,4.488832761654859e-06,3.725529144725754e-06,3.103077215957479e-06,2.593648101665566e-06,2.175297474694086e-06,1.830624983305227e-06,1.545765216967692e-06,1.309620917750113e-06,1.113275223450691e-06,9.495376363466113e-07,8.12590857414467e-07,6.97714380932684e-07,6.010669771681205e-07,5.195146800825448e-07,4.50494166887961e-07,3.919038235096507e-07,3.420165799418434e-07,2.994099427784991e-07,2.629096689284805e-07,2.315443000705113e-07,2.045083731605946e-07,1.811325828726794e-07,1.608595299559597e-07,1.432239693648655e-07,1.278366917675152e-07,1.143713453033122e-07,1.025536415897216e-07,9.215249887936745e-08,8.297276202075094e-08,7.484920817955579e-08,6.764160278573061e-08,6.123061473663973e-08,5.551443574506021e-08,5.040597763308272e-08,4.583054472953451e-08,0.01849419078118357
33.5,0.006037033719852898,0.003999745015536221,0.002640057685475508,0.001751856743395879,0.001173817702672124,0.0007962688575820692,0.0005478200072522098,0.0003826785608666714,0.000271590670737309,0.000195851894731503,0.0001434574160302141,0.0001066562898313555,8.040502063309395e-05,6.139085259138281e-05,4.74141123337432e-05,3.699641649275892e-05,2.913100552486969e-05,2.31226887882846e-05,1.848448269095149e-05,1.487028482089251e-05,1.203058954511475e-05,9.783041085252116e-06,7.992619945251632e-06,6.55814227985761e-06,5.402939107805905e-06,4.46833420645108e-06,3.70901844764524e-06,3.089725400198909e-06,2.582811392764673e-06,2.16647246541242e-06,1.823415618245915e-06,1.539858211146512e-06,1.304767267200183e-06,1.109276168121659e-06,9.46233913141756e-07,8.098544097766704e-07,6.954419201027795e-07,5.991749513305769e-07,5.179353224073598e-07,4.491723762149836e-07,3.907946917091189e-07,3.410834243716944e-07,2.986227352577356e-07,2.622437774004213e-07,2.309794778543883e-07,2.040279449611104e-07,1.807227876691286e-07,1.605089893497213e-07,1.42923256531583e-07,1.275779812861612e-07,1.141481281533393e-07,1.023604927715979e-07,9.19848876141271e-08,8.282689646664769e-08,7.472190818056893e-08,6.753019542411526e-08,6.113284846712913e-08,5.542840969412788e-08,5.033008329390165e-08,4.57634178041899e-08,0.01842931396420766
34.5,0.006075647571202515,0.003990753242997211,0.002619571488610081,0.001732176610798553,0.001158143106377257,0.0007846682656564507,0.0005395016703783759,0.0003767811229320559,0.0002674097210992939,0.0001928678953993865,0.0001413047538505772,0.0001050831825882962,7.92394373444852e-05,6.051518856868982e-05,4.674748159124686e-05,3.648264217865063e-05,2.87305941932056e-05,2.280749583633037e-05,1.823416388217651e-05,1.466992386140224e-05,1.18690988036192e-05,9.652072024506175e-06,7.885811653714609e-06,6.470596215549968e-06,5.330846802435715e-06,4.408709649798487e-06,3.659503051172176e-06,3.048443972989278e-06,2.548264469917082e-06,2.137454897433492e-06,1.798954382393336e-06,1.519164468261736e-06,1.287199098355819e-06,1.094309402741874e-06,9.334391462021871e-07,7.988787934610365e-07,6.859946666195074e-07,5.910157397868358e-07,5.108649916571947e-07,4.430254265849245e-07,3.854332247249685e-07,3.363922303715711e-07,2.945053006890293e-07,2.586190314131838e-07,2.27779134975176e-07,2.011943296987267e-07,1.782070497528607e-07,1.582696363454831e-07,1.409249448912152e-07,1.257905182753269e-07,1.125456461999793e-07,1.009207650636353e-07,9.06887596281445e-08,8.165781282251878e-08,7.366551802126532e-08,6.657402259705507e-08,6.026601527745381e-08,5.464140502553057e-08,4.961456754013435e-08,4.511205839690487e-08,0.01836105200897516
35.5,0.006109019428451286,0.003982243330483057,0.00260181160859202,0.001715651421425517,0.001145334235978145,0.0007754447874794632,0.0005330784823918794,0.0003723692113696374,0.0002643866620445924,0.0001907865854499598,0.0001398580552169589,0.0001040647129703119,7.851183578506536e-05,5.998718727502376e-05,4.635821476190458e-05,3.619120930696811e-05,2.850922065695576e-05,2.263708041749754e-05,1.810138342339936e-05,1.456534511539262e-05,1.178593981861094e-05,9.585382812053736e-06,7.831926577053201e-06,6.426763591105685e-06,5.294975047531683e-06,4.379190852540768e-06,3.635088565408312e-06,3.028155415562639e-06,2.531329134269777e-06,2.123258242903592e-06,1.787004634986633e-06,1.509065932440849e-06,1.278631819212689e-06,1.087013517301867e-06,9.272027387933174e-07,7.935283984710406e-07,6.813877914161866e-07,5.870349430263259e-07,5.074131687203622e-07,4.400220385099679e-07,3.828112692123373e-07,3.340957996816313e-07,2.924876059894587e-07,2.56840799474761e-07,2.262073032631627e-07,1.998009814384096e-07,1.769685426033793e-07,1.571658877317605e-07,1.399388444383141e-07,1.24907443625313e-07,1.117530631171649e-07,1.002078964151945e-07,9.004631076676016e-08,8.107774325278642e-08,7.314085112375614e-08,6.609868670823086e-08,5.983471065455813e-08,5.424949222185516e-08,4.925797352412018e-08,4.478719740523993e-08,0.0183081519920376
36.5,0.00616818357818282,0.003991651256557805,0.002595660005791066,0.001706654003377876,0.001137510425473575,0.0007696085724888456,0.0005290163158435421,0.0003696424745454995,0.0002625925329577478,0.0001896188969458127,0.0001391022449037301,0.0001035765730751757,7.819665582888116e-05,5.978355275168405e-05,4.622655870611769e-05,3.610610146231905e-05,2.845431075509036e-05,2.260183205566048e-05,1.807898201167075e-05,1.455136309048677e-05,1.177748577326434e-05,9.580558407953164e-06,7.829478904591316e-06,6.425861719046998e-06,5.295065666040498e-06,4.379904469294187e-06,3.636178161969519e-06,3.029456059809934e-06,2.532731204354363e-06,2.124689550780348e-06,1.788418409482339e-06,1.510432688284496e-06,1.27993382218734e-06,1.0882409965538e-06,9.283512833992494e-07,7.945971622285243e-07,6.823782527525277e-07,5.879500483882892e-07,5.082567422034833e-07,4.407983770849673e-07,3.835248677176668e-07,3.347511666979244e-07,2.930891433705862e-07,2.573927263869909e-07,2.267136112156363e-07,2.002654107385236e-07,1.773945734567179e-07,1.575567411803843e-07,1.40297489735681e-07,1.252366096484104e-07,1.120552521333305e-07,1.004853990344618e-07,9.030122127818667e-08,8.131197480612719e-08,7.335615040529959e-08,6.629664789261645e-08,6.00167885080598e-08,5.441701429785544e-08,4.941215143624163e-08,4.492913719358799e-08,0.0183360658085822
37.5,0.006234034483202527,0.004001550005682721,0.002588976093007081,0.001697015317414182,0.001129077537281567,0.0007632127946574752,0.0005244475100409546,0.0003664640646812571,0.0002604018269718332,0.0001881075468120402,0.0001380517016813964,0.0001028376132857555,7.766919850215168e-05,5.9400923855309e-05,4.594431557281905e-05,3.589445280689175e-05,2.829309859014159e-05,2.247725005280824e-05,1.798143963375285e-05,1.447409494542196e-05,1.171564239402972e-05,9.530607526330319e-06,7.78880739186601e-06,6.39250786238997e-06,5.267536726221602e-06,4.357050566632137e-06,3.617103782830049e-06,3.013457006029566e-06,2.519248986011439e-06,2.113277911175997e-06,1.778718413840433e-06,1.502153947245229e-06,1.272840173949421e-06,1.082139474451053e-06,9.230835358633079e-07,7.900327251955977e-07,6.78409236500677e-07,5.844869148437562e-07,5.052249302011631e-07,4.381355920191442e-07,3.81178895242161e-07,3.326781022134118e-07,2.912519531142094e-07,2.557600741983667e-07,2.25258899029572e-07,1.989659916425703e-07,1.762311045405678e-07,1.565126499707932e-07,1.39358533180942e-07,1.243905087084412e-07,1.112913882849405e-07,9.979456159870225e-08,8.967539655777938e-08,8.074416969386729e-08,7.2840244473098e-08,6.582726906121796e-08,5.958920828113767e-08,5.402705926197249e-08,4.905612831247041e-08,4.460376920318157e-08,0.01836519076968228
38.5,0.006240119971613658,0.003973858850712998,0.002558378193633326,0.001671980141311752,0.001110596282807044,0.0007501617551367764,0.0005154023965295157,0.0003602270695195631,0.0002560877323947239,0.0001850985469706552,0.000135928354675672,0.0001013186261263418,7.656652316292135e-05,5.858849533944217e-05,4.533703052533696e-05,3.54342847476424e-05,2.794000165948231e-05,2.22032114646393e-05,1.776658159151487e-05,1.430410539594548e-05,1.158006780458124e-05,9.421706938864214e-06,7.700774214161035e-06,6.320934588745497e-06,5.209041738553583e-06,4.309014299302429e-06,3.577479594468072e-06,2.98063375375769e-06,2.491949865636372e-06,2.090485082349892e-06,1.759616204271322e-06,1.486085617144637e-06,1.259274699019803e-06,1.070645815322222e-06,9.133105605816598e-07,7.816934410607234e-07,6.712683351240353e-07,5.783508841009078e-07,4.999341684395036e-07,4.33558093552413e-07,3.77205175560483e-07,3.29217105985468e-07,2.882277446295721e-07,2.531091531248179e-07,2.229280176366107e-07,1.969103754302288e-07,1.744129983170923e-07,1.549001271801917e-07,1.379245186909556e-07,1.231119750843591e-07,1.101486933672456e-07,9.877090141099581e-08,8.875635253332165e-08,7.991733318604854e-08,7.209490471105817e-08,6.515415328626274e-08,5.898026487804582e-08,5.347527638081301e-08,4.85553818396156e-08,4.414869504717717e-08,0.01822541193016627
39.5,0.00631460302349415,0.003986089078681483,0.002552280765415524,0.00166245807861904,0.001102176797671211,0.0007437767587216026,0.0005108620999596948,0.0003570925340712968,0.0002539493957354425,0.0001836420339082339,0.0001349310306449424,0.0001006289208265236,7.608325989781262e-05,5.824470628879787e-05,4.508844701736757e-05,3.525153294619001e-05,2.780344398873543e-05,2.20995823193383e-05,1.76868063280335e-05,1.424188774731402e-05,1.153097244508737e-05,9.382560243436178e-06,7.669269688449458e-06,6.295370443687248e-06,5.188144301950363e-06,4.291817633533768e-06,3.563242277368131e-06,2.968780507626992e-06,2.482030007235322e-06,2.082142512465231e-06,1.752567424782903e-06,1.480103412471815e-06,1.254175871645868e-06,1.066281863384024e-06,9.095605190287821e-07,7.784583338195609e-07,6.684668407050721e-07,5.759159248326283e-07,4.978102094096896e-07,4.316989915119403e-07,3.755724572154266e-07,3.27778583778152e-07,2.869563993469645e-07,2.519822285739508e-07,2.219262846518007e-07,1.960175316534674e-07,1.736151772533434e-07,1.541854955014562e-07,1.372829450319292e-07,1.22534756922339e-07,1.096283312211858e-07,9.830091168838969e-08,8.833111201964122e-08,7.953194950208504e-08,7.174510812979592e-08,6.483620615799186e-08,5.869088560324053e-08,5.321157542855252e-08,4.831480776151706e-08,4.392898880390919e-08,0.0182668239254714
40.5,0.006337145981197281,0.003969803458390885,0.002529415963931438,0.001642573027027712,0.001087077746304976,0.000732925581566551,0.0005032392311009182,0.0003517718918181592,0.0002502246435371559,0.0001810116636468819,0.0001330506593110873,9.92655239479509e-05,7.507979937264812e-05,5.749505699304098e-05,4.452035518606689e-05,3.481527757096884e-05,2.746436615958362e-05,2.183317569055721e-05,1.747548303629326e-05,1.4072835200268e-05,1.139472052572276e-05,9.272012949685893e-06,7.579042425070995e-06,6.221330265764069e-06,5.127086366761878e-06,4.241234181547157e-06,3.521155303226301e-06,2.933618881261061e-06,2.4525380587541e-06,2.05731120388115e-06,1.73158195927857e-06,1.46230296274016e-06,1.239022352663984e-06,1.053335530872005e-06,8.984607716090563e-07,7.689085185601943e-07,6.602221636308607e-07,5.687737869227625e-07,4.916024493200242e-07,4.262856356026087e-07,3.70836667027169e-07,3.236225589687205e-07,2.832980459802738e-07,2.487524426285089e-07,2.19066731631561e-07,1.934788274018255e-07,1.713553940852788e-07,1.521689327717044e-07,1.354791151469717e-07,1.209175472638722e-07,1.081753100017488e-07,9.699275180949636e-08,8.715111186224611e-08,7.846563349290101e-08,7.077989308655695e-08,6.396112197320457e-08,5.789634089873037e-08,5.248916049697117e-08,4.765712848143646e-08,4.332952633247208e-08,0.01817728814152464
41.5,0.006354251659801802,0.003949716308183685,0.002504472061830193,0.001621709106258078,0.001071633965870174,0.0007220747426656301,0.0004957905855228883,0.0003467006883182849,0.0002467695690969303,0.0001786421909694797,0.000131408521405087,9.811239893939619e-05,7.42580231989875e-05,5.690024838432689e-05,4.408305217004823e-05,3.448886485929572e-05,2.721721785697054e-05,2.164356032844335e-05,1.732825740685007e-05,1.395729032809343e-05,1.130316897562358e-05,9.198854211949226e-06,7.520138080432113e-06,6.173581258126601e-06,5.088143276792899e-06,4.209295914467698e-06,3.494827224273829e-06,2.911811421090743e-06,2.434393233675206e-06,2.042148654033806e-06,1.718858822112995e-06,1.451583687500319e-06,1.229955752134381e-06,1.045637168202443e-06,8.918993261771466e-07,7.632951516145021e-07,6.554021677309553e-07,5.646199895194563e-07,4.880099743618603e-07,4.231677239433718e-07,3.681213275288117e-07,3.212498749738122e-07,2.81218001397901e-07,2.469231618221488e-07,2.174530501515539e-07,1.920511281820098e-07,1.700886573352578e-07,1.510419584028234e-07,1.344738848806849e-07,1.200187001150138e-07,1.073697100047011e-07,9.626913096476852e-08,8.649977455574888e-08,7.787821125824326e-08,7.02491406798483e-08,6.348074741750936e-08,5.746086351550324e-08,5.209379204058416e-08,4.729767338242535e-08,4.300229777669104e-08,0.0180776713464948
42.5,0.00641777795944681,0.00395555357029429,0.002494642389368321,0.001609978766301767,0.001061863928981879,0.0007148285891087229,0.0004906780209002502,0.000343171816459905,0.0002443512433516868,0.0001769820079422135,0.0001302601062749906,9.730877807974855e-05,7.368769421452445e-05,5.648913253387975e-05,4.378187348232639e-05,3.426465686990344e-05,2.704772352600727e-05,2.1513576971327e-05,1.722725979376189e-05,1.387788358845392e-05,1.124007725624491e-05,9.148254897822287e-06,7.479219433906549e-06,6.140245232893123e-06,5.060803347346172e-06,4.18673765874946e-06,3.476110795616119e-06,2.896202318962689e-06,2.421312442156572e-06,2.031136218697721e-06,1.7095468837234e-06,1.443676265543492e-06,1.223213413500296e-06,1.039865279007558e-06,8.869389650485776e-07,7.590160230592854e-07,6.516970346978695e-07,5.614002710664938e-07,4.852022446191685e-07,4.207109136699934e-07,3.65964477107718e-07,3.193503228234115e-07,2.795399180275685e-07,2.45436359571158e-07,2.161320137428053e-07,1.908742228150575e-07,1.690374800155127e-07,1.50100805194513e-07,1.336293122504563e-07,1.192591628505585e-07,1.066852616109322e-07,9.565117515765421e-08,8.594085864267639e-08,7.737185393047892e-08,6.978968813764425e-08,6.306325287206955e-08,5.708098601946915e-08,5.174771133328626e-08,4.698201803211678e-08,4.271408438651095e-08,0.01809143469535164
43.5,0.006440982160954699,0.003938112514929279,0.002471251996058224,0.001590168633879809,0.001047160411275447,0.000704498534751006,0.0004835946857667307,0.0003383569500235298,0.0002410768600987827,0.0001747409216336666,0.0001287101306276146,9.62225794235375e-05,7.291510612682056e-05,5.593090812271144e-05,4.337209215086154e-05,3.395916955477109e-05,2.681664107394983e-05,2.133640568247966e-05,1.708974949141132e-05,1.376997745942678e-05,1.115456971498317e-05,9.079905388400783e-06,7.424161191553054e-06,6.095586144077199e-06,5.02435298219964e-06,4.156818007933798e-06,3.451423169211205e-06,2.875732396348707e-06,2.404261580995867e-06,2.016871086169371e-06,1.697562050103309e-06,1.433566094796319e-06,1.214650711394182e-06,1.03258491567072e-06,8.807252031884077e-07,7.536926371445867e-07,6.471195533205197e-07,5.574498491194844e-07,4.81780796720268e-07,4.177372306585358e-07,3.633711137062204e-07,3.170810936741241e-07,2.775478761026058e-07,2.43682158772457e-07,2.145825787255119e-07,1.895016653783288e-07,1.678182140314571e-07,1.490148218827647e-07,1.326595853123294e-07,1.183911590446122e-07,1.059065371509784e-07,9.495104212531524e-08,8.531010864397122e-08,7.680252865458282e-08,6.927488842370285e-08,6.259697945622818e-08,5.665800639696982e-08,5.136344819078844e-08,4.663245553163165e-08,4.23956892527725e-08,0.01800573252173919
44.5,0.006449071264547304,0.003915248192284051,0.002445320157947883,0.001568805761659315,0.001031309190474358,0.0006932389007644599,0.0004757357905772602,0.0003328929154088921,0.0002372619498966697,0.0001720527559282475,0.0001267924572003121,9.483520239338459e-05,7.189645464166202e-05,5.51719046661955e-05,4.279852414938451e-05,3.352000273507729e-05,2.647633142503701e-05,2.106984928113077e-05,1.687895538234322e-05,1.360186206000929e-05,1.101948184594477e-05,8.970629255104671e-06,7.335234133757173e-06,6.022825520251916e-06,4.964523472153018e-06,4.107394320109106e-06,3.410418407504049e-06,2.841572229389088e-06,2.375690805844424e-06,1.992883420486004e-06,1.677346804843481e-06,1.416467272026965e-06,1.200135357928584e-06,1.020218448179653e-06,8.701520372586654e-07,7.446208883000222e-07,6.393088895545304e-07,5.507018001299975e-07,4.759309904388202e-07,4.12649150281527e-07,3.589310602914859e-07,3.131941088401278e-07,2.741344323737673e-07,2.40675465874529e-07,2.119263856999212e-07,1.87148462982349e-07,1.657277611673485e-07,1.471529349803957e-07,1.309971415994571e-07,1.169032741774309e-07,1.045718852803648e-07,9.37512925537202e-08,8.422945810356878e-08,7.582731215789971e-08,6.839325479831815e-08,6.179862022844358e-08,5.593392875656096e-08,5.070578444591511e-08,4.603430282591646e-08,4.185097442622975e-08,0.01788885649631402
45.5,0.00649527545978307,0.003911829060069788,0.002430513607259726,0.00155421236105471,0.0010197553633947,0.0006847975324787916,0.0004697749859044241,0.0003287365536282194,0.0002343659995260452,0.0001700218850564493,0.0001253524354834646,9.379993246862764e-05,7.114073433043741e-05,5.461153492200155e-05,4.237658727846319e-05,3.319766994997496e-05,2.622679512553288e-05,2.087434229137122e-05,1.672414014905501e-05,1.347811165096234e-05,1.091974001905406e-05,8.889647161313488e-06,7.26905318570086e-06,5.968422361092269e-06,4.919562719354854e-06,4.070053785693974e-06,3.379263684408892e-06,2.815465370090854e-06,2.353722887240939e-06,1.974324091238099e-06,1.661606082879035e-06,1.403066302969884e-06,1.188683815494578e-06,1.0103969182826e-06,8.61698183511678e-07,7.373185155819585e-07,6.329792485867919e-07,5.451966387142161e-07,4.711269755470821e-07,4.084433726349611e-07,3.552373983188228e-07,3.099402781254053e-07,2.712595841828328e-07,2.381282271403521e-07,2.096632551330029e-07,1.851324953425135e-07,1.639274853535649e-07,1.455414623327112e-07,1.295514293119775e-07,1.156035154861216e-07,1.034010034903783e-07,9.269452029747493e-08,8.327398669707974e-08,7.496199872366546e-08,6.760837708528759e-08,6.108567089102322e-08,5.528544234047701e-08,5.011519153665701e-08,4.549580679930358e-08,4.135944704339161e-08,0.01786134412970083
46.5,0.006505934554747697,0.003890889058863287,0.002406332363558886,0.001534292308642384,0.001005034009525984,0.0006744017764112038,0.0004625701434448763,0.0003237665977201729,0.0002309250296080832,0.000167617908908541,0.0001236518911107597,9.257941765525369e-05,7.025108288634104e-05,5.395284927070757e-05,4.188147626729232e-05,3.282019533627783e-05,2.593524286935655e-05,2.064650506229408e-05,1.654423157357639e-05,1.333473649687168e-05,1.080454788628715e-05,8.796430181244564e-06,7.193133935934686e-06,5.906233061418712e-06,4.868351788565187e-06,4.02767819401201e-06,3.34403984877153e-06,2.786060546994311e-06,2.329074980151742e-06,1.953581681827427e-06,1.644083060458859e-06,1.388207175175162e-06,1.176036934842897e-06,9.995936451645665e-07,8.524365496047074e-07,7.29350332518632e-07,6.260998772026167e-07,5.392368288670625e-07,4.659463283865352e-07,4.039250818650009e-07,3.512840050751276e-07,3.064702329357387e-07,2.682044542492416e-07,2.354304215311018e-07,2.0727416702574e-07,1.830109811256924e-07,1.620386165726972e-07,1.438554992025536e-07,1.280429745861868e-07,1.142508154729408e-07,1.021853693772957e-07,9.159984804586581e-08,8.228635785754739e-08,7.406934781264819e-08,6.680021381661887e-08,6.035284770073439e-08,5.461995938044178e-08,4.95100327228824e-08,4.494480164755639e-08,4.085715395926111e-08,0.01775696251597924
47.5,0.006503726344297173,0.003861522146164113,0.002376869602268399,0.001511033928976002,0.0009881471155357856,0.0006625607425803334,0.0004543749094311839,0.0003181019005331921,0.0002269865963077311,0.0001648512143898877,0.0001216825864114878,9.115688700981979e-05,6.920763335270198e-05,5.31757381049369e-05,4.129425509113902e-05,3.237043840454523e-05,2.55865204138811e-05,2.037313459237731e-05,1.632783309751842e-05,1.316195649593947e-05,1.066554174567981e-05,8.683839093963818e-06,7.101386451896493e-06,5.831061719632616e-06,4.806453783015808e-06,3.976473667543128e-06,3.301497234882683e-06,2.75056859832039e-06,2.299347768324002e-06,1.928587213171068e-06,1.622989040606154e-06,1.370339390905207e-06,1.160847033636059e-06,9.866339940585383e-07,8.413404819345798e-07,7.198165332444007e-07,6.178799734335044e-07,5.321254808361005e-07,4.59773283661951e-07,3.985487797675037e-07,3.465864113105251e-07,3.023526548468691e-07,2.645841408268607e-07,2.322377936711052e-07,2.044505555633462e-07,1.805067751678718e-07,1.598117442505695e-07,1.418701784155289e-07,1.262686835424795e-07,1.126614425552439e-07,1.007585096199308e-07,9.031621971820139e-08,8.112931763169108e-08,7.302448700376118e-08,6.585502141945483e-08,5.949642856184217e-08,5.384279796490348e-08,4.88037946550607e-08,4.430216660473891e-08,4.027167463727737e-08,0.01761529566552461
48.5,0.006520128367833928,0.00384554455371931,0.002356173271692403,0.001493349207061893,0.0009747715254275839,0.0006529293367218702,0.0004475735644185968,0.0003133200072903578,0.0002236098045670377,0.0001624434244820336,0.000119943522183738,8.988247746722127e-05,6.825959207681002e-05,5.246001137331744e-05,4.074634588793587e-05,3.19456120734151e-05,2.525332787718799e-05,2.010913862902104e-05,1.611678051381546e-05,1.299189491789973e-05,1.052755377620403e-05,8.571181601637443e-06,7.008897584286906e-06,5.754746501979415e-06,4.743190193030134e-06,3.923801029278492e-06,3.25746164296965e-06,2.713608427929723e-06,2.26820777652602e-06,1.902253329879184e-06,1.600638340400571e-06,1.35130135010603e-06,1.144573278288779e-06,9.726745065884091e-07,8.293247689505629e-07,7.094386374129599e-07,6.088864867274535e-07,5.243059169663553e-07,4.529523158332635e-07,3.925799608994051e-07,3.413470778002355e-07,2.977397790223831e-07,2.605109465610296e-07,2.286309878819416e-07,2.012480581928942e-07,1.77655853687392e-07,1.57267477255096e-07,1.395941875531999e-07,1.24228084713984e-07,1.108279766596176e-07,9.910782061083467e-08,8.882725375472315e-08,7.978382196015619e-08,7.180659112784488e-08,6.475088629095409e-08,5.849395210092716e-08,5.293136731341832e-08,4.797407727265724e-08,4.354593370976761e-08,3.958165163214123e-08,0.01752949519742638
49.5,0.006506123759069964,0.00381429114415558,0.002327569795235648,0.001471438924211702,0.0009590724122597279,0.0006419893877615792,0.0004400217769740968,0.0003081028054586601,0.0002199796397354911,0.0001598891222152588,0.0001181214586103547,8.856304822306348e-05,6.728923417872353e-05,5.173542777447958e-05,4.019740794643789e-05,3.152414566217421e-05,2.492578878029375e-05,1.985182468237088e-05,1.591268819056547e-05,1.282864059402751e-05,1.039598591993971e-05,8.464443645546837e-06,6.92178696835356e-06,5.683270182720565e-06,4.684251920950059e-06,3.874978097645026e-06,3.21684320155727e-06,2.679676753939055e-06,2.239749947904643e-06,1.878294721636963e-06,1.580392002007601e-06,1.334129091750243e-06,1.129955495721363e-06,9.601866011854051e-07,8.186185960838307e-07,7.002278235136522e-07,6.009347470231007e-07,5.174177173411095e-07,4.469653775088136e-07,3.873592219248452e-07,3.367798118708285e-07,2.937316377264024e-07,2.569827412917957e-07,2.255160662872627e-07,1.984901600151521e-07,1.752073542585221e-07,1.550879452930417e-07,1.376491984113725e-07,1.224882417308668e-07,1.092681024019014e-07,9.770628710598261e-08,8.756542665770571e-08,7.864559829703956e-08,7.077801404225155e-08,6.381982327351565e-08,5.764982565272173e-08,5.216492899755171e-08,4.727721773527576e-08,4.291152257591113e-08,3.900340226126025e-08,0.01738059262306034
50.5,0.00650124408038776,0.003789242083363623,0.002303050722278711,0.001452203243336256,0.0009451363006927172,0.000632225558726236,0.0004332659364521544,0.0003034325131290312,0.0002167310386093309,0.0001576050120914936,0.0001164934633787466,8.738489317150909e-05,6.642301176763005e-05,5.10884929433334e-05,3.970697990270907e-05,3.114718782056219e-05,2.463239661943573e-05,1.962090751707202e-05,1.572913906511502e-05,1.268146910441102e-05,1.0277074991947e-05,8.367712425601888e-06,6.842619886481817e-06,5.618122059856599e-06,4.63037078339639e-06,3.830207670524643e-06,3.179480070594186e-06,2.648365573214298e-06,2.213405514889816e-06,1.856043304145353e-06,1.561526657758159e-06,1.318075296713164e-06,1.11624446396058e-06,9.484344104425938e-07,8.085097419605376e-07,6.915021836457543e-07,5.933771928753829e-07,5.108497968293046e-07,4.412386277860926e-07,3.823497727252899e-07,3.323840156524799e-07,2.898625203628142e-07,2.535671110566728e-07,2.224921528097519e-07,1.95805681244264e-07,1.728179300846726e-07,1.529557926786536e-07,1.357420556862664e-07,1.207784798700033e-07,1.077319891997587e-07,9.632337663578876e-08,8.631805159644297e-08,7.751844687403923e-08,6.975777673773206e-08,6.289489711647879e-08,5.681006617376435e-08,5.140144168314747e-08,4.658218228687101e-08,4.227804446428138e-08,3.842538703560524e-08,0.01725949238818244
51.5,0.006454391621090212,0.003742454244739294,0.002266556603175712,0.00142595208261407,0.0009268582505197883,0.0006196475341414813,0.0004246157304475255,0.0002974468828629901,0.0002125453787439128,0.0001546387440509885,0.00011435962623632,8.582562900951211e-05,6.526567067365346e-05,5.021649805592699e-05,3.904073218917362e-05,3.063161645891492e-05,2.422884401033708e-05,1.930182123984437e-05,1.547457749778518e-05,1.247678061955952e-05,1.011133983720484e-05,8.232683593804689e-06,6.731993315776757e-06,5.527026476672889e-06,4.555005789576631e-06,3.767583199954867e-06,3.127226129379155e-06,2.60459141170302e-06,2.176594069091456e-06,1.824971158748294e-06,1.535202728373505e-06,1.29569341762238e-06,1.097146427491664e-06,9.320809463551075e-07,7.944575870011778e-07,6.793858625417735e-07,5.828944718578762e-07,5.017500190325363e-07,4.333133234098288e-07,3.754250740601733e-07,3.263145106977792e-07,2.845262577575272e-07,2.488615297582658e-07,2.183307569663197e-07,1.921153173482764e-07,1.695365522240207e-07,1.500306243398555e-07,1.331280744878683e-07,1.184371658518682e-07,1.056302886611845e-07,9.44328426143086e-08,8.461412938394584e-08,7.597987884704048e-08,6.836610552371293e-08,6.163404995601059e-08,5.566600644865865e-08,5.036187610693168e-08,4.563631430911518e-08,4.14163661154166e-08,3.76395028064849e-08,0.01704137789136687
52.5,0.006439059135710275,0.003713087853013273,0.002240352233252611,0.001406153468121863,0.0009128232003842937,0.0006099638400590462,0.0004179982885981005,0.0002929238759396637,0.0002094341896070173,0.0001524762491989379,0.0001128367147684244,8.473723728075613e-05,6.447570063223968e-05,4.96341718531548e-05,3.860499258602321e-05,3.030094565372253e-05,2.397464657677997e-05,1.910412198007914e-05,1.531921387730702e-05,1.235355873029423e-05,1.001281268129532e-05,8.153333116818182e-06,6.667676139262161e-06,5.474593339327956e-06,4.512036586616255e-06,3.732199842243909e-06,3.097958455626751e-06,2.580279757391123e-06,2.156317516824361e-06,1.807994034276895e-06,1.520934239494886e-06,1.283656887096329e-06,1.086955618140163e-06,9.234216906855934e-07,7.870734271072545e-07,6.730667514166026e-07,5.774678322084476e-07,4.97073631662994e-07,4.292696452531326e-07,3.719166801610268e-07,3.232604245739982e-07,2.818589872900431e-07,2.465246657700893e-07,2.162770222697188e-07,1.903049776489871e-07,1.679361185993477e-07,1.486117913212681e-07,1.318668490173509e-07,1.173131512475976e-07,1.046260947526425e-07,9.35335987934762e-08,8.38070817773549e-08,7.525405638210046e-08,6.771204252737624e-08,6.104355522928375e-08,5.513197062024595e-08,4.987811057286166e-08,4.519741628325763e-08,4.101760530446721e-08,3.72767260269355e-08,0.01690449810794279
53.5,0.00640660527436355,0.003678346832308381,0.002212589128428638,0.001385990525339996,0.0008987599045573188,0.0006003181015137437,0.0004114097910299748,0.0002884073080070575,0.0002063106808155515,0.0001502894216800329,0.0001112831889664603,8.361596214281626e-05,6.365311085949451e-05,4.902095204127217e-05,3.814083466418976e-05,2.994463032961077e-05,2.369760552490063e-05,1.888625297448604e-05,1.514614767845191e-05,1.221486100903773e-05,9.900789749711547e-06,8.062229588278141e-06,6.593128867302425e-06,5.413254498473937e-06,4.461309617154847e-06,3.690051645169282e-06,3.062783802283998e-06,2.550801968960955e-06,2.131514710301632e-06,1.787043656847943e-06,1.503170874125666e-06,1.268539821372347e-06,1.074043688300066e-06,9.123536110859721e-07,7.775523000102951e-07,6.648477930593831e-07,5.70348594466066e-07,4.908861746031036e-07,4.238742447939295e-07,3.671967506266671e-07,3.191184076057833e-07,2.782130128542099e-07,2.433058324995819e-07,2.134271763617141e-07,1.877748943736702e-07,1.656840098823544e-07,1.466020781153072e-07,1.300691492275828e-07,1.157014435361306e-07,1.031780261640734e-07,9.222991023266545e-08,8.263113025436425e-08,7.419141686737335e-08,6.67501754280492e-08,6.017152805828378e-08,5.434022450447743e-08,4.915826393105409e-08,4.454209937405527e-08,4.042032046175731e-08,3.673172931077719e-08,0.01674284047702095
54.5,0.006353497782954134,0.003632543350858716,0.002178648809182645,0.00136213690850936,0.0008823294393569572,0.0005890587098425289,0.0004036693786756732,0.0002830414129149461,0.0002025470932647185,0.0001476130182147963,0.0001093513227231225,8.22000923052734e-05,6.259978095257366e-05,4.82261231223924e-05,3.753312987008422e-05,2.947441834490269e-05,2.332987395291407e-05,1.859593224042405e-05,1.491501959895117e-05,1.202949529161705e-05,9.751150989174506e-06,7.940724954283436e-06,6.493948171200219e-06,5.331906365062834e-06,4.394290792361989e-06,3.634607877458378e-06,3.016734576427638e-06,2.512410386574732e-06,2.099389736245716e-06,1.76006588326979e-06,1.480435593428433e-06,1.249312992273952e-06,1.057727612391588e-06,8.98459996678109e-07,7.656809968132569e-07,6.546699152302073e-07,5.615930639079414e-07,4.833289468492369e-07,4.173296506673753e-07,3.615105148784835e-07,3.141620025654543e-07,2.738790790116626e-07,2.395044547570027e-07,2.100828486943856e-07,1.848240399267665e-07,1.630729503978661e-07,1.442853677401114e-07,1.280082044872571e-07,1.138634145463371e-07,1.015348647392746e-07,9.075759901580999e-08,8.130904377663478e-08,7.300179090126383e-08,6.567766539173483e-08,5.920284077815895e-08,5.34638105145975e-08,4.836405981672086e-08,4.38213115581936e-08,3.976524337178145e-08,3.613559211806196e-08,0.01653067108737602
55.5,0.006305699151856525,0.00359101257267158,0.002147792845304505,0.001340507677390272,0.0008675339592937635,0.0005790241685508767,0.0003968601540990536,0.0002783909513947458,0.000199337342322325,0.0001453677857269614,0.0001077566524956426,8.104895009951058e-05,6.175501530843127e-05,4.759615184751584e-05,3.705614550261818e-05,2.910817277135164e-05,2.304507245640305e-05,1.837194833584507e-05,1.473709917017548e-05,1.188691761156594e-05,9.63600687734967e-06,7.847095350433901e-06,6.41734458622076e-06,5.268884273833307e-06,4.34217852831747e-06,3.591313640878018e-06,2.980606992591274e-06,2.4821363014492e-06,2.073918286916623e-06,1.738551379628773e-06,1.462194060088933e-06,1.233788765277729e-06,1.04446743108255e-06,8.870927480517677e-07,7.559017678142592e-07,6.462273594040181e-07,5.542793394223908e-07,4.769716642589745e-07,4.117854017117033e-07,3.566596521862974e-07,3.099044140695293e-07,2.701307568748664e-07,2.361947014203818e-07,2.071519956469839e-07,1.822215804060278e-07,1.607560072370729e-07,1.422174332998517e-07,1.261581020223749e-07,1.122044402073174e-07,1.000440772494382e-07,8.941523033347797e-08,8.009800907673875e-08,7.1907280251655e-08,6.468680275710202e-08,5.83043986171113e-08,5.26479703677569e-08,4.762221101428667e-08,4.314588158278959e-08,3.914955455897432e-08,3.557374031271118e-08,0.01634052567320389
56.5,0.006219250876667166,0.003532028016915744,0.002108533965404174,0.001314497485423466,0.0008502439083169702,0.0005674416267115659,0.000389016586946615,0.0002730086659161833,0.0001955880461919159,0.00014271324629516,0.0001058452971330332,7.964936423246841e-05,6.071336136836846e-05,4.680894211820973e-05,3.645281372168444e-05,2.863988189328302e-05,2.267748948110388e-05,1.80805466927991e-05,1.450407700207498e-05,1.169915448313855e-05,9.483692413913041e-06,7.722796382762314e-06,6.31536137042123e-06,5.184799486272092e-06,4.27253646827315e-06,3.533388598783308e-06,2.932233565937523e-06,2.44158338829416e-06,2.039794331543289e-06,1.709732302239264e-06,1.437767877588449e-06,1.213012650924425e-06,1.02673415306701e-06,8.71904254960414e-07,7.428482718273012e-07,6.349706841752607e-07,5.445396006255658e-07,4.685165713848109e-07,4.044216333069785e-07,3.502258794173735e-07,3.042656404350014e-07,2.651737129424419e-07,2.318240882222509e-07,2.032874128776245e-07,1.787950087786794e-07,1.577097404506554e-07,1.395023756746188e-07,1.237323642067964e-07,1.100321783732984e-07,9.809453159266371e-08,8.766192703206739e-08,7.85180965628426e-08,7.048097605174478e-08,6.339693152012488e-08,5.713600548249859e-08,5.158799669142583e-08,4.665922180051249e-08,4.226983586696276e-08,3.835161153377709e-08,3.484609525466306e-08,0.01607310753855219
57.5,0.006162181747877861,0.00348834382662348,0.002077436752535345,0.001293095159315886,0.0008357231884868218,0.0005576218992206963,0.0003823516637710573,0.0002684473409619837,0.0001924302167537323,0.0001404968630089427,0.0001042660466502196,7.850627498082116e-05,5.98728763053956e-05,4.618149976760926e-05,3.59776767219334e-05,2.827532365239549e-05,2.239443483630986e-05,1.785843206786111e-05,1.432813697785935e-05,1.155862759898338e-05,9.370622275086733e-06,7.631220939750363e-06,6.240757479710033e-06,5.123697056830536e-06,4.222246556554027e-06,3.491809030170244e-06,2.897708008285642e-06,2.412797790950203e-06,2.015699851982433e-06,1.689487270560628e-06,1.420693628781832e-06,1.198559588063977e-06,1.014455448381439e-06,8.614353153980764e-07,7.338905984333968e-07,6.272791103705674e-07,5.379121495390792e-07,4.627863575565509e-07,3.994503701084409e-07,3.458986545950427e-07,3.004866980380081e-07,2.61863037374073e-07,2.289146300827922e-07,2.007228300967784e-07,1.765278227702107e-07,1.556998274908158e-07,1.377157297637745e-07,1.221400803324937e-07,1.086096151155959e-07,9.682061997878008e-08,8.651859890121717e-08,7.748981078590528e-08,6.955432502959548e-08,6.256031366612433e-08,5.637935204104175e-08,5.090254338330873e-08,4.603731751811044e-08,4.170478204786122e-08,3.783752698423027e-08,3.437780212488107e-08,0.01587239925885982
58.5,0.006066655024716226,0.003425999479327217,0.002037155797132023,0.001266952947514164,0.0008186132468893662,0.0005463063168883516,0.0003747769786315722,0.0002633067135458407,0.000188888169690183,0.0001380162772546342,0.0001024992259197101,7.722623734956666e-05,5.892994353661579e-05,4.54758075700873e-05,3.544171080308977e-05,2.786277588906814e-05,2.207305103920192e-05,1.760538814365229e-05,1.412702333664125e-05,1.139746214864824e-05,9.240525804069448e-06,7.52552260995598e-06,6.154382318214444e-06,5.052740382442138e-06,4.163673843956218e-06,3.443241063106549e-06,2.857264837090362e-06,2.378983820801056e-06,1.987318119590788e-06,1.665574731916656e-06,1.400471780839875e-06,1.181396427473501e-06,9.998359138488277e-07,8.489381487893867e-07,7.231701108645554e-07,6.180507299909309e-07,5.299409080428985e-07,4.558776763168517e-07,3.934426568934605e-07,3.4065733355597e-07,2.958993797169478e-07,2.578355993295587e-07,2.253680276446467e-07,1.975904945245846e-07,1.737535334428035e-07,1.532359677097294e-07,1.355218538028517e-07,1.20181733625542e-07,1.068573607877406e-07,9.524923393777235e-08,8.510640290574984e-08,7.621811868016714e-08,6.84069819732222e-08,6.152331192796665e-08,5.544050994568819e-08,5.00512364445155e-08,4.526425277680957e-08,4.100180824448583e-08,3.719747450764887e-08,3.379434775076381e-08,0.0155935860841733
59.5,0.005979192101926335,0.003372465949632467,0.00200397879702528,0.001246148984387108,0.0008054229354639904,0.0005378508867447202,0.0003692937816763034,0.0002597059023969429,0.000186490424700747,0.0001363950792770529,0.0001013848429310654,7.644676698258147e-05,5.837487728320081e-05,4.507339793775566e-05,3.514484744834543e-05,2.764013021442486e-05,2.190349502219977e-05,1.747445549130286e-05,1.402464967614219e-05,1.131652997702801e-05,9.175918594621421e-06,7.473503174600961e-06,6.11217927024494e-06,5.018269351290466e-06,4.135346838291301e-06,3.419834156098574e-06,2.837824924603113e-06,2.362761910396239e-06,1.973720890694071e-06,1.654128863538377e-06,1.390797332928292e-06,1.173186735859529e-06,9.928422372523291e-07,8.429578288627182e-07,7.180373614140318e-07,6.136294161539545e-07,5.261188470058043e-07,4.525621120534004e-07,3.905566481283608e-07,3.381368571833087e-07,2.936909982752614e-07,2.558945756507088e-07,2.236567957594969e-07,1.960774156334741e-07,1.724118808750526e-07,1.520430964723087e-07,1.344585194003716e-07,1.192315319423156e-07,1.060062664174879e-07,9.448521877163001e-08,8.441912030449013e-08,7.559864135991392e-08,6.784758397745969e-08,6.10172868597642e-08,5.498201908417557e-08,4.96351815402214e-08,4.488616926766812e-08,4.065777540248462e-08,3.688403965036375e-08,3.350846216036868e-08,0.01535962854212502
60.5,0.005892732148725478,0.003317231713726496,0.001968391433153138,0.001222959091236031,0.0007901306517056642,0.0005276379464323557,0.0003623783854887526,0.0002549525958827506,0.000183170408131148,0.0001340370583205073,9.968146479464897e-05,7.519562207961188e-05,5.744115143871661e-05,4.436614072800612e-05,3.460182655453708e-05,2.721811293085891e-05,2.157197003330781e-05,1.721154361842281e-05,1.381441428330485e-05,1.11471879584808e-05,9.038635301856221e-06,7.361569458932393e-06,6.020441236948092e-06,4.942727248019174e-06,4.072868628058641e-06,3.367947944033458e-06,2.794566392391212e-06,2.326560690535091e-06,1.943314909076188e-06,1.628499053988979e-06,1.369117388950541e-06,1.154784099613871e-06,9.771675812614208e-07,8.295610217801028e-07,7.065484293312537e-07,6.037433836137578e-07,5.175836124668783e-07,4.451687114586562e-07,3.841314081597344e-07,3.325350509893331e-07,2.887917008682202e-07,2.515964808059375e-07,2.198748061306996e-07,1.927398565603318e-07,1.694582186667638e-07,1.494220657760482e-07,1.321265830834468e-07,1.171516118460667e-07,1.041466952289307e-07,9.281887275717986e-08,8.292270026234045e-08,7.425207526516633e-08,6.663352972280204e-08,5.99207174745921e-08,5.398987603600315e-08,4.873608433403689e-08,4.407017168073852e-08,3.991616041896785e-08,3.620914656786514e-08,3.289354049009816e-08,0.01510894600966766
61.5,0.005795022466761857,0.003258182423416742,0.001932333701569499,0.001200555637542361,0.0007759658137369337,0.0005185317795213415,0.0003564282997718274,0.0002510002714410998,0.0001805001538789556,0.0001322009953938718,9.839601335529937e-05,7.427915578817628e-05,5.677595036085698e-05,4.387492955808961e-05,3.423317875163669e-05,2.693729634726606e-05,2.135515860233583e-05,1.704212582198895e-05,1.368061661194008e-05,1.104052890618951e-05,8.952907968361434e-06,7.292163488793679e-06,5.963884696415616e-06,4.896372587124108e-06,4.03467415685473e-06,3.33632344226026e-06,2.768262374543301e-06,2.304587814549006e-06,1.924884505260038e-06,1.612978669979223e-06,1.355997164839842e-06,1.143651062434044e-06,9.676858058497449e-07,8.214561896905417e-07,6.995957212450003e-07,5.977579234121402e-07,5.124128817692369e-07,4.40686497730365e-07,3.802329546175586e-07,3.291331540447116e-07,2.858135586539063e-07,2.489811398888244e-07,2.175710866465107e-07,1.907046614243598e-07,1.676551521640472e-07,1.478203021270488e-07,1.306999375551668e-07,1.158777764040473e-07,1.030066081803521e-07,9.179619775629304e-08,8.20033947700678e-08,7.342403233100963e-08,6.588627998736428e-08,5.924518072921806e-08,5.337815364293134e-08,4.818128540084731e-08,4.356626717164859e-08,3.945786043200785e-08,3.579179685833454e-08,3.251303501460664e-08,0.01485090551990518
62.5,0.005653035405857549,0.003175586586931053,0.001882461950457592,0.001169468317399805,0.0007560658233319686,0.0005054978638766275,0.0003477123243555772,0.0002450562693602625,0.0001763688371920645,0.0001292759761354302,9.628768059344347e-05,7.273332053229954e-05,5.562425152720023e-05,4.300412963735583e-05,3.356590786924709e-05,2.641983562996324e-05,2.094960257108349e-05,1.672129670625065e-05,1.342472470190958e-05,1.083495145927557e-05,8.786691979427555e-06,7.157002019755236e-06,5.853406665820279e-06,4.805642672329138e-06,3.959835425330195e-06,3.274338296017428e-06,2.716722183891804e-06,2.261571233330537e-06,1.888850774762102e-06,1.582686412154791e-06,1.330441983266947e-06,1.122017186756655e-06,9.493083370847423e-07,8.057914269679672e-07,6.86197704002214e-07,5.862597916549108e-07,5.025119972905063e-07,4.321325192432089e-07,3.728182455920835e-07,3.226850415687785e-07,2.801880673921527e-07,2.440579060544243e-07,2.132492191693724e-07,1.868993657929288e-07,1.642949701010532e-07,1.448448498232552e-07,1.280580484910862e-07,1.135259732414349e-07,1.009078428703941e-07,8.991881070724532e-08,8.032025327397729e-08,7.191181595606544e-08,6.452488668071479e-08,5.801723224364164e-08,5.226858283480765e-08,4.717699113234208e-08,4.265582513432088e-08,3.863128030943857e-08,3.50403179554363e-08,3.182895387584655e-08,0.01448168028921525
63.5,0.00551948697818828,0.003099338687104379,0.00183723326400365,0.001141745887315933,0.0007386000062193759,0.0004942309661244596,0.0003402883103780594,0.0002400658831459716,0.0001729489268041452,0.0001268875276318557,9.458841991644115e-05,7.150253583378246e-05,5.471747480487461e-05,4.232536000964242e-05,3.305035390224925e-05,2.602306538942184e-05,2.064064601065828e-05,1.647821181050944e-05,1.323171435750436e-05,1.068046565376704e-05,8.662162209350586e-06,7.055985568988902e-06,5.770999597317064e-06,4.738071127897102e-06,3.904166780821582e-06,3.228273985951886e-06,2.678446967501528e-06,2.229642031982312e-06,1.862113653817722e-06,1.56021386261273e-06,1.311485043097382e-06,1.105968548516051e-06,9.356736848216906e-07,7.94167003563945e-07,6.762526413505514e-07,5.777221133417868e-07,4.951574748495481e-07,4.257757607661732e-07,3.673055412160942e-07,3.178885989781976e-07,2.760013522502724e-07,2.40391864420403e-07,2.100292065696498e-07,1.840626443732277e-07,1.617886638504658e-07,1.42624270193608e-07,1.260853202855316e-07,1.117689045046284e-07,9.933899350145842e-08,8.851472326295952e-08,7.90608164144801e-08,7.077973658059705e-08,6.350525129544515e-08,5.709714172317102e-08,5.143684766063545e-08,4.642387655515149e-08,4.197283762282598e-08,3.801098820454412e-08,3.447620051445609e-08,3.13152739233485e-08,0.01414491684171541
64.5,0.00540603571119761,0.003035924731503539,0.001800289162887964,0.001119427924446923,0.0007247000093960379,0.000485344930485585,0.000334473713150968,0.0002361773926198499,0.0001702933827956955,0.0001250364122541274,9.327195764892596e-05,7.054805148476993e-05,5.401266260333928e-05,4.179599322667598e-05,3.264655623357311e-05,2.571074709723526e-05,2.039609848500861e-05,1.628465578708189e-05,1.307706903341101e-05,1.055588836307569e-05,8.561079371416747e-06,6.973440224762659e-06,5.703205338112579e-06,4.682102276046988e-06,3.857739741661665e-06,3.189590487850117e-06,2.646079946019828e-06,2.202451351455095e-06,1.839183027860262e-06,1.540803063415797e-06,1.294993296382854e-06,1.091906223107997e-06,9.236402097894648e-07,7.838335139412052e-07,6.673482506419923e-07,5.700229927527253e-07,4.88478121788309e-07,4.199619868501142e-07,3.622288190186107e-07,3.134414881609058e-07,2.720937871738851e-07,2.369481321632318e-07,2.069854802901269e-07,1.813649648496602e-07,1.593912837920599e-07,1.404882929935802e-07,1.241775783593996e-07,1.100610330352304e-07,9.780666391145648e-08,8.713700752530268e-08,7.781965875329989e-08,6.965951348979297e-08,6.249240432857238e-08,5.617987035771096e-08,5.060485184748388e-08,4.566814043711317e-08,4.128544742898788e-08,3.738497856826965e-08,3.390542447548413e-08,3.079429270243162e-08,0.01386623682923891
65.5,0.00527545694695339,0.002963693410712356,0.001758717670262141,0.001094667063324092,0.0007095230045992446,0.0004758138871966845,0.0003283590884610152,0.0002321763955592284,0.0001676252151858952,0.0001232234157264581,9.201683576496718e-05,6.966290854820816e-05,5.337702014314151e-05,4.13314910347516e-05,3.230148093332516e-05,2.54504523276943e-05,2.01970066471614e-05,1.613046214813097e-05,1.295631371087232e-05,1.046038585138262e-05,8.484890647053552e-06,6.91219142775816e-06,5.653630076874414e-06,4.641729795131569e-06,3.824679349085692e-06,3.162380305977767e-06,2.623579217661714e-06,2.183762647785702e-06,1.823595276758376e-06,1.527749282300437e-06,1.284018856686482e-06,1.082644760711686e-06,9.157951584677014e-07,7.771638242658894e-07,6.616572591335134e-07,5.651496862223166e-07,4.842902394689225e-07,4.163505441750446e-07,3.591037391421491e-07,3.10728102197964e-07,2.697300196061257e-07,2.348822293828058e-07,2.051741716358696e-07,1.797719694190126e-07,1.579860947007874e-07,1.392451849875363e-07,1.230747957677464e-07,1.090801237375648e-07,9.693193182715165e-08,8.635506153936786e-08,7.711904028558292e-08,6.903038833514905e-08,6.192630713068356e-08,5.566949227256038e-08,5.014386371615084e-08,4.525104520928999e-08,4.090745672736402e-08,3.70419092141112e-08,3.359361155046134e-08,3.051051633528747e-08,0.01355293897050038
66.5,0.005112798461178672,0.002873718703105155,0.00170647953781976,0.001062993832413636,0.0006895952289352834,0.000462876352441934,0.0003197284965151446,0.0002262780141371493,0.0001635042657142398,0.0001202851108572169,8.988198159731373e-05,6.808473442506721e-05,5.219184015675505e-05,4.042872922444577e-05,3.160509871897548e-05,2.490724419072959e-05,1.976910985064522e-05,1.579049246880764e-05,1.268416035573396e-05,1.024106839148026e-05,8.307104473467634e-06,6.767305415870003e-06,5.534985253755785e-06,4.544141157669649e-06,3.744076758976611e-06,3.095545986364038e-06,2.567953328901115e-06,2.137297530893127e-06,1.784644970762718e-06,1.4949849445042e-06,1.256363438096511e-06,1.059222156706342e-06,8.958903529707129e-07,7.601914601240698e-07,6.471367200211647e-07,5.526852471468043e-07,4.73555188127391e-07,4.070744308733442e-07,3.510621040624943e-07,3.037341731117435e-07,2.6362798308151e-07,2.295417629793113e-07,2.004859898904909e-07,1.75644187265662e-07,1.543412517585287e-07,1.360178054592957e-07,1.202093834306406e-07,1.065295111345389e-07,9.465591839918587e-08,8.431928792313414e-08,7.529405600485424e-08,6.739087815039945e-08,6.045044778291596e-08,5.43384165808655e-08,4.894121321344703e-08,4.416259592472776e-08,3.992080550399059e-08,3.614621021164819e-08,3.277935442538288e-08,2.976933909382849e-08,0.01315258198398876
67.5,0.004940868879804911,0.002779754535430732,0.001652510489832878,0.001030589481000491,0.0006693826538127911,0.0004498512692924823,0.0003110948382163592,0.0002204101696793241,0.0001594247911694709,0.0001173894035283813,8.778685747775628e-05,6.65420459896937e-05,5.10376710621074e-05,3.955275157188746e-05,3.093169822049505e-05,2.438368099404418e-05,1.935797008037991e-05,1.546480088884909e-05,1.242416823101185e-05,1.003211056642032e-05,8.138148070727794e-06,6.629951915875925e-06,5.422773839950878e-06,4.452055048032244e-06,3.668188258082752e-06,3.032757708698985e-06,2.515807057170211e-06,2.093831315181883e-06,1.74828510749961e-06,1.46446350361756e-06,1.230654731751008e-06,1.037493409666996e-06,8.774631301461302e-07,7.445113177914173e-07,6.337491961056281e-07,5.412167739485692e-07,4.636978525365652e-07,3.985737593448978e-07,3.437072378101219e-07,2.973499407486744e-07,2.580684856833812e-07,2.246851690898897e-07,1.962303016852641e-07,1.719037885532341e-07,1.5104408713562e-07,1.331030702679623e-07,1.176256280900154e-07,1.042330823658959e-07,9.260967492343082e-08,8.249154022104317e-08,7.365768933880315e-08,6.59226257538384e-08,5.913028732214949e-08,5.314906798995546e-08,4.7867720039096e-08,4.31919755849726e-08,3.904175651402167e-08,3.534886658265003e-08,3.205507919416583e-08,2.911055036912724e-08,0.01273653541647186
68.5,0.004777447356761324,0.002690002019189953,0.001600254769576479,0.0009985816558128816,0.0006489226786730114,0.0004362988461940886,0.0003018441461732276,0.000213930702989466,0.0001547829069195666,0.0001139971417938504,8.526375206491151e-05,6.46359495785919e-05,4.957782605981031e-05,3.842118116748573e-05,3.004534969935127e-05,2.368305018612115e-05,1.879971970758446e-05,1.501688695129946e-05,1.206256805402633e-05,9.738589832185991e-06,7.898712119451091e-06,6.433754520360786e-06,5.261336464343304e-06,4.318700032615439e-06,3.557621629239854e-06,2.940758194541739e-06,2.438991572045724e-06,2.02947625490725e-06,1.694188899323472e-06,1.418840011299051e-06,1.192049985771317e-06,1.00472014091563e-06,8.495490099806993e-07,7.206578311456567e-07,6.132988193432146e-07,5.236266777722564e-07,4.485187587073424e-07,3.854328871422995e-07,3.322945093122229e-07,2.874067924414361e-07,2.493787714824876e-07,2.17067746634872e-07,1.89532977129843e-07,1.659983605034509e-07,1.458222819780865e-07,1.284732019806644e-07,1.135098480945864e-07,1.005651108704104e-07,8.933292591338774e-08,7.955756886599628e-08,7.10249039379886e-08,6.35552171085219e-08,5.699733711680266e-08,5.122380480092209e-08,4.61268972949823e-08,4.161535043759129e-08,3.761165234974812e-08,3.404980497739956e-08,3.087346962386321e-08,2.803442803836067e-08,0.01232959738415502
69.5,0.004612166393258627,0.002600656422345472,0.00154898068843615,0.0009675778720167343,0.0006293280749604419,0.0004234475211966262,0.000293147694471567,0.0002078857543613271,0.0001504814858140099,0.0001108724918497229,8.295201537044433e-05,6.289770814378683e-05,4.825201071441229e-05,3.739719271446213e-05,2.924577763309797e-05,2.30527317609348e-05,1.829868080422464e-05,1.461570656534537e-05,1.173928242041079e-05,9.476590377533519e-06,7.685294828266735e-06,6.259102767545302e-06,5.117796667248295e-06,4.200258121922424e-06,3.459519332353903e-06,2.859208113013879e-06,2.370963082078141e-06,1.972532883831751e-06,1.646363604549639e-06,1.378538704989157e-06,1.157976341614544e-06,9.758165964237521e-07,8.249502037433521e-07,6.996536636507091e-07,5.95305014052733e-07,5.08161223989289e-07,4.351829923510175e-07,3.738962463718708e-07,3.222822144713671e-07,2.786898620207154e-07,2.417659105813612e-07,2.103987410482502e-07,1.83673301493123e-07,1.608347679345103e-07,1.412591891095788e-07,1.244297200089288e-07,1.099173396297995e-07,9.736517559887221e-08,8.647573664203514e-08,7.700049439149149e-08,6.873136713151555e-08,6.149374623038969e-08,5.514077614196105e-08,4.954865481841958e-08,4.461276613499495e-08,4.024449181236732e-08,3.636857915568804e-08,3.292096414319182e-08,2.98469681232086e-08,2.70998015109566e-08,0.01192747271617146
70.5,0.004434308019429218,0.002503054307417162,0.001492244884928172,0.0009328670033523271,0.0006071494265431249,0.0004087516692517708,0.0002831072880696354,0.0002008440701124283,0.0001454293725665739,0.0001071747958420151,8.019763946814226e-05,6.081398115185732e-05,4.665405065857369e-05,3.615708018199716e-05,2.827332404682728e-05,2.228322447815882e-05,1.768492405223586e-05,1.412275998475358e-05,1.134092341703791e-05,9.152895937399714e-06,7.420961662233885e-06,6.042261870554335e-06,4.939163998034939e-06,4.052517254392855e-06,3.336866603982184e-06,2.7570132754454e-06,2.285513214330402e-06,1.900837136286953e-06,1.586002945984948e-06,1.327549350842239e-06,1.11475865754291e-06,9.390634549195208e-07,7.935903223760466e-07,6.728065691288727e-07,5.722450888026344e-07,4.88288890627942e-07,4.180015373626068e-07,3.589931197842082e-07,3.093138970311641e-07,2.673695863320097e-07,2.318536730162434e-07,2.016931579430779e-07,1.76004954269089e-07,1.540607533092445e-07,1.35258646974616e-07,1.191001562188541e-07,1.051715964577694e-07,9.312893093457781e-08,8.268543566591764e-08,7.360163563612222e-08,6.567707946064155e-08,5.874360505200549e-08,5.265981669377439e-08,4.730654807263982e-08,4.258312912172391e-08,3.840430924120514e-08,3.469771735023974e-08,3.140176167435384e-08,2.846389027987167e-08,2.583914799796237e-08,0.01148499309527078
71.5,0.004243644669837171,0.002399656103331376,0.001432700987275705,0.0008967161198660129,0.0005841889714455749,0.0003936052316915011,0.000272791215815148,0.0001936242029061821,0.000140256608443103,0.0001033923698036224,7.738212472576291e-05,5.868527134046348e-05,4.502253724414367e-05,3.489169751197612e-05,2.728170965372845e-05,2.149912005253388e-05,1.706001119857336e-05,1.362127012247514e-05,1.093601579744475e-05,8.824182098987611e-06,7.152785426124231e-06,5.822485180955819e-06,4.758296723985958e-06,3.903084476910859e-06,3.212942350666584e-06,2.653872627623833e-06,2.19936978483448e-06,1.828642939364047e-06,1.525294434762376e-06,1.276328009769574e-06,1.07139772918823e-06,9.022346193571945e-07,7.62205738531834e-07,6.459728327365042e-07,5.492264960976091e-07,4.684780119292824e-07,4.008955628504405e-07,3.44174784454547e-07,2.964360534448739e-07,2.561426939962484e-07,2.220356275821317e-07,1.930810031649156e-07,1.684281131417615e-07,1.473754881344524e-07,1.29343515910347e-07,1.138522796194658e-07,1.005035826623901e-07,8.896634013921547e-08,7.896468368576365e-08,7.026825794418678e-08,6.268429082490171e-08,5.605110212842391e-08,5.0232780651398e-08,4.511481219127307e-08,4.06004826784257e-08,3.66079141801588e-08,3.306761844350193e-08,2.992047431418927e-08,2.711605284556973e-08,2.461122803067686e-08,0.01101752951228735
72.5,0.00404093599568864,0.002287560955370694,0.001366987844085191,0.0008561640942889498,0.0005580534697310376,0.000376141182390961,0.0002607646433774157,0.0001851291276993815,0.0001341243931864781,9.888198800523889e-05,7.401003130257531e-05,5.61279932947713e-05,4.305886706112085e-05,3.336732996175676e-05,2.608704190732309e-05,2.055499972542393e-05,1.630840259801958e-05,1.301902882887961e-05,1.045066475096831e-05,8.430998645807627e-06,6.832760894610182e-06,5.560874184470255e-06,4.543571047872533e-06,3.726168602578728e-06,3.066647823922801e-06,2.532474744147905e-06,2.098287468674719e-06,1.744194369389286e-06,1.454508912709167e-06,1.216800029337418e-06,1.021173017135244e-06,8.597206110683585e-07,7.261008746244697e-07,6.152104551065417e-07,5.229301400310545e-07,4.45925643735303e-07,3.814908746083266e-07,3.274240810505972e-07,2.819295889276645e-07,2.435395606923951e-07,2.110514913691624e-07,1.834781256370377e-07,1.600072163257668e-07,1.399691074985458e-07,1.228105583438416e-07,1.080735591438123e-07,9.537815113635678e-08,8.440846565165176e-08,7.490135762281295e-08,6.663713437423862e-08,5.943198003314108e-08,5.313175476887739e-08,4.760691078743578e-08,4.27483170333471e-08,3.846382454991496e-08,3.467543650553347e-08,3.1316972641921e-08,2.833213862313723e-08,2.567292747493033e-08,2.329829380351432e-08,0.01050599217854865
73.5,0.003832300000061192,0.002173793889510839,0.00130112958747075,0.0008159831356673722,0.0005324170374104015,0.0003591596601082371,0.000249157399710962,0.000176982154356709,0.0001282750895685399,9.459936686430907e-05,7.082067057853929e-05,5.371729048494014e-05,4.121294484536961e-05,3.193777713316383e-05,2.496893539358481e-05,1.967288415160858e-05,1.560716015516941e-05,1.245782094122297e-05,9.998840906869915e-06,8.065287317594688e-06,6.535309889462431e-06,5.317862671846348e-06,4.344212216622155e-06,3.561983207601267e-06,2.930928298744079e-06,2.419885240039435e-06,2.004562136927527e-06,1.665907542756003e-06,1.388898523731454e-06,1.161630874617622e-06,9.746301405987924e-07,8.203256584671247e-07,6.926461097263511e-07,5.867064538539513e-07,4.985641462197686e-07,4.250282830843654e-07,3.635094554532181e-07,3.119011094103846e-07,2.684854286591434e-07,2.31858400978155e-07,2.008699619821741e-07,1.745760384429873e-07,1.522000189974211e-07,1.331017195980582e-07,1.167523261478019e-07,1.027141178922793e-07,9.062402485971442e-08,8.018026772400071e-08,7.113148152212303e-08,6.32678452028316e-08,5.641383426106946e-08,5.042228926287972e-08,4.5169553151213e-08,4.055147814059732e-08,3.648014131890658e-08,3.288113877555784e-08,2.969135273243461e-08,2.685710599703313e-08,2.433263405716581e-08,2.207881806078156e-08,0.009990312064574297
74.5,0.003622838146018132,0.002056804457740994,0.001232032404938227,0.000773125999905449,0.0005047091946601042,0.0003406138731125237,0.0002363783174381278,0.000167957624811994,0.0001217663901937903,8.981872224082208e-05,6.725294384142872e-05,5.101737306485646e-05,3.914462465663361e-05,3.033622356882315e-05,2.371708644906941e-05,1.868625268501334e-05,1.482386355266555e-05,1.183191992514049e-05,9.495813939003221e-06,7.658906700341424e-06,6.205452524004429e-06,5.04895352110387e-06,4.124102356007293e-06,3.381130631075991e-06,2.781792545228375e-06,2.296475031971944e-06,1.902093900439421e-06,1.58054523840487e-06,1.31755376814822e-06,1.101808228547e-06,9.24306553069742e-07,7.77855963170196e-07,6.566885471052786e-07,5.561636943524324e-07,4.725363878497186e-07,4.027758070568445e-07,3.444226279240253e-07,2.954762719517352e-07,2.54305464795564e-07,2.195770295197872e-07,1.901990105146918e-07,1.65275107174676e-07,1.440680672447603e-07,1.259702026950452e-07,1.104795856176285e-07,9.718078694506002e-08,8.572925818932269e-08,7.583864185774107e-08,6.727044169694763e-08,5.982559850148146e-08,5.333760778563964e-08,4.766688742444747e-08,4.26961604754353e-08,3.832666393157632e-08,3.447503056213633e-08,3.107072017197181e-08,2.805390003891494e-08,2.537369314292726e-08,2.298672800218326e-08,2.085593620994026e-08,0.009456120835563053
75.5,0.003407460559078288,0.001934894922263762,0.001158977338861397,0.0007271696793891304,0.0004746069921937982,0.0003202263794432551,0.0002221817426358821,0.0001578386667120242,0.0001144090559339256,8.437690811992615e-05,6.316760803529188e-05,4.791030613175436e-05,3.675456694155939e-05,2.847930319079746e-05,2.226169393856568e-05,1.753673031366426e-05,1.390970807398676e-05,1.110050672619404e-05,8.90741244913243e-06,7.18321205048425e-06,5.819136523295736e-06,4.733911195976409e-06,3.866179971764206e-06,3.169191626486499e-06,2.607023777148742e-06,2.151866090719955e-06,1.782042571352136e-06,1.480555947489734e-06,1.234005289016409e-06,1.031773481206586e-06,8.65411929729718e-07,7.281708895267444e-07,6.146383410257814e-07,5.204604944260122e-07,4.421241804548705e-07,3.767865121101252e-07,3.221409005252604e-07,2.763112031445179e-07,2.377677646686773e-07,2.052605822238138e-07,1.777659269030498e-07,1.544435838595686e-07,1.346025035600873e-07,1.176731388213468e-07,1.03185113037743e-07,9.074915182594703e-08,8.004243330985145e-08,7.079668645463773e-08,6.278850349475493e-08,5.583144009742456e-08,4.976956193293984e-08,4.447216373681018e-08,3.982944055549155e-08,3.574893361181933e-08,3.215260739572473e-08,2.897444196476703e-08,2.615844642492031e-08,2.365701725335716e-08,2.142957938788761e-08,1.944145952747452e-08,0.008893187563888259
76.5,0.003181422369513512,0.001808325579558976,0.001083932049255202,0.0006804124740297383,0.0004442328640579548,0.0002997980631411188,0.0002080400116894841,0.0001478086318524416,0.0001071471498897616,7.902525550629446e-05,5.916274665374909e-05,4.487298297282878e-05,3.442396859757992e-05,2.667259541089527e-05,2.084847248044846e-05,1.642251679686862e-05,1.30250715111124e-05,1.039376086933774e-05,8.339630102454223e-06,6.724767020468569e-06,5.447269143696119e-06,4.430990187866143e-06,3.618444936081986e-06,2.965831928796619e-06,2.43949603116805e-06,2.013383044897107e-06,1.667186622359872e-06,1.384984304687638e-06,1.154223256889624e-06,9.649588675679026e-07,8.092781726597163e-07,6.808597481670478e-07,5.746353283200897e-07,4.865279218622193e-07,4.132479247392222e-07,3.521335312403893e-07,3.010252119770516e-07,2.581665530215766e-07,2.221256084874899e-07,1.917322975928572e-07,1.660284089330647e-07,1.442275526622906e-07,1.256829921602325e-07,1.098617385154709e-07,9.632363865095275e-08,8.470445670476549e-08,7.470215724774045e-08,6.606576213772515e-08,5.858628083630017e-08,5.208931482475636e-08,4.642901641883965e-08,4.148314543703563e-08,3.714901739483565e-08,3.334017693740209e-08,2.998366222900734e-08,2.701775166173523e-08,2.439010483773867e-08,2.205622634806687e-08,1.997819422834633e-08,1.812360575940288e-08,0.008312685684736233
77.5,0.002968416817412557,0.001687527535248367,0.001011687745827384,0.0006351250348479529,0.0004146843444270768,0.0002798618361055425,0.0001942068946330904,0.0001379807242908246,0.0001000226299991126,7.377002235462776e-05,5.52274660414405e-05,4.188710936057984e-05,3.213222770654986e-05,2.489577727655126e-05,1.94586063126412e-05,1.532679817005725e-05,1.215524763673063e-05,9.698992872443474e-06,7.78161259596743e-06,6.274338550959784e-06,5.082023149686467e-06,4.133567583135223e-06,3.37529778656712e-06,2.766317230978977e-06,2.275203867519108e-06,1.877633257557573e-06,1.554648105795671e-06,1.291384525771359e-06,1.076124865470515e-06,8.995866784602065e-07,7.543843037666189e-07,6.346178968415225e-07,5.355574635972832e-07,4.533983361089905e-07,3.850708097127319e-07,3.280911478210561e-07,2.804443983911428e-07,2.404918253084782e-07,2.068974933720169e-07,1.785698333899047e-07,1.546149775145936e-07,1.342993815723531e-07,1.17019803000448e-07,1.022791249098037e-07,8.966684130851073e-08,7.884326952403998e-08,6.952675099319942e-08,6.148325399132198e-08,5.451791140803083e-08,4.846812079775187e-08,4.319790830532646e-08,3.859331702517938e-08,3.455862723055299e-08,3.101325328478433e-08,2.788919192133008e-08,2.512892051471452e-08,2.268366318355228e-08,2.051195803027337e-08,1.857847128793129e-08,1.685301421186991e-08,0.007757640799989723
78.5,0.002729150048362534,0.001550035703301867,0.0009284338836373142,0.0005823907749642607,0.0003799889451036815,0.0002562973715162238,0.0001777692901589259,0.0001262522372657937,9.149062333562389e-05,6.745872267200621e-05,5.049053940928404e-05,3.828642066112208e-05,2.936463380808326e-05,2.274765612203146e-05,1.777690919829331e-05,1.400021672806515e-05,1.110172086431314e-05,8.857271759794403e-06,7.105470360853786e-06,5.728535351342223e-06,4.639452784014345e-06,3.773212406576068e-06,3.080744131091325e-06,2.524664822857559e-06,2.076255793886206e-06,1.713288166874306e-06,1.418439890851603e-06,1.178130739779309e-06,9.816561213828691e-07,8.205369331577162e-07,6.880273136097946e-07,5.787389638566593e-07,4.883523496545456e-07,4.133932281173735e-07,3.510586919999659e-07,2.990810301112095e-07,2.556206647918935e-07,2.191815858593522e-07,1.885442878919101e-07,1.627123956031403e-07,1.408700432950078e-07,1.223477388022007e-07,1.065949468953863e-07,9.315801280734417e-08,8.166234318029899e-08,7.179799114480816e-08,6.330797056958615e-08,5.597876378835297e-08,4.963259633325804e-08,4.41211381984456e-08,3.932035910272396e-08,3.51263190797779e-08,3.145171854559476e-08,2.822306613163545e-08,2.537834985832441e-08,2.286511908364872e-08,2.063890221337511e-08,1.866189928069576e-08,1.690189988633794e-08,1.533138618289052e-08,0.007121661437447763
79.5,0.002500438441677523,0.001417727163418685,0.0008478068211670191,0.0005310169125886295,0.0003460095134904094,0.0002331139127025133,0.000161535414501271,0.0001146322475335615,8.301540348586155e-05,6.11759868123886e-05,4.576681118825488e-05,3.469067545245401e-05,2.6597680423131e-05,2.059806554368844e-05,1.609283723745104e-05,1.267100144639849e-05,1.00456329396286e-05,8.013217782447984e-06,6.427282400558361e-06,5.18098102171484e-06,4.195407702252949e-06,3.411629534942861e-06,2.785177069355686e-06,2.282181329236576e-06,1.876629711641378e-06,1.548392390066958e-06,1.281786169215987e-06,1.064517890791039e-06,8.868990796486539e-07,7.412566381579475e-07,6.21486774749206e-07,5.227146475996475e-07,4.410327764294064e-07,3.732986640801288e-07,3.169772896501259e-07,2.70017862053031e-07,2.307569112706046e-07,1.978417528611366e-07,1.701698011410417e-07,1.468402745297406e-07,1.271156354401464e-07,1.103907092952337e-07,9.616788445548904e-08,8.40371442720488e-08,7.365995117326019e-08,6.475621045960346e-08,5.709370296049222e-08,5.04795017955877e-08,4.475298735880568e-08,3.978015248060642e-08,3.544895121800978e-08,3.166549346217195e-08,2.835092630097185e-08,2.54388739625245e-08,2.287333285165438e-08,2.060693796712958e-08,1.859953286443781e-08,1.681698810191344e-08,1.523022340375703e-08,1.381439708748917e-08,0.006506898096620175
80.5,0.002253958066651687,0.001275117975026362,0.0007610326439373536,0.0004758728319122613,0.0003096508398748004,0.0002083850762756186,0.0001442694084718693,0.0001023048105504798,7.404376673388252e-05,5.453756623041912e-05,4.078350705026319e-05,3.090242127859018e-05,2.368593567418368e-05,1.833822747574024e-05,1.432391325751831e-05,1.127586123548103e-05,8.937898533256782e-06,7.128405317829027e-06,5.716718045012367e-06,4.607557960415901e-06,3.730584315738231e-06,3.033276852775538e-06,2.476015582060773e-06,2.028632322622817e-06,1.667961915712032e-06,1.376081596011984e-06,1.139030209072719e-06,9.458661881159408e-07,7.879675453089897e-07,6.585067359710486e-07,5.520532506890673e-07,4.642704533271179e-07,3.916826241505886e-07,3.314947638157112e-07,2.814523731230343e-07,2.397317491184553e-07,2.048537363626725e-07,1.756156186778936e-07,1.510371204963865e-07,1.303174390396941e-07,1.128009405531993e-07,9.794969040738275e-08,8.532139418957283e-08,7.455163815351938e-08,6.533955668421559e-08,5.74362394386696e-08,5.06353345893732e-08,4.476541684118175e-08,3.968377690041675e-08,3.52713583497111e-08,3.142862260567018e-08,2.807216600661282e-08,2.513194755310343e-08,2.254901330463102e-08,2.0273625396738e-08,1.826372123435925e-08,1.648364253952341e-08,1.490308529234383e-08,1.349623076108335e-08,1.224102521101344e-08,0.005846506462311231
81.5,0.002012490336515115,0.00113385382685537,0.0006742435997234731,0.0004202729568930864,0.0002727428450899904,0.0001831374695173771,0.0001265532245725845,8.960122567324391e-05,6.476377752070742e-05,4.764893730573582e-05,3.559828933058225e-05,2.695167585303243e-05,2.064356057443118e-05,1.597336127219936e-05,1.247046965954346e-05,9.81260643405716e-06,7.775169164019014e-06,6.199096491794728e-06,4.970068657824185e-06,4.004799854178183e-06,3.241853038418914e-06,2.635389055449608e-06,2.15085010261806e-06,1.761937391147571e-06,1.448466947783683e-06,1.194829308011799e-06,9.888698984862162e-07,8.210661497064569e-07,6.839164189849169e-07,5.714818419745544e-07,4.790398031427631e-07,4.028197113563013e-07,3.398000487747046e-07,2.875514430615303e-07,2.44114593407391e-07,2.079047913140091e-07,1.776368744142891e-07,1.522659779518206e-07,1.309405698545097e-07,1.129650864589519e-07,9.777010714782114e-08,8.488847410877668e-08,7.393611848298176e-08,6.459662538370904e-08,5.660877870805472e-08,4.975648776967271e-08,4.386062294093512e-08,3.877238518692024e-08,3.436791095665357e-08,3.054387416677483e-08,2.72138946144853e-08,2.430559987650733e-08,2.175821773042232e-08,1.952060002863282e-08,1.754959804752984e-08,1.580872462638728e-08,1.426705068561612e-08,1.289829358782849e-08,1.168006276283681e-08,1.059323444282639e-08,0.005188491692671916
82.5,0.001771524302684852,0.0009931934101329385,0.0005879800019446566,0.0003651128856402595,0.0002361976118229562,0.000158184967110153,0.0001090743885006648,7.708713235433637e-05,5.563453960539939e-05,4.088017248014656e-05,3.050851589877022e-05,2.307713460874588e-05,1.766223264692534e-05,1.3657578874046e-05,1.065663803118102e-05,8.381436883969641e-06,6.638520830451197e-06,5.291060535218507e-06,4.240827419257192e-06,3.416332494702554e-06,2.764889499884448e-06,2.247220595705643e-06,1.833735905228432e-06,1.50193152954391e-06,1.234545551081016e-06,1.018234696219423e-06,8.426133060725491e-07,6.995475936928495e-07,5.826319513854881e-07,4.867965810526316e-07,4.080108946785824e-07,3.430574800515012e-07,2.893585639870802e-07,2.448418830652386e-07,2.078363816751954e-07,1.769906583852083e-07,1.512088826119315e-07,1.296002132401762e-07,1.114387123118771e-07,9.613145909664766e-08,8.319310186551111e-08,7.222548523747024e-08,6.290129474790335e-08,5.495089223341208e-08,4.81516938256455e-08,4.231958003025236e-08,3.730193430071363e-08,3.297198996220234e-08,2.922423073902765e-08,2.597064159630642e-08,2.313764724044596e-08,2.066360781636977e-08,1.849676692284813e-08,1.65935674546976e-08,1.491726706917782e-08,1.343679811877254e-08,1.212582736285335e-08,1.096197919204337e-08,9.926192885588594e-09,9.002189901110971e-09,0.004534408785527104
83.5,0.001514865844543226,0.0008452492066775134,0.0004981735852050597,0.0003081486812181033,0.000198692380107782,0.0001327007985343324,9.129074012236131e-05,6.439319134476713e-05,4.639669977262957e-05,3.40446189227714e-05,2.537708549635726e-05,1.917633774132184e-05,1.466423721031772e-05,1.133117492032647e-05,8.836037003364482e-06,6.945972771544318e-06,5.499178040349989e-06,4.381369179285177e-06,3.51060691142611e-06,2.827325511982328e-06,2.28767094958738e-06,1.858979608766784e-06,1.516664167369021e-06,1.24203843702798e-06,1.020777685791212e-06,8.418149136779961e-07,6.965401230246201e-07,5.782128366326491e-07,4.815265232847901e-07,4.022824927794278e-07,3.371435503314603e-07,2.834463697633929e-07,2.390575177657032e-07,2.022622227343525e-07,1.716779127501958e-07,1.461866340392441e-07,1.248819624357721e-07,1.070271111288486e-07,9.202173810906855e-08,7.937554900363139e-08,6.868723313249521e-08,5.962760331616481e-08,5.192606215681121e-08,4.535970998236551e-08,3.974455745109634e-08,3.49284199758105e-08,3.078515976339126e-08,2.72100104131367e-08,2.411577319671569e-08,2.142971676273533e-08,1.909104565799196e-08,1.704882971218514e-08,1.52603075115284e-08,1.368949406155608e-08,1.230603621992957e-08,1.108427027480983e-08,1.000244470775848e-08,9.042078147479154e-09,8.187428135003823e-09,7.425050853260757e-09,0.003849741610772258
84.5,0.001257266372772618,0.0006961266097899266,0.0004074245881723549,0.0002505011202237756,0.0001607017728181351,0.0001068695088113626,7.325478891243003e-05,5.151258411907992e-05,3.701851968491618e-05,2.710212405251038e-05,2.01632641482181e-05,1.521149227896434e-05,1.161607961469989e-05,8.965234490612626e-06,6.984101245435279e-06,5.485550956800682e-06,4.339866893181151e-06,3.455634597806383e-06,2.767446346133668e-06,2.227842851375035e-06,1.801941935011209e-06,1.4638013685364e-06,1.193919138174649e-06,9.774910223574089e-07,8.031796197575226e-07,6.622335188381496e-07,5.478493400167612e-07,4.547043896992192e-07,3.786106343924916e-07,3.162559577003237e-07,2.650089147206099e-07,2.227701682741612e-07,1.878585844836758e-07,1.589232986196422e-07,1.34875406120484e-07,1.148345998385722e-07,9.808727135987369e-08,8.405346262843364e-08,7.22606903041468e-08,6.232313565558139e-08,5.392504356448112e-08,4.68074379140624e-08,4.075746035013458e-08,3.559979170981365e-08,3.118973229936286e-08,2.740760742862832e-08,2.41542346255805e-08,2.134724355069287e-08,1.891808239127798e-08,1.680957814125428e-08,1.497394471092236e-08,1.337115382801223e-08,1.196760038597694e-08,1.073500719463304e-08,9.649524710117638e-09,8.690989825237666e-09,7.842314625177629e-09,7.088981500672005e-09,6.418625431682888e-09,5.820687823124293e-09,0.003159408960278838
85.5,0.0009984625479665104,0.0005472711944320413,0.0003173422991138908,0.0001935224440369417,0.0001232669886923145,8.146877925936437e-05,5.554313012608754e-05,3.887408684360533e-05,2.782127263082454e-05,2.029566874344784e-05,1.505260772996483e-05,1.13256290221993e-05,8.628970430341512e-06,6.646911275852906e-06,5.16961834941402e-06,4.054810628176926e-06,3.204237757988173e-06,2.548909269241484e-06,2.039626506983376e-06,1.640800327913351e-06,1.326345231045271e-06,1.076909026368652e-06,8.779754632528457e-07,7.185460996054007e-07,5.902120349371297e-07,4.86491658648093e-07,4.023523223780026e-07,3.338608152046583e-07,2.77925161400161e-07,2.321019402815995e-07,1.944511527212233e-07,1.634259626213835e-07,1.37788277980961e-07,1.165436577196171e-07,9.88907985768014e-08,8.418210990346346e-08,7.189278232404938e-08,6.159640644327244e-08,5.294567311543755e-08,4.565703756500874e-08,3.9498490776934e-08,3.427977757542431e-08,2.984454905091492e-08,2.606404990645234e-08,2.283202785493829e-08,2.006061895175289e-08,1.76770145049648e-08,1.562075553469646e-08,1.384153231929748e-08,1.22973913744428e-08,1.095327178180881e-08,9.779808275326535e-09,8.752350793844442e-09,7.850160004559496e-09,7.055746122737545e-09,6.354324613299778e-09,5.733367381809401e-09,5.182232099671925e-09,4.691855560487566e-09,4.254499589059658e-09,0.002471833250579269
86.5,0.0007030881372448326,0.0003813979129486031,0.0002187477450550357,0.0001319993788284004,8.324249483634524e-05,5.449353950640153e-05,3.681511458747955e-05,2.554521449253623e-05,1.813573545149506e-05,1.313314509175685e-05,9.676379888096243e-06,7.23836479808246e-06,5.487199125845576e-06,4.208657582269565e-06,3.261406781737498e-06,2.55033993614586e-06,2.010283826399705e-06,1.59581751164944e-06,1.274783002019643e-06,1.024074634741769e-06,8.268616343607126e-07,6.707274083356373e-07,5.464043838228806e-07,4.469013994407912e-07,3.668934857148709e-07,3.022894196952e-07,2.499213298468977e-07,2.073191863797191e-07,1.725450797708093e-07,1.440701296383498e-07,1.206821503201475e-07,1.014157571613928e-07,8.549902039190312e-08,7.231244253130003e-08,6.135719819017996e-08,5.223039457183908e-08,4.460569476983457e-08,3.821806633356583e-08,3.285172340519774e-08,2.833055541609708e-08,2.451050193176139e-08,2.127345783926877e-08,1.852238701850585e-08,1.617739399843215e-08,1.417255767365194e-08,1.245337315420305e-08,1.097468032522931e-08,9.698982979794932e-09,8.59508215284806e-09,7.636962799324338e-09,6.802885185909245e-09,6.074642035325384e-09,5.436950133862131e-09,4.876951217980817e-09,4.383801827460231e-09,3.948335709720342e-09,3.562785484886421e-09,3.220552792308408e-09,2.916018161287481e-09,2.644383480060614e-09,0.001709685044275873
87.5,0.0004574720520011831,0.0002450214327646116,0.000139134120839784,8.324824605437949e-05,5.209138004955566e-05,3.384555184270404e-05,2.269739065878645e-05,1.563607809263502e-05,1.102430841456209e-05,7.931815503059622e-06,5.809566726023563e-06,4.322837090881865e-06,3.261815776837117e-06,2.491787681766465e-06,1.924390064653137e-06,1.500530212959541e-06,1.179974372808232e-06,9.348637810916754e-07,7.455990652073525e-07,5.981828011515266e-07,4.824761294388803e-07,3.910376438064717e-07,3.183387317164268e-07,2.602257331316563e-07,2.135461319140457e-07,1.758852204535725e-07,1.453781500357925e-07,1.20574096346841e-07,1.003369169570797e-07,8.377168305047813e-08,7.016978089050757e-08,5.896749653603436e-08,4.971449916938156e-08,4.20496670447729e-08,3.5682412749077e-08,3.037816391896998e-08,2.594700954636724e-08,2.223477567066012e-08,1.911597797687116e-08,1.64882332404431e-08,1.42678108623865e-08,1.238607976369226e-08,1.078666155571425e-08,9.423143062261347e-09,8.257233437790582e-09,7.257275832477857e-09,6.397042643265243e-09,5.654758217683395e-09,5.01230445197705e-09,4.454573800807311e-09,3.968941360942351e-09,3.544833337297099e-09,3.173373675990924e-09,2.847094208967496e-09,2.559696493757537e-09,2.305855801996404e-09,2.081059529726561e-09,1.881473764014361e-09,1.703832916839991e-09,1.545348286025082e-09,0.00109364375064124
88.5,0.0002563093204015525,0.0001340874736493119,7.478318754400088e-05,4.411552769923221e-05,2.728713664251914e-05,1.755631031498108e-05,1.167286274554523e-05,7.979866482320884e-06,5.587480407068408e-06,3.995198507211278e-06,2.910094987989921e-06,2.154881920338717e-06,1.619170737663783e-06,1.232531785012068e-06,9.490545994997062e-07,7.382245241486362e-07,5.793911641413661e-07,4.583404704232218e-07,3.651297059197888e-07,2.926965667355654e-07,2.359514761975823e-07,1.911762861885194e-07,1.556201464638219e-07,1.272240108300328e-07,1.044301982356507e-07,8.604893780649434e-08,7.11635941155663e-08,5.906249254786379e-08,4.91892752109152e-08,4.110633109205006e-08,3.446756583484093e-08,2.899792350360498e-08,2.447784553644445e-08,2.073137881270479e-08,1.761700792484176e-08,1.502054005082199e-08,1.284954954196416e-08,1.102901686234265e-08,9.497888505265896e-09,8.206351569514375e-09,7.113666049488611e-09,6.186434585513255e-09,5.397216928543894e-09,4.723417163379449e-09,4.146387563949379e-09,3.65070508889974e-09,3.223585885621595e-09,2.854410431159959e-09,2.534337598839358e-09,2.255990372910159e-09,2.013199420563676e-09,1.800793483762294e-09,1.614427734492828e-09,1.450442970555601e-09,1.305749910712165e-09,1.177733952253589e-09,1.064176638706436e-09,9.631907957443651e-10,8.731668649725838e-10,7.927284261158725e-10,0.0005960328904343136
89.5,7.257557820434698e-05,3.740675963337222e-05,2.070395265724559e-05,1.215079613268087e-05,7.478958111115713e-06,4.786562869650528e-06,3.165117361082843e-06,2.152567925709284e-06,1.500714442367878e-06,1.069903916797883e-06,7.784641977036822e-07,5.770784911574993e-07,4.351598725793139e-07,3.33298690433474e-07,2.589266382405563e-07,2.03753863831677e-07,1.622169981614439e-07,1.305200253684879e-07,1.060310044487969e-07,8.689658050671804e-08,7.179202039954031e-08,5.975682939334791e-08,5.008514513029191e-08,4.225164630369319e-08,3.58607790124087e-08,3.061148623766465e-08,2.627237603546113e-08,2.266400865648064e-08,1.964610115868392e-08,1.710817243386098e-08,1.496262566820318e-08,1.313957889571462e-08,1.158296407925391e-08,1.024755704762976e-08,9.09669769976513e-09,8.100527082388614e-09,7.23461499720979e-09,6.478885115194734e-09,5.816768439231055e-09,5.234533231442129e-09,4.720752155745929e-09,4.265876716526301e-09,3.861896027276864e-09,3.502062168260829e-09,3.180668349522927e-09,2.892869114030937e-09,2.63453413305431e-09,2.402128935522046e-09,2.192617302673382e-09,2.003381143564097e-09,1.832154516797923e-09,1.676969132639207e-09,1.53610919796638e-09,1.408073885299676e-09,1.291546040151275e-09,1.185366006553054e-09,1.088509663051572e-09,1.000069931812986e-09,9.192411604289826e-10,8.453058863707463e-10,0.0001665756410652862
