0.5,0.00534811773604172,0.002828680554420574,0.001573386027005082,0.0009113382259372007,0.0005490997416001209,0.0003450691242086498,0.0002266600858514275,0.0001555211009076185,0.0001110571558604938,8.206294403560156e-05,6.234530556684762e-05,4.840830071299859e-05,3.822371700185985e-05,3.057508560550005e-05,2.470493674432264e-05,2.012272210417966e-05,1.649833227700393e-05,1.360166567876316e-05,1.126733979074381e-05,9.37340145179929e-06,7.828024758201703e-06,6.560899217935735e-06,5.517461091177655e-06,4.654906950159358e-06,3.939362418159789e-06,3.343823901708604e-06,2.846632843408197e-06,2.430326368835955e-06,2.080759910400776e-06,1.786430058131672e-06,1.537947137576235e-06,1.327621224314712e-06,1.14913504762911e-06,9.972840675700753e-07,8.677688946210719e-07,7.570287737091419e-07,6.621074757337929e-07,5.805448984439982e-07,5.102891577719877e-07,4.496250783968175e-07,3.971158589229922e-07,3.515553577956197e-07,3.119289684712219e-07,2.7738146150578e-07,2.471904932704109e-07,2.207447356487956e-07,1.975257832470473e-07,1.770931557723059e-07,1.590718420925303e-07,1.431419358714019e-07,1.290299958640509e-07,1.165018310924475e-07,1.05356465436606e-07,9.542108023551235e-08,8.654676931221712e-08,7.860497002649009e-08,7.148445779461088e-08,6.508881102092809e-08,5.933426937821851e-08,5.414792151111593e-08,0.01245928574824066
1.5,0.005376660281509241,0.002848628498369984,0.001586492911987092,0.0009196158009812651,0.0005543199748220416,0.0003484322668598074,0.0002289011663613721,0.00015707284112948,0.0001121722331022034,8.289063857114665e-05,6.29761051101045e-05,4.889901435846783e-05,3.861146383783763e-05,3.0885118740723e-05,2.495508862706147e-05,2.032599462804514e-05,1.666445600392914e-05,1.37380743495826e-05,1.137980380648942e-05,9.466455652659582e-06,7.905267439196065e-06,6.625207427298773e-06,5.571149489400764e-06,4.69984735509056e-06,3.977075183928336e-06,3.375548640720559e-06,2.873383707685865e-06,2.45293561159962e-06,2.099912441763981e-06,1.802691010819111e-06,1.551783962617235e-06,1.339421476756611e-06,1.159220756524333e-06,1.00592338534759e-06,8.751855699510465e-07,7.634098763266608e-07,6.67609712380144e-07,5.852997896225137e-07,5.14407290657346e-07,4.531996084694284e-07,4.002253990923902e-07,3.54266366938012e-07,3.142977299181079e-07,2.794557249161659e-07,2.49010839596359e-07,2.2234571386139e-07,1.98936858579003e-07,1.783395020239904e-07,1.601750047007908e-07,1.441203876868301e-07,1.298996037090149e-07,1.172762480095522e-07,1.060474609495921e-07,9.603881882326124e-08,8.710004555418868e-08,7.91014074442919e-08,7.193067723270044e-08,6.549057343378135e-08,5.969659708441589e-08,5.447520130644578e-08,0.01254675489870555
2.5,0.005430790453922353,0.002882762743327865,0.001607694913110785,0.0009330263691825645,0.0005631276176315576,0.000354467545769132,0.0002332033449426625,0.0001602437327247287,0.0001145727551105654,8.474641226329248e-05,6.443428008789693e-05,5.005944556577697e-05,3.95443262779697e-05,3.164121248917316e-05,2.557209697157418e-05,2.083243016125973e-05,1.708224014570682e-05,1.408428045474656e-05,1.166787041492405e-05,9.707052898771874e-06,8.106929451739211e-06,6.794802498843441e-06,5.71423506119846e-06,4.820941515135717e-06,4.079866575315002e-06,3.463060246432509e-06,2.948101650211948e-06,2.516911125584922e-06,2.154843082877766e-06,1.84998566402989e-06,1.592615121671665e-06,1.374767461283453e-06,1.189899931499504e-06,1.03262199327313e-06,8.984804396989903e-07,7.8378700631212e-07,6.854795195176661e-07,6.010096547865378e-07,5.282519053492724e-07,4.65429528074258e-07,4.110541294592168e-07,3.63876248470552e-07,3.228448334220759e-07,2.870739334336881e-07,2.558152582850449e-07,2.284355240292502e-07,2.043977110006066e-07,1.832455276435814e-07,1.645905069896351e-07,1.48101269643013e-07,1.334945732737675e-07,1.205278381304619e-07,1.08992894332002e-07,9.871074232333272e-08,8.952715497652776e-08,8.130898004905296e-08,7.394102639853473e-08,6.732343755587105e-08,6.136947282336268e-08,5.600362967248225e-08,0.01270432377757806
3.5,0.005351371024493036,0.002840884963977516,0.001584692056128862,0.0009197224439179188,0.0005550741916601313,0.0003493727024128975,0.0002298365968931424,0.0001579245718810769,0.0001129144036021186,8.352233178349435e-05,6.350714565344991e-05,4.934279579211479e-05,3.898154527090696e-05,3.119379412774724e-05,2.521293489119653e-05,2.054186879957994e-05,1.684567254755458e-05,1.389063415775907e-05,1.150861831720435e-05,9.575544714130785e-06,7.997925728786311e-06,6.704141036006637e-06,5.638586661206009e-06,4.757627786049471e-06,4.026721918828731e-06,3.418325994303831e-06,2.910344012518004e-06,2.484957041209763e-06,2.127729697550182e-06,1.826920290450474e-06,1.572943333494901e-06,1.357947546352305e-06,1.175482349261045e-06,1.020232792440761e-06,8.878078257472672e-07,7.745704254658362e-07,6.775007613694946e-07,5.940855801281273e-07,5.222284868832694e-07,4.601769549982224e-07,4.064627766337578e-07,3.598533501146189e-07,3.193117323679318e-07,2.839638017108746e-07,2.530712045572277e-07,2.260090192372582e-07,2.022472762891455e-07,1.81335638907245e-07,1.628906786667004e-07,1.4658528710696e-07,1.321398486336751e-07,1.193148686989701e-07,1.07904806649602e-07,9.773290759684418e-08,8.864686422302576e-08,8.051516923473392e-08,7.322404350595805e-08,6.667484486792041e-08,6.078187883091119e-08,5.547054593785319e-08,0.01252027623378866
4.5,0.005349270485936281,0.002846937609533325,0.001590555993619395,0.0009241869279931489,0.0005583302683942485,0.0003517651555590436,0.0002316302793170276,0.0001592970202034632,0.0001139825763224431,8.436489293476155e-05,6.417870958672794e-05,4.988249156762392e-05,3.941817303569176e-05,3.154901513831172e-05,2.550331918443011e-05,2.078026049213887e-05,1.704213223475837e-05,1.405310885247468e-05,1.164342932017455e-05,9.687749845399428e-06,8.091592480677957e-06,6.782555147522876e-06,5.704413019566207e-06,4.813035612527857e-06,4.073482871040807e-06,3.457891522963424e-06,2.943906691844755e-06,2.513499428106848e-06,2.152063424320086e-06,1.847717466333063e-06,1.590761859054563e-06,1.373251588514779e-06,1.188658953261715e-06,1.03160539843303e-06,8.97647296655703e-07,7.83104067372041e-07,6.849197197921556e-07,6.005509186558785e-07,5.278761939612151e-07,4.651220766314562e-07,4.10802834586158e-07,3.636711747228425e-07,3.226778147167389e-07,2.869382503522031e-07,2.557053762078376e-07,2.283468801798061e-07,2.043265409172132e-07,1.83188723513026e-07,1.645455017882832e-07,1.480659422264917e-07,1.334671705059813e-07,1.205069108989303e-07,1.089772449006134e-07,9.869938095748997e-08,8.951926416423425e-08,8.130388495427775e-08,7.393817043556422e-08,6.732236217740821e-08,6.136980078047223e-08,5.600505113870136e-08,0.01254904263308823
5.5,0.005334725147002957,0.002843021468974379,0.001589862786661366,0.000924591859947861,0.0005590939182816618,0.0003525978878187472,0.0002324140855217196,0.0001599887930427986,0.0001145734948090716,8.486112442016516e-05,6.459194588813329e-05,5.022546651470458e-05,3.970272738049275e-05,3.17854190093996e-05,2.570017590692328e-05,2.094465040152071e-05,1.717983305852132e-05,1.416882014923276e-05,1.174097282941241e-05,9.770238042748839e-06,8.161566277271618e-06,6.84209476019297e-06,5.755226668195196e-06,4.85653034913498e-06,4.110821183976422e-06,3.490036673167606e-06,2.971659131551495e-06,2.537526152129874e-06,2.172921705173512e-06,1.865874111616902e-06,1.606608885997497e-06,1.387119021358551e-06,1.200825302025893e-06,1.042306262853176e-06,9.07082449281116e-07,7.914432992352126e-07,6.923076763693878e-07,6.071111097078035e-07,5.337143257337387e-07,4.703288268618281e-07,4.154561682912455e-07,3.67838280681131e-07,3.26416727984291e-07,2.902992143653189e-07,2.58731988463337e-07,2.310770577072772e-07,2.067933354173205e-07,1.854210108547293e-07,1.665685663142599e-07,1.49901972833143e-07,1.351356825999651e-07,1.220251059717837e-07,1.103603175143631e-07,9.996078132245892e-08,9.067092315493801e-08,8.235640730108662e-08,7.49010009085544e-08,6.820392881175794e-08,6.217763855307568e-08,5.67459089714028e-08,0.01253704496185168
6.5,0.00531925693288901,0.002842688135462599,0.001592351902972943,0.0009272349688229961,0.0005613977225264364,0.0003545303077346325,0.0002340211533712988,0.0001613214726321654,0.000115677021922626,8.577443191292965e-05,6.53481349255222e-05,5.085232885160811e-05,4.022333061755846e-05,3.221874531919478e-05,2.606176044519828e-05,2.124717171693605e-05,1.743362992449186e-05,1.438232795764591e-05,1.192108380982716e-05,9.922594601180996e-06,8.290798086270063e-06,6.952009705952265e-06,5.848964477101998e-06,4.936686256177358e-06,4.179545635134966e-06,3.549115871819871e-06,3.022580262621736e-06,2.581530330238723e-06,2.21104706593011e-06,1.898990968978687e-06,1.635448486982227e-06,1.412297120357959e-06,1.222861532827246e-06,1.061640093207741e-06,9.2408634948552e-07,8.064336341470423e-07,7.055537328904069e-07,6.188425938369305e-07,5.441276007580462e-07,4.795921139402765e-07,4.237138900994258e-07,3.752146959635666e-07,3.330189782544488e-07,2.962198823755678e-07,2.640512504632751e-07,2.35864497143067e-07,2.111094739771494e-07,1.893186031398735e-07,1.70093696513087e-07,1.530949852760276e-07,1.38031972717877e-07,1.246557937610964e-07,1.127528219557794e-07,1.021393111752873e-07,9.265689703732701e-08,8.416881388101083e-08,7.65567082948002e-08,6.971795078791422e-08,6.356336409060972e-08,5.801530044925431e-08,0.01254032126922281
7.5,0.005286686589599404,0.002830152345747393,0.00158715944802299,0.0009249677150422819,0.0005604552873555012,0.0003542266226584883,0.0002340239053998207,0.0001614616643245859,0.00011586886797619,8.597580745353444e-05,6.553966949062045e-05,5.102623496259707e-05,4.037750802135842e-05,3.235373244154016e-05,2.617919642816264e-05,2.134904455108946e-05,1.752192585462975e-05,1.445888155798563e-05,1.198752584966202e-05,9.980345727714197e-06,8.341082486703949e-06,6.9958761697331e-06,5.887308932078324e-06,4.970273150023379e-06,4.209027140587894e-06,3.575048656371094e-06,3.045439906727796e-06,2.60172361691414e-06,2.228922405634366e-06,1.9148472200349e-06,1.649542409391311e-06,1.424849672332544e-06,1.234063190485427e-06,1.071655347147184e-06,9.330575083029666e-07,8.144840445179883e-07,7.127905083831917e-07,6.253589298803603e-07,5.500047407575219e-07,4.849010211050803e-07,4.28516670797718e-07,3.795658130949409e-07,3.36966286993987e-07,2.998055155044036e-07,2.673123761954867e-07,2.388339687504116e-07,2.138163874872075e-07,1.917887768439991e-07,1.72350083888329e-07,1.55158031133341e-07,1.399199208819623e-07,1.263849533187535e-07,1.143377980411024e-07,1.035932053590613e-07,9.39914816276856e-08,8.539468380021551e-08,7.768341365408092e-08,7.075411282288857e-08,6.451677673066603e-08,5.889301946436848e-08,0.01248864215879905
8.5,0.005255905191477837,0.002821563659665913,0.001585372692694393,0.0009252660605441827,0.0005613876661741023,0.0003552940858408378,0.0002350405369029061,0.000162361514162856,0.0001166369402260116,8.661885873704472e-05,6.60726412511911e-05,5.14658962317628e-05,4.073966276423378e-05,3.265218713955942e-05,2.64255576538834e-05,2.155287279912601e-05,1.769101375002552e-05,1.459954996184751e-05,1.210489405574322e-05,1.00785617722153e-05,8.423512811601079e-06,7.065259028905658e-06,5.945877356684251e-06,5.019853132610131e-06,4.25111596591137e-06,3.610877451663016e-06,3.076023688235414e-06,2.627901432871278e-06,2.251389625279441e-06,1.934181580458933e-06,1.66622508784155e-06,1.439282382515872e-06,1.246582091371526e-06,1.082542388710845e-06,9.425497102530002e-07,8.227811033122731e-07,7.200610485296652e-07,6.317456529026575e-07,5.556286755907449e-07,4.898650402517813e-07,4.329084051297092e-07,3.834600730373126e-07,3.404270776547112e-07,3.028877170862234e-07,2.700631479395972e-07,2.412939240793891e-07,2.160205794372647e-07,1.937675259079317e-07,1.741296747160087e-07,1.567612999060236e-07,1.413667513900623e-07,1.276926966700841e-07,1.155216283794164e-07,1.046664218776752e-07,9.496576543665693e-08,8.62803167805538e-08,7.848946525420536e-08,7.148859977665291e-08,6.518679986668434e-08,5.950488110369465e-08,0.0124562901818126
9.5,0.005218203424862707,0.002815722973080475,0.001587205377362304,0.0009288778213994371,0.0005651329788395077,0.0003587025374507386,0.0002379957580565499,0.0001648659359073611,0.0001187345564332913,8.836555104117327e-05,6.752375272919791e-05,5.267124090107494e-05,4.174200651014448e-05,3.348732163797309e-05,2.712302772400818e-05,2.213689632054344e-05,1.818138339027726e-05,1.501243317365128e-05,1.245350907564739e-05,1.037373440842535e-05,8.674128924348775e-06,7.278629841814142e-06,6.128033645729932e-06,5.175782099949559e-06,4.38495219539058e-06,3.726057152224926e-06,3.175409580536144e-06,2.713884126367991e-06,2.325970127303432e-06,1.999038623783415e-06,1.722770209890933e-06,1.488705095577924e-06,1.289887014697659e-06,1.120579843014254e-06,9.760409815225765e-07,8.523393494524322e-07,7.462086362140146e-07,6.549285631654337e-07,5.762284972648236e-07,5.082089742975548e-07,4.492776254080566e-07,3.980967264080258e-07,3.535401554685138e-07,3.14657988841829e-07,2.806473142381976e-07,2.508281185476442e-07,2.246233268247499e-07,2.01542245149961e-07,1.811668006283326e-07,1.631400847327546e-07,1.47156797167132e-07,1.329552608947264e-07,1.203107384683262e-07,1.090298280900666e-07,9.894575711971352e-08,8.991442278948159e-08,8.18110560648428e-08,7.452740602881864e-08,6.796935975555849e-08,6.205492709601494e-08,0.01244383219972676
10.5,0.005185790249461332,0.002806718075423527,0.001585385945608044,0.0009293134409048767,0.0005662925554645114,0.0003600396656215987,0.0002392924210344508,0.0001660363696499994,0.0001197532474999083,8.923486531453404e-05,6.82578423888336e-05,5.328799333349555e-05,4.225922829951401e-05,3.392113132719613e-05,2.748735054366224e-05,2.244347056712373e-05,1.843997633605992e-05,1.523111983657613e-05,1.263894775526516e-05,1.053141291296248e-05,8.808574286216231e-06,7.393582561761026e-06,6.226590612791789e-06,5.260513083733729e-06,4.457994560109704e-06,3.789192840429386e-06,3.230127745956712e-06,2.761432176674767e-06,2.367395407310568e-06,2.03522253184646e-06,1.754456185791635e-06,1.516521634033505e-06,1.314366631846484e-06,1.142174742476887e-06,9.951360225011426e-07,8.692628042147413e-07,7.612411321716029e-07,6.683105308281696e-07,5.881663858863873e-07,5.188804490633428e-07,4.588359212342005e-07,4.066743019817037e-07,3.612517656129282e-07,3.216032724816797e-07,2.869129782560219e-07,2.564897839261198e-07,2.297470920792775e-07,2.061860126995796e-07,1.853814040531744e-07,1.669702485178354e-07,1.506419552887837e-07,1.361302562675886e-07,1.232064216752962e-07,1.116735708328954e-07,1.013618933463426e-07,9.212462838775723e-08,8.383467628887435e-08,7.63817383848891e-08,6.966989887061744e-08,6.361557708341799e-08,0.01241270314500639
11.5,0.005141371946815116,0.002793004844775084,0.001581094076600345,0.000928237998192424,0.000566459410117813,0.0003606929874512113,0.0002400977433140049,0.000166839316634556,0.0001204870422636983,8.987664587025727e-05,6.880596207006797e-05,5.375010629450641e-05,4.264623503600699e-05,3.424428062173343e-05,2.775698674146182e-05,2.26686009350815e-05,1.862822279157418e-05,1.538883338679295e-05,1.277137765564965e-05,1.064288098801659e-05,8.90263391083473e-06,7.473155679432091e-06,6.294082412828832e-06,5.317906479698882e-06,4.506927381300458e-06,3.831020644663881e-06,3.265974855029741e-06,2.792233143417604e-06,2.393928739559353e-06,2.058138159569913e-06,1.774297872139327e-06,1.533745296753793e-06,1.329355351871079e-06,1.155251084094165e-06,1.006572167550104e-06,8.792889051878362e-07,7.700522111050782e-07,6.760721884065222e-07,5.950195351122359e-07,5.249452476179263e-07,4.642150442738448e-07,4.114556709963407e-07,3.655108278585223e-07,3.254049083936255e-07,2.903131003646343e-07,2.595366794991762e-07,2.324825525085465e-07,2.086462851275939e-07,1.875979945821095e-07,1.689706012966049e-07,1.524500276300849e-07,1.377670065365532e-07,1.246902238806522e-07,1.130205675308832e-07,1.025862965484431e-07,9.323897657357271e-08,8.485005430663321e-08,7.730796592619012e-08,7.051569229412309e-08,6.438868860225278e-08,0.01235648104898631
12.5,0.005114862528266447,0.002793152400808136,0.001586588462309793,0.0009339039305629628,0.0005712976307425419,0.0003646542409529822,0.0002433105902043132,0.0001694426995134345,0.0001225999396310567,9.159599182259716e-05,7.020956288378508e-05,5.490002258666595e-05,4.359182436702445e-05,3.50247735537568e-05,2.840360134898994e-05,2.32062409773835e-05,1.907682102934389e-05,1.576440439313033e-05,1.308683925441964e-05,1.090869458356421e-05,9.127304417623453e-06,7.663623060472688e-06,6.456029567413359e-06,5.456002435754017e-06,4.625020269099475e-06,3.932291513759869e-06,3.353060810913015e-06,2.867326326748311e-06,2.45885619235878e-06,2.114426499905325e-06,1.823225841994652e-06,1.576386590395159e-06,1.366613624830008e-06,1.187888649403351e-06,1.03523357894577e-06,9.0452038637263e-07,7.923177006209932e-07,6.957666196911561e-07,6.124798521520693e-07,5.404595615730795e-07,4.780302603765328e-07,4.237838539322249e-07,3.765345246243471e-07,3.352816078614711e-07,2.991789765694086e-07,2.675097395008701e-07,2.396652883767163e-07,2.151279122091289e-07,1.934563439927764e-07,1.742737229211206e-07,1.572575503425879e-07,1.421312944758298e-07,1.286573611199135e-07,1.166311981178129e-07,1.058763424531173e-07,9.624025240360595e-08,8.759079459542189e-08,7.981327826123411e-08,7.280794743806696e-08,6.648785699585826e-08,0.01236822636939892
13.5,0.005076041956983498,0.002784463490510535,0.001586084360895891,0.0009358573352566087,0.0005739366377746107,0.000367335588459624,0.0002457813290795078,0.0001716145357370751,0.0001244608621983472,9.316821666313601e-05,7.152815334933896e-05,5.600230337883037e-05,4.451259054812408e-05,3.579450771844182e-05,2.904815514106831e-05,2.374716037178873e-05,1.953190196617042e-05,1.614828420726071e-05,1.341154151040366e-05,1.118409951120441e-05,9.361541974103414e-06,7.863395734332652e-06,6.626875173116136e-06,5.602507219153585e-06,4.750991529719372e-06,4.040897510554358e-06,3.446944320458435e-06,2.948697000170202e-06,2.529565839269112e-06,2.176030601160384e-06,1.877033930863906e-06,1.623503614447658e-06,1.407973981997335e-06,1.22428425898884e-06,1.067337083756896e-06,9.329043712880455e-07,8.174706444430508e-07,7.181061621952466e-07,6.323638498628824e-07,5.581953185139687e-07,4.938822495600666e-07,4.379801883072326e-07,3.892723898968846e-07,3.467318319483395e-07,3.094898797419663e-07,2.768103841940659e-07,2.480682271027786e-07,2.227315151689945e-07,2.003467741317776e-07,1.805266147731991e-07,1.629394396009767e-07,1.4730083745482e-07,1.333663768375929e-07,1.209255603943021e-07,1.097967449878823e-07,9.982286610989545e-08,9.086783339967565e-08,8.281348701390656e-08,7.555702344229429e-08,6.900881486987936e-08,0.0123440578704188
14.5,0.005035689105553977,0.002778123338536746,0.00158816143890526,0.0009399028499988658,0.0005781446721477712,0.000371170813520553,0.0002491012993620327,0.0001744164241260092,0.0001267938765224455,9.509757110916907e-05,7.311918219974711e-05,5.731387997631651e-05,4.559506489996919e-05,3.668974917917942e-05,2.97904587914691e-05,2.436440439051026e-05,2.00466777477738e-05,1.657889119777152e-05,1.377281992819625e-05,1.148810926469703e-05,9.618108675634042e-06,8.08054699672409e-06,6.81118845337457e-06,5.759387209009818e-06,4.884891735583578e-06,4.155497691870849e-06,3.54529299083693e-06,3.033326220212159e-06,2.602583973740339e-06,2.239197497333888e-06,1.93182202800753e-06,1.671147757125494e-06,1.44951213473238e-06,1.260590869984382e-06,1.099150492344486e-06,9.608493757360772e-07,8.420771269972931e-07,7.398244938981709e-07,6.515776589389254e-07,5.752320952910584e-07,5.090221721171526e-07,4.514634816977741e-07,4.013054743097149e-07,3.574924687154209e-07,3.191314864718953e-07,2.854656597509736e-07,2.558522022756112e-07,2.297441245834025e-07,2.066750283664487e-07,1.862464380511e-07,1.681172272693994e-07,1.519947782926726e-07,1.376275776683434e-07,1.247990042427991e-07,1.133221088596338e-07,1.030352201979858e-07,9.379823997934942e-08,8.548951433915544e-08,7.800318750739223e-08,7.124695985569271e-08,0.01233160226519039
15.5,0.004980754310341308,0.002760240204566755,0.001582609299319009,0.0009387272176539472,0.0005786607445331971,0.0003723213146541075,0.0002504218034636255,0.0001756991121835155,0.0001279535371922883,9.610863571122359e-05,7.398387156966011e-05,5.804599121007628e-05,4.621197874332848e-05,3.720873010958518e-05,3.02271319513491e-05,2.47322888409849e-05,2.035719944795825e-05,1.684158919287636e-05,1.399560957324696e-05,1.167754195365053e-05,9.779604360280512e-06,8.218592933514111e-06,6.929505075248676e-06,5.86106484449328e-06,4.972502602803524e-06,4.231187400105555e-06,3.61085526042988e-06,3.090263940974934e-06,2.652159168978944e-06,2.28247228191743e-06,1.96969225009555e-06,1.704370687533068e-06,1.478729304771342e-06,1.286346947044043e-06,1.121908912680057e-06,9.810053176714499e-07,8.599682982834292e-07,7.557401188823261e-07,6.657659801752352e-07,5.879066468300456e-07,5.203670352301728e-07,4.616376960630752e-07,4.104467469939411e-07,3.657202982616417e-07,3.265497989622704e-07,2.921650369767779e-07,2.619117684200507e-07,2.352331465413798e-07,2.116542755371529e-07,1.90769339778266e-07,1.722308597742556e-07,1.557407077058431e-07,1.410425814241432e-07,1.279156894934764e-07,1.161694435685019e-07,1.0563899007297e-07,9.618144232541767e-08,8.767269816813356e-08,8.000474778821406e-08,7.308339256897674e-08,0.01226424989024007
16.5,0.004941588201019009,0.002750906137120104,0.001581282242542469,0.0009397610063620472,0.0005804200411466235,0.0003742268822915233,0.0002522348926155077,0.0001773234307380677,0.0001293618856692127,9.730737010058884e-05,7.499388157320894e-05,5.889269111038727e-05,4.692041678104489e-05,3.780149759467063e-05,3.072371096896698e-05,2.514908033933513e-05,2.070783293189197e-05,1.713731685109145e-05,1.424569481216781e-05,1.188960645951847e-05,9.959923690678181e-06,8.372342075291476e-06,7.060959770622803e-06,5.97376556769135e-06,5.069387744563213e-06,4.31470138333051e-06,3.683036373291081e-06,3.15281580169433e-06,2.706508986155012e-06,2.329818453171425e-06,2.011043338128288e-06,1.740577408511225e-06,1.510510841290349e-06,1.314312640778286e-06,1.146576186898654e-06,1.002814516267549e-06,8.792949972237245e-07,7.729053612201969e-07,6.810448016191791e-07,6.015351910944016e-07,5.325485036903427e-07,4.725473319672132e-07,4.20236018571576e-07,3.745204158714548e-07,3.34474677628255e-07,2.993137962319791e-07,2.683708454770229e-07,2.41078085771059e-07,2.169512465269765e-07,1.955764274244577e-07,1.765991625938293e-07,1.597152745492802e-07,1.446632118013327e-07,1.31217618607784e-07,1.19183929735585e-07,1.083938193589352e-07,9.870136287234595e-08,8.997979470140115e-08,8.211876515173177e-08,7.502201575587636e-08,0.01223169890646125
17.5,0.004897898073977597,0.002740944045991394,0.001580544561662613,0.0009417502065958734,0.0005831737402709325,0.0003770424858356219,0.0002548355601208267,0.0001796107212439043,0.0001313204917121388,9.89597259621304e-05,7.63768760801633e-05,6.00460149910176e-05,4.78812274062518e-05,3.86023960297903e-05,3.139234607181115e-05,2.570847551110058e-05,2.117697630245488e-05,1.753179715571342e-05,1.457828985239489e-05,1.217079207552436e-05,1.019829912613063e-05,8.574979090840127e-06,7.233686517985632e-06,6.121396426500101e-06,5.19590915581259e-06,4.423422159086702e-06,3.776709439259166e-06,3.233736991735846e-06,2.776597392215438e-06,2.390681927865536e-06,2.064032021252172e-06,1.786827571117021e-06,1.550980882628467e-06,1.349812709872552e-06,1.177792611861807e-06,1.030329994833146e-06,9.036053188692934e-07,7.94433284883748e-07,7.001515956899356e-07,6.185302480737955e-07,5.476973659501837e-07,4.860784036654081e-07,4.323461890932812e-07,3.853797798292447e-07,3.442305036417502e-07,3.080938699544397e-07,2.762862904783402e-07,2.482257479913489e-07,2.234157133353734e-07,2.014317402529703e-07,1.819102721822523e-07,1.645392796431888e-07,1.49050415374725e-07,1.352124300782387e-07,1.228256369942422e-07,1.117172505802114e-07,1.017374548603784e-07,9.275608185837018e-08,8.465980092456841e-08,7.734973655619013e-08,0.01220212166327902
18.5,0.004842389248639696,0.002723636827727506,0.00157528146186196,0.0009409071056346647,0.0005840860145989374,0.0003786027952548522,0.000256539545007671,0.0001812312332621006,0.0001327674148080054,0.0001002101672342448,7.743885324256342e-05,6.093985355550416e-05,4.863046252980042e-05,3.922965678074981e-05,3.191775085179638e-05,2.614922785554132e-05,2.154749022315753e-05,1.784402236245903e-05,1.484208311900169e-05,1.239426875200971e-05,1.038814091568605e-05,8.736693397214174e-06,7.371820667980065e-06,6.239712809490053e-06,5.297527716160764e-06,4.510936126533329e-06,3.85227933246971e-06,3.299167061942535e-06,2.833397895950627e-06,2.440119960785092e-06,2.107173106588006e-06,1.824569761865772e-06,1.584082788846933e-06,1.378916585072006e-06,1.203443411423902e-06,1.052991143054814e-06,9.236717803975906e-07,8.122424235509266e-07,7.159922132859305e-07,6.326501228153781e-07,5.6030955171549e-07,4.973665036149753e-07,4.424687788474843e-07,3.944741241378988e-07,3.524156850525572e-07,3.154734272384506e-07,2.829504476054683e-07,2.542533005490225e-07,2.28875627872428e-07,2.063845126453926e-07,1.864090833836328e-07,1.686309807987183e-07,1.527763689985605e-07,1.386092296215215e-07,1.259257235033727e-07,1.145494421305117e-07,1.043274019414644e-07,9.512665979641376e-08,8.683144868104821e-08,7.934074978347853e-08,0.01213857851157125
19.5,0.004819465255553626,0.002723267313524887,0.0015795519487003,0.0009458163151956975,0.0005887108904245115,0.0003827102846385116,0.0002600836764548878,0.0001842364248438144,0.0001352886513312535,0.000102312871075235,7.918784619997936e-05,6.239397028225543e-05,4.984058099050327e-05,4.023857122890812e-05,3.27608966146146e-05,2.685570347786901e-05,2.214110001428421e-05,1.834421968085811e-05,1.526477590776834e-05,1.275248681398896e-05,1.069257977663478e-05,8.996153980102105e-06,7.593563514482731e-06,6.429743267765302e-06,5.460825770920862e-06,4.651641967473172e-06,3.973843542766781e-06,3.404472490663678e-06,2.924858819722877e-06,2.519762983550491e-06,2.176703333986218e-06,1.885425068287371e-06,1.637478428933389e-06,1.425881954279377e-06,1.244852406225274e-06,1.08958729019763e-06,9.560890806505654e-07,8.410226763818078e-07,7.415994454287208e-07,6.554826283269521e-07,5.807099581097145e-07,5.156302034648139e-07,4.588510052925908e-07,4.091958992067443e-07,3.656688293679422e-07,3.274247867450337e-07,2.93745466018656e-07,2.64019044140799e-07,2.377233510704829e-07,2.144118379941292e-07,1.937018571082006e-07,1.752648550480308e-07,1.588181534330304e-07,1.441180480413162e-07,1.309540054273656e-07,1.191437744259322e-07,1.085292615989241e-07,9.89730456048351e-08,9.035542676746183e-08,8.257192564960058e-08,0.01215549516211505
20.5,0.004769926039972409,0.002708363424605096,0.001575628482140037,0.000945983869084901,0.0005905105349486077,0.0003850718690700217,0.0002625015246265251,0.0001864808301749084,0.0001372724357934703,0.0001040203616219964,8.063631153996533e-05,6.361337348995874e-05,5.086355598483929e-05,4.109588699919635e-05,3.347972881953572e-05,2.745926023741506e-05,2.264884665805525e-05,1.877232683932386e-05,1.562661405150425e-05,1.305909073613055e-05,1.095305530529214e-05,9.218021722556412e-06,7.783043958981141e-06,6.591990892620514e-06,5.600120324177694e-06,4.771544432554765e-06,4.077323271587141e-06,3.494010911244711e-06,3.002534149494193e-06,2.587319545542871e-06,2.235608382388254e-06,1.936915467275091e-06,1.68259907461358e-06,1.465517464712428e-06,1.27975331180393e-06,1.120391721900441e-06,9.833407652321403e-07,8.651858960528627e-07,7.630714975531224e-07,6.746042221865738e-07,5.977739061501961e-07,5.308886998954806e-07,4.725217324990509e-07,4.214671597779841e-07,3.767038667535899e-07,3.373654291337823e-07,3.027152047571652e-07,2.72125638923416e-07,2.450610384431953e-07,2.21063206801884e-07,1.997394438644642e-07,1.807525034073997e-07,1.638121746677092e-07,1.486682133886875e-07,1.3510439616744e-07,1.229335113835939e-07,1.119931322989966e-07,1.021420444171335e-07,9.325722096502964e-08,8.523125828470743e-08,0.01210922163949364
21.5,0.004714738550563191,0.002689160780949575,0.001568646266053267,0.0009439095655045158,0.0005905900988570664,0.0003860685710412649,0.0002638150364385725,0.0001878224809796354,0.0001385141755640575,0.0001051158456787076,8.157873051304533e-05,6.441337725359244e-05,5.15381437177751e-05,4.166312259080597e-05,3.395644501424033e-05,2.786023461068731e-05,2.298666383720511e-05,1.905753321187614e-05,1.586797493520938e-05,1.32638630344872e-05,1.112723932705151e-05,9.366579877958707e-06,7.910084860348499e-06,6.700921803023665e-06,5.693772321457877e-06,4.852274755132582e-06,4.14709888471611e-06,3.55447674579823e-06,3.055068880133051e-06,2.633081252916306e-06,2.275572001748132e-06,1.971903561270266e-06,1.713307171736465e-06,1.492534965882093e-06,1.303580775472649e-06,1.14145518383153e-06,1.002003625214642e-06,8.8175880420109e-07,7.778205926000164e-07,6.877580094237474e-07,6.095290102977909e-07,5.414146857416917e-07,4.819651516768687e-07,4.299549539889951e-07,3.84346234864283e-07,3.442582468670301e-07,3.089420703859994e-07,2.777596058083593e-07,2.501660849253364e-07,2.25695485458048e-07,2.039483451140413e-07,1.845815626620983e-07,1.672998474160612e-07,1.518485386280883e-07,1.380075652923317e-07,1.255863568904537e-07,1.144195483799244e-07,1.04363349604583e-07,9.529247139528158e-08,8.709751881343663e-08,0.01203808223038291
22.5,0.004692877701614058,0.002686031559175006,0.001569866778253825,0.0009463819464740396,0.0005934256364645116,0.0003888801047742394,0.0002664078706061385,0.0001901134146635544,0.0001404865090223752,0.0001067880633849294,8.298451843951563e-05,6.55903418287128e-05,5.252221063696896e-05,4.248621416044249e-05,3.464586819376154e-05,2.843887053375395e-05,2.347347479082729e-05,1.946814873866282e-05,1.621525045842817e-05,1.355837080300192e-05,1.137768281039207e-05,9.580136202374538e-06,8.092684668875292e-06,6.85747676130341e-06,5.828359697550758e-06,4.968287168977177e-06,4.247365934673779e-06,3.641363966795518e-06,3.130558426905508e-06,2.69883783180217e-06,2.332996872900927e-06,2.02217887221562e-06,1.75743243637104e-06,1.531357147423353e-06,1.337819148690723e-06,1.171721926012271e-06,1.028820904731576e-06,9.055729908713509e-07,7.99014097743655e-07,7.066591699037798e-07,6.264203551992979e-07,5.565398631318901e-07,4.955347432121867e-07,4.42151364730834e-07,3.953278127286338e-07,3.541627592265027e-07,3.178896433167697e-07,2.85855213407838e-07,2.575016612787583e-07,2.323517196074538e-07,2.099962092998003e-07,1.900836157756086e-07,1.723113487065657e-07,1.564184009898135e-07,1.421791727112726e-07,1.293982666823765e-07,1.179060955630225e-07,1.075551680074128e-07,9.821694380934628e-08,8.977916658300798e-08,0.01204003675957723
23.5,0.004660488104409429,0.002678876582324791,0.001570239932788455,0.0009493340550827148,0.0005971936622017229,0.0003926975976333914,0.0002699308432157141,0.0001932113857277044,0.0001431383964644876,0.0001090242664077056,8.485532950238414e-05,6.714987737678137e-05,5.382106442153689e-05,4.356870291353875e-05,3.554951823030584e-05,2.919488809797011e-05,2.410756777114734e-05,2.000140336983164e-05,1.66649381756302e-05,1.393864347301981e-05,1.170015212860315e-05,9.854348189956376e-06,8.326504830080369e-06,7.057401486028278e-06,5.99976775679302e-06,5.115642945268649e-06,4.374383902911653e-06,3.751142089398466e-06,3.225686591532677e-06,2.781486217533385e-06,2.404988138662141e-06,2.085047273857901e-06,1.812472355371683e-06,1.579663020549077e-06,1.380318396593944e-06,1.209202167782238e-06,1.061952497742838e-06,9.349277374505419e-07,8.250808017346649e-07,7.298565989592443e-07,6.471080621460683e-07,5.75027237010579e-07,5.120885936072256e-07,4.570022886525764e-07,4.086755490989664e-07,3.661806999800322e-07,3.2872864068755e-07,2.956467988692686e-07,2.663607718338457e-07,2.403790108782564e-07,2.172800214862759e-07,1.967016475185551e-07,1.783320847706322e-07,1.619023321349604e-07,1.471798398635886e-07,1.339631563189877e-07,1.220774089042104e-07,1.113704830093153e-07,1.017097859477235e-07,9.2979501909872e-08,0.01203475747862969
24.5,0.004628208769445105,0.002667937296041871,0.001566301827771123,0.0009485686353565703,0.0005980080169622705,0.0003942254993682281,0.000271685057071158,0.0001949364446142892,0.0001447165770728007,0.0001104139953361786,8.605370834550939e-05,6.817153630086421e-05,5.468701287779043e-05,4.43008555961136e-05,3.616825934178122e-05,2.971817886337143e-05,2.45507926493949e-05,2.037753991834669e-05,1.698484514889638e-05,1.421137060688032e-05,1.193322985042952e-05,1.00540421335813e-05,8.498032388030406e-06,7.205112914244839e-06,6.127296234047203e-06,5.22602831799161e-06,4.470174515473076e-06,3.834478537988796e-06,3.298370641515951e-06,2.845037570902045e-06,2.460691257940879e-06,2.133990065179143e-06,1.855578180192811e-06,1.617717232993675e-06,1.413990381739219e-06,1.239063676336617e-06,1.088492926695876e-06,9.585668879675893e-07,8.461795495205665e-07,7.48725834240053e-07,6.640161928561787e-07,5.902064969416971e-07,5.257403549377795e-07,4.693015436326036e-07,4.197746972682195e-07,3.762127539795125e-07,3.378099445454156e-07,3.038793368400221e-07,2.738341328287015e-07,2.471720627447311e-07,2.234623404701829e-07,2.023347408409571e-07,1.834704381063369e-07,1.665943086674689e-07,1.514684533337755e-07,1.378867369334344e-07,1.256701780026966e-07,1.146630499097407e-07,1.047295783084824e-07,9.575113920669032e-08,0.01200379499626591
25.5,0.004618530103381252,0.002669849570690211,0.001570689284668541,0.0009535585088986901,0.0006029482901990802,0.0003987851823689006,0.0002757105482278107,0.0001983905440159504,0.0001476288483798423,0.0001128447644451635,8.807217174390087e-05,6.984438489806511e-05,5.607354424314944e-05,4.545159849235928e-05,3.712527960572974e-05,3.051606120943026e-05,2.521779540235349e-05,2.093669638491044e-05,1.745492659027654e-05,1.460769262218799e-05,1.226831249551174e-05,1.033814399382597e-05,8.739580287064135e-06,7.411046995107579e-06,6.303347143950827e-06,5.376940182880888e-06,4.599884693978827e-06,3.946262897253023e-06,3.394961281861794e-06,2.928718482869066e-06,2.533376256561469e-06,2.197286450985893e-06,1.910838872591608e-06,1.666083567618985e-06,1.456427326344502e-06,1.276388874018093e-06,1.121400700900062e-06,9.876481253694331e-07,8.719382025192209e-07,7.715926452083715e-07,6.843601301547011e-07,6.083443024055103e-07,5.419445296233811e-07,4.838070395758585e-07,4.327845350929838e-07,3.879027472223033e-07,3.483326797864957e-07,3.133675327699053e-07,2.824034801238559e-07,2.549236291894327e-07,2.304846114295671e-07,2.087053533886744e-07,1.892576573745898e-07,1.718582869419983e-07,1.562623057567936e-07,1.422574621558823e-07,1.296594475417744e-07,1.183078861537397e-07,1.080629379339421e-07,9.880241612247024e-08,0.01204022780491497
26.5,0.004589172113577551,0.00265738263259434,0.00156555602399388,0.0009522249032578661,0.000603594059806756,0.0004003456680746614,0.0002775823673396606,0.0002002590684974923,0.0001493489312375728,0.0001143635706933436,8.938331188230624e-05,7.096251166590667e-05,5.702112250407187e-05,4.62524489173349e-05,3.78017019175891e-05,3.108776187947864e-05,2.570167675091784e-05,2.134702438480596e-05,1.780363938901747e-05,1.490473793356523e-05,1.252196522661266e-05,1.055528617376699e-05,8.925939629506942e-06,7.571396569936502e-06,6.441670873019191e-06,5.496569315932176e-06,4.703610094707129e-06,4.036427367847236e-06,3.473535502259166e-06,2.997363533427099e-06,2.593495163421902e-06,2.250066747517721e-06,1.957287801708797e-06,1.707057248193532e-06,1.492654961549754e-06,1.30849288030335e-06,1.149913474847641e-06,1.013026034769083e-06,8.945732817512791e-07,7.918223887007136e-07,7.024757074324935e-07,6.245974609988459e-07,5.565534053541532e-07,4.969610555159991e-07,4.446485391660016e-07,3.98620512715804e-07,3.58029871911753e-07,3.221542270028802e-07,2.903763037080873e-07,2.621675853219397e-07,2.370746358371082e-07,2.147076448678928e-07,1.947308171178393e-07,1.768542958577567e-07,1.608273643205718e-07,1.464327134314312e-07,1.334816007594399e-07,1.21809755513061e-07,1.112739090205276e-07,1.017488504202047e-07,0.01201003295682417
27.5,0.004579629081667968,0.002655703118548238,0.001566177205639064,0.0009541094657764288,0.0006061371590399584,0.0004030815264160489,0.0002802149727318399,0.0002026388669028634,0.0001514234798026176,0.0001161343846446122,9.087719829882608e-05,7.221519144673767e-05,5.806890704405323e-05,4.712854580298496e-05,3.853494727644293e-05,3.17025178578353e-05,2.621822467481752e-05,2.178212079478571e-05,1.817108142193656e-05,1.521587516364436e-05,1.278613854112266e-05,1.078019367874927e-05,9.117937232240321e-06,7.735743044954675e-06,6.582726995173968e-06,5.617959522864127e-06,4.80835379940542e-06,4.127045765088191e-06,3.552138602161366e-06,3.065721230748098e-06,2.653095398770336e-06,2.302163211596152e-06,2.002939150027795e-06,1.747159407965833e-06,1.527967804929737e-06,1.33966229268906e-06,1.177489650735696e-06,1.037478676442482e-06,9.163042498345763e-07,8.111762519918285e-07,7.197485574148931e-07,6.400442901053092e-07,5.703942942722065e-07,5.09386371120982e-07,4.558233090740171e-07,4.086881133984758e-07,3.671151435559692e-07,3.303661088288685e-07,2.978100674732913e-07,2.689067315882559e-07,2.431925067424683e-07,2.202687981972362e-07,1.997921990708437e-07,1.814662437831024e-07,1.650344656028223e-07,1.502745424923101e-07,1.369933526197077e-07,1.250227914310652e-07,1.14216227277706e-07,1.044454932794037e-07,0.01202506225506652
28.5,0.004553056560640895,0.002638209769100745,0.001555627489105528,0.0009484537805030023,0.0006035388192304272,0.0004022169351037721,0.0002802513360951419,0.000203096147502808,0.0001520423948802119,0.0001167831090611222,9.149364502365116e-05,7.277384537059177e-05,5.856263380406344e-05,4.755893887017095e-05,3.890734714233188e-05,3.202351878225134e-05,2.649447914220242e-05,2.201980859385147e-05,1.837571180981425e-05,1.539225059102422e-05,1.293839223674348e-05,1.091185692823485e-05,9.232014652565496e-06,7.83478567006485e-06,6.668898829618512e-06,5.693096130198301e-06,4.874012891845826e-06,4.184550387427188e-06,3.602613738658019e-06,3.110124707031574e-06,2.692243904373675e-06,2.336754185250814e-06,2.033569175793727e-06,1.77433967845996e-06,1.55213712402831e-06,1.361198016134954e-06,1.196716899270243e-06,1.054678101737115e-06,9.317185876049837e-07,8.250158581341035e-07,7.321960907467219e-07,6.512586783604391e-07,5.80514097535393e-07,5.185326381731712e-07,4.641020065235442e-07,4.161921944809597e-07,3.739263126559418e-07,3.365563287449327e-07,3.034428489121185e-07,2.740382380788046e-07,2.478725029010844e-07,2.245414648732423e-07,2.036968352167961e-07,1.850378718047945e-07,1.683043543521404e-07,1.532706598890593e-07,1.397407580581253e-07,1.275439765861509e-07,1.165314126284711e-07,1.065728865712957e-07,0.01196801111021388
29.5,0.004559370372497623,0.002640669209755406,0.00155769352605965,0.0009511204170118746,0.0006066738408565843,0.0004054544316254893,0.000283314372847081,0.000205841394583391,0.0001544238147725828,0.0001188097301100662,9.319995796272602e-05,7.420269649875035e-05,5.975657248524548e-05,4.855645556199847e-05,3.974166834531664e-05,3.272261767452164e-05,2.708159160480361e-05,2.251410354915258e-05,1.879295576021874e-05,1.574540241898459e-05,1.323811013796423e-05,1.116691956318507e-05,9.449666338015285e-06,8.021017388951774e-06,6.828676320395303e-06,5.830544899443853e-06,4.992568388124096e-06,4.287080075196245e-06,3.691516518996139e-06,3.187412061616387e-06,2.759606270744769e-06,2.395615374463748e-06,2.085131087236996e-06,1.819619123392546e-06,1.591996216321633e-06,1.396369307122069e-06,1.227824208636695e-06,1.082253816257275e-06,9.562180549559721e-07,8.468293867022391e-07,7.516589725264196e-07,6.686595761958491e-07,5.961020764849623e-07,5.325230708460816e-07,4.766815415881406e-07,4.275229443820549e-07,3.84149389465377e-07,3.457948348595591e-07,3.118044110836361e-07,2.816171582691609e-07,2.547515871074336e-07,2.307935808745304e-07,2.093862417684491e-07,1.90221354830959e-07,1.730321998981031e-07,1.575874887891575e-07,1.436862432747471e-07,1.3115346084259e-07,1.198364411771642e-07,1.096016676146986e-07,0.01200903667076107
30.5,0.004556120665343936,0.002632942421323669,0.001551930457537382,0.0009482073431340003,0.0006058395345528952,0.0004058089209357971,0.0002842300714193412,0.0002069502751953838,0.0001555346447833356,0.000119835050493652,9.410795047213105e-05,7.498914305981873e-05,6.042966749615807e-05,4.912902602950103e-05,4.022741140634477e-05,3.313442413963199e-05,2.743091105337865e-05,2.281080585475406e-05,1.904541270283606e-05,1.596065344621202e-05,1.342204802418024e-05,1.132446755153657e-05,9.584935827188047e-06,8.137443449604274e-06,6.929131959783983e-06,5.917436398615031e-06,5.067914395924232e-06,4.352577040887991e-06,3.748592763203874e-06,3.237272456355956e-06,2.80326918213419e-06,2.433943239250532e-06,2.118855752570737e-06,1.849362876916082e-06,1.6182892663321e-06,1.419664335167347e-06,1.248508504536286e-06,1.100659413785691e-06,9.726302115603578e-07,8.614936895250799e-07,7.647873031026703e-07,6.804351253969909e-07,6.066835678877006e-07,5.420483233302626e-07,4.852704794985289e-07,4.352801451159865e-07,3.911662431387938e-07,3.521513781620384e-07,3.175708870750762e-07,2.868553453036076e-07,2.595159329729101e-07,2.351321723505929e-07,2.133416349122732e-07,1.938312872337093e-07,1.763302027632346e-07,1.606034138559777e-07,1.464467172476812e-07,1.336822780099119e-07,1.221549032471738e-07,1.117288784084978e-07,0.01199942830293823
31.5,0.004560884335628517,0.002628698664793518,0.001547975122782807,0.0009464312742910095,0.0006058153842868025,0.0004067793543623202,0.0002856281097628094,0.000208441875913536,0.0001569511826500691,0.0001211056664476776,9.52135532217621e-05,7.59354242404594e-05,6.123257545427626e-05,4.980746696553726e-05,4.079985766186941e-05,3.361752717133441e-05,2.783909189894453e-05,2.315629126983171e-05,1.933845159184175e-05,1.620978660371737e-05,1.363437406907699e-05,1.150588220022301e-05,9.740337840202303e-06,8.270907790223647e-06,7.044053550800923e-06,6.01664867188971e-06,5.153786738650529e-06,4.427094801423453e-06,3.813422942773107e-06,3.293817692331089e-06,2.852712166620757e-06,2.477283324332867e-06,2.156939168036174e-06,1.882907719664356e-06,1.647906203845774e-06,1.445873789696632e-06,1.271754942444804e-06,1.121323249433733e-06,9.910377419261339e-07,8.779254002274252e-07,7.794848251604756e-07,6.936070721856491e-07,6.18510441121065e-07,5.526866437350922e-07,4.948562707346353e-07,4.439318772862366e-07,3.989873240089781e-07,3.592322652300306e-07,3.239908812932078e-07,2.92684117083424e-07,2.648148226951785e-07,2.399553006468921e-07,2.177368522186247e-07,1.978409873302503e-07,1.799920210345316e-07,1.639508276931966e-07,1.495095632510107e-07,1.364871983425691e-07,1.24725731563141e-07,1.140869741607068e-07,0.01200823405899924
32.5,0.004585233253845276,0.002633954408029094,0.001549369248489475,0.0009479477764214303,0.0006079737004378991,0.0004092913346532447,0.0002881737243778436,0.0002108232174498505,0.000159078224393163,0.0001229553933610396,9.679777164077697e-05,7.728101394592418e-05,6.237082478932974e-05,5.076888791743072e-05,4.161199535885104e-05,3.430428999465424e-05,2.842079584548348e-05,2.36500014069018e-05,1.975841568787246e-05,1.656786665765448e-05,1.394043699154734e-05,1.17681376378417e-05,9.965623266448177e-06,8.464925919323744e-06,7.211568642010374e-06,6.161648265612392e-06,5.279614721628949e-06,4.536560868572805e-06,3.908892700926053e-06,3.377286912868816e-06,2.925868062003673e-06,2.541555196185664e-06,2.21354034052763e-06,1.93287031765446e-06,1.692110047202955e-06,1.48507044137088e-06,1.306587758183084e-06,1.152344123052009e-06,1.018721114958689e-06,9.026800030110771e-07,8.016635335039658e-07,7.135151961201417e-07,6.364127069279023e-07,5.688130851687489e-07,5.094072082227877e-07,4.570821333792381e-07,4.108897982434486e-07,3.700209708750904e-07,3.337835293603675e-07,3.015843188506317e-07,2.729139702920321e-07,2.473341755399015e-07,2.244670033703566e-07,2.03985914096277e-07,1.85608190271617e-07,1.690885498877041e-07,1.542137485793253e-07,1.407980103147512e-07,1.286791531693695e-07,1.177152991485437e-07,0.01206506616452945
33.5,0.004588928408666097,0.00262296155934625,0.001539585680899949,0.0009419288451999704,0.0006049438175933131,0.0004081023311480136,0.0002879806448474258,0.0002111123573067271,0.0001595660695555466,0.0001234960900127366,9.732169363277363e-05,7.775863750162984e-05,6.279278907387278e-05,5.113542247207023e-05,4.192748693701807e-05,3.457457824406182e-05,2.865188440685941e-05,2.384748823236819e-05,1.992728027903694e-05,1.671242834666723e-05,1.40643902216914e-05,1.187461750962642e-05,1.005727877946785e-05,8.543990566389111e-06,7.279924113622832e-06,6.22087999710771e-06,5.331059402621208e-06,4.581346624701369e-06,3.947972855733078e-06,3.411468249136412e-06,2.955834431416537e-06,2.567887225742604e-06,2.236731878808933e-06,1.953342165245268e-06,1.710221427743018e-06,1.501128593917465e-06,1.32085596732196e-06,1.165048449297097e-06,1.03005604307377e-06,9.128131886202827e-07,8.107397975060735e-07,7.216598909142061e-07,6.437345573800305e-07,5.754065898330677e-07,5.153546719329829e-07,4.624553904195509e-07,4.157516754514686e-07,3.744265318623124e-07,3.377811342634867e-07,3.052165284031046e-07,2.762183183310976e-07,2.503438301743199e-07,2.272113337931067e-07,2.064909773228625e-07,1.878971498266207e-07,1.711820365741029e-07,1.561301718843352e-07,1.425538276809643e-07,1.302891032480011e-07,1.191926042173207e-07,0.01204295237751469
34.5,0.004621817858390959,0.002624674125151283,0.001535378966430608,0.0009383271061496163,0.0006028844750336019,0.0004072165434222463,0.0002877889145617635,0.0002112747482167573,0.0001598816055693972,0.0001238573519638016,9.767603759964453e-05,7.808312713187566e-05,6.307970285705813e-05,5.138437208396734e-05,4.214130805582391e-05,3.475726810268202e-05,2.880761367469615e-05,2.398016209201572e-05,2.004037263736707e-05,1.680894688268736e-05,1.414690021391099e-05,1.194528871002948e-05,1.01179381591583e-05,8.596173122669289e-06,7.324918576839585e-06,6.259768522821448e-06,5.364751369749616e-06,4.610607091519312e-06,3.973446362744861e-06,3.433698657684825e-06,2.975281428001736e-06,2.584940042978188e-06,2.251720703004728e-06,1.966547625789609e-06,1.721882497691401e-06,1.511449174969949e-06,1.330010385081322e-06,1.173186045313948e-06,1.037305017576994e-06,9.192838209302936e-07,8.165271489790077e-07,7.268460770449018e-07,6.483906607065056e-07,5.795942729575878e-07,5.191275398271945e-07,4.658601428210135e-07,4.188290832645029e-07,3.772122657840214e-07,3.403064691508256e-07,3.075089430029119e-07,2.78302006768138e-07,2.522401389148393e-07,2.289391355767278e-07,2.080669917048286e-07,1.893362184305613e-07,1.724973598693765e-07,1.573335132277997e-07,1.436556894646471e-07,1.312988792418472e-07,1.201187115654312e-07,0.01207018769478462
35.5,0.004641583403485547,0.002620554111376152,0.001529007284606821,0.0009342183286026196,0.0006010132551201548,0.0004067753119057097,0.0002881059189003423,0.0002119300438442943,0.0001606443440202994,0.0001246121737138867,9.837157630649569e-05,7.870124163511848e-05,6.361846163503105e-05,5.184909281527906e-05,4.25400258816139e-05,3.509854589153108e-05,2.909955537490506e-05,2.423002711129385e-05,2.025447996835818e-05,1.699271101335643e-05,1.430492028717674e-05,1.208145299763523e-05,1.02355264104461e-05,8.697949536239394e-06,7.413213087053179e-06,6.336546392557657e-06,5.431672062309406e-06,4.669073732196049e-06,4.024647135015612e-06,3.478641380801055e-06,3.01482241597213e-06,2.619808189612529e-06,2.282537591765408e-06,1.993844333617918e-06,1.746113650363499e-06,1.533004717082428e-06,1.349225448670493e-06,1.190349235300517e-06,1.052665377675364e-06,9.330566985400366e-07,8.288991402947556e-07,7.379792028280528e-07,6.584258977250265e-07,5.886545450768266e-07,5.273202553467437e-07,4.732793502587969e-07,4.255573058619508e-07,3.833220651120699e-07,3.458617799796123e-07,3.125662147661528e-07,2.829111812659645e-07,2.564454891588855e-07,2.32779986725884e-07,2.115783417354604e-07,1.925492734206573e-07,1.754399964609579e-07,1.600306788906093e-07,1.461297495543589e-07,1.335699184761465e-07,1.222047963885115e-07,0.01208078446905817
36.5,0.004674441335062053,0.002618831759137484,0.001522113089254929,0.0009289388352524878,0.0005979666462399863,0.0004053099168573421,0.0002875654035145444,0.0002118743354723719,0.0001608174021704576,0.000124876250213433,9.86570010096605e-05,7.897522776614321e-05,6.386737349412073e-05,5.206884412205014e-05,4.273104358273641e-05,3.526319664786642e-05,2.924086755134442e-05,2.435108192913905e-05,2.035814250213386e-05,1.708153020874471e-05,1.438111032646757e-05,1.214691150999748e-05,1.029186728451564e-05,8.746539504811064e-06,7.455207063843196e-06,6.372919465779429e-06,5.463247491940623e-06,4.696546981074245e-06,4.048606261824641e-06,3.499584228415641e-06,3.033171040892136e-06,2.635920948296918e-06,2.296719253373089e-06,2.006354538715269e-06,1.757173987533042e-06,1.54280464655323e-06,1.35792726483071e-06,1.198092228142137e-06,1.059569326384944e-06,9.392248079781433e-07,8.344205123801145e-07,7.429309192817595e-07,6.628747777229064e-07,5.926586306610893e-07,5.309300685858733e-07,4.765389588015747e-07,4.285052274448487e-07,3.859920365308025e-07,3.482834118451077e-07,3.147655498836197e-07,2.849111715803903e-07,2.582664037998998e-07,2.344397616761673e-07,2.130928799708455e-07,1.939327029701873e-07,1.767048926644949e-07,1.61188256151519e-07,1.471900270633192e-07,1.345418636927873e-07,1.230964494884607e-07,0.0120975040446526
37.5,0.0047005113817436,0.002611634596034901,0.001511805422499333,0.0009216346289854936,0.0005937074722552396,0.0004030941130221198,0.000286540994445908,0.000211493280367781,0.0001607631370722451,0.0001249760977252781,9.882040773633301e-05,7.915644490615211e-05,6.404441662742971e-05,5.223205855987973e-05,4.287702215538265e-05,3.539159041256893e-05,2.935273366854587e-05,2.444804034499266e-05,2.04419555206272e-05,1.71539019053018e-05,1.444359929363187e-05,1.220090112999059e-05,1.033856432570373e-05,8.786985815140379e-06,7.49029649493137e-06,6.403416046198394e-06,5.489802918769578e-06,4.719716576338872e-06,4.068863099406959e-06,3.517331418790546e-06,3.048752294748228e-06,2.649629595273672e-06,2.308805906443218e-06,2.017033588588059e-06,1.766629095903342e-06,1.551193387983077e-06,1.365385047606914e-06,1.20473560612558e-06,1.065498797323686e-06,9.445271792053838e-07,8.39170902229057e-07,7.471944517762709e-07,6.667080189513116e-07,5.961108075058277e-07,5.340441039670087e-07,4.793523521178412e-07,4.310508043026706e-07,3.882985880014194e-07,3.503762402638149e-07,3.166669355024602e-07,2.866407721211527e-07,2.598415970563995e-07,2.35875939723363e-07,2.144037022031729e-07,1.951303140704998e-07,1.778001106631808e-07,1.621907349433828e-07,1.481083970833381e-07,1.35383853890428e-07,1.238689932669387e-07,0.01209274958122685
38.5,0.004756515983169096,0.002618444772457931,0.001508240029233863,0.0009176542844925519,0.0005911055408623805,0.0004016998827207743,0.0002859113229422543,0.0002112870204041938,0.0001607705742106553,0.0001250805058494595,9.896076548604559e-05,7.930260942776755e-05,6.418258119349633e-05,5.235675033415523e-05,4.298685738119913e-05,3.548708007380155e-05,2.943517526563035e-05,2.451897388669594e-05,2.050290819231105e-05,1.720627815037885e-05,1.448864259862006e-05,1.223968992681641e-05,1.037202304464577e-05,8.815901670035673e-06,7.51533745515476e-06,6.425147920065708e-06,5.508704710323326e-06,4.736193883382774e-06,4.083259604431379e-06,3.529938645257851e-06,3.05981784105117e-06,2.65936405968648e-06,2.317388700099171e-06,2.02461781080673e-06,1.773345622384575e-06,1.557154299949056e-06,1.370686509909207e-06,1.209460284907106e-06,1.069717892951736e-06,9.483021376339361e-07,8.425548574181408e-07,7.502334430040321e-07,6.694420195330632e-07,5.985745953472651e-07,5.362679993217439e-07,4.813628437192418e-07,4.328710815509209e-07,3.899489939872259e-07,3.518746579991143e-07,3.180291177220232e-07,2.878806233478053e-07,2.609714152293167e-07,2.369066235261487e-07,2.153449292570804e-07,1.95990694345783e-07,1.785873187814045e-07,1.629116244734643e-07,1.487690994557199e-07,1.359898641519465e-07,1.244252445609818e-07,0.01214467352739949
39.5,0.004784418589500887,0.00260738737476744,0.001493630540549162,0.000906710357151475,0.0005839521301778729,0.0003972115306967502,0.0002830994744682211,0.0002094921149305432,0.0001595908436431987,0.0001242789789289576,9.839820989649981e-05,7.889613564466325e-05,6.388162949076184e-05,5.212950505519176e-05,4.281259878784022e-05,3.53518440262685e-05,2.932924648805038e-05,2.443540201225866e-05,2.043660279759262e-05,1.715343865980801e-05,1.444638708776157e-05,1.220580566797418e-05,1.034479396801879e-05,8.793985975315674e-06,7.497678911705386e-06,6.410910417806103e-06,5.497223242993278e-06,4.726937384180669e-06,4.075802478821595e-06,3.523938778397598e-06,3.054999483875829e-06,2.655504428675613e-06,2.314307428416155e-06,2.022168604947645e-06,1.771409635687158e-06,1.555634850049472e-06,1.369504853423499e-06,1.208552227440617e-06,1.069031061720455e-06,9.477937815746568e-07,8.421900685908654e-07,7.49983715479129e-07,6.692840793760437e-07,5.984894489324074e-07,5.362401578977232e-07,4.813796905769601e-07,4.329223548095925e-07,3.90026363304878e-07,3.519713777248998e-07,3.181397423696957e-07,2.880007739608577e-07,2.610975873679083e-07,2.370360293431199e-07,2.154753675309103e-07,1.961204434698663e-07,1.787150486251091e-07,1.630363237734998e-07,1.4889001600021e-07,1.361064555112053e-07,1.245371375198987e-07,0.01211540856012439
40.5,0.004839656799614202,0.002610638465971587,0.001487369019061256,0.0009010468463335466,0.0005803446508505688,0.0003952127413419583,0.0002820951348131198,0.0002090434997224205,0.0001594338077434323,0.0001242663322508959,9.845158478115653e-05,7.897525038190474e-05,6.396655516950911e-05,5.22109323891526e-05,4.288664242466592e-05,3.541731661249333e-05,2.938624687653843e-05,2.448459362677378e-05,2.047885150360116e-05,1.71896367033382e-05,1.447737260390079e-05,1.223233066515788e-05,1.036751633318849e-05,8.813472847146551e-06,7.514414927442177e-06,6.425307555776781e-06,5.509630661896009e-06,4.737650532889953e-06,4.085071198789225e-06,3.531974345366425e-06,3.061980642512345e-06,2.661582519081475e-06,2.319610717247251e-06,2.026805932021393e-06,1.775473477975421e-06,1.559203893284806e-06,1.372646149462776e-06,1.211323004129462e-06,1.071480241754333e-06,9.499632578973023e-07,8.441157761812979e-07,7.516965328506557e-07,6.708105876103383e-07,5.998525714606313e-07,5.374597003876416e-07,4.824727970724832e-07,4.339038935941022e-07,3.909092537337493e-07,3.527668674208394e-07,3.188576426338929e-07,2.886496599707617e-07,2.616849686647696e-07,2.37568495222858e-07,2.159587112100318e-07,1.965597682790597e-07,1.791148589659793e-07,1.634006031414761e-07,1.492222940147421e-07,1.3640986559114e-07,1.248144665876157e-07,0.01215559594899363
41.5,0.004884176779798415,0.002607014769937864,0.001475962953319914,0.0008912577635286284,0.0005733639522246897,0.0003904488035057898,0.0002788271733762132,0.000206743950574214,0.000157763237971256,0.000123014599079201,9.748851286825442e-05,7.821842092708147e-05,6.3362010419932e-05,5.172197586008251e-05,4.248736474244305e-05,3.508880335870921e-05,2.911430046829281e-05,2.425831810528946e-05,2.028973938193821e-05,1.703095653044962e-05,1.434374302302738e-05,1.211941455906403e-05,1.027179524332246e-05,8.732076952621498e-06,7.444992672749065e-06,6.365924311290338e-06,5.458689096775815e-06,4.693827503869802e-06,4.047267374106921e-06,3.499273756538166e-06,3.033618044541757e-06,2.636916937277311e-06,2.298103925857386e-06,2.008004885036541e-06,1.758995921482634e-06,1.544726549303889e-06,1.359894985653725e-06,1.200065200979632e-06,1.06151754530055e-06,9.411264664922407e-07,8.362601578589908e-07,7.446980081984576e-07,6.64562543790876e-07,5.942631977477578e-07,5.324497555279114e-07,4.779737349280525e-07,4.298562866261091e-07,3.872614645477592e-07,3.494739272938183e-07,3.158803030538826e-07,2.859535890480199e-07,2.592400690585389e-07,2.35348324165353e-07,2.139399864552374e-07,1.947219464848487e-07,1.774397752362068e-07,1.618721622931807e-07,1.478262056618582e-07,1.351334164053218e-07,1.236463241538247e-07,0.01214972216211248
42.5,0.004926658540348504,0.002601030275595133,0.001463495170446719,0.0008813434315731053,0.0005667211744353502,0.000386194229546522,0.0002760933461582239,0.0002049393557601224,0.00015652610824599,0.0001221317025343072,9.683462006008096e-05,7.771877002955292e-05,6.297062267741046e-05,5.140947924582589e-05,4.223420039555513e-05,3.488140509902681e-05,2.894290562961743e-05,2.411567831288521e-05,2.017033513287191e-05,1.693050020392746e-05,1.425885185762622e-05,1.20473872290525e-05,1.021045393680534e-05,8.679652431749408e-06,7.400038557668786e-06,6.327251883174935e-06,5.425316916393684e-06,4.664941982042131e-06,4.022191596357825e-06,3.477442627759111e-06,3.014558335260365e-06,2.620231171539635e-06,2.28345730611006e-06,1.995114635316052e-06,1.747622568068091e-06,1.534666761777276e-06,1.350975680466034e-06,1.192138670644779e-06,1.054457423816214e-06,9.348243788132079e-07,8.306229306333484e-07,7.396453423071152e-07,6.600250678485459e-07,5.901808366481291e-07,5.287703601281483e-07,4.746519286719149e-07,4.268524927704125e-07,3.845410840516445e-07,3.470066426440831e-07,3.136394875617288e-07,2.839158046453389e-07,2.573846384908293e-07,2.336569658401073e-07,2.123965021529178e-07,1.93311953749971e-07,1.761504775997402e-07,1.606921515839856e-07,1.467452915845931e-07,1.341424793279732e-07,1.227371876866191e-07,0.0121428004970071
43.5,0.004964624525168234,0.002595567136996154,0.001452386051184912,0.0008726076354378094,0.0005609310573588552,0.0003825231906062943,0.0002737534746369652,0.0002034016636542967,0.0001554716194152755,0.0001213751819199371,9.626899577895936e-05,7.728115359770773e-05,6.262292571716878e-05,5.112767377955036e-05,4.200241601533744e-05,3.468866547952898e-05,2.87812935884999e-05,2.397927660866809e-05,2.005459372853781e-05,1.683184279953824e-05,1.417442043300758e-05,1.197486894694024e-05,1.014795913658459e-05,8.625625642008285e-06,7.353191730196582e-06,6.286513154329349e-06,5.389790582044414e-06,4.63387679819984e-06,3.994955402269748e-06,3.453501857422439e-06,2.993461362789732e-06,2.601594697429892e-06,2.266955177253879e-06,1.980468627081998e-06,1.73459475764939e-06,1.523053198561164e-06,1.34060111809668e-06,1.182852171365847e-06,1.04612868181157e-06,9.273406379337202e-07,8.238863948017564e-07,7.335709952971548e-07,6.545388339961793e-07,5.852180261052184e-07,5.242743520801114e-07,4.705730539541524e-07,4.231470838828604e-07,3.811706659631153e-07,3.439372422185446e-07,3.10841043103769e-07,2.81361660093646e-07,2.550511093011375e-07,2.315229656855349e-07,2.104432213053276e-07,1.915225814524024e-07,1.745099619472874e-07,1.591869914398587e-07,1.453633559032799e-07,1.328728499661519e-07,1.215700223776895e-07,0.01213706668999608
44.5,0.005007468129365163,0.002589096369441182,0.001438932032111329,0.0008615127222444272,0.0005531003231061872,0.0003771699154353664,0.0002700498326833033,0.0002007638742854901,0.0001535298324214416,0.0001199015646008664,9.512212392226919e-05,7.637083469985058e-05,6.188947440927684e-05,5.052998548300919e-05,4.151109315248807e-05,3.428198473909329e-05,2.844277002145989e-05,2.369613746867718e-05,1.981678325377185e-05,1.663134694785074e-05,1.400479172872648e-05,1.183088149002738e-05,1.002535157304958e-05,8.520905683672335e-06,7.263485057845963e-06,6.209445134779092e-06,5.32339273984635e-06,4.576512264934254e-06,3.945259101867373e-06,3.410332251678103e-06,2.955861341170465e-06,2.568759749711361e-06,2.238207399748627e-06,1.955235424521463e-06,1.712391340869144e-06,1.503468162147065e-06,1.323284525601653e-06,1.167505688359894e-06,1.032497386044673e-06,9.152062066095831e-07,8.13061425405657e-07,7.238942616619644e-07,6.458713156865609e-07,5.774395785795468e-07,5.172809088789569e-07,4.642742714820387e-07,4.174643550786433e-07,3.760354419924529e-07,3.392896118253558e-07,3.066285278698845e-07,2.775381909324423e-07,2.51576155337328e-07,2.283607914795828e-07,2.075622523530668e-07,1.888948611790359e-07,1.721106861422653e-07,1.569941083448123e-07,1.433572220503451e-07,1.310359334350734e-07,1.198866464513635e-07,0.01211935846058988
45.5,0.005051204857301894,0.002583660347902338,0.001426288163883935,0.000850972075461408,0.0005456309445739452,0.0003720508709162546,0.0002665004015975683,0.0001982301080860094,0.0001516599869663956,0.0001184787595814379,9.401168932582798e-05,7.548687839703099e-05,6.11751517238247e-05,4.99461365859138e-05,4.102969370955893e-05,3.388230535348226e-05,2.810905854873205e-05,2.341616866347343e-05,1.958091416261596e-05,1.643187665952813e-05,1.383551116425231e-05,1.168674658754904e-05,9.902239729560982e-06,8.41543038474357e-06,7.172852437701863e-06,6.131341531455821e-06,5.25589564042198e-06,4.518019195576812e-06,3.894430467101707e-06,3.366045131373796e-06,2.917171968670995e-06,2.534872915603866e-06,2.208451413042125e-06,1.929041555469954e-06,1.689276893471013e-06,1.483022497458069e-06,1.305157492100819e-06,1.151398021842942e-06,1.018152725589736e-06,9.0240444005505e-07,8.016131312635981e-07,7.136360573322345e-07,6.366619564445031e-07,5.691566797966355e-07,5.098181866379991e-07,4.575392152170525e-07,4.113762609336201e-07,3.705237479109258e-07,3.342924854780769e-07,3.020916668200882e-07,2.734138012634204e-07,2.478220805959909e-07,2.249397684408379e-07,2.044412739600467e-07,1.86044630206989e-07,1.695051457859977e-07,1.546100381361551e-07,1.411738893509315e-07,1.290347922844608e-07,1.180510768334045e-07,0.01210601959747892
46.5,0.005100258501981296,0.002580738375637637,0.001414881264509571,0.0008410241773111164,0.0005384224316962402,0.000367021768325695,0.0002629548552055893,0.0001956591516606005,0.0001497355357700344,0.000116996144938352,9.284233097415423e-05,7.45477269889563e-05,6.041050441377922e-05,4.931710205686529e-05,4.050808396631439e-05,3.344702908726659e-05,2.774392638360401e-05,2.310850623684294e-05,1.932064901444339e-05,1.621091234283288e-05,1.36472822539452e-05,1.15258922909068e-05,9.764358338975204e-06,8.296890808798769e-06,7.070647265628718e-06,6.042971078417998e-06,5.179275565934571e-06,4.451406342523193e-06,3.836362959739354e-06,3.315293742397398e-06,2.87270046312383e-06,2.4958055921536e-06,2.174046447157752e-06,1.898669041156128e-06,1.662400705245758e-06,1.459185269400748e-06,1.283968148269215e-06,1.132521401028359e-06,1.001300929796337e-06,8.873296051642991e-07,7.88101373804187e-07,7.015023959797198e-07,6.257460430361896e-07,5.593192039917535e-07,5.009378422352796e-07,4.495101356305515e-07,4.041058472707764e-07,3.639308261699977e-07,3.283057401253224e-07,2.966483068540267e-07,2.684584221732903e-07,2.43305691656049e-07,2.208189597797592e-07,2.006775019907743e-07,1.826036034477738e-07,1.663562959711902e-07,1.517260639060949e-07,1.385303618064834e-07,1.266098133609585e-07,1.158249828466095e-07,0.01210198030616299
47.5,0.005111954966013542,0.002564028860006239,0.001398242180520953,0.0008290157337511651,0.0005303617143378651,0.0003616152619242759,0.000259225329724333,0.0001929867269830686,0.0001477471419257183,0.0001154682748027769,9.163818842681647e-05,7.358046563935403e-05,5.962251008900725e-05,4.86684038612952e-05,3.996980017704298e-05,3.299756865755877e-05,2.736670970814897e-05,2.27905394867205e-05,1.905159186909163e-05,1.598244141055672e-05,1.345263914710486e-05,1.135955208411086e-05,9.621779833630271e-06,8.174324502939451e-06,6.964985339100853e-06,5.951628768522041e-06,5.100096478661373e-06,4.382586307564949e-06,3.77638843098897e-06,3.262891719040384e-06,2.826797606267769e-06,2.455494727339204e-06,2.138559030150034e-06,1.867352459683286e-06,1.634699517456573e-06,1.434625657823973e-06,1.262145008133237e-06,1.113087592777528e-06,9.839583140717026e-07,8.718215493282301e-07,7.742064760329842e-07,6.890292189138767e-07,6.145286862057931e-07,5.492135744775918e-07,4.918185076633704e-07,4.412676637197564e-07,3.966445526269559e-07,3.571668585373171e-07,3.221654594201888e-07,2.910668994649521e-07,2.63378720569831e-07,2.38677165602159e-07,2.165968526267295e-07,1.968220898236109e-07,1.790795584321945e-07,1.631321382234718e-07,1.48773688688811e-07,1.358246309249685e-07,1.241282013680686e-07,1.135472701146389e-07,0.01203765689160366
48.5,0.005166702069080296,0.00256747409410721,0.001391718421507969,0.0008225136402531116,0.0005255456145011549,0.0003582628305467817,0.0002568782298299027,0.0001912921145260361,0.0001464778308693916,0.0001144852131824933,9.08562427147091e-05,7.294604078048401e-05,5.910038455564017e-05,4.823428448716768e-05,3.960614218418413e-05,3.269119685825718e-05,2.710742430751145e-05,2.257026432494078e-05,1.886382799822026e-05,1.582189837574667e-05,1.331497423068527e-05,1.124117842020172e-05,9.519720696777816e-06,8.086100012837383e-06,6.888522832857308e-06,5.885191001741736e-06,5.042223580387424e-06,4.332048534113042e-06,3.73214750882547e-06,3.224069084403922e-06,2.792648222295322e-06,2.42538543659351e-06,2.111950611213315e-06,1.843784719663765e-06,1.613778880302052e-06,1.416014809838826e-06,1.245554243180479e-06,1.098267564815179e-06,9.706939573009295e-07,8.599269689015028e-07,7.635206469840599e-07,6.794123592938651e-07,6.058591935772909e-07,5.413854339142166e-07,4.84739095009876e-07,4.348558807179678e-07,3.908292411121047e-07,3.518854496678442e-07,3.173628211536645e-07,2.866943515032039e-07,2.593931909872911e-07,2.350404675220934e-07,2.132750627669493e-07,1.937850136165514e-07,1.76300268832476e-07,1.605865773302338e-07,1.464403229969739e-07,1.336841524341956e-07,1.221632679660408e-07,1.117422796499505e-07,0.01206340090138518
49.5,0.005173092225858538,0.002548923910402622,0.001374088522385786,0.000809740349840927,0.0005168150724321189,0.0003522657685138487,0.00025263830216577,0.0001881867114465595,0.0001441266954328796,0.0001126555679438914,8.940182179440437e-05,7.177132141545316e-05,5.814024481653766e-05,4.744245681342441e-05,3.894855247022676e-05,3.214200887453508e-05,2.664660030008482e-05,2.21819954614926e-05,1.853548022442322e-05,1.554327566254225e-05,1.307778557581668e-05,1.103864117201157e-05,9.346258631955728e-06,7.937109494310305e-06,6.760189244607072e-06,5.7743431397691e-06,4.946217199692277e-06,4.248672598062727e-06,3.659548305534017e-06,3.160688524621552e-06,2.737173471237521e-06,2.376707655545224e-06,2.069131056409327e-06,1.80602680767573e-06,1.580405109638699e-06,1.386447647894138e-06,1.219300260607353e-06,1.074904236555296e-06,9.49858658848919e-07,8.413077839607623e-07,7.468486730994883e-07,6.644552548860073e-07,5.924157558239528e-07,5.292810342986171e-07,4.738218297870574e-07,4.24993318395131e-07,3.819056693681703e-07,3.437995408103121e-07,3.100256489134141e-07,2.800277032520003e-07,2.53328128773144e-07,2.295160990135947e-07,2.082374895704672e-07,1.891864297162699e-07,1.720981862951672e-07,1.567431600715247e-07,1.429218124521036e-07,1.304603715190504e-07,1.192071918399777e-07,1.090296635715236e-07,0.01198573590379228
50.5,0.005185969687830325,0.002536445566929797,0.001360920104788154,0.000800028874390801,0.0005101616047664469,0.0003476942573970339,0.0002493974614063686,0.0001857979974588681,0.0001423011592973375,0.0001112189252037905,8.824607581748664e-05,7.08266367745395e-05,5.735920400955122e-05,4.679130408016999e-05,3.840225617279409e-05,3.168139541913469e-05,2.625662173723149e-05,2.185063107495943e-05,1.825300446209882e-05,1.530174676778108e-05,1.287067362655492e-05,1.086054856796785e-05,9.19270474911582e-06,7.804361670151178e-06,6.645128304492513e-06,5.674355322455766e-06,4.859106640365765e-06,4.172590044831965e-06,3.592932789163904e-06,3.102219446072636e-06,2.685731119306002e-06,2.331340579495635e-06,2.029029035145476e-06,1.770498403510831e-06,1.54885898875432e-06,1.358377003599243e-06,1.194269798595785e-06,1.052539280259856e-06,9.29836012811801e-07,8.233480578082574e-07,7.307098212720551e-07,6.499271301230982e-07,5.793155094226616e-07,5.174492248549591e-07,4.631191256842141e-07,4.152976986828936e-07,3.731100436531371e-07,3.358097219693962e-07,3.027586233575738e-07,2.734101525115021e-07,2.472951636826271e-07,2.240101740157585e-07,2.032074698528917e-07,1.845867882279227e-07,1.678883113063643e-07,1.528867569656078e-07,1.393863859694861e-07,1.272167767974862e-07,1.162292443773727e-07,1.062937997359811e-07,0.01193571287314759
51.5,0.005196765564603805,0.002525220195837432,0.001349459476452211,0.0007918111088615727,0.0005046983105535905,0.0003440537799005093,0.0002468882893702529,0.0001839905293904488,0.0001409425092399613,0.0001101608896048088,8.739972929842128e-05,7.013637581119107e-05,5.67884553360749e-05,4.631472472082305e-05,3.800143530449746e-05,3.134242815450317e-05,2.596868890665581e-05,2.160512892088201e-05,1.804298337114704e-05,1.512153030503778e-05,1.271558763871025e-05,1.072672090182441e-05,9.076912575786442e-06,7.703912389528637e-06,6.557765061838892e-06,5.598181122925461e-06,4.792522847999216e-06,4.114246201738111e-06,3.541685458138451e-06,3.057098314487874e-06,2.645910988173311e-06,2.296118148778155e-06,1.997803615044809e-06,1.74275585092152e-06,1.524158301228964e-06,1.33633910886627e-06,1.174568162249091e-06,1.034892022337771e-06,9.139992790864725e-07,8.09110436377445e-07,7.178876315463376e-07,6.383604411482114e-07,5.688647689459993e-07,5.079924006529556e-07,4.545492772261427e-07,4.075209108699161e-07,3.660436656663157e-07,3.293808636137446e-07,2.969028690476021e-07,2.680704594893959e-07,2.424209164233903e-07,2.195563712428243e-07,1.991340243171485e-07,1.808579225196683e-07,1.644720355775942e-07,1.497544166252324e-07,1.365122692474614e-07,1.245777736140403e-07,1.138045492490563e-07,1.04064652541397e-07,0.01189426315058943
52.5,0.005193438055557035,0.002507906104210908,0.001334899059834476,0.0007817240501231065,0.000497954826241131,0.0003394660012434721,0.0002436478386607479,0.0001816055056594919,0.000139121705518343,0.0001087299380512272,8.625064712300097e-05,6.919915387462304e-05,5.601539644526429e-05,4.567178323344481e-05,3.746333154555483e-05,3.088979959316405e-05,2.558635627853213e-05,2.128098865411096e-05,1.776726458787678e-05,1.488627340527971e-05,1.251426407944818e-05,1.055394730194494e-05,8.928230632524737e-06,7.575616448558337e-06,6.446765243395808e-06,5.50189360254084e-06,4.708781245535268e-06,4.041229598914544e-06,3.477859648553259e-06,3.001167665948533e-06,2.596778868281162e-06,2.252854294649586e-06,1.959617157410254e-06,1.708972958592945e-06,1.494203612628282e-06,1.30972027612743e-06,1.150862959928137e-06,1.013737574109877e-06,8.950830373598354e-07,7.921626156347367e-07,7.026748496288223e-07,6.246803661199743e-07,5.565416045790827e-07,4.968730725118567e-07,4.445002050379797e-07,3.984252723318622e-07,3.577990728565779e-07,3.218973863734912e-07,2.901013506032526e-07,2.618810786037947e-07,2.36781957838467e-07,2.144131723801496e-07,1.944380713603598e-07,1.765660732970643e-07,1.60545850244082e-07,1.461595801331234e-07,1.33218092096277e-07,1.215567594635864e-07,1.110320197360518e-07,1.015184211144308e-07,0.01182147943291918
53.5,0.005189163159012247,0.002493655216392801,0.001323411299158159,0.0007739731579136396,0.0004928726720538472,0.0003360512444525079,0.0002412477552583142,0.0001798355499941522,0.0001377609666370821,0.0001076498694174083,8.537361003924171e-05,6.847572848068131e-05,5.541223249229949e-05,4.516509096068333e-05,3.703533256191053e-05,3.052672731167582e-05,2.527727609919246e-05,2.101706179268598e-05,1.754126060012358e-05,1.469222881374411e-05,1.234723173421722e-05,1.040980549263707e-05,8.803533784033466e-06,7.46747614848676e-06,6.352754219706612e-06,5.419967539125257e-06,4.63721472710561e-06,3.978563395135013e-06,3.422857181090821e-06,2.95277895976805e-06,2.554110631077524e-06,2.215145031702791e-06,1.926216435590805e-06,1.679324097244205e-06,1.467829210572167e-06,1.286210090223079e-06,1.12986373676237e-06,9.949445065534357e-07,8.782325750223761e-07,7.770264051646888e-07,6.890546192948164e-07,6.12403600750549e-07,5.454578829911195e-07,4.868509610469637e-07,4.354246185773391e-07,3.901952288457882e-07,3.503257797123259e-07,3.151026067198767e-07,2.839160065378766e-07,2.562440548065515e-07,2.316390751680515e-07,2.097163057792884e-07,1.901443904655866e-07,1.72637387535915e-07,1.569480430387594e-07,1.428621192074698e-07,1.301936048788385e-07,1.187806642570181e-07,1.084822047345835e-07,9.917496454021858e-08,0.01176276407946251
54.5,0.005171517090481723,0.002473899888553265,0.001309090364165472,0.000764454332454696,0.0004865443849354307,0.0003317023709844487,0.0002381276187465524,0.0001775033472648381,0.0001359580916423254,0.0001062203432739066,8.421910926165307e-05,6.753102267083931e-05,5.463181915112216e-05,4.451580782260058e-05,3.64921479196667e-05,3.007023911009707e-05,2.489215175030768e-05,2.069101391281729e-05,1.726434141506589e-05,1.445632340346032e-05,1.214568161570144e-05,1.023712167265928e-05,8.655173731278471e-06,7.339667939758872e-06,6.242356393429368e-06,5.324356499669328e-06,4.554193714650606e-06,3.906288520118631e-06,3.359777074270057e-06,2.897585356900733e-06,2.505697785263325e-06,2.172576283427255e-06,1.888696607950927e-06,1.646176647266085e-06,1.438477274974779e-06,1.260160728471022e-06,1.106694805420389e-06,9.74293704053949e-07,8.597882805099291e-07,7.605200033475637e-07,6.742540585263904e-07,5.991079764760252e-07,5.334928752734442e-07,4.760649847487299e-07,4.25685569211631e-07,3.813877271474456e-07,3.423488344468709e-07,3.078676288035239e-07,2.773451187235132e-07,2.502686504296832e-07,2.261985870939766e-07,2.047571530329076e-07,1.856190752901137e-07,1.685037200055178e-07,1.531684739974376e-07,1.394031653489662e-07,1.270253523240161e-07,1.15876339111352e-07,1.058178008895935e-07,9.672892047679698e-08,0.01167484801557077
55.5,0.005141201329672842,0.002454630462641898,0.001298546458360973,0.0007589720470858337,0.0004837184660421492,0.0003302113637919672,0.0002372952130603849,0.0001769954212608366,0.0001356128527074972,0.0001059603815849768,8.400758810214573e-05,6.73503308564632e-05,5.447332698231327e-05,4.437501853167008e-05,3.636643866608283e-05,2.995783025447415e-05,2.479165041301411e-05,2.060122062624338e-05,1.718417358327496e-05,1.438478800740608e-05,1.208186681487377e-05,1.01801942891219e-05,8.604377493704602e-06,7.29432082294364e-06,6.201846803277281e-06,5.288138554727927e-06,4.521781989096271e-06,3.877252578934174e-06,3.333736053612546e-06,2.874202763630621e-06,2.484676623826668e-06,2.153654568554279e-06,1.871643286315368e-06,1.630787927435597e-06,1.424573349788436e-06,1.247582864979339e-06,1.09530277282945e-06,9.639635083245508e-07,8.504101743625162e-07,7.519967416995553e-07,6.664993713460198e-07,5.920452333409711e-07,5.270539183514486e-07,4.701891093283455e-07,4.203186332166567e-07,3.764813732183311e-07,3.378598101413525e-07,3.037571922487868e-07,2.735785186453946e-07,2.468146708996194e-07,2.230291485839026e-07,2.018469624663583e-07,1.829453187390477e-07,1.660457925214045e-07,1.509077417956903e-07,1.373227562006777e-07,1.251099705598447e-07,1.141121021198689e-07,1.041920944058303e-07,9.523027031450871e-08,0.01160108401220293
56.5,0.005094809573886763,0.00242810214607104,0.001283985129943219,0.0007508520335099942,0.0004789669941641652,0.0003272365582671059,0.0002352896683949033,0.0001755480633245603,0.00013450975521976,0.0001050858258671768,8.329546124236369e-05,6.676023704397361e-05,5.397873906678219e-05,4.395729915353829e-05,3.601174094467746e-05,2.965542772920324e-05,2.453298932303591e-05,2.037934709743681e-05,1.699336285432965e-05,1.4220288126929e-05,1.193971128736927e-05,1.005705912694814e-05,8.497468784215366e-06,7.201284466293021e-06,6.120695068273166e-06,5.217189792304795e-06,4.459610857441896e-06,3.822648782954773e-06,3.285670043256294e-06,2.831797153629054e-06,2.44718233649449e-06,2.120430886755318e-06,1.842141150709576e-06,1.604535930316656e-06,1.40116597373781e-06,1.226670592875893e-06,1.07658375995631e-06,9.471765601002558e-07,8.353288167142768e-07,7.384242069895574e-07,6.542643524271237e-07,5.809982828678278e-07,5.170643908137535e-07,4.611425601459622e-07,4.121146032487544e-07,3.69031498688648e-07,3.310862076784602e-07,2.975910768202719e-07,2.679590189053257e-07,2.416878120979076e-07,2.183469778926271e-07,1.975667955174638e-07,1.790290894687367e-07,1.624594911855564e-07,1.476209283460357e-07,1.343081381664309e-07,1.223430362249014e-07,1.115708011720035e-07,1.018565594037046e-07,9.308257330571584e-08,0.01148744454100267
57.5,0.005039128271125525,0.002400870834330537,0.001270685269151159,0.0007441591898160551,0.0004754047651158986,0.0003251826594815053,0.000233987266646955,0.0001746406654570042,0.0001338262205818841,0.00010454137669748,8.284600138054764e-05,6.638116331349607e-05,5.365504577018237e-05,4.367891480209741e-05,3.577130121324459e-05,2.944718834714122e-05,2.435227537313966e-05,2.022225688873777e-05,1.685659451863894e-05,1.410102717127361e-05,1.183555008600762e-05,9.965934612176956e-06,8.417611693139037e-06,7.131176784551153e-06,6.059033827995585e-06,5.162856086868006e-06,4.411643273875415e-06,3.7802206276973e-06,3.248069840103788e-06,2.798411964365208e-06,2.417483511805854e-06,2.093961904358005e-06,1.818507241631345e-06,1.583395233816954e-06,1.382221996698922e-06,1.209665780840625e-06,1.061294014533416e-06,9.334065614773447e-07,8.229080308209398e-07,7.272034747731938e-07,6.441129740722558e-07,5.718015229243275e-07,5.087213413946418e-07,4.5356430887782e-07,4.052226607445786e-07,3.627564471726734e-07,3.253665382065203e-07,2.923721874643541e-07,2.631923504417579e-07,2.3733010127008e-07,2.143596113094426e-07,1.939152497810922e-07,1.756824452704243e-07,1.593900109260484e-07,1.448036883782268e-07,1.317207080649627e-07,1.199651985966965e-07,1.093843064636998e-07,9.984491096237395e-08,9.123083862987964e-08,0.01137210358113098
58.5,0.005000973836332022,0.002385359067027703,0.00126505375872213,0.0007425663570002343,0.0004753425301686294,0.0003256158798757422,0.0002345100037183049,0.0001751093698001731,0.0001342030072692761,0.0001048280118808151,8.305675697727264e-05,6.653219657319965e-05,5.376068957784181e-05,4.375075588011467e-05,3.581829786535449e-05,2.947610575212742e-05,2.43681568275787e-05,2.022883464027264e-05,1.685661848294754e-05,1.409651726036771e-05,1.182798580451812e-05,9.956395980824237e-06,8.406883480096441e-06,7.119825482646876e-06,6.047464529717036e-06,5.151354569075378e-06,4.400407198243222e-06,3.769382717248093e-06,3.237715125175227e-06,2.788590632307371e-06,2.408220488030253e-06,2.085263996280246e-06,1.810368460949567e-06,1.575800754295877e-06,1.375151088249038e-06,1.203093974749256e-06,1.05519469099103e-06,9.277521031154225e-07,8.17670650542532e-07,7.223557995918006e-07,6.396284466976932e-07,5.676546677713216e-07,5.048879303059862e-07,4.500214532338732e-07,4.019488500936267e-07,3.597315495533777e-07,3.225717735626548e-07,2.897900826860853e-07,2.608066823899997e-07,2.351258324868445e-07,2.123228218630052e-07,1.920330677454824e-07,1.739429776220426e-07,1.577822761009975e-07,1.433175513301537e-07,1.303468183626064e-07,1.186949318782988e-07,1.082097094030853e-07,9.875864978436573e-08,9.022615112975676e-08,0.01131365143138276
59.5,0.004930709419738983,0.002355695238625735,0.001252349707851011,0.0007369931986152158,0.0004728080963151134,0.0003243958922987865,0.0002338677420519693,0.0001747263522045314,0.0001339404939278162,0.000104625348893841,8.288738087816124e-05,6.638438749387044e-05,5.362911386111747e-05,4.363276421117154e-05,3.571232942150303e-05,2.938102200177443e-05,2.428297991556384e-05,2.015265647892531e-05,1.678857759647955e-05,1.403579925268336e-05,1.17738295017295e-05,9.90809870171822e-06,8.363803645843411e-06,7.081382600190341e-06,6.013137153472049e-06,5.120676914906576e-06,4.372964979467592e-06,3.744808629952343e-06,3.215684279945953e-06,2.768816126001787e-06,2.390449232743436e-06,2.069272868768439e-06,1.795960799203529e-06,1.562803204067915e-06,1.363410787423706e-06,1.19247605473591e-06,1.04558006979337e-06,9.190355429718356e-07,8.097590530362198e-07,7.151667122175437e-07,6.330887565795013e-07,5.616994602433605e-07,4.994594921966936e-07,4.450684028023149e-07,3.974253775804582e-07,3.55596754182641e-07,3.187890845438849e-07,2.86326753312294e-07,2.576333477086925e-07,2.322161222465117e-07,2.096530215178564e-07,1.895818212492476e-07,1.716910265706091e-07,1.557122305063308e-07,1.414136879364822e-07,1.285949029615257e-07,1.170820625524674e-07,1.06724178037767e-07,9.738981954044197e-08,8.896434787821235e-08,0.0111886197291426
60.5,0.004850005134903848,0.002324951807428103,0.001240689221254494,0.0007326307292968583,0.0004712212789993487,0.0003238401222498111,0.0002336723425248445,0.0001746393452237121,0.0001338730247660001,0.0001045509224317952,8.280205946155325e-05,6.629129380023039e-05,5.353266333167051e-05,4.353675232926229e-05,3.56194923767542e-05,2.929311203528149e-05,2.420098018146068e-05,2.007699857970315e-05,1.671932013589218e-05,1.397276171725968e-05,1.171668767516379e-05,9.85645034674923e-06,8.317212428382287e-06,7.039406599117216e-06,5.975346686693311e-06,5.086665086890948e-06,4.342353349630584e-06,3.717249668873469e-06,3.190861759563275e-06,2.746444224736182e-06,2.370270882715599e-06,2.0510576969651e-06,1.779502893928394e-06,1.547918855533383e-06,1.34993629519505e-06,1.180265656790403e-06,1.034504022559127e-06,9.089783649548266e-07,8.006179338203276e-07,7.068500818544345e-07,6.255150063713004e-07,5.547958037600158e-07,4.93160954437366e-07,4.393169252752905e-07,3.921690274426834e-07,3.507890262456687e-07,3.143882857808952e-07,2.822954603996177e-07,2.539379290452824e-07,2.288263167784368e-07,2.065415675293649e-07,1.867241290549959e-07,1.690648897496365e-07,1.532975709563123e-07,1.391923305985626e-07,1.265503765752067e-07,1.151994232511694e-07,1.049898529938127e-07,9.579146821839914e-08,8.749073876279131e-08,0.01105715798062122
61.5,0.004756825745583459,0.002290388591442147,0.001228182066530267,0.0007284464714317687,0.0004701445924295932,0.0003238706620830282,0.0002340436208057541,0.000175065356651197,0.0001342558987868051,0.0001048654623291261,8.304969410556913e-05,6.648180550569387e-05,5.367717141835581e-05,4.364526019718041e-05,3.570024787022925e-05,2.935264607448537e-05,2.424436079793313e-05,2.010811908003983e-05,1.674115732449926e-05,1.398758755815316e-05,1.172623569996331e-05,9.862043789306897e-06,8.319861895424632e-06,7.039884207053777e-06,5.974242288333437e-06,5.084428961507657e-06,4.339328685002186e-06,3.71369734208176e-06,3.186979296166731e-06,2.74238034467338e-06,2.366136689714943e-06,2.046935306567448e-06,1.775452100372811e-06,1.543982292324256e-06,1.3461434352688e-06,1.176635916345218e-06,1.031049170836569e-06,9.057043954527163e-07,7.975265168062679e-07,7.0393969085653e-07,6.227817904834072e-07,5.522342615754345e-07,4.90764453066224e-07,4.370780983416775e-07,3.900800785442563e-07,3.488419585955422e-07,3.125750742618403e-07,2.806081787557453e-07,2.523688421954827e-07,2.273679460888548e-07,2.051867351980736e-07,1.854659864392346e-07,1.678969334259195e-07,1.522136494851515e-07,1.381866443208615e-07,1.256174722593531e-07,1.143341850093695e-07,1.041874905704619e-07,9.504750350438621e-08,8.680099119348693e-08,0.01091404874430266
62.5,0.004652446479446082,0.00225254418810847,0.001214653917144203,0.000723852604979525,0.0004688132335082011,0.0003236876091956018,0.0002342204860614909,0.0001753151298712735,0.0001344821882545124,0.0001050433208805914,8.317950601118614e-05,6.657157016204316e-05,5.373595190276922e-05,4.368101282066448e-05,3.571932638310637e-05,2.935989905569595e-05,2.424339767543363e-05,2.010158694295853e-05,1.673097770513898e-05,1.397514362614228e-05,1.171251470511419e-05,9.847743324956785e-06,8.305468358556278e-06,7.025730435755823e-06,5.960549809865661e-06,5.071338938794244e-06,4.326924583749009e-06,3.70202153369491e-06,3.176045214439838e-06,2.732181377417763e-06,2.356652668709659e-06,2.038137228302181e-06,1.767305542126018e-06,1.536449865702702e-06,1.339186529823249e-06,1.170215920204132e-06,1.025128306951133e-06,9.002462763353004e-07,7.924964941879567e-07,6.99305057037268e-07,6.185118735179393e-07,5.483004455272019e-07,4.871401464139153e-07,4.33738667534852e-07,3.870027591544446e-07,3.460057531104642e-07,3.099606430347742e-07,2.781977287342615e-07,2.501460166524625e-07,2.253177175428675e-07,2.032953029487451e-07,1.837206795876311e-07,1.662861198485077e-07,1.507266509436074e-07,1.368136576894429e-07,1.243494967145813e-07,1.13162954936641e-07,1.031054138863688e-07,9.404760506251797e-08,8.587686092823412e-08,0.01075308887840059
63.5,0.004561625271574494,0.002224397924782648,0.001207895622569765,0.0007240698832052956,0.000470990509034131,0.0003261273126813542,0.0002363997288125232,0.0001771202283927005,0.0001359333996826835,0.0001061966618559237,8.409317955788871e-05,6.729590580276236e-05,5.431166022132234e-05,4.414012428904179e-05,3.608676917078239e-05,2.965501979957218e-05,2.448123049396213e-05,2.029385347174527e-05,1.68868557668334e-05,1.410185217535397e-05,1.181575790386076e-05,9.93204824643674e-06,8.374442791796234e-06,7.082260666977132e-06,6.006953170635617e-06,5.109482105052325e-06,4.358315799491561e-06,3.727882867528377e-06,3.197369438368601e-06,2.749776936643231e-06,2.371179380278117e-06,2.050134726620249e-06,1.777216024100451e-06,1.544636336789473e-06,1.345947485106235e-06,1.175797190333141e-06,1.029732641677233e-06,9.040411169469157e-07,7.956202918193739e-07,7.018724202085588e-07,6.206177705772888e-07,5.500236422800537e-07,4.885460233838431e-07,4.348815329033751e-07,3.879277508536549e-07,3.467504055446652e-07,3.105561795170812e-07,2.786701291873315e-07,2.505169008498024e-07,2.256050766962057e-07,2.035141064136853e-07,1.83883378576857e-07,1.66403066081459e-07,1.508064449429636e-07,1.368634388139001e-07,1.243751848792468e-07,1.131694522248493e-07,1.030967728259839e-07,9.402716916640213e-08,8.584738213470251e-08,0.01064340954268931
64.5,0.004451406761022063,0.002185781480438496,0.001194789864867303,0.0007200641205997607,0.0004701697899409272,0.0003263454732396162,0.0002368853239506818,0.000177608669517731,0.0001363465283390749,0.0001065228128337151,8.434216961464651e-05,6.748246964568385e-05,5.444975486433358e-05,4.424133701309787e-05,3.616020274740341e-05,2.970764166881215e-05,2.451830803106606e-05,2.031934724353151e-05,1.690373846710584e-05,1.41123552041748e-05,1.182155769197133e-05,9.934405569881361e-06,8.374306532237622e-06,7.080345079351065e-06,6.003795533675593e-06,5.105485865908518e-06,4.353782976515332e-06,3.723038474435478e-06,3.192379959260364e-06,2.744764346408958e-06,2.366231815212329e-06,2.045314625673994e-06,1.7725663528648e-06,1.540185353035445e-06,1.341712391373205e-06,1.171786934831748e-06,1.025950065862165e-06,9.004846008980984e-07,7.922850129699358e-07,6.987513140021905e-07,6.177022611471265e-07,5.473041956093667e-07,4.860125634445151e-07,4.325237520840463e-07,3.85735338920586e-07,3.447132159248834e-07,3.086643474772081e-07,2.769141532159142e-07,2.488876960176507e-07,2.240940068013074e-07,2.021130001868278e-07,1.825845340328446e-07,1.651992461729825e-07,1.496908669512455e-07,1.358297593468813e-07,1.234174819091372e-07,1.122822052550542e-07,1.022748420114281e-07,9.326577400458824e-08,8.514208018448112e-08,0.01047937163106629
65.5,0.004312142860517092,0.002137746868968639,0.001179019384284181,0.0007157136405205735,0.0004697523379104978,0.0003271529434617629,0.0002379510287514412,0.0001786077600554001,0.0001371898083218369,0.0001072045044134331,8.488271707223012e-05,6.790750663328437e-05,5.47829264978009e-05,4.450236869725521e-05,3.636486141833616e-05,2.986828882925235e-05,2.464455633845913e-05,2.041865365429452e-05,1.698189125622787e-05,1.417385730859026e-05,1.186992256416072e-05,9.972383575473229e-06,8.404057766362827e-06,7.103571394722868e-06,6.021841679069677e-06,5.119417245767495e-06,4.364445681106407e-06,3.731105818734714e-06,3.198388712759456e-06,2.749143050080722e-06,2.369322997293977e-06,2.047392292252333e-06,1.773849803369529e-06,1.540850125896038e-06,1.341898960216588e-06,1.171607635295174e-06,1.025494626086968e-06,8.998245667584789e-07,7.914772959467349e-07,6.978410407817378e-07,6.167250661100687e-07,5.46288067821068e-07,4.849793366405565e-07,4.314903079994933e-07,3.847145800255922e-07,3.437148523481433e-07,3.076955339660134e-07,2.759800048899375e-07,2.479917060297342e-07,2.232383845164836e-07,2.012989448916443e-07,1.818124563036863e-07,1.644689467175425e-07,1.490016808758348e-07,1.35180672302482e-07,1.228072233586325e-07,1.117093231254906e-07,1.017377622028177e-07,9.276284758422727e-08,8.467162057399905e-08,0.01027841087106101
66.5,0.004203806170496672,0.002103298193593617,0.001169547060226499,0.0007144612875862522,0.0004709601653075144,0.0003288726883104598,0.0002395648557897487,0.0001799582702441138,0.0001382719696001156,0.000108056897868392,8.555033132390933e-05,6.843024127777214e-05,5.519313336893837e-05,4.482534307135521e-05,3.662009307160939e-05,3.007072764392615e-05,2.48056774699936e-05,2.054729385373579e-05,1.708488607417702e-05,1.425652058535677e-05,1.193640597488969e-05,1.00259465782544e-05,8.447271065142434e-06,7.138471090790248e-06,6.050046740231183e-06,5.142219554912121e-06,4.382879467574019e-06,3.746001491068981e-06,3.210414815624844e-06,2.758839124364748e-06,2.377125431557893e-06,2.053654744851122e-06,1.778859397278276e-06,1.54484033663185e-06,1.345059905574075e-06,1.174094315499093e-06,1.027433541102308e-06,9.013190442094429e-07,7.926117912943602e-07,6.986846158675881e-07,6.17334209007523e-07,5.467089832428564e-07,4.852498097465739e-07,4.316412236784794e-07,3.847711633289629e-07,3.43697682770254e-07,3.076213759514356e-07,2.758624887321815e-07,2.478418867630939e-07,2.23065201147132e-07,2.011095980952639e-07,1.816127193224379e-07,1.642634214520285e-07,1.487940089559363e-07,1.349737091301399e-07,1.22603181662895e-07,1.11509891389433e-07,1.015442023606507e-07,9.25760756029086e-08,8.449227289321404e-08,0.01013592125889611
67.5,0.004049100626563744,0.002045474071416347,0.001146981582888708,0.0007051680553791075,0.0004668556732349167,0.0003268855777066388,0.000238486581642737,0.0001792954461612176,0.0001378150699549193,0.0001077128833702199,8.527557114807656e-05,6.820278155461503e-05,5.500089203172129e-05,4.466094448727133e-05,3.647854605080556e-05,2.994835030201737e-05,2.469958049459338e-05,2.045511889896689e-05,1.700466330706783e-05,1.418658352114299e-05,1.187533508475253e-05,9.972528332888554e-06,8.400466046061808e-06,7.097388020907392e-06,6.013920782926017e-06,5.110393935591753e-06,4.354789811558879e-06,3.721162443789742e-06,3.188408606203589e-06,2.739305792981172e-06,2.359754483161433e-06,2.038178025010316e-06,1.76504501386142e-06,1.532487475163316e-06,1.333994407236457e-06,1.164164905246381e-06,1.018508609486453e-06,8.932839005363744e-07,7.853663178371338e-07,6.921412632872233e-07,6.114162820688616e-07,5.413491735525309e-07,4.803889387552496e-07,4.272271647351958e-07,3.807579162888677e-07,3.400445786589181e-07,3.04292392583938e-07,2.728256610638153e-07,2.450687981885219e-07,2.205305440326944e-07,1.987907935816314e-07,1.794895879201405e-07,1.623178972116088e-07,1.470098910623024e-07,1.333364456765511e-07,1.210996811288303e-07,1.10128357999414e-07,1.002739920557331e-07,9.140756982807248e-08,8.341676780498114e-08,0.009880896395807517
68.5,0.003907762505994779,0.001993402058802093,0.00112706316239615,0.0006971750053910767,0.0004634292759122974,0.0003252715517568556,0.0002376235480647447,0.0001787622041276149,0.0001374392938167475,0.0001074215498111097,8.503623182446108e-05,6.799994036383975e-05,5.482630869228041e-05,4.450959193540726e-05,3.634690575395044e-05,2.983368628927375e-05,2.459962522143444e-05,2.036793195856422e-05,1.692856197899501e-05,1.412010279684553e-05,1.181719978130266e-05,9.92163044247961e-06,8.355844805513214e-06,7.058211883470725e-06,5.979471075968314e-06,5.080050155094202e-06,4.328016516639775e-06,3.697497683847565e-06,3.167453781015749e-06,2.720716824339096e-06,2.343234166487496e-06,2.023469428492733e-06,1.75192579799688e-06,1.520765014686972e-06,1.323501608376614e-06,1.154756622797283e-06,1.010058579544759e-06,8.856821154256137e-07,7.785167795073245e-07,6.859600602274489e-07,6.0582994250419e-07,5.362932544608848e-07,4.758068161111772e-07,4.230689954543123e-07,3.769797467004094e-07,3.366075780623722e-07,3.011621936309173e-07,2.699717914223713e-07,2.424641902598259e-07,2.181511114574577e-07,1.966150649461355e-07,1.774983894929906e-07,1.60494077749729e-07,1.453380827503951e-07,1.318028561356829e-07,1.196919121702932e-07,1.088352474294482e-07,9.90854753719282e-08,9.031455910359479e-08,8.24110454443533e-08,0.009650621428342398
69.5,0.003762268761877149,0.001940422832709893,0.00110720532632898,0.0006894767114194244,0.0004603020315309426,0.00032390047612744,0.0002369416815227714,0.0001783582934655334,0.0001371532696840477,0.000107191019273778,8.483699640237189e-05,6.782260608168473e-05,5.466704471692367e-05,4.436651939016459e-05,3.621873896821283e-05,2.971926633880888e-05,2.44977945479795e-05,2.027752835170371e-05,1.68484454166511e-05,1.404918385222808e-05,1.175446029560679e-05,9.866135397086968e-06,8.306746976114851e-06,7.01475134905616e-06,5.940971403896173e-06,5.045912651551637e-06,4.297713523703831e-06,3.67056557861019e-06,3.143486092258015e-06,2.699357713808771e-06,2.324172407724319e-06,2.006432941226477e-06,1.736676748594522e-06,1.507095464245161e-06,1.311229673653003e-06,1.143723106944596e-06,1.000124026608087e-06,8.767242427982731e-07,7.704282446871825e-07,6.786465214032707e-07,5.992083761671736e-07,5.302904970254133e-07,4.703583002248859e-07,4.18117655156477e-07,3.724750687852125e-07,3.325047798936234e-07,2.974215102353989e-07,2.665578569723018e-07,2.393455010614205e-07,2.152995593162691e-07,1.940055313063689e-07,1.751083920723245e-07,1.583034625372126e-07,1.433287552247464e-07,1.299585464147179e-07,1.179979695371936e-07,1.0727846031396e-07,9.765391340833522e-08,8.89974343546299e-08,8.119859028173066e-08,0.00941665529252656
70.5,0.003595715242603216,0.001874790567854236,0.001079305351918302,0.0006763942792834147,0.0004534112005573112,0.0003198069434670719,0.0002342370735373755,0.0001764197019930853,0.0001356833736290439,0.0001060349464181761,8.390621107414389e-05,6.706175136103292e-05,5.403872105248322e-05,4.384387529898644e-05,3.578162116134208e-05,2.935207292944859e-05,2.418818816177764e-05,2.001560984329637e-05,1.662619044327258e-05,1.386003945278873e-05,1.159304503273287e-05,9.728010261240294e-06,8.188236846568447e-06,6.912803855169189e-06,5.853044186813631e-06,4.969882611513624e-06,4.231803329342123e-06,3.613283872206991e-06,3.093578648038652e-06,2.655767409752421e-06,2.286006324369093e-06,1.972935247237086e-06,1.707206301262063e-06,1.48110726332759e-06,1.288259473004861e-06,1.123374620377098e-06,9.820582699076869e-07,8.606506385120415e-07,7.560971845205797e-07,6.658431362469882e-07,5.877473085098359e-07,5.200115068885672e-07,4.611225654118632e-07,4.098046508364765e-07,3.64979931273812e-07,3.257360757697472e-07,2.912993453176906e-07,2.610122707006532e-07,2.343151009244606e-07,2.107303574830416e-07,1.898499518441392e-07,1.713244222934339e-07,1.548539263042213e-07,1.401806896084245e-07,1.270826660693912e-07,1.153682056355115e-07,1.048715629528468e-07,9.544910812923569e-08,8.697612487143489e-08,7.934410072618136e-08,0.009119368016423499
71.5,0.003444730447922551,0.001814887915355908,0.001053585352011339,0.000664168405634211,0.0004468629260441277,0.0003158479265045896,0.0002315798884430108,0.0001744915183461092,0.0001342085004692318,0.0001048681503758444,8.296329995398301e-05,6.628928041826992e-05,5.340005729219542e-05,4.331239033209592e-05,3.533713273546663e-05,2.897884196617513e-05,2.38737030635726e-05,1.97497947273152e-05,1.640085744602243e-05,1.366849141641898e-05,1.142977691453115e-05,9.58847898807139e-06,8.068680737415e-06,6.810099143631816e-06,5.764589986800756e-06,4.893508068463405e-06,4.165692291725528e-06,3.555913524782007e-06,3.043669346825629e-06,2.612241551769707e-06,2.247954535359216e-06,1.939588517907255e-06,1.677912973704164e-06,1.45531398288395e-06,1.265495390287613e-06,1.103238263299828e-06,9.642066138729087e-07,8.447899899864197e-07,7.419755635015595e-07,6.532438999929158e-07,5.764838050495055e-07,5.09922584359645e-07,4.520687938773168e-07,4.0166513822869e-07,3.576496355837994e-07,3.191235323884293e-07,2.853247422343285e-07,2.556058156237182e-07,2.294156337594877e-07,2.062841693423208e-07,1.858097781680813e-07,1.676485829718909e-07,1.515055900924698e-07,1.371272437956778e-07,1.242951754074641e-07,1.128209470779293e-07,1.025416248775848e-07,9.331604449310564e-08,8.502165622997155e-08,7.755185529842565e-08,0.00884686243309211
72.5,0.003264648142075893,0.00173872654182849,0.001018062095140223,0.0006456477118186156,0.0004360638955360733,0.0003089018012863999,0.0002267563967405425,0.0001709524289210113,0.0001315114319549197,0.0001027588962083403,8.128394336631887e-05,6.493501353014707e-05,5.229755222832085e-05,4.240823382505827e-05,3.459122976187355e-05,2.836041686751277e-05,2.335873802439915e-05,1.931930894219425e-05,1.603970433014222e-05,1.336449053743051e-05,1.117307136653842e-05,9.371050049413782e-06,7.883975502816794e-06,6.652741247167493e-06,5.630152612797653e-06,4.778334377230899e-06,4.066752388665778e-06,3.470689880621866e-06,2.970064554895808e-06,2.548503745796409e-06,2.192616854163936e-06,1.891419800814347e-06,1.635877475954055e-06,1.41853836483944e-06,1.233241593636073e-06,1.074881167634794e-06,9.392155868595299e-07,8.22713617751765e-07,7.224289854128164e-07,6.358982815159164e-07,5.610575699647487e-07,4.961740979049777e-07,4.397902449882638e-07,3.906774147659872e-07,3.477980234711741e-07,3.102740996622145e-07,2.77361293497625e-07,2.484273223866895e-07,2.229340624983151e-07,2.004226425130473e-07,1.805010144216921e-07,1.628335718786342e-07,1.471324641554308e-07,1.331503167059916e-07,1.206741206012172e-07,1.0952009488856e-07,9.952936009269439e-08,9.056428904765957e-08,8.250542420236456e-08,7.524886940652073e-08,0.00849579671667549
73.5,0.003093716527870789,0.0016661155614492,0.0009842973435016168,0.0006282311310257368,0.0004260703830044986,0.0003025859247147293,0.0002224400449724874,0.0001678260039730632,0.0001291519232011453,0.0001009267089408116,7.983266470186086e-05,6.376902492283889e-05,5.135090313565382e-05,4.163344875196254e-05,3.395300380732818e-05,2.783184852817666e-05,2.291895156587845e-05,1.895187930121624e-05,1.573156978586241e-05,1.310517623040719e-05,1.095411949304127e-05,9.185592592460653e-06,7.726408330671335e-06,6.518472141619948e-06,5.515404329975641e-06,4.679989355910002e-06,3.982229400589432e-06,3.397845447702083e-06,2.907113743563016e-06,2.493956236332678e-06,2.145225128605621e-06,1.850136998450629e-06,1.599822998460711e-06,1.386969720210239e-06,1.205531281915948e-06,1.050497655306523e-06,9.177076074954906e-07,8.036971866640516e-07,7.05576634798862e-07,6.209301169945905e-07,5.477338247458167e-07,4.842889212076969e-07,4.291665098684895e-07,3.811623696690711e-07,3.392596435091937e-07,3.02598019317681e-07,2.704482233639281e-07,2.421908696047223e-07,2.172988884834417e-07,1.953229029808946e-07,1.758790360907134e-07,1.586387279337742e-07,1.433202169079321e-07,1.296814011276243e-07,1.175138467478172e-07,1.066377508207229e-07,9.689769988325319e-08,8.815909294418219e-08,8.030512007647841e-08,7.323420634255618e-08,0.008164666987057655
74.5,0.002925412752359353,0.001593238219013488,0.000949573336048989,0.0006098473250092062,0.0004152780564159283,0.0002956544715051667,0.0002176621695241726,0.0001643570320335491,0.0001265387282371759,9.890638514581199e-05,7.824148038987954e-05,6.249869818714996e-05,5.032626212912397e-05,4.080029067667163e-05,3.327109200759853e-05,2.727064340579968e-05,2.245487558958234e-05,1.856648767258416e-05,1.541028156823483e-05,1.283636742496335e-05,1.072845880037986e-05,8.995545229232783e-06,7.565859429299895e-06,6.382437188984344e-06,5.399804152932142e-06,4.58147371764542e-06,3.898037676584186e-06,3.325695888078239e-06,2.845114972299299e-06,2.440536180528074e-06,2.099073700002631e-06,1.810159687671492e-06,1.565103172453149e-06,1.356737891975798e-06,1.17913998844297e-06,1.02740086306963e-06,8.974437854025266e-07,7.858753589507574e-07,6.898648622337822e-07,6.070459622120571e-07,5.35436442888547e-07,4.733724851469068e-07,4.194547337752012e-07,3.725039384921059e-07,3.315243911937141e-07,2.956737271076993e-07,2.642379326349376e-07,2.36610622442102e-07,2.12275824508545e-07,1.907936534048956e-07,1.717883661846495e-07,1.549383874722028e-07,1.399679650184855e-07,1.266401776371284e-07,1.147510667814888e-07,1.041247032652658e-07,9.460903351414181e-08,8.607237666113941e-08,7.84004658861141e-08,7.149394555237822e-08,0.007830800433092377
75.5,0.002743994302004553,0.001507921806840073,0.0009050308259561741,0.0005840701832817756,0.0003989547620131744,0.0002845530848126833,0.0002097016753665069,0.0001584276025706902,0.0001220006114975304,9.536422363640744e-05,7.543615198863035e-05,6.025208579689837e-05,4.851124283054357e-05,3.932344366783028e-05,3.206218700561791e-05,2.627593993138285e-05,2.163267219439561e-05,1.788406061435521e-05,1.484171682070641e-05,1.236098779964563e-05,1.032965989534799e-05,8.659919716900838e-06,7.282529285755814e-06,6.142538724142885e-06,5.196087106961888e-06,4.40798664596555e-06,3.749879346992588e-06,3.198817662981323e-06,2.736162893897287e-06,2.346724193538716e-06,2.018081446278936e-06,1.740049797837191e-06,1.504254103301368e-06,1.303789213448574e-06,1.132947680220073e-06,9.870006881453172e-07,8.620212028761473e-07,7.547407473571018e-07,6.624330679898884e-07,5.828193800991332e-07,5.139909882331694e-07,4.543459391457121e-07,4.025370408520753e-07,3.574291128111725e-07,3.180637524582854e-07,2.836302366664917e-07,2.534414421343878e-07,2.269138807323059e-07,2.035511157532125e-07,1.829299615722294e-07,1.64688979269869e-07,1.485188696938845e-07,1.341544374574275e-07,1.21367857844496e-07,1.099630261726511e-07,9.977080796023103e-08,9.064503994666404e-08,8.245915796892187e-08,7.510334898692185e-08,6.848214204622665e-08,0.007428489996567318
76.5,0.00255742013531803,0.001418871882049803,0.0008580437205326006,0.000556755236730543,0.0003816748168588474,0.0002728547453629403,0.0002013650249240332,0.0001522582393639973,0.0001173076033852847,9.172105590361324e-05,7.256449873916671e-05,5.796180803248722e-05,4.666756413009864e-05,3.78279881817596e-05,3.084146473160616e-05,2.527403435176046e-05,2.080641035153543e-05,1.719971269821816e-05,1.427267481904541e-05,1.188609260792856e-05,9.931971012830148e-06,8.325795000424183e-06,7.000926842327582e-06,5.904481026382611e-06,4.994245516950091e-06,4.236356552749881e-06,3.603524301053146e-06,3.073666577842399e-06,2.628848416885248e-06,2.254453255226804e-06,1.938531126495332e-06,1.671283224566536e-06,1.44465228491854e-06,1.251995601957715e-06,1.087822949052375e-06,9.475857364786961e-07,8.275068083523897e-07,7.244426090235436e-07,6.357712324085498e-07,5.593012416392943e-07,4.931972115044742e-07,4.35918776392653e-07,3.861706168493771e-07,3.428613297148077e-07,3.050695313187784e-07,2.720158641255431e-07,2.43039832728297e-07,2.175805992023346e-07,1.951610313821861e-07,1.753744290712962e-07,1.578734591180935e-07,1.423609158750416e-07,1.285819928744124e-07,1.16317807828931e-07,1.053799688534226e-07,9.560600713892342e-08,8.685553181636695e-08,7.90069877214465e-08,7.195491725741625e-08,6.560764438627227e-08,0.007010733804846025
77.5,0.002372509549551723,0.001328218144178599,0.000808839854921804,0.0005273966144124381,0.0003627057887091119,0.000259813976499455,0.0001919755033378178,0.0001452648767434903,0.000111967912202925,8.756788578482451e-05,6.928838713154815e-05,5.534896728224523e-05,4.456525301476372e-05,3.61241231421541e-05,2.945203020313652e-05,2.413497543821429e-05,1.986821775747664e-05,1.642369063897027e-05,1.362829935817525e-05,1.134909930844736e-05,9.482944167145732e-06,7.949110272071701e-06,6.683948172056822e-06,5.636943771146407e-06,4.767778093857479e-06,4.044106446388415e-06,3.439863593737068e-06,2.933958661394257e-06,2.509262169023969e-06,2.151814307575833e-06,1.850202303729192e-06,1.595068055484875e-06,1.37871685365225e-06,1.194805044136022e-06,1.038089690348789e-06,9.04227181558924e-07,7.896106618334731e-07,6.912383795886707e-07,6.066067611348958e-07,5.336233241607682e-07,4.705355646343334e-07,4.158727437549493e-07,3.683981229382551e-07,3.270696837997798e-07,2.910077565330778e-07,2.594682866451238e-07,2.318207140913777e-07,2.075296338291354e-07,1.861395630433603e-07,1.672622658566319e-07,1.505661875151425e-07,1.357676317901681e-07,1.22623381544023e-07,1.109245161600833e-07,1.0049122327009e-07,9.116843787153344e-08,8.28221710638067e-08,7.533641448450032e-08,6.86105260918534e-08,6.255701901634101e-08,0.006580551039371278
78.5,0.002155393170008581,0.001220272058535317,0.0007489141106027283,0.0004907185040010581,0.0003384478587421107,0.000242822425299534,0.0001795723056293032,0.0001359385258038865,0.0001048013581584825,8.197049120767176e-05,6.486113395373346e-05,5.181194741271562e-05,4.171620549334442e-05,3.381342222513557e-05,2.756688970433337e-05,2.258907762794845e-05,1.85946759417464e-05,1.537013889787936e-05,1.275338468928604e-05,1.061992505102652e-05,8.873174888311728e-06,7.437546605867534e-06,6.253441845954504e-06,5.27356290321156e-06,4.460159206886336e-06,3.782947483748707e-06,3.217524540677971e-06,2.744145041009652e-06,2.346772879017727e-06,2.012339761621064e-06,1.730162148790571e-06,1.49148019753016e-06,1.28909137453248e-06,1.117057996545515e-06,9.70472832114681e-07,8.452705385865643e-07,7.380754515172429e-07,6.460783279457248e-07,5.66936240389994e-07,4.986910477554724e-07,4.397028223405873e-07,3.885953549559894e-07,3.442114420858532e-07,3.05576116955617e-07,2.718663482557504e-07,2.423860173580108e-07,2.165452134248189e-07,1.938430683895087e-07,1.738535000813585e-07,1.562133493358083e-07,1.406124916684854e-07,1.267855806322856e-07,1.145051419674561e-07,1.035757879788821e-07,9.3829362519503e-08,8.51208603434859e-08,7.732499186924671e-08,7.033328672225842e-08,6.405164774269539e-08,5.839828219275871e-08,0.006058509870964657
79.5,0.001777096281810031,0.00103538935971442,0.0006459837007692146,0.0004266631445927365,0.0002951772869653129,0.0002119216827258426,0.0001566763223097348,0.0001185428191091867,9.134567801215015e-05,7.14209519098312e-05,5.650139030148151e-05,4.512932156096942e-05,3.633476859596988e-05,2.945226321680161e-05,2.401288043652992e-05,1.967846836845947e-05,1.620031273172685e-05,1.339238545258343e-05,1.111355360267641e-05,9.255447939450525e-06,7.734001364092041e-06,6.483426553799528e-06,5.451852296430588e-06,4.598111672517231e-06,3.88934542412823e-06,3.299192135559306e-06,2.806407261169274e-06,2.393799775309452e-06,2.047406855785264e-06,1.755848817731162e-06,1.509821797635941e-06,1.301696563766507e-06,1.125199678250986e-06,9.751589720078787e-07,8.472995332203568e-07,7.380795756621157e-07,6.445579386760207e-07,5.64286783107142e-07,4.952244348807466e-07,4.356643970267658e-07,3.841773797975076e-07,3.395638446349258e-07,3.008150639265013e-07,2.670810968619662e-07,2.37644396544319e-07,2.118980132950933e-07,1.89327557977124e-07,1.694962480383635e-07,1.520324862981741e-07,1.366195248202432e-07,1.22986848676525e-07,1.10902981032311e-07,1.001694649467299e-07,9.061582109418398e-08,8.209531626011494e-08,7.448140653218809e-08,6.766474285875541e-08,6.15506460911778e-08,5.605697457621445e-08,5.111232047149875e-08,0.005143590694090602
80.5,0.001420863647220433,0.0008333075214713289,0.0005204802975957427,0.0003431534466444719,0.0002367202764542912,0.0001694636493152452,0.0001249877836947951,9.439993400183799e-05,7.265432469044222e-05,5.676347236522815e-05,4.488611661313174e-05,3.584405340265054e-05,2.885687759955148e-05,2.339132028591574e-05,1.90728149184079e-05,1.563190390516688e-05,1.287073821536876e-05,1.064150682031612e-05,8.832154466030285e-06,7.356677955691689e-06,6.148376875049048e-06,5.155059883091126e-06,4.335576438831074e-06,3.657266600608445e-06,3.094059338338226e-06,2.625037049007133e-06,2.233340462958746e-06,1.905325505218607e-06,1.629908907390424e-06,1.398056720683442e-06,1.202382025843098e-06,1.03682676984497e-06,8.964088852740625e-07,7.770203959254768e-07,6.752655723160636e-07,5.883307093452376e-07,5.138789885451069e-07,4.499653235155591e-07,3.949671864883981e-07,3.475282611673097e-07,3.065124238525444e-07,2.709660669523179e-07,2.400871802147552e-07,2.131999208239074e-07,1.897336531207913e-07,1.692056367721587e-07,1.512066999263936e-07,1.353893599035547e-07,1.214579549528986e-07,1.091604317803335e-07,9.828149896787106e-08,8.863690926977986e-08,8.00686765910036e-08,7.244106822115387e-08,6.563724118954417e-08,5.955641467858971e-08,5.411148928626092e-08,4.922703936484954e-08,4.483761732632489e-08,4.08863192114252e-08,0.004121803703137895
81.5,0.001140517894104276,0.0006528896301754429,0.0003980677902124981,0.0002570539540224472,0.0001744461911839551,0.0001233753880368823,9.02155208465804e-05,6.773695825564748e-05,5.19288812950146e-05,4.046717941889454e-05,3.194722472353811e-05,2.548536807438779e-05,2.050452818938505e-05,1.661479934820393e-05,1.35446812674019e-05,1.11001200226486e-05,9.139298174182705e-06,7.556616994130996e-06,6.272207531716073e-06,5.224867318420204e-06,4.367181635323679e-06,3.662076646560377e-06,3.080335373486717e-06,2.598776457534504e-06,2.198898880203267e-06,1.865860449733127e-06,1.587699333804204e-06,1.354735142235581e-06,1.159104327558632e-06,9.943971719691768e-07,8.553723435282594e-07,7.377311811878326e-07,6.379383121854675e-07,5.53078445744509e-07,4.807415782026313e-07,4.189306281250385e-07,3.659868628096587e-07,3.205294973227918e-07,2.814066274717072e-07,2.476552592460136e-07,2.184686632269831e-07,1.931696456757902e-07,1.711886125601336e-07,1.520455267292233e-07,1.353350354496114e-07,1.207141859549877e-07,1.078922584948172e-07,9.662233571489136e-08,8.669429881025454e-08,7.792899844773983e-08,7.017339484563462e-08,6.329649888525341e-08,5.718597649663878e-08,5.174530321809492e-08,4.689137589516551e-08,4.255250484894695e-08,3.866672321652215e-08,3.518036111618852e-08,3.204684127311435e-08,2.922566012392106e-08,0.003173684559550871
82.5,0.0009600028760395282,0.0005373359086378112,0.0003205146696088948,0.0002029823566426119,0.0001355569211349847,9.468255491830857e-05,6.859603235496241e-05,5.116244155443012e-05,3.90390360373087e-05,3.032329280384449e-05,2.388487447057414e-05,1.902367569494427e-05,1.528864467743798e-05,1.237846563155513e-05,1.008523393955192e-05,8.261406883491493e-06,6.799742963105841e-06,5.620714090543836e-06,4.664351714536505e-06,3.884805888406108e-06,3.246615089663353e-06,2.722086483217642e-06,2.289416785039888e-06,1.931319501491243e-06,1.634006231505986e-06,1.386420491580861e-06,1.179654801839535e-06,1.006502796369733e-06,8.611121325245506e-07,7.387135112155086e-07,6.354077388262359e-07,5.479974354033195e-07,4.738533466418812e-07,4.10807656127539e-07,3.570684905892471e-07,3.111511485548994e-07,2.718225886960772e-07,2.380564771964625e-07,2.089966768293829e-07,1.839275095194544e-07,1.622494720636399e-07,1.434593557253755e-07,1.271339326573227e-07,1.129165390855987e-07,1.005060171164615e-07,8.964758167217199e-08,8.0125262369475e-08,7.175563669671844e-08,6.438262416455614e-08,5.787315395402205e-08,5.211355311575147e-08,4.700653027300461e-08,4.246865237813617e-08,3.842823041790532e-08,3.482354489076497e-08,3.160135405190696e-08,2.871563786830525e-08,2.612653876951324e-08,2.37994669600626e-08,2.170434354904682e-08,0.002572079780007446
83.5,0.000829693527155939,0.0004579432594671688,0.0002706065548336,0.0001702199984309232,0.0001131017732442136,7.869390522112587e-05,5.684567711343232e-05,4.230483708038279e-05,3.222681641955458e-05,2.50007574432212e-05,1.967385577504764e-05,1.565833507257173e-05,1.257687992042034e-05,1.017823290062175e-05,8.289500174687039e-06,6.788262992889426e-06,5.585705988858885e-06,4.616063854568413e-06,3.82980526070925e-06,3.189096522441692e-06,2.664698711291641e-06,2.233792737437453e-06,1.878421850743888e-06,1.58435540380432e-06,1.34024662968037e-06,1.136999790592106e-06,9.672890731086425e-07,8.251891655383927e-07,7.058891321299308e-07,6.054691340647938e-07,5.207250454734591e-07,4.490298902554969e-07,3.882238037283324e-07,3.365262420351656e-07,2.924656478770407e-07,2.548228866005749e-07,2.225855974329852e-07,1.949112344926441e-07,1.710970534739192e-07,1.505556702458701e-07,1.327951043880785e-07,1.174024440336576e-07,1.040304432311509e-07,9.238650055177753e-08,8.222357629068591e-08,7.33326917502793e-08,6.553672265317187e-08,5.868525348456958e-08,5.265030342748589e-08,4.732276979845476e-08,4.260946328868785e-08,3.843063225608952e-08,3.471789189180119e-08,3.141248916601691e-08,2.846384672756533e-08,2.582833893576669e-08,2.346826137657749e-08,2.135096190622986e-08,1.944810675375393e-08,1.773505972352965e-08,0.002185055970434019
84.5,0.0007041698925706293,0.0003794675228279166,0.0002200472556933332,0.0001363528038349997,8.953506123201269e-05,6.173360460900517e-05,4.42909506524704e-05,3.279594680793215e-05,2.489137620557073e-05,1.925831406480451e-05,1.512509034701084e-05,1.202032540823731e-05,9.644041547244507e-06,7.797969204045118e-06,6.346526313524688e-06,5.194200445063057e-06,4.271977820020308e-06,3.528918853606303e-06,2.926754151670995e-06,2.436309477333102e-06,2.035072913642514e-06,1.705496912490296e-06,1.433786650980027e-06,1.209018647036087e-06,1.02248896694091e-06,8.672243901417078e-07,7.376113600685105e-07,6.291114288727348e-07,5.380410936392901e-07,4.614001413921455e-07,3.967369153608666e-07,3.420419354277852e-07,2.956634645831101e-07,2.562401788497156e-07,2.226472482311341e-07,1.939529907626248e-07,1.693839031147393e-07,1.482963569238061e-07,1.301536208285705e-07,1.14507153296528e-07,1.009813319443079e-07,8.926095676741318e-08,7.908099903917714e-08,7.021817324929668e-08,6.248399283594899e-08,5.571903656332497e-08,4.978820498505765e-08,4.45767884175309e-08,3.99872014707736e-08,3.593626619337444e-08,3.235294764370341e-08,2.917646327056991e-08,2.63547017127938e-08,2.384289817297143e-08,2.16025229122691e-08,1.960034706885418e-08,1.780765625633887e-08,1.619958751729904e-08,1.475456940460385e-08,1.345384841204077e-08,0.001795586896832851
85.5,0.0005681255232232072,0.0002958214212174661,0.0001666464752036316,0.000100822446646195,6.494999594785223e-05,4.41254259915951e-05,3.130934446019733e-05,2.299654514691255e-05,1.735235780587751e-05,1.33694864448826e-05,1.046870927257984e-05,8.301710143673608e-06,6.649881999825124e-06,5.370449835050741e-06,4.366744818980122e-06,3.571212048831301e-06,2.935347457674821e-06,2.423525832772441e-06,2.009084377988667e-06,1.67175619848854e-06,1.395937764516162e-06,1.169487767756446e-06,9.828746422462453e-07,8.285591505218306e-07,7.005393900112926e-07,5.940105019120678e-07,5.051069479605085e-07,4.307052179481012e-07,3.682714044904076e-07,3.15742504138263e-07,2.714333424397953e-07,2.339631481507509e-07,2.02197317048298e-07,1.752010013679944e-07,1.522019636520489e-07,1.325607290069724e-07,1.157465157165538e-07,1.013177613770302e-07,8.890631882787533e-08,7.820459361806993e-08,6.895504740646763e-08,6.094161041153579e-08,5.398263884032856e-08,4.79251261424361e-08,4.263993447146681e-08,3.801785832224465e-08,3.396636856378688e-08,3.040691401717612e-08,2.727268088719515e-08,2.450672895343713e-08,2.206043840170672e-08,1.989221326734165e-08,1.796639724874368e-08,1.625236558997141e-08,1.472376318864497e-08,1.335786434811e-08,1.213503389079782e-08,1.103827286687429e-08,1.005283497600236e-08,9.165902188830192e-09,0.001382705672050373
86.5,0.0004265165130323555,0.0002132985318203171,0.000116183519631949,6.837683929450789e-05,4.308603063232746e-05,2.877527858591317e-05,2.015778158873219e-05,1.466844362949775e-05,1.09950609563073e-05,8.431960449448886e-06,6.580991804516674e-06,5.206839601321251e-06,4.164089411796567e-06,3.359038285407459e-06,2.728953509339439e-06,2.230393717487599e-06,1.832391045950167e-06,1.512325243893916e-06,1.253337263837473e-06,1.042652382677991e-06,8.70458486793679e-07,7.29134242262648e-07,6.127046345278376e-07,5.164485399358027e-07,4.366106261696115e-07,3.701865187152233e-07,3.147604701244369e-07,2.683813177255537e-07,2.294667878169909e-07,1.967290593729663e-07,1.691164506513503e-07,1.457674512837804e-07,1.25974286656849e-07,1.09153896318103e-07,9.48247160057075e-08,8.258802864366537e-08,7.211293066117338e-08,6.312417218314546e-08,5.539229121806959e-08,4.872558593900789e-08,4.296356490873573e-08,3.797158950923668e-08,3.363648097259514e-08,2.986291005764024e-08,2.657042341879853e-08,2.369098922545356e-08,2.116696725560386e-08,1.894942676868776e-08,1.699674993335016e-08,1.527347020270331e-08,1.374930438180572e-08,1.239834468134156e-08,1.119838316086921e-08,1.013034592106396e-08,9.177818434057983e-09,8.326646684616326e-09,7.56460147621577e-09,6.881095450003887e-09,6.266944163190562e-09,5.714164050655837e-09,0.0009862711226012466
87.5,0.0002915948419501644,0.0001397460640651385,7.337827407331668e-05,4.185659955005194e-05,2.569838777301272e-05,1.680853896714461e-05,1.15869993516886e-05,8.331740671233937e-06,6.19205679070099e-06,4.720262799271265e-06,3.668943097678761e-06,2.894729810817129e-06,2.310645279093619e-06,1.861562661896835e-06,1.51109751388327e-06,1.234348499329676e-06,1.013729106696253e-06,8.364853081720376e-07,6.931626620107641e-07,5.766258414408531e-07,4.814104219144614e-07,4.03281214450832e-07,3.389231766423458e-07,2.857200305992324e-07,2.415925307336283e-07,2.048783152394438e-07,1.742413821592205e-07,1.486030696894803e-07,1.270888992832043e-07,1.089872820512985e-07,9.371720229342716e-08,8.0802763061684e-08,6.985302290118078e-08,6.054594353717655e-08,5.261555280817685e-08,4.584163709003781e-08,4.004143413435185e-08,3.506291534095885e-08,3.077933628546861e-08,2.708480314103756e-08,2.389065573846004e-08,2.112250924238669e-08,1.871782861660622e-08,1.662393531601178e-08,1.479636555993551e-08,1.319751530868613e-08,1.179551959510265e-08,1.056332385577425e-08,9.477912902304017e-09,8.519669590430348e-09,7.671840410351806e-09,6.920089390725883e-09,6.252125082351143e-09,5.657388123945649e-09,5.126789117162758e-09,4.652488350703978e-09,4.227710393516459e-09,3.846587788070039e-09,3.504029067456014e-09,3.195607135400922e-09,0.0006397659265966847
88.5,0.0001613610604172624,7.432853751267342e-05,3.761383948482427e-05,2.073956834246887e-05,1.235240624887912e-05,7.872264620085893e-06,5.313922988224428e-06,3.760019630075894e-06,2.761818185876754e-06,2.088198498978146e-06,1.614223934061744e-06,1.269116432749522e-06,1.010887745148911e-06,8.13483419962802e-07,6.600310595764977e-07,5.391688232636075e-07,4.429774020322796e-07,3.657723857289134e-07,3.03372718266317e-07,2.526411213165982e-07,2.111850965192106e-07,1.771559810948395e-07,1.491099076239319e-07,1.25909117557077e-07,1.066503751975961e-07,9.061207744191282e-08,7.721457027883976e-08,6.598998783959628e-08,5.655907904513634e-08,4.861323878453118e-08,4.190046501005029e-08,3.621430942363524e-08,3.138513206971633e-08,2.7273143272726e-08,2.376284185836938e-08,2.075855084594483e-08,1.818082043032218e-08,1.596351967525198e-08,1.405147750050068e-08,1.239856350731281e-08,1.096612227685602e-08,9.721692685480144e-09,8.637957751566912e-09,7.691881484180917e-09,6.863997835023259e-09,6.137823684601493e-09,5.499373218501331e-09,4.936755374624006e-09,4.439839501868378e-09,3.99997714679209e-09,3.609770118861498e-09,3.262876787754221e-09,2.953850024821174e-09,2.6780013838677e-09,2.4312870781883e-09,2.210212094417311e-09,2.011749423598706e-09,1.83327191338414e-09,1.672494674433847e-09,1.527426326587963e-09,0.0003369072855872183
89.5,4.659025180767829e-05,2.097102894093551e-05,1.03829371136264e-05,5.616540049605376e-06,3.295137434023027e-06,2.080372678592837e-06,1.400948852426164e-06,9.963932381344658e-07,7.409723661228637e-07,5.708638432406714e-07,4.521351563025478e-07,3.659180466195691e-07,3.012413136418993e-07,2.514348390428193e-07,2.122633580082977e-07,1.80925631817026e-07,1.554994735940217e-07,1.346230961685019e-07,1.173054126090935e-07,1.028088863895891e-07,9.057453919734262e-08,8.017229384419244e-08,7.126706915982941e-08,6.359499893821188e-08,5.694636385700285e-08,5.115310234967367e-08,4.607952365789581e-08,4.161530884559073e-08,3.767017658677981e-08,3.416977895566418e-08,3.105251773317336e-08,2.826705710251464e-08,2.577036803313113e-08,2.352618181534307e-08,2.150376061456009e-08,1.967691515151431e-08,1.802321607418923e-08,1.652335789513413e-08,1.516064365322476e-08,1.392056551767304e-08,1.279046195400255e-08,1.175923622999219e-08,1.081712425727099e-08,9.955502265769159e-09,9.1667267612664e-09,8.444000747049174e-09,7.781261394842404e-09,7.173085300633626e-09,6.614608213630253e-09,6.101456724408199e-09,5.629689874584818e-09,5.195749030903875e-09,4.796414671569891e-09,4.428768977732948e-09,4.090163320527751e-09,3.778189893699762e-09,3.490656871244273e-09,3.225566574676807e-09,2.981096220327098e-09,2.755580887202324e-09,9.583724461773295e-05
