d_ETL_nm,d_HTL_nm,air,sub_confined,wg,spp,abs,eta_sub,Purcell,sum_of_channels
10,10,0.094142,0.145333,0.002297,0.754157,0.004071,0.239475,3.522013,1.000000
10,20,0.090472,0.148568,0.002641,0.753968,0.004352,0.239039,3.392543,1.000000
10,30,0.087797,0.144157,0.009153,0.754624,0.004268,0.231955,3.294936,1.000000
10,40,0.086455,0.134058,0.020782,0.755058,0.003647,0.220512,3.223202,1.000000
10,50,0.086618,0.127989,0.027356,0.754542,0.003495,0.214608,3.173334,1.000000
10,60,0.088401,0.124917,0.030585,0.752576,0.003521,0.213318,3.142555,1.000000
10,70,0.091891,0.123930,0.031691,0.748841,0.003647,0.215821,3.128838,1.000000
10,80,0.097123,0.124385,0.031469,0.743182,0.003841,0.221508,3.130552,1.000000
10,90,0.103992,0.125827,0.030440,0.735659,0.004081,0.229820,3.145983,1.000000
10,100,0.112091,0.127950,0.028957,0.726652,0.004350,0.240042,3.172633,1.000000
10,110,0.120536,0.130595,0.027271,0.716968,0.004630,0.251131,3.206395,1.000000
10,120,0.127961,0.133742,0.025567,0.707817,0.004912,0.261703,3.241272,1.000000
10,130,0.132872,0.137443,0.023989,0.700488,0.005207,0.270315,3.270556,1.000000
10,140,0.134249,0.141621,0.022688,0.695847,0.005595,0.275870,3.289232,1.000000
10,150,0.131923,0.144543,0.023108,0.694051,0.006374,0.276466,3.295735,1.000000
10,160,0.126525,0.139775,0.033616,0.694741,0.005343,0.266299,3.291293,1.000000
10,170,0.119154,0.136626,0.042155,0.697223,0.004842,0.255780,3.279016,1.000000
10,180,0.111091,0.135219,0.048343,0.700834,0.004513,0.246310,3.261988,1.000000
10,190,0.103488,0.134566,0.052687,0.704982,0.004276,0.238054,3.242957,1.000000
10,200,0.097171,0.133964,0.055581,0.709179,0.004105,0.231135,3.224122,1.000000
10,210,0.092600,0.133074,0.057319,0.713021,0.003986,0.225674,3.207223,1.000000
10,220,0.089973,0.131820,0.058128,0.716167,0.003912,0.221793,3.193669,1.000000
10,230,0.089353,0.130262,0.058184,0.718322,0.003880,0.219614,3.184656,1.000000
10,240,0.090745,0.128508,0.057632,0.719230,0.003884,0.219254,3.181200,1.000000
10,250,0.094101,0.126677,0.056589,0.718711,0.003922,0.220778,3.184045,1.000000
10,260,0.099237,0.124885,0.055164,0.716730,0.003984,0.224122,3.193373,1.000000
10,270,0.105704,0.123266,0.053464,0.713506,0.004062,0.228969,3.208292,1.000000
10,280,0.112680,0.121981,0.051601,0.709599,0.004139,0.234660,3.226409,1.000000
10,290,0.119070,0.121212,0.049689,0.705825,0.004204,0.240282,3.244074,1.000000
10,300,0.123853,0.121119,0.047817,0.702962,0.004248,0.244972,3.257657,1.000000
10,310,0.126438,0.121797,0.046038,0.701456,0.004272,0.248235,3.264989,1.000000
10,320,0.126736,0.123274,0.044364,0.701343,0.004283,0.250010,3.265810,1.000000
10,330,0.124997,0.125526,0.042791,0.702395,0.004290,0.250523,3.261181,1.000000
10,340,0.121618,0.128494,0.041305,0.704277,0.004306,0.250112,3.252697,1.000000
10,350,0.117043,0.132068,0.039895,0.706652,0.004343,0.249110,3.241963,1.000000
10,360,0.111754,0.136042,0.038564,0.709220,0.004421,0.247796,3.230400,1.000000
10,370,0.106313,0.140009,0.037361,0.711716,0.004601,0.246322,3.219218,1.000000
10,380,0.101347,0.141388,0.038474,0.713912,0.004879,0.242734,3.209444,1.000000
10,390,0.097468,0.137980,0.044884,0.715576,0.004093,0.235447,3.202092,1.000000
10,400,0.095159,0.137787,0.046555,0.716522,0.003977,0.232946,3.197960,1.000000
10,410,0.094701,0.138133,0.046607,0.716573,0.003986,0.232834,3.197815,1.000000
10,420,0.096154,0.138261,0.045913,0.715626,0.004046,0.234415,3.202117,1.000000
10,430,0.099322,0.137996,0.044822,0.713727,0.004133,0.237318,3.210698,1.000000
10,440,0.103704,0.137396,0.043518,0.711152,0.004230,0.241100,3.222372,1.000000
10,450,0.108519,0.136621,0.042121,0.708412,0.004326,0.245140,3.234878,1.000000
10,460,0.112912,0.135862,0.040719,0.706092,0.004414,0.248774,3.245545,1.000000
10,470,0.116253,0.135273,0.039365,0.704615,0.004493,0.251526,3.252379,1.000000
10,480,0.118275,0.134947,0.038084,0.704123,0.004571,0.253222,3.254678,1.000000
10,490,0.119012,0.134921,0.036883,0.704526,0.004658,0.253933,3.252839,1.000000
10,500,0.118648,0.135194,0.035763,0.705619,0.004776,0.253842,3.247819,1.000000
20,10,0.127322,0.207910,0.003795,0.654711,0.006261,0.335232,3.046225,1.000000
20,20,0.124075,0.193888,0.020362,0.656239,0.005436,0.317963,2.951878,1.000000
20,30,0.122776,0.176876,0.038098,0.657663,0.004587,0.299652,2.881329,1.000000
20,40,0.123628,0.166033,0.048020,0.658016,0.004303,0.289661,2.831906,1.000000
20,50,0.126764,0.159558,0.052791,0.656624,0.004264,0.286321,2.801834,1.000000
20,60,0.132278,0.156078,0.054231,0.653045,0.004368,0.288356,2.789855,1.000000
20,70,0.140175,0.154652,0.053544,0.647060,0.004570,0.294826,2.794880,1.000000
20,80,0.150224,0.154642,0.051541,0.638755,0.004838,0.304866,2.815433,1.000000
20,90,0.161735,0.155673,0.048795,0.628649,0.005148,0.317408,2.848741,1.000000
20,100,0.173354,0.157622,0.045735,0.617814,0.005474,0.330976,2.889725,1.000000
20,110,0.183141,0.160599,0.042689,0.607773,0.005799,0.343739,2.930830,1.000000
20,120,0.189141,0.164809,0.039893,0.600026,0.006131,0.353950,2.963861,1.000000
20,130,0.190160,0.170273,0.037543,0.595476,0.006549,0.360432,2.983135,1.000000
20,140,0.186155,0.175097,0.037268,0.594191,0.007289,0.361252,2.987312,1.000000
20,150,0.178073,0.173219,0.046795,0.595622,0.006291,0.351292,2.978693,1.000000
20,160,0.167483,0.173341,0.054377,0.598999,0.005800,0.340824,2.961075,1.000000
20,170,0.156162,0.175058,0.059763,0.603546,0.005472,0.331219,2.938386,1.000000
20,180,0.145691,0.177069,0.063413,0.608595,0.005232,0.322760,2.913944,1.000000
20,190,0.137170,0.178500,0.065683,0.613590,0.005057,0.315670,2.890372,1.000000
20,200,0.131192,0.178970,0.066837,0.618064,0.004936,0.310162,2.869732,1.000000
20,210,0.127996,0.178446,0.067077,0.621616,0.004865,0.306441,2.853708,1.000000
20,220,0.127647,0.177061,0.066565,0.623887,0.004841,0.304708,2.843738,1.000000
20,230,0.130129,0.175006,0.065429,0.624575,0.004860,0.305136,2.841046,1.000000
20,240,0.135332,0.172484,0.063787,0.623478,0.004919,0.307816,2.846484,1.000000
20,250,0.142926,0.169710,0.061751,0.620603,0.005010,0.312636,2.860102,1.000000
20,260,0.152180,0.166947,0.059450,0.616302,0.005121,0.319128,2.880474,1.000000
20,270,0.161862,0.164525,0.057029,0.611350,0.005234,0.326387,2.904194,1.000000
20,280,0.170448,0.162802,0.054635,0.606783,0.005332,0.333250,2.926414,1.000000
20,290,0.176633,0.162079,0.052376,0.603505,0.005407,0.338712,2.942638,1.000000
20,300,0.179747,0.162530,0.050303,0.601962,0.005458,0.342278,2.950480,1.000000
20,310,0.179771,0.164203,0.048415,0.602117,0.005494,0.343974,2.949985,1.000000
20,320,0.177073,0.167065,0.046686,0.603646,0.005529,0.344138,2.942749,1.000000
20,330,0.172173,0.171032,0.045089,0.606128,0.005578,0.343205,2.930909,1.000000
20,340,0.165651,0.175929,0.043604,0.609153,0.005663,0.341580,2.916539,1.000000
20,350,0.158167,0.181406,0.042241,0.612357,0.005829,0.339574,2.901441,1.000000
20,360,0.150527,0.186671,0.041153,0.615419,0.006231,0.337198,2.887142,1.000000
20,370,0.143649,0.184024,0.048359,0.618054,0.005914,0.327673,2.874953,1.000000
20,380,0.138415,0.179231,0.057304,0.619985,0.005065,0.317646,2.866103,1.000000
20,390,0.135489,0.178556,0.060098,0.620971,0.004886,0.314045,2.861645,1.000000
20,400,0.135226,0.178505,0.060600,0.620800,0.004869,0.313731,2.862507,1.000000
20,410,0.137647,0.178093,0.059964,0.619372,0.004924,0.315741,2.869177,1.000000
20,420,0.142396,0.177108,0.058690,0.616789,0.005017,0.319504,2.881249,1.000000
20,430,0.148680,0.175670,0.057062,0.613459,0.005129,0.324350,2.896938,1.000000
20,440,0.155360,0.174058,0.055280,0.610060,0.005242,0.329418,2.913121,1.000000
20,450,0.161280,0.172578,0.053487,0.607309,0.005346,0.333858,2.926354,1.000000
20,460,0.165657,0.171460,0.051769,0.605675,0.005439,0.337117,2.934280,1.000000
20,470,0.168219,0.170822,0.050160,0.605273,0.005526,0.339041,2.936256,1.000000
20,480,0.169063,0.170701,0.048663,0.605953,0.005621,0.339764,2.932984,1.000000
20,490,0.168455,0.171083,0.047271,0.607446,0.005745,0.339538,2.925791,1.000000
20,500,0.166695,0.171905,0.045997,0.609463,0.005939,0.338600,2.916124,1.000000
30,10,0.154212,0.240218,0.040417,0.558734,0.006419,0.394430,2.753631,1.000000
30,20,0.153506,0.217222,0.063407,0.560435,0.005430,0.370727,2.681320,1.000000
30,30,0.155468,0.202161,0.076136,0.561206,0.005029,0.357629,2.630338,1.000000
30,40,0.160247,0.192587,0.082035,0.560215,0.004916,0.352834,2.599420,1.000000
30,50,0.167926,0.186761,0.083419,0.556912,0.004982,0.354687,2.587789,1.000000
30,60,0.178447,0.183500,0.081851,0.551030,0.005172,0.361948,2.594707,1.000000
30,70,0.191416,0.182042,0.078423,0.542670,0.005449,0.373458,2.618770,1.000000
30,80,0.205828,0.181987,0.073950,0.532452,0.005783,0.387815,2.656808,1.000000
30,90,0.219879,0.183303,0.069077,0.521600,0.006142,0.403182,2.702747,1.000000
30,100,0.231175,0.186261,0.064307,0.511754,0.006503,0.417436,2.747698,1.000000
30,110,0.237492,0.191231,0.059991,0.504416,0.006870,0.428723,2.782438,1.000000
30,120,0.237629,0.198304,0.056363,0.500380,0.007324,0.435933,2.801091,1.000000
30,130,0.231741,0.205231,0.055481,0.499603,0.007944,0.436972,2.802785,1.000000
30,140,0.221092,0.206933,0.063452,0.501463,0.007060,0.428025,2.790598,1.000000
30,150,0.207670,0.210977,0.069547,0.505187,0.006621,0.418646,2.768884,1.000000
30,160,0.193674,0.216305,0.073694,0.510005,0.006323,0.409978,2.742060,1.000000
30,170,0.181006,0.221345,0.076287,0.515259,0.006103,0.402351,2.713781,1.000000
30,180,0.170937,0.225102,0.077625,0.520394,0.005942,0.396040,2.686931,1.000000
30,190,0.164120,0.227186,0.077929,0.524933,0.005832,0.391306,2.663790,1.000000
30,200,0.160797,0.227606,0.077372,0.528454,0.005771,0.388403,2.646248,1.000000
30,210,0.161017,0.226560,0.076089,0.530576,0.005758,0.387577,2.635935,1.000000
30,220,0.164728,0.224304,0.074194,0.530982,0.005792,0.389032,2.634235,1.000000
30,230,0.171737,0.221117,0.071798,0.529478,0.005870,0.392854,2.642055,1.000000
30,240,0.181549,0.217325,0.069021,0.526119,0.005986,0.398874,2.659263,1.000000
30,250,0.193145,0.213353,0.066016,0.521359,0.006127,0.406498,2.683878,1.000000
30,260,0.204932,0.209740,0.062963,0.516091,0.006275,0.414671,2.711601,1.000000
30,270,0.215078,0.207055,0.060038,0.511417,0.006412,0.422133,2.736691,1.000000
30,280,0.222141,0.205752,0.057359,0.508220,0.006528,0.427893,2.754189,1.000000
30,290,0.225467,0.206072,0.054967,0.506872,0.006623,0.431538,2.761778,1.000000
30,300,0.225111,0.208075,0.052842,0.507266,0.006706,0.433185,2.759869,1.000000
30,310,0.221516,0.211711,0.050940,0.509037,0.006794,0.433228,2.750478,1.000000
30,320,0.215272,0.216852,0.049220,0.511747,0.006910,0.432123,2.736106,1.000000
30,330,0.207046,0.223226,0.047661,0.514975,0.007092,0.430272,2.719121,1.000000
30,340,0.197662,0.230244,0.046310,0.518350,0.007435,0.427905,2.701566,1.000000
30,350,0.188164,0.236132,0.045769,0.521538,0.008398,0.424295,2.685179,1.000000
30,360,0.179749,0.225359,0.063930,0.524238,0.006725,0.405108,2.671460,1.000000
30,370,0.173523,0.220404,0.073989,0.526158,0.005925,0.393927,2.661808,1.000000
30,380,0.170277,0.219477,0.077509,0.527035,0.005702,0.389754,2.657465,1.000000
30,390,0.170386,0.219037,0.078266,0.526654,0.005657,0.389423,2.659458,1.000000
30,400,0.173791,0.218030,0.077548,0.524933,0.005699,0.391821,2.668245,1.000000
30,410,0.179953,0.216265,0.075962,0.522029,0.005791,0.396218,2.683140,1.000000
30,420,0.187802,0.213961,0.073893,0.518435,0.005910,0.401763,2.701790,1.000000
30,430,0.195913,0.211531,0.071622,0.514899,0.006035,0.407444,2.720387,1.000000
30,440,0.202940,0.209398,0.069356,0.512152,0.006154,0.412338,2.735012,1.000000
30,450,0.208050,0.207853,0.067208,0.510627,0.006262,0.415903,2.743211,1.000000
30,460,0.211001,0.207030,0.065219,0.510387,0.006364,0.418031,2.744524,1.000000
30,470,0.211948,0.206952,0.063381,0.511248,0.006471,0.418900,2.739926,1.000000
30,480,0.211206,0.207591,0.061679,0.512920,0.006605,0.418796,2.731014,1.000000
30,490,0.209105,0.208873,0.060113,0.515102,0.006807,0.417977,2.719457,1.000000
30,500,0.205940,0.210475,0.058840,0.517518,0.007227,0.416415,2.706778,1.000000
40,10,0.172847,0.250395,0.097529,0.473122,0.006107,0.423241,2.553910,1.000000
40,20,0.176107,0.232683,0.111879,0.473703,0.005628,0.408790,2.500434,1.000000
40,30,0.182495,0.221085,0.118139,0.472831,0.005450,0.403580,2.467747,1.000000
40,40,0.192087,0.213681,0.118916,0.469846,0.005470,0.405768,2.455201,1.000000
40,50,0.204754,0.209173,0.116013,0.464426,0.005633,0.413927,2.462206,1.000000
40,60,0.219938,0.206745,0.110753,0.456662,0.005902,0.426683,2.487326,1.000000
40,70,0.236358,0.206034,0.104176,0.447189,0.006243,0.442392,2.527020,1.000000
40,80,0.251863,0.207127,0.097154,0.437234,0.006622,0.458990,2.574488,1.000000
40,90,0.263778,0.210461,0.090383,0.428364,0.007014,0.474239,2.620060,1.000000
40,100,0.269788,0.216542,0.084328,0.421924,0.007418,0.486330,2.654190,1.000000
40,110,0.268794,0.225487,0.079258,0.418545,0.007915,0.494281,2.671257,1.000000
40,120,0.261162,0.234471,0.077891,0.418105,0.008372,0.495632,2.670902,1.000000
40,130,0.248446,0.239886,0.084014,0.420011,0.007644,0.488331,2.656541,1.000000
40,140,0.232972,0.247801,0.088391,0.423557,0.007280,0.480773,2.632773,1.000000
40,150,0.217239,0.256585,0.091084,0.428057,0.007034,0.473824,2.604089,1.000000
40,160,0.203318,0.264488,0.092415,0.432925,0.006853,0.467806,2.574200,1.000000
40,170,0.192523,0.270473,0.092626,0.437656,0.006722,0.462995,2.546048,1.000000
40,180,0.185484,0.274172,0.091899,0.441809,0.006636,0.459656,2.521996,1.000000
40,190,0.182416,0.275636,0.090373,0.444982,0.006593,0.458052,2.504034,1.000000
40,200,0.183336,0.275097,0.088160,0.446811,0.006596,0.458433,2.493901,1.000000
40,210,0.188151,0.272851,0.085360,0.446993,0.006645,0.461001,2.493065,1.000000
40,220,0.196591,0.269231,0.082077,0.445360,0.006741,0.465822,2.502428,1.000000
40,230,0.208009,0.264664,0.078444,0.442004,0.006879,0.472674,2.521672,1.000000
40,240,0.221164,0.259738,0.074638,0.437413,0.007047,0.480901,2.548389,1.000000
40,250,0.234218,0.255199,0.070873,0.432479,0.007231,0.489417,2.577720,1.000000
40,260,0.245191,0.251819,0.067347,0.428230,0.007413,0.497010,2.603542,1.000000
40,270,0.252626,0.250179,0.064181,0.425432,0.007582,0.502805,2.620903,1.000000
40,280,0.255926,0.250573,0.061404,0.424357,0.007740,0.506500,2.627762,1.000000
40,290,0.255199,0.253064,0.058976,0.424865,0.007896,0.508264,2.624824,1.000000
40,300,0.250906,0.257580,0.056838,0.426605,0.008072,0.508486,2.614300,1.000000
40,310,0.243647,0.263931,0.054942,0.429177,0.008303,0.507578,2.598802,1.000000
40,320,0.234151,0.271695,0.053289,0.432201,0.008664,0.505847,2.580766,1.000000
40,330,0.223382,0.279829,0.052062,0.435338,0.009389,0.503211,2.562298,1.000000
40,340,0.212613,0.279521,0.059003,0.438309,0.010554,0.492134,2.545048,1.000000
40,350,0.203215,0.262346,0.086367,0.440747,0.007324,0.465562,2.531069,1.000000
40,360,0.196475,0.258249,0.096194,0.442458,0.006625,0.454723,2.521369,1.000000
40,370,0.193208,0.257408,0.099839,0.443163,0.006382,0.450616,2.517433,1.000000
40,380,0.193757,0.256743,0.100519,0.442668,0.006313,0.450500,2.520321,1.000000
40,390,0.197965,0.255288,0.099495,0.440912,0.006340,0.453254,2.530414,1.000000
40,400,0.205131,0.252926,0.097430,0.438088,0.006425,0.458057,2.546780,1.000000
40,410,0.213987,0.249984,0.094786,0.434699,0.006545,0.463971,2.566680,1.000000
40,420,0.222943,0.246995,0.091921,0.431463,0.006678,0.469938,2.585970,1.000000
40,430,0.230590,0.244470,0.089095,0.429034,0.006811,0.475061,2.600645,1.000000
40,440,0.236117,0.242740,0.086444,0.427762,0.006937,0.478857,2.608402,1.000000
40,450,0.239327,0.241939,0.084009,0.427669,0.007057,0.481266,2.609000,1.000000
40,460,0.240404,0.242080,0.081771,0.428562,0.007182,0.482484,2.603579,1.000000
40,470,0.239668,0.243124,0.079701,0.430176,0.007332,0.482792,2.593832,1.000000
40,480,0.237438,0.244990,0.077787,0.432236,0.007550,0.482427,2.581485,1.000000
40,490,0.233992,0.247302,0.076220,0.434489,0.007997,0.481294,2.568108,1.000000
40,500,0.229582,0.245744,0.080362,0.436705,0.007607,0.475326,2.555088,1.000000
50,10,0.182942,0.255520,0.155119,0.400330,0.006088,0.438462,2.399388,1.000000
50,20,0.190578,0.243404,0.160922,0.399230,0.005866,0.433982,2.363999,1.000000
50,30,0.201492,0.235579,0.160568,0.396516,0.005845,0.437071,2.349107,1.000000
50,40,0.215515,0.230767,0.155976,0.391766,0.005976,0.446282,2.353985,1.000000
50,50,0.231978,0.228179,0.148616,0.385002,0.006225,0.460158,2.377100,1.000000
50,60,0.249417,0.227522,0.139716,0.376785,0.006560,0.476939,2.414717,1.000000
50,70,0.265479,0.229004,0.130355,0.368213,0.006950,0.494483,2.459810,1.000000
50,80,0.277366,0.233200,0.121412,0.360656,0.007366,0.510566,2.502699,1.000000
50,90,0.282784,0.240709,0.113462,0.355238,0.007808,0.523493,2.534209,1.000000
50,100,0.280760,0.251621,0.106815,0.352441,0.008362,0.532382,2.549258,1.000000
50,110,0.271844,0.262341,0.105054,0.352120,0.008641,0.534185,2.547800,1.000000
50,120,0.257826,0.271058,0.109284,0.353768,0.008065,0.528883,2.533165,1.000000
50,130,0.241269,0.282240,0.111919,0.356787,0.007784,0.523510,2.509733,1.000000
50,140,0.224824,0.293867,0.113093,0.360613,0.007602,0.518692,2.481709,1.000000
50,150,0.210578,0.304125,0.113069,0.364754,0.007473,0.514704,2.452588,1.000000
50,160,0.199778,0.312010,0.112044,0.368783,0.007385,0.511788,2.425180,1.000000
50,170,0.192981,0.317201,0.110167,0.372318,0.007334,0.510182,2.401786,1.000000
50,180,0.190350,0.319775,0.107549,0.375006,0.007320,0.510125,2.384376,1.000000
50,190,0.191871,0.319973,0.104285,0.376525,0.007347,0.511844,2.374697,1.000000
50,200,0.197423,0.318095,0.100459,0.376605,0.007417,0.515519,2.374212,1.000000
50,210,0.206684,0.314500,0.096175,0.375107,0.007533,0.521185,2.383782,1.000000
50,220,0.218917,0.309682,0.091575,0.372132,0.007694,0.528599,2.402970,1.000000
50,230,0.232757,0.304351,0.086862,0.368137,0.007893,0.537108,2.429201,1.000000
50,240,0.246270,0.299417,0.082280,0.363916,0.008117,0.545687,2.457551,1.000000
50,250,0.257459,0.295798,0.078045,0.360345,0.008353,0.553257,2.482081,1.000000
50,260,0.264918,0.294170,0.074282,0.358040,0.008591,0.559087,2.498234,1.000000
50,270,0.268104,0.294863,0.071005,0.357196,0.008833,0.562966,2.504309,1.000000
50,280,0.267126,0.297944,0.068162,0.357674,0.009094,0.565070,2.501125,1.000000
50,290,0.262416,0.303315,0.065688,0.359175,0.009405,0.565732,2.490818,1.000000
50,300,0.254557,0.310699,0.063546,0.361367,0.009831,0.565256,2.475845,1.000000
50,310,0.244314,0.319397,0.061813,0.363936,0.010541,0.563711,2.458494,1.000000
50,320,0.232771,0.326886,0.061436,0.366597,0.012311,0.559657,2.440760,1.000000
50,330,0.221350,0.305417,0.094598,0.369092,0.009544,0.526767,2.424359,1.000000
50,340,0.211582,0.293188,0.116314,0.371169,0.007748,0.504769,2.410877,1.000000
50,350,0.204750,0.290544,0.124950,0.372594,0.007162,0.495294,2.401732,1.000000
50,360,0.201650,0.290151,0.128132,0.373146,0.006921,0.491801,2.398249,1.000000
50,370,0.202557,0.289571,0.128377,0.372658,0.006838,0.492127,2.401451,1.000000
50,380,0.207231,0.288015,0.126811,0.371092,0.006850,0.495246,2.411635,1.000000
50,390,0.214874,0.285459,0.124104,0.368636,0.006927,0.500333,2.427750,1.000000
50,400,0.224128,0.282316,0.120764,0.365747,0.007045,0.506444,2.446970,1.000000
50,410,0.233368,0.279196,0.117209,0.363042,0.007185,0.512564,2.465236,1.000000
50,420,0.241217,0.276658,0.113737,0.361057,0.007332,0.517875,2.478821,1.000000
50,430,0.246918,0.275047,0.110501,0.360058,0.007476,0.521965,2.485726,1.000000
50,440,0.250308,0.274497,0.107537,0.360040,0.007618,0.524805,2.485872,1.000000
50,450,0.251561,0.275020,0.104816,0.360837,0.007766,0.526581,2.480403,1.000000
50,460,0.250964,0.276578,0.102296,0.362224,0.007938,0.527541,2.470919,1.000000
50,470,0.248796,0.279087,0.099960,0.363976,0.008180,0.527883,2.459038,1.000000
50,480,0.245295,0.282071,0.098076,0.365883,0.008676,0.527365,2.446237,1.000000
50,490,0.240684,0.281228,0.102196,0.367751,0.008141,0.521912,2.433819,1.000000
50,500,0.235237,0.282531,0.105078,0.369393,0.007762,0.517767,2.423012,1.000000
60,10,0.184705,0.258974,0.210050,0.340083,0.006187,0.443679,2.264095,1.000000
60,20,0.196154,0.251996,0.208288,0.337424,0.006138,0.448150,2.245175,1.000000
60,30,0.210585,0.247943,0.201888,0.333345,0.006239,0.458528,2.245595,1.000000
60,40,0.227308,0.246122,0.192393,0.327715,0.006463,0.473430,2.263606,1.000000
60,50,0.244808,0.246318,0.181162,0.320928,0.006784,0.491127,2.295521,1.000000
60,60,0.260691,0.248829,0.169437,0.313867,0.007175,0.509520,2.334670,1.000000
60,70,0.272168,0.254317,0.158259,0.307644,0.007611,0.526486,2.372108,1.000000
60,80,0.277014,0.263428,0.148308,0.303159,0.008091,0.540442,2.399579,1.000000
60,90,0.274358,0.276164,0.139971,0.300787,0.008719,0.550522,2.412612,1.000000
60,100,0.264866,0.287999,0.137921,0.300407,0.008807,0.552865,2.411176,1.000000
60,110,0.250475,0.299175,0.140377,0.301618,0.008355,0.549650,2.398112,1.000000
60,120,0.233857,0.312690,0.141351,0.303950,0.008152,0.546547,2.377193,1.000000
60,130,0.217662,0.326326,0.141018,0.306958,0.008036,0.543988,2.352049,1.000000
60,140,0.203869,0.338309,0.139605,0.310251,0.007967,0.542178,2.325749,1.000000
60,150,0.193593,0.347711,0.137281,0.313484,0.007931,0.541304,2.300813,1.000000
60,160,0.187292,0.354265,0.134172,0.316346,0.007925,0.541557,2.279349,1.000000
60,170,0.185081,0.358053,0.130372,0.318543,0.007951,0.543134,2.263197,1.000000
60,180,0.186924,0.359301,0.125961,0.319803,0.008012,0.546224,2.254008,1.000000
60,190,0.192691,0.358283,0.121012,0.319900,0.008113,0.550974,2.253169,1.000000
60,200,0.202052,0.355347,0.115627,0.318715,0.008259,0.557399,2.261480,1.000000
60,210,0.214259,0.351002,0.109956,0.316333,0.008452,0.565260,2.278512,1.000000
60,220,0.227948,0.346010,0.104222,0.313131,0.008690,0.573958,2.301853,1.000000
60,230,0.241225,0.341360,0.098694,0.309755,0.008966,0.582585,2.327010,1.000000
60,240,0.252172,0.338045,0.093608,0.306905,0.009270,0.590217,2.348717,1.000000
60,250,0.259459,0.336793,0.089092,0.305057,0.009598,0.596252,2.363044,1.000000
60,260,0.262562,0.337964,0.085160,0.304359,0.009955,0.600526,2.368577,1.000000
60,270,0.261546,0.341632,0.081756,0.304699,0.010367,0.603178,2.366041,1.000000
60,280,0.256777,0.347659,0.078825,0.305849,0.010890,0.604436,2.357253,1.000000
60,290,0.248796,0.355600,0.076387,0.307551,0.011667,0.604395,2.344303,1.000000
60,300,0.238389,0.363983,0.074874,0.309563,0.013191,0.602372,2.329157,1.000000
60,310,0.226726,0.352189,0.095797,0.311675,0.013614,0.578915,2.313463,1.000000
60,320,0.215285,0.324064,0.137824,0.313642,0.009185,0.539349,2.299034,1.000000
60,330,0.205646,0.316911,0.154104,0.315301,0.008038,0.522557,2.287008,1.000000
60,340,0.199025,0.315954,0.161017,0.316445,0.007559,0.514979,2.278798,1.000000
60,350,0.196136,0.316338,0.163296,0.316895,0.007336,0.512473,2.275623,1.000000
60,360,0.197184,0.316236,0.162816,0.316513,0.007250,0.513420,2.278414,1.000000
60,370,0.201892,0.315052,0.160530,0.315273,0.007253,0.516944,2.287422,1.000000
60,380,0.209445,0.312835,0.157068,0.313330,0.007322,0.522280,2.301643,1.000000
60,390,0.218515,0.310037,0.152953,0.311057,0.007438,0.528552,2.318498,1.000000
60,400,0.227552,0.307284,0.148638,0.308943,0.007583,0.534836,2.334395,1.000000
60,410,0.235271,0.305141,0.144445,0.307400,0.007743,0.540412,2.346137,1.000000
60,420,0.240975,0.303953,0.140538,0.306627,0.007907,0.544928,2.352076,1.000000
60,430,0.244501,0.303862,0.136949,0.306615,0.008073,0.548363,2.352193,1.000000
60,440,0.245984,0.304890,0.133645,0.307233,0.008247,0.550874,2.347473,1.000000
60,450,0.245651,0.307013,0.130575,0.308312,0.008449,0.552664,2.339274,1.000000
60,460,0.243720,0.310151,0.127724,0.309678,0.008727,0.553871,2.328969,1.000000
60,470,0.240372,0.313596,0.125570,0.311164,0.009298,0.553967,2.317856,1.000000
60,480,0.235801,0.313276,0.129703,0.312633,0.008588,0.549077,2.306975,1.000000
60,490,0.230262,0.315947,0.131582,0.313922,0.008286,0.546209,2.297507,1.000000
60,500,0.224222,0.321236,0.131473,0.314891,0.008177,0.545459,2.290445,1.000000
70,10,0.178210,0.262897,0.261622,0.290893,0.006378,0.441107,2.134054,1.000000
70,20,0.192070,0.260600,0.253651,0.287221,0.006458,0.452670,2.127874,1.000000
70,30,0.208029,0.260408,0.242297,0.282607,0.006659,0.468437,2.138236,1.000000
70,40,0.224675,0.262186,0.228994,0.277182,0.006964,0.486861,2.161615,1.000000
70,50,0.239740,0.266269,0.215092,0.271548,0.007351,0.506008,2.192151,1.000000
70,60,0.250567,0.273339,0.201757,0.266536,0.007801,0.523906,2.222191,1.000000
70,70,0.255034,0.284031,0.189779,0.262835,0.008321,0.539066,2.244717,1.000000
70,80,0.252318,0.298190,0.179697,0.260749,0.009045,0.550508,2.255837,1.000000
70,90,0.243105,0.310205,0.177582,0.260204,0.008904,0.553311,2.255270,1.000000
70,100,0.229344,0.322718,0.178488,0.260911,0.008539,0.552062,2.245085,1.000000
70,110,0.213660,0.337482,0.177933,0.262523,0.008401,0.551142,2.228188,1.000000
70,120,0.198563,0.352242,0.176142,0.264706,0.008347,0.550805,2.207456,1.000000
70,130,0.185840,0.365326,0.173334,0.267162,0.008338,0.551166,2.185394,1.000000
70,140,0.176447,0.375898,0.169672,0.269625,0.008359,0.552344,2.164118,1.000000
70,150,0.170750,0.383720,0.165273,0.271848,0.008408,0.554470,2.145446,1.000000
70,160,0.168822,0.388866,0.160226,0.273601,0.008485,0.557689,2.130999,1.000000
70,170,0.170624,0.391521,0.154598,0.274664,0.008593,0.562146,2.122248,1.000000
70,180,0.176038,0.391915,0.148457,0.274852,0.008737,0.567953,2.120442,1.000000
70,190,0.184767,0.390348,0.141898,0.274061,0.008926,0.575115,2.126330,1.000000
70,200,0.196134,0.387286,0.135074,0.272341,0.009165,0.583420,2.139610,1.000000
70,210,0.208898,0.383457,0.128219,0.269969,0.009458,0.592355,2.158319,1.000000
70,220,0.221328,0.379824,0.121616,0.267428,0.009803,0.601153,2.178786,1.000000
70,230,0.231665,0.377373,0.115521,0.265244,0.010198,0.609038,2.196729,1.000000
70,240,0.238663,0.376839,0.110075,0.263779,0.010644,0.615501,2.208946,1.000000
70,250,0.241780,0.378600,0.105304,0.263155,0.011161,0.620380,2.214222,1.000000
70,260,0.240998,0.382728,0.101172,0.263304,0.011798,0.623726,2.213021,1.000000
70,270,0.236586,0.388988,0.097678,0.264067,0.012680,0.625575,2.206681,1.000000
70,280,0.229022,0.396438,0.095083,0.265263,0.014195,0.625460,2.196792,1.000000
70,290,0.219030,0.397257,0.098476,0.266658,0.018579,0.616287,2.185358,1.000000
70,300,0.207926,0.351801,0.160968,0.268259,0.011045,0.559728,2.172367,1.000000
70,310,0.197064,0.336224,0.187951,0.269739,0.009021,0.533289,2.160500,1.000000
70,320,0.187967,0.333014,0.199783,0.271004,0.008232,0.520981,2.150462,1.000000
70,330,0.181743,0.333738,0.204768,0.271904,0.007847,0.515481,2.143393,1.000000
70,340,0.179004,0.335151,0.205894,0.272297,0.007654,0.514155,2.140342,1.000000
70,350,0.179907,0.335915,0.204530,0.272075,0.007573,0.515822,2.142125,1.000000
70,360,0.184181,0.335591,0.201445,0.271210,0.007573,0.519772,2.148987,1.000000
70,370,0.191086,0.334260,0.197202,0.269815,0.007637,0.525347,2.160135,1.000000
70,380,0.199432,0.332351,0.192306,0.268159,0.007752,0.531782,2.173494,1.000000
70,390,0.207831,0.330448,0.187214,0.266604,0.007902,0.538279,2.186198,1.000000
70,400,0.215134,0.329082,0.182259,0.265451,0.008074,0.544216,2.195712,1.000000
70,410,0.220696,0.328588,0.177609,0.264849,0.008257,0.549285,2.200725,1.000000
70,420,0.224330,0.329123,0.173303,0.264796,0.008448,0.553453,2.201179,1.000000
70,430,0.226100,0.330734,0.169310,0.265206,0.008651,0.556833,2.197795,1.000000
70,440,0.226153,0.333419,0.165582,0.265958,0.008887,0.559572,2.191589,1.000000
70,450,0.224634,0.337097,0.162120,0.266932,0.009217,0.561731,2.183606,1.000000
70,460,0.221661,0.340539,0.159983,0.268006,0.009811,0.562201,2.174868,1.000000
70,470,0.217387,0.340497,0.164072,0.269082,0.008961,0.557885,2.166177,1.000000
70,480,0.212045,0.344080,0.165116,0.270038,0.008722,0.556125,2.158516,1.000000
70,490,0.206106,0.350199,0.164274,0.270768,0.008654,0.556305,2.152699,1.000000
70,500,0.200353,0.357520,0.162302,0.271165,0.008661,0.557873,2.149554,1.000000
80,10,0.163337,0.268710,0.310377,0.250913,0.006663,0.432047,2.002636,1.000000
80,20,0.177571,0.270845,0.297818,0.246917,0.006850,0.448416,2.003614,1.000000
80,30,0.192478,0.274764,0.283025,0.242594,0.007139,0.467242,2.016756,1.000000
80,40,0.206090,0.280796,0.267408,0.238186,0.007519,0.486886,2.037145,1.000000
80,50,0.216026,0.289569,0.252210,0.234214,0.007981,0.505595,2.058661,1.000000
80,60,0.220316,0.301644,0.238332,0.231165,0.008543,0.521960,2.075650,1.000000
80,70,0.218134,0.316565,0.226619,0.229281,0.009402,0.534699,2.084761,1.000000
80,80,0.210070,0.327556,0.224881,0.228540,0.008953,0.537626,2.085305,1.000000
80,90,0.197912,0.340130,0.224566,0.228757,0.008635,0.538042,2.078480,1.000000
80,100,0.184071,0.355018,0.222673,0.229696,0.008542,0.539090,2.066217,1.000000
80,110,0.170795,0.370038,0.219506,0.231120,0.008540,0.540834,2.050565,1.000000
80,120,0.159635,0.383642,0.215323,0.232814,0.008587,0.543277,2.033399,1.000000
80,130,0.151387,0.395061,0.210306,0.234579,0.008667,0.546448,2.016370,1.000000
80,140,0.146343,0.404067,0.204584,0.236232,0.008775,0.550409,2.000943,1.000000
80,150,0.144550,0.410695,0.198250,0.237595,0.008910,0.555245,1.988458,1.000000
80,160,0.145972,0.415080,0.191372,0.238500,0.009076,0.561052,1.980152,1.000000
80,170,0.150521,0.417390,0.184012,0.238800,0.009279,0.567910,1.977096,1.000000
80,180,0.157965,0.417852,0.176256,0.238400,0.009526,0.575817,1.979985,1.000000
80,190,0.167764,0.416841,0.168250,0.237316,0.009829,0.584605,1.988719,1.000000
80,200,0.178899,0.414966,0.160220,0.235721,0.010195,0.593864,2.001951,1.000000
80,210,0.189913,0.413063,0.152452,0.233941,0.010631,0.602976,2.017029,1.000000
80,220,0.199284,0.412017,0.145211,0.232343,0.011145,0.611301,2.030791,1.000000
80,230,0.205869,0.412515,0.138666,0.231199,0.011752,0.618384,2.040777,1.000000
80,240,0.209093,0.414921,0.132876,0.230614,0.012496,0.624014,2.045912,1.000000
80,250,0.208822,0.419249,0.127871,0.230566,0.013492,0.628071,2.046323,1.000000
80,260,0.205201,0.424924,0.123849,0.230962,0.015064,0.630125,2.042811,1.000000
80,270,0.198609,0.428133,0.122788,0.231687,0.018783,0.626742,2.036429,1.000000
80,280,0.189755,0.378385,0.185768,0.232629,0.013464,0.568140,2.028205,1.000000
80,290,0.179745,0.349578,0.226908,0.233668,0.010101,0.529323,2.019207,1.000000
80,300,0.169969,0.341661,0.244750,0.234700,0.008920,0.511630,2.010348,1.000000
80,310,0.161751,0.341349,0.252928,0.235616,0.008356,0.503100,2.002558,1.000000
80,320,0.156049,0.343598,0.255992,0.236306,0.008055,0.499647,1.996737,1.000000
80,330,0.153373,0.346173,0.255894,0.236665,0.007896,0.499545,1.993733,1.000000
80,340,0.153851,0.348090,0.253622,0.236608,0.007829,0.501940,1.994231,1.000000
80,350,0.157265,0.349017,0.249780,0.236106,0.007833,0.506282,1.998498,1.000000
80,360,0.163021,0.349023,0.244840,0.235220,0.007896,0.512044,2.006042,1.000000
80,370,0.170148,0.348458,0.239256,0.234127,0.008011,0.518606,2.015429,1.000000
80,380,0.177505,0.347811,0.233454,0.233065,0.008165,0.525316,2.024627,1.000000
80,390,0.184112,0.347542,0.227755,0.232244,0.008347,0.531654,2.031798,1.000000
80,400,0.189378,0.347966,0.222336,0.231774,0.008547,0.537343,2.035932,1.000000
80,410,0.193070,0.349254,0.217249,0.231666,0.008761,0.542323,2.036889,1.000000
80,420,0.195164,0.351486,0.212480,0.231874,0.008996,0.546650,2.035078,1.000000
80,430,0.195713,0.354688,0.208000,0.232324,0.009274,0.550402,2.031143,1.000000
80,440,0.194777,0.358759,0.203850,0.232940,0.009674,0.553536,2.025780,1.000000
80,450,0.192413,0.361494,0.202405,0.233648,0.010039,0.553907,2.019649,1.000000
80,460,0.188708,0.361439,0.206224,0.234367,0.009262,0.550147,2.013459,1.000000
80,470,0.183874,0.365398,0.206630,0.235029,0.009070,0.549272,2.007796,1.000000
80,480,0.178352,0.371888,0.205167,0.235554,0.009039,0.550240,2.003321,1.000000
80,490,0.172885,0.379591,0.202575,0.235867,0.009082,0.552476,2.000670,1.000000
80,500,0.168412,0.387316,0.199202,0.235898,0.009171,0.555728,2.000405,1.000000
90,10,0.140291,0.277219,0.357182,0.218250,0.007059,0.417510,1.868756,1.000000
90,20,0.152665,0.283640,0.341839,0.214516,0.007340,0.436305,1.871015,1.000000
90,30,0.164177,0.291809,0.325289,0.211010,0.007715,0.455986,1.880806,1.000000
90,40,0.172883,0.302242,0.308815,0.207874,0.008187,0.475125,1.893400,1.000000
90,50,0.177054,0.315361,0.293418,0.205369,0.008799,0.492415,1.904450,1.000000
90,60,0.175844,0.330083,0.280590,0.203650,0.009833,0.505926,1.911170,1.000000
90,70,0.169645,0.338734,0.279902,0.202752,0.008968,0.508378,1.912326,1.000000
90,80,0.159900,0.350039,0.278854,0.202553,0.008654,0.509939,1.908457,1.000000
90,90,0.148646,0.363936,0.275917,0.202918,0.008583,0.512582,1.900510,1.000000
90,100,0.137774,0.378378,0.271536,0.203694,0.008618,0.516152,1.889731,1.000000
90,110,0.128569,0.391932,0.266055,0.204732,0.008712,0.520502,1.877368,1.000000
90,120,0.121684,0.403864,0.259712,0.205894,0.008846,0.525548,1.864589,1.000000
90,130,0.117351,0.413914,0.252674,0.207049,0.009013,0.531264,1.852484,1.000000
90,140,0.115609,0.422057,0.245056,0.208068,0.009211,0.537666,1.842083,1.000000
90,150,0.116432,0.428362,0.236938,0.208826,0.009442,0.544794,1.834356,1.000000
90,160,0.119762,0.432928,0.228386,0.209211,0.009713,0.552690,1.830173,1.000000
90,170,0.125448,0.435901,0.219478,0.209141,0.010033,0.561349,1.830158,1.000000
90,180,0.133119,0.437529,0.210337,0.208600,0.010415,0.570649,1.834420,1.000000
90,190,0.142042,0.438249,0.201163,0.207673,0.010873,0.580291,1.842235,1.000000
90,200,0.151125,0.438683,0.192219,0.206549,0.011424,0.589808,1.851976,1.000000
90,210,0.159156,0.439524,0.183769,0.205460,0.012090,0.598681,1.861573,1.000000
90,220,0.165144,0.441336,0.176012,0.204595,0.012913,0.606480,1.869279,1.000000
90,230,0.168483,0.444389,0.169083,0.204051,0.013994,0.612872,1.874146,1.000000
90,240,0.168917,0.448439,0.163192,0.203841,0.015612,0.617356,1.875992,1.000000
90,250,0.166442,0.451228,0.159513,0.203929,0.018888,0.617670,1.875117,1.000000
90,260,0.161309,0.406947,0.210693,0.204262,0.016788,0.568256,1.872019,1.000000
90,270,0.154090,0.359417,0.270444,0.204762,0.011287,0.513507,1.867424,1.000000
90,280,0.145757,0.343781,0.295486,0.205373,0.009604,0.489538,1.861856,1.000000
90,290,0.137503,0.340412,0.307225,0.206021,0.008838,0.477916,1.855989,1.000000
90,300,0.130451,0.342121,0.312362,0.206635,0.008431,0.472572,1.850473,1.000000
90,310,0.125391,0.345628,0.313636,0.207140,0.008205,0.471019,1.845960,1.000000
90,320,0.122740,0.349343,0.312369,0.207464,0.008084,0.472083,1.843087,1.000000
90,330,0.122613,0.352529,0.309279,0.207542,0.008037,0.475141,1.842398,1.000000
90,340,0.124870,0.354914,0.304823,0.207342,0.008050,0.479784,1.844183,1.000000
90,350,0.129101,0.356523,0.299372,0.206886,0.008117,0.485624,1.848254,1.000000
90,360,0.134617,0.357591,0.293293,0.206267,0.008232,0.492208,1.853815,1.000000
90,370,0.140573,0.358474,0.286942,0.205622,0.008389,0.499047,1.859637,1.000000
90,380,0.146201,0.359529,0.280609,0.205082,0.008578,0.505731,1.864543,1.000000
90,390,0.150977,0.361034,0.274472,0.204725,0.008792,0.512011,1.867798,1.000000
90,400,0.154624,0.363168,0.268605,0.204575,0.009028,0.517792,1.869178,1.000000
90,410,0.157022,0.366039,0.263028,0.204616,0.009295,0.523061,1.868811,1.000000
90,420,0.158121,0.369694,0.257748,0.204815,0.009622,0.527815,1.866999,1.000000
90,430,0.157892,0.373973,0.252884,0.205133,0.010119,0.531864,1.864112,1.000000
90,440,0.156323,0.375239,0.252717,0.205528,0.010194,0.531561,1.860532,1.000000
90,450,0.153446,0.374720,0.256399,0.205953,0.009482,0.528166,1.856694,1.000000
90,460,0.149420,0.378492,0.256401,0.206366,0.009320,0.527912,1.852979,1.000000
90,470,0.144622,0.384870,0.254468,0.206718,0.009321,0.529493,1.849829,1.000000
90,480,0.139705,0.392562,0.251376,0.206958,0.009399,0.532266,1.847686,1.000000
90,490,0.135488,0.400450,0.247497,0.207040,0.009526,0.535937,1.846958,1.000000
90,500,0.132696,0.407639,0.243039,0.206933,0.009694,0.540335,1.847918,1.000000
100,10,0.110814,0.288375,0.402237,0.190992,0.007583,0.399189,1.736687,1.000000
100,20,0.119695,0.298685,0.385843,0.187818,0.007959,0.418380,1.736246,1.000000
100,30,0.126759,0.310590,0.368993,0.185214,0.008445,0.437348,1.740144,1.000000
100,40,0.130640,0.324324,0.352791,0.183125,0.009120,0.454964,1.745033,1.000000
100,50,0.130532,0.337584,0.340130,0.181584,0.010170,0.468116,1.748519,1.000000
100,60,0.126537,0.342679,0.341236,0.180591,0.008957,0.469216,1.749386,1.000000
100,70,0.119667,0.351417,0.340210,0.180101,0.008605,0.471084,1.747291,1.000000
100,80,0.111447,0.363247,0.336740,0.180037,0.008528,0.474694,1.742510,1.000000
100,90,0.103336,0.376295,0.331479,0.180309,0.008581,0.479632,1.735606,1.000000
100,100,0.096341,0.389216,0.324909,0.180825,0.008708,0.485557,1.727263,1.000000
100,110,0.090981,0.401264,0.317373,0.181495,0.008887,0.492245,1.718199,1.000000
100,120,0.087449,0.412109,0.309105,0.182229,0.009108,0.499558,1.709139,1.000000
100,130,0.085784,0.421639,0.300271,0.182941,0.009366,0.507422,1.700799,1.000000
100,140,0.085971,0.429841,0.290982,0.183542,0.009664,0.515812,1.693881,1.000000
100,150,0.087981,0.436741,0.281320,0.183951,0.010007,0.524722,1.689041,1.000000
100,160,0.091734,0.442397,0.271360,0.184103,0.010406,0.534131,1.686805,1.000000
100,170,0.097022,0.446936,0.261204,0.183962,0.010877,0.543958,1.687425,1.000000
100,180,0.103410,0.450595,0.251006,0.183550,0.011440,0.554005,1.690680,1.000000
100,190,0.110201,0.453744,0.240981,0.182950,0.012124,0.563945,1.695798,1.000000
100,200,0.116552,0.456816,0.231371,0.182286,0.012975,0.573368,1.701643,1.000000
100,210,0.121675,0.460153,0.222413,0.181675,0.014083,0.581828,1.707098,1.000000
100,220,0.124984,0.463754,0.214386,0.181199,0.015677,0.588738,1.711380,1.000000
100,230,0.126118,0.466336,0.208097,0.180895,0.018553,0.592455,1.714099,1.000000
100,240,0.124942,0.440611,0.231524,0.180782,0.022141,0.565553,1.715046,1.000000
100,250,0.121519,0.369017,0.315998,0.180802,0.012663,0.490536,1.714758,1.000000
100,260,0.116288,0.342332,0.350122,0.180973,0.010285,0.458620,1.713069,1.000000
100,270,0.109988,0.333559,0.365931,0.181247,0.009274,0.443547,1.710424,1.000000
100,280,0.103568,0.332868,0.373222,0.181586,0.008756,0.436436,1.707189,1.000000
100,290,0.097912,0.335861,0.375811,0.181948,0.008469,0.433772,1.703761,1.000000
100,300,0.093640,0.340279,0.375483,0.182288,0.008310,0.433919,1.700565,1.000000
100,310,0.091085,0.344955,0.373172,0.182558,0.008231,0.436039,1.698034,1.000000
100,320,0.090353,0.349317,0.369406,0.182714,0.008210,0.439670,1.696573,1.000000
100,330,0.091386,0.353127,0.364524,0.182725,0.008239,0.444513,1.696466,1.000000
100,340,0.093959,0.356353,0.358790,0.182585,0.008313,0.450312,1.697761,1.000000
100,350,0.097671,0.359109,0.352464,0.182326,0.008430,0.456780,1.700173,1.000000
100,360,0.101996,0.361605,0.345805,0.182008,0.008587,0.463600,1.703140,1.000000
100,370,0.106402,0.364080,0.339040,0.181699,0.008779,0.470482,1.706034,1.000000
100,380,0.110461,0.366751,0.332336,0.181450,0.009002,0.477212,1.708377,1.000000
100,390,0.113873,0.369787,0.325796,0.181288,0.009256,0.483660,1.709908,1.000000
100,400,0.116437,0.373309,0.319480,0.181220,0.009555,0.489745,1.710553,1.000000
100,410,0.118011,0.377362,0.313448,0.181241,0.009939,0.495372,1.710356,1.000000
100,420,0.118486,0.381657,0.307949,0.181339,0.010569,0.500144,1.709430,1.000000
100,430,0.117786,0.380720,0.309690,0.181499,0.010305,0.498506,1.707928,1.000000
100,440,0.115888,0.379182,0.313622,0.181698,0.009610,0.495070,1.706062,1.000000
100,450,0.112886,0.382229,0.313509,0.181915,0.009461,0.495116,1.704028,1.000000
100,460,0.109067,0.388017,0.311309,0.182123,0.009485,0.497084,1.702082,1.000000
100,470,0.104947,0.395282,0.307884,0.182293,0.009593,0.500229,1.700490,1.000000
100,480,0.101188,0.403003,0.303655,0.182398,0.009755,0.504192,1.699517,1.000000
100,490,0.098390,0.410380,0.298854,0.182413,0.009962,0.508770,1.699375,1.000000
100,500,0.096897,0.416917,0.293641,0.182331,0.010214,0.513814,1.700144,1.000000
110,10,0.079906,0.300783,0.443887,0.167167,0.008257,0.380690,1.616022,1.000000
110,20,0.085044,0.313862,0.427799,0.164532,0.008764,0.398905,1.611877,1.000000
110,30,0.088284,0.327746,0.411829,0.162620,0.009520,0.416030,1.610608,1.000000
110,40,0.088963,0.338187,0.401326,0.161216,0.010308,0.427150,1.610116,1.000000
110,50,0.086969,0.338761,0.405115,0.160226,0.008929,0.425731,1.609195,1.000000
110,60,0.082859,0.343778,0.405264,0.159601,0.008498,0.426637,1.607110,1.000000
110,70,0.077614,0.352568,0.402143,0.159291,0.008384,0.430182,1.603683,1.000000
110,80,0.072234,0.363440,0.396654,0.159242,0.008430,0.435674,1.598993,1.000000
110,90,0.067445,0.375111,0.389472,0.159399,0.008573,0.442556,1.593289,1.000000
110,100,0.063641,0.386788,0.381080,0.159707,0.008783,0.450429,1.586916,1.000000
110,110,0.060985,0.398033,0.371824,0.160111,0.009046,0.459018,1.580272,1.000000
110,120,0.059523,0.408617,0.361948,0.160555,0.009357,0.468140,1.573790,1.000000
110,130,0.059256,0.418425,0.351622,0.160982,0.009715,0.477681,1.567918,1.000000
110,140,0.060171,0.427399,0.340966,0.161337,0.010127,0.487570,1.563100,1.000000
110,150,0.062238,0.435515,0.330073,0.161572,0.010602,0.497753,1.559736,1.000000
110,160,0.065368,0.442790,0.319034,0.161649,0.011159,0.508159,1.558110,1.000000
110,170,0.069361,0.449294,0.307964,0.161556,0.011826,0.518655,1.558295,1.000000
110,180,0.073857,0.455159,0.297024,0.161312,0.012647,0.529017,1.560071,1.000000
110,190,0.078365,0.460538,0.286426,0.160967,0.013704,0.538903,1.562956,1.000000
110,200,0.082339,0.465446,0.276459,0.160582,0.015175,0.547785,1.566335,1.000000
110,210,0.085281,0.469195,0.267717,0.160214,0.017594,0.554476,1.569634,1.000000
110,220,0.086799,0.464085,0.265278,0.159894,0.023943,0.550885,1.572531,1.000000
110,230,0.086678,0.381655,0.357480,0.159683,0.014504,0.468333,1.574423,1.000000
110,240,0.084864,0.340208,0.404367,0.159554,0.011007,0.425072,1.575539,1.000000
110,250,0.081594,0.323871,0.425349,0.159520,0.009666,0.405465,1.575750,1.000000
110,260,0.077371,0.318929,0.435116,0.159572,0.009013,0.396300,1.575147,1.000000
110,270,0.072869,0.319744,0.439031,0.159693,0.008663,0.392613,1.573879,1.000000
110,280,0.068726,0.323424,0.439515,0.159862,0.008473,0.392150,1.572147,1.000000
110,290,0.065399,0.328362,0.437806,0.160057,0.008377,0.393760,1.570187,1.000000
110,300,0.063137,0.333679,0.434591,0.160250,0.008343,0.396817,1.568264,1.000000
110,310,0.062043,0.338919,0.430271,0.160412,0.008354,0.400962,1.566646,1.000000
110,320,0.062116,0.343863,0.425098,0.160519,0.008404,0.405979,1.565576,1.000000
110,330,0.063275,0.348433,0.419248,0.160555,0.008489,0.411708,1.565213,1.000000
110,340,0.065348,0.352648,0.412880,0.160516,0.008609,0.417996,1.565581,1.000000
110,350,0.068079,0.356593,0.406148,0.160416,0.008764,0.424672,1.566547,1.000000
110,360,0.071161,0.360398,0.399208,0.160279,0.008954,0.431559,1.567876,1.000000
110,370,0.074284,0.364206,0.392198,0.160133,0.009180,0.438490,1.569303,1.000000
110,380,0.077173,0.368149,0.385231,0.159999,0.009448,0.445322,1.570607,1.000000
110,390,0.079596,0.372330,0.378403,0.159895,0.009776,0.451926,1.571629,1.000000
110,400,0.081360,0.376758,0.371830,0.159829,0.010223,0.458118,1.572276,1.000000
110,410,0.082311,0.380911,0.365947,0.159805,0.011027,0.463222,1.572508,1.000000
110,420,0.082329,0.377120,0.370368,0.159823,0.010360,0.459449,1.572334,1.000000
110,430,0.081351,0.374055,0.375082,0.159876,0.009636,0.455406,1.571812,1.000000
110,440,0.079413,0.375922,0.375228,0.159957,0.009480,0.455335,1.571008,1.000000
110,450,0.076700,0.380695,0.373034,0.160057,0.009515,0.457395,1.570033,1.000000
110,460,0.073576,0.387128,0.369492,0.160160,0.009645,0.460704,1.569021,1.000000
110,470,0.070521,0.394295,0.365096,0.160252,0.009836,0.464816,1.568119,1.000000
110,480,0.067991,0.401496,0.360118,0.160318,0.010077,0.469487,1.567473,1.000000
110,490,0.066289,0.408270,0.354729,0.160347,0.010366,0.474559,1.567194,1.000000
110,500,0.065525,0.414384,0.349050,0.160333,0.010708,0.479909,1.567325,1.000000
120,10,0.056587,0.311421,0.477908,0.144956,0.009127,0.368008,1.519648,1.000000
120,20,0.058876,0.325048,0.463385,0.142713,0.009979,0.383924,1.512360,1.000000
120,30,0.059659,0.331749,0.456848,0.141283,0.010461,0.391408,1.507129,1.000000
120,40,0.058813,0.327103,0.464856,0.140336,0.008892,0.385916,1.502794,1.000000
120,50,0.056600,0.327560,0.467773,0.139724,0.008343,0.384160,1.498614,1.000000
120,60,0.053565,0.332536,0.466375,0.139361,0.008162,0.386101,1.494276,1.000000
120,70,0.050312,0.340529,0.461791,0.139193,0.008175,0.390841,1.489647,1.000000
120,80,0.047308,0.350314,0.454891,0.139176,0.008311,0.397622,1.484724,1.000000
120,90,0.044835,0.361031,0.446325,0.139276,0.008533,0.405866,1.479592,1.000000
120,100,0.043031,0.372112,0.436577,0.139457,0.008823,0.415142,1.474400,1.000000
120,110,0.041950,0.383190,0.426001,0.139687,0.009172,0.425140,1.469350,1.000000
120,120,0.041610,0.394025,0.414858,0.139929,0.009578,0.435635,1.464673,1.000000
120,130,0.042011,0.404458,0.403334,0.140152,0.010044,0.446470,1.460621,1.000000
120,140,0.043141,0.414383,0.391572,0.140324,0.010580,0.457524,1.457437,1.000000
120,150,0.044953,0.423732,0.379690,0.140419,0.011206,0.468684,1.455316,1.000000
120,160,0.047341,0.432468,0.367812,0.140423,0.011956,0.479809,1.454355,1.000000
120,170,0.050113,0.440568,0.356088,0.140336,0.012895,0.490681,1.454506,1.000000
120,180,0.052990,0.447949,0.344733,0.140175,0.014152,0.500939,1.455571,1.000000
120,190,0.055643,0.454186,0.334142,0.139966,0.016063,0.509829,1.457246,1.000000
120,200,0.057742,0.456675,0.325878,0.139740,0.019965,0.514417,1.459201,1.000000
120,210,0.059005,0.400309,0.383494,0.139525,0.017666,0.459315,1.461113,1.000000
120,220,0.059234,0.339116,0.450426,0.139336,0.011887,0.398350,1.462829,1.000000
120,230,0.058363,0.313524,0.478878,0.139193,0.010041,0.371888,1.464111,1.000000
120,240,0.056497,0.303136,0.492064,0.139102,0.009201,0.359633,1.464898,1.000000
120,250,0.053931,0.300509,0.497726,0.139062,0.008771,0.354440,1.465170,1.000000
120,260,0.051080,0.302137,0.499164,0.139071,0.008547,0.353218,1.464957,1.000000
120,270,0.048357,0.306063,0.498019,0.139121,0.008439,0.354420,1.464336,1.000000
120,280,0.046069,0.311135,0.495191,0.139201,0.008404,0.357204,1.463419,1.000000
120,290,0.044399,0.316685,0.491201,0.139298,0.008417,0.361084,1.462345,1.000000
120,300,0.043433,0.322338,0.486367,0.139395,0.008466,0.365772,1.461270,1.000000
120,310,0.043195,0.327895,0.480889,0.139479,0.008542,0.371090,1.460350,1.000000
120,320,0.043657,0.333260,0.474903,0.139537,0.008642,0.376918,1.459715,1.000000
120,330,0.044745,0.338410,0.468518,0.139561,0.008767,0.383155,1.459442,1.000000
120,340,0.046333,0.343367,0.461832,0.139550,0.008918,0.389699,1.459533,1.000000
120,350,0.048253,0.348188,0.454947,0.139511,0.009101,0.396441,1.459926,1.000000
120,360,0.050318,0.352948,0.447959,0.139453,0.009323,0.403266,1.460518,1.000000
120,370,0.052339,0.357718,0.440960,0.139387,0.009596,0.410057,1.461198,1.000000
120,380,0.054138,0.362544,0.434045,0.139323,0.009950,0.416682,1.461862,1.000000
120,390,0.055557,0.367352,0.427359,0.139268,0.010463,0.422909,1.462426,1.000000
120,400,0.056460,0.371268,0.421571,0.139229,0.011472,0.427728,1.462831,1.000000
120,410,0.056737,0.364211,0.429495,0.139209,0.010349,0.420947,1.463038,1.000000
120,420,0.056322,0.359254,0.435661,0.139208,0.009556,0.415575,1.463050,1.000000
120,430,0.055218,0.359629,0.436556,0.139225,0.009372,0.414847,1.462865,1.000000
120,440,0.053531,0.363079,0.434729,0.139257,0.009404,0.416610,1.462521,1.000000
120,450,0.051486,0.368339,0.431332,0.139300,0.009544,0.419824,1.462071,1.000000
120,460,0.049390,0.374560,0.426950,0.139347,0.009753,0.423950,1.461582,1.000000
120,470,0.047545,0.381133,0.421917,0.139390,0.010016,0.428678,1.461131,1.000000
120,480,0.046170,0.387646,0.416433,0.139422,0.010329,0.433816,1.460790,1.000000
120,490,0.045372,0.393853,0.410639,0.139439,0.010697,0.439225,1.460610,1.000000
120,500,0.045162,0.399627,0.404639,0.139439,0.011133,0.444789,1.460608,1.000000
130,10,0.051020,0.316232,0.499045,0.123269,0.010434,0.367252,1.458845,1.000000
130,20,0.051129,0.319076,0.497772,0.121372,0.010650,0.370205,1.448075,1.000000
130,30,0.050116,0.309074,0.511596,0.120354,0.008859,0.359191,1.438704,1.000000
130,40,0.048281,0.304646,0.519097,0.119811,0.008166,0.352927,1.430217,1.000000
130,50,0.046003,0.305375,0.521197,0.119536,0.007888,0.351379,1.422501,1.000000
130,60,0.043659,0.309951,0.519127,0.119422,0.007840,0.353611,1.415504,1.000000
130,70,0.041546,0.317225,0.513882,0.119405,0.007943,0.358770,1.409190,1.000000
130,80,0.039858,0.326294,0.506246,0.119448,0.008154,0.366152,1.403538,1.000000
130,90,0.038713,0.336477,0.496838,0.119522,0.008450,0.375190,1.398556,1.000000
130,100,0.038176,0.347267,0.486136,0.119603,0.008817,0.385443,1.394287,1.000000
130,110,0.038281,0.358288,0.474509,0.119671,0.009251,0.396569,1.390808,1.000000
130,120,0.039038,0.369263,0.462241,0.119707,0.009750,0.408301,1.388209,1.000000
130,130,0.040417,0.379996,0.449567,0.119696,0.010323,0.420413,1.386557,1.000000
130,140,0.042316,0.390361,0.436703,0.119634,0.010987,0.432676,1.385830,1.000000
130,150,0.044527,0.400288,0.423875,0.119529,0.011781,0.444815,1.385861,1.000000
130,160,0.046754,0.409714,0.411341,0.119403,0.012789,0.456468,1.386350,1.000000
130,170,0.048688,0.418416,0.399413,0.119281,0.014203,0.467104,1.386969,1.000000
130,180,0.050104,0.425377,0.388727,0.119179,0.016614,0.475481,1.387496,1.000000
130,190,0.050868,0.418645,0.387938,0.119045,0.023505,0.469512,1.388525,1.000000
130,200,0.051026,0.339801,0.476899,0.119047,0.013227,0.390827,1.388055,1.000000
130,210,0.050521,0.303037,0.516964,0.119009,0.010469,0.353558,1.388138,1.000000
130,220,0.049433,0.286892,0.535342,0.118985,0.009349,0.336325,1.388120,1.000000
130,230,0.047874,0.280544,0.543807,0.118973,0.008801,0.328419,1.388015,1.000000
130,240,0.046030,0.279562,0.546913,0.118971,0.008524,0.325592,1.387835,1.000000
130,250,0.044142,0.281687,0.546799,0.118977,0.008396,0.325829,1.387605,1.000000
130,260,0.042453,0.285599,0.544603,0.118986,0.008359,0.328052,1.387367,1.000000
130,270,0.041159,0.290484,0.540984,0.118992,0.008381,0.331643,1.387184,1.000000
130,280,0.040393,0.295835,0.536342,0.118988,0.008443,0.336227,1.387136,1.000000
130,290,0.040217,0.301347,0.530937,0.118968,0.008532,0.341564,1.387295,1.000000
130,300,0.040623,0.306850,0.524958,0.118929,0.008639,0.347474,1.387693,1.000000
130,310,0.041520,0.312274,0.518573,0.118874,0.008759,0.353793,1.388279,1.000000
130,320,0.042731,0.317617,0.511944,0.118817,0.008891,0.360348,1.388908,1.000000
130,330,0.044047,0.322923,0.505220,0.118772,0.009038,0.366970,1.389394,1.000000
130,340,0.045291,0.328239,0.498510,0.118752,0.009209,0.373530,1.389609,1.000000
130,350,0.046362,0.333592,0.491871,0.118756,0.009419,0.379954,1.389536,1.000000
130,360,0.047217,0.338984,0.485329,0.118780,0.009690,0.386201,1.389237,1.000000
130,370,0.047840,0.344368,0.478917,0.118816,0.010060,0.392208,1.388804,1.000000
130,380,0.048211,0.349554,0.472748,0.118856,0.010631,0.397765,1.388317,1.000000
130,390,0.048307,0.353234,0.467711,0.118896,0.011851,0.401541,1.387838,1.000000
130,400,0.048106,0.342891,0.479795,0.118934,0.010273,0.390997,1.387389,1.000000
130,410,0.047599,0.335871,0.488187,0.118965,0.009378,0.383470,1.387023,1.000000
130,420,0.046810,0.334627,0.490429,0.118987,0.009147,0.381437,1.386754,1.000000
130,430,0.045817,0.336613,0.489414,0.118999,0.009158,0.382430,1.386619,1.000000
130,440,0.044758,0.340497,0.486458,0.118995,0.009292,0.385255,1.386657,1.000000
130,450,0.043807,0.345468,0.482246,0.118974,0.009505,0.389275,1.386903,1.000000
130,460,0.043122,0.350984,0.477186,0.118934,0.009775,0.394106,1.387369,1.000000
130,470,0.042784,0.356690,0.471553,0.118879,0.010095,0.399474,1.388009,1.000000
130,480,0.042771,0.362378,0.465565,0.118819,0.010467,0.405149,1.388705,1.000000
130,490,0.042987,0.367935,0.459404,0.118768,0.010907,0.410921,1.389293,1.000000
130,500,0.043318,0.373285,0.453214,0.118739,0.011445,0.416603,1.389638,1.000000
140,10,0.068135,0.302307,0.516486,0.102208,0.010864,0.370442,1.438155,1.000000
140,20,0.065687,0.287618,0.537145,0.100703,0.008848,0.353305,1.422119,1.000000
140,30,0.062554,0.278652,0.550710,0.100087,0.007997,0.341205,1.407212,1.000000
140,40,0.059310,0.275178,0.558009,0.099901,0.007602,0.334488,1.393719,1.000000
140,50,0.056363,0.276070,0.560187,0.099912,0.007468,0.332433,1.381920,1.000000
140,60,0.053981,0.280298,0.558213,0.099997,0.007511,0.334279,1.371967,1.000000
140,70,0.052334,0.286991,0.552901,0.100090,0.007684,0.339325,1.363904,1.000000
140,80,0.051533,0.295416,0.544940,0.100149,0.007961,0.346950,1.357725,1.000000
140,90,0.051656,0.304969,0.534902,0.100150,0.008323,0.356625,1.353417,1.000000
140,100,0.052754,0.315155,0.523257,0.100074,0.008760,0.367909,1.350977,1.000000
140,110,0.054837,0.325582,0.510404,0.099910,0.009267,0.380419,1.350382,1.000000
140,120,0.057817,0.335966,0.496713,0.099657,0.009848,0.393782,1.351506,1.000000
140,130,0.061421,0.346142,0.482588,0.099336,0.010513,0.407563,1.353983,1.000000
140,140,0.065132,0.356072,0.468500,0.098995,0.011302,0.421203,1.357095,1.000000
140,150,0.068265,0.365750,0.454974,0.098700,0.012311,0.434016,1.359870,1.000000
140,160,0.070226,0.374915,0.442554,0.098509,0.013796,0.445141,1.361450,1.000000
140,170,0.070758,0.381688,0.432374,0.098445,0.016736,0.452445,1.361465,1.000000
140,180,0.069978,0.344388,0.471044,0.098494,0.016096,0.414366,1.360065,1.000000
140,190,0.068214,0.292335,0.529725,0.098616,0.011110,0.360549,1.357805,1.000000
140,200,0.065849,0.270190,0.555662,0.098777,0.009521,0.336040,1.355105,1.000000
140,210,0.063219,0.260705,0.568335,0.098945,0.008796,0.323925,1.352400,1.000000
140,220,0.060602,0.257608,0.574258,0.099098,0.008433,0.318211,1.349976,1.000000
140,230,0.058231,0.258103,0.576182,0.099222,0.008262,0.316334,1.348022,1.000000
140,240,0.056309,0.260708,0.575472,0.099304,0.008207,0.317017,1.346672,1.000000
140,250,0.055013,0.264539,0.572883,0.099338,0.008228,0.319552,1.346036,1.000000
140,260,0.054492,0.269029,0.568867,0.099313,0.008300,0.323521,1.346217,1.000000
140,270,0.054849,0.273807,0.563714,0.099223,0.008407,0.328656,1.347302,1.000000
140,280,0.056111,0.278642,0.557643,0.099067,0.008536,0.334753,1.349315,1.000000
140,290,0.058171,0.283419,0.550877,0.098855,0.008677,0.341591,1.352129,1.000000
140,300,0.060732,0.288136,0.543698,0.098614,0.008820,0.348868,1.355361,1.000000
140,310,0.063312,0.292886,0.536449,0.098390,0.008962,0.356199,1.358375,1.000000
140,320,0.065395,0.297805,0.529461,0.098234,0.009105,0.363200,1.360488,1.000000
140,330,0.066642,0.302990,0.522932,0.098174,0.009263,0.369631,1.361282,1.000000
140,340,0.066988,0.308453,0.516893,0.098209,0.009457,0.375441,1.360752,1.000000
140,350,0.066573,0.314128,0.511263,0.098320,0.009716,0.380700,1.359193,1.000000
140,360,0.065615,0.319870,0.505949,0.098476,0.010089,0.385485,1.357011,1.000000
140,370,0.064326,0.325360,0.500965,0.098651,0.010698,0.389686,1.354586,1.000000
140,380,0.062878,0.328904,0.497306,0.098822,0.012090,0.391782,1.352227,1.000000
140,390,0.061410,0.315723,0.513739,0.098974,0.010153,0.377133,1.350131,1.000000
140,400,0.060038,0.306656,0.525086,0.099093,0.009127,0.366693,1.348497,1.000000
140,410,0.058876,0.303846,0.529277,0.099171,0.008830,0.362722,1.347440,1.000000
140,420,0.058049,0.304418,0.529531,0.099197,0.008805,0.362467,1.347076,1.000000
140,430,0.057688,0.306918,0.527311,0.099165,0.008918,0.364606,1.347500,1.000000
140,440,0.057905,0.310516,0.523390,0.099072,0.009118,0.368420,1.348766,1.000000
140,450,0.058740,0.314703,0.518258,0.098920,0.009379,0.373443,1.350823,1.000000
140,460,0.060087,0.319184,0.512312,0.098729,0.009687,0.379272,1.353432,1.000000
140,470,0.061665,0.323826,0.505935,0.098533,0.010041,0.385491,1.356129,1.000000
140,480,0.063088,0.328597,0.499486,0.098373,0.010456,0.391685,1.358330,1.000000
140,490,0.064040,0.333471,0.493239,0.098282,0.010967,0.397512,1.359579,1.000000
140,500,0.064396,0.338341,0.487344,0.098272,0.011647,0.402737,1.359726,1.000000
150,10,0.103596,0.266832,0.537941,0.082755,0.008875,0.370428,1.454044,1.000000
150,20,0.098033,0.254354,0.558113,0.081622,0.007879,0.352386,1.430796,1.000000
150,30,0.092524,0.247265,0.571541,0.081311,0.007359,0.339789,1.409465,1.000000
150,40,0.087766,0.244594,0.579163,0.081357,0.007120,0.332360,1.390745,1.000000
150,50,0.084160,0.245476,0.581762,0.081523,0.007079,0.329636,1.375126,1.000000
150,60,0.081930,0.249161,0.580035,0.081685,0.007188,0.331092,1.362875,1.000000
150,70,0.081211,0.254978,0.574623,0.081770,0.007418,0.336189,1.354108,1.000000
150,80,0.082099,0.262313,0.566104,0.081737,0.007748,0.344412,1.348872,1.000000
150,90,0.084658,0.270616,0.555003,0.081559,0.008163,0.355274,1.347175,1.000000
150,100,0.088875,0.279421,0.541824,0.081227,0.008654,0.368295,1.348936,1.000000
150,110,0.094547,0.288378,0.527111,0.080751,0.009214,0.382924,1.353824,1.000000
150,120,0.101120,0.297312,0.511543,0.080176,0.009849,0.398432,1.360997,1.000000
150,130,0.107604,0.306244,0.495973,0.079591,0.010589,0.413847,1.368917,1.000000
150,140,0.112752,0.315279,0.481330,0.079107,0.011532,0.428031,1.375580,1.000000
150,150,0.115554,0.324171,0.468482,0.078813,0.012980,0.439724,1.379282,1.000000
150,160,0.115652,0.329642,0.459531,0.078741,0.016434,0.445294,1.379360,1.000000
150,170,0.113365,0.283548,0.511828,0.078866,0.012394,0.396912,1.376215,1.000000
150,180,0.109382,0.253367,0.548296,0.079124,0.009830,0.362749,1.370913,1.000000
150,190,0.104481,0.241116,0.566115,0.079455,0.008833,0.345597,1.364551,1.000000
150,200,0.099354,0.236861,0.575639,0.079802,0.008345,0.336215,1.358072,1.000000
150,210,0.094561,0.236702,0.580513,0.080124,0.008100,0.331263,1.352167,1.000000
150,220,0.090535,0.238772,0.582306,0.080389,0.007998,0.329307,1.347324,1.000000
150,230,0.087600,0.242040,0.581793,0.080576,0.007991,0.329640,1.343897,1.000000
150,240,0.086001,0.245887,0.579396,0.080664,0.008051,0.331888,1.342162,1.000000
150,250,0.085914,0.249918,0.575367,0.080640,0.008161,0.335832,1.342347,1.000000
150,260,0.087440,0.253879,0.569882,0.080493,0.008305,0.341320,1.344616,1.000000
150,270,0.090547,0.257630,0.563129,0.080224,0.008470,0.348177,1.348979,1.000000
150,280,0.094957,0.261148,0.555399,0.079854,0.008643,0.356105,1.355106,1.000000
150,290,0.100041,0.264549,0.547164,0.079436,0.008810,0.364590,1.362138,1.000000
150,300,0.104864,0.268073,0.539049,0.079049,0.008964,0.372937,1.368714,1.000000
150,310,0.108481,0.271991,0.531646,0.078774,0.009108,0.380471,1.373411,1.000000
150,320,0.110320,0.276477,0.525288,0.078659,0.009257,0.386797,1.375372,1.000000
150,330,0.110326,0.281552,0.519986,0.078702,0.009435,0.391878,1.374561,1.000000
150,340,0.108816,0.287098,0.515538,0.078872,0.009676,0.395914,1.371552,1.000000
150,350,0.106253,0.292891,0.511695,0.079124,0.010038,0.399143,1.367147,1.000000
150,360,0.103094,0.298508,0.508328,0.079415,0.010655,0.401602,1.362117,1.000000
150,370,0.099735,0.302070,0.506359,0.079706,0.012129,0.401805,1.357103,1.000000
150,380,0.096508,0.286937,0.526554,0.079972,0.010029,0.383446,1.352579,1.000000
150,390,0.093696,0.275958,0.541310,0.080185,0.008850,0.369655,1.348958,1.000000
150,400,0.091560,0.271772,0.547866,0.080329,0.008473,0.363332,1.346533,1.000000
150,410,0.090344,0.271144,0.549731,0.080385,0.008396,0.361488,1.345576,1.000000
150,420,0.090260,0.272448,0.548478,0.080341,0.008473,0.362708,1.346302,1.000000
150,430,0.091443,0.274778,0.544944,0.080191,0.008646,0.366220,1.348827,1.000000
150,440,0.093854,0.277615,0.539709,0.079941,0.008881,0.371469,1.353033,1.000000
150,450,0.097170,0.280713,0.533330,0.079624,0.009163,0.377883,1.358410,1.000000
150,460,0.100755,0.284035,0.526428,0.079298,0.009483,0.384791,1.363986,1.000000
150,470,0.103833,0.287664,0.519619,0.079032,0.009851,0.391498,1.368569,1.000000
150,480,0.105804,0.291661,0.513354,0.078878,0.010303,0.397465,1.371244,1.000000
150,490,0.106453,0.295941,0.507836,0.078851,0.010918,0.402394,1.371703,1.000000
150,500,0.105907,0.300135,0.503131,0.078938,0.011889,0.406042,1.370201,1.000000
160,10,0.146723,0.236252,0.543269,0.065915,0.007842,0.382975,1.497260,1.000000
160,20,0.138549,0.226601,0.562638,0.065006,0.007206,0.365150,1.466533,1.000000
160,30,0.131538,0.220926,0.575855,0.064823,0.006857,0.352464,1.439376,1.000000
160,40,0.126350,0.218535,0.583476,0.064923,0.006716,0.344885,1.416596,1.000000
160,50,0.123327,0.218880,0.585977,0.065078,0.006739,0.342207,1.398764,1.000000
160,60,0.122656,0.221457,0.583827,0.065162,0.006897,0.344114,1.386237,1.000000
160,70,0.124454,0.225766,0.577504,0.065106,0.007170,0.350220,1.379235,1.000000
160,80,0.128782,0.231302,0.567510,0.064866,0.007540,0.360084,1.377872,1.000000
160,90,0.135567,0.237601,0.554413,0.064427,0.007991,0.373168,1.382065,1.000000
160,100,0.144427,0.244308,0.538946,0.063808,0.008512,0.388735,1.391261,1.000000
160,110,0.154446,0.251268,0.522119,0.063072,0.009095,0.405715,1.404024,1.000000
160,120,0.164100,0.258572,0.505234,0.062334,0.009760,0.422672,1.417773,1.000000
160,130,0.171592,0.266421,0.489664,0.061731,0.010593,0.438012,1.429239,1.000000
160,140,0.175555,0.274599,0.476573,0.061368,0.011904,0.450154,1.435723,1.000000
160,150,0.175525,0.277088,0.470492,0.061262,0.015633,0.452613,1.436585,1.000000
160,160,0.172112,0.239113,0.516866,0.061427,0.010482,0.411225,1.431386,1.000000
160,170,0.166137,0.222879,0.540244,0.061746,0.008993,0.389016,1.422876,1.000000
160,180,0.158720,0.217779,0.553001,0.062161,0.008338,0.376500,1.412449,1.000000
160,190,0.150862,0.217831,0.560702,0.062608,0.007996,0.368694,1.401626,1.000000
160,200,0.143429,0.220456,0.565261,0.063032,0.007822,0.363885,1.391573,1.000000
160,210,0.137143,0.224282,0.567425,0.063392,0.007758,0.361426,1.383155,1.000000
160,220,0.132582,0.228485,0.567505,0.063654,0.007774,0.361067,1.377022,1.000000
160,230,0.130169,0.232556,0.565630,0.063792,0.007854,0.362725,1.373697,1.000000
160,240,0.130183,0.236198,0.561854,0.063782,0.007983,0.366381,1.373608,1.000000
160,250,0.132740,0.239261,0.556239,0.063610,0.008149,0.372001,1.377058,1.000000
160,260,0.137717,0.241717,0.548947,0.063279,0.008340,0.379434,1.384057,1.000000
160,270,0.144603,0.243678,0.540362,0.062818,0.008539,0.388281,1.394028,1.000000
160,280,0.152374,0.245422,0.531176,0.062299,0.008729,0.397796,1.405510,1.000000
160,290,0.159609,0.247363,0.522308,0.061820,0.008900,0.406972,1.416260,1.000000
160,300,0.164962,0.249912,0.514595,0.061479,0.009052,0.414874,1.424003,1.000000
160,310,0.167677,0.253318,0.508479,0.061329,0.009198,0.420994,1.427401,1.000000
160,320,0.167714,0.257610,0.503943,0.061368,0.009364,0.425324,1.426408,1.000000
160,330,0.165529,0.262643,0.500680,0.061561,0.009587,0.428172,1.421892,1.000000
160,340,0.161761,0.268148,0.498309,0.061855,0.009927,0.429909,1.415073,1.000000
160,350,0.157051,0.273655,0.496570,0.062202,0.010522,0.430706,1.407138,1.000000
160,360,0.151966,0.277357,0.496154,0.062558,0.011965,0.429323,1.399090,1.000000
160,370,0.147003,0.261501,0.518651,0.062887,0.009958,0.408504,1.391731,1.000000
160,380,0.142606,0.248779,0.536852,0.063158,0.008604,0.391385,1.385725,1.000000
160,390,0.139198,0.243463,0.545856,0.063346,0.008137,0.382662,1.381604,1.000000
160,400,0.137189,0.241945,0.549444,0.063426,0.007996,0.379134,1.379845,1.000000
160,410,0.136944,0.242380,0.549272,0.063379,0.008024,0.379324,1.380836,1.000000
160,420,0.138689,0.243730,0.546225,0.063198,0.008157,0.382420,1.384778,1.000000
160,430,0.142352,0.245425,0.540972,0.062894,0.008357,0.387777,1.391474,1.000000
160,440,0.147393,0.247249,0.534248,0.062507,0.008603,0.394642,1.400064,1.000000
160,450,0.152813,0.249261,0.526934,0.062113,0.008880,0.402073,1.408952,1.000000
160,460,0.157455,0.251656,0.519903,0.061793,0.009193,0.409111,1.416245,1.000000
160,470,0.160472,0.254584,0.513767,0.061606,0.009571,0.415056,1.420531,1.000000
160,480,0.161574,0.258006,0.508763,0.061570,0.010088,0.419580,1.421358,1.000000
160,490,0.160941,0.261544,0.504908,0.061667,0.010941,0.422485,1.419122,1.000000
160,500,0.158987,0.263001,0.503052,0.061861,0.013098,0.421988,1.414649,1.000000
170,10,0.186877,0.216299,0.537530,0.052122,0.007172,0.403176,1.556708,1.000000
170,20,0.177925,0.208511,0.555583,0.051260,0.006721,0.386436,1.520316,1.000000
170,30,0.171402,0.203316,0.567770,0.051037,0.006475,0.374718,1.489619,1.000000
170,40,0.167804,0.200396,0.574363,0.051038,0.006398,0.368201,1.465411,1.000000
170,50,0.167378,0.199494,0.575615,0.051046,0.006467,0.366872,1.448329,1.000000
170,60,0.170251,0.200317,0.571825,0.050944,0.006663,0.370569,1.438852,1.000000
170,70,0.176456,0.202516,0.563395,0.050665,0.006967,0.378972,1.437284,1.000000
170,80,0.185818,0.205725,0.550910,0.050185,0.007363,0.391543,1.443584,1.000000
170,90,0.197727,0.209659,0.535264,0.049519,0.007830,0.407386,1.456968,1.000000
170,100,0.210889,0.214227,0.517789,0.048741,0.008354,0.425116,1.475321,1.000000
170,110,0.223306,0.219584,0.500201,0.047972,0.008938,0.442889,1.494916,1.000000
170,120,0.232789,0.225987,0.484227,0.047351,0.009646,0.458776,1.511178,1.000000
170,130,0.237797,0.233262,0.471209,0.046975,0.010756,0.471059,1.520474,1.000000
170,140,0.237934,0.232053,0.470576,0.046874,0.012563,0.469987,1.521479,1.000000
170,150,0.233759,0.208802,0.501074,0.047008,0.009357,0.442562,1.515240,1.000000
170,160,0.226371,0.201819,0.516045,0.047317,0.008448,0.428190,1.503799,1.000000
170,170,0.216982,0.202038,0.525245,0.047729,0.008006,0.419020,1.489532,1.000000
170,180,0.206779,0.205706,0.531576,0.048181,0.007758,0.412485,1.474490,1.000000
170,190,0.196882,0.210988,0.535885,0.048620,0.007624,0.407871,1.460296,1.000000
170,200,0.188323,0.216732,0.538370,0.049002,0.007574,0.405055,1.448201,1.000000
170,210,0.181989,0.222133,0.538998,0.049288,0.007592,0.404122,1.439191,1.000000
170,220,0.178551,0.226674,0.537658,0.049446,0.007670,0.405225,1.434081,1.000000
170,230,0.178425,0.230091,0.534234,0.049450,0.007800,0.408516,1.433549,1.000000
170,240,0.181742,0.232322,0.528682,0.049283,0.007972,0.414064,1.438067,1.000000
170,250,0.188267,0.233470,0.521144,0.048946,0.008173,0.421737,1.447653,1.000000
170,260,0.197229,0.233815,0.512092,0.048476,0.008388,0.431044,1.461439,1.000000
170,270,0.207221,0.233826,0.502407,0.047948,0.008597,0.441047,1.477301,1.000000
170,280,0.216430,0.234093,0.493223,0.047468,0.008787,0.450523,1.492084,1.000000
170,290,0.223251,0.235149,0.485520,0.047127,0.008953,0.458401,1.502719,1.000000
170,300,0.226847,0.237296,0.479777,0.046974,0.009106,0.464143,1.507483,1.000000
170,310,0.227214,0.240571,0.475939,0.047005,0.009270,0.467785,1.506357,1.000000
170,320,0.224877,0.244821,0.473636,0.047186,0.009480,0.469698,1.500487,1.000000
170,330,0.220551,0.249768,0.472416,0.047469,0.009795,0.470320,1.491453,1.000000
170,340,0.214953,0.254955,0.471937,0.047809,0.010346,0.469908,1.480803,1.000000
170,350,0.208733,0.258829,0.472613,0.048162,0.011663,0.467562,1.469869,1.000000
170,360,0.202476,0.243689,0.495332,0.048494,0.010008,0.446166,1.459756,1.000000
170,370,0.196737,0.229340,0.516706,0.048772,0.008445,0.426077,1.451399,1.000000
170,380,0.192080,0.223130,0.527944,0.048968,0.007879,0.415209,1.445574,1.000000
170,390,0.189085,0.221044,0.533150,0.049054,0.007667,0.410130,1.442995,1.000000
170,400,0.188308,0.220975,0.534069,0.049011,0.007637,0.409283,1.444239,1.000000
170,410,0.190112,0.221706,0.531631,0.048829,0.007721,0.411819,1.449599,1.000000
170,420,0.194430,0.222578,0.526593,0.048522,0.007878,0.417008,1.458772,1.000000
170,430,0.200549,0.223384,0.519849,0.048134,0.008083,0.423933,1.470497,1.000000
170,440,0.207181,0.224266,0.512493,0.047743,0.008317,0.431446,1.482529,1.000000
170,450,0.212900,0.225514,0.505580,0.047430,0.008577,0.438414,1.492309,1.000000
170,460,0.216712,0.227351,0.499807,0.047249,0.008881,0.444063,1.498014,1.000000
170,470,0.218297,0.229789,0.495409,0.047214,0.009291,0.448086,1.499121,1.000000
170,480,0.217860,0.232500,0.492352,0.047306,0.009982,0.450360,1.496172,1.000000
170,490,0.215843,0.232737,0.491939,0.047492,0.011988,0.448580,1.490311,1.000000
170,500,0.212790,0.212044,0.518493,0.047743,0.008931,0.424834,1.482491,1.000000
180,10,0.217583,0.208329,0.526111,0.041252,0.006725,0.425912,1.621932,1.000000
180,20,0.210292,0.201052,0.541962,0.040312,0.006382,0.411344,1.583241,1.000000
180,30,0.206532,0.195296,0.552019,0.039948,0.006204,0.401828,1.552489,1.000000
180,40,0.206609,0.191072,0.556375,0.039769,0.006175,0.397681,1.530479,1.000000
180,50,0.210649,0.188348,0.555149,0.039575,0.006279,0.398997,1.517952,1.000000
180,60,0.218628,0.187000,0.548608,0.039261,0.006503,0.405629,1.515441,1.000000
180,70,0.230245,0.186846,0.537298,0.038781,0.006829,0.417092,1.522986,1.000000
180,80,0.244659,0.187742,0.522220,0.038143,0.007235,0.432401,1.539580,1.000000
180,90,0.260242,0.189705,0.504940,0.037414,0.007699,0.449947,1.562441,1.000000
180,100,0.274667,0.192957,0.487462,0.036705,0.008208,0.467624,1.586771,1.000000
180,110,0.285556,0.197787,0.471719,0.036138,0.008800,0.483343,1.606897,1.000000
180,120,0.291360,0.204073,0.459085,0.035791,0.009691,0.495433,1.618494,1.000000
180,130,0.291745,0.202636,0.459550,0.035684,0.010385,0.494380,1.620086,1.000000
180,140,0.287308,0.191258,0.476987,0.035783,0.008663,0.478567,1.612893,1.000000
180,150,0.279143,0.190605,0.486107,0.036037,0.008109,0.469747,1.599323,1.000000
180,160,0.268468,0.194881,0.492451,0.036387,0.007813,0.463349,1.582126,1.000000
180,170,0.256545,0.201645,0.497399,0.036780,0.007630,0.458191,1.563729,1.000000
180,180,0.244678,0.209467,0.501165,0.037169,0.007520,0.454146,1.546113,1.000000
180,190,0.234181,0.217228,0.503607,0.037515,0.007470,0.451409,1.530863,1.000000
180,200,0.226251,0.224026,0.504467,0.037780,0.007477,0.450277,1.519282,1.000000
180,210,0.221808,0.229256,0.503466,0.037932,0.007538,0.451065,1.512479,1.000000
180,220,0.221396,0.232649,0.500360,0.037944,0.007651,0.454045,1.511389,1.000000
180,230,0.225151,0.234215,0.495025,0.037800,0.007811,0.459365,1.516662,1.000000
180,240,0.232716,0.234194,0.487582,0.037501,0.008007,0.466910,1.528315,1.000000
180,250,0.243084,0.233047,0.478560,0.037083,0.008226,0.476131,1.545190,1.000000
180,260,0.254555,0.231437,0.468944,0.036617,0.008448,0.485992,1.564542,1.000000
180,270,0.265075,0.230119,0.459955,0.036196,0.008654,0.495195,1.582457,1.000000
180,280,0.272944,0.229722,0.452595,0.035900,0.008839,0.502666,1.595296,1.000000
180,290,0.277332,0.230583,0.447313,0.035765,0.009008,0.507915,1.601118,1.000000
180,300,0.278262,0.232749,0.444023,0.035787,0.009179,0.511011,1.599968,1.000000
180,310,0.276261,0.236078,0.442340,0.035936,0.009385,0.512339,1.593183,1.000000
180,320,0.272024,0.240317,0.441807,0.036174,0.009678,0.512341,1.582573,1.000000
180,330,0.266245,0.245058,0.442056,0.036463,0.010177,0.511303,1.569922,1.000000
180,340,0.259564,0.249074,0.443271,0.036769,0.011321,0.508638,1.556792,1.000000
180,350,0.252582,0.236161,0.463953,0.037060,0.010245,0.488743,1.544515,1.000000
180,360,0.245893,0.220175,0.488214,0.037306,0.008412,0.466068,1.534269,1.000000
180,370,0.240164,0.213227,0.501391,0.037481,0.007738,0.453390,1.527041,1.000000
180,380,0.236130,0.210837,0.508023,0.037560,0.007450,0.446967,1.523768,1.000000
180,390,0.234540,0.210575,0.510005,0.037524,0.007357,0.445115,1.525204,1.000000
180,400,0.235920,0.211004,0.508327,0.037364,0.007385,0.446924,1.531718,1.000000
180,410,0.240242,0.211349,0.503821,0.037093,0.007496,0.451591,1.542882,1.000000
180,420,0.246691,0.211401,0.497496,0.036754,0.007658,0.458091,1.557056,1.000000
180,430,0.253805,0.211365,0.490562,0.036417,0.007851,0.465170,1.571438,1.000000
180,440,0.260035,0.211608,0.484142,0.036151,0.008064,0.471643,1.582986,1.000000
180,450,0.264345,0.212411,0.478940,0.035999,0.008304,0.476756,1.589647,1.000000
180,460,0.266409,0.213839,0.475165,0.035971,0.008616,0.480248,1.590901,1.000000
180,470,0.266418,0.215654,0.472741,0.036049,0.009138,0.482072,1.587417,1.000000
180,480,0.264762,0.214826,0.473503,0.036203,0.010706,0.479588,1.580681,1.000000
180,490,0.262050,0.201344,0.491890,0.036419,0.008296,0.463394,1.571274,1.000000
180,500,0.258620,0.197819,0.499102,0.036654,0.007805,0.456439,1.561190,1.000000
190,10,0.236783,0.210933,0.512965,0.032881,0.006438,0.447716,1.684238,1.000000
190,20,0.233247,0.202961,0.525817,0.031809,0.006167,0.436207,1.647164,1.000000
190,30,0.233982,0.195853,0.532851,0.031276,0.006038,0.429834,1.620160,1.000000
190,40,0.239116,0.189843,0.534083,0.030912,0.006046,0.428959,1.604072,1.000000
190,50,0.248573,0.185055,0.529656,0.030537,0.006179,0.433628,1.599627,1.000000
190,60,0.261931,0.181533,0.520043,0.030068,0.006425,0.443464,1.606960,1.000000
190,70,0.278158,0.179325,0.506263,0.029491,0.006763,0.457483,1.624903,1.000000
190,80,0.295395,0.178595,0.489992,0.028854,0.007165,0.473989,1.650157,1.000000
190,90,0.311137,0.179650,0.473359,0.028245,0.007609,0.490787,1.677161,1.000000
190,100,0.322976,0.182808,0.458352,0.027759,0.008105,0.505784,1.699549,1.000000
190,110,0.329429,0.188029,0.446291,0.027455,0.008796,0.517458,1.712640,1.000000
190,120,0.330210,0.188482,0.444819,0.027345,0.009144,0.518693,1.714897,1.000000
190,130,0.325887,0.185108,0.453378,0.027401,0.008227,0.510995,1.707543,1.000000
190,140,0.317452,0.188928,0.458123,0.027583,0.007913,0.506381,1.693111,1.000000
190,150,0.306055,0.196415,0.461954,0.027848,0.007728,0.502470,1.674458,1.000000
190,160,0.292971,0.205906,0.465372,0.028154,0.007598,0.498877,1.654170,1.000000
190,170,0.279641,0.216153,0.468235,0.028463,0.007508,0.495794,1.634429,1.000000
190,180,0.267627,0.225956,0.470217,0.028743,0.007456,0.493584,1.617048,1.000000
190,190,0.258400,0.234254,0.470936,0.028963,0.007446,0.492654,1.603575,1.000000
190,200,0.253076,0.240330,0.470018,0.029094,0.007483,0.493405,1.595364,1.000000
190,210,0.252289,0.243892,0.467139,0.029111,0.007568,0.496181,1.593578,1.000000
190,220,0.256162,0.245016,0.462120,0.028999,0.007703,0.501178,1.599020,1.000000
190,230,0.264233,0.244069,0.455057,0.028760,0.007881,0.508302,1.611713,1.000000
190,240,0.275328,0.241675,0.446482,0.028424,0.008091,0.517003,1.630279,1.000000
190,250,0.287576,0.238674,0.437385,0.028050,0.008315,0.526250,1.651543,1.000000
190,260,0.298839,0.235958,0.428954,0.027715,0.008535,0.534797,1.671149,1.000000
190,270,0.307430,0.234231,0.422123,0.027478,0.008738,0.541661,1.685205,1.000000
190,280,0.312561,0.233863,0.417283,0.027368,0.008926,0.546424,1.691731,1.000000
190,290,0.314250,0.234924,0.414336,0.027379,0.009112,0.549174,1.690815,1.000000
190,300,0.312963,0.237301,0.412926,0.027489,0.009321,0.550264,1.683840,1.000000
190,310,0.309307,0.240786,0.412635,0.027669,0.009602,0.550093,1.672667,1.000000
190,320,0.303889,0.245048,0.413116,0.027893,0.010054,0.548937,1.659145,1.000000
190,330,0.297276,0.249169,0.414401,0.028131,0.011022,0.546445,1.644931,1.000000
190,340,0.290024,0.239966,0.430899,0.028362,0.010750,0.529990,1.631459,1.000000
190,350,0.282714,0.222183,0.458017,0.028559,0.008528,0.504897,1.620110,1.000000
190,360,0.276081,0.214517,0.472969,0.028702,0.007732,0.490597,1.611981,1.000000
190,370,0.270996,0.211972,0.480900,0.028768,0.007364,0.482968,1.608190,1.000000
190,380,0.268398,0.211712,0.483943,0.028741,0.007206,0.480110,1.609628,1.000000
190,390,0.268977,0.212043,0.483189,0.028615,0.007176,0.481020,1.616711,1.000000
190,400,0.272774,0.212063,0.479527,0.028399,0.007236,0.484837,1.628910,1.000000
190,410,0.278945,0.211552,0.474016,0.028133,0.007355,0.490497,1.644314,1.000000
190,420,0.285975,0.210766,0.467882,0.027870,0.007508,0.496741,1.659799,1.000000
190,430,0.292306,0.210130,0.462220,0.027664,0.007680,0.502436,1.672118,1.000000
190,440,0.296920,0.209973,0.457691,0.027547,0.007869,0.506893,1.679187,1.000000
190,450,0.299487,0.210414,0.454473,0.027525,0.008101,0.509901,1.680537,1.000000
190,460,0.300148,0.211320,0.452477,0.027584,0.008471,0.511468,1.676891,1.000000
190,470,0.299288,0.210151,0.453507,0.027708,0.009346,0.509439,1.669387,1.000000
190,480,0.297246,0.202105,0.464855,0.027868,0.007927,0.499350,1.659794,1.000000
190,490,0.294489,0.200357,0.469468,0.028050,0.007636,0.494846,1.649003,1.000000
190,500,0.291367,0.200752,0.472139,0.028233,0.007510,0.492119,1.638305,1.000000
200,10,0.245057,0.221537,0.500617,0.026511,0.006278,0.466594,1.736863,1.000000
200,20,0.246452,0.212144,0.510039,0.025306,0.006059,0.458596,1.704826,1.000000
200,30,0.252433,0.203325,0.513646,0.024626,0.005969,0.455759,1.684645,1.000000
200,40,0.262906,0.195446,0.511518,0.024122,0.006008,0.458352,1.677054,1.000000
200,50,0.277382,0.188774,0.504042,0.023636,0.006166,0.466156,1.682260,1.000000
200,60,0.294720,0.183568,0.492172,0.023112,0.006427,0.478288,1.699049,1.000000
200,70,0.312951,0.180164,0.477554,0.022566,0.006765,0.493115,1.723905,1.000000
200,80,0.329526,0.178978,0.462290,0.022056,0.007149,0.508504,1.750985,1.000000
200,90,0.342077,0.180383,0.448323,0.021649,0.007568,0.522460,1.773749,1.000000
200,100,0.349186,0.184442,0.436893,0.021384,0.008095,0.533628,1.787468,1.000000
200,110,0.350550,0.186977,0.432836,0.021268,0.008370,0.537526,1.790545,1.000000
200,120,0.346634,0.188948,0.435192,0.021281,0.007946,0.535582,1.784016,1.000000
200,130,0.338288,0.196033,0.436478,0.021393,0.007808,0.534321,1.770227,1.000000
200,140,0.326557,0.206155,0.437998,0.021572,0.007717,0.532712,1.751868,1.000000
200,150,0.312718,0.218095,0.439759,0.021789,0.007639,0.530813,1.731456,1.000000
200,160,0.298345,0.230630,0.441437,0.022015,0.007573,0.528975,1.711190,1.000000
200,170,0.285215,0.242411,0.442623,0.022226,0.007525,0.527626,1.692972,1.000000
200,180,0.275003,0.252209,0.442890,0.022395,0.007503,0.527212,1.678483,1.000000
200,190,0.268949,0.259212,0.441823,0.022500,0.007516,0.528161,1.669237,1.000000
200,200,0.267723,0.263120,0.439064,0.022520,0.007572,0.530843,1.666553,1.000000
200,210,0.271421,0.264065,0.434397,0.022442,0.007675,0.535486,1.671354,1.000000
200,220,0.279516,0.262510,0.427882,0.022266,0.007825,0.542027,1.683700,1.000000
200,230,0.290761,0.259208,0.420001,0.022015,0.008015,0.549969,1.702142,1.000000
200,240,0.303244,0.255126,0.411662,0.021736,0.008231,0.558371,1.723394,1.000000
200,250,0.314861,0.251261,0.403939,0.021484,0.008455,0.566122,1.743060,1.000000
200,260,0.323993,0.248378,0.397653,0.021304,0.008672,0.572371,1.757326,1.000000
200,270,0.329878,0.246888,0.393140,0.021215,0.008878,0.576767,1.764285,1.000000
200,280,0.332485,0.246902,0.390317,0.021215,0.009081,0.579387,1.763994,1.000000
200,290,0.332170,0.248358,0.388883,0.021287,0.009302,0.580528,1.757715,1.000000
200,300,0.329412,0.251112,0.388486,0.021413,0.009578,0.580524,1.747165,1.000000
200,310,0.324692,0.254920,0.388823,0.021571,0.009994,0.579612,1.734087,1.000000
200,320,0.318468,0.259128,0.389846,0.021745,0.010813,0.577596,1.720085,1.000000
200,330,0.311222,0.254943,0.400266,0.021915,0.011654,0.566165,1.706558,1.000000
200,340,0.303487,0.235211,0.430434,0.022063,0.008805,0.538698,1.695025,1.000000
200,350,0.296055,0.226655,0.447257,0.022172,0.007861,0.522710,1.686563,1.000000
200,360,0.289922,0.223948,0.456493,0.022225,0.007412,0.513870,1.682403,1.000000
200,370,0.286204,0.223740,0.460659,0.022210,0.007188,0.509943,1.683510,1.000000
200,380,0.285747,0.224047,0.460987,0.022119,0.007100,0.509794,1.690334,1.000000
200,390,0.288676,0.223840,0.458414,0.021962,0.007107,0.512516,1.702315,1.000000
200,400,0.294180,0.222881,0.453990,0.021768,0.007181,0.517061,1.717471,1.000000
200,410,0.300788,0.221460,0.448881,0.021576,0.007295,0.522248,1.732665,1.000000
200,420,0.307003,0.220043,0.444098,0.021426,0.007430,0.527046,1.744744,1.000000
200,430,0.311848,0.218997,0.440237,0.021340,0.007578,0.530845,1.751752,1.000000
200,440,0.314968,0.218495,0.437468,0.021321,0.007748,0.533463,1.753269,1.000000
200,450,0.316430,0.218505,0.435707,0.021361,0.007996,0.534935,1.749969,1.000000
200,460,0.316511,0.217389,0.436185,0.021447,0.008468,0.533900,1.742919,1.000000
200,470,0.315467,0.212872,0.442373,0.021561,0.007727,0.528339,1.733697,1.000000
200,480,0.313659,0.212075,0.445006,0.021692,0.007569,0.525734,1.723221,1.000000
200,490,0.311362,0.212714,0.446604,0.021824,0.007496,0.524076,1.712715,1.000000
200,500,0.308863,0.214240,0.447496,0.021946,0.007455,0.523103,1.703234,1.000000
210,10,0.243841,0.237648,0.490594,0.021691,0.006226,0.481489,1.774753,1.000000
210,20,0.250294,0.226667,0.496612,0.020378,0.006048,0.476962,1.749804,1.000000
210,30,0.261200,0.216238,0.496974,0.019597,0.005991,0.477438,1.737775,1.000000
210,40,0.276089,0.206836,0.492001,0.019018,0.006057,0.482925,1.738808,1.000000
210,50,0.293826,0.198915,0.482523,0.018503,0.006234,0.492741,1.751764,1.000000
210,60,0.312462,0.192985,0.470036,0.018017,0.006500,0.505447,1.773287,1.000000
210,70,0.329506,0.189592,0.456497,0.017582,0.006824,0.519098,1.797792,1.000000
210,80,0.342659,0.189195,0.443735,0.017233,0.007178,0.531854,1.819070,1.000000
210,90,0.350506,0.191986,0.432930,0.016994,0.007583,0.542492,1.832582,1.000000
210,100,0.352651,0.195951,0.426672,0.016869,0.007858,0.548602,1.836617,1.000000
210,110,0.349392,0.201424,0.424584,0.016842,0.007758,0.550816,1.831821,1.000000
210,120,0.341407,0.210904,0.423040,0.016892,0.007757,0.552311,1.820082,1.000000
210,130,0.329642,0.223206,0.422404,0.016997,0.007750,0.552848,1.803686,1.000000
210,140,0.315391,0.237315,0.422431,0.017136,0.007727,0.552706,1.784869,1.000000
210,150,0.300363,0.251925,0.422729,0.017289,0.007694,0.552288,1.765672,1.000000
210,160,0.286516,0.265510,0.422878,0.017436,0.007661,0.552025,1.747935,1.000000
210,170,0.275643,0.276708,0.422452,0.017559,0.007638,0.552351,1.733344,1.000000
210,180,0.269022,0.284662,0.421041,0.017640,0.007636,0.553684,1.723463,1.000000
210,190,0.267304,0.289087,0.418281,0.017661,0.007667,0.556391,1.719678,1.000000
210,200,0.270557,0.290157,0.413934,0.017613,0.007739,0.560714,1.722990,1.000000
210,210,0.278244,0.288393,0.408011,0.017494,0.007857,0.566637,1.733548,1.000000
210,220,0.289147,0.284610,0.400902,0.017319,0.008021,0.573758,1.750039,1.000000
210,230,0.301438,0.279845,0.393376,0.017121,0.008220,0.581283,1.769417,1.000000
210,240,0.313128,0.275149,0.386345,0.016939,0.008439,0.588277,1.787647,1.000000
210,250,0.322684,0.271341,0.380509,0.016805,0.008661,0.594024,1.801252,1.000000
210,260,0.329340,0.268882,0.376164,0.016733,0.008881,0.598223,1.808453,1.000000
210,270,0.332969,0.267949,0.373260,0.016722,0.009099,0.600918,1.809182,1.000000
210,280,0.333781,0.268553,0.371571,0.016762,0.009332,0.602334,1.804425,1.000000
210,290,0.332103,0.270628,0.370817,0.016841,0.009611,0.602731,1.795599,1.000000
210,300,0.328269,0.274029,0.370754,0.016946,0.010002,0.602298,1.784190,1.000000
210,310,0.322610,0.278316,0.371303,0.017064,0.010707,0.600926,1.771621,1.000000
210,320,0.315432,0.279153,0.375431,0.017178,0.012806,0.594585,1.759641,1.000000
210,330,0.307481,0.258553,0.407416,0.017288,0.009263,0.566034,1.748286,1.000000
210,340,0.299337,0.248682,0.426490,0.017368,0.008123,0.548019,1.740027,1.000000
210,350,0.292204,0.245617,0.437184,0.017411,0.007585,0.537820,1.735610,1.000000
210,360,0.287353,0.245355,0.442590,0.017405,0.007297,0.532708,1.736014,1.000000
210,370,0.285762,0.245596,0.444141,0.017347,0.007153,0.531358,1.741716,1.000000
210,380,0.287641,0.245181,0.442827,0.017242,0.007108,0.532822,1.752226,1.000000
210,390,0.292263,0.243844,0.439648,0.017110,0.007136,0.536107,1.765732,1.000000
210,400,0.298266,0.241881,0.435665,0.016978,0.007210,0.540147,1.779391,1.000000
210,410,0.304260,0.239776,0.431781,0.016873,0.007310,0.544036,1.790393,1.000000
210,420,0.309311,0.237922,0.428534,0.016810,0.007423,0.547233,1.797004,1.000000
210,430,0.313023,0.236538,0.426100,0.016793,0.007547,0.549561,1.798818,1.000000
210,440,0.315367,0.235681,0.424431,0.016815,0.007706,0.551048,1.796358,1.000000
210,450,0.316492,0.234577,0.424093,0.016869,0.007968,0.551069,1.790536,1.000000
210,460,0.316573,0.232163,0.426677,0.016945,0.007643,0.548736,1.782552,1.000000
210,470,0.315838,0.231809,0.427743,0.017032,0.007578,0.547647,1.773322,1.000000
210,480,0.314479,0.232486,0.428365,0.017123,0.007547,0.546965,1.763889,1.000000
210,490,0.312698,0.233976,0.428589,0.017208,0.007529,0.546674,1.755223,1.000000
210,500,0.310705,0.236224,0.428274,0.017276,0.007521,0.546929,1.748273,1.000000
220,10,0.234423,0.257424,0.483828,0.018052,0.006273,0.491847,1.794332,1.000000
220,20,0.245118,0.245178,0.486910,0.016664,0.006130,0.490296,1.776605,1.000000
220,30,0.259649,0.233662,0.484755,0.015831,0.006102,0.493312,1.771657,1.000000
220,40,0.277014,0.223502,0.478058,0.015236,0.006190,0.500516,1.778435,1.000000
220,50,0.295426,0.215356,0.468086,0.014755,0.006377,0.510782,1.794049,1.000000
220,60,0.312547,0.209907,0.456557,0.014354,0.006635,0.522454,1.813648,1.000000
220,70,0.326162,0.207727,0.445143,0.014037,0.006931,0.533889,1.831757,1.000000
220,80,0.334808,0.209151,0.434984,0.013810,0.007248,0.543959,1.844204,1.000000
220,90,0.337911,0.213633,0.427265,0.013671,0.007521,0.551544,1.849117,1.000000
220,100,0.335549,0.221125,0.422089,0.013608,0.007630,0.556673,1.846606,1.000000
220,110,0.328206,0.232227,0.418228,0.013606,0.007733,0.560433,1.837914,1.000000
220,120,0.316736,0.246228,0.415584,0.013651,0.007801,0.562965,1.824748,1.000000
220,130,0.302471,0.262131,0.413836,0.013726,0.007836,0.564602,1.808899,1.000000
220,140,0.287248,0.278474,0.412615,0.013818,0.007846,0.565722,1.792101,1.000000
220,150,0.273140,0.293571,0.411536,0.013912,0.007840,0.566711,1.775999,1.000000
220,160,0.261968,0.305991,0.410215,0.013995,0.007830,0.567960,1.762158,1.000000
220,170,0.254959,0.314888,0.408270,0.014054,0.007828,0.569848,1.752073,1.000000
220,180,0.252708,0.320014,0.405357,0.014075,0.007846,0.572722,1.747110,1.000000
220,190,0.255261,0.321567,0.401226,0.014050,0.007895,0.576828,1.748298,1.000000
220,200,0.262132,0.320072,0.395834,0.013976,0.007985,0.582205,1.755926,1.000000
220,210,0.272228,0.316338,0.389451,0.013862,0.008121,0.588566,1.769003,1.000000
220,220,0.283913,0.311390,0.382672,0.013728,0.008297,0.595302,1.785034,1.000000
220,230,0.295385,0.306281,0.376230,0.013601,0.008502,0.601666,1.800650,1.000000
220,240,0.305211,0.301860,0.370704,0.013503,0.008722,0.607071,1.812890,1.000000
220,250,0.312592,0.298654,0.366364,0.013444,0.008947,0.611246,1.820129,1.000000
220,260,0.317268,0.296924,0.363207,0.013424,0.009176,0.614192,1.822104,1.000000
220,270,0.319281,0.296774,0.361085,0.013440,0.009420,0.616055,1.819427,1.000000
220,280,0.318780,0.298237,0.359797,0.013483,0.009703,0.617017,1.813108,1.000000
220,290,0.315944,0.301270,0.359160,0.013546,0.010080,0.617214,1.804280,1.000000
220,300,0.310972,0.305611,0.359097,0.013620,0.010701,0.616583,1.794085,1.000000
220,310,0.304145,0.309278,0.360585,0.013697,0.012294,0.613423,1.783648,1.000000
220,320,0.295958,0.291141,0.389189,0.013769,0.009942,0.587099,1.774068,1.000000
220,330,0.287252,0.279209,0.411198,0.013826,0.008515,0.566461,1.766479,1.000000
220,340,0.279268,0.275366,0.423632,0.013861,0.007874,0.554633,1.761938,1.000000
220,350,0.273392,0.274791,0.430432,0.013864,0.007522,0.548183,1.761375,1.000000
220,360,0.270684,0.274831,0.433329,0.013832,0.007325,0.545514,1.765297,1.000000
220,370,0.271432,0.274188,0.433380,0.013767,0.007232,0.545620,1.773382,1.000000
220,380,0.275037,0.272538,0.431527,0.013683,0.007215,0.547574,1.784186,1.000000
220,390,0.280302,0.270144,0.428707,0.013597,0.007251,0.550446,1.795402,1.000000
220,400,0.285979,0.267471,0.425706,0.013526,0.007318,0.553450,1.804724,1.000000
220,410,0.291181,0.264920,0.423019,0.013481,0.007399,0.556101,1.810691,1.000000
220,420,0.295462,0.262747,0.420840,0.013464,0.007487,0.558208,1.812875,1.000000
220,430,0.298686,0.261081,0.419174,0.013473,0.007586,0.559767,1.811586,1.000000
220,440,0.300874,0.259745,0.418155,0.013503,0.007723,0.560619,1.807479,1.000000
220,450,0.302098,0.258389,0.418315,0.013548,0.007649,0.560487,1.801389,1.000000
220,460,0.302462,0.258133,0.418154,0.013603,0.007649,0.560595,1.794085,1.000000
220,470,0.302064,0.258722,0.417901,0.013661,0.007652,0.560786,1.786384,1.000000
220,480,0.301010,0.260153,0.417465,0.013717,0.007655,0.561163,1.779098,1.000000
220,490,0.299422,0.262468,0.416687,0.013763,0.007659,0.561890,1.773051,1.000000
220,500,0.297444,0.265702,0.415392,0.013794,0.007669,0.563145,1.769066,1.000000
230,10,0.217659,0.279724,0.480889,0.015309,0.006419,0.497384,1.793527,1.000000
230,20,0.231050,0.266912,0.481855,0.013876,0.006307,0.497962,1.781215,1.000000
230,30,0.247210,0.255183,0.478274,0.013028,0.006305,0.502393,1.780144,1.000000
230,40,0.264651,0.245320,0.471166,0.012456,0.006408,0.509971,1.787977,1.000000
230,50,0.281308,0.238116,0.461949,0.012033,0.006594,0.519424,1.800876,1.000000
230,60,0.295098,0.234264,0.452094,0.011713,0.006830,0.529362,1.814367,1.000000
230,70,0.304483,0.234250,0.442703,0.011480,0.007085,0.538733,1.824785,1.000000
230,80,0.308660,0.238286,0.434398,0.011321,0.007335,0.546947,1.830118,1.000000
230,90,0.307436,0.246355,0.427439,0.011225,0.007547,0.553790,1.829891,1.000000
230,100,0.301079,0.258238,0.421784,0.011180,0.007720,0.559316,1.824623,1.000000
230,110,0.290347,0.273325,0.417302,0.011175,0.007851,0.563672,1.815345,1.000000
230,120,0.276602,0.290488,0.413767,0.011199,0.007944,0.567090,1.803302,1.000000
230,130,0.261768,0.308079,0.410910,0.011241,0.008003,0.569846,1.789815,1.000000
230,140,0.247942,0.324299,0.408429,0.011292,0.008038,0.572241,1.776220,1.000000
230,150,0.236875,0.337718,0.406008,0.011342,0.008056,0.574593,1.763859,1.000000
230,160,0.229683,0.347546,0.403320,0.011381,0.008070,0.577229,1.754058,1.000000
230,170,0.226880,0.353577,0.400053,0.011400,0.008091,0.580457,1.748069,1.000000
230,180,0.228508,0.356011,0.395960,0.011390,0.008131,0.584519,1.746907,1.000000
230,190,0.234176,0.355328,0.390944,0.011349,0.008203,0.589504,1.751014,1.000000
230,200,0.242996,0.352259,0.385149,0.011280,0.008316,0.595255,1.759833,1.000000
230,210,0.253616,0.347736,0.378984,0.011194,0.008469,0.601352,1.771606,1.000000
230,220,0.264493,0.342750,0.372991,0.011109,0.008656,0.607243,1.783817,1.000000
230,230,0.274319,0.338146,0.367632,0.011038,0.008866,0.612465,1.794127,1.000000
230,240,0.282258,0.334511,0.363154,0.010989,0.009089,0.616768,1.801095,1.000000
230,250,0.287902,0.332205,0.359607,0.010964,0.009322,0.620107,1.804253,1.000000
230,260,0.291102,0.331445,0.356918,0.010962,0.009573,0.622547,1.803810,1.000000
230,270,0.291822,0.332373,0.354966,0.010979,0.009859,0.624196,1.800334,1.000000
230,280,0.290075,0.335059,0.353629,0.011011,0.010226,0.625134,1.794556,1.000000
230,290,0.285924,0.339385,0.352850,0.011053,0.010788,0.625309,1.787282,1.000000
230,300,0.279560,0.344273,0.353059,0.011099,0.012009,0.623833,1.779354,1.000000
230,310,0.271444,0.331522,0.374949,0.011145,0.010939,0.602967,1.771657,1.000000
230,320,0.262454,0.316426,0.400890,0.011184,0.009046,0.578880,1.765142,1.000000
230,330,0.253904,0.311140,0.415473,0.011211,0.008273,0.565044,1.760683,1.000000
230,340,0.247228,0.309850,0.423849,0.011219,0.007854,0.557078,1.759125,1.000000
230,350,0.243512,0.309484,0.428190,0.011206,0.007608,0.552996,1.760988,1.000000
230,360,0.243109,0.308578,0.429670,0.011172,0.007472,0.551687,1.766172,1.000000
230,370,0.245580,0.306703,0.429180,0.011123,0.007414,0.552282,1.773721,1.000000
230,380,0.249951,0.304031,0.427534,0.011071,0.007413,0.553982,1.781984,1.000000
230,390,0.255154,0.300962,0.425410,0.011025,0.007449,0.556116,1.789251,1.000000
230,400,0.260365,0.297880,0.423259,0.010993,0.007504,0.558244,1.794353,1.000000
230,410,0.265094,0.295059,0.421304,0.010977,0.007566,0.560153,1.796840,1.000000
230,420,0.269099,0.292686,0.419609,0.010976,0.007629,0.561785,1.796787,1.000000
230,430,0.272274,0.290875,0.418166,0.010990,0.007695,0.563149,1.794565,1.000000
230,440,0.274580,0.289685,0.416984,0.011013,0.007738,0.564265,1.790659,1.000000
230,450,0.276001,0.289255,0.415926,0.011044,0.007775,0.565256,1.785618,1.000000
230,460,0.276536,0.289668,0.414915,0.011078,0.007803,0.566204,1.780018,1.000000
230,470,0.276197,0.291028,0.413837,0.011112,0.007826,0.567225,1.774457,1.000000
230,480,0.275008,0.293437,0.412569,0.011143,0.007844,0.568445,1.769588,1.000000
230,490,0.273031,0.296973,0.410969,0.011164,0.007863,0.570004,1.766083,1.000000
230,500,0.270399,0.301641,0.408900,0.011174,0.007887,0.572040,1.764573,1.000000
240,10,0.194205,0.303866,0.482013,0.013245,0.006671,0.498071,1.772218,1.000000
240,20,0.208351,0.291421,0.481856,0.011783,0.006589,0.499772,1.762343,1.000000
240,30,0.223994,0.280513,0.477943,0.010941,0.006609,0.504507,1.761355,1.000000
240,40,0.239474,0.272015,0.471389,0.010402,0.006720,0.511490,1.766404,1.000000
240,50,0.252936,0.266723,0.463416,0.010029,0.006897,0.519659,1.774107,1.000000
240,60,0.262807,0.265252,0.455067,0.009762,0.007112,0.528059,1.781420,1.000000
240,70,0.268050,0.267837,0.447229,0.009573,0.007311,0.535887,1.786288,1.000000
240,80,0.268169,0.274920,0.439960,0.009443,0.007509,0.543089,1.787727,1.000000
240,90,0.263190,0.286597,0.433142,0.009360,0.007712,0.549786,1.785561,1.000000
240,100,0.253746,0.301994,0.427058,0.009313,0.007889,0.555740,1.780138,1.000000
240,110,0.241180,0.319730,0.421761,0.009295,0.008033,0.560911,1.772117,1.000000
240,120,0.227412,0.337978,0.417167,0.009298,0.008145,0.565390,1.762345,1.000000
240,130,0.214464,0.354885,0.413109,0.009314,0.008228,0.569349,1.751782,1.000000
240,140,0.203938,0.369073,0.409366,0.009336,0.008288,0.573010,1.741465,1.000000
240,150,0.196802,0.379824,0.405685,0.009356,0.008334,0.576625,1.732474,1.000000
240,160,0.193484,0.386968,0.401804,0.009368,0.008375,0.580452,1.725879,1.000000
240,170,0.194036,0.390680,0.397493,0.009367,0.008425,0.584716,1.722617,1.000000
240,180,0.198185,0.391362,0.392613,0.009347,0.008494,0.589547,1.723256,1.000000
240,190,0.205298,0.389609,0.387191,0.009309,0.008594,0.594906,1.727682,1.000000
240,200,0.214367,0.386193,0.381452,0.009258,0.008730,0.600559,1.734915,1.000000
240,210,0.224175,0.381971,0.375750,0.009203,0.008900,0.606146,1.743338,1.000000
240,220,0.233591,0.377735,0.370423,0.009153,0.009097,0.611327,1.751285,1.000000
240,230,0.241769,0.374111,0.365694,0.009113,0.009312,0.615880,1.757549,1.000000
240,240,0.248163,0.371553,0.361653,0.009087,0.009544,0.619716,1.761512,1.000000
240,250,0.252433,0.370396,0.358300,0.009073,0.009796,0.622830,1.763025,1.000000
240,260,0.254353,0.370901,0.355588,0.009073,0.010084,0.625254,1.762244,1.000000
240,270,0.253769,0.373249,0.353456,0.009083,0.010444,0.627017,1.759508,1.000000
240,280,0.250609,0.377450,0.351877,0.009101,0.010963,0.628059,1.755273,1.000000
240,290,0.244973,0.382872,0.351079,0.009125,0.011951,0.627845,1.750086,1.000000
240,300,0.237295,0.377633,0.363443,0.009152,0.012478,0.614928,1.744501,1.000000
240,310,0.228433,0.358130,0.394521,0.009176,0.009740,0.586563,1.739422,1.000000
240,320,0.219734,0.350486,0.411801,0.009196,0.008783,0.570220,1.735345,1.000000
240,330,0.212593,0.347953,0.421960,0.009206,0.008288,0.560546,1.733030,1.000000
240,340,0.208060,0.346923,0.427817,0.009205,0.007995,0.554984,1.732989,1.000000
240,350,0.206543,0.345704,0.430742,0.009191,0.007820,0.552247,1.735331,1.000000
240,360,0.207785,0.343703,0.431618,0.009167,0.007727,0.551488,1.739596,1.000000
240,370,0.211077,0.340943,0.431148,0.009138,0.007694,0.552020,1.744805,1.000000
240,380,0.215572,0.337706,0.429909,0.009111,0.007702,0.553278,1.749851,1.000000
240,390,0.220545,0.334318,0.428311,0.009089,0.007736,0.554864,1.753877,1.000000
240,400,0.225485,0.331057,0.426600,0.009075,0.007783,0.556542,1.756433,1.000000
240,410,0.230056,0.328132,0.424906,0.009070,0.007836,0.558188,1.757408,1.000000
240,420,0.234040,0.325648,0.423355,0.009072,0.007885,0.559688,1.756889,1.000000
240,430,0.237279,0.323753,0.421985,0.009080,0.007904,0.561031,1.755092,1.000000
240,440,0.239653,0.322900,0.420402,0.009094,0.007951,0.562553,1.752298,1.000000
240,450,0.241061,0.323064,0.418769,0.009112,0.007995,0.564125,1.748852,1.000000
240,460,0.241418,0.324334,0.417084,0.009131,0.008033,0.565753,1.745139,1.000000
240,470,0.240661,0.326831,0.415292,0.009149,0.008067,0.567492,1.741601,1.000000
240,480,0.238770,0.330654,0.413314,0.009164,0.008098,0.569424,1.738731,1.000000
240,490,0.235826,0.335813,0.411058,0.009172,0.008131,0.571639,1.737021,1.000000
240,500,0.232080,0.342129,0.408447,0.009173,0.008171,0.574209,1.736868,1.000000
250,10,0.165171,0.329198,0.486895,0.011687,0.007048,0.494370,1.733160,1.000000
250,20,0.178269,0.318052,0.486482,0.010201,0.006997,0.496321,1.723028,1.000000
250,30,0.191787,0.308859,0.482953,0.009365,0.007037,0.500646,1.719740,1.000000
250,40,0.204226,0.302480,0.477284,0.008848,0.007161,0.506706,1.720841,1.000000
250,50,0.214094,0.299608,0.470427,0.008504,0.007367,0.513702,1.723950,1.000000
250,60,0.220182,0.299542,0.464552,0.008264,0.007460,0.519724,1.727127,1.000000
250,70,0.221712,0.303994,0.458679,0.008093,0.007522,0.525706,1.729055,1.000000
250,80,0.218445,0.314385,0.451492,0.007972,0.007706,0.532830,1.729001,1.000000
250,90,0.210837,0.329214,0.444155,0.007889,0.007905,0.540051,1.726713,1.000000
250,100,0.200118,0.346764,0.437192,0.007835,0.008090,0.546882,1.722293,1.000000
250,110,0.188091,0.365051,0.430802,0.007805,0.008251,0.553142,1.716104,1.000000
250,120,0.176600,0.382220,0.425002,0.007790,0.008387,0.558821,1.708700,1.000000
250,130,0.167050,0.396964,0.419700,0.007787,0.008498,0.564015,1.700769,1.000000
250,140,0.160253,0.408629,0.414738,0.007790,0.008589,0.568882,1.693097,1.000000
250,150,0.156560,0.417055,0.409923,0.007793,0.008669,0.573615,1.686517,1.000000
250,160,0.156032,0.422375,0.405056,0.007792,0.008745,0.578407,1.681829,1.000000
250,170,0.158518,0.424892,0.399978,0.007783,0.008829,0.583410,1.679656,1.000000
250,180,0.163637,0.425042,0.394625,0.007764,0.008932,0.588679,1.680237,1.000000
250,190,0.170744,0.423396,0.389061,0.007736,0.009062,0.594141,1.683266,1.000000
250,200,0.178991,0.420624,0.383460,0.007703,0.009221,0.599616,1.687948,1.000000
250,210,0.187483,0.417406,0.378036,0.007669,0.009406,0.604889,1.693275,1.000000
250,220,0.195426,0.414357,0.372966,0.007638,0.009613,0.609783,1.698335,1.000000
250,230,0.202182,0.411998,0.368367,0.007612,0.009840,0.614181,1.702470,1.000000
250,240,0.207252,0.410769,0.364295,0.007594,0.010091,0.618021,1.705285,1.000000
250,250,0.210238,0.411036,0.360765,0.007582,0.010379,0.621274,1.706612,1.000000
250,260,0.210827,0.413090,0.357774,0.007578,0.010732,0.623917,1.706456,1.000000
250,270,0.208819,0.417053,0.355328,0.007581,0.011220,0.625872,1.704962,1.000000
250,280,0.204221,0.422557,0.353577,0.007589,0.012057,0.626778,1.702388,1.000000
250,290,0.197341,0.424682,0.355847,0.007598,0.014531,0.622024,1.699591,1.000000
250,300,0.189197,0.401843,0.390699,0.007614,0.010647,0.591041,1.695523,1.000000
250,310,0.180858,0.390691,0.411409,0.007626,0.009416,0.571549,1.692176,1.000000
250,320,0.173680,0.386280,0.423580,0.007636,0.008824,0.559960,1.689567,1.000000
250,330,0.168628,0.384263,0.430986,0.007640,0.008482,0.552891,1.688153,1.000000
250,340,0.166139,0.382633,0.435317,0.007639,0.008273,0.548772,1.688197,1.000000
250,350,0.166141,0.380575,0.437503,0.007631,0.008150,0.546716,1.689638,1.000000
250,360,0.168204,0.377907,0.438180,0.007618,0.008091,0.546111,1.692081,1.000000
250,370,0.171732,0.374750,0.437836,0.007604,0.008078,0.546482,1.694961,1.000000
250,380,0.176141,0.371333,0.436838,0.007591,0.008097,0.547474,1.697738,1.000000
250,390,0.180939,0.367895,0.435445,0.007580,0.008142,0.548834,1.700018,1.000000
250,400,0.185734,0.364636,0.433844,0.007572,0.008215,0.550370,1.701573,1.000000
250,410,0.190217,0.361192,0.432743,0.007568,0.008281,0.551409,1.702303,1.000000
250,420,0.194135,0.357746,0.432413,0.007568,0.008139,0.551881,1.702190,1.000000
250,430,0.197273,0.356260,0.430729,0.007571,0.008167,0.553533,1.701301,1.000000
250,440,0.199441,0.356124,0.428641,0.007577,0.008216,0.555565,1.699767,1.000000
250,450,0.200466,0.357287,0.426394,0.007585,0.008267,0.557753,1.697785,1.000000
250,460,0.200201,0.359832,0.424055,0.007595,0.008317,0.560034,1.695608,1.000000
250,470,0.198556,0.363858,0.421619,0.007604,0.008363,0.562413,1.693535,1.000000
250,480,0.195560,0.369370,0.419049,0.007611,0.008410,0.564931,1.691893,1.000000
250,490,0.191462,0.376167,0.416296,0.007614,0.008460,0.567630,1.690987,1.000000
250,500,0.186787,0.383748,0.413334,0.007614,0.008518,0.570535,1.691019,1.000000
260,10,0.133114,0.354515,0.494299,0.010493,0.007580,0.487629,1.682858,1.000000
260,20,0.144033,0.345308,0.494113,0.008976,0.007570,0.489341,1.671275,1.000000
260,30,0.154703,0.338298,0.491201,0.008136,0.007662,0.493001,1.665372,1.000000
260,40,0.163867,0.334152,0.486437,0.007627,0.007917,0.498019,1.663302,1.000000
260,50,0.170293,0.329714,0.484934,0.007294,0.007764,0.500008,1.663384,1.000000
260,60,0.173015,0.330091,0.482243,0.007064,0.007587,0.503106,1.664214,1.000000
260,70,0.171551,0.338214,0.475633,0.006899,0.007703,0.509765,1.664731,1.000000
260,80,0.166127,0.351650,0.467550,0.006779,0.007895,0.517776,1.664247,1.000000
260,90,0.157754,0.368302,0.459147,0.006693,0.008103,0.526056,1.662407,1.000000
260,100,0.147996,0.386075,0.450991,0.006633,0.008306,0.534070,1.659138,1.000000
260,110,0.138439,0.403140,0.443336,0.006592,0.008492,0.541580,1.654594,1.000000
260,120,0.130264,0.418256,0.436255,0.006567,0.008659,0.548520,1.649110,1.000000
260,130,0.124138,0.430797,0.429708,0.006551,0.008805,0.554935,1.643156,1.000000
260,140,0.120347,0.440588,0.423588,0.006542,0.008935,0.560934,1.637299,1.000000
260,150,0.118960,0.447701,0.417748,0.006536,0.009055,0.566661,1.632151,1.000000
260,160,0.119921,0.452339,0.412039,0.006529,0.009171,0.572260,1.628290,1.000000
260,170,0.123052,0.454793,0.406343,0.006519,0.009294,0.577844,1.626144,1.000000
260,180,0.128023,0.455435,0.400606,0.006504,0.009432,0.583458,1.625872,1.000000
260,190,0.134341,0.454727,0.394858,0.006484,0.009590,0.589068,1.627303,1.000000
260,200,0.141389,0.453194,0.389187,0.006462,0.009769,0.594582,1.630000,1.000000
260,210,0.148506,0.451377,0.383708,0.006439,0.009970,0.599884,1.633395,1.000000
260,220,0.155054,0.449807,0.378529,0.006416,0.010194,0.604861,1.636926,1.000000
260,230,0.160448,0.448976,0.373736,0.006397,0.010444,0.609423,1.640117,1.000000
260,240,0.164170,0.449330,0.369388,0.006381,0.010731,0.613501,1.642614,1.000000
260,250,0.165786,0.451243,0.365522,0.006369,0.011080,0.617029,1.644197,1.000000
260,260,0.164982,0.454930,0.362180,0.006362,0.011546,0.619912,1.644769,1.000000
260,270,0.161669,0.460209,0.359480,0.006360,0.012283,0.621878,1.644353,1.000000
260,280,0.156126,0.465058,0.358437,0.006361,0.014019,0.621183,1.643064,1.000000
260,290,0.149089,0.444958,0.387730,0.006365,0.011858,0.594047,1.641130,1.000000
260,300,0.141655,0.428947,0.412842,0.006371,0.010186,0.570601,1.638843,1.000000
260,310,0.134948,0.421922,0.427286,0.006378,0.009466,0.556870,1.636526,1.000000
260,320,0.129810,0.418512,0.436225,0.006383,0.009069,0.548322,1.634545,1.000000
260,330,0.126675,0.416276,0.441834,0.006387,0.008828,0.542951,1.633206,1.000000
260,340,0.125616,0.414128,0.445187,0.006387,0.008682,0.539744,1.632693,1.000000
260,350,0.126446,0.411655,0.446911,0.006384,0.008603,0.538102,1.633017,1.000000
260,360,0.128820,0.408788,0.447437,0.006379,0.008576,0.537608,1.634028,1.000000
260,370,0.132325,0.405619,0.447091,0.006372,0.008592,0.537945,1.635478,1.000000
260,380,0.136547,0.402307,0.446128,0.006365,0.008654,0.538854,1.637098,1.000000
260,390,0.141097,0.398966,0.444787,0.006357,0.008792,0.540063,1.638647,1.000000
260,400,0.145628,0.393849,0.445364,0.006352,0.008807,0.539477,1.639924,1.000000
260,410,0.149825,0.388239,0.447165,0.006347,0.008423,0.538065,1.640820,1.000000
260,420,0.153411,0.386016,0.445823,0.006345,0.008406,0.539426,1.641228,1.000000
260,430,0.156125,0.385588,0.443494,0.006345,0.008449,0.541712,1.641131,1.000000
260,440,0.157728,0.386653,0.440763,0.006346,0.008510,0.544381,1.640561,1.000000
260,450,0.158008,0.389210,0.437858,0.006349,0.008575,0.547218,1.639607,1.000000
260,460,0.156813,0.393323,0.434870,0.006354,0.008641,0.550135,1.638407,1.000000
260,470,0.154119,0.398985,0.431831,0.006358,0.008706,0.553105,1.637142,1.000000
260,480,0.150142,0.405987,0.428737,0.006362,0.008772,0.556130,1.636017,1.000000
260,490,0.145400,0.413825,0.425569,0.006365,0.008841,0.559225,1.635224,1.000000
260,500,0.140637,0.421760,0.422320,0.006366,0.008917,0.562398,1.634889,1.000000
270,10,0.102746,0.377552,0.501831,0.009540,0.008330,0.480299,1.631189,1.000000
270,20,0.111092,0.370418,0.502065,0.007986,0.008439,0.481509,1.618205,1.000000
270,30,0.118771,0.365113,0.500107,0.007133,0.008875,0.483885,1.610215,1.000000
270,40,0.124744,0.353671,0.506811,0.006623,0.008152,0.478415,1.605812,1.000000
270,50,0.128041,0.349228,0.508748,0.006293,0.007689,0.477269,1.603745,1.000000
270,60,0.128040,0.354477,0.503719,0.006066,0.007697,0.482518,1.602913,1.000000
270,70,0.124734,0.365935,0.495575,0.005904,0.007851,0.490670,1.602426,1.000000
270,80,0.118839,0.381162,0.486152,0.005784,0.008063,0.500001,1.601633,1.000000
270,90,0.111580,0.398004,0.476426,0.005695,0.008294,0.509584,1.600124,1.000000
270,100,0.104230,0.414687,0.466928,0.005630,0.008525,0.518917,1.597715,1.000000
270,110,0.097738,0.430010,0.457924,0.005583,0.008745,0.527748,1.594411,1.000000
270,120,0.092641,0.443341,0.449518,0.005549,0.008950,0.535983,1.590379,1.000000
270,130,0.089178,0.454451,0.441706,0.005526,0.009139,0.543629,1.585912,1.000000
270,140,0.087419,0.463340,0.434418,0.005509,0.009314,0.550759,1.581395,1.000000
270,150,0.087354,0.470124,0.427548,0.005497,0.009477,0.557479,1.577259,1.000000
270,160,0.088920,0.474983,0.420976,0.005486,0.009635,0.563903,1.573922,1.000000
270,170,0.091980,0.478148,0.414604,0.005475,0.009794,0.570128,1.571713,1.000000
270,180,0.096299,0.479909,0.408368,0.005462,0.009962,0.576208,1.570801,1.000000
270,190,0.101526,0.480624,0.402259,0.005447,0.010144,0.582150,1.571154,1.000000
270,200,0.107208,0.480708,0.396309,0.005430,0.010346,0.587915,1.572566,1.000000
270,210,0.112827,0.480614,0.390576,0.005413,0.010570,0.593441,1.574709,1.000000
270,220,0.117838,0.480811,0.385132,0.005396,0.010823,0.598649,1.577212,1.000000
270,230,0.121704,0.481760,0.380042,0.005380,0.011114,0.603464,1.579714,1.000000
270,240,0.123937,0.483870,0.375364,0.005366,0.011464,0.607806,1.581911,1.000000
270,250,0.124150,0.487419,0.371159,0.005355,0.011917,0.611570,1.583576,1.000000
270,260,0.122169,0.492362,0.367535,0.005347,0.012587,0.614532,1.584571,1.000000
270,270,0.118159,0.497596,0.364992,0.005341,0.013912,0.615755,1.584838,1.000000
270,280,0.112700,0.484725,0.383686,0.005339,0.013549,0.597425,1.584390,1.000000
270,290,0.106676,0.462473,0.414401,0.005339,0.011111,0.569148,1.583419,1.000000
270,300,0.101005,0.452021,0.431418,0.005341,0.010215,0.553026,1.582004,1.000000
270,310,0.096371,0.446722,0.441809,0.005344,0.009754,0.543093,1.580392,1.000000
270,320,0.093158,0.443551,0.448461,0.005347,0.009483,0.536709,1.578826,1.000000
270,330,0.091498,0.441120,0.452712,0.005349,0.009320,0.532619,1.577532,1.000000
270,340,0.091354,0.438795,0.455271,0.005350,0.009230,0.530149,1.576681,1.000000
270,350,0.092572,0.436314,0.456564,0.005350,0.009200,0.528886,1.576357,1.000000
270,360,0.094918,0.433614,0.456891,0.005348,0.009229,0.528532,1.576550,1.000000
270,370,0.098115,0.430712,0.456493,0.005344,0.009336,0.528827,1.577170,1.000000
270,380,0.101859,0.427517,0.455662,0.005340,0.009622,0.529376,1.578081,1.000000
270,390,0.105840,0.419086,0.460410,0.005335,0.009328,0.524926,1.579119,1.000000
270,400,0.109754,0.411324,0.464878,0.005331,0.008713,0.521078,1.580154,1.000000
270,410,0.113305,0.408480,0.464253,0.005327,0.008635,0.521784,1.581034,1.000000
270,420,0.116206,0.407897,0.461909,0.005324,0.008665,0.524102,1.581668,1.000000
270,430,0.118182,0.408957,0.458807,0.005322,0.008732,0.527139,1.581994,1.000000
270,440,0.118981,0.411531,0.455352,0.005322,0.008813,0.530513,1.581990,1.000000
270,450,0.118409,0.415626,0.451742,0.005322,0.008901,0.534035,1.581673,1.000000
270,460,0.116395,0.421214,0.448079,0.005324,0.008989,0.537608,1.581103,1.000000
270,470,0.113089,0.428098,0.444410,0.005326,0.009077,0.541188,1.580372,1.000000
270,480,0.108931,0.435827,0.440750,0.005328,0.009165,0.544758,1.579595,1.000000
270,490,0.104576,0.443743,0.437099,0.005330,0.009253,0.548319,1.578894,1.000000
270,500,0.100693,0.451182,0.433450,0.005331,0.009344,0.551876,1.578374,1.000000
280,10,0.080287,0.394915,0.506532,0.008731,0.009535,0.475202,1.588756,1.000000
280,20,0.085872,0.388141,0.508361,0.007144,0.010482,0.474013,1.574289,1.000000
280,30,0.090469,0.366290,0.528452,0.006279,0.008510,0.456759,1.564145,1.000000
280,40,0.093361,0.357468,0.535609,0.005767,0.007794,0.450830,1.557385,1.000000
280,50,0.093985,0.359857,0.533046,0.005439,0.007673,0.453843,1.553122,1.000000
280,60,0.092192,0.369147,0.525680,0.005214,0.007767,0.461339,1.550533,1.000000
280,70,0.088397,0.382687,0.515901,0.005053,0.007962,0.471084,1.548883,1.000000
280,80,0.083452,0.398357,0.505053,0.004933,0.008204,0.481809,1.547578,1.000000
280,90,0.078290,0.414462,0.493938,0.004843,0.008467,0.492752,1.546188,1.000000
280,100,0.073631,0.429832,0.483029,0.004774,0.008735,0.503462,1.544460,1.000000
280,110,0.069899,0.443792,0.472591,0.004722,0.008996,0.513692,1.542297,1.000000
280,120,0.067296,0.456032,0.462745,0.004682,0.009246,0.523328,1.539736,1.000000
280,130,0.065884,0.466462,0.453523,0.004651,0.009481,0.532345,1.536914,1.000000
280,140,0.065646,0.475126,0.444901,0.004627,0.009699,0.540773,1.534019,1.000000
280,150,0.066509,0.482150,0.436830,0.004609,0.009902,0.548660,1.531244,1.000000
280,160,0.068350,0.487712,0.429250,0.004594,0.010094,0.556062,1.528764,1.000000
280,170,0.071015,0.492024,0.422098,0.004581,0.010282,0.563039,1.526740,1.000000
280,180,0.074334,0.495314,0.415307,0.004569,0.010476,0.569648,1.525329,1.000000
280,190,0.078098,0.497842,0.408817,0.004557,0.010686,0.575940,1.524650,1.000000
280,200,0.082034,0.499907,0.402597,0.004545,0.010918,0.581941,1.524731,1.000000
280,210,0.085790,0.501856,0.396642,0.004533,0.011179,0.587646,1.525488,1.000000
280,220,0.088951,0.504070,0.390978,0.004520,0.011480,0.593021,1.526745,1.000000
280,230,0.091084,0.506924,0.385646,0.004508,0.011838,0.598008,1.528281,1.000000
280,240,0.091808,0.510706,0.380701,0.004497,0.012288,0.602514,1.529869,1.000000
280,250,0.090895,0.515462,0.376238,0.004487,0.012918,0.606356,1.531314,1.000000
280,260,0.088397,0.520553,0.372561,0.004479,0.014010,0.608950,1.532470,1.000000
280,270,0.084730,0.517391,0.377255,0.004473,0.016151,0.602121,1.532941,1.000000
280,280,0.080494,0.488648,0.414184,0.004467,0.012207,0.569142,1.533652,1.000000
280,290,0.076421,0.473929,0.434127,0.004464,0.011059,0.550350,1.533680,1.000000
280,300,0.073000,0.466194,0.445823,0.004462,0.010521,0.539194,1.533391,1.000000
280,310,0.070499,0.461647,0.453170,0.004460,0.010224,0.532146,1.532848,1.000000
280,320,0.068989,0.458579,0.457919,0.004460,0.010053,0.527568,1.532104,1.000000
280,330,0.068432,0.456173,0.460970,0.004461,0.009965,0.524604,1.531217,1.000000
280,340,0.068751,0.454014,0.462824,0.004462,0.009949,0.522765,1.530287,1.000000
280,350,0.069864,0.451874,0.463782,0.004462,0.010017,0.521738,1.529445,1.000000
280,360,0.071672,0.449574,0.464068,0.004463,0.010224,0.521246,1.528820,1.000000
280,370,0.074044,0.446535,0.464125,0.004462,0.010834,0.520579,1.528491,1.000000
280,380,0.076805,0.432097,0.476927,0.004461,0.009710,0.508902,1.528469,1.000000
280,390,0.079744,0.423043,0.483799,0.004459,0.008955,0.502787,1.528723,1.000000
280,400,0.082622,0.419986,0.484120,0.004457,0.008814,0.502608,1.529168,1.000000
280,410,0.085185,0.419544,0.481992,0.004454,0.008825,0.504729,1.529721,1.000000
280,420,0.087172,0.420804,0.478677,0.004452,0.008895,0.507976,1.530300,1.000000
280,430,0.088332,0.423491,0.474734,0.004449,0.008993,0.511823,1.530840,1.000000
280,440,0.088459,0.427532,0.470457,0.004447,0.009105,0.515991,1.531299,1.000000
280,450,0.087445,0.432871,0.466017,0.004446,0.009221,0.520316,1.531653,1.000000
280,460,0.085358,0.439340,0.461520,0.004444,0.009337,0.524699,1.531894,1.000000
280,470,0.082488,0.446582,0.457038,0.004444,0.009449,0.529070,1.532006,1.000000
280,480,0.079285,0.454093,0.452624,0.004443,0.009556,0.533377,1.531962,1.000000
280,490,0.076218,0.461365,0.448316,0.004443,0.009658,0.537583,1.531737,1.000000
280,500,0.073645,0.468020,0.444132,0.004444,0.009759,0.541665,1.531338,1.000000
290,10,0.071090,0.396061,0.512322,0.008003,0.012524,0.467152,1.562908,1.000000
290,20,0.073550,0.363539,0.547782,0.006400,0.008729,0.437089,1.546198,1.000000
290,30,0.074957,0.352005,0.559652,0.005531,0.007856,0.426962,1.533112,1.000000
290,40,0.075041,0.352200,0.560127,0.005019,0.007614,0.427240,1.523413,1.000000
290,50,0.073696,0.359541,0.554434,0.004694,0.007635,0.433237,1.516573,1.000000
290,60,0.071141,0.371400,0.545194,0.004472,0.007793,0.442541,1.511999,1.000000
290,70,0.067895,0.385801,0.533963,0.004312,0.008030,0.453695,1.509091,1.000000
290,80,0.064572,0.401180,0.521745,0.004193,0.008310,0.465752,1.507319,1.000000
290,90,0.061682,0.416406,0.509200,0.004100,0.008612,0.478087,1.506267,1.000000
290,100,0.059552,0.430745,0.496753,0.004028,0.008921,0.490298,1.505647,1.000000
290,110,0.058353,0.443784,0.484667,0.003969,0.009227,0.502137,1.505284,1.000000
290,120,0.058123,0.455332,0.473102,0.003922,0.009521,0.513455,1.505063,1.000000
290,130,0.058776,0.465375,0.462169,0.003884,0.009796,0.524151,1.504842,1.000000
290,140,0.060091,0.474041,0.451966,0.003852,0.010049,0.534132,1.504380,1.000000
290,150,0.061755,0.481554,0.442583,0.003828,0.010279,0.543309,1.503369,1.000000
290,160,0.063488,0.488156,0.434051,0.003810,0.010494,0.551644,1.501614,1.000000
290,170,0.065162,0.494027,0.426306,0.003797,0.010707,0.559190,1.499218,1.000000
290,180,0.066802,0.499278,0.419201,0.003788,0.010931,0.566081,1.496562,1.000000
290,190,0.068463,0.504008,0.412573,0.003780,0.011176,0.572471,1.494107,1.000000
290,200,0.070120,0.508360,0.406294,0.003773,0.011453,0.578479,1.492212,1.000000
290,210,0.071627,0.512544,0.400292,0.003766,0.011770,0.584171,1.491058,1.000000
290,220,0.072741,0.516812,0.394544,0.003758,0.012144,0.589553,1.490667,1.000000
290,230,0.073187,0.521391,0.389069,0.003750,0.012603,0.594578,1.490955,1.000000
290,240,0.072758,0.526357,0.383931,0.003741,0.013213,0.599115,1.491791,1.000000
290,250,0.071435,0.531342,0.379325,0.003732,0.014166,0.602777,1.493038,1.000000
290,260,0.069447,0.533436,0.376923,0.003724,0.016470,0.602883,1.494596,1.000000
290,270,0.067222,0.505287,0.410288,0.003715,0.013488,0.572510,1.496334,1.000000
290,280,0.065207,0.485537,0.433581,0.003706,0.011969,0.550744,1.498229,1.000000
290,290,0.063706,0.474865,0.446391,0.003698,0.011341,0.538570,1.500123,1.000000
290,300,0.062792,0.468484,0.454010,0.003691,0.011024,0.531276,1.501795,1.000000
290,310,0.062336,0.464350,0.458770,0.003685,0.010858,0.526686,1.502909,1.000000
290,320,0.062131,0.461514,0.461881,0.003682,0.010792,0.523645,1.503151,1.000000
290,330,0.062039,0.459461,0.464000,0.003682,0.010818,0.521500,1.502416,1.000000
290,340,0.062067,0.457803,0.465473,0.003684,0.010973,0.519871,1.500881,1.000000
290,350,0.062316,0.456076,0.466540,0.003687,0.011381,0.518393,1.498907,1.000000
290,360,0.062888,0.452161,0.468455,0.003690,0.012806,0.515049,1.496893,1.000000
290,370,0.063832,0.429171,0.493432,0.003693,0.009872,0.493003,1.495063,1.000000
290,380,0.065114,0.420282,0.501818,0.003695,0.009091,0.485396,1.493676,1.000000
290,390,0.066635,0.417665,0.503102,0.003696,0.008902,0.484300,1.492788,1.000000
290,400,0.068244,0.417788,0.501380,0.003696,0.008892,0.486032,1.492423,1.000000
290,410,0.069756,0.419546,0.498041,0.003695,0.008963,0.489302,1.492563,1.000000
290,420,0.070978,0.422526,0.493729,0.003693,0.009075,0.493503,1.493177,1.000000
290,430,0.071733,0.426567,0.488801,0.003689,0.009210,0.498300,1.494229,1.000000
290,440,0.071904,0.431574,0.483481,0.003685,0.009355,0.503479,1.495669,1.000000
290,450,0.071468,0.437414,0.477936,0.003680,0.009502,0.508882,1.497398,1.000000
290,460,0.070510,0.443855,0.472316,0.003675,0.009644,0.514365,1.499221,1.000000
290,470,0.069172,0.450601,0.466782,0.003670,0.009775,0.519773,1.500824,1.000000
290,480,0.067586,0.457369,0.461482,0.003667,0.009896,0.524955,1.501846,1.000000
290,490,0.065873,0.463940,0.456513,0.003666,0.010008,0.529813,1.502046,1.000000
290,500,0.064177,0.470149,0.451887,0.003667,0.010119,0.534326,1.501424,1.000000
300,10,0.077116,0.344461,0.562345,0.007326,0.008751,0.421577,1.557034,1.000000
300,20,0.076276,0.332514,0.577640,0.005731,0.007840,0.408790,1.536190,1.000000
300,30,0.074741,0.331568,0.581315,0.004868,0.007508,0.406309,1.519338,1.000000
300,40,0.072665,0.337441,0.578078,0.004361,0.007454,0.410106,1.506320,1.000000
300,50,0.070248,0.347780,0.570369,0.004040,0.007563,0.418028,1.496852,1.000000
300,60,0.067808,0.360876,0.559721,0.003820,0.007775,0.428684,1.490513,1.000000
300,70,0.065721,0.375362,0.547202,0.003661,0.008053,0.441083,1.486828,1.000000
300,80,0.064329,0.390173,0.533584,0.003540,0.008374,0.454502,1.485351,1.000000
300,90,0.063881,0.404534,0.519424,0.003445,0.008717,0.468415,1.485704,1.000000
300,100,0.064514,0.417924,0.505127,0.003366,0.009068,0.482439,1.487563,1.000000
300,110,0.066219,0.430054,0.491013,0.003301,0.009414,0.496273,1.490572,1.000000
300,120,0.068767,0.440864,0.477382,0.003245,0.009741,0.509631,1.494185,1.000000
300,130,0.071662,0.450525,0.464571,0.003200,0.010042,0.522187,1.497531,1.000000
300,140,0.074228,0.459380,0.452916,0.003164,0.010312,0.533609,1.499530,1.000000
300,150,0.075891,0.467784,0.442631,0.003138,0.010557,0.543674,1.499331,1.000000
300,160,0.076452,0.475934,0.433701,0.003121,0.010792,0.552386,1.496780,1.000000
300,170,0.076116,0.483835,0.425904,0.003111,0.011034,0.559951,1.492444,1.000000
300,180,0.075278,0.491389,0.418931,0.003106,0.011296,0.566667,1.487246,1.000000
300,190,0.074304,0.498506,0.412496,0.003103,0.011591,0.572810,1.482081,1.000000
300,200,0.073411,0.505171,0.406388,0.003101,0.011929,0.578582,1.477610,1.000000
300,210,0.072650,0.511446,0.400483,0.003098,0.012323,0.584096,1.474230,1.000000
300,220,0.071960,0.517424,0.394725,0.003093,0.012798,0.589384,1.472127,1.000000
300,230,0.071254,0.523133,0.389123,0.003087,0.013403,0.594386,1.471348,1.000000
300,240,0.070516,0.528342,0.383788,0.003080,0.014274,0.598858,1.471873,1.000000
300,250,0.069873,0.531690,0.379400,0.003070,0.015967,0.601563,1.473647,1.000000
300,260,0.069568,0.511099,0.401275,0.003059,0.015000,0.580666,1.476600,1.000000
300,270,0.069838,0.485826,0.428393,0.003046,0.012896,0.555664,1.480629,1.000000
300,280,0.070764,0.471900,0.442143,0.003032,0.012161,0.542664,1.485372,1.000000
300,290,0.072148,0.463370,0.449627,0.003019,0.011835,0.535519,1.490229,1.000000
300,300,0.073534,0.457823,0.453938,0.003008,0.011697,0.531357,1.494295,1.000000
300,310,0.074406,0.454220,0.456690,0.003000,0.011684,0.528625,1.496660,1.000000
300,320,0.074461,0.451977,0.458763,0.002997,0.011801,0.526439,1.496846,1.000000
300,330,0.073739,0.450541,0.460595,0.002999,0.012126,0.524280,1.494993,1.000000
300,340,0.072521,0.448940,0.462563,0.003004,0.012972,0.521461,1.491687,1.000000
300,350,0.071169,0.434627,0.477693,0.003010,0.013502,0.505795,1.487563,1.000000
300,360,0.069971,0.409324,0.507883,0.003017,0.009806,0.479295,1.483536,1.000000
300,370,0.069145,0.402043,0.516705,0.003023,0.009085,0.471187,1.479827,1.000000
300,380,0.068785,0.400540,0.518778,0.003027,0.008870,0.469325,1.476856,1.000000
300,390,0.068906,0.401647,0.517575,0.003030,0.008842,0.470553,1.474834,1.000000
300,400,0.069464,0.404199,0.514397,0.003031,0.008909,0.473663,1.473892,1.000000
300,410,0.070379,0.407683,0.509879,0.003030,0.009030,0.478062,1.474110,1.000000
300,420,0.071558,0.411849,0.504384,0.003026,0.009183,0.483407,1.475529,1.000000
300,430,0.072905,0.416558,0.498162,0.003020,0.009355,0.489463,1.478124,1.000000
300,440,0.074314,0.421706,0.491435,0.003012,0.009533,0.496020,1.481727,1.000000
300,450,0.075633,0.427198,0.484460,0.003002,0.009706,0.502832,1.485911,1.000000
300,460,0.076619,0.432973,0.477548,0.002994,0.009866,0.509592,1.489952,1.000000
300,470,0.076977,0.439006,0.471020,0.002987,0.010010,0.515983,1.492989,1.000000
300,480,0.076513,0.445269,0.465094,0.002984,0.010140,0.521782,1.494387,1.000000
300,490,0.075256,0.451676,0.459821,0.002984,0.010263,0.526932,1.493999,1.000000
300,500,0.073438,0.458076,0.455109,0.002987,0.010389,0.531514,1.492123,1.000000
310,10,0.096499,0.301847,0.587207,0.006707,0.007740,0.398346,1.568371,1.000000
310,20,0.092801,0.300797,0.593907,0.005135,0.007360,0.393598,1.543031,1.000000
310,30,0.089150,0.305710,0.593615,0.004284,0.007241,0.394860,1.522369,1.000000
310,40,0.085922,0.314708,0.588295,0.003784,0.007291,0.400630,1.506415,1.000000
310,50,0.083411,0.326438,0.579225,0.003466,0.007461,0.409848,1.495046,1.000000
310,60,0.081886,0.339785,0.567363,0.003248,0.007718,0.421672,1.487993,1.000000
310,70,0.081595,0.353806,0.553476,0.003088,0.008035,0.435401,1.484922,1.000000
310,80,0.082734,0.367721,0.538188,0.002964,0.008393,0.450455,1.485484,1.000000
310,90,0.085401,0.380939,0.522024,0.002863,0.008774,0.466340,1.489289,1.000000
310,100,0.089497,0.393089,0.505478,0.002778,0.009158,0.482586,1.495763,1.000000
310,110,0.094583,0.404083,0.489099,0.002705,0.009530,0.498666,1.503890,1.000000
310,120,0.099794,0.414154,0.473534,0.002645,0.009873,0.513948,1.512014,1.000000
310,130,0.104006,0.423777,0.459440,0.002597,0.010181,0.527783,1.518071,1.000000
310,140,0.106293,0.433433,0.447256,0.002562,0.010457,0.539726,1.520373,1.000000
310,150,0.106345,0.443363,0.437036,0.002539,0.010716,0.549708,1.518387,1.000000
310,160,0.104491,0.453511,0.428495,0.002527,0.010977,0.558001,1.512798,1.000000
310,170,0.101406,0.463630,0.421186,0.002522,0.011256,0.565036,1.504966,1.000000
310,180,0.097805,0.473437,0.414670,0.002521,0.011568,0.571241,1.496330,1.000000
310,190,0.094261,0.482700,0.408593,0.002521,0.011925,0.576960,1.488074,1.000000
310,200,0.091157,0.491272,0.402710,0.002522,0.012340,0.582429,1.481042,1.000000
310,210,0.088712,0.499067,0.396868,0.002521,0.012832,0.587779,1.475777,1.000000
310,220,0.087039,0.506005,0.390998,0.002517,0.013441,0.593044,1.472605,1.000000
310,230,0.086225,0.511878,0.385123,0.002511,0.014263,0.598103,1.471717,1.000000
310,240,0.086384,0.515907,0.379571,0.002502,0.015635,0.602292,1.473221,1.000000
310,250,0.087660,0.505920,0.387026,0.002490,0.016903,0.593580,1.477040,1.000000
310,260,0.090102,0.475467,0.418167,0.002474,0.013790,0.565569,1.483335,1.000000
310,270,0.093570,0.458275,0.432775,0.002457,0.012923,0.551845,1.491281,1.000000
310,280,0.097533,0.447570,0.439853,0.002439,0.012605,0.545103,1.499897,1.000000
310,290,0.101137,0.440500,0.443413,0.002423,0.012527,0.541637,1.507573,1.000000
310,300,0.103503,0.435938,0.445532,0.002411,0.012616,0.539441,1.512682,1.000000
310,310,0.104136,0.433219,0.447336,0.002406,0.012902,0.537355,1.514289,1.000000
310,320,0.103075,0.431528,0.449419,0.002407,0.013571,0.534603,1.512458,1.000000
310,330,0.100744,0.428303,0.452976,0.002412,0.015566,0.529047,1.507982,1.000000
310,340,0.097707,0.392937,0.495285,0.002419,0.011651,0.490644,1.501913,1.000000
310,350,0.094496,0.375147,0.518369,0.002428,0.009560,0.469643,1.495291,1.000000
310,360,0.091539,0.370320,0.526762,0.002437,0.008942,0.461858,1.488918,1.000000
310,370,0.089148,0.370340,0.529346,0.002444,0.008721,0.459488,1.483423,1.000000
310,380,0.087536,0.372655,0.528682,0.002450,0.008677,0.460191,1.479265,1.000000
310,390,0.086838,0.376160,0.525816,0.002453,0.008733,0.462998,1.476785,1.000000
310,400,0.087133,0.380288,0.521273,0.002453,0.008854,0.467421,1.476241,1.000000
310,410,0.088454,0.384715,0.515365,0.002449,0.009017,0.473168,1.477815,1.000000
310,420,0.090759,0.389255,0.508337,0.002442,0.009208,0.480013,1.481552,1.000000
310,430,0.093875,0.393825,0.500458,0.002432,0.009411,0.487700,1.487223,1.000000
310,440,0.097410,0.398455,0.492103,0.002420,0.009612,0.495865,1.494132,1.000000
310,450,0.100720,0.403297,0.483774,0.002408,0.009801,0.504017,1.501051,1.000000
310,460,0.103076,0.408568,0.475987,0.002398,0.009971,0.511644,1.506521,1.000000
310,470,0.103969,0.414421,0.469093,0.002393,0.010123,0.518390,1.509453,1.000000
310,480,0.103312,0.420848,0.463182,0.002392,0.010266,0.524160,1.509527,1.000000
310,490,0.101377,0.427692,0.458128,0.002396,0.010407,0.529069,1.507125,1.000000
310,500,0.098614,0.434726,0.453704,0.002402,0.010555,0.533339,1.502988,1.000000
320,10,0.124697,0.264857,0.597097,0.006156,0.007192,0.389555,1.592718,1.000000
320,20,0.119250,0.269220,0.599894,0.004614,0.007022,0.388470,1.563490,1.000000
320,30,0.114719,0.277018,0.597475,0.003777,0.007011,0.391737,1.540042,1.000000
320,40,0.111546,0.287287,0.590758,0.003283,0.007125,0.398833,1.522503,1.000000
320,50,0.110041,0.299196,0.580455,0.002968,0.007340,0.409237,1.510898,1.000000
320,60,0.110442,0.311976,0.567201,0.002749,0.007632,0.422418,1.505126,1.000000
320,70,0.112928,0.324914,0.551588,0.002586,0.007983,0.437842,1.504989,1.000000
320,80,0.117547,0.337411,0.534212,0.002457,0.008373,0.454958,1.510120,1.000000
320,90,0.124074,0.349059,0.515736,0.002351,0.008780,0.473133,1.519762,1.000000
320,100,0.131805,0.359764,0.496986,0.002262,0.009183,0.491570,1.532396,1.000000
320,110,0.139480,0.369812,0.478959,0.002188,0.009562,0.509291,1.545495,1.000000
320,120,0.145553,0.379765,0.462648,0.002129,0.009905,0.525319,1.555937,1.000000
320,130,0.148816,0.390180,0.448707,0.002085,0.010212,0.538996,1.561169,1.000000
320,140,0.148876,0.401320,0.437251,0.002057,0.010496,0.550196,1.560258,1.000000
320,150,0.146142,0.413096,0.427945,0.002040,0.010776,0.559238,1.553952,1.000000
320,160,0.141462,0.425188,0.420246,0.002033,0.011071,0.566650,1.543952,1.000000
320,170,0.135777,0.437197,0.413599,0.002031,0.011396,0.572975,1.532154,1.000000
320,180,0.129924,0.448743,0.407536,0.002031,0.011766,0.578667,1.520219,1.000000
320,190,0.124565,0.459505,0.401704,0.002033,0.012194,0.584070,1.509429,1.000000
320,200,0.120191,0.469226,0.395852,0.002033,0.012698,0.589417,1.500717,1.000000
320,210,0.117155,0.477681,0.389823,0.002031,0.013311,0.594835,1.494744,1.000000
320,220,0.115718,0.484603,0.383550,0.002026,0.014102,0.600321,1.491988,1.000000
320,230,0.116080,0.489445,0.377168,0.002018,0.015290,0.605524,1.492787,1.000000
320,240,0.118341,0.488048,0.373446,0.002005,0.018161,0.606388,1.497595,1.000000
320,250,0.122518,0.457032,0.403843,0.001989,0.014618,0.579550,1.505482,1.000000
320,260,0.128164,0.436891,0.419394,0.001969,0.013581,0.565056,1.516544,1.000000
320,270,0.134441,0.424311,0.426006,0.001949,0.013294,0.558752,1.528919,1.000000
320,280,0.140104,0.415894,0.428751,0.001931,0.013320,0.555998,1.540257,1.000000
320,290,0.143965,0.410361,0.430172,0.001917,0.013585,0.554326,1.548215,1.000000
320,300,0.145377,0.406879,0.431648,0.001910,0.014186,0.552256,1.551436,1.000000
320,310,0.144373,0.403941,0.434150,0.001910,0.015626,0.548314,1.549901,1.000000
320,320,0.141472,0.381776,0.458327,0.001914,0.016511,0.523248,1.544422,1.000000
320,330,0.137319,0.343284,0.506964,0.001921,0.010511,0.480603,1.536772,1.000000
320,340,0.132633,0.332228,0.523998,0.001931,0.009210,0.464862,1.527842,1.000000
320,350,0.127990,0.329908,0.531460,0.001940,0.008702,0.457897,1.518904,1.000000
320,360,0.123873,0.331431,0.534260,0.001949,0.008487,0.455304,1.510867,1.000000
320,370,0.120673,0.334878,0.534065,0.001956,0.008427,0.455552,1.504455,1.000000
320,380,0.118707,0.339278,0.531589,0.001960,0.008466,0.457985,1.500253,1.000000
320,390,0.118224,0.344054,0.527187,0.001960,0.008574,0.462279,1.498740,1.000000
320,400,0.119399,0.348833,0.521076,0.001957,0.008734,0.468233,1.500281,1.000000
320,410,0.122269,0.353388,0.513464,0.001950,0.008930,0.475656,1.505023,1.000000
320,420,0.126616,0.357642,0.504656,0.001939,0.009147,0.484257,1.512681,1.000000
320,430,0.131840,0.361712,0.495152,0.001926,0.009370,0.493552,1.522261,1.000000
320,440,0.136964,0.365904,0.485634,0.001913,0.009585,0.502868,1.532005,1.000000
320,450,0.140912,0.370604,0.476800,0.001903,0.009782,0.511516,1.539865,1.000000
320,460,0.142949,0.376085,0.469109,0.001896,0.009960,0.519035,1.544334,1.000000
320,470,0.142904,0.382403,0.462673,0.001895,0.010125,0.525306,1.544952,1.000000
320,480,0.141065,0.389416,0.457336,0.001898,0.010286,0.530481,1.542174,1.000000
320,490,0.137946,0.396886,0.452814,0.001904,0.010450,0.534832,1.536927,1.000000
320,500,0.134104,0.404547,0.448812,0.001912,0.010626,0.538651,1.530236,1.000000
330,10,0.156252,0.233373,0.597866,0.005679,0.006829,0.389625,1.624780,1.000000
330,20,0.150421,0.240151,0.598499,0.004168,0.006761,0.390572,1.593396,1.000000
330,30,0.146362,0.248928,0.594554,0.003344,0.006812,0.395290,1.569111,1.000000
330,40,0.144547,0.259154,0.586475,0.002856,0.006968,0.403701,1.552161,1.000000
330,50,0.145292,0.270276,0.574677,0.002541,0.007214,0.415568,1.542736,1.000000
330,60,0.148787,0.281726,0.559632,0.002321,0.007535,0.430513,1.540876,1.000000
330,70,0.155027,0.292978,0.541929,0.002155,0.007911,0.448005,1.546324,1.000000
330,80,0.163635,0.303659,0.522360,0.002023,0.008322,0.467294,1.558192,1.000000
330,90,0.173639,0.313696,0.502007,0.001916,0.008743,0.487335,1.574485,1.000000
330,100,0.183431,0.323397,0.482196,0.001828,0.009149,0.506827,1.591848,1.000000
330,110,0.191164,0.333342,0.464211,0.001759,0.009524,0.524506,1.606201,1.000000
330,120,0.195473,0.344080,0.448876,0.001708,0.009862,0.539554,1.614251,1.000000
330,130,0.195942,0.355858,0.436353,0.001673,0.010173,0.551800,1.614723,1.000000
330,140,0.193010,0.368577,0.426289,0.001651,0.010473,0.561586,1.608347,1.000000
330,150,0.187582,0.381904,0.418094,0.001639,0.010782,0.569485,1.597009,1.000000
330,160,0.180683,0.395408,0.411160,0.001633,0.011115,0.576091,1.582893,1.000000
330,170,0.173278,0.408644,0.404956,0.001632,0.011490,0.581923,1.567996,1.000000
330,180,0.166200,0.421192,0.399054,0.001631,0.011923,0.587392,1.553960,1.000000
330,190,0.160144,0.432667,0.393128,0.001631,0.012430,0.592811,1.542072,1.000000
330,200,0.155682,0.442708,0.386940,0.001629,0.013040,0.598390,1.533333,1.000000
330,210,0.153279,0.450948,0.380341,0.001625,0.013807,0.604227,1.528536,1.000000
330,220,0.153287,0.456883,0.373333,0.001617,0.014881,0.610170,1.528295,1.000000
330,230,0.155898,0.458773,0.366789,0.001605,0.016935,0.614671,1.532987,1.000000
330,240,0.161021,0.434458,0.387530,0.001588,0.015403,0.595479,1.542559,1.000000
330,250,0.168097,0.411924,0.404285,0.001569,0.014124,0.580022,1.556128,1.000000
330,260,0.175989,0.397984,0.410586,0.001549,0.013893,0.573973,1.571615,1.000000
330,270,0.183156,0.388560,0.412668,0.001530,0.014086,0.571716,1.586026,1.000000
330,280,0.188210,0.382104,0.413521,0.001517,0.014649,0.570314,1.596440,1.000000
330,290,0.190424,0.377329,0.414857,0.001509,0.015881,0.567753,1.601182,1.000000
330,300,0.189814,0.368529,0.420384,0.001507,0.019766,0.558343,1.600239,1.000000
330,310,0.186917,0.314347,0.485156,0.001510,0.012069,0.501265,1.594446,1.000000
330,320,0.182419,0.293571,0.512795,0.001516,0.009699,0.475990,1.585522,1.000000
330,330,0.177050,0.287281,0.525308,0.001524,0.008836,0.464331,1.574908,1.000000
330,340,0.171470,0.286924,0.531650,0.001533,0.008424,0.458394,1.563957,1.000000
330,350,0.166259,0.289565,0.534414,0.001541,0.008220,0.455824,1.553811,1.000000
330,360,0.161930,0.293814,0.534564,0.001548,0.008144,0.455745,1.545427,1.000000
330,370,0.158939,0.298859,0.532493,0.001552,0.008158,0.457798,1.539627,1.000000
330,380,0.157681,0.304153,0.528372,0.001553,0.008242,0.461833,1.537118,1.000000
330,390,0.158459,0.309304,0.522303,0.001551,0.008384,0.467763,1.538459,1.000000
330,400,0.161393,0.314054,0.514439,0.001544,0.008570,0.475447,1.543909,1.000000
330,410,0.166253,0.318318,0.505107,0.001534,0.008788,0.484572,1.553130,1.000000
330,420,0.172315,0.322241,0.494901,0.001521,0.009021,0.494557,1.564850,1.000000
330,430,0.178397,0.326193,0.484649,0.001509,0.009253,0.504589,1.576845,1.000000
330,440,0.183241,0.330621,0.475166,0.001499,0.009474,0.513861,1.586603,1.000000
330,450,0.186008,0.335850,0.466972,0.001493,0.009677,0.521858,1.592329,1.000000
330,460,0.186484,0.341974,0.460185,0.001491,0.009867,0.528457,1.593479,1.000000
330,470,0.184942,0.348887,0.454628,0.001493,0.010049,0.533829,1.590558,1.000000
330,480,0.181890,0.356382,0.449998,0.001498,0.010232,0.538272,1.584597,1.000000
330,490,0.177891,0.364213,0.445969,0.001505,0.010422,0.542104,1.576757,1.000000
330,500,0.173479,0.372136,0.442246,0.001513,0.010627,0.545615,1.568123,1.000000
340,10,0.186033,0.208659,0.593456,0.005280,0.006573,0.394691,1.659429,1.000000
340,20,0.181124,0.216100,0.592421,0.003795,0.006560,0.397224,1.628238,1.000000
340,30,0.178839,0.224581,0.586951,0.002982,0.006647,0.403420,1.605536,1.000000
340,40,0.179636,0.233781,0.577254,0.002498,0.006830,0.413418,1.591689,1.000000
340,50,0.183746,0.243344,0.563627,0.002184,0.007100,0.427089,1.586993,1.000000
340,60,0.191114,0.252904,0.546578,0.001962,0.007442,0.444018,1.591358,1.000000
340,70,0.201223,0.262197,0.526948,0.001796,0.007836,0.463419,1.603853,1.000000
340,80,0.212878,0.271203,0.505994,0.001666,0.008259,0.484081,1.622127,1.000000
340,90,0.224234,0.280233,0.485289,0.001563,0.008681,0.504467,1.642196,1.000000
340,100,0.233286,0.289823,0.466326,0.001483,0.009082,0.523108,1.659297,1.000000
340,110,0.238627,0.300451,0.450048,0.001424,0.009450,0.539078,1.669633,1.000000
340,120,0.239841,0.312321,0.436667,0.001382,0.009789,0.552162,1.671651,1.000000
340,130,0.237346,0.325335,0.425854,0.001353,0.010112,0.562682,1.665958,1.000000
340,140,0.232005,0.339189,0.417037,0.001335,0.010434,0.571194,1.654409,1.000000
340,150,0.224808,0.353480,0.409614,0.001324,0.010774,0.578288,1.639251,1.000000
340,160,0.216723,0.367768,0.403042,0.001318,0.011150,0.584490,1.622627,1.000000
340,170,0.208639,0.381603,0.396864,0.001315,0.011579,0.590242,1.606395,1.000000
340,180,0.201363,0.394534,0.390711,0.001312,0.012080,0.595897,1.592103,1.000000
340,190,0.195624,0.406101,0.384286,0.001309,0.012680,0.601725,1.581043,1.000000
340,200,0.192075,0.415824,0.377372,0.001303,0.013425,0.607900,1.574299,1.000000
340,210,0.191256,0.423146,0.369880,0.001295,0.014422,0.614402,1.572764,1.000000
340,220,0.193494,0.426969,0.362179,0.001284,0.016074,0.620463,1.577027,1.000000
340,230,0.198738,0.411882,0.371886,0.001269,0.016226,0.610619,1.587096,1.000000
340,240,0.206332,0.387664,0.390179,0.001251,0.014575,0.593995,1.602043,1.000000
340,250,0.214977,0.372912,0.396446,0.001232,0.014433,0.587889,1.619392,1.000000
340,260,0.222971,0.362801,0.398126,0.001215,0.014887,0.585772,1.635739,1.000000
340,270,0.228842,0.355264,0.398701,0.001202,0.015991,0.584106,1.647841,1.000000
340,280,0.231829,0.347076,0.401023,0.001194,0.018878,0.578905,1.653863,1.000000
340,290,0.231922,0.295185,0.457345,0.001191,0.014357,0.527107,1.653639,1.000000
340,300,0.229571,0.261212,0.497683,0.001192,0.010341,0.490783,1.648234,1.000000
340,310,0.225435,0.249492,0.514782,0.001196,0.009094,0.474928,1.639083,1.000000
340,320,0.220192,0.246112,0.523999,0.001202,0.008494,0.466304,1.627767,1.000000
340,330,0.214485,0.246929,0.529218,0.001209,0.008159,0.461414,1.615726,1.000000
340,340,0.208914,0.250143,0.531759,0.001216,0.007969,0.459057,1.604242,1.000000
340,350,0.204040,0.254759,0.532102,0.001221,0.007877,0.458799,1.594447,1.000000
340,360,0.200392,0.260124,0.530395,0.001225,0.007863,0.460516,1.587360,1.000000
340,370,0.198459,0.265748,0.526651,0.001227,0.007916,0.464207,1.583893,1.000000
340,380,0.198636,0.271248,0.520864,0.001225,0.008027,0.469884,1.584784,1.000000
340,390,0.201119,0.276346,0.513127,0.001219,0.008189,0.477465,1.590400,1.000000
340,400,0.205711,0.280927,0.503760,0.001210,0.008392,0.486638,1.600378,1.000000
340,410,0.211673,0.285100,0.493406,0.001200,0.008621,0.496773,1.613250,1.000000
340,420,0.217791,0.289198,0.482962,0.001189,0.008861,0.506989,1.626496,1.000000
340,430,0.222799,0.293637,0.473287,0.001180,0.009096,0.516436,1.637354,1.000000
340,440,0.225860,0.298732,0.464912,0.001175,0.009321,0.524593,1.643910,1.000000
340,450,0.226743,0.304599,0.457952,0.001173,0.009532,0.531342,1.645587,1.000000
340,460,0.225669,0.311184,0.452237,0.001174,0.009736,0.536853,1.642876,1.000000
340,470,0.223075,0.318341,0.447471,0.001178,0.009936,0.541415,1.636811,1.000000
340,480,0.219459,0.325882,0.443335,0.001183,0.010141,0.545341,1.628569,1.000000
340,490,0.215311,0.333609,0.439534,0.001190,0.010357,0.548920,1.619282,1.000000
340,500,0.211094,0.341318,0.435802,0.001196,0.010590,0.552412,1.609981,1.000000
350,10,0.210051,0.191896,0.586704,0.004956,0.006394,0.401947,1.692087,1.000000
350,20,0.207225,0.198817,0.584056,0.003491,0.006412,0.406042,1.663413,1.000000
350,30,0.207813,0.206058,0.576920,0.002686,0.006522,0.413871,1.644534,1.000000
350,40,0.212117,0.213511,0.565441,0.002205,0.006725,0.425629,1.635858,1.000000
350,50,0.220061,0.221042,0.549992,0.001892,0.007012,0.441103,1.637470,1.000000
350,60,0.231032,0.228560,0.531364,0.001672,0.007370,0.459593,1.648500,1.000000
350,70,0.243703,0.236143,0.510869,0.001510,0.007776,0.479845,1.666466,1.000000
350,80,0.256113,0.244106,0.490194,0.001386,0.008201,0.500219,1.687105,1.000000
350,90,0.266225,0.252916,0.470948,0.001292,0.008619,0.519141,1.705353,1.000000
350,100,0.272641,0.262965,0.454159,0.001222,0.009013,0.535606,1.717180,1.000000
350,110,0.274927,0.274409,0.440115,0.001171,0.009378,0.549336,1.720800,1.000000
350,120,0.273422,0.287157,0.428564,0.001135,0.009724,0.560578,1.716552,1.000000
350,130,0.268868,0.300952,0.419009,0.001109,0.010062,0.569820,1.706039,1.000000
350,140,0.262144,0.315449,0.410904,0.001092,0.010411,0.577594,1.691331,1.000000
350,150,0.254135,0.330258,0.403740,0.001081,0.010787,0.584393,1.674505,1.000000
350,160,0.245697,0.344950,0.397071,0.001072,0.011210,0.590647,1.657463,1.000000
350,170,0.237659,0.359061,0.390513,0.001066,0.011700,0.596721,1.641882,1.000000
350,180,0.230841,0.372071,0.383742,0.001060,0.012285,0.602912,1.629245,1.000000
350,190,0.226047,0.383394,0.376498,0.001054,0.013007,0.609441,1.620859,1.000000
350,200,0.224012,0.392364,0.368626,0.001045,0.013953,0.616376,1.617847,1.000000
350,210,0.225248,0.398052,0.360276,0.001034,0.015389,0.623301,1.621003,1.000000
350,220,0.229818,0.392267,0.359659,0.001021,0.017236,0.622085,1.630421,1.000000
350,230,0.237074,0.367494,0.379443,0.001005,0.014984,0.604568,1.645251,1.000000
350,240,0.245689,0.352353,0.385989,0.000988,0.014980,0.598042,1.662857,1.000000
350,250,0.253931,0.341638,0.387591,0.000973,0.015868,0.595568,1.679743,1.000000
350,260,0.260321,0.331900,0.388636,0.000961,0.018182,0.592221,1.692625,1.000000
350,270,0.264093,0.290761,0.426423,0.000953,0.017769,0.554854,1.699531,1.000000
350,280,0.265114,0.240182,0.482694,0.000949,0.011061,0.505296,1.700506,1.000000
350,290,0.263779,0.221887,0.503990,0.000949,0.009396,0.485666,1.696069,1.000000
350,300,0.260602,0.214588,0.515217,0.000951,0.008642,0.475190,1.687659,1.000000
350,310,0.256158,0.212665,0.522010,0.000954,0.008213,0.468823,1.676745,1.000000
350,320,0.251013,0.213896,0.526191,0.000959,0.007941,0.464909,1.664743,1.000000
350,330,0.245719,0.217141,0.528410,0.000963,0.007766,0.462861,1.652964,1.000000
350,340,0.240820,0.221697,0.528852,0.000968,0.007663,0.462517,1.642613,1.000000
350,350,0.236856,0.227054,0.527497,0.000970,0.007622,0.463910,1.634814,1.000000
350,360,0.234348,0.232802,0.524240,0.000971,0.007639,0.467150,1.630602,1.000000
350,370,0.233745,0.238587,0.518985,0.000970,0.007713,0.472332,1.630837,1.000000
350,380,0.235309,0.244124,0.511762,0.000965,0.007839,0.479433,1.635980,1.000000
350,390,0.238931,0.249242,0.502854,0.000959,0.008014,0.488174,1.645689,1.000000
350,400,0.243976,0.253958,0.492890,0.000950,0.008225,0.497934,1.658456,1.000000
350,410,0.249362,0.258485,0.482753,0.000942,0.008458,0.507848,1.671715,1.000000
350,420,0.253950,0.263138,0.473279,0.000935,0.008698,0.517088,1.682717,1.000000
350,430,0.256976,0.268181,0.464979,0.000930,0.008934,0.525157,1.689584,1.000000
350,440,0.258190,0.273746,0.457974,0.000928,0.009161,0.531937,1.691731,1.000000
350,450,0.257724,0.279843,0.452122,0.000928,0.009382,0.537567,1.689570,1.000000
350,460,0.255900,0.286404,0.447167,0.000931,0.009598,0.542304,1.684022,1.000000
350,470,0.253102,0.293321,0.442825,0.000935,0.009817,0.546424,1.676167,1.000000
350,480,0.249728,0.300463,0.438828,0.000939,0.010043,0.550191,1.667075,1.000000
350,490,0.246169,0.307680,0.434923,0.000944,0.010283,0.553849,1.657756,1.000000
350,500,0.242821,0.314806,0.430879,0.000948,0.010545,0.557627,1.649169,1.000000
360,10,0.225886,0.183475,0.579659,0.004702,0.006278,0.409361,1.718809,1.000000
360,20,0.226047,0.188951,0.575438,0.003249,0.006315,0.414998,1.694324,1.000000
360,30,0.230142,0.194275,0.566691,0.002451,0.006441,0.424417,1.680593,1.000000
360,40,0.238123,0.199581,0.553663,0.001973,0.006660,0.437704,1.677747,1.000000
360,50,0.249357,0.205002,0.537015,0.001663,0.006963,0.454360,1.685066,1.000000
360,60,0.262495,0.210755,0.517970,0.001448,0.007332,0.473250,1.700215,1.000000
360,70,0.275586,0.217191,0.498189,0.001292,0.007742,0.492777,1.719067,1.000000
360,80,0.286630,0.224732,0.479298,0.001177,0.008163,0.511362,1.736684,1.000000
360,90,0.294240,0.233702,0.462393,0.001092,0.008573,0.527942,1.749045,1.000000
360,100,0.297918,0.244222,0.447870,0.001029,0.008961,0.542140,1.754157,1.000000
360,110,0.297859,0.256221,0.435608,0.000983,0.009329,0.554080,1.751958,1.000000
360,120,0.294635,0.269496,0.425234,0.000949,0.009685,0.564131,1.743599,1.000000
360,130,0.288961,0.283770,0.416300,0.000925,0.010045,0.572731,1.730762,1.000000
360,140,0.281586,0.298718,0.408364,0.000907,0.010424,0.580305,1.715266,1.000000
360,150,0.273276,0.313966,0.401022,0.000893,0.010843,0.587242,1.698878,1.000000
360,160,0.264822,0.329066,0.393907,0.000883,0.011323,0.593888,1.683258,1.000000
360,170,0.257078,0.343466,0.386689,0.000874,0.011893,0.600544,1.669949,1.000000
360,180,0.250970,0.356479,0.379091,0.000865,0.012594,0.607449,1.660380,1.000000
360,190,0.247423,0.367300,0.370917,0.000855,0.013504,0.614723,1.655820,1.000000
360,200,0.247160,0.374973,0.362199,0.000845,0.014823,0.622133,1.657231,1.000000
360,210,0.250371,0.375883,0.355319,0.000832,0.017596,0.626253,1.665173,1.000000
360,220,0.256663,0.353463,0.373649,0.000818,0.015408,0.610126,1.677999,1.000000
360,230,0.264649,0.338145,0.380774,0.000803,0.015630,0.602793,1.694223,1.000000
360,240,0.272721,0.326309,0.382814,0.000790,0.017366,0.599030,1.710253,1.000000
360,250,0.279375,0.301807,0.395169,0.000779,0.022870,0.581183,1.723424,1.000000
360,260,0.284001,0.233809,0.469536,0.000771,0.011883,0.517810,1.730645,1.000000
360,270,0.286188,0.207733,0.495621,0.000767,0.009692,0.493921,1.732789,1.000000
360,280,0.286202,0.195825,0.508412,0.000764,0.008797,0.482027,1.729967,1.000000
360,290,0.284413,0.190481,0.516034,0.000764,0.008307,0.474894,1.723228,1.000000
360,300,0.281253,0.188973,0.521014,0.000766,0.007995,0.470226,1.713814,1.000000
360,310,0.277170,0.190011,0.524274,0.000768,0.007777,0.467181,1.702987,1.000000
360,320,0.272628,0.192857,0.526122,0.000771,0.007622,0.465485,1.691962,1.000000
360,330,0.268104,0.197023,0.526584,0.000773,0.007515,0.465127,1.681902,1.000000
360,340,0.264095,0.202131,0.525545,0.000775,0.007454,0.466226,1.673934,1.000000
360,350,0.261103,0.207852,0.522829,0.000776,0.007440,0.468955,1.669133,1.000000
360,360,0.259590,0.213878,0.518283,0.000774,0.007475,0.473468,1.668431,1.000000
360,370,0.259881,0.219911,0.511875,0.000771,0.007561,0.479792,1.672373,1.000000
360,380,0.262001,0.225708,0.503827,0.000766,0.007698,0.487708,1.680724,1.000000
360,390,0.265528,0.231141,0.494693,0.000760,0.007879,0.496668,1.692123,1.000000
360,400,0.269636,0.236251,0.485268,0.000753,0.008092,0.505887,1.704226,1.000000
360,410,0.273405,0.241210,0.476315,0.000748,0.008322,0.514615,1.714525,1.000000
360,420,0.276172,0.246219,0.468308,0.000744,0.008557,0.522391,1.721296,1.000000
360,430,0.277659,0.251426,0.461383,0.000742,0.008790,0.529085,1.723938,1.000000
360,440,0.277885,0.256907,0.455446,0.000742,0.009020,0.534792,1.722711,1.000000
360,450,0.277027,0.262683,0.450301,0.000743,0.009247,0.539709,1.718331,1.000000
360,460,0.275329,0.268732,0.445719,0.000745,0.009475,0.544061,1.711679,1.000000
360,470,0.273066,0.275004,0.441472,0.000748,0.009710,0.548070,1.703669,1.000000
360,480,0.270531,0.281418,0.437344,0.000751,0.009956,0.551949,1.695202,1.000000
360,490,0.268038,0.287865,0.433120,0.000754,0.010222,0.555904,1.687169,1.000000
360,500,0.265925,0.294211,0.428592,0.000757,0.010516,0.560136,1.680459,1.000000
370,10,0.232589,0.182877,0.573803,0.004514,0.006217,0.415465,1.736282,1.000000
370,20,0.236143,0.186262,0.568261,0.003066,0.006268,0.422405,1.716516,1.000000
370,30,0.243676,0.189326,0.558319,0.002270,0.006408,0.433002,1.707738,1.000000
370,40,0.254632,0.192452,0.544479,0.001796,0.006641,0.447085,1.709338,1.000000
370,50,0.267759,0.196030,0.527765,0.001490,0.006955,0.463790,1.719354,1.000000
370,60,0.281226,0.200494,0.509669,0.001282,0.007329,0.481720,1.734185,1.000000
370,70,0.293122,0.206267,0.491741,0.001134,0.007735,0.499390,1.749397,1.000000
370,80,0.302054,0.213655,0.475117,0.001026,0.008148,0.515709,1.761195,1.000000
370,90,0.307395,0.222779,0.460330,0.000947,0.008549,0.530174,1.767414,1.000000
370,100,0.309143,0.233600,0.447434,0.000887,0.008935,0.542743,1.767513,1.000000
370,110,0.307651,0.245976,0.436221,0.000843,0.009310,0.553626,1.762050,1.000000
370,120,0.303435,0.259699,0.426373,0.000810,0.009683,0.563134,1.752173,1.000000
370,130,0.297080,0.274518,0.417548,0.000784,0.010069,0.571598,1.739279,1.000000
370,140,0.289224,0.290121,0.409403,0.000765,0.010488,0.579344,1.724854,1.000000
370,150,0.280586,0.306092,0.401612,0.000749,0.010961,0.586678,1.710388,1.000000
370,160,0.272025,0.321853,0.393867,0.000736,0.011519,0.593877,1.697355,1.000000
370,170,0.264569,0.336610,0.385892,0.000725,0.012204,0.601179,1.687180,1.000000
370,180,0.259329,0.349394,0.377472,0.000714,0.013091,0.608723,1.681185,1.000000
370,190,0.257247,0.359133,0.368569,0.000703,0.014349,0.616380,1.680436,1.000000
370,200,0.258754,0.363724,0.360161,0.000690,0.016671,0.622477,1.685407,1.000000
370,210,0.263520,0.346357,0.373557,0.000678,0.015889,0.609876,1.695541,1.000000
370,220,0.270457,0.330776,0.381568,0.000665,0.016535,0.601233,1.708974,1.000000
370,230,0.278061,0.314295,0.386389,0.000653,0.020602,0.592356,1.722966,1.000000
370,240,0.284985,0.244634,0.456661,0.000643,0.013077,0.529619,1.734724,1.000000
370,250,0.290356,0.208798,0.490194,0.000635,0.010017,0.499154,1.742600,1.000000
370,260,0.293829,0.191626,0.504982,0.000630,0.008934,0.485455,1.746005,1.000000
370,270,0.295404,0.182367,0.513215,0.000626,0.008389,0.477771,1.745198,1.000000
370,280,0.295276,0.177584,0.518457,0.000624,0.008059,0.472860,1.740820,1.000000
370,290,0.293720,0.175792,0.522033,0.000624,0.007833,0.469511,1.733737,1.000000
370,300,0.291045,0.176206,0.524462,0.000624,0.007664,0.467251,1.724954,1.000000
370,310,0.287589,0.178352,0.525902,0.000625,0.007533,0.465940,1.715523,1.000000
370,320,0.283725,0.181900,0.526318,0.000626,0.007432,0.465624,1.706497,1.000000
370,330,0.279864,0.186589,0.525559,0.000627,0.007361,0.466453,1.698921,1.000000
370,340,0.276450,0.192176,0.523424,0.000627,0.007324,0.468626,1.693820,1.000000
370,350,0.273931,0.198397,0.519720,0.000625,0.007326,0.472328,1.692115,1.000000
370,360,0.272697,0.204944,0.514363,0.000623,0.007373,0.477641,1.694406,1.000000
370,370,0.272950,0.211476,0.507486,0.000619,0.007469,0.484426,1.700621,1.000000
370,380,0.274562,0.217691,0.499521,0.000615,0.007611,0.492253,1.709708,1.000000
370,390,0.277046,0.223430,0.491123,0.000610,0.007791,0.500476,1.719754,1.000000
370,400,0.279748,0.228708,0.482940,0.000606,0.007998,0.508456,1.728671,1.000000
370,410,0.282117,0.233660,0.475402,0.000603,0.008219,0.515776,1.734967,1.000000
370,420,0.283835,0.238452,0.468667,0.000601,0.008445,0.522287,1.738025,1.000000
370,430,0.284792,0.243231,0.462703,0.000600,0.008674,0.528023,1.737916,1.000000
370,440,0.285008,0.248103,0.457385,0.000600,0.008903,0.533111,1.735096,1.000000
370,450,0.284575,0.253136,0.452551,0.000601,0.009136,0.537712,1.730189,1.000000
370,460,0.283633,0.258360,0.448029,0.000603,0.009375,0.541993,1.723887,1.000000
370,470,0.282355,0.263768,0.443646,0.000605,0.009626,0.546124,1.716915,1.000000
370,480,0.280955,0.269321,0.439222,0.000606,0.009895,0.550276,1.710024,1.000000
370,490,0.279680,0.274945,0.434577,0.000608,0.010190,0.554625,1.704001,1.000000
370,500,0.278805,0.280537,0.429527,0.000609,0.010522,0.559342,1.699651,1.000000
380,10,0.230187,0.189023,0.570195,0.004386,0.006209,0.419210,1.741940,1.000000
380,20,0.236873,0.190056,0.563863,0.002935,0.006272,0.426930,1.726091,1.000000
380,30,0.247053,0.190891,0.553492,0.002140,0.006424,0.437944,1.720485,1.000000
380,40,0.259691,0.192111,0.539864,0.001668,0.006666,0.451801,1.723573,1.000000
380,50,0.273185,0.194270,0.524193,0.001367,0.006985,0.467455,1.732523,1.000000
380,60,0.285772,0.197854,0.507853,0.001164,0.007356,0.483626,1.743683,1.000000
380,70,0.296046,0.203205,0.491975,0.001021,0.007752,0.499251,1.753685,1.000000
380,80,0.303207,0.210494,0.477228,0.000917,0.008154,0.513701,1.760269,1.000000
380,90,0.307001,0.219742,0.463867,0.000840,0.008549,0.526743,1.762417,1.000000
380,100,0.307523,0.230876,0.451882,0.000782,0.008937,0.538399,1.760053,1.000000
380,110,0.305055,0.243767,0.441117,0.000738,0.009323,0.548822,1.753699,1.000000
380,120,0.299990,0.258238,0.431349,0.000704,0.009719,0.558228,1.744233,1.000000
380,130,0.292818,0.274037,0.422327,0.000677,0.010141,0.566855,1.732739,1.000000
380,140,0.284172,0.290778,0.413782,0.000656,0.010612,0.574950,1.720420,1.000000
380,150,0.274910,0.307843,0.405447,0.000638,0.011162,0.582752,1.708553,1.000000
380,160,0.266159,0.324314,0.397068,0.000623,0.011836,0.590473,1.698442,1.000000
380,170,0.259207,0.339043,0.388432,0.000610,0.012708,0.598250,1.691359,1.000000
380,180,0.255193,0.350811,0.379460,0.000598,0.013938,0.606004,1.688400,1.000000
380,190,0.254741,0.357917,0.370693,0.000586,0.016062,0.612659,1.690207,1.000000
380,200,0.257734,0.345952,0.379284,0.000573,0.016456,0.603687,1.696591,1.000000
380,210,0.263317,0.329245,0.388826,0.000562,0.018050,0.592562,1.706326,1.000000
380,220,0.270221,0.275587,0.438127,0.000551,0.015514,0.545808,1.717264,1.000000
380,230,0.277175,0.225815,0.485937,0.000541,0.010532,0.502990,1.727358,1.000000
380,240,0.283284,0.202535,0.504540,0.000533,0.009107,0.485819,1.735015,1.000000
380,250,0.288055,0.189035,0.513923,0.000527,0.008461,0.477090,1.739482,1.000000
380,260,0.291296,0.180683,0.519396,0.000522,0.008103,0.471980,1.740623,1.000000
380,270,0.292985,0.175671,0.522950,0.000518,0.007876,0.468655,1.738803,1.000000
380,280,0.293207,0.173139,0.525423,0.000516,0.007715,0.466345,1.734566,1.000000
380,290,0.292130,0.172628,0.527137,0.000515,0.007590,0.464758,1.728511,1.000000
380,300,0.289969,0.173862,0.528168,0.000514,0.007487,0.463831,1.721340,1.000000
380,310,0.286971,0.176647,0.528468,0.000514,0.007400,0.463618,1.713898,1.000000
380,320,0.283424,0.180822,0.527910,0.000514,0.007331,0.464246,1.707126,1.000000
380,330,0.279674,0.186217,0.526313,0.000513,0.007283,0.465892,1.701989,1.000000
380,340,0.276132,0.192608,0.523486,0.000512,0.007262,0.468740,1.699365,1.000000
380,350,0.273251,0.199661,0.519302,0.000510,0.007276,0.472912,1.699879,1.000000
380,360,0.271445,0.206919,0.513796,0.000507,0.007333,0.478364,1.703626,1.000000
380,370,0.270928,0.213892,0.507242,0.000504,0.007433,0.484820,1.709932,1.000000
380,380,0.271596,0.220214,0.500115,0.000501,0.007574,0.491810,1.717424,1.000000
380,390,0.273082,0.225754,0.492920,0.000497,0.007747,0.498836,1.724524,1.000000
380,400,0.274947,0.230591,0.486026,0.000495,0.007942,0.505538,1.730023,1.000000
380,410,0.276833,0.234913,0.479612,0.000493,0.008149,0.511746,1.733311,1.000000
380,420,0.278501,0.238929,0.473712,0.000492,0.008365,0.517431,1.734273,1.000000
380,430,0.279814,0.242828,0.468279,0.000491,0.008587,0.522643,1.733101,1.000000
380,440,0.280710,0.246760,0.463223,0.000491,0.008816,0.527470,1.730149,1.000000
380,450,0.281186,0.250832,0.458436,0.000492,0.009054,0.532018,1.725861,1.000000
380,460,0.281293,0.255113,0.453798,0.000493,0.009304,0.536405,1.720746,1.000000
380,470,0.281129,0.259631,0.449175,0.000494,0.009572,0.540759,1.715372,1.000000
380,480,0.280837,0.264380,0.444421,0.000494,0.009867,0.545218,1.710367,1.000000
380,490,0.280597,0.269325,0.439384,0.000495,0.010199,0.549922,1.706401,1.000000
380,500,0.280594,0.274407,0.433922,0.000495,0.010582,0.555001,1.704143,1.000000
390,10,0.219248,0.200697,0.569490,0.004313,0.006252,0.419945,1.734357,1.000000
390,20,0.228209,0.199516,0.563098,0.002853,0.006324,0.427725,1.720621,1.000000
390,30,0.239843,0.198448,0.553170,0.002054,0.006485,0.438291,1.715664,1.000000
390,40,0.252888,0.198190,0.540609,0.001583,0.006730,0.451078,1.717409,1.000000
390,50,0.265814,0.199331,0.526527,0.001284,0.007045,0.465144,1.723116,1.000000
390,60,0.277232,0.202311,0.511971,0.001083,0.007404,0.479542,1.729998,1.000000
390,70,0.286167,0.207396,0.497709,0.000942,0.007786,0.493563,1.735847,1.000000
390,80,0.292078,0.214710,0.484196,0.000839,0.008177,0.506789,1.739264,1.000000
390,90,0.294760,0.224277,0.471632,0.000762,0.008569,0.519037,1.739581,1.000000
390,100,0.294229,0.236054,0.460050,0.000704,0.008963,0.530283,1.736700,1.000000
390,110,0.290655,0.249945,0.449374,0.000658,0.009367,0.540600,1.730931,1.000000
390,120,0.284367,0.265755,0.439460,0.000623,0.009795,0.550122,1.722889,1.000000
390,130,0.275907,0.283108,0.430124,0.000594,0.010266,0.559015,1.713399,1.000000
390,140,0.266141,0.301321,0.421156,0.000572,0.010811,0.567461,1.703443,1.000000
390,150,0.256299,0.319332,0.412341,0.000553,0.011476,0.575631,1.694106,1.000000
390,160,0.247821,0.335817,0.403488,0.000536,0.012338,0.583638,1.686511,1.000000
390,170,0.241994,0.349420,0.394506,0.000522,0.013559,0.591413,1.681706,1.000000
390,180,0.239590,0.358534,0.385747,0.000509,0.015620,0.598124,1.680444,1.000000
390,190,0.240689,0.351156,0.390537,0.000496,0.017121,0.591845,1.682913,1.000000
390,200,0.244591,0.326175,0.407677,0.000484,0.021072,0.570766,1.689329,1.000000
390,210,0.250634,0.258801,0.478499,0.000474,0.011592,0.509435,1.695997,1.000000
390,220,0.257382,0.227851,0.504846,0.000464,0.009456,0.485233,1.703742,1.000000
390,230,0.264032,0.209948,0.516967,0.000456,0.008597,0.473981,1.710565,1.000000
390,240,0.269968,0.198033,0.523390,0.000449,0.008159,0.468001,1.715561,1.000000
390,250,0.274794,0.189736,0.527119,0.000443,0.007908,0.464531,1.718378,1.000000
390,260,0.278283,0.184059,0.529472,0.000438,0.007748,0.462342,1.719024,1.000000
390,270,0.280352,0.180541,0.531037,0.000435,0.007636,0.460892,1.717567,1.000000
390,280,0.281001,0.178949,0.532070,0.000432,0.007548,0.459949,1.714258,1.000000
390,290,0.280271,0.179149,0.532676,0.000430,0.007474,0.459420,1.709616,1.000000
390,300,0.278256,0.181060,0.532847,0.000429,0.007407,0.459317,1.704302,1.000000
390,310,0.275120,0.184625,0.532479,0.000427,0.007348,0.459746,1.699000,1.000000
390,320,0.271120,0.189758,0.531396,0.000426,0.007300,0.460879,1.694403,1.000000
390,330,0.266631,0.196272,0.529405,0.000425,0.007268,0.462903,1.691209,1.000000
390,340,0.262170,0.203792,0.526355,0.000423,0.007261,0.465961,1.690019,1.000000
390,350,0.258357,0.211727,0.522209,0.000421,0.007286,0.470084,1.691136,1.000000
390,360,0.255744,0.219385,0.517103,0.000419,0.007349,0.475129,1.694344,1.000000
390,370,0.254594,0.226207,0.511333,0.000416,0.007450,0.480801,1.698891,1.000000
390,380,0.254818,0.231932,0.505253,0.000414,0.007584,0.486749,1.703772,1.000000
390,390,0.256093,0.236594,0.499157,0.000412,0.007744,0.492687,1.708107,1.000000
390,400,0.258038,0.240401,0.493229,0.000410,0.007922,0.498439,1.711325,1.000000
390,410,0.260304,0.243619,0.487554,0.000408,0.008114,0.503924,1.713157,1.000000
390,420,0.262616,0.246508,0.482151,0.000407,0.008318,0.509124,1.713548,1.000000
390,430,0.264768,0.249291,0.477001,0.000407,0.008533,0.514059,1.712586,1.000000
390,440,0.266625,0.252150,0.472059,0.000406,0.008760,0.518775,1.710461,1.000000
390,450,0.268114,0.255221,0.467257,0.000406,0.009002,0.523335,1.707452,1.000000
390,460,0.269216,0.258604,0.462510,0.000406,0.009264,0.527820,1.703914,1.000000
390,470,0.269964,0.262360,0.457716,0.000407,0.009553,0.532324,1.700282,1.000000
390,480,0.270430,0.266522,0.452761,0.000407,0.009879,0.536953,1.697054,1.000000
390,490,0.270705,0.271100,0.447529,0.000407,0.010258,0.541806,1.694756,1.000000
390,500,0.270862,0.276092,0.441927,0.000407,0.010713,0.546953,1.693865,1.000000
400,10,0.200844,0.216722,0.571801,0.004290,0.006344,0.417566,1.713982,1.000000
400,20,0.210976,0.213750,0.566041,0.002811,0.006421,0.424726,1.700472,1.000000
400,30,0.222979,0.211255,0.557179,0.002005,0.006582,0.434234,1.694295,1.000000
400,40,0.235658,0.209956,0.546035,0.001530,0.006821,0.445614,1.693507,1.000000
400,50,0.247734,0.210425,0.533490,0.001230,0.007121,0.458159,1.695983,1.000000
400,60,0.258103,0.213073,0.520333,0.001028,0.007463,0.471176,1.699735,1.000000
400,70,0.265951,0.218166,0.507167,0.000886,0.007830,0.484117,1.703166,1.000000
400,80,0.270751,0.225859,0.494395,0.000782,0.008212,0.496610,1.705160,1.000000
400,90,0.272220,0.236223,0.482248,0.000704,0.008605,0.508443,1.705073,1.000000
400,100,0.270280,0.249249,0.470814,0.000644,0.009012,0.519529,1.702677,1.000000
400,110,0.265080,0.264795,0.460085,0.000597,0.009443,0.529875,1.698095,1.000000
400,120,0.257076,0.282474,0.449976,0.000560,0.009914,0.539550,1.691728,1.000000
400,130,0.247147,0.301511,0.440357,0.000530,0.010454,0.548658,1.684201,1.000000
400,140,0.236619,0.320693,0.431073,0.000506,0.011108,0.557312,1.676302,1.000000
400,150,0.227037,0.338548,0.421971,0.000486,0.011958,0.565585,1.668926,1.000000
400,160,0.219758,0.353627,0.412974,0.000469,0.013173,0.573385,1.662990,1.000000
400,170,0.215631,0.364301,0.404374,0.000454,0.015241,0.579932,1.659289,1.000000
400,180,0.214894,0.360010,0.406744,0.000440,0.017912,0.574904,1.658269,1.000000
400,190,0.217222,0.308579,0.459583,0.000428,0.014187,0.525801,1.659969,1.000000
400,200,0.221914,0.265423,0.502043,0.000417,0.010204,0.487336,1.663806,1.000000
400,210,0.228097,0.242880,0.519699,0.000407,0.008918,0.470977,1.668848,1.000000
400,220,0.234923,0.227848,0.528521,0.000398,0.008311,0.462771,1.674187,1.000000
400,230,0.241672,0.216686,0.533271,0.000390,0.007981,0.458358,1.679102,1.000000
400,240,0.247815,0.208127,0.535885,0.000383,0.007790,0.455942,1.682896,1.000000
400,250,0.252932,0.201651,0.537368,0.000377,0.007671,0.454583,1.685333,1.000000
400,260,0.256735,0.197058,0.538242,0.000373,0.007592,0.453793,1.686301,1.000000
400,270,0.259059,0.194308,0.538730,0.000369,0.007534,0.453367,1.685663,1.000000
400,280,0.259796,0.193414,0.538939,0.000366,0.007486,0.453210,1.683567,1.000000
400,290,0.258877,0.194403,0.538914,0.000363,0.007442,0.453281,1.680448,1.000000
400,300,0.256320,0.197306,0.538613,0.000361,0.007400,0.453626,1.676802,1.000000
400,310,0.252266,0.202106,0.537908,0.000359,0.007361,0.454373,1.673106,1.000000
400,320,0.247047,0.208638,0.536628,0.000357,0.007329,0.455686,1.669858,1.000000
400,330,0.241242,0.216474,0.534617,0.000356,0.007312,0.457716,1.667567,1.000000
400,340,0.235662,0.224888,0.531780,0.000354,0.007316,0.460550,1.666641,1.000000
400,350,0.231154,0.233016,0.528130,0.000352,0.007348,0.464170,1.667216,1.000000
400,360,0.228301,0.240146,0.523791,0.000350,0.007412,0.468447,1.669074,1.000000
400,370,0.227262,0.245925,0.518959,0.000348,0.007506,0.473187,1.671740,1.000000
400,380,0.227842,0.250351,0.513834,0.000346,0.007627,0.478193,1.674677,1.000000
400,390,0.229668,0.253638,0.508580,0.000344,0.007769,0.483306,1.677419,1.000000
400,400,0.232325,0.256090,0.503313,0.000343,0.007930,0.488415,1.679628,1.000000
400,410,0.235429,0.258017,0.498105,0.000341,0.008107,0.493446,1.681083,1.000000
400,420,0.238658,0.259703,0.493000,0.000340,0.008299,0.498360,1.681668,1.000000
400,430,0.241757,0.261387,0.488009,0.000340,0.008507,0.503144,1.681364,1.000000
400,440,0.244538,0.263269,0.483121,0.000339,0.008733,0.507807,1.680240,1.000000
400,450,0.246870,0.265509,0.478302,0.000339,0.008981,0.512379,1.678453,1.000000
400,460,0.248672,0.268235,0.473497,0.000338,0.009257,0.516907,1.676240,1.000000
400,470,0.249906,0.271548,0.468636,0.000338,0.009572,0.521454,1.673915,1.000000
400,480,0.250559,0.275527,0.463637,0.000338,0.009939,0.526085,1.671843,1.000000
400,490,0.250624,0.280229,0.458425,0.000338,0.010384,0.530853,1.670397,1.000000
400,500,0.250073,0.285686,0.452957,0.000337,0.010946,0.535759,1.669869,1.000000
410,10,0.176951,0.235854,0.576412,0.004304,0.006478,0.412805,1.683978,1.000000
410,20,0.187332,0.231627,0.571687,0.002801,0.006553,0.418959,1.669669,1.000000
410,30,0.199024,0.228198,0.564093,0.001982,0.006703,0.427221,1.661789,1.000000
410,40,0.210985,0.226287,0.554302,0.001501,0.006925,0.437272,1.658765,1.000000
410,50,0.222105,0.226472,0.543024,0.001196,0.007204,0.448576,1.658966,1.000000
410,60,0.231372,0.229192,0.530918,0.000991,0.007527,0.460564,1.660829,1.000000
410,70,0.237971,0.234768,0.518534,0.000846,0.007880,0.472739,1.663006,1.000000
410,80,0.241314,0.243412,0.506277,0.000740,0.008257,0.484725,1.664470,1.000000
410,90,0.241056,0.255218,0.494409,0.000660,0.008656,0.496274,1.664545,1.000000
410,100,0.237151,0.270098,0.483070,0.000599,0.009082,0.507249,1.662901,1.000000
410,110,0.229959,0.287642,0.472300,0.000550,0.009549,0.517601,1.659515,1.000000
410,120,0.220367,0.306974,0.462067,0.000512,0.010080,0.527341,1.654624,1.000000
410,130,0.209759,0.326746,0.452294,0.000480,0.010720,0.536505,1.648680,1.000000
410,140,0.199712,0.345395,0.442888,0.000455,0.011550,0.545108,1.642294,1.000000
410,150,0.191570,0.361441,0.433809,0.000434,0.012746,0.553011,1.636180,1.000000
410,160,0.186178,0.373190,0.425375,0.000416,0.014841,0.559368,1.631065,1.000000
410,170,0.183859,0.369116,0.427716,0.000400,0.018909,0.552974,1.627615,1.000000
410,180,0.184536,0.312798,0.490459,0.000387,0.011820,0.497334,1.626058,1.000000
410,190,0.187783,0.283706,0.518567,0.000374,0.009570,0.471489,1.626586,1.000000
410,200,0.192995,0.266164,0.531824,0.000363,0.008653,0.459160,1.628780,1.000000
410,210,0.199456,0.253160,0.538855,0.000354,0.008176,0.452616,1.632205,1.000000
410,220,0.206478,0.242622,0.542651,0.000345,0.007904,0.449100,1.636130,1.000000
410,230,0.213411,0.233855,0.544654,0.000337,0.007743,0.447266,1.640069,1.000000
410,240,0.219712,0.226676,0.545635,0.000331,0.007646,0.446388,1.643537,1.000000
410,250,0.224959,0.221129,0.546000,0.000325,0.007587,0.446088,1.645985,1.000000
410,260,0.228778,0.217292,0.546061,0.000320,0.007550,0.446070,1.647354,1.000000
410,270,0.230877,0.215294,0.545992,0.000316,0.007522,0.446171,1.647661,1.000000
410,280,0.231075,0.215312,0.545803,0.000312,0.007498,0.446387,1.646796,1.000000
410,290,0.229272,0.217487,0.545457,0.000309,0.007475,0.446759,1.644839,1.000000
410,300,0.225478,0.221848,0.544915,0.000307,0.007452,0.447326,1.642171,1.000000
410,310,0.219943,0.228212,0.544111,0.000304,0.007430,0.448155,1.639307,1.000000
410,320,0.213274,0.236079,0.542932,0.000303,0.007413,0.449352,1.636717,1.000000
410,330,0.206426,0.244617,0.541250,0.000301,0.007406,0.451044,1.634771,1.000000
410,340,0.200462,0.252861,0.538962,0.000299,0.007416,0.453323,1.633705,1.000000
410,350,0.196195,0.260023,0.536036,0.000297,0.007449,0.456218,1.633586,1.000000
410,360,0.193984,0.265701,0.532513,0.000295,0.007506,0.459686,1.634321,1.000000
410,370,0.193770,0.269860,0.528488,0.000294,0.007588,0.463630,1.635700,1.000000
410,380,0.195234,0.272699,0.524083,0.000292,0.007692,0.467933,1.637456,1.000000
410,390,0.197955,0.274519,0.519417,0.000290,0.007818,0.472474,1.639311,1.000000
410,400,0.201499,0.275650,0.514599,0.000289,0.007963,0.477149,1.641013,1.000000
410,410,0.205466,0.276405,0.509715,0.000287,0.008126,0.481871,1.642352,1.000000
410,420,0.209514,0.277064,0.504826,0.000286,0.008309,0.486578,1.643178,1.000000
410,430,0.213356,0.277874,0.499972,0.000285,0.008512,0.491230,1.643409,1.000000
410,440,0.216760,0.279049,0.495167,0.000285,0.008739,0.495809,1.643032,1.000000
410,450,0.219543,0.280774,0.490403,0.000284,0.008995,0.500317,1.642110,1.000000
410,460,0.221559,0.283215,0.485653,0.000284,0.009289,0.504774,1.640780,1.000000
410,470,0.222690,0.286517,0.480874,0.000283,0.009636,0.509207,1.639240,1.000000
410,480,0.222843,0.290800,0.476016,0.000283,0.010058,0.513643,1.637735,1.000000
410,490,0.221941,0.296138,0.471040,0.000282,0.010599,0.518079,1.636516,1.000000
410,500,0.219948,0.302482,0.465948,0.000282,0.011340,0.522430,1.635782,1.000000
420,10,0.150882,0.256540,0.581592,0.004341,0.006644,0.407422,1.650331,1.000000
420,20,0.160894,0.251596,0.577997,0.002809,0.006704,0.412490,1.635128,1.000000
420,30,0.171812,0.247736,0.571643,0.001975,0.006834,0.419548,1.625818,1.000000
420,40,0.182691,0.245701,0.563092,0.001484,0.007032,0.428392,1.621113,1.000000
420,50,0.192490,0.246107,0.552941,0.001174,0.007288,0.438598,1.619690,1.000000
420,60,0.200215,0.249452,0.541776,0.000965,0.007591,0.449667,1.620235,1.000000
420,70,0.205024,0.256110,0.530114,0.000817,0.007934,0.461135,1.621558,1.000000
420,80,0.206320,0.266299,0.518362,0.000709,0.008310,0.472619,1.622697,1.000000
420,90,0.203851,0.279994,0.506809,0.000627,0.008719,0.483846,1.622965,1.000000
420,100,0.197862,0.296772,0.495630,0.000563,0.009172,0.494634,1.621959,1.000000
420,110,0.189206,0.315679,0.484914,0.000513,0.009688,0.504885,1.619546,1.000000
420,120,0.179257,0.335287,0.474678,0.000473,0.010305,0.514544,1.615831,1.000000
420,130,0.169539,0.354010,0.464908,0.000441,0.011101,0.523550,1.611114,1.000000
420,140,0.161303,0.370401,0.455626,0.000414,0.012255,0.531704,1.605850,1.000000
420,150,0.155323,0.382691,0.447240,0.000392,0.014354,0.538014,1.600597,1.000000
420,160,0.151958,0.371447,0.459470,0.000373,0.016751,0.523406,1.595883,1.000000
420,170,0.151232,0.327863,0.509736,0.000357,0.010812,0.479095,1.592444,1.000000
420,180,0.152988,0.307143,0.530261,0.000344,0.009263,0.460132,1.590421,1.000000
420,190,0.156862,0.293421,0.540836,0.000331,0.008549,0.450283,1.590046,1.000000
420,200,0.162361,0.282383,0.546786,0.000320,0.008150,0.444744,1.591154,1.000000
420,210,0.168899,0.272727,0.550154,0.000311,0.007909,0.441626,1.593469,1.000000
420,220,0.175872,0.264140,0.551924,0.000302,0.007762,0.440012,1.596458,1.000000
420,230,0.182666,0.256624,0.552743,0.000294,0.007673,0.439290,1.599832,1.000000
420,240,0.188761,0.250401,0.552928,0.000288,0.007623,0.439162,1.602891,1.000000
420,250,0.193658,0.245689,0.552776,0.000282,0.007596,0.439346,1.605400,1.000000
420,260,0.196913,0.242722,0.552507,0.000277,0.007582,0.439634,1.607284,1.000000
420,270,0.198203,0.241792,0.552158,0.000272,0.007575,0.439995,1.608175,1.000000
420,280,0.197295,0.243134,0.551733,0.000268,0.007570,0.440429,1.607918,1.000000
420,290,0.194087,0.246817,0.551267,0.000265,0.007564,0.440904,1.606760,1.000000
420,300,0.188768,0.252659,0.550754,0.000262,0.007556,0.441427,1.605047,1.000000
420,310,0.181956,0.260127,0.550111,0.000260,0.007546,0.442083,1.603040,1.000000
420,320,0.174656,0.268344,0.549203,0.000258,0.007538,0.443000,1.600951,1.000000
420,330,0.167995,0.276314,0.547897,0.000256,0.007537,0.444309,1.599019,1.000000
420,340,0.162863,0.283238,0.546096,0.000254,0.007548,0.446101,1.597497,1.000000
420,350,0.159728,0.288689,0.543756,0.000252,0.007575,0.448417,1.596594,1.000000
420,360,0.158655,0.292589,0.540884,0.000251,0.007622,0.451243,1.596407,1.000000
420,370,0.159444,0.295087,0.537531,0.000249,0.007689,0.454531,1.596906,1.000000
420,380,0.161749,0.296453,0.533773,0.000247,0.007778,0.458202,1.597953,1.000000
420,390,0.165170,0.296998,0.529699,0.000246,0.007887,0.462169,1.599347,1.000000
420,400,0.169304,0.297038,0.525397,0.000244,0.008017,0.466342,1.600862,1.000000
420,410,0.173770,0.296872,0.520947,0.000243,0.008169,0.470641,1.602284,1.000000
420,420,0.178223,0.296776,0.516416,0.000242,0.008342,0.475000,1.603434,1.000000
420,430,0.182360,0.297005,0.511853,0.000241,0.008541,0.479365,1.604182,1.000000
420,440,0.185911,0.297791,0.507288,0.000240,0.008770,0.483702,1.604457,1.000000
420,450,0.188639,0.299351,0.502736,0.000239,0.009036,0.487989,1.604250,1.000000
420,460,0.190331,0.301887,0.498192,0.000239,0.009351,0.492219,1.603614,1.000000
420,470,0.190804,0.305579,0.493640,0.000238,0.009738,0.496383,1.602660,1.000000
420,480,0.189917,0.310544,0.489064,0.000238,0.010237,0.500462,1.601548,1.000000
420,490,0.187617,0.316743,0.484467,0.000237,0.010935,0.504360,1.600459,1.000000
420,500,0.184025,0.323666,0.479988,0.000237,0.012084,0.507691,1.599568,1.000000
430,10,0.127030,0.276845,0.584921,0.004380,0.006824,0.403875,1.620345,1.000000
430,20,0.136068,0.271743,0.582507,0.002821,0.006860,0.407811,1.604211,1.000000
430,30,0.145589,0.268017,0.577458,0.001973,0.006963,0.413605,1.593470,1.000000
430,40,0.154744,0.266429,0.570219,0.001474,0.007134,0.421173,1.587114,1.000000
430,50,0.162562,0.267633,0.561279,0.001158,0.007367,0.430195,1.584093,1.000000
430,60,0.168087,0.272161,0.551152,0.000945,0.007655,0.440248,1.583314,1.000000
430,70,0.170534,0.280368,0.540316,0.000795,0.007989,0.450901,1.583733,1.000000
430,80,0.169462,0.292313,0.529174,0.000684,0.008367,0.461776,1.584458,1.000000
430,90,0.164974,0.307600,0.518033,0.000600,0.008794,0.472573,1.584804,1.000000
430,100,0.157821,0.325255,0.507107,0.000534,0.009283,0.483076,1.584325,1.000000
430,110,0.149277,0.343851,0.496523,0.000483,0.009866,0.493127,1.582804,1.000000
430,120,0.140728,0.361853,0.486364,0.000442,0.010614,0.502580,1.580235,1.000000
430,130,0.133272,0.377892,0.476732,0.000408,0.011695,0.511165,1.576784,1.000000
430,140,0.127571,0.390157,0.468161,0.000381,0.013731,0.517728,1.572748,1.000000
430,150,0.123919,0.374651,0.487103,0.000358,0.013969,0.498571,1.568459,1.000000
430,160,0.122367,0.345229,0.521802,0.000338,0.010263,0.467596,1.564491,1.000000
430,170,0.122854,0.330584,0.537125,0.000322,0.009114,0.453439,1.561083,1.000000
430,180,0.125217,0.320316,0.545618,0.000308,0.008541,0.445533,1.558653,1.000000
430,190,0.129199,0.311489,0.550819,0.000295,0.008198,0.440688,1.557464,1.000000
430,200,0.134455,0.303252,0.554030,0.000285,0.007978,0.437708,1.557474,1.000000
430,210,0.140518,0.295422,0.555949,0.000275,0.007836,0.435940,1.558713,1.000000
430,220,0.146886,0.288183,0.556917,0.000266,0.007748,0.435069,1.560693,1.000000
430,230,0.152994,0.281784,0.557265,0.000259,0.007698,0.434778,1.563217,1.000000
430,240,0.158289,0.276551,0.557234,0.000252,0.007674,0.434840,1.565975,1.000000
430,250,0.162288,0.272899,0.556899,0.000246,0.007668,0.435188,1.568304,1.000000
430,260,0.164504,0.271134,0.556449,0.000241,0.007672,0.435638,1.570185,1.000000
430,270,0.164553,0.271511,0.556019,0.000236,0.007681,0.436064,1.571641,1.000000
430,280,0.162285,0.274216,0.555577,0.000232,0.007690,0.436501,1.572356,1.000000
430,290,0.157859,0.279147,0.555067,0.000229,0.007698,0.437006,1.572134,1.000000
430,300,0.151826,0.285761,0.554485,0.000226,0.007702,0.437587,1.571144,1.000000
430,310,0.145089,0.293154,0.553832,0.000223,0.007701,0.438243,1.569712,1.000000
430,320,0.138656,0.300355,0.553072,0.000221,0.007697,0.439011,1.568105,1.000000
430,330,0.133342,0.306627,0.552120,0.000218,0.007692,0.439970,1.566505,1.000000
430,340,0.129628,0.311589,0.550872,0.000217,0.007694,0.441217,1.565066,1.000000
430,350,0.127693,0.315151,0.549233,0.000215,0.007709,0.442844,1.563938,1.000000
430,360,0.127502,0.317408,0.547136,0.000213,0.007740,0.444910,1.563248,1.000000
430,370,0.128872,0.318559,0.544565,0.000212,0.007793,0.447431,1.563058,1.000000
430,380,0.131528,0.318850,0.541544,0.000210,0.007867,0.450379,1.563353,1.000000
430,390,0.135145,0.318551,0.538131,0.000209,0.007964,0.453697,1.564046,1.000000
430,400,0.139374,0.317938,0.534397,0.000207,0.008083,0.457312,1.565004,1.000000
430,410,0.143866,0.317281,0.530420,0.000206,0.008227,0.461147,1.566072,1.000000
430,420,0.148284,0.316847,0.526268,0.000205,0.008396,0.465131,1.567101,1.000000
430,430,0.152309,0.316891,0.522002,0.000204,0.008594,0.469200,1.567963,1.000000
430,440,0.155637,0.317666,0.517666,0.000203,0.008827,0.473304,1.568565,1.000000
430,450,0.157984,0.319415,0.513293,0.000202,0.009106,0.477399,1.568855,1.000000
430,460,0.159083,0.322363,0.508904,0.000201,0.009448,0.481446,1.568820,1.000000
430,470,0.158711,0.326675,0.504523,0.000201,0.009890,0.485386,1.568475,1.000000
430,480,0.156745,0.332345,0.500193,0.000200,0.010516,0.489091,1.567863,1.000000
430,490,0.153269,0.338832,0.496105,0.000199,0.011595,0.492101,1.567051,1.000000
430,500,0.148685,0.337467,0.500433,0.000199,0.013216,0.486152,1.566046,1.000000
440,10,0.109617,0.294773,0.584208,0.004401,0.007000,0.404390,1.600023,1.000000
440,20,0.116832,0.290122,0.583210,0.002826,0.007009,0.406955,1.582308,1.000000
440,30,0.124127,0.287115,0.579705,0.001968,0.007085,0.411242,1.569589,1.000000
440,40,0.130799,0.286513,0.573994,0.001464,0.007230,0.417312,1.561176,1.000000
440,50,0.135990,0.288970,0.566453,0.001144,0.007443,0.424960,1.556284,1.000000
440,60,0.138870,0.294967,0.557519,0.000928,0.007716,0.433837,1.554014,1.000000
440,70,0.138876,0.304674,0.547631,0.000775,0.008045,0.443549,1.553456,1.000000
440,80,0.135950,0.317775,0.537183,0.000662,0.008430,0.453725,1.553784,1.000000
440,90,0.130678,0.333369,0.526497,0.000577,0.008879,0.464047,1.554338,1.000000
440,100,0.124140,0.350118,0.515815,0.000510,0.009417,0.474258,1.554645,1.000000
440,110,0.117518,0.366603,0.505322,0.000457,0.010101,0.484121,1.554426,1.000000
440,120,0.111723,0.381566,0.495216,0.000414,0.011081,0.493289,1.553551,1.000000
440,130,0.107260,0.393234,0.486163,0.000380,0.012963,0.500494,1.551984,1.000000
440,140,0.104283,0.379053,0.503860,0.000351,0.012452,0.483337,1.549694,1.000000
440,150,0.102724,0.359437,0.527615,0.000328,0.009896,0.462161,1.546797,1.000000
440,160,0.102459,0.349663,0.538537,0.000308,0.009034,0.452122,1.543346,1.000000
440,170,0.103409,0.342675,0.545047,0.000291,0.008577,0.446084,1.539712,1.000000
440,180,0.105550,0.336386,0.549501,0.000277,0.008286,0.441936,1.536363,1.000000
440,190,0.108818,0.330118,0.552712,0.000265,0.008086,0.438937,1.533862,1.000000
440,200,0.113056,0.323789,0.554951,0.000254,0.007949,0.436846,1.532377,1.000000
440,210,0.117944,0.317514,0.556439,0.000244,0.007859,0.435457,1.532156,1.000000
440,220,0.123078,0.311642,0.557238,0.000236,0.007806,0.434720,1.532815,1.000000
440,230,0.127928,0.306468,0.557596,0.000228,0.007780,0.434396,1.534506,1.000000
440,240,0.131993,0.302475,0.557535,0.000221,0.007776,0.434468,1.536574,1.000000
440,250,0.134762,0.300072,0.557164,0.000215,0.007787,0.434834,1.538723,1.000000
440,260,0.135767,0.299527,0.556690,0.000210,0.007806,0.435294,1.541120,1.000000
440,270,0.134774,0.301067,0.556126,0.000205,0.007828,0.435840,1.543401,1.000000
440,280,0.131865,0.304666,0.555416,0.000201,0.007851,0.436532,1.545092,1.000000
440,290,0.127474,0.309847,0.554612,0.000197,0.007869,0.437321,1.546147,1.000000
440,300,0.122305,0.315797,0.553826,0.000194,0.007878,0.438102,1.546701,1.000000
440,310,0.117106,0.321690,0.553138,0.000191,0.007875,0.438795,1.546719,1.000000
440,320,0.112453,0.326938,0.552559,0.000189,0.007862,0.439391,1.546044,1.000000
440,330,0.108714,0.331238,0.552016,0.000186,0.007846,0.439952,1.544629,1.000000
440,340,0.106120,0.334484,0.551375,0.000185,0.007835,0.440605,1.542658,1.000000
440,350,0.104809,0.336685,0.550485,0.000183,0.007838,0.441495,1.540492,1.000000
440,360,0.104820,0.337920,0.549220,0.000181,0.007858,0.442740,1.538508,1.000000
440,370,0.106086,0.338326,0.547509,0.000180,0.007899,0.444412,1.536991,1.000000
440,380,0.108448,0.338083,0.545327,0.000178,0.007964,0.446531,1.536091,1.000000
440,390,0.111672,0.337406,0.542693,0.000177,0.008052,0.449078,1.535834,1.000000
440,400,0.115480,0.336532,0.539648,0.000176,0.008164,0.452012,1.536158,1.000000
440,410,0.119566,0.335711,0.536246,0.000175,0.008302,0.455277,1.536953,1.000000
440,420,0.123614,0.335200,0.532545,0.000173,0.008468,0.458814,1.538094,1.000000
440,430,0.127302,0.335262,0.528598,0.000172,0.008666,0.462564,1.539457,1.000000
440,440,0.130306,0.336160,0.524458,0.000171,0.008904,0.466466,1.540925,1.000000
440,450,0.132297,0.338152,0.520185,0.000170,0.009196,0.470449,1.542376,1.000000
440,460,0.132954,0.341450,0.515857,0.000169,0.009570,0.474404,1.543646,1.000000
440,470,0.132021,0.346116,0.511597,0.000168,0.010099,0.478136,1.544522,1.000000
440,480,0.129428,0.351680,0.507684,0.000168,0.011039,0.481109,1.544788,1.000000
440,490,0.125449,0.348108,0.514924,0.000167,0.011352,0.473557,1.544312,1.000000
440,500,0.120693,0.341457,0.527641,0.000167,0.010042,0.462151,1.543278,1.000000
450,10,0.101238,0.308804,0.578399,0.004395,0.007164,0.410042,1.592199,1.000000
450,20,0.105772,0.305141,0.579124,0.002817,0.007146,0.410913,1.571916,1.000000
450,30,0.110171,0.303285,0.577390,0.001957,0.007197,0.413456,1.556578,1.000000
450,40,0.113905,0.303960,0.573364,0.001450,0.007321,0.417865,1.545763,1.000000
450,50,0.116294,0.307741,0.567322,0.001128,0.007515,0.424034,1.538892,1.000000
450,60,0.116772,0.314915,0.559626,0.000911,0.007777,0.431686,1.535225,1.000000
450,70,0.115162,0.325305,0.550673,0.000757,0.008104,0.440467,1.533971,1.000000
450,80,0.111845,0.338172,0.540842,0.000642,0.008499,0.450017,1.534387,1.000000
450,90,0.107650,0.352355,0.530461,0.000555,0.008979,0.460004,1.535850,1.000000
450,100,0.103506,0.366602,0.519817,0.000487,0.009588,0.470108,1.537869,1.000000
450,110,0.100114,0.379794,0.509212,0.000433,0.010447,0.479908,1.540036,1.000000
450,120,0.097785,0.390308,0.499424,0.000389,0.012094,0.488093,1.541928,1.000000
450,130,0.096451,0.379473,0.512349,0.000354,0.011372,0.475925,1.542987,1.000000
450,140,0.095787,0.366932,0.527363,0.000325,0.009594,0.462719,1.542648,1.000000
450,150,0.095464,0.361128,0.534140,0.000301,0.008967,0.456592,1.540453,1.000000
450,160,0.095370,0.357197,0.538533,0.000281,0.008620,0.452567,1.536533,1.000000
450,170,0.095648,0.353605,0.542100,0.000264,0.008383,0.449253,1.531532,1.000000
450,180,0.096550,0.349773,0.545219,0.000250,0.008209,0.446322,1.526394,1.000000
450,190,0.098265,0.345554,0.547863,0.000238,0.008080,0.443819,1.521822,1.000000
450,200,0.100801,0.340998,0.549984,0.000227,0.007990,0.441799,1.518432,1.000000
450,210,0.103988,0.336348,0.551513,0.000218,0.007933,0.440336,1.516397,1.000000
450,220,0.107479,0.331900,0.552507,0.000209,0.007904,0.439380,1.515915,1.000000
450,230,0.110869,0.328143,0.552887,0.000202,0.007899,0.439012,1.516456,1.000000
450,240,0.113643,0.325374,0.552876,0.000195,0.007911,0.439017,1.518370,1.000000
450,250,0.115383,0.324021,0.552470,0.000189,0.007937,0.439404,1.521202,1.000000
450,260,0.115827,0.324401,0.551617,0.000183,0.007972,0.440228,1.524345,1.000000
450,270,0.114907,0.326413,0.550494,0.000178,0.008008,0.441320,1.527950,1.000000
450,280,0.112852,0.329654,0.549282,0.000174,0.008038,0.442506,1.531999,1.000000
450,290,0.110101,0.333595,0.548078,0.000170,0.008056,0.443696,1.535828,1.000000
450,300,0.107036,0.337736,0.547003,0.000166,0.008058,0.444772,1.538500,1.000000
450,310,0.103858,0.341700,0.546234,0.000163,0.008045,0.445558,1.539340,1.000000
450,320,0.100701,0.345233,0.545885,0.000161,0.008020,0.445934,1.538228,1.000000
450,330,0.097774,0.348167,0.545908,0.000159,0.007991,0.445942,1.535564,1.000000
450,340,0.095371,0.350392,0.546111,0.000157,0.007969,0.445763,1.532021,1.000000
450,350,0.093777,0.351859,0.546249,0.000155,0.007960,0.445636,1.528279,1.000000
450,360,0.093186,0.352589,0.546102,0.000154,0.007969,0.445775,1.524879,1.000000
450,370,0.093672,0.352666,0.545508,0.000153,0.008001,0.446338,1.522179,1.000000
450,380,0.095195,0.352226,0.544371,0.000151,0.008056,0.447421,1.520370,1.000000
450,390,0.097619,0.351444,0.542650,0.000150,0.008137,0.449063,1.519525,1.000000
450,400,0.100742,0.350524,0.540341,0.000149,0.008244,0.451267,1.519643,1.000000
450,410,0.104318,0.349689,0.537468,0.000147,0.008378,0.454006,1.520678,1.000000
450,420,0.108062,0.349178,0.534071,0.000146,0.008543,0.457240,1.522561,1.000000
450,430,0.111658,0.349246,0.530210,0.000145,0.008741,0.460903,1.525185,1.000000
450,440,0.114734,0.350161,0.525979,0.000144,0.008983,0.464895,1.528358,1.000000
450,450,0.116858,0.352181,0.521531,0.000142,0.009288,0.469039,1.531722,1.000000
450,460,0.117575,0.355467,0.517106,0.000141,0.009711,0.473042,1.534721,1.000000
450,470,0.116558,0.359732,0.513103,0.000140,0.010466,0.476291,1.536715,1.000000
450,480,0.113832,0.356608,0.518991,0.000140,0.010428,0.470441,1.537247,1.000000
450,490,0.109844,0.353781,0.526446,0.000139,0.009790,0.463625,1.536303,1.000000
450,500,0.105303,0.354855,0.529435,0.000139,0.010268,0.460158,1.534180,1.000000
460,10,0.102309,0.318231,0.567786,0.004361,0.007313,0.420540,1.596513,1.000000
460,20,0.103800,0.315804,0.570330,0.002792,0.007275,0.419604,1.573062,1.000000
460,30,0.105229,0.315173,0.570357,0.001936,0.007305,0.420402,1.554929,1.000000
460,40,0.106259,0.316966,0.567934,0.001430,0.007410,0.423226,1.541860,1.000000
460,50,0.106479,0.321576,0.563246,0.001109,0.007590,0.428055,1.533422,1.000000
460,60,0.105688,0.328992,0.556586,0.000892,0.007843,0.434679,1.529020,1.000000
460,70,0.104088,0.338704,0.548301,0.000736,0.008171,0.442792,1.527993,1.000000
460,80,0.102245,0.349802,0.538750,0.000621,0.008582,0.452047,1.529692,1.000000
460,90,0.100824,0.361247,0.528288,0.000533,0.009108,0.462072,1.533507,1.000000
460,100,0.100291,0.372080,0.517324,0.000464,0.009841,0.472372,1.538793,1.000000
460,110,0.100724,0.380921,0.506732,0.000408,0.011215,0.481644,1.544696,1.000000
460,120,0.101756,0.373470,0.513908,0.000364,0.010502,0.475226,1.550006,1.000000
460,130,0.102717,0.366073,0.521573,0.000328,0.009308,0.468791,1.553309,1.000000
460,140,0.102988,0.363401,0.524428,0.000299,0.008883,0.466389,1.553432,1.000000
460,150,0.102353,0.362152,0.526578,0.000276,0.008640,0.464506,1.550122,1.000000
460,160,0.101066,0.361194,0.529021,0.000256,0.008462,0.462261,1.544070,1.000000
460,170,0.099646,0.359989,0.531805,0.000240,0.008320,0.459634,1.536519,1.000000
460,180,0.098607,0.358253,0.534707,0.000226,0.008207,0.456860,1.528823,1.000000
460,190,0.098321,0.355953,0.537389,0.000215,0.008122,0.454274,1.521851,1.000000
460,200,0.098912,0.353135,0.539685,0.000204,0.008064,0.452047,1.516497,1.000000
460,210,0.100327,0.350084,0.541362,0.000195,0.008032,0.450411,1.512871,1.000000
460,220,0.102303,0.347021,0.542466,0.000186,0.008024,0.449324,1.511539,1.000000
460,230,0.104546,0.344460,0.542777,0.000179,0.008038,0.449007,1.511867,1.000000
460,240,0.106664,0.342631,0.542465,0.000172,0.008068,0.449295,1.514316,1.000000
460,250,0.108368,0.341773,0.541585,0.000166,0.008108,0.450141,1.518804,1.000000
460,260,0.109572,0.342093,0.540020,0.000160,0.008155,0.451665,1.524442,1.000000
460,270,0.110286,0.343384,0.537975,0.000155,0.008201,0.453670,1.530902,1.000000
460,280,0.110510,0.345224,0.535883,0.000150,0.008233,0.455734,1.537805,1.000000
460,290,0.110119,0.347333,0.534160,0.000146,0.008242,0.457452,1.543941,1.000000
460,300,0.108892,0.349623,0.533114,0.000142,0.008229,0.458515,1.547773,1.000000
460,310,0.106732,0.352050,0.532882,0.000139,0.008197,0.458782,1.548374,1.000000
460,320,0.103819,0.354487,0.533400,0.000137,0.008156,0.458307,1.545866,1.000000
460,330,0.100569,0.356734,0.534447,0.000135,0.008115,0.457303,1.541132,1.000000
460,340,0.097470,0.358592,0.535722,0.000133,0.008084,0.456062,1.535282,1.000000
460,350,0.094956,0.359924,0.536921,0.000132,0.008067,0.454880,1.529301,1.000000
460,360,0.093341,0.360671,0.537787,0.000130,0.008071,0.454012,1.523925,1.000000
460,370,0.092803,0.360850,0.538120,0.000129,0.008098,0.453653,1.519648,1.000000
460,380,0.093401,0.360537,0.537784,0.000128,0.008150,0.453938,1.516780,1.000000
460,390,0.095098,0.359856,0.536691,0.000127,0.008228,0.454954,1.515497,1.000000
460,400,0.097777,0.358969,0.534796,0.000125,0.008333,0.456746,1.515896,1.000000
460,410,0.101256,0.358066,0.532088,0.000124,0.008466,0.459322,1.518004,1.000000
460,420,0.105270,0.357375,0.528604,0.000122,0.008629,0.462645,1.521751,1.000000
460,430,0.109434,0.357163,0.524455,0.000121,0.008826,0.466597,1.526880,1.000000
460,440,0.113196,0.357739,0.519878,0.000120,0.009068,0.470935,1.532795,1.000000
460,450,0.115858,0.359387,0.515246,0.000118,0.009391,0.475245,1.538511,1.000000
460,460,0.116777,0.362075,0.511083,0.000117,0.009947,0.478852,1.542861,1.000000
460,470,0.115672,0.360088,0.514223,0.000116,0.009900,0.475760,1.544965,1.000000
460,480,0.112777,0.359289,0.518183,0.000116,0.009636,0.472066,1.544604,1.000000
460,490,0.108697,0.360595,0.520413,0.000115,0.010179,0.469293,1.542155,1.000000
460,500,0.104145,0.356694,0.530087,0.000115,0.008959,0.460839,1.538253,1.000000
470,10,0.111547,0.323128,0.553564,0.004305,0.007456,0.434675,1.610553,1.000000
470,20,0.110407,0.321768,0.557669,0.002754,0.007402,0.432175,1.584177,1.000000
470,30,0.109570,0.321986,0.559121,0.001906,0.007417,0.431556,1.563825,1.000000
470,40,0.108926,0.324252,0.557910,0.001405,0.007507,0.433178,1.549344,1.000000
470,50,0.108376,0.328723,0.554139,0.001085,0.007676,0.437100,1.540440,1.000000
470,60,0.108035,0.335144,0.548029,0.000868,0.007924,0.443178,1.536675,1.000000
470,70,0.108251,0.342896,0.539882,0.000713,0.008258,0.451147,1.537520,1.000000
470,80,0.109439,0.351195,0.530071,0.000597,0.008698,0.460634,1.542354,1.000000
470,90,0.111821,0.359266,0.519092,0.000508,0.009312,0.471087,1.550350,1.000000
470,100,0.115204,0.365991,0.507933,0.000439,0.010434,0.481195,1.560224,1.000000
470,110,0.118882,0.361004,0.509957,0.000384,0.009773,0.479886,1.570037,1.000000
470,120,0.121815,0.357188,0.511636,0.000340,0.009022,0.479003,1.577451,1.000000
470,130,0.123103,0.356843,0.510981,0.000304,0.008768,0.479946,1.580499,1.000000
470,140,0.122421,0.357792,0.510888,0.000276,0.008623,0.480213,1.578486,1.000000
470,150,0.120085,0.359170,0.511984,0.000254,0.008508,0.479255,1.572079,1.000000
470,160,0.116790,0.360447,0.514124,0.000235,0.008405,0.477237,1.562767,1.000000
470,170,0.113307,0.361269,0.516889,0.000219,0.008315,0.474577,1.552181,1.000000
470,180,0.110282,0.361410,0.519862,0.000206,0.008240,0.471692,1.541852,1.000000
470,190,0.108152,0.360792,0.522677,0.000194,0.008185,0.468944,1.532949,1.000000
470,200,0.107158,0.359542,0.524963,0.000184,0.008153,0.466700,1.526002,1.000000
470,210,0.107303,0.357757,0.526623,0.000175,0.008143,0.465059,1.521868,1.000000
470,220,0.108497,0.355775,0.527407,0.000166,0.008155,0.464272,1.520483,1.000000
470,230,0.110548,0.353890,0.527217,0.000159,0.008187,0.464438,1.521942,1.000000
470,240,0.113195,0.352204,0.526218,0.000152,0.008232,0.465399,1.526862,1.000000
470,250,0.116299,0.351028,0.524241,0.000145,0.008287,0.467327,1.534266,1.000000
470,260,0.119648,0.350402,0.521466,0.000139,0.008345,0.470049,1.543411,1.000000
470,270,0.122808,0.350147,0.518520,0.000134,0.008391,0.472955,1.553676,1.000000
470,280,0.125148,0.350277,0.516033,0.000129,0.008413,0.475426,1.563289,1.000000
470,290,0.126036,0.350972,0.514459,0.000125,0.008408,0.477008,1.569944,1.000000
470,300,0.125145,0.352325,0.514029,0.000121,0.008379,0.477471,1.572202,1.000000
470,310,0.122605,0.354208,0.514733,0.000119,0.008334,0.476814,1.570106,1.000000
470,320,0.118898,0.356344,0.516359,0.000117,0.008282,0.475242,1.564727,1.000000
470,330,0.114655,0.358436,0.518563,0.000115,0.008232,0.473091,1.557436,1.000000
470,340,0.110490,0.360244,0.520961,0.000113,0.008192,0.470734,1.549481,1.000000
470,350,0.106920,0.361606,0.523195,0.000112,0.008168,0.468525,1.541853,1.000000
470,360,0.104330,0.362433,0.524962,0.000110,0.008166,0.466762,1.535295,1.000000
470,370,0.102983,0.362701,0.526019,0.000109,0.008188,0.465683,1.530351,1.000000
470,380,0.103033,0.362437,0.526184,0.000108,0.008237,0.465471,1.527426,1.000000
470,390,0.104540,0.361714,0.525326,0.000106,0.008314,0.466254,1.526822,1.000000
470,400,0.107465,0.360644,0.523367,0.000105,0.008419,0.468109,1.528744,1.000000
470,410,0.111637,0.359398,0.520310,0.000104,0.008552,0.471035,1.533229,1.000000
470,420,0.116679,0.358225,0.516282,0.000102,0.008713,0.474904,1.539995,1.000000
470,430,0.121920,0.357475,0.511599,0.000100,0.008905,0.479395,1.548221,1.000000
470,440,0.126422,0.357555,0.506778,0.000099,0.009147,0.483976,1.556476,1.000000
470,450,0.129234,0.358686,0.502451,0.000098,0.009531,0.487920,1.563064,1.000000
470,460,0.129792,0.357703,0.502831,0.000097,0.009577,0.487495,1.566695,1.000000
470,470,0.128126,0.357930,0.504294,0.000096,0.009555,0.486055,1.566963,1.000000
470,480,0.124722,0.358905,0.506140,0.000096,0.010137,0.483627,1.564340,1.000000
470,490,0.120282,0.355772,0.514999,0.000095,0.008851,0.476055,1.559418,1.000000
470,500,0.115452,0.356002,0.519998,0.000095,0.008453,0.471454,1.553376,1.000000
480,10,0.126803,0.324118,0.537237,0.004237,0.007606,0.450921,1.631033,1.000000
480,20,0.124104,0.323292,0.542356,0.002707,0.007541,0.447396,1.602823,1.000000
480,30,0.122300,0.323640,0.544645,0.001870,0.007544,0.445940,1.581544,1.000000
480,40,0.121515,0.325463,0.544023,0.001374,0.007624,0.446978,1.567146,1.000000
480,50,0.121888,0.328748,0.540520,0.001057,0.007787,0.450636,1.559495,1.000000
480,60,0.123643,0.333175,0.534302,0.000841,0.008039,0.456818,1.558298,1.000000
480,70,0.126993,0.338235,0.525692,0.000686,0.008394,0.465228,1.563040,1.000000
480,80,0.131928,0.343368,0.515228,0.000571,0.008905,0.475296,1.572789,1.000000
480,90,0.137975,0.347643,0.504059,0.000482,0.009841,0.485617,1.585874,1.000000
480,100,0.144097,0.343813,0.502508,0.000413,0.009169,0.487910,1.599651,1.000000
480,110,0.148938,0.342219,0.499747,0.000359,0.008737,0.491157,1.610919,1.000000
480,120,0.151393,0.343446,0.496222,0.000317,0.008622,0.494839,1.616984,1.000000
480,130,0.151067,0.346039,0.494045,0.000283,0.008566,0.497106,1.616726,1.000000
480,140,0.148298,0.349297,0.493635,0.000256,0.008514,0.497594,1.610683,1.000000
480,150,0.143857,0.352690,0.494762,0.000234,0.008456,0.496547,1.600428,1.000000
480,160,0.138641,0.355784,0.496964,0.000216,0.008395,0.494424,1.587868,1.000000
480,170,0.133468,0.358238,0.499755,0.000201,0.008338,0.491706,1.574848,1.000000
480,180,0.129014,0.359866,0.502641,0.000188,0.008292,0.488879,1.562754,1.000000
480,190,0.125761,0.360592,0.505208,0.000176,0.008262,0.486354,1.552677,1.000000
480,200,0.123990,0.360385,0.507209,0.000166,0.008250,0.484375,1.545702,1.000000
480,210,0.123875,0.359447,0.508261,0.000157,0.008260,0.483322,1.542046,1.000000
480,220,0.125411,0.357895,0.508255,0.000148,0.008290,0.483307,1.542367,1.000000
480,230,0.128487,0.355864,0.507171,0.000141,0.008337,0.484351,1.547135,1.000000
480,240,0.132964,0.353750,0.504751,0.000134,0.008401,0.486715,1.555296,1.000000
480,250,0.138358,0.351576,0.501472,0.000127,0.008468,0.489933,1.566798,1.000000
480,260,0.143873,0.349496,0.497985,0.000121,0.008526,0.493369,1.580364,1.000000
480,270,0.148519,0.347978,0.494823,0.000116,0.008565,0.496497,1.592885,1.000000
480,280,0.151334,0.347400,0.492577,0.000111,0.008578,0.498734,1.601529,1.000000
480,290,0.151763,0.347811,0.491756,0.000107,0.008563,0.499574,1.605158,1.000000
480,300,0.149853,0.349028,0.492492,0.000104,0.008523,0.498881,1.604027,1.000000
480,310,0.146116,0.350782,0.494534,0.000102,0.008466,0.496898,1.599080,1.000000
480,320,0.141268,0.352793,0.497437,0.000100,0.008402,0.494061,1.591503,1.000000
480,330,0.136032,0.354812,0.500716,0.000098,0.008343,0.490843,1.582474,1.000000
480,340,0.131047,0.356627,0.503934,0.000096,0.008296,0.487674,1.573083,1.000000
480,350,0.126846,0.358064,0.506727,0.000095,0.008268,0.484910,1.564307,1.000000
480,360,0.123851,0.358987,0.508805,0.000094,0.008263,0.482838,1.557013,1.000000
480,370,0.122388,0.359304,0.509930,0.000092,0.008285,0.481692,1.551948,1.000000
480,380,0.122691,0.358968,0.509914,0.000091,0.008336,0.481660,1.549731,1.000000
480,390,0.124880,0.357994,0.508621,0.000089,0.008414,0.482875,1.550823,1.000000
480,400,0.128899,0.356478,0.506015,0.000088,0.008521,0.485376,1.555417,1.000000
480,410,0.134400,0.354638,0.502222,0.000086,0.008654,0.489037,1.563225,1.000000
480,420,0.140629,0.352854,0.497620,0.000085,0.008811,0.493484,1.573206,1.000000
480,430,0.146463,0.351631,0.492825,0.000083,0.008997,0.498095,1.583516,1.000000
480,440,0.150730,0.351391,0.488541,0.000082,0.009256,0.502121,1.592001,1.000000
480,450,0.152669,0.350913,0.486943,0.000081,0.009393,0.503582,1.597043,1.000000
480,460,0.152154,0.351478,0.486743,0.000080,0.009545,0.503632,1.598085,1.000000
480,470,0.149565,0.351562,0.488878,0.000079,0.009916,0.501127,1.595478,1.000000
480,480,0.145511,0.349023,0.496590,0.000079,0.008797,0.494534,1.590210,1.000000
480,490,0.140655,0.349842,0.500944,0.000079,0.008480,0.490497,1.583234,1.000000
480,500,0.135600,0.351773,0.504224,0.000079,0.008324,0.487373,1.575569,1.000000
490,10,0.145663,0.322183,0.520211,0.004165,0.007778,0.467846,1.654534,1.000000
490,20,0.142746,0.321198,0.525692,0.002657,0.007707,0.463944,1.626122,1.000000
490,30,0.141430,0.320890,0.528145,0.001830,0.007705,0.462319,1.605646,1.000000
490,40,0.141992,0.321453,0.527432,0.001340,0.007783,0.463445,1.593186,1.000000
490,50,0.144639,0.322841,0.523543,0.001026,0.007951,0.467479,1.588735,1.000000
490,60,0.149462,0.324816,0.516684,0.000812,0.008226,0.474278,1.591974,1.000000
490,70,0.156263,0.327044,0.507378,0.000658,0.008658,0.483307,1.601973,1.000000
490,80,0.164328,0.328602,0.497031,0.000543,0.009495,0.492930,1.616803,1.000000
490,90,0.172361,0.324547,0.493946,0.000457,0.008689,0.496908,1.633217,1.000000
490,100,0.178787,0.323939,0.488422,0.000390,0.008462,0.502726,1.647407,1.000000
490,110,0.182390,0.326018,0.482803,0.000338,0.008451,0.508408,1.656114,1.000000
490,120,0.182740,0.329679,0.478811,0.000297,0.008473,0.512419,1.657834,1.000000
490,130,0.180152,0.334277,0.476822,0.000265,0.008483,0.514430,1.652897,1.000000
490,140,0.175384,0.339269,0.476634,0.000240,0.008474,0.514653,1.642793,1.000000
490,150,0.169338,0.344178,0.477817,0.000218,0.008449,0.513516,1.629453,1.000000
490,160,0.162896,0.348601,0.479886,0.000201,0.008416,0.511497,1.614818,1.000000
490,170,0.156847,0.352238,0.482346,0.000186,0.008383,0.509085,1.600538,1.000000
490,180,0.151856,0.354902,0.484710,0.000173,0.008359,0.506758,1.587907,1.000000
490,190,0.148405,0.356386,0.486701,0.000161,0.008347,0.504791,1.578450,1.000000
490,200,0.146932,0.356796,0.487765,0.000151,0.008355,0.503729,1.572456,1.000000
490,210,0.147597,0.355981,0.487900,0.000142,0.008381,0.503577,1.571489,1.000000
490,220,0.150562,0.354284,0.486590,0.000133,0.008430,0.504846,1.574971,1.000000
490,230,0.155584,0.351733,0.484062,0.000125,0.008495,0.507318,1.583617,1.000000
490,240,0.162089,0.348584,0.480641,0.000118,0.008568,0.510673,1.596827,1.000000
490,250,0.169167,0.345515,0.476563,0.000111,0.008643,0.514682,1.611596,1.000000
490,260,0.175445,0.342966,0.472778,0.000106,0.008705,0.518411,1.625488,1.000000
490,270,0.179636,0.341235,0.470291,0.000101,0.008738,0.520871,1.636445,1.000000
490,280,0.181124,0.340564,0.469477,0.000096,0.008738,0.521688,1.642590,1.000000
490,290,0.180002,0.341012,0.470182,0.000093,0.008711,0.521014,1.643066,1.000000
490,300,0.176777,0.342398,0.472072,0.000090,0.008664,0.519175,1.638378,1.000000
490,310,0.172098,0.344381,0.474828,0.000088,0.008605,0.516479,1.629982,1.000000
490,320,0.166633,0.346597,0.478143,0.000086,0.008541,0.513230,1.619572,1.000000
490,330,0.161025,0.348732,0.481678,0.000084,0.008481,0.509757,1.608637,1.000000
490,340,0.155868,0.350540,0.485078,0.000083,0.008431,0.506408,1.598380,1.000000
490,350,0.151697,0.351832,0.487991,0.000081,0.008399,0.503529,1.589788,1.000000
490,360,0.148983,0.352461,0.490086,0.000080,0.008390,0.501444,1.583698,1.000000
490,370,0.148117,0.352327,0.491071,0.000078,0.008407,0.500443,1.580829,1.000000
490,380,0.149372,0.351379,0.490717,0.000077,0.008454,0.500752,1.581750,1.000000
490,390,0.152815,0.349660,0.488917,0.000075,0.008532,0.502476,1.586738,1.000000
490,400,0.158159,0.347356,0.485775,0.000074,0.008637,0.505515,1.595498,1.000000
490,410,0.164627,0.344847,0.481688,0.000072,0.008766,0.509474,1.606837,1.000000
490,420,0.171017,0.342675,0.477320,0.000070,0.008917,0.513692,1.618651,1.000000
490,430,0.176066,0.341362,0.473400,0.000069,0.009102,0.517429,1.628531,1.000000
490,440,0.178925,0.340847,0.470864,0.000068,0.009296,0.519772,1.634703,1.000000
490,450,0.179364,0.341248,0.469748,0.000067,0.009573,0.520612,1.636533,1.000000
490,460,0.177643,0.339997,0.472700,0.000066,0.009594,0.517640,1.634353,1.000000
490,470,0.174268,0.337878,0.479027,0.000066,0.008762,0.512146,1.629097,1.000000
490,480,0.169829,0.338908,0.482687,0.000065,0.008511,0.508737,1.621766,1.000000
490,490,0.164899,0.341092,0.485562,0.000065,0.008381,0.505992,1.613415,1.000000
490,500,0.160011,0.343615,0.488010,0.000065,0.008298,0.503627,1.604996,1.000000
500,10,0.165698,0.318579,0.503633,0.004098,0.007993,0.484277,1.677833,1.000000
500,20,0.163730,0.316839,0.508900,0.002608,0.007923,0.480569,1.650946,1.000000
500,30,0.164024,0.315308,0.510951,0.001790,0.007926,0.479333,1.632993,1.000000
500,40,0.166881,0.314162,0.509634,0.001305,0.008018,0.481043,1.624137,1.000000
500,50,0.172369,0.313411,0.505004,0.000994,0.008222,0.485780,1.624285,1.000000
500,60,0.180187,0.312924,0.497507,0.000782,0.008599,0.493112,1.632624,1.000000
500,70,0.189460,0.311431,0.489112,0.000630,0.009367,0.500891,1.647191,1.000000
500,80,0.198757,0.305894,0.486492,0.000519,0.008338,0.504652,1.664314,1.000000
500,90,0.206381,0.305094,0.479880,0.000435,0.008211,0.511475,1.679999,1.000000
500,100,0.211079,0.307314,0.472970,0.000371,0.008267,0.518393,1.690605,1.000000
500,110,0.212382,0.311460,0.467486,0.000321,0.008351,0.523842,1.694331,1.000000
500,120,0.210537,0.316844,0.463917,0.000282,0.008419,0.527382,1.691178,1.000000
500,130,0.206208,0.322895,0.462185,0.000251,0.008460,0.529103,1.682348,1.000000
500,140,0.200222,0.329111,0.461964,0.000226,0.008477,0.529333,1.669580,1.000000
500,150,0.193425,0.335056,0.462839,0.000206,0.008474,0.528481,1.654726,1.000000
500,160,0.186618,0.340359,0.464373,0.000188,0.008462,0.526977,1.639538,1.000000
500,170,0.180552,0.344742,0.466084,0.000173,0.008449,0.525294,1.625455,1.000000
500,180,0.175866,0.347953,0.467578,0.000160,0.008442,0.523819,1.613935,1.000000
500,190,0.173102,0.349791,0.468510,0.000149,0.008448,0.522893,1.606311,1.000000
500,200,0.172738,0.350271,0.468380,0.000138,0.008472,0.523009,1.603097,1.000000
500,210,0.174947,0.349278,0.467130,0.000129,0.008516,0.524225,1.605550,1.000000
500,220,0.179676,0.347019,0.464605,0.000120,0.008580,0.526695,1.613562,1.000000
500,230,0.186437,0.343961,0.460826,0.000112,0.008663,0.530398,1.625744,1.000000
500,240,0.193971,0.340380,0.456796,0.000105,0.008749,0.534351,1.641381,1.000000
500,250,0.200893,0.337061,0.453122,0.000099,0.008825,0.537954,1.656904,1.000000
500,260,0.206026,0.334740,0.450255,0.000093,0.008885,0.540766,1.668499,1.000000
500,270,0.208605,0.333572,0.448817,0.000089,0.008918,0.542177,1.674929,1.000000
500,280,0.208492,0.333424,0.449082,0.000085,0.008916,0.541916,1.676422,1.000000
500,290,0.206068,0.334124,0.450841,0.000082,0.008885,0.540192,1.673523,1.000000
500,300,0.201956,0.335489,0.453643,0.000079,0.008833,0.537445,1.666931,1.000000
500,310,0.196823,0.337310,0.457021,0.000077,0.008770,0.534132,1.657579,1.000000
500,320,0.191289,0.339331,0.460602,0.000075,0.008703,0.530620,1.646686,1.000000
500,330,0.185925,0.341274,0.464086,0.000073,0.008642,0.527199,1.635611,1.000000
500,340,0.181272,0.342872,0.467193,0.000072,0.008592,0.524144,1.625662,1.000000
500,350,0.177847,0.343893,0.469630,0.000070,0.008559,0.521741,1.617990,1.000000
500,360,0.176129,0.344153,0.471099,0.000068,0.008551,0.520282,1.613579,1.000000
500,370,0.176497,0.343526,0.471339,0.000067,0.008571,0.520023,1.613210,1.000000
500,380,0.179126,0.341986,0.470201,0.000065,0.008622,0.521112,1.617301,1.000000
500,390,0.183814,0.339668,0.467749,0.000064,0.008705,0.523483,1.625610,1.000000
500,400,0.189846,0.336925,0.464351,0.000062,0.008816,0.526771,1.636903,1.000000
500,410,0.196062,0.334284,0.460642,0.000060,0.008951,0.530347,1.648987,1.000000
500,420,0.201240,0.332280,0.457311,0.000059,0.009111,0.533520,1.659390,1.000000
500,430,0.204536,0.331235,0.454853,0.000058,0.009319,0.535771,1.666297,1.000000
500,440,0.205662,0.331013,0.453588,0.000057,0.009680,0.536675,1.669005,1.000000
500,450,0.204766,0.328180,0.457597,0.000056,0.009401,0.532946,1.667742,1.000000
500,460,0.202230,0.326090,0.462860,0.000056,0.008765,0.528320,1.663284,1.000000
500,470,0.198530,0.326972,0.465877,0.000055,0.008566,0.525502,1.656553,1.000000
500,480,0.194159,0.329078,0.468246,0.000055,0.008462,0.523238,1.648528,1.000000
500,490,0.189603,0.331668,0.470282,0.000054,0.008392,0.521271,1.640147,1.000000
500,500,0.185336,0.334298,0.471970,0.000054,0.008342,0.519634,1.632303,1.000000
