# rows 430:1:700 nm, cols 0:0.25:89.75 deg
6.09147,6.09148,6.09150,6.09154,6.09159,6.09167,6.09177,6.09190,6.09206,6.09226,6.09251,6.09280,6.09316,6.09358,6.09408,6.09466,6.09534,6.09613,6.09704,6.09808,6.09927,6.10061,6.10213,6.10384,6.10575,6.10787,6.11024,6.11286,6.11574,6.11892,6.12241,6.12622,6.13038,6.13491,6.13982,6.14515,6.15090,6.15711,6.16379,6.17098,6.17868,6.18693,6.19575,6.20517,6.21520,6.22588,6.23723,6.24928,6.26204,6.27556,6.28985,6.30495,6.32088,6.33767,6.35535,6.37394,6.39348,6.41400,6.43552,6.45807,6.48170,6.50642,6.53226,6.55927,6.58747,6.61690,6.64758,6.67956,6.71286,6.74752,6.78357,6.82105,6.85999,6.90043,6.94241,6.98596,7.03112,7.07793,7.12642,7.17663,7.22860,7.28237,7.33798,7.39547,7.45487,7.51623,7.57958,7.64497,7.71242,7.78199,7.85371,7.92761,8.00374,8.08212,8.16280,8.24580,8.33115,8.41889,8.50904,8.60163,8.69667,8.79417,8.89416,8.99664,9.10160,9.20904,9.31896,9.43132,9.54610,9.66325,9.78273,9.90446,10.02838,10.15437,10.28234,10.41215,10.54365,10.67665,10.81097,10.94638,11.08261,11.21939,11.35639,11.49326,11.62961,11.76500,11.89896,12.03097,12.16049,12.28691,12.40960,12.52786,12.64099,12.74824,12.84882,12.94194,13.02678,13.10254,13.16840,13.22358,13.26733,13.29897,13.31786,13.32346,13.31532,13.29313,13.25668,13.20592,13.14092,13.06192,12.96932,12.86365,12.74559,12.61594,12.47561,12.32563,12.16709,12.00114,11.82895,11.65174,11.47069,11.28698,11.10175,10.91607,10.73098,10.54743,10.36635,10.18873,10.01287,9.84178,9.67595,9.51573,9.36147,9.21352,9.07222,8.93791,8.81111,8.69270,8.58475,8.49305,8.43847,8.53051,9.83260,10.24839,8.64372,8.28055,8.12150,8.02397,7.95449,7.90182,7.86122,7.83036,7.80796,7.79321,7.78560,7.78474,7.79036,7.80223,7.82016,7.84399,7.87357,7.90879,7.94951,7.99564,8.04707,8.10369,8.16543,8.23220,8.30390,8.38047,8.46183,8.54792,8.63866,8.73401,8.83391,8.93833,9.04722,9.16057,9.27835,9.40058,9.52726,9.65843,9.79411,9.93437,10.07927,10.22892,10.38339,10.54279,10.70725,10.87688,11.05177,11.23202,11.41769,11.60880,11.80530,12.00707,12.21389,12.42540,12.64106,12.86018,13.08180,13.30472,13.52746,13.74821,13.96484,14.17486,14.37547,14.56358,14.73584,14.88875,15.01876,15.12237,15.19633,15.23773,15.24421,15.21410,15.14648,15.04130,14.89938,14.72239,14.51278,14.27366,14.00865,13.72169,13.41692,13.09851,12.77048,12.43665,12.10049,11.76514,11.43331,11.10729,10.78900,10.47996,10.18136,9.89408,9.61871,9.35564,9.10505,8.86696,8.64127,8.42776,8.22616,8.03611,7.85724,7.68912,7.53132,7.38340,7.24492,7.11543,6.99450,6.88172,6.77666,6.67895,6.58818,6.50401,6.42607,6.35404,6.28759,6.22641,6.17020,6.11869,6.07159,6.02864,5.98959,5.95418,5.92217,5.89332,5.86738,5.84414,5.82334,5.80476,5.78816,5.77329,5.75992,5.74778,5.73663,5.72619,5.71619,5.70633,5.69631,5.68581,5.67450,5.66202,5.64800,5.63204,5.61374,5.59266,5.56832,5.54025,5.50793,5.47082,5.42836,5.37996,5.32501,5.26287,5.19290,5.11444,5.02680,4.92933,4.82134,4.70218,4.57123,4.42790,4.27163,4.10195,3.91848,3.72091,3.50905,3.28286,3.04242,2.78800,2.52002,2.23910,1.94604,1.64181,1.32760,1.00474,0.67475,0.33925
6.02142,6.02145,6.02154,6.02170,6.02193,6.02223,6.02260,6.02305,6.02358,6.02419,6.02490,6.02570,6.02661,6.02764,6.02879,6.03007,6.03149,6.03307,6.03480,6.03672,6.03882,6.04113,6.04365,6.04639,6.04939,6.05264,6.05617,6.05998,6.06411,6.06857,6.07336,6.07853,6.08407,6.09001,6.09638,6.10319,6.11046,6.11821,6.12647,6.13526,6.14460,6.15451,6.16502,6.17616,6.18793,6.20038,6.21352,6.22738,6.24198,6.25736,6.27354,6.29054,6.30839,6.32712,6.34676,6.36734,6.38888,6.41141,6.43497,6.45958,6.48527,6.51208,6.54003,6.56916,6.59949,6.63107,6.66391,6.69806,6.73355,6.77041,6.80868,6.84839,6.88957,6.93227,6.97651,7.02234,7.06978,7.11888,7.16968,7.22220,7.27649,7.33259,7.39053,7.45035,7.51209,7.57579,7.64148,7.70920,7.77899,7.85088,7.92491,8.00111,8.07951,8.16015,8.24306,8.32826,8.41578,8.50565,8.59787,8.69247,8.78945,8.88883,8.99060,9.09477,9.20131,9.31021,9.42144,9.53497,9.65074,9.76869,9.88876,10.01084,10.13485,10.26065,10.38810,10.51705,10.64731,10.77867,10.91088,11.04370,11.17681,11.30990,11.44259,11.57449,11.70516,11.83413,11.96088,12.08486,12.20547,12.32207,12.43401,12.54058,12.64105,12.73467,12.82067,12.89829,12.96674,13.02528,13.07318,13.10975,13.13437,13.14647,13.14557,13.13132,13.10345,13.06182,13.00643,12.93743,12.85509,12.75984,12.65222,12.53293,12.40277,12.26264,12.11354,11.95651,11.79266,11.62313,11.44905,11.27157,11.09178,10.91076,10.72952,10.54904,10.37020,10.19384,10.02075,9.85180,9.68519,9.52382,9.36805,9.21814,9.07436,8.93699,8.80629,8.68257,8.56629,8.45837,8.36098,8.28054,8.24101,8.37702,10.08342,9.67928,8.40287,8.09687,7.95864,7.87390,7.81447,7.77055,7.73797,7.71461,7.69930,7.69131,7.69016,7.69549,7.70705,7.72462,7.74804,7.77714,7.81180,7.85189,7.89731,7.94796,8.00374,8.06457,8.13035,8.20102,8.27649,8.35670,8.44159,8.53109,8.62515,8.72373,8.82678,8.93428,9.04621,9.16255,9.28331,9.40850,9.53814,9.67227,9.81095,9.95424,10.10222,10.25499,10.41263,10.57524,10.74294,10.91579,11.09388,11.27724,11.46586,11.65968,11.85854,12.06219,12.27023,12.48212,12.69710,12.91422,13.13224,13.34968,13.56473,13.77525,13.97880,14.17263,14.35371,14.51879,14.66449,14.78740,14.88419,14.95177,14.98745,14.98904,14.95505,14.88470,14.77809,14.63610,14.46046,14.25360,14.01859,13.75894,13.47850,13.18125,12.87118,12.55218,12.22787,11.90159,11.57632,11.25464,10.93874,10.63046,10.33123,10.04219,9.76417,9.49775,9.24329,9.00097,8.77080,8.55270,8.34646,8.15181,7.96843,7.79594,7.63395,7.48206,7.33983,7.20685,7.08269,6.96695,6.85922,6.75912,6.66627,6.58030,6.50087,6.42765,6.36031,6.29856,6.24211,6.19066,6.14396,6.10175,6.06378,6.02980,5.99959,5.97291,5.94954,5.92926,5.91186,5.89711,5.88480,5.87470,5.86660,5.86026,5.85546,5.85194,5.84947,5.84777,5.84659,5.84562,5.84456,5.84311,5.84091,5.83760,5.83281,5.82613,5.81712,5.80531,5.79023,5.77134,5.74808,5.71988,5.68612,5.64613,5.59923,5.54471,5.48183,5.40981,5.32788,5.23522,5.13105,5.01457,4.88500,4.74159,4.58365,4.41054,4.22173,4.01678,3.79537,3.55735,3.30273,3.03173,2.74476,2.44246,2.12572,1.79565,1.45360,1.10114,0.74006,0.37232
5.96257,5.96262,5.96279,5.96307,5.96346,5.96396,5.96458,5.96533,5.96620,5.96721,5.96835,5.96963,5.97107,5.97266,5.97442,5.97635,5.97847,5.98079,5.98331,5.98604,5.98901,5.99222,5.99568,5.99941,6.00342,6.00773,6.01236,6.01731,6.02260,6.02826,6.03430,6.04073,6.04758,6.05487,6.06260,6.07081,6.07951,6.08873,6.09848,6.10879,6.11968,6.13117,6.14328,6.15604,6.16947,6.18359,6.19843,6.21401,6.23037,6.24752,6.26548,6.28430,6.30398,6.32457,6.34608,6.36855,6.39200,6.41646,6.44197,6.46854,6.49622,6.52502,6.55499,6.58614,6.61852,6.65216,6.68708,6.72332,6.76091,6.79989,6.84029,6.88214,6.92548,6.97034,7.01676,7.06477,7.11441,7.16572,7.21873,7.27347,7.32999,7.38832,7.44849,7.51055,7.57452,7.64045,7.70837,7.77831,7.85030,7.92439,8.00060,8.07896,8.15950,8.24224,8.32721,8.41444,8.50394,8.59572,8.68980,8.78618,8.88487,8.98586,9.08914,9.19469,9.30249,9.41250,9.52467,9.63896,9.75529,9.87358,9.99373,10.11563,10.23915,10.36414,10.49043,10.61782,10.74610,10.87501,11.00428,11.13362,11.26267,11.39108,11.51844,11.64430,11.76819,11.88959,12.00796,12.12270,12.23319,12.33878,12.43879,12.53251,12.61922,12.69818,12.76866,12.82995,12.88133,12.92213,12.95173,12.96956,12.97513,12.96803,12.94795,12.91471,12.86822,12.80854,12.73584,12.65046,12.55284,12.44354,12.32327,12.19282,12.05307,11.90499,11.74959,11.58793,11.42111,11.25019,11.07625,10.90035,10.72350,10.54664,10.37069,10.19648,10.02478,9.85632,9.69175,9.53185,9.37474,9.22319,9.07748,8.93778,8.80429,8.67723,8.55681,8.44331,8.33715,8.23929,8.15205,8.08252,8.05838,8.24653,10.41558,9.19983,8.18693,7.92781,7.80799,7.73500,7.68493,7.64924,7.62420,7.60791,7.59930,7.59769,7.60265,7.61384,7.63102,7.65400,7.68261,7.71671,7.75618,7.80091,7.85080,7.90575,7.96568,8.03051,8.10016,8.17456,8.25365,8.33736,8.42564,8.51844,8.61571,8.71743,8.82356,8.93408,9.04899,9.16829,9.29199,9.42011,9.55269,9.68979,9.83145,9.97776,10.12880,10.28465,10.44539,10.61112,10.78191,10.95780,11.13881,11.32491,11.51601,11.71193,11.91237,12.11693,12.32503,12.53589,12.74852,12.96170,13.17392,13.38336,13.58793,13.78520,13.97248,14.14681,14.30505,14.44392,14.56016,14.65060,14.71233,14.74281,14.74006,14.70271,14.63016,14.52258,14.38096,14.20702,14.00320,13.77249,13.51833,13.24443,12.95464,12.65279,12.34260,12.02756,11.71085,11.39531,11.08342,10.77726,10.47857,10.18874,9.90884,9.63969,9.38182,9.13558,8.90115,8.67855,8.46769,8.26838,8.08036,7.90333,7.73694,7.58081,7.43455,7.29775,7.17003,7.05097,6.94019,6.83730,6.74194,6.65375,6.57238,6.49751,6.42881,6.36600,6.30879,6.25688,6.21004,6.16800,6.13052,6.09737,6.06832,6.04317,6.02169,6.00368,5.98894,5.97726,5.96846,5.96232,5.95864,5.95723,5.95787,5.96036,5.96446,5.96996,5.97660,5.98414,5.99232,6.00084,6.00942,6.01772,6.02542,6.03214,6.03749,6.04105,6.04237,6.04096,6.03630,6.02784,6.01498,5.99707,5.97344,5.94337,5.90607,5.86075,5.80656,5.74260,5.66797,5.58171,5.48286,5.37046,5.24355,5.10118,4.94246,4.76656,4.57273,4.36035,4.12893,3.87815,3.60791,3.31833,3.00978,2.68293,2.33874,1.97845,1.60363,1.21614,0.81810,0.41187
5.91401,5.91409,5.91432,5.91470,5.91524,5.91594,5.91681,5.91783,5.91903,5.92040,5.92195,5.92368,5.92561,5.92774,5.93007,5.93263,5.93540,5.93841,5.94167,5.94518,5.94896,5.95302,5.95737,5.96203,5.96701,5.97232,5.97798,5.98400,5.99040,5.99719,6.00440,6.01204,6.02012,6.02867,6.03771,6.04724,6.05730,6.06791,6.07907,6.09082,6.10318,6.11616,6.12979,6.14410,6.15910,6.17482,6.19128,6.20850,6.22652,6.24536,6.26503,6.28557,6.30701,6.32937,6.35267,6.37695,6.40222,6.42853,6.45590,6.48436,6.51393,6.54465,6.57655,6.60965,6.64399,6.67961,6.71652,6.75477,6.79438,6.83540,6.87784,6.92175,6.96716,7.01411,7.06262,7.11273,7.16448,7.21790,7.27303,7.32990,7.38855,7.44901,7.51131,7.57550,7.64160,7.70964,7.77966,7.85170,7.92577,8.00191,8.08015,8.16051,8.24302,8.32769,8.41455,8.50360,8.59487,8.68835,8.78404,8.88195,8.98207,9.08437,9.18884,9.29543,9.40412,9.51484,9.62754,9.74214,9.85854,9.97664,10.09633,10.21746,10.33986,10.46337,10.58778,10.71285,10.83834,10.96396,11.08940,11.21431,11.33833,11.46103,11.58199,11.70071,11.81670,11.92939,12.03822,12.14257,12.24180,12.33526,12.42226,12.50211,12.57411,12.63758,12.69183,12.73621,12.77011,12.79296,12.80425,12.80355,12.79053,12.76493,12.72662,12.67558,12.61191,12.53583,12.44770,12.34799,12.23728,12.11626,11.98571,11.84652,11.69960,11.54595,11.38656,11.22249,11.05475,10.88437,10.71233,10.53959,10.36704,10.19554,10.02588,9.85877,9.69488,9.53481,9.37913,9.22848,9.08096,8.93922,8.80347,8.67379,8.55035,8.43330,8.32281,8.21913,8.12269,8.03445,7.95693,7.89801,7.88976,8.14104,10.74585,8.79989,7.99218,7.77200,7.66856,7.60639,7.56506,7.53710,7.51918,7.50956,7.50728,7.51172,7.52245,7.53919,7.56169,7.58979,7.62333,7.66218,7.70623,7.75537,7.80951,7.86856,7.93245,8.00111,8.07446,8.15244,8.23499,8.32207,8.41363,8.50962,8.61002,8.71479,8.82392,8.93741,9.05525,9.17746,9.30406,9.43509,9.57059,9.71061,9.85524,10.00453,10.15856,10.31741,10.48114,10.64982,10.82348,11.00210,11.18565,11.37399,11.56693,11.76415,11.96521,12.16951,12.37625,12.58444,12.79282,12.99988,13.20383,13.40258,13.59376,13.77472,13.94258,14.09428,14.22669,14.33667,14.42120,14.47754,14.50332,14.49671,14.45651,14.38221,14.27410,14.13320,13.96128,13.76072,13.53448,13.28589,13.01854,12.73613,12.44237,12.14081,11.83479,11.52735,11.22123,10.91876,10.62197,10.33251,10.05170,9.78058,9.51991,9.27022,9.03185,8.80497,8.58960,8.38566,8.19297,8.01129,7.84034,7.67977,7.52923,7.38836,7.25676,7.13406,7.01988,6.91385,6.81560,6.72478,6.64106,6.56410,6.49360,6.42927,6.37081,6.31795,6.27044,6.22803,6.19049,6.15758,6.12910,6.10484,6.08460,6.06818,6.05539,6.04605,6.03997,6.03699,6.03690,6.03955,6.04473,6.05227,6.06197,6.07364,6.08706,6.10203,6.11831,6.13567,6.15384,6.17256,6.19153,6.21043,6.22893,6.24665,6.26320,6.27814,6.29102,6.30132,6.30850,6.31195,6.31106,6.30511,6.29336,6.27503,6.24924,6.21509,6.17161,6.11777,6.05251,5.97469,5.88319,5.77680,5.65434,5.51464,5.35654,5.17894,4.98084,4.76133,4.51968,4.25535,3.96805,3.65774,3.32471,2.96960,2.59344,2.19762,1.78396,1.35466,0.91226,0.45966
5.87572,5.87582,5.87611,5.87660,5.87729,5.87817,5.87926,5.88055,5.88205,5.88377,5.88571,5.88787,5.89026,5.89289,5.89577,5.89891,5.90230,5.90597,5.90992,5.91417,5.91872,5.92359,5.92878,5.93432,5.94020,5.94646,5.95310,5.96013,5.96758,5.97546,5.98378,5.99255,6.00181,6.01157,6.02183,6.03263,6.04398,6.05590,6.06842,6.08154,6.09529,6.10970,6.12479,6.14057,6.15706,6.17431,6.19231,6.21111,6.23072,6.25117,6.27248,6.29468,6.31779,6.34184,6.36686,6.39288,6.41991,6.44799,6.47715,6.50742,6.53882,6.57138,6.60514,6.64011,6.67635,6.71387,6.75270,6.79288,6.83444,6.87742,6.92183,6.96773,7.01513,7.06408,7.11460,7.16674,7.22051,7.27597,7.33313,7.39204,7.45272,7.51521,7.57955,7.64576,7.71387,7.78392,7.85593,7.92993,8.00594,8.08400,8.16412,8.24632,8.33063,8.41704,8.50559,8.59626,8.68907,8.78400,8.88106,8.98022,9.08146,9.18476,9.29007,9.39735,9.50653,9.61755,9.73032,9.84474,9.96070,10.07807,10.19670,10.31642,10.43705,10.55836,10.68014,10.80210,10.92396,11.04541,11.16609,11.28563,11.40360,11.51958,11.63308,11.74360,11.85059,11.95348,12.05168,12.14457,12.23151,12.31185,12.38492,12.45008,12.50666,12.55404,12.59161,12.61882,12.63514,12.64015,12.63346,12.61480,12.58397,12.54090,12.48561,12.41826,12.33909,12.24849,12.14694,12.03504,11.91348,11.78303,11.64453,11.49890,11.34707,11.19001,11.02871,10.86414,10.69728,10.52904,10.36034,10.19202,10.02487,9.85964,9.69701,9.53758,9.38193,9.23055,9.08391,8.94257,8.80460,8.67255,8.54654,8.42663,8.31291,8.20550,8.10456,8.01029,7.92312,7.84407,7.77586,7.72725,7.73562,8.06487,10.92353,8.46597,7.81677,7.62929,7.54054,7.48835,7.45520,7.43451,7.42329,7.41999,7.42369,7.43384,7.45006,7.47205,7.49962,7.53258,7.57081,7.61418,7.66258,7.71593,7.77413,7.83710,7.90479,7.97712,8.05402,8.13546,8.22136,8.31171,8.40644,8.50554,8.60899,8.71675,8.82884,8.94525,9.06599,9.19109,9.32057,9.45449,9.59288,9.73582,9.88336,10.03558,10.19253,10.35426,10.52083,10.69224,10.86847,11.04945,11.23504,11.42500,11.61901,11.81659,12.01712,12.21979,12.42359,12.62726,12.82929,13.02790,13.22102,13.40632,13.58121,13.74289,13.88842,14.01475,14.11888,14.19796,14.24938,14.27094,14.26095,14.21834,14.14273,14.03447,13.89463,13.72498,13.52789,13.30623,13.06323,12.80238,12.52724,12.24138,11.94820,11.65091,11.35242,11.05535,10.76194,10.47412,10.19348,9.92128,9.65852,9.40594,9.16404,8.93316,8.71346,8.50496,8.30760,8.12120,7.94555,7.78037,7.62534,7.48012,7.34437,7.21771,7.09979,6.99026,6.88874,6.79491,6.70842,6.62897,6.55622,6.48991,6.42973,6.37543,6.32676,6.28346,6.24531,6.21209,6.18359,6.15961,6.13997,6.12447,6.11294,6.10521,6.10112,6.10049,6.10318,6.10901,6.11783,6.12948,6.14379,6.16060,6.17973,6.20100,6.22422,6.24919,6.27571,6.30354,6.33243,6.36214,6.39237,6.42282,6.45315,6.48299,6.51196,6.53960,6.56544,6.58897,6.60960,6.62673,6.63965,6.64764,6.64988,6.64549,6.63353,6.61297,6.58271,6.54158,6.48832,6.42162,6.34010,6.24232,6.12681,5.99209,5.83668,5.65912,5.45806,5.23224,4.98057,4.70218,4.39646,4.06315,3.70237,3.31469,2.90113,2.46326,2.00317,1.52348,1.02728,0.51814
5.84639,5.84650,5.84685,5.84744,5.84826,5.84932,5.85062,5.85216,5.85395,5.85600,5.85830,5.86086,5.86370,5.86681,5.87020,5.87389,5.87787,5.88217,5.88678,5.89172,5.89700,5.90263,5.90862,5.91499,5.92174,5.92890,5.93646,5.94446,5.95290,5.96180,5.97118,5.98104,5.99142,6.00231,6.01375,6.02575,6.03833,6.05151,6.06530,6.07974,6.09483,6.11059,6.12706,6.14425,6.16218,6.18088,6.20037,6.22066,6.24180,6.26379,6.28667,6.31045,6.33517,6.36085,6.38752,6.41520,6.44391,6.47370,6.50458,6.53658,6.56974,6.60407,6.63961,6.67639,6.71444,6.75379,6.79447,6.83651,6.87995,6.92480,6.97111,7.01891,7.06822,7.11909,7.17154,7.22560,7.28131,7.33870,7.39780,7.45865,7.52126,7.58568,7.65193,7.72004,7.79004,7.86195,7.93581,8.01162,8.08942,8.16923,8.25105,8.33491,8.42081,8.50875,8.59875,8.69080,8.78488,8.88099,8.97911,9.07920,9.18123,9.28516,9.39092,9.49846,9.60769,9.71852,9.83085,9.94455,10.05949,10.17550,10.29242,10.41005,10.52815,10.64650,10.76482,10.88282,11.00017,11.11651,11.23147,11.34463,11.45555,11.56375,11.66874,11.76998,11.86691,11.95896,12.04551,12.12597,12.19971,12.26609,12.32450,12.37433,12.41499,12.44594,12.46666,12.47670,12.47567,12.46326,12.43924,12.40348,12.35595,12.29672,12.22597,12.14399,12.05119,11.94807,11.83522,11.71332,11.58315,11.44551,11.30128,11.15136,10.99670,10.83821,10.67683,10.51347,10.34901,10.18430,10.02014,9.85727,9.69639,9.53814,9.38309,9.23177,9.08463,8.94211,8.80458,8.67253,8.54400,8.42145,8.30495,8.19450,8.09018,7.99206,7.90027,7.81500,7.73669,7.66641,7.60711,7.56860,7.59459,8.02202,10.81020,8.18391,7.65757,7.49787,7.42235,7.37940,7.35392,7.34008,7.33520,7.33786,7.34723,7.36280,7.38421,7.41119,7.44356,7.48115,7.52384,7.57151,7.62407,7.68143,7.74351,7.81024,7.88156,7.95741,8.03773,8.12249,8.21163,8.30513,8.40295,8.50507,8.61149,8.72218,8.83716,8.95644,9.08003,9.20797,9.34029,9.47705,9.61829,9.76407,9.91444,10.06946,10.22918,10.39361,10.56275,10.73656,10.91495,11.09775,11.28472,11.47549,11.66959,11.86637,12.06500,12.26445,12.46347,12.66056,12.85393,13.04157,13.22118,13.39022,13.54599,13.68563,13.80621,13.90487,13.97888,14.02579,14.04355,14.03060,13.98599,13.90944,13.80136,13.66286,13.49571,13.30224,13.08524,12.84787,12.59348,12.32552,12.04740,11.76240,11.47359,11.18378,10.89545,10.61078,10.33160,10.05944,9.79551,9.54078,9.29595,9.06153,8.83782,8.62499,8.42307,8.23200,8.05163,7.88174,7.72207,7.57234,7.43221,7.30135,7.17942,7.06608,6.96098,6.86379,6.77419,6.69185,6.61647,6.54776,6.48545,6.42927,6.37896,6.33430,6.29504,6.26099,6.23193,6.20767,6.18803,6.17284,6.16192,6.15512,6.15229,6.15328,6.15794,6.16614,6.17773,6.19257,6.21053,6.23147,6.25524,6.28169,6.31069,6.34205,6.37562,6.41122,6.44864,6.48769,6.52814,6.56974,6.61223,6.65530,6.69864,6.74190,6.78466,6.82651,6.86696,6.90547,6.94147,6.97430,7.00325,7.02753,7.04627,7.05851,7.06321,7.05924,7.04535,7.02020,6.98233,6.93021,6.86219,6.77653,6.67141,6.54497,6.39530,6.22053,6.01878,5.78833,5.52757,5.23515,4.91003,4.55154,4.15949,3.73426,3.27684,2.78891,2.27287,1.73183,1.16961,0.59067
5.82568,5.82582,5.82622,5.82690,5.82785,5.82907,5.83057,5.83236,5.83442,5.83678,5.83943,5.84237,5.84563,5.84919,5.85307,5.85728,5.86182,5.86671,5.87195,5.87755,5.88352,5.88988,5.89663,5.90379,5.91137,5.91937,5.92783,5.93674,5.94613,5.95601,5.96639,5.97729,5.98872,6.00071,6.01327,6.02642,6.04017,6.05455,6.06957,6.08525,6.10162,6.11869,6.13648,6.15502,6.17432,6.19441,6.21532,6.23705,6.25965,6.28312,6.30750,6.33281,6.35907,6.38632,6.41457,6.44385,6.47418,6.50561,6.53814,6.57181,6.60665,6.64269,6.67995,6.71847,6.75827,6.79938,6.84183,6.88566,6.93088,6.97755,7.02567,7.07529,7.12644,7.17914,7.23343,7.28933,7.34688,7.40611,7.46705,7.52972,7.59415,7.66038,7.72842,7.79831,7.87006,7.94370,8.01924,8.09672,8.17613,8.25750,8.34083,8.42613,8.51341,8.60265,8.69385,8.78700,8.88208,8.97906,9.07790,9.17857,9.28101,9.38516,9.49095,9.59829,9.70708,9.81720,9.92854,10.04093,10.15422,10.26823,10.38274,10.49753,10.61235,10.72692,10.84094,10.95409,11.06600,11.17630,11.28456,11.39036,11.49321,11.59263,11.68809,11.77905,11.86495,11.94520,12.01923,12.08643,12.14622,12.19801,12.24123,12.27535,12.29987,12.31432,12.31831,12.31151,12.29365,12.26456,12.22416,12.17246,12.10957,12.03572,11.95122,11.85648,11.75202,11.63843,11.51640,11.38666,11.25001,11.10729,10.95938,10.80715,10.65150,10.49331,10.33343,10.17271,10.01193,9.85185,9.69318,9.53656,9.38259,9.23182,9.08473,8.94175,8.80328,8.66965,8.54119,8.41830,8.29902,8.18573,8.07845,7.97715,7.88186,7.79265,7.70961,7.63293,7.56307,7.50116,7.45040,7.42178,7.46672,8.01999,10.40747,7.94340,7.51316,7.37728,7.31374,7.27937,7.26108,7.25370,7.25480,7.26311,7.27786,7.29857,7.32491,7.35664,7.39358,7.43558,7.48251,7.53429,7.59082,7.65201,7.71780,7.78814,7.86295,7.94218,8.02581,8.11377,8.20605,8.30261,8.40343,8.50850,8.61782,8.73138,8.84920,8.97129,9.09769,9.22842,9.36353,9.50307,9.64708,9.79560,9.94869,10.10637,10.26864,10.43550,10.60688,10.78266,10.96268,11.14665,11.33420,11.52483,11.71787,11.91250,12.10767,12.30212,12.49437,12.68265,12.86496,13.03907,13.20250,13.35262,13.48667,13.60183,13.69537,13.76470,13.80749,13.82184,13.80632,13.76007,13.68292,13.57532,13.43842,13.27395,13.08422,12.87196,12.64021,12.39221,12.13129,11.86074,11.58370,11.30312,11.02170,10.74181,10.46555,10.19467,9.93065,9.67466,9.42762,9.19022,8.96293,8.74608,8.53981,8.34418,8.15912,7.98450,7.82011,7.66572,7.52103,7.38575,7.25957,7.14215,7.03317,6.93231,6.83925,6.75368,6.67530,6.60382,6.53897,6.48049,6.42812,6.38163,6.34080,6.30542,6.27529,6.25021,6.23002,6.21455,6.20363,6.19712,6.19488,6.19677,6.20266,6.21243,6.22596,6.24312,6.26380,6.28789,6.31528,6.34584,6.37945,6.41600,6.45534,6.49736,6.54189,6.58879,6.63789,6.68900,6.74191,6.79641,6.85226,6.90916,6.96684,7.02493,7.08307,7.14083,7.19774,7.25326,7.30681,7.35773,7.40527,7.44860,7.48682,7.51889,7.54369,7.55995,7.56631,7.56123,7.54305,7.50998,7.46005,7.39118,7.30115,7.18760,7.04813,6.88024,6.68144,6.44933,6.18159,5.87618,5.53134,5.14581,4.71887,4.25049,3.74149,3.19359,2.60948,1.99288,1.34854,0.68209
5.81332,5.81347,5.81393,5.81469,5.81576,5.81715,5.81884,5.82085,5.82318,5.82583,5.82881,5.83212,5.83577,5.83976,5.84411,5.84882,5.85389,5.85934,5.86518,5.87141,5.87804,5.88509,5.89257,5.90048,5.90884,5.91767,5.92697,5.93675,5.94705,5.95786,5.96920,5.98109,5.99354,6.00657,6.02020,6.03445,6.04932,6.06485,6.08104,6.09793,6.11551,6.13383,6.15289,6.17273,6.19335,6.21478,6.23705,6.26017,6.28417,6.30907,6.33489,6.36167,6.38942,6.41816,6.44793,6.47876,6.51065,6.54365,6.57778,6.61306,6.64953,6.68721,6.72612,6.76630,6.80778,6.85059,6.89474,6.94028,6.98724,7.03563,7.08549,7.13685,7.18975,7.24420,7.30023,7.35789,7.41718,7.47815,7.54082,7.60521,7.67135,7.73926,7.80896,7.88048,7.95384,8.02905,8.10612,8.18508,8.26592,8.34865,8.43328,8.51980,8.60820,8.69848,8.79061,8.88457,8.98032,9.07783,9.17704,9.27791,9.38035,9.48429,9.58963,9.69627,9.80409,9.91295,10.02270,10.13316,10.24414,10.35543,10.46680,10.57799,10.68872,10.79867,10.90753,11.01493,11.12049,11.22379,11.32441,11.42187,11.51569,11.60536,11.69035,11.77013,11.84413,11.91179,11.97255,12.02586,12.07116,12.10794,12.13570,12.15399,12.16241,12.16059,12.14827,12.12524,12.09136,12.04661,11.99103,11.92477,11.84809,11.76131,11.66488,11.55931,11.44519,11.32319,11.19404,11.05851,10.91740,10.77154,10.62180,10.46899,10.31398,10.15755,10.00051,9.84360,9.68753,9.53296,9.38050,9.23071,9.08411,8.94115,8.80223,8.66772,8.53793,8.41314,8.29360,8.17969,8.06942,7.96510,7.86671,7.77420,7.68758,7.60688,7.53219,7.46371,7.40189,7.34794,7.30536,7.28651,7.35217,8.06907,9.84893,7.73655,7.38232,7.26707,7.21443,7.18805,7.17651,7.17523,7.18200,7.19566,7.21551,7.24111,7.27214,7.30839,7.34968,7.39588,7.44688,7.50258,7.56290,7.62778,7.69714,7.77093,7.84910,7.93161,8.01842,8.10950,8.20482,8.30436,8.40811,8.51606,8.62822,8.74460,8.86520,8.99007,9.11922,9.25269,9.39053,9.53277,9.67945,9.83060,9.98623,10.14635,10.31092,10.47986,10.65305,10.83028,11.01127,11.19561,11.38280,11.57216,11.76284,11.95380,12.14378,12.33130,12.51463,12.69179,12.86061,13.01866,13.16340,13.29215,13.40223,13.49100,13.55600,13.59505,13.60636,13.58862,13.54109,13.46363,13.35678,13.22167,13.06005,12.87416,12.66666,12.44050,12.19881,11.94479,11.68161,11.41230,11.13969,10.86636,10.59460,10.32642,10.06352,9.80730,9.55891,9.31922,9.08891,8.86845,8.65814,8.45814,8.26850,8.08917,7.92003,7.76088,7.61150,7.47163,7.34097,7.21924,7.10612,7.00130,6.90447,6.81534,6.73361,6.65900,6.59124,6.53006,6.47522,6.42649,6.38365,6.34648,6.31479,6.28840,6.26714,6.25083,6.23934,6.23252,6.23024,6.23236,6.23878,6.24938,6.26406,6.28272,6.30526,6.33158,6.36159,6.39521,6.43235,6.47291,6.51680,6.56392,6.61417,6.66744,6.72362,6.78258,6.84418,6.90826,6.97465,7.04316,7.11357,7.18565,7.25911,7.33365,7.40891,7.48450,7.55995,7.63477,7.70837,7.78009,7.84918,7.91480,7.97599,8.03169,8.08068,8.12161,8.15296,8.17303,8.17995,8.17163,8.14578,8.09991,8.03132,7.93709,7.81413,7.65922,7.46904,7.24024,6.96953,6.65381,6.29034,5.87681,5.41162,4.89405,4.32441,3.70427,3.03656,2.32571,1.57760,0.79953
5.80837,5.80854,5.80905,5.80989,5.81108,5.81261,5.81449,5.81671,5.81929,5.82222,5.82552,5.82918,5.83321,5.83761,5.84240,5.84759,5.85317,5.85916,5.86556,5.87239,5.87966,5.88737,5.89553,5.90417,5.91328,5.92288,5.93299,5.94362,5.95477,5.96647,5.97874,5.99157,6.00500,6.01903,6.03369,6.04898,6.06493,6.08156,6.09888,6.11691,6.13568,6.15519,6.17547,6.19655,6.21843,6.24115,6.26473,6.28918,6.31453,6.34080,6.36801,6.39620,6.42537,6.45557,6.48680,6.51911,6.55250,6.58701,6.62267,6.65950,6.69753,6.73678,6.77728,6.81906,6.86215,6.90658,6.95236,6.99954,7.04813,7.09818,7.14969,7.20271,7.25726,7.31336,7.37105,7.43035,7.49128,7.55387,7.61815,7.68413,7.75183,7.82129,7.89251,7.96550,8.04030,8.11690,8.19531,8.27554,8.35759,8.44146,8.52714,8.61462,8.70388,8.79489,8.88763,8.98206,9.07813,9.17579,9.27497,9.37559,9.47758,9.58082,9.68520,9.79060,9.89687,10.00385,10.11136,10.21921,10.32717,10.43501,10.54245,10.64923,10.75502,10.85949,10.96229,11.06304,11.16131,11.25669,11.34871,11.43691,11.52078,11.59981,11.67349,11.74128,11.80265,11.85706,11.90400,11.94296,11.97346,11.99505,12.00733,12.00993,12.00256,11.98499,11.95705,11.91866,11.86984,11.81066,11.74132,11.66207,11.57329,11.47541,11.36895,11.25450,11.13271,11.00430,10.87000,10.73059,10.58688,10.43965,10.28972,10.13788,9.98489,9.83149,9.67840,9.52627,9.37573,9.22735,9.08166,8.93914,8.80021,8.66526,8.53463,8.40860,8.28744,8.17136,8.06058,7.95541,7.85388,7.75823,7.66841,7.58434,7.50601,7.43344,7.36673,7.30605,7.25189,7.20553,7.17080,7.16164,7.25035,8.18195,9.27555,7.55661,7.26328,7.16603,7.12335,7.10442,7.09924,7.10372,7.11587,7.13461,7.15931,7.18955,7.22505,7.26560,7.31104,7.36125,7.41613,7.47558,7.53954,7.60794,7.68073,7.75785,7.83926,7.92493,8.01482,8.10891,8.20717,8.30961,8.41621,8.52698,8.64191,8.76104,8.88437,9.01193,9.14376,9.27989,9.42035,9.56517,9.71437,9.86795,10.02590,10.18817,10.35466,10.52524,10.69968,10.87768,11.05883,11.24259,11.42829,11.61506,11.80187,11.98746,12.17035,12.34885,12.52102,12.68472,12.83761,12.97720,13.10093,13.20620,13.29050,13.35151,13.38715,13.39575,13.37611,13.32758,13.25009,13.14420,13.01108,12.85243,12.67046,12.46773,12.24713,12.01166,11.76442,11.50845,11.24666,10.98178,10.71628,10.45238,10.19200,9.93678,9.68807,9.44698,9.21436,8.99086,8.77694,8.57290,8.37891,8.19502,8.02118,7.85728,7.70315,7.55857,7.42330,7.29706,7.17958,7.07056,6.96971,6.87674,6.79136,6.71330,6.64229,6.57807,6.52040,6.46904,6.42378,6.38441,6.35074,6.32258,6.29976,6.28213,6.26954,6.26185,6.25894,6.26070,6.26700,6.27775,6.29287,6.31225,6.33583,6.36352,6.39526,6.43097,6.47060,6.51407,6.56133,6.61231,6.66695,6.72518,6.78694,6.85214,6.92070,6.99253,7.06753,7.14558,7.22654,7.31026,7.39657,7.48527,7.57612,7.66886,7.76317,7.85870,7.95504,8.05171,8.14817,8.24377,8.33780,8.42942,8.51766,8.60144,8.67950,8.75040,8.81252,8.86400,8.90277,8.92646,8.93243,8.91775,8.87916,8.81309,8.71566,8.58271,8.40980,8.19236,7.92573,7.60532,7.22679,6.78629,6.28070,5.70798,5.06743,4.36003,3.58875,2.75867,1.87717,0.95377
5.81086,5.81105,5.81160,5.81253,5.81383,5.81551,5.81756,5.81999,5.82281,5.82601,5.82960,5.83359,5.83798,5.84279,5.84800,5.85364,5.85970,5.86621,5.87316,5.88056,5.88843,5.89677,5.90560,5.91493,5.92476,5.93511,5.94599,5.95742,5.96941,5.98196,5.99511,6.00885,6.02321,6.03821,6.05385,6.07015,6.08714,6.10482,6.12323,6.14237,6.16226,6.18292,6.20438,6.22665,6.24976,6.27371,6.29855,6.32428,6.35093,6.37852,6.40707,6.43661,6.46716,6.49875,6.53140,6.56513,6.59996,6.63593,6.67306,6.71138,6.75090,6.79166,6.83369,6.87700,6.92163,6.96761,7.01495,7.06369,7.11385,7.16546,7.21854,7.27312,7.32923,7.38690,7.44613,7.50696,7.56942,7.63351,7.69927,7.76670,7.83584,7.90668,7.97925,8.05356,8.12961,8.20741,8.28695,8.36824,8.45127,8.53603,8.62250,8.71065,8.80046,8.89190,8.98491,9.07945,9.17545,9.27285,9.37156,9.47148,9.57251,9.67453,9.77741,9.88099,9.98510,10.08956,10.19416,10.29869,10.40289,10.50650,10.60923,10.71078,10.81079,10.90892,11.00479,11.09798,11.18809,11.27465,11.35721,11.43529,11.50840,11.57603,11.63768,11.69284,11.74102,11.78173,11.81450,11.83890,11.85452,11.86100,11.85802,11.84535,11.82279,11.79022,11.74760,11.69498,11.63248,11.56032,11.47877,11.38822,11.28911,11.18196,11.06736,10.94595,10.81840,10.68544,10.54781,10.40628,10.26161,10.11456,9.96587,9.81628,9.66648,9.51714,9.36887,9.22228,9.07788,8.93619,8.79765,8.66265,8.53157,8.40471,8.28236,8.16474,8.05207,7.94452,7.84226,7.74556,7.65246,7.56514,7.48354,7.40754,7.33713,7.27233,7.21320,7.15994,7.11306,7.07393,7.04676,7.04729,7.16206,8.37489,8.76514,7.39950,7.15556,7.07415,7.04061,7.02864,7.02946,7.03939,7.05663,7.08020,7.10951,7.14418,7.18394,7.22859,7.27800,7.33205,7.39065,7.45370,7.52116,7.59295,7.66903,7.74937,7.83391,7.92263,8.01551,8.11253,8.21367,8.31894,8.42832,8.54183,8.65948,8.78129,8.90728,9.03748,9.17191,9.31059,9.45355,9.60080,9.75233,9.90812,10.06809,10.23214,10.40012,10.57178,10.74682,10.92480,11.10518,11.28727,11.47020,11.65294,11.83423,12.01263,12.18644,12.35379,12.51257,12.66051,12.79521,12.91418,13.01494,13.09510,13.15242,13.18497,13.19118,13.16994,13.12068,13.04340,12.93868,12.80769,12.65212,12.47410,12.27615,12.06104,11.83169,11.59107,11.34211,11.08762,10.83021,10.57228,10.31594,10.06306,9.81521,9.57370,9.33960,9.11375,8.89676,8.68910,8.49106,8.30280,8.12438,7.95577,7.79688,7.64753,7.50752,7.37663,7.25461,7.14117,7.03606,6.93899,6.84968,6.76788,6.69330,6.62571,6.56486,6.51052,6.46247,6.42051,6.38444,6.35408,6.32927,6.30985,6.29567,6.28661,6.28255,6.28336,6.28895,6.29923,6.31411,6.33352,6.35739,6.38566,6.41828,6.45518,6.49634,6.54171,6.59125,6.64493,6.70272,6.76458,6.83049,6.90041,6.97431,7.05214,7.13387,7.21945,7.30880,7.40187,7.49857,7.59878,7.70240,7.80928,7.91923,8.03206,8.14751,8.26529,8.38505,8.50638,8.62879,8.75171,8.87446,8.99627,9.11621,9.23320,9.34598,9.45311,9.55289,9.64336,9.72227,9.78702,9.83464,9.86176,9.86455,9.83868,9.77937,9.68129,9.53866,9.34526,9.09454,8.77977,8.39426,7.93168,7.38640,6.75399,6.03171,5.21909,4.31847,3.33540,2.27898,1.16186
5.82021,5.82041,5.82102,5.82202,5.82343,5.82524,5.82746,5.83009,5.83313,5.83659,5.84047,5.84478,5.84952,5.85470,5.86032,5.86640,5.87293,5.87992,5.88740,5.89535,5.90380,5.91275,5.92221,5.93220,5.94272,5.95379,5.96542,5.97762,5.99040,6.00378,6.01777,6.03239,6.04765,6.06356,6.08015,6.09743,6.11541,6.13411,6.15356,6.17376,6.19474,6.21651,6.23910,6.26252,6.28680,6.31195,6.33799,6.36496,6.39286,6.42172,6.45156,6.48241,6.51428,6.54721,6.58121,6.61631,6.65253,6.68990,6.72844,6.76818,6.80913,6.85134,6.89482,6.93959,6.98569,7.03314,7.08196,7.13217,7.18381,7.23690,7.29146,7.34751,7.40508,7.46418,7.52485,7.58710,7.65095,7.71641,7.78351,7.85225,7.92265,7.99471,8.06846,8.14388,8.22098,8.29976,8.38020,8.46231,8.54606,8.63142,8.71838,8.80690,8.89693,8.98843,9.08134,9.17558,9.27110,9.36778,9.46554,9.56425,9.66380,9.76404,9.86482,9.96595,10.06725,10.16851,10.26950,10.36997,10.46965,10.56825,10.66545,10.76093,10.85433,10.94526,11.03333,11.11813,11.19922,11.27615,11.34846,11.41567,11.47730,11.53289,11.58194,11.62401,11.65863,11.68537,11.70386,11.71371,11.71461,11.70630,11.68858,11.66128,11.62435,11.57778,11.52164,11.45609,11.38136,11.29777,11.20568,11.10556,10.99793,10.88335,10.76245,10.63590,10.50438,10.36861,10.22932,10.08722,9.94305,9.79751,9.65129,9.50504,9.35938,9.21492,9.07218,8.93169,8.79391,8.65925,8.52810,8.40079,8.27762,8.15884,8.04469,7.93535,7.83098,7.73173,7.63773,7.54921,7.46422,7.38492,7.31118,7.24290,7.18005,7.12264,7.07073,7.02453,6.98457,6.95234,6.93245,6.94273,7.08752,8.66087,8.33899,7.26140,7.05802,6.99065,6.96553,6.96008,6.96655,6.98165,7.00374,7.03190,7.06561,7.10450,7.14832,7.19690,7.25011,7.30783,7.36999,7.43650,7.50731,7.58238,7.66164,7.74508,7.83265,7.92433,8.02011,8.11997,8.22391,8.33193,8.44403,8.56021,8.68051,8.80493,8.93349,9.06622,9.20313,9.34424,9.48954,9.63902,9.79264,9.95031,10.11193,10.27731,10.44621,10.61830,10.79314,10.97018,11.14870,11.32785,11.50660,11.68369,11.85770,12.02697,12.18965,12.34370,12.48690,12.61693,12.73140,12.82792,12.90420,12.95814,12.98788,12.99198,12.96941,12.91967,12.84280,12.73942,12.61069,12.45827,12.28425,12.09106,11.88138,11.65803,11.42388,11.18175,10.93434,10.68417,10.43354,10.18450,9.93884,9.69809,9.46350,9.23612,9.01675,8.80600,8.60433,8.41203,8.22925,8.05608,7.89248,7.73835,7.59357,7.45793,7.33123,7.21321,7.10364,7.00225,6.90878,6.82296,6.74455,6.67330,6.60896,6.55131,6.50014,6.45523,6.41639,6.38346,6.35625,6.33462,6.31842,6.30752,6.30181,6.30117,6.30551,6.31474,6.32879,6.34759,6.37108,6.39920,6.43193,6.46921,6.51104,6.55737,6.60820,6.66351,6.72331,6.78758,6.85633,6.92956,7.00728,7.08949,7.17620,7.26741,7.36313,7.46335,7.56807,7.67726,7.79090,7.90896,8.03136,8.15804,8.28890,8.42381,8.56261,8.70508,8.85097,8.99996,9.15168,9.30564,9.46128,9.61791,9.77471,9.93068,10.08465,10.23521,10.38070,10.51913,10.64818,10.76511,10.86668,10.94915,11.00815,11.03861,11.03475,10.98996,10.89680,10.74699,10.53146,10.24050,9.86395,9.39159,8.81363,8.12140,7.30817,6.37014,5.30750,4.12534,2.83449,1.45180
5.83583,5.83605,5.83669,5.83777,5.83928,5.84122,5.84360,5.84642,5.84968,5.85339,5.85755,5.86216,5.86723,5.87277,5.87879,5.88528,5.89226,5.89973,5.90770,5.91619,5.92519,5.93472,5.94480,5.95542,5.96661,5.97836,5.99070,6.00364,6.01719,6.03136,6.04616,6.06162,6.07775,6.09455,6.11205,6.13026,6.14920,6.16888,6.18933,6.21055,6.23258,6.25542,6.27909,6.30362,6.32902,6.35532,6.38253,6.41068,6.43978,6.46986,6.50094,6.53304,6.56618,6.60039,6.63569,6.67210,6.70964,6.74835,6.78824,6.82933,6.87166,6.91523,6.96009,7.00625,7.05374,7.10257,7.15278,7.20439,7.25741,7.31187,7.36780,7.42521,7.48412,7.54455,7.60652,7.67005,7.73514,7.80182,7.87010,7.93997,8.01146,8.08455,8.15926,8.23558,8.31351,8.39302,8.47411,8.55675,8.64093,8.72659,8.81371,8.90224,8.99212,9.08329,9.17568,9.26919,9.36374,9.45922,9.55551,9.65248,9.74997,9.84783,9.94587,10.04391,10.14171,10.23906,10.33570,10.43135,10.52573,10.61852,10.70938,10.79798,10.88393,10.96684,11.04630,11.12191,11.19321,11.25976,11.32112,11.37683,11.42643,11.46949,11.50556,11.53424,11.55514,11.56790,11.57219,11.56775,11.55434,11.53182,11.50006,11.45904,11.40878,11.34939,11.28106,11.20402,11.11862,11.02523,10.92431,10.81638,10.70199,10.58176,10.45632,10.32634,10.19250,10.05550,9.91602,9.77474,9.63234,9.48946,9.34671,9.20470,9.06396,8.92503,8.78836,8.65440,8.52355,8.39615,8.27253,8.15296,8.03769,7.92693,7.82085,7.71961,7.62333,7.53213,7.44610,7.36546,7.28827,7.21663,7.15042,7.08951,7.03386,6.98349,6.93846,6.89898,6.86561,6.83996,6.82709,6.84730,7.02728,9.03622,7.99150,7.13931,6.96962,6.91478,6.89743,6.89810,6.90993,6.92993,6.95662,6.98916,7.02706,7.06997,7.11768,7.17002,7.22686,7.28810,7.35368,7.42351,7.49756,7.57577,7.65810,7.74453,7.83503,7.92958,8.02817,8.13079,8.23745,8.34814,8.46286,8.58165,8.70449,8.83142,8.96245,9.09759,9.23684,9.38018,9.52761,9.67905,9.83443,9.99361,10.15640,10.32255,10.49171,10.66343,10.83714,11.01214,11.18757,11.36239,11.53537,11.70510,11.86995,12.02811,12.17759,12.31624,12.44182,12.55202,12.64455,12.71722,12.76802,12.79523,12.79746,12.77380,12.72378,12.64752,12.54563,12.41927,12.27006,12.10005,11.91159,11.70727,11.48982,11.26199,11.02652,10.78599,10.54284,10.29929,10.05730,9.81861,9.58469,9.35677,9.13585,8.92271,8.71797,8.52205,8.33525,8.15774,7.98959,7.83078,7.68123,7.54082,7.40936,7.28665,7.17247,7.06659,6.96875,6.87871,6.79622,6.72105,6.65295,6.59171,6.53710,6.48894,6.44701,6.41115,6.38118,6.35696,6.33834,6.32519,6.31739,6.31484,6.31744,6.32512,6.33779,6.35541,6.37790,6.40524,6.43739,6.47432,6.51602,6.56248,6.61370,6.66969,6.73046,6.79604,6.86644,6.94170,7.02187,7.10697,7.19706,7.29218,7.39239,7.49773,7.60828,7.72407,7.84515,7.97159,8.10341,8.24065,8.38334,8.53149,8.68510,8.84412,9.00852,9.17819,9.35301,9.53280,9.71732,9.90624,10.09916,10.29556,10.49479,10.69603,10.89829,11.10032,11.30062,11.49732,11.68818,11.87047,12.04091,12.19553,12.32958,12.43742,12.51232,12.54638,12.53036,12.45356,12.30378,12.06729,11.72901,11.27281,10.68211,9.94076,9.03436,7.95188,6.68771,5.24370,3.63116,1.87221
5.85819,5.85842,5.85911,5.86026,5.86186,5.86393,5.86647,5.86947,5.87294,5.87689,5.88131,5.88622,5.89162,5.89750,5.90389,5.91079,5.91819,5.92612,5.93458,5.94357,5.95311,5.96321,5.97387,5.98511,5.99693,6.00935,6.02238,6.03603,6.05032,6.06525,6.08084,6.09711,6.11407,6.13173,6.15011,6.16922,6.18908,6.20971,6.23112,6.25334,6.27637,6.30024,6.32496,6.35056,6.37705,6.40445,6.43278,6.46207,6.49233,6.52358,6.55585,6.58915,6.62351,6.65895,6.69550,6.73316,6.77198,6.81196,6.85313,6.89552,6.93914,6.98403,7.03019,7.07766,7.12646,7.17660,7.22811,7.28101,7.33532,7.39106,7.44825,7.50690,7.56704,7.62867,7.69181,7.75647,7.82267,7.89041,7.95969,8.03052,8.10290,8.17683,8.25229,8.32928,8.40779,8.48778,8.56924,8.65213,8.73642,8.82206,8.90899,8.99717,9.08651,9.17693,9.26836,9.36068,9.45379,9.54756,9.64184,9.73649,9.83134,9.92621,10.02088,10.11515,10.20877,10.30150,10.39306,10.48315,10.57147,10.65768,10.74144,10.82238,10.90011,10.97426,11.04439,11.11010,11.17096,11.22654,11.27641,11.32015,11.35734,11.38758,11.41049,11.42573,11.43296,11.43192,11.42237,11.40413,11.37706,11.34110,11.29626,11.24258,11.18020,11.10933,11.03023,10.94324,10.84876,10.74723,10.63917,10.52512,10.40567,10.28144,10.15307,10.02121,9.88651,9.74964,9.61123,9.47193,9.33233,9.19303,9.05458,8.91749,8.78224,8.64930,8.51906,8.39190,8.26814,8.14810,8.03203,7.92016,7.81268,7.70977,7.61157,7.51820,7.42974,7.34629,7.26792,7.19483,7.12510,7.06079,7.00174,6.94785,6.89906,6.85538,6.81688,6.78377,6.75666,6.73728,6.73122,6.76163,6.98359,9.45392,7.71025,7.03204,6.89065,6.84706,6.83692,6.84335,6.86024,6.88490,6.91598,6.95270,6.99460,7.04137,7.09280,7.14874,7.20907,7.27371,7.34258,7.41562,7.49279,7.57404,7.65935,7.74868,7.84203,7.93937,8.04070,8.14602,8.25532,8.36861,8.48590,8.60720,8.73252,8.86187,8.99525,9.13266,9.27407,9.41946,9.56876,9.72187,9.87864,10.03888,10.20231,10.36859,10.53724,10.70770,10.87926,11.05106,11.22206,11.39106,11.55665,11.71725,11.87108,12.01621,12.15054,12.27192,12.37811,12.46692,12.53627,12.58423,12.60918,12.60982,12.58531,12.53525,12.45977,12.35951,12.23561,12.08967,11.92366,11.73988,11.54083,11.32913,11.10746,10.87843,10.64455,10.40816,10.17140,9.93618,9.70416,9.47678,9.25522,9.04046,8.83326,8.63423,8.44378,8.26222,8.08970,7.92632,7.77206,7.62685,7.49058,7.36307,7.24415,7.13360,7.03120,6.93672,6.84992,6.77057,6.69845,6.63333,6.57501,6.52327,6.47793,6.43881,6.40574,6.37857,6.35715,6.34135,6.33106,6.32618,6.32660,6.33224,6.34305,6.35895,6.37990,6.40586,6.43681,6.47272,6.51360,6.55943,6.61024,6.66604,6.72687,6.79275,6.86374,6.93989,7.02125,7.10791,7.19993,7.29740,7.40040,7.50904,7.62342,7.74364,7.86982,8.00207,8.14051,8.28527,8.43646,8.59421,8.75864,8.92986,9.10798,9.29310,9.48528,9.68460,9.89108,10.10472,10.32548,10.55323,10.78781,11.02894,11.27624,11.52919,11.78709,12.04903,12.31381,12.57992,12.84544,13.10793,13.36434,13.61084,13.84269,14.05401,14.23755,14.38440,14.48373,14.52243,14.48480,14.35226,14.10322,13.71304,13.15453,12.39880,11.41695,10.18272,8.67608,6.88780,4.82430,2.51205
5.88604,5.88628,5.88701,5.88823,5.88993,5.89212,5.89480,5.89798,5.90166,5.90583,5.91051,5.91570,5.92140,5.92763,5.93438,5.94166,5.94948,5.95785,5.96677,5.97625,5.98631,5.99695,6.00817,6.02000,6.03244,6.04550,6.05919,6.07353,6.08852,6.10419,6.12054,6.13759,6.15534,6.17383,6.19305,6.21303,6.23378,6.25532,6.27766,6.30082,6.32482,6.34968,6.37541,6.40203,6.42956,6.45802,6.48743,6.51781,6.54917,6.58155,6.61495,6.64940,6.68493,6.72154,6.75926,6.79812,6.83814,6.87933,6.92171,6.96532,7.01017,7.05627,7.10366,7.15235,7.20236,7.25371,7.30642,7.36051,7.41599,7.47289,7.53121,7.59097,7.65219,7.71487,7.77902,7.84465,7.91177,7.98038,8.05047,8.12205,8.19510,8.26962,8.34558,8.42298,8.50178,8.58195,8.66347,8.74627,8.83032,8.91556,9.00191,9.08931,9.17768,9.26690,9.35688,9.44750,9.53863,9.63012,9.72182,9.81355,9.90512,9.99633,10.08695,10.17675,10.26548,10.35285,10.43858,10.52235,10.60384,10.68271,10.75861,10.83115,10.89995,10.96463,11.02477,11.07998,11.12985,11.17396,11.21193,11.24338,11.26792,11.28523,11.29499,11.29691,11.29076,11.27633,11.25348,11.22213,11.18223,11.13381,11.07697,11.01186,10.93871,10.85778,10.76944,10.67407,10.57212,10.46410,10.35054,10.23201,10.10909,9.98241,9.85259,9.72025,9.58601,9.45049,9.31428,9.17795,9.04205,8.90711,8.77361,8.64200,8.51271,8.38612,8.26258,8.14240,8.02586,7.91321,7.80466,7.70041,7.60060,7.50538,7.41485,7.32910,7.24821,7.17223,7.10124,7.03539,6.97280,6.91548,6.86329,6.81608,6.77383,6.73652,6.70423,6.67719,6.65605,6.64267,6.64322,6.68423,6.95717,9.79451,7.48059,6.93674,6.81938,6.78594,6.78251,6.79436,6.81606,6.84516,6.88041,6.92112,6.96684,7.01730,7.07230,7.13170,7.19538,7.26328,7.33532,7.41145,7.49162,7.57582,7.66400,7.75614,7.85225,7.95229,8.05627,8.16419,8.27604,8.39185,8.51160,8.63530,8.76297,8.89459,9.03016,9.16964,9.31300,9.46015,9.61098,9.76535,9.92304,10.08377,10.24717,10.41279,10.58003,10.74819,10.91641,11.08366,11.24876,11.41031,11.56677,11.71641,11.85733,11.98751,12.10487,12.20725,12.29256,12.35879,12.40413,12.42702,12.42628,12.40109,12.35114,12.27657,12.17804,12.05667,11.91402,11.75202,11.57287,11.37900,11.17295,10.95728,10.73453,10.50711,10.27728,10.04711,9.81843,9.59287,9.37180,9.15638,8.94756,8.74610,8.55257,8.36739,8.19086,8.02315,7.86435,7.71445,7.57341,7.44111,7.31740,7.20210,7.09502,6.99596,6.90468,6.82098,6.74463,6.67541,6.61313,6.55758,6.50856,6.46591,6.42945,6.39902,6.37449,6.35572,6.34259,6.33500,6.33285,6.33607,6.34457,6.35831,6.37724,6.40131,6.43052,6.46484,6.50428,6.54884,6.59854,6.65340,6.71347,6.77881,6.84945,6.92548,7.00697,7.09402,7.18671,7.28516,7.38949,7.49981,7.61628,7.73903,7.86823,8.00403,8.14663,8.29619,8.45292,8.61702,8.78871,8.96820,9.15572,9.35150,9.55579,9.76881,9.99082,10.22204,10.46271,10.71304,10.97322,11.24342,11.52376,11.81430,12.11504,12.42586,12.74653,13.07664,13.41555,13.76235,14.11576,14.47403,14.83481,15.19497,15.55040,15.89574,16.22403,16.52629,16.79100,17.00347,17.14511,17.19256,17.11684,16.88255,16.44729,15.76180,14.77117,13.41797,11.64794,9.41903,6.71335,3.55070
5.91918,5.91944,5.92021,5.92149,5.92328,5.92559,5.92841,5.93176,5.93563,5.94003,5.94495,5.95041,5.95641,5.96296,5.97006,5.97771,5.98593,5.99472,6.00409,6.01405,6.02460,6.03576,6.04753,6.05992,6.07295,6.08663,6.10096,6.11596,6.13164,6.14801,6.16508,6.18288,6.20141,6.22068,6.24072,6.26153,6.28313,6.30554,6.32878,6.35285,6.37778,6.40358,6.43027,6.45787,6.48640,6.51588,6.54631,6.57773,6.61016,6.64360,6.67808,6.71362,6.75025,6.78797,6.82682,6.86680,6.90794,6.95027,6.99379,7.03854,7.08452,7.13176,7.18027,7.23008,7.28121,7.33366,7.38745,7.44261,7.49914,7.55706,7.61638,7.67710,7.73924,7.80281,7.86780,7.93422,8.00206,8.07133,8.14202,8.21410,8.28758,8.36243,8.43862,8.51613,8.59492,8.67495,8.75617,8.83853,8.92196,9.00639,9.09174,9.17792,9.26483,9.35236,9.44038,9.52876,9.61735,9.70598,9.79448,9.88265,9.97029,10.05718,10.14306,10.22770,10.31080,10.39209,10.47126,10.54799,10.62193,10.69275,10.76009,10.82356,10.88279,10.93741,10.98702,11.03124,11.06970,11.10202,11.12786,11.14687,11.15875,11.16321,11.16003,11.14898,11.12990,11.10270,11.06730,11.02372,10.97199,10.91224,10.84465,10.76945,10.68693,10.59745,10.50139,10.39921,10.29139,10.17846,10.06096,9.93946,9.81456,9.68683,9.55688,9.42530,9.29266,9.15952,9.02643,8.89390,8.76243,8.63246,8.50442,8.37872,8.25570,8.13571,8.01902,7.90591,7.79661,7.69132,7.59022,7.49345,7.40114,7.31340,7.23031,7.15193,7.07833,7.00954,6.94561,6.88671,6.83095,6.78031,6.73465,6.69382,6.65779,6.62654,6.60017,6.57890,6.56345,6.55581,6.56281,6.61497,6.95091,9.90310,7.29149,6.85216,6.75539,6.73117,6.73399,6.75097,6.77723,6.81056,6.84980,6.89432,6.94371,6.99771,7.05613,7.11884,7.18575,7.25678,7.33187,7.41098,7.49406,7.58109,7.67205,7.76692,7.86568,7.96834,8.07488,8.18531,8.29962,8.41783,8.53993,8.66592,8.79578,8.92951,9.06706,9.20838,9.35339,9.50196,9.65394,9.80909,9.96713,10.12769,10.29029,10.45436,10.61917,10.78387,10.94745,11.10872,11.26634,11.41878,11.56435,11.70122,11.82742,11.94093,12.03970,12.12170,12.18501,12.22792,12.24896,12.24701,12.22132,12.17162,12.09807,12.00135,11.88256,11.74321,11.58518,11.41060,11.22182,11.02129,10.81149,10.59485,10.37371,10.15024,9.92645,9.70410,9.48477,9.26980,9.06031,8.85722,8.66127,8.47304,8.29293,8.12124,7.95815,7.80375,7.65805,7.52100,7.39250,7.27243,7.16060,7.05685,6.96096,6.87275,6.79200,6.71850,6.65206,6.59247,6.53955,6.49311,6.45300,6.41906,6.39113,6.36908,6.35281,6.34219,6.33713,6.33755,6.34338,6.35456,6.37104,6.39279,6.41978,6.45201,6.48948,6.53219,6.58016,6.63344,6.69207,6.75609,6.82559,6.90064,6.98132,7.06775,7.16002,7.25827,7.36263,7.47326,7.59030,7.71394,7.84436,7.98176,8.12636,8.27839,8.43809,8.60571,8.78154,8.96587,9.15900,9.36126,9.57300,9.79459,10.02639,10.26882,10.52228,10.78723,11.06410,11.35338,11.65552,11.97103,12.30039,12.64408,13.00255,13.37623,13.76549,14.17062,14.59177,15.02893,15.48184,15.94988,16.43201,16.92653,17.43088,17.94137,18.45274,18.95764,19.44591,19.90363,20.31186,20.64502,20.86881,20.93768,20.79194,20.35473,19.52977,18.20125,16.23848,13.50905,9.90442,5.37943
5.95773,5.95800,5.95881,5.96015,5.96203,5.96445,5.96742,5.97093,5.97499,5.97959,5.98476,5.99048,5.99677,6.00363,6.01106,6.01907,6.02768,6.03687,6.04668,6.05709,6.06812,6.07978,6.09207,6.10501,6.11861,6.13288,6.14782,6.16346,6.17980,6.19685,6.21462,6.23314,6.25241,6.27245,6.29326,6.31487,6.33730,6.36054,6.38463,6.40958,6.43540,6.46210,6.48972,6.51826,6.54774,6.57818,6.60960,6.64201,6.67543,6.70989,6.74540,6.78197,6.81964,6.85840,6.89830,6.93934,6.98154,7.02492,7.06950,7.11530,7.16233,7.21061,7.26015,7.31098,7.36311,7.41655,7.47131,7.52741,7.58485,7.64365,7.70381,7.76534,7.82823,7.89250,7.95814,8.02515,8.09351,8.16321,8.23425,8.30660,8.38024,8.45514,8.53127,8.60858,8.68703,8.76656,8.84713,8.92865,9.01105,9.09425,9.17815,9.26264,9.34761,9.43293,9.51846,9.60404,9.68950,9.77468,9.85936,9.94335,10.02641,10.10830,10.18877,10.26755,10.34435,10.41887,10.49080,10.55980,10.62554,10.68767,10.74583,10.79967,10.84882,10.89291,10.93158,10.96449,10.99130,11.01167,11.02532,11.03195,11.03134,11.02325,11.00754,10.98406,10.95274,10.91356,10.86654,10.81175,10.74935,10.67951,10.60249,10.51860,10.42817,10.33162,10.22937,10.12190,10.00972,9.89335,9.77336,9.65028,9.52469,9.39716,9.26824,9.13846,9.00838,8.87849,8.74927,8.62120,8.49469,8.37015,8.24795,8.12843,8.01190,7.89862,7.78886,7.68282,7.58070,7.48267,7.38886,7.29940,7.21437,7.13388,7.05796,6.98669,6.92008,6.85818,6.80102,6.74874,6.69950,6.65524,6.61580,6.58104,6.55093,6.52545,6.50470,6.48893,6.47889,6.47676,6.49009,6.55411,6.96920,9.70731,7.13477,6.77761,6.69867,6.68285,6.69153,6.71336,6.74396,6.78132,6.82438,6.87256,6.92546,6.98285,7.04457,7.11047,7.18049,7.25454,7.33258,7.41457,7.50046,7.59024,7.68388,7.78138,7.88273,7.98791,8.09692,8.20977,8.32645,8.44695,8.57128,8.69940,8.83130,8.96694,9.10624,9.24913,9.39546,9.54506,9.69771,9.85310,10.01085,10.17049,10.33143,10.49296,10.65422,10.81422,10.97178,11.12559,11.27414,11.41580,11.54877,11.67117,11.78104,11.87639,11.95528,12.01590,12.05659,12.07597,12.07299,12.04696,11.99764,11.92524,11.83040,11.71422,11.57817,11.42407,11.25400,11.07021,10.87507,10.67097,10.46026,10.24520,10.02788,9.81024,9.59399,9.38066,9.17155,8.96775,8.77016,8.57951,8.39634,8.22109,8.05403,7.89536,7.74517,7.60347,7.47023,7.34537,7.22875,7.12023,7.01963,6.92677,6.84147,6.76351,6.69272,6.62889,6.57185,6.52141,6.47741,6.43969,6.40811,6.38252,6.36281,6.34887,6.34059,6.33789,6.34071,6.34897,6.36264,6.38166,6.40603,6.43572,6.47075,6.51111,6.55684,6.60796,6.66453,6.72661,6.79427,6.86758,6.94666,7.03159,7.12251,7.21955,7.32286,7.43259,7.54892,7.67205,7.80217,7.93950,8.08429,8.23678,8.39726,8.56601,8.74334,8.92960,9.12513,9.33032,9.54557,9.77133,10.00806,10.25624,10.51642,10.78916,11.07507,11.37479,11.68900,12.01845,12.36391,12.72623,13.10628,13.50501,13.92340,14.36249,14.82336,15.30712,15.81491,16.34783,16.90697,17.49330,18.10759,18.75034,19.42155,20.12052,20.84546,21.59302,22.35751,23.12988,23.89611,24.63503,25.31500,25.88924,26.28917,26.41507,26.12379,25.21392,23.41134,20.36396,15.66477,8.93510
6.00091,6.00119,6.00203,6.00344,6.00540,6.00793,6.01103,6.01470,6.01893,6.02375,6.02914,6.03511,6.04168,6.04883,6.05659,6.06495,6.07392,6.08351,6.09373,6.10457,6.11606,6.12820,6.14100,6.15447,6.16862,6.18345,6.19899,6.21523,6.23220,6.24990,6.26835,6.28756,6.30754,6.32830,6.34986,6.37224,6.39544,6.41949,6.44439,6.47017,6.49684,6.52441,6.55290,6.58233,6.61271,6.64406,6.67640,6.70975,6.74412,6.77953,6.81599,6.85353,6.89217,6.93191,6.97278,7.01479,7.05796,7.10232,7.14786,7.19461,7.24259,7.29180,7.34226,7.39399,7.44700,7.50129,7.55687,7.61377,7.67197,7.73148,7.79231,7.85446,7.91792,7.98269,8.04876,8.11613,8.18476,8.25466,8.32578,8.39811,8.47162,8.54625,8.62198,8.69874,8.77649,8.85515,8.93465,9.01492,9.09585,9.17736,9.25932,9.34162,9.42413,9.50669,9.58916,9.67136,9.75310,9.83420,9.91444,9.99358,10.07141,10.14764,10.22203,10.29429,10.36412,10.43121,10.49525,10.55590,10.61285,10.66573,10.71422,10.75796,10.79661,10.82984,10.85733,10.87875,10.89382,10.90227,10.90386,10.89836,10.88561,10.86546,10.83781,10.80263,10.75991,10.70971,10.65212,10.58729,10.51545,10.43685,10.35179,10.26063,10.16375,10.06160,9.95463,9.84333,9.72821,9.60980,9.48862,9.36522,9.24013,9.11388,8.98697,8.85992,8.73320,8.60726,8.48254,8.35944,8.23834,8.11958,8.00349,7.89034,7.78041,7.67392,7.57108,7.47206,7.37703,7.28612,7.19944,7.11708,7.03912,6.96563,6.89663,6.83218,6.77229,6.71699,6.66630,6.62036,6.57734,6.53916,6.50565,6.47667,6.45219,6.43221,6.41681,6.40628,6.40141,6.40456,6.42412,6.50093,7.01707,9.28581,7.00337,6.71160,6.64819,6.64009,6.65425,6.68067,6.71540,6.75662,6.80334,6.85501,6.91129,6.97194,7.03681,7.10579,7.17880,7.25577,7.33665,7.42140,7.51001,7.60244,7.69868,7.79871,7.90253,8.01014,8.12152,8.23667,8.35559,8.47825,8.60464,8.73472,8.86844,9.00573,9.14650,9.29059,9.43784,9.58800,9.74076,9.89573,10.05244,10.21030,10.36859,10.52648,10.68296,10.83690,10.98699,11.13178,11.26965,11.39888,11.51763,11.62401,11.71612,11.79209,11.85019,11.88884,11.90673,11.90288,11.87665,11.82783,11.75665,11.66376,11.55022,11.41747,11.26728,11.10164,10.92275,10.73288,10.53434,10.32940,10.12024,9.90889,9.69720,9.48686,9.27933,9.07588,8.87757,8.68529,8.49973,8.32146,8.15088,7.98828,7.83385,7.68769,7.54984,7.42026,7.29887,7.18556,7.08020,6.98262,6.89265,6.81011,6.73482,6.66660,6.60525,6.55062,6.50253,6.46083,6.42536,6.39600,6.37261,6.35509,6.34333,6.33724,6.33675,6.34179,6.35231,6.36827,6.38965,6.41643,6.44861,6.48620,6.52922,6.57771,6.63171,6.69129,6.75651,6.82746,6.90424,6.98696,7.07574,7.17072,7.27205,7.37989,7.49443,7.61587,7.74441,7.88028,8.02374,8.17505,8.33449,8.50238,8.67904,8.86482,9.06011,9.26530,9.48084,9.70719,9.94485,10.19435,10.45629,10.73127,11.01996,11.32309,11.64144,11.97585,12.32722,12.69654,13.08489,13.49342,13.92340,14.37620,14.85333,15.35642,15.88725,16.44777,17.04009,17.66651,18.32952,19.03182,19.77627,20.56588,21.40381,22.29317,23.23696,24.23770,25.29706,26.41504,27.58883,28.81082,30.06545,31.32388,32.53526,33.61191,34.40437,34.65901,33.94748,31.55460,26.32286,16.51829
6.04882,6.04911,6.04999,6.05145,6.05350,6.05613,6.05936,6.06317,6.06759,6.07260,6.07821,6.08443,6.09125,6.09870,6.10676,6.11546,6.12478,6.13475,6.14536,6.15663,6.16856,6.18116,6.19445,6.20842,6.22309,6.23847,6.25457,6.27140,6.28897,6.30729,6.32638,6.34625,6.36691,6.38837,6.41064,6.43375,6.45770,6.48250,6.50818,6.53475,6.56222,6.59060,6.61992,6.65019,6.68142,6.71364,6.74685,6.78107,6.81632,6.85262,6.88998,6.92841,6.96794,7.00858,7.05034,7.09324,7.13729,7.18252,7.22893,7.27653,7.32534,7.37537,7.42663,7.47913,7.53288,7.58788,7.64414,7.70167,7.76045,7.82051,7.88182,7.94439,8.00821,8.07326,8.13954,8.20701,8.27567,8.34548,8.41640,8.48841,8.56146,8.63551,8.71048,8.78634,8.86299,8.94037,9.01839,9.09696,9.17596,9.25529,9.33482,9.41441,9.49391,9.57317,9.65200,9.73023,9.80765,9.88406,9.95922,10.03290,10.10485,10.17480,10.24247,10.30758,10.36983,10.42890,10.48449,10.53627,10.58392,10.62712,10.66553,10.69884,10.72675,10.74894,10.76514,10.77508,10.77852,10.77525,10.76509,10.74788,10.72353,10.69197,10.65317,10.60716,10.55401,10.49386,10.42686,10.35324,10.27327,10.18725,10.09553,9.99851,9.89660,9.79026,9.67995,9.56617,9.44941,9.33019,9.20901,9.08638,8.96280,8.83875,8.71470,8.59111,8.46840,8.34698,8.22723,8.10949,7.99410,7.88135,7.77152,7.66485,7.56156,7.46183,7.36585,7.27375,7.18566,7.10170,7.02194,6.94647,6.87533,6.80857,6.74623,6.68832,6.63487,6.58588,6.54137,6.50147,6.46438,6.43199,6.40413,6.38066,6.36155,6.34679,6.33650,6.33095,6.33101,6.33924,6.36498,6.45577,7.10277,8.78612,6.89282,6.65372,6.60398,6.60297,6.62229,6.65307,6.69175,6.73665,6.78688,6.84191,6.90142,6.96522,7.03313,7.10508,7.18097,7.26074,7.34437,7.43180,7.52303,7.61801,7.71675,7.81923,7.92544,8.03537,8.14901,8.26634,8.38736,8.51202,8.64029,8.77212,8.90742,9.04608,9.18797,9.33288,9.48057,9.63073,9.78297,9.93680,10.09163,10.24676,10.40134,10.55440,10.70482,10.85131,10.99244,11.12667,11.25230,11.36757,11.47064,11.55968,11.63292,11.68867,11.72545,11.74202,11.73744,11.71114,11.66294,11.59306,11.50216,11.39127,11.26181,11.11547,10.95420,10.78009,10.59536,10.40224,10.20290,9.99946,9.79387,9.58795,9.38330,9.18136,8.98336,8.79034,8.60315,8.42249,8.24891,8.08281,7.92448,7.77412,7.63183,7.49765,7.37156,7.25349,7.14335,7.04099,6.94628,6.85906,6.77915,6.70638,6.64059,6.58159,6.52923,6.48336,6.44381,6.41046,6.38318,6.36185,6.34636,6.33663,6.33257,6.33411,6.34121,6.35381,6.37189,6.39543,6.42442,6.45888,6.49881,6.54425,6.59525,6.65186,6.71415,6.78221,6.85613,6.93602,7.02200,7.11421,7.21280,7.31793,7.42979,7.54858,7.67450,7.80778,7.94868,8.09746,8.25441,8.41984,8.59407,8.77746,8.97039,9.17326,9.38652,9.61063,9.84609,10.09343,10.35324,10.62613,10.91278,11.21390,11.53028,11.86275,12.21222,12.57969,12.96624,13.37303,13.80134,14.25259,14.72831,15.23019,15.76011,16.32014,16.91257,17.53994,18.20510,18.91123,19.66186,20.46098,21.31306,22.22310,23.19674,24.24026,25.36071,26.56584,27.86412,29.26457,30.77636,32.40798,34.16567,36.05027,38.05115,40.13433,42.21850,44.12511,45.46972,45.41217,42.04441,30.78701
6.10107,6.10137,6.10228,6.10380,6.10592,6.10866,6.11201,6.11597,6.12055,6.12574,6.13157,6.13802,6.14510,6.15282,6.16118,6.17019,6.17986,6.19018,6.20118,6.21285,6.22520,6.23825,6.25199,6.26645,6.28162,6.29752,6.31416,6.33155,6.34969,6.36861,6.38831,6.40881,6.43011,6.45223,6.47518,6.49897,6.52363,6.54915,6.57556,6.60287,6.63110,6.66025,6.69035,6.72140,6.75343,6.78644,6.82045,6.85549,6.89155,6.92867,6.96684,7.00609,7.04643,7.08788,7.13044,7.17414,7.21897,7.26497,7.31213,7.36046,7.40999,7.46070,7.51262,7.56575,7.62009,7.67564,7.73241,7.79039,7.84958,7.90998,7.97157,8.03434,8.09829,8.16338,8.22960,8.29692,8.36531,8.43474,8.50515,8.57652,8.64877,8.72186,8.79571,8.87025,8.94540,9.02107,9.09716,9.17356,9.25015,9.32680,9.40337,9.47971,9.55566,9.63104,9.70566,9.77933,9.85183,9.92294,9.99242,10.06002,10.12549,10.18855,10.24892,10.30632,10.36044,10.41098,10.45764,10.50011,10.53809,10.57127,10.59935,10.62205,10.63909,10.65022,10.65521,10.65383,10.64591,10.63130,10.60987,10.58156,10.54631,10.50413,10.45508,10.39924,10.33676,10.26781,10.19264,10.11150,10.02472,9.93263,9.83563,9.73411,9.62852,9.51931,9.40695,9.29192,9.17470,9.05577,8.93562,8.81471,8.69350,8.57244,8.45194,8.33241,8.21424,8.09777,7.98334,7.87125,7.76178,7.65519,7.55171,7.45153,7.35486,7.26183,7.17260,7.08728,7.00597,6.92875,6.85570,6.78687,6.72231,6.66203,6.60607,6.55443,6.50713,6.46417,6.42557,6.39143,6.36000,6.33313,6.31065,6.29243,6.27842,6.26865,6.26321,6.26242,6.26719,6.28032,6.31220,6.41850,7.23689,8.31519,6.79931,6.60317,6.56553,6.57108,6.59526,6.63019,6.67263,6.72106,6.77465,6.83290,6.89554,6.96235,7.03320,7.10799,7.18666,7.26915,7.35542,7.44544,7.53919,7.63664,7.73778,7.84260,7.95109,8.06322,8.17899,8.29836,8.42131,8.54779,8.67773,8.81105,8.94764,9.08733,9.22993,9.37519,9.52278,9.67232,9.82332,9.97517,10.12719,10.27855,10.42827,10.57525,10.71824,10.85585,10.98656,11.10874,11.22067,11.32059,11.40673,11.47739,11.53096,11.56603,11.58143,11.57626,11.55000,11.50250,11.43399,11.34512,11.23690,11.11070,10.96816,10.81117,10.64175,10.46203,10.27417,10.08027,9.88237,9.68237,9.48202,9.28287,9.08633,8.89359,8.70566,8.52338,8.34743,8.17836,8.01656,7.86234,7.71588,7.57729,7.44663,7.32388,7.20899,7.10186,7.00237,6.91040,6.82578,6.74837,6.67800,6.61450,6.55772,6.50751,6.46371,6.42619,6.39483,6.36949,6.35007,6.33648,6.32863,6.32645,6.32988,6.33887,6.35338,6.37340,6.39891,6.42991,6.46643,6.50848,6.55610,6.60936,6.66831,6.73303,6.80362,6.88018,6.96282,7.05169,7.14692,7.24868,7.35714,7.47250,7.59495,7.72474,7.86210,8.00728,8.16057,8.32227,8.49270,8.67220,8.86113,9.05989,9.26890,9.48859,9.71946,9.96201,10.21678,10.48436,10.76537,11.06049,11.37043,11.69597,12.03794,12.39724,12.77483,13.17178,13.58922,14.02838,14.49063,14.97742,15.49038,16.03128,16.60207,17.20491,17.84218,18.51653,19.23091,19.98861,20.79332,21.64917,22.56080,23.53343,24.57292,25.68589,26.87972,28.16267,29.54384,31.03306,32.64067,34.37679,36.25000,38.26464,40.41543,42.67669,44.98021,47.16793,48.88534,49.32349,46.53347,35.35827
6.15709,6.15740,6.15834,6.15991,6.16211,6.16495,6.16841,6.17251,6.17725,6.18263,6.18865,6.19532,6.20265,6.21063,6.21927,6.22859,6.23858,6.24925,6.26061,6.27266,6.28541,6.29888,6.31306,6.32798,6.34362,6.36002,6.37717,6.39508,6.41378,6.43325,6.45353,6.47462,6.49652,6.51927,6.54285,6.56729,6.59261,6.61881,6.64590,6.67390,6.70283,6.73269,6.76350,6.79528,6.82804,6.86178,6.89654,6.93231,6.96911,7.00696,7.04586,7.08584,7.12690,7.16906,7.21232,7.25670,7.30220,7.34885,7.39663,7.44557,7.49567,7.54693,7.59935,7.65295,7.70771,7.76363,7.82072,7.87896,7.93834,7.99886,8.06050,8.12323,8.18705,8.25191,8.31780,8.38467,8.45249,8.52120,8.59077,8.66113,8.73221,8.80395,8.87627,8.94909,9.02230,9.09580,9.16948,9.24322,9.31689,9.39034,9.46342,9.53597,9.60780,9.67873,9.74856,9.81708,9.88407,9.94930,10.01251,10.07346,10.13189,10.18751,10.24005,10.28924,10.33477,10.37636,10.41372,10.44656,10.47460,10.49757,10.51520,10.52724,10.53347,10.53368,10.52769,10.51533,10.49649,10.47107,10.43902,10.40033,10.35503,10.30317,10.24488,10.18031,10.10964,10.03313,9.95104,9.86368,9.77140,9.67457,9.57359,9.46888,9.36087,9.25002,9.13678,9.02162,8.90498,8.78732,8.66909,8.55072,8.43262,8.31519,8.19880,8.08383,7.97059,7.85941,7.75056,7.64431,7.54089,7.44053,7.34342,7.24973,7.15960,7.07317,6.99055,6.91184,6.83712,6.76645,6.69988,6.63746,6.57921,6.52516,6.47531,6.42968,6.38827,6.35107,6.31810,6.28946,6.26342,6.24182,6.22447,6.21124,6.20211,6.19709,6.19628,6.20003,6.20931,6.22717,6.26521,6.38894,7.43295,7.91648,6.71973,6.55903,6.53218,6.54381,6.57259,6.61146,6.65751,6.70932,6.76612,6.82748,6.89311,6.96282,7.03649,7.11403,7.19538,7.28048,7.36929,7.46179,7.55796,7.65777,7.76120,7.86825,7.97888,8.09308,8.21082,8.33207,8.45675,8.58482,8.71617,8.85068,8.98819,9.12850,9.27134,9.41640,9.56327,9.71146,9.86039,10.00935,10.15754,10.30399,10.44762,10.58721,10.72140,10.84871,10.96756,11.07629,11.17319,11.25658,11.32481,11.37635,11.40985,11.42420,11.41856,11.39244,11.34571,11.27862,11.19181,11.08626,10.96329,10.82451,10.67172,10.50689,10.33207,10.14934,9.96073,9.76822,9.57364,9.37868,9.18487,8.99355,8.80588,8.62287,8.44533,8.27394,8.10921,7.95157,7.80129,7.65858,7.52356,7.39628,7.27673,7.16488,7.06064,6.96390,6.87454,6.79241,6.71737,6.64927,6.58796,6.53328,6.48509,6.44325,6.40764,6.37813,6.35460,6.33697,6.32514,6.31903,6.31859,6.32374,6.33447,6.35073,6.37251,6.39981,6.43263,6.47100,6.51495,6.56453,6.61980,6.68083,6.74770,6.82051,6.89938,6.98444,7.07581,7.17365,7.27814,7.38945,7.50778,7.63335,7.76639,7.90714,8.05588,8.21287,8.37844,8.55289,8.73658,8.92987,9.13315,9.34683,9.57135,9.80718,10.05481,10.31476,10.58760,10.87392,11.17434,11.48954,11.82022,12.16714,12.53111,12.91299,13.31369,13.73420,14.17556,14.63890,15.12542,15.63641,16.17327,16.73748,17.33067,17.95455,18.61102,19.30208,20.02990,20.79682,21.60532,22.45807,23.35785,24.30757,25.31015,26.36845,27.48509,28.66211,29.90049,31.19942,32.55503,33.95839,35.39230,36.82591,38.20581,39.44092,40.37624,40.74692,40.09635,37.63009,31.96090,20.70223
6.21719,6.21752,6.21849,6.22011,6.22238,6.22530,6.22888,6.23311,6.23800,6.24355,6.24977,6.25665,6.26421,6.27244,6.28135,6.29096,6.30125,6.31225,6.32395,6.33637,6.34951,6.36337,6.37797,6.39332,6.40942,6.42628,6.44391,6.46232,6.48153,6.50154,6.52235,6.54400,6.56647,6.58979,6.61397,6.63902,6.66495,6.69177,6.71949,6.74814,6.77771,6.80823,6.83970,6.87213,6.90555,6.93996,6.97537,7.01180,7.04926,7.08776,7.12731,7.16792,7.20960,7.25236,7.29621,7.34116,7.38722,7.43438,7.48266,7.53206,7.58258,7.63423,7.68699,7.74088,7.79588,7.85199,7.90919,7.96748,8.02683,8.08724,8.14868,8.21112,8.27454,8.33889,8.40415,8.47026,8.53718,8.60485,8.67321,8.74219,8.81172,8.88172,8.95209,9.02273,9.09355,9.16442,9.23522,9.30581,9.37605,9.44578,9.51484,9.58305,9.65022,9.71615,9.78064,9.84346,9.90439,9.96319,10.01960,10.07338,10.12426,10.17198,10.21626,10.25683,10.29342,10.32575,10.35355,10.37657,10.39456,10.40727,10.41448,10.41599,10.41161,10.40120,10.38462,10.36177,10.33259,10.29705,10.25516,10.20696,10.15254,10.09203,10.02558,9.95342,9.87577,9.79291,9.70515,9.61283,9.51632,9.41600,9.31227,9.20556,9.09629,8.98490,8.87182,8.75748,8.64233,8.52677,8.41120,8.29603,8.18162,8.06833,7.95650,7.84643,7.73842,7.63274,7.52964,7.42933,7.33202,7.23789,7.14710,7.05980,6.97611,6.89613,6.81995,6.74766,6.67931,6.61495,6.55462,6.49836,6.44617,6.39808,6.35409,6.31420,6.27840,6.24670,6.21911,6.19572,6.17482,6.15823,6.14577,6.13731,6.13282,6.13232,6.13593,6.14402,6.15762,6.18005,6.22432,6.36793,7.70693,7.59538,6.65254,6.52140,6.50424,6.52153,6.55465,6.59729,6.64679,6.70184,6.76175,6.82609,6.89460,6.96711,7.04350,7.12369,7.20762,7.29523,7.38650,7.48139,7.57988,7.68194,7.78756,7.89671,8.00937,8.12549,8.24504,8.36796,8.49417,8.62358,8.75604,8.89140,9.02945,9.16992,9.31248,9.45672,9.60217,9.74824,9.89422,10.03932,10.18259,10.32297,10.45927,10.59016,10.71420,10.82986,10.93553,11.02958,11.11036,11.17631,11.22597,11.25805,11.27148,11.26548,11.23959,11.19371,11.12809,11.04334,10.94045,10.82068,10.68559,10.53691,10.37656,10.20650,10.02875,9.84528,9.65798,9.46863,9.27888,9.09021,8.90392,8.72115,8.54287,8.36988,8.20285,8.04230,7.88863,7.74214,7.60302,7.47140,7.34735,7.23087,7.12192,7.02042,6.92629,6.83941,6.75964,6.68685,6.62089,6.56163,6.50893,6.46264,6.42264,6.38880,6.36101,6.33918,6.32320,6.31299,6.30848,6.30962,6.31636,6.32866,6.34650,6.36987,6.39878,6.43323,6.47326,6.51890,6.57021,6.62724,6.69009,6.75884,6.83359,6.91445,7.00157,7.09508,7.19515,7.30193,7.41563,7.53643,7.66457,7.80026,7.94376,8.09533,8.25525,8.42382,8.60136,8.78821,8.98470,9.19123,9.40818,9.63596,9.87502,10.12580,10.38879,10.66448,10.95341,11.25612,11.57318,11.90520,12.25280,12.61661,12.99733,13.39563,13.81225,14.24793,14.70342,15.17952,15.67702,16.19674,16.73948,17.30606,17.89726,18.51386,19.15655,19.82597,20.52263,21.24685,21.99874,22.77804,23.58405,24.41542,25.26992,26.14411,27.03289,27.92886,28.82149,29.69586,30.53099,31.29749,31.95416,32.44341,32.68473,32.56591,31.93126,30.56704,28.18515,24.41008,18.78057,10.78972
6.28057,6.28090,6.28190,6.28357,6.28591,6.28892,6.29260,6.29696,6.30199,6.30770,6.31410,6.32118,6.32896,6.33742,6.34659,6.35647,6.36706,6.37836,6.39039,6.40315,6.41664,6.43088,6.44587,6.46162,6.47814,6.49544,6.51352,6.53240,6.55208,6.57258,6.59390,6.61605,6.63906,6.66291,6.68764,6.71324,6.73973,6.76711,6.79541,6.82464,6.85479,6.88589,6.91795,6.95097,6.98497,7.01997,7.05596,7.09296,7.13098,7.17003,7.21011,7.25125,7.29344,7.33668,7.38100,7.42639,7.47285,7.52039,7.56901,7.61872,7.66950,7.72135,7.77427,7.82826,7.88329,7.93936,7.99646,8.05456,8.11364,8.17368,8.23465,8.29651,8.35923,8.42277,8.48707,8.55208,8.61775,8.68400,8.75077,8.81798,8.88555,8.95337,9.02135,9.08938,9.15734,9.22509,9.29251,9.35945,9.42574,9.49123,9.55574,9.61908,9.68105,9.74144,9.80005,9.85665,9.91100,9.96287,10.01201,10.05816,10.10108,10.14050,10.17617,10.20782,10.23521,10.25809,10.27621,10.28935,10.29729,10.29984,10.29681,10.28805,10.27343,10.25285,10.22622,10.19351,10.15471,10.10986,10.05900,10.00225,9.93975,9.87166,9.79820,9.71962,9.63618,9.54820,9.45601,9.35996,9.26042,9.15778,9.05245,8.94483,8.83534,8.72440,8.61240,8.49975,8.38686,8.27409,8.16183,8.05041,7.94017,7.83144,7.72449,7.61960,7.51703,7.41701,7.31974,7.22542,7.13422,7.04628,6.96174,6.88073,6.80333,6.72964,6.65972,6.59364,6.53145,6.47318,6.41885,6.36850,6.32213,6.27975,6.24136,6.20695,6.17653,6.15008,6.12761,6.10923,6.09324,6.08143,6.07363,6.06972,6.06966,6.07348,6.08131,6.09354,6.11128,6.13816,6.18875,6.35537,8.06892,7.34113,6.59549,6.48928,6.48086,6.50343,6.54067,6.58690,6.63970,6.69787,6.76075,6.82796,6.89924,6.97445,7.05346,7.13619,7.22260,7.31262,7.40623,7.50340,7.60410,7.70829,7.81597,7.92708,8.04160,8.15947,8.28063,8.40499,8.53246,8.66290,8.79612,8.93193,9.07004,9.21013,9.35179,9.49454,9.63778,9.78084,9.92291,10.06308,10.20029,10.33339,10.46108,10.58196,10.69454,10.79728,10.88860,10.96691,11.03072,11.07862,11.10938,11.12200,11.11574,11.09016,11.04518,10.98106,10.89840,10.79815,10.68155,10.55008,10.40544,10.24946,10.08405,9.91115,9.73267,9.55043,9.36616,9.18147,8.99777,8.81634,8.63830,8.46460,8.29601,8.13320,7.97667,7.82684,7.68398,7.54832,7.41998,7.29903,7.18548,7.07931,6.98045,6.88881,6.80429,6.72676,6.65611,6.59219,6.53488,6.48403,6.43953,6.40125,6.36908,6.34290,6.32263,6.30817,6.29946,6.29643,6.29902,6.30719,6.32092,6.34019,6.36498,6.39532,6.43122,6.47271,6.51983,6.57264,6.63122,6.69564,6.76599,6.84238,6.92494,7.01379,7.10909,7.21098,7.31965,7.43527,7.55806,7.68822,7.82598,7.97159,8.12530,8.28739,8.45813,8.63784,8.82683,9.02543,9.23398,9.45284,9.68240,9.92302,10.17512,10.43910,10.71538,11.00440,11.30659,11.62238,11.95224,12.29659,12.65589,13.03055,13.42100,13.82762,14.25079,14.69082,15.14799,15.62253,16.11456,16.62412,17.15113,17.69536,18.25639,18.83359,19.42606,20.03254,20.65139,21.28045,21.91696,22.55737,23.19723,23.83090,24.45131,25.04960,25.61469,26.13274,26.58647,26.95434,27.20955,27.31885,27.24114,26.92597,26.31195,25.32549,23.88005,21.87694,19.20858,15.76581,11.45097,6.19814
6.34696,6.34730,6.34833,6.35004,6.35244,6.35553,6.35931,6.36379,6.36895,6.37482,6.38138,6.38865,6.39663,6.40532,6.41473,6.42486,6.43572,6.44731,6.45964,6.47271,6.48654,6.50113,6.51648,6.53260,6.54951,6.56721,6.58571,6.60501,6.62514,6.64608,6.66786,6.69049,6.71396,6.73830,6.76352,6.78962,6.81661,6.84451,6.87332,6.90305,6.93372,6.96533,6.99789,7.03142,7.06592,7.10141,7.13788,7.17535,7.21383,7.25333,7.29384,7.33538,7.37795,7.42155,7.46619,7.51188,7.55860,7.60636,7.65515,7.70498,7.75583,7.80770,7.86058,7.91445,7.96930,8.02511,8.08186,8.13951,8.19806,8.25745,8.31766,8.37864,8.44035,8.50273,8.56573,8.62929,8.69333,8.75779,8.82257,8.88760,8.95277,9.01798,9.08312,9.14807,9.21269,9.27684,9.34039,9.40317,9.46502,9.52575,9.58519,9.64315,9.69941,9.75377,9.80601,9.85591,9.90323,9.94774,9.98919,10.02735,10.06197,10.09281,10.11962,10.14217,10.16023,10.17359,10.18204,10.18538,10.18344,10.17607,10.16313,10.14451,10.12014,10.08997,10.05396,10.01214,9.96456,9.91128,9.85243,9.78816,9.71864,9.64410,9.56478,9.48095,9.39291,9.30099,9.20553,9.10690,9.00545,8.90159,8.79569,8.68816,8.57938,8.46973,8.35961,8.24938,8.13940,8.03001,7.92156,7.81433,7.70865,7.60477,7.50295,7.40343,7.30643,7.21214,7.12075,7.03241,6.94726,6.86543,6.78703,6.71216,6.64090,6.57331,6.50946,6.44938,6.39312,6.34071,6.29215,6.24747,6.20667,6.16975,6.13672,6.10755,6.08225,6.06082,6.04325,6.02964,6.01833,6.01109,6.00774,6.00816,6.01233,6.02028,6.03214,6.04833,6.07005,6.10125,6.15833,6.35196,8.50792,7.14061,6.54731,6.46231,6.46182,6.48933,6.53047,6.58014,6.63610,6.69726,6.76300,6.83296,6.90691,6.98470,7.06622,7.15140,7.24018,7.33251,7.42835,7.52768,7.63046,7.73666,7.84624,7.95916,8.07536,8.19477,8.31730,8.44285,8.57127,8.70238,8.83597,8.97175,9.10940,9.24851,9.38860,9.52907,9.66926,9.80837,9.94550,10.07963,10.20961,10.33420,10.45202,10.56165,10.66158,10.75028,10.82625,10.88803,10.93429,10.96386,10.97577,10.96932,10.94412,10.90009,10.83750,10.75693,10.65930,10.54582,10.41792,10.27723,10.12552,9.96465,9.79647,9.62283,9.44551,9.26617,9.08637,8.90749,8.73078,8.55731,8.38802,8.22369,8.06494,7.91230,7.76616,7.62682,7.49448,7.36929,7.25132,7.14058,7.03707,6.94072,6.85147,6.76920,6.69381,6.62519,6.56320,6.50772,6.45863,6.41581,6.37914,6.34851,6.32384,6.30501,6.29197,6.28463,6.28293,6.28684,6.29631,6.31132,6.33186,6.35793,6.38953,6.42670,6.46946,6.51786,6.57197,6.63185,6.69760,6.76930,6.84706,6.93101,7.02127,7.11800,7.22135,7.33150,7.44862,7.57291,7.70458,7.84386,7.99097,8.14615,8.30968,8.48180,8.66281,8.85299,9.05264,9.26207,9.48158,9.71151,9.95216,10.20388,10.46697,10.74177,11.02858,11.32771,11.63944,11.96403,12.30172,12.65271,13.01714,13.39513,13.78670,14.19180,14.61031,15.04196,15.48637,15.94301,16.41117,16.88992,17.37809,17.87424,18.37661,18.88305,19.39098,19.89735,20.39852,20.89019,21.36732,21.82400,22.25334,22.64731,22.99659,23.29038,23.51624,23.65982,23.70471,23.63218,23.42101,23.04736,22.48470,21.70394,20.67373,19.36118,17.73296,15.75702,13.40502,10.65558,7.49825,3.93803
6.41647,6.41682,6.41787,6.41963,6.42209,6.42526,6.42913,6.43371,6.43900,6.44501,6.45173,6.45917,6.46734,6.47624,6.48586,6.49623,6.50734,6.51919,6.53180,6.54517,6.55930,6.57420,6.58989,6.60636,6.62362,6.64169,6.66056,6.68026,6.70077,6.72212,6.74432,6.76736,6.79126,6.81604,6.84169,6.86822,6.89566,6.92399,6.95324,6.98342,7.01452,7.04656,7.07956,7.11350,7.14841,7.18429,7.22115,7.25899,7.29781,7.33763,7.37845,7.42026,7.46308,7.50690,7.55172,7.59754,7.64436,7.69216,7.74095,7.79072,7.84145,7.89313,7.94575,7.99928,8.05371,8.10901,8.16515,8.22210,8.27982,8.33827,8.39742,8.45720,8.51756,8.57845,8.63980,8.70153,8.76357,8.82584,8.88823,8.95066,9.01300,9.07516,9.13701,9.19841,9.25922,9.31930,9.37850,9.43664,9.49355,9.54905,9.60295,9.65504,9.70514,9.75302,9.79846,9.84125,9.88116,9.91796,9.95142,9.98130,10.00739,10.02946,10.04730,10.06068,10.06943,10.07334,10.07226,10.06602,10.05450,10.03759,10.01519,9.98726,9.95376,9.91470,9.87009,9.82000,9.76453,9.70381,9.63798,9.56724,9.49181,9.41193,9.32787,9.23993,9.14842,9.05368,8.95605,8.85588,8.75356,8.64944,8.54390,8.43730,8.33002,8.22242,8.11484,8.00762,7.90108,7.79554,7.69128,7.58859,7.48772,7.38891,7.29238,7.19833,7.10696,7.01842,6.93287,6.85045,6.77127,6.69543,6.62302,6.55413,6.48882,6.42714,6.36913,6.31484,6.26429,6.21749,6.17446,6.13521,6.09974,6.06805,6.04012,6.01597,5.99556,5.97891,5.96601,5.95696,5.95012,5.94723,5.94813,5.95270,5.96091,5.97279,5.98851,6.00850,6.03404,6.06945,6.13326,6.35902,8.96279,6.98244,6.50731,6.44052,6.44727,6.47942,6.52428,6.57723,6.63622,6.70026,6.76875,6.84136,6.91788,6.99815,7.08209,7.16961,7.26066,7.35519,7.45316,7.55453,7.65927,7.76733,7.87866,7.99320,8.11088,8.23160,8.35525,8.48168,8.61071,8.74211,8.87561,9.01087,9.14747,9.28495,9.42271,9.56009,9.69632,9.83050,9.96164,10.08861,10.21020,10.32508,10.43187,10.52911,10.61533,10.68908,10.74896,10.79370,10.82218,10.83347,10.82693,10.80217,10.75913,10.69808,10.61960,10.52457,10.41416,10.28975,10.15292,10.00538,9.84891,9.68532,9.51638,9.34382,9.16926,8.99418,8.81995,8.64779,8.47873,8.31370,8.15346,7.99863,7.84972,7.70712,7.57115,7.44200,7.31982,7.20470,7.09666,6.99568,6.90173,6.81474,6.73461,6.66125,6.59454,6.53437,6.48062,6.43318,6.39192,6.35675,6.32756,6.30427,6.28678,6.27502,6.26893,6.26845,6.27355,6.28418,6.30033,6.32200,6.34917,6.38188,6.42014,6.46399,6.51348,6.56868,6.62966,6.69650,6.76930,6.84816,6.93321,7.02459,7.12242,7.22688,7.33812,7.45632,7.58167,7.71438,7.85463,8.00267,8.15871,8.32299,8.49576,8.67726,8.86775,9.06749,9.27673,9.49574,9.72477,9.96406,10.21387,10.47441,10.74588,11.02848,11.32234,11.62759,11.94428,12.27243,12.61199,12.96281,13.32469,13.69728,14.08014,14.47269,14.87417,15.28366,15.70003,16.12191,16.54769,16.97548,17.40305,17.82785,18.24693,18.65693,19.05405,19.43398,19.79190,20.12245,20.41965,20.67693,20.88706,21.04215,21.13362,21.15223,21.08806,20.93054,20.66853,20.29033,19.78389,19.13686,18.33688,17.37182,16.23016,14.90140,13.37667,11.64931,9.71572,7.57611,5.23546,2.70441
6.48820,6.48856,6.48964,6.49143,6.49395,6.49718,6.50114,6.50582,6.51123,6.51736,6.52423,6.53183,6.54017,6.54925,6.55908,6.56966,6.58099,6.59308,6.60594,6.61957,6.63398,6.64917,6.66516,6.68193,6.69951,6.71790,6.73711,6.75715,6.77801,6.79972,6.82227,6.84567,6.86995,6.89509,6.92111,6.94801,6.97582,7.00452,7.03413,7.06466,7.09612,7.12850,7.16182,7.19609,7.23130,7.26746,7.30459,7.34267,7.38172,7.42174,7.46272,7.50466,7.54758,7.59145,7.63628,7.68207,7.72880,7.77646,7.82505,7.87455,7.92494,7.97620,8.02832,8.08127,8.13502,8.18954,8.24479,8.30073,8.35733,8.41453,8.47228,8.53053,8.58920,8.64823,8.70755,8.76707,8.82671,8.88637,8.94595,9.00534,9.06443,9.12308,9.18118,9.23857,9.29512,9.35066,9.40503,9.45807,9.50958,9.55939,9.60730,9.65312,9.69663,9.73764,9.77592,9.81127,9.84346,9.87228,9.89752,9.91896,9.93640,9.94964,9.95849,9.96277,9.96232,9.95699,9.94665,9.93119,9.91051,9.88456,9.85330,9.81671,9.77481,9.72765,9.67529,9.61786,9.55548,9.48831,9.41656,9.34043,9.26017,9.17605,9.08836,8.99740,8.90350,8.80698,8.70818,8.60747,8.50519,8.40168,8.29731,8.19242,8.08734,7.98240,7.87792,7.77421,7.67156,7.57023,7.47049,7.37258,7.27672,7.18313,7.09199,7.00347,6.91774,6.83493,6.75517,6.67858,6.60525,6.53526,6.46869,6.40561,6.34606,6.29008,6.23772,6.18899,6.14392,6.10251,6.06478,6.03073,6.00036,5.97366,5.95063,5.93125,5.91553,5.90344,5.89500,5.89031,5.88773,5.88900,5.89396,5.90248,5.91455,5.93021,5.94961,5.97324,6.00246,6.04200,6.11282,6.37737,9.30473,6.85674,6.47407,6.42305,6.43641,6.47293,6.52132,6.57740,6.63931,6.70609,6.77722,6.85237,6.93135,7.01400,7.10024,7.18999,7.28319,7.37980,7.47976,7.58304,7.68958,7.79933,7.91222,8.02818,8.14710,8.26886,8.39332,8.52028,8.64952,8.78075,8.91364,9.04777,9.18268,9.31777,9.45240,9.58580,9.71710,9.84531,9.96935,10.08803,10.20007,10.30412,10.39878,10.48262,10.55425,10.61234,10.65566,10.68313,10.69389,10.68731,10.66304,10.62103,10.56154,10.48514,10.39268,10.28529,10.16431,10.03127,9.88780,9.73563,9.57650,9.41214,9.24420,9.07427,8.90378,8.73407,8.56631,8.40153,8.24063,8.08434,7.93329,7.78799,7.64882,7.51610,7.39002,7.27075,7.15837,7.05291,6.95437,6.86272,6.77789,6.69981,6.62837,6.56349,6.50504,6.45292,6.40702,6.36724,6.33347,6.30562,6.28360,6.26734,6.25676,6.25181,6.25243,6.25859,6.27025,6.28741,6.31006,6.33820,6.37185,6.41104,6.45581,6.50621,6.56230,6.62416,6.69187,6.76553,6.84524,6.93113,7.02331,7.12194,7.22716,7.33913,7.45802,7.58400,7.71727,7.85801,8.00643,8.16274,8.32714,8.49985,8.68109,8.87106,9.06999,9.27808,9.49552,9.72250,9.95919,10.20572,10.46222,10.72876,11.00540,11.29211,11.58885,11.89546,12.21174,12.53739,12.87198,13.21500,13.56577,13.92348,14.28714,14.65558,15.02742,15.40105,15.77462,16.14603,16.51287,16.87245,17.22179,17.55755,17.87610,18.17346,18.44533,18.68709,18.89384,19.06036,19.18123,19.25079,19.26321,19.21257,19.09287,18.89812,18.62241,18.26000,17.80534,17.25322,16.59880,15.83775,14.96629,13.98134,12.88061,11.66270,10.32728,8.87521,7.30870,5.63149,3.84905,1.96874
6.56214,6.56251,6.56360,6.56543,6.56800,6.57129,6.57533,6.58010,6.58560,6.59186,6.59885,6.60659,6.61509,6.62433,6.63434,6.64511,6.65664,6.66895,6.68203,6.69589,6.71054,6.72599,6.74223,6.75927,6.77713,6.79580,6.81530,6.83562,6.85678,6.87879,6.90164,6.92535,6.94992,6.97537,7.00169,7.02889,7.05698,7.08597,7.11586,7.14666,7.17837,7.21100,7.24455,7.27902,7.31442,7.35076,7.38802,7.42622,7.46536,7.50543,7.54642,7.58835,7.63119,7.67495,7.71962,7.76518,7.81163,7.85895,7.90712,7.95613,8.00595,8.05656,8.10793,8.16003,8.21283,8.26628,8.32036,8.37500,8.43015,8.48577,8.54179,8.59815,8.65477,8.71158,8.76848,8.82540,8.88224,8.93888,8.99523,9.05116,9.10656,9.16128,9.21518,9.26813,9.31997,9.37053,9.41964,9.46715,9.51285,9.55656,9.59810,9.63727,9.67386,9.70767,9.73851,9.76616,9.79043,9.81111,9.82802,9.84095,9.84974,9.85420,9.85419,9.84956,9.84017,9.82593,9.80673,9.78251,9.75323,9.71886,9.67941,9.63491,9.58542,9.53102,9.47184,9.40802,9.33972,9.26714,9.19050,9.11003,9.02601,8.93871,8.84843,8.75547,8.66015,8.56281,8.46377,8.36337,8.26194,8.15981,8.05731,7.95475,7.85245,7.75070,7.64978,7.54997,7.45153,7.35469,7.25969,7.16674,7.07602,6.98772,6.90200,6.81901,6.73888,6.66174,6.58767,6.51679,6.44917,6.38488,6.32397,6.26650,6.21251,6.16204,6.11510,6.07171,6.03190,5.99566,5.96300,5.93393,5.90843,5.88651,5.86815,5.85334,5.84208,5.83435,5.83017,5.82964,5.83113,5.83638,5.84521,5.85752,5.87329,5.89255,5.91549,5.94260,5.97537,6.01896,6.09717,6.40920,9.39353,6.75668,6.44716,6.40990,6.42935,6.46997,6.52172,6.58080,6.64550,6.71492,6.78858,6.86617,6.94750,7.03242,7.12086,7.21272,7.30796,7.40652,7.50834,7.61337,7.72155,7.83280,7.94705,8.06419,8.18408,8.30659,8.43150,8.55860,8.68760,8.81815,8.94986,9.08224,9.21473,9.34666,9.47730,9.60579,9.73116,9.85235,9.96822,10.07751,10.17893,10.27110,10.35268,10.42230,10.47870,10.52069,10.54725,10.55755,10.55099,10.52726,10.48630,10.42838,10.35405,10.26413,10.15971,10.04209,9.91274,9.77324,9.62525,9.47046,9.31054,9.14710,8.98165,8.81562,8.65027,8.48678,8.32613,8.16921,8.01674,7.86935,7.72752,7.59166,7.46206,7.33894,7.22246,7.11270,7.00972,6.91351,6.82405,6.74129,6.66515,6.59554,6.53238,6.47556,6.42497,6.38052,6.34212,6.30965,6.28304,6.26219,6.24705,6.23754,6.23362,6.23522,6.24232,6.25490,6.27294,6.29644,6.32540,6.35985,6.39981,6.44533,6.49646,6.55326,6.61580,6.68417,6.75846,6.83878,6.92523,7.01796,7.11708,7.22274,7.33509,7.45430,7.58051,7.71392,7.85468,8.00299,8.15902,8.32296,8.49499,8.67528,8.86401,9.06133,9.26740,9.48234,9.70626,9.93924,10.18133,10.43253,10.69280,10.96204,11.24008,11.52669,11.82153,12.12417,12.43408,12.75059,13.07290,13.40003,13.73087,14.06411,14.39822,14.73150,15.06200,15.38754,15.70572,16.01388,16.30914,16.58836,16.84821,17.08513,17.29540,17.47513,17.62034,17.72697,17.79093,17.80819,17.77476,17.68683,17.54078,17.33323,17.06110,16.72165,16.31253,15.83178,15.27785,14.64965,13.94651,13.16820,12.31489,11.38721,10.38617,9.31321,8.17015,6.95927,5.68326,4.34532,2.94915,1.49906
6.63791,6.63828,6.63940,6.64126,6.64386,6.64721,6.65131,6.65616,6.66176,6.66811,6.67522,6.68308,6.69171,6.70110,6.71126,6.72219,6.73390,6.74639,6.75966,6.77372,6.78858,6.80423,6.82069,6.83796,6.85605,6.87495,6.89468,6.91524,6.93664,6.95888,6.98198,7.00592,7.03073,7.05640,7.08294,7.11036,7.13866,7.16784,7.19792,7.22888,7.26075,7.29351,7.32717,7.36174,7.39721,7.43358,7.47086,7.50903,7.54810,7.58807,7.62892,7.67065,7.71325,7.75671,7.80102,7.84616,7.89212,7.93888,7.98641,8.03469,8.08370,8.13339,8.18375,8.23473,8.28630,8.33839,8.39098,8.44399,8.49739,8.55109,8.60503,8.65914,8.71334,8.76754,8.82165,8.87558,8.92921,8.98243,9.03514,9.08719,9.13847,9.18884,9.23813,9.28622,9.33293,9.37811,9.42158,9.46317,9.50269,9.53997,9.57481,9.60703,9.63643,9.66282,9.68602,9.70583,9.72207,9.73455,9.74312,9.74760,9.74785,9.74371,9.73508,9.72184,9.70389,9.68117,9.65363,9.62124,9.58399,9.54191,9.49503,9.44344,9.38723,9.32652,9.26146,9.19222,9.11900,9.04202,8.96151,8.87774,8.79096,8.70147,8.60956,8.51554,8.41972,8.32242,8.22395,8.12462,8.02475,7.92465,7.82461,7.72492,7.62587,7.52771,7.43071,7.33511,7.24113,7.14899,7.05888,6.97098,6.88547,6.80249,6.72218,6.64468,6.57008,6.49850,6.43001,6.36470,6.30263,6.24385,6.18842,6.13638,6.08775,6.04256,6.00083,5.96257,5.92780,5.89651,5.86871,5.84439,5.82355,5.80619,5.79229,5.78185,5.77485,5.77130,5.77119,5.77462,5.78001,5.78907,5.80161,5.81753,5.83683,5.85955,5.88587,5.91633,5.95253,6.00012,6.08619,6.45717,9.19365,6.67693,6.42596,6.40080,6.42585,6.47035,6.52530,6.58725,6.65462,6.72657,6.80265,6.88257,6.96614,7.05323,7.14374,7.23761,7.33475,7.43512,7.53864,7.64526,7.75489,7.86744,7.98281,8.10085,8.22143,8.34432,8.46931,8.59611,8.72437,8.85369,8.98359,9.11351,9.24282,9.37076,9.49650,9.61911,9.73755,9.85069,9.95733,10.05621,10.14601,10.22541,10.29313,10.34793,10.38869,10.41441,10.42432,10.41785,10.39469,10.35481,10.29846,10.22617,10.13876,10.03726,9.92293,9.79718,9.66155,9.51764,9.36707,9.21146,9.05237,8.89128,8.72955,8.56844,8.40906,8.25241,8.09934,7.95056,7.80670,7.66822,7.53554,7.40895,7.28868,7.17488,7.06764,6.96703,6.87306,6.78569,6.70489,6.63060,6.56273,6.50119,6.44590,6.39676,6.35367,6.31654,6.28528,6.25981,6.24005,6.22593,6.21739,6.21438,6.21686,6.22479,6.23816,6.25696,6.28117,6.31082,6.34592,6.38651,6.43262,6.48431,6.54163,6.60467,6.67350,6.74821,6.82890,6.91569,7.00869,7.10803,7.21384,7.32626,7.44543,7.57151,7.70466,7.84502,7.99275,8.14802,8.31096,8.48173,8.66047,8.84728,9.04230,9.24558,9.45721,9.67721,9.90557,10.14223,10.38709,10.63999,10.90068,11.16886,11.44411,11.72593,12.01369,12.30664,12.60389,12.90441,13.20699,13.51027,13.81267,14.11246,14.40769,14.69621,14.97568,15.24357,15.49718,15.73362,15.94988,16.14284,16.30928,16.44596,16.54964,16.61712,16.64532,16.63130,16.57235,16.46597,16.30997,16.10251,15.84206,15.52751,15.15808,14.73341,14.25348,13.71861,13.12945,12.48693,11.79222,11.04668,10.25186,9.40942,8.52114,7.58886,6.61450,5.60002,4.54746,3.45890,2.33656,1.18275
6.71474,6.71511,6.71625,6.71813,6.72077,6.72417,6.72832,6.73324,6.73891,6.74535,6.75255,6.76052,6.76926,6.77877,6.78905,6.80012,6.81197,6.82461,6.83803,6.85225,6.86727,6.88310,6.89973,6.91717,6.93543,6.95451,6.97442,6.99516,7.01673,7.03914,7.06240,7.08651,7.11147,7.13729,7.16396,7.19151,7.21992,7.24920,7.27935,7.31038,7.34228,7.37506,7.40871,7.44324,7.47864,7.51491,7.55204,7.59004,7.62888,7.66858,7.70911,7.75046,7.79263,7.83559,7.87933,7.92384,7.96908,8.01504,8.06168,8.10899,8.15691,8.20543,8.25449,8.30406,8.35409,8.40452,8.45529,8.50636,8.55764,8.60908,8.66059,8.71209,8.76350,8.81471,8.86564,8.91618,8.96621,9.01561,9.06427,9.11205,9.15882,9.20442,9.24872,9.29156,9.33278,9.37221,9.40969,9.44503,9.47808,9.50864,9.53653,9.56158,9.58361,9.60244,9.61790,9.62981,9.63801,9.64236,9.64269,9.63889,9.63082,9.61838,9.60148,9.58005,9.55403,9.52338,9.48811,9.44821,9.40372,9.35470,9.30123,9.24342,9.18139,9.11530,9.04532,8.97165,8.89450,8.81411,8.73072,8.64460,8.55602,8.46526,8.37263,8.27840,8.18289,8.08639,7.98920,7.89161,7.79392,7.69639,7.59931,7.50294,7.40753,7.31331,7.22051,7.12935,7.04001,6.95270,6.86757,6.78479,6.70450,6.62683,6.55189,6.47980,6.41064,6.34450,6.28146,6.22156,6.16488,6.11145,6.06131,6.01449,5.97101,5.93091,5.89418,5.86084,5.83089,5.80434,5.78119,5.76142,5.74504,5.73204,5.72241,5.71614,5.71322,5.71364,5.71743,5.72466,5.73378,5.74646,5.76255,5.78195,5.80463,5.83066,5.86022,5.89390,5.93340,5.98494,6.07946,6.52463,8.80559,6.61317,6.40961,6.39513,6.42538,6.47353,6.53153,6.59622,6.66613,6.74050,6.81889,6.90102,6.98671,7.07584,7.16831,7.26403,7.36293,7.46495,7.57000,7.67801,7.78887,7.90248,8.01869,8.13734,8.25824,8.38114,8.50575,8.63175,8.75871,8.88617,9.01358,9.14030,9.26560,9.38866,9.50857,9.62432,9.73481,9.83889,9.93531,10.02282,10.10015,10.16605,10.21934,10.25893,10.28389,10.29347,10.28712,10.26457,10.22577,10.17099,10.10074,10.01579,9.91716,9.80605,9.68383,9.55197,9.41203,9.26557,9.11416,8.95931,8.80245,8.64490,8.48790,8.33253,8.17975,8.03041,7.88521,7.74476,7.60953,7.47993,7.35625,7.23872,7.12750,7.02270,6.92437,6.83254,6.74718,6.66826,6.59573,6.52951,6.46953,6.41569,6.36790,6.32609,6.29015,6.26001,6.23559,6.21682,6.20363,6.19596,6.19377,6.19702,6.20568,6.21973,6.23916,6.26398,6.29418,6.32980,6.37087,6.41742,6.46951,6.52719,6.59055,6.65964,6.73457,6.81543,6.90231,6.99534,7.09463,7.20031,7.31249,7.43132,7.55692,7.68944,7.82900,7.97575,8.12979,8.29126,8.46026,8.63689,8.82121,9.01329,9.21314,9.42075,9.63608,9.85904,10.08946,10.32714,10.57180,10.82307,11.08049,11.34350,11.61144,11.88351,12.15879,12.43620,12.71453,12.99237,13.26819,13.54026,13.80668,14.06538,14.31415,14.55061,14.77225,14.97644,15.16049,15.32165,15.45714,15.56423,15.64025,15.68267,15.68910,15.65739,15.58561,15.47215,15.31569,15.11528,14.87029,14.58045,14.24585,13.86688,13.44426,12.97894,12.47214,11.92525,11.33979,10.71740,10.05978,9.36865,8.64571,7.89264,7.11104,6.30245,5.46833,4.61004,3.72890,2.82612,1.90292,0.96048
6.79274,6.79312,6.79426,6.79617,6.79884,6.80227,6.80647,6.81144,6.81717,6.82367,6.83095,6.83900,6.84782,6.85743,6.86781,6.87898,6.89094,6.90369,6.91723,6.93157,6.94671,6.96265,6.97940,6.99697,7.01535,7.03455,7.05457,7.07542,7.09710,7.11961,7.14296,7.16715,7.19218,7.21805,7.24478,7.27235,7.30077,7.33004,7.36016,7.39113,7.42295,7.45562,7.48913,7.52348,7.55866,7.59468,7.63151,7.66916,7.70762,7.74686,7.78688,7.82767,7.86920,7.91145,7.95441,7.99805,8.04235,8.08727,8.13278,8.17884,8.22542,8.27248,8.31996,8.36782,8.41601,8.46445,8.51310,8.56188,8.61073,8.65955,8.70827,8.75680,8.80505,8.85292,8.90029,8.94706,8.99311,9.03832,9.08256,9.12570,9.16758,9.20808,9.24704,9.28429,9.31970,9.35308,9.38428,9.41313,9.43947,9.46311,9.48389,9.50165,9.51622,9.52745,9.53516,9.53923,9.53951,9.53587,9.52820,9.51638,9.50034,9.47999,9.45528,9.42618,9.39265,9.35472,9.31239,9.26572,9.21478,9.15965,9.10044,9.03730,8.97037,8.89983,8.82588,8.74872,8.66859,8.58572,8.50037,8.41280,8.32329,8.23210,8.13953,8.04586,7.95136,7.85633,7.76103,7.66574,7.57072,7.47623,7.38251,7.28980,7.19831,7.10827,7.01987,6.93330,6.84873,6.76631,6.68621,6.60855,6.53345,6.46102,6.39137,6.32459,6.26074,6.19991,6.14214,6.08750,6.03602,5.98774,5.94269,5.90090,5.86238,5.82715,5.79522,5.76658,5.74126,5.71924,5.70053,5.68512,5.67300,5.66416,5.65861,5.65632,5.65730,5.66153,5.66904,5.67991,5.69259,5.70876,5.72825,5.75096,5.77689,5.80609,5.83877,5.87554,5.91824,5.97370,6.07738,6.61722,8.36717,6.56285,6.39812,6.39316,6.42822,6.47983,6.54073,6.60803,6.68038,6.75706,6.83764,6.92188,7.00958,7.10063,7.19491,7.29235,7.39287,7.49636,7.60276,7.71195,7.82381,7.93821,8.05496,8.17389,8.29473,8.41720,8.54097,8.66562,8.79069,8.91564,9.03983,9.16255,9.28301,9.40030,9.51344,9.62138,9.72298,9.81705,9.90236,9.97771,10.04188,10.09374,10.13225,10.15652,10.16582,10.15965,10.13773,10.10003,10.04681,9.97856,9.89604,9.80022,9.69226,9.57348,9.44529,9.30921,9.16675,9.01941,8.86867,8.71590,8.56241,8.40938,8.25788,8.10885,7.96311,7.82137,7.68421,7.55211,7.42547,7.30459,7.18969,7.08096,6.97848,6.88234,6.79255,6.70911,6.63198,6.56112,6.49646,6.43794,6.38546,6.33895,6.29832,6.26349,6.23438,6.21092,6.19305,6.18069,6.17380,6.17233,6.17625,6.18553,6.20016,6.22012,6.24541,6.27605,6.31206,6.35348,6.40033,6.45267,6.51055,6.57405,6.64324,6.71820,6.79902,6.88579,6.97863,7.07763,7.18292,7.29460,7.41279,7.53761,7.66917,7.80759,7.95297,8.10540,8.26498,8.43177,8.60581,8.78715,8.97576,9.17163,9.37466,9.58473,9.80167,10.02523,10.25511,10.49089,10.73212,10.97819,11.22844,11.48203,11.73805,11.99542,12.25293,12.50922,12.76276,13.01191,13.25483,13.48958,13.71405,13.92604,14.12324,14.30327,14.46369,14.60207,14.71601,14.80317,14.86132,14.88840,14.88253,14.84206,14.76564,14.65217,14.50089,14.31137,14.08349,13.81745,13.51376,13.17321,12.79683,12.38587,11.94173,11.46598,10.96024,10.42621,9.86557,9.28000,8.67113,8.04050,7.38956,6.71964,6.03196,5.32763,4.60762,3.87278,3.12389,2.36159,1.58649,0.79912
6.87101,6.87140,6.87255,6.87447,6.87716,6.88062,6.88485,6.88985,6.89563,6.90218,6.90951,6.91761,6.92650,6.93616,6.94661,6.95785,6.96988,6.98270,6.99631,7.01072,7.02593,7.04195,7.05877,7.07639,7.09483,7.11408,7.13415,7.15504,7.17675,7.19928,7.22263,7.24681,7.27182,7.29766,7.32432,7.35181,7.38013,7.40928,7.43924,7.47003,7.50163,7.53405,7.56727,7.60130,7.63611,7.67171,7.70807,7.74520,7.78308,7.82168,7.86099,7.90100,7.94168,7.98301,8.02496,8.06749,8.11059,8.15421,8.19832,8.24288,8.28783,8.33314,8.37874,8.42459,8.47062,8.51677,8.56296,8.60912,8.65518,8.70105,8.74663,8.79184,8.83657,8.88073,8.92418,8.96684,9.00856,9.04922,9.08869,9.12684,9.16352,9.19859,9.23190,9.26330,9.29262,9.31972,9.34444,9.36661,9.38608,9.40269,9.41628,9.42671,9.43383,9.43750,9.43759,9.43397,9.42654,9.41518,9.39981,9.38037,9.35678,9.32902,9.29705,9.26087,9.22050,9.17598,9.12735,9.07470,9.01812,8.95773,8.89367,8.82609,8.75517,8.68110,8.60409,8.52436,8.44214,8.35768,8.27122,8.18304,8.09338,8.00253,7.91074,7.81828,7.72543,7.63243,7.53955,7.44703,7.35511,7.26401,7.17398,7.08520,6.99787,6.91219,6.82833,6.74645,6.66670,6.58922,6.51414,6.44156,6.37160,6.30434,6.23988,6.17828,6.11961,6.06393,6.01128,5.96172,5.91526,5.87195,5.83180,5.79484,5.76108,5.73052,5.70318,5.67906,5.65816,5.64048,5.62602,5.61477,5.60672,5.60187,5.60021,5.60174,5.60645,5.61433,5.62539,5.63974,5.65583,5.67534,5.69808,5.72398,5.75302,5.78526,5.82094,5.86068,5.90648,5.96585,6.07957,6.74168,7.96611,6.52328,6.39070,6.39426,6.43379,6.48866,6.55232,6.62211,6.69677,6.77564,6.85830,6.94451,7.03409,7.12692,7.22288,7.32188,7.42382,7.52860,7.63612,7.74625,7.85884,7.97372,8.09069,8.20950,8.32985,8.45142,8.57380,8.69652,8.81905,8.94076,9.06096,9.17887,9.29361,9.40422,9.50967,9.60887,9.70066,9.78387,9.85731,9.91983,9.97033,10.00783,10.03147,10.04054,10.03458,10.01330,9.97672,9.92505,9.85878,9.77865,9.68558,9.58070,9.46527,9.34067,9.20835,9.06977,8.92640,8.77964,8.63086,8.48131,8.33214,8.18439,8.03900,7.89675,7.75835,7.62438,7.49531,7.37153,7.25336,7.14101,7.03466,6.93443,6.84039,6.75256,6.67095,6.59554,6.52627,6.46310,6.40595,6.35476,6.30944,6.26992,6.23612,6.20797,6.18539,6.16833,6.15672,6.15053,6.14969,6.15419,6.16399,6.17909,6.19947,6.22513,6.25609,6.29237,6.33400,6.38102,6.43347,6.49141,6.55490,6.62401,6.69882,6.77942,6.86588,6.95832,7.05681,7.16147,7.27240,7.38969,7.51344,7.64375,7.78071,7.92439,8.07486,8.23217,8.39635,8.56741,8.74533,8.93004,9.12146,9.31944,9.52378,9.73422,9.95045,10.17204,10.39852,10.62930,10.86369,11.10089,11.33997,11.57989,11.81948,12.05740,12.29222,12.52234,12.74604,12.96147,13.16669,13.35962,13.53816,13.70013,13.84335,13.96563,14.06485,14.13900,14.18618,14.20465,14.19291,14.14965,14.07387,13.96484,13.82213,13.64559,13.43539,13.19200,12.91613,12.60873,12.27098,11.90420,11.50988,11.08958,10.64491,10.17753,9.68907,9.18111,8.65519,8.11273,7.55506,6.98341,6.39886,5.80239,5.19483,4.57691,3.94924,3.31230,2.66649,2.01215,1.34949,0.67873
6.94898,6.94937,6.95052,6.95245,6.95515,6.95863,6.96288,6.96790,6.97370,6.98028,6.98763,6.99576,7.00468,7.01438,7.02486,7.03613,7.04818,7.06103,7.07467,7.08910,7.10433,7.12035,7.13718,7.15480,7.17323,7.19246,7.21250,7.23335,7.25500,7.27746,7.30073,7.32481,7.34969,7.37538,7.40188,7.42918,7.45727,7.48616,7.51585,7.54631,7.57756,7.60958,7.64236,7.67589,7.71017,7.74517,7.78089,7.81731,7.85440,7.89216,7.93056,7.96958,8.00918,8.04935,8.09004,8.13123,8.17287,8.21494,8.25738,8.30014,8.34318,8.38644,8.42987,8.47339,8.51696,8.56048,8.60389,8.64711,8.69005,8.73262,8.77473,8.81628,8.85716,8.89726,8.93647,8.97467,9.01173,9.04753,9.08194,9.11481,9.14601,9.17539,9.20281,9.22812,9.25118,9.27183,9.28992,9.30531,9.31785,9.32740,9.33382,9.33698,9.33676,9.33303,9.32569,9.31464,9.29980,9.28109,9.25845,9.23184,9.20124,9.16663,9.12802,9.08544,9.03894,8.98857,8.93443,8.87661,8.81524,8.75046,8.68241,8.61129,8.53727,8.46055,8.38136,8.29991,8.21644,8.13120,8.04442,7.95636,7.86728,7.77742,7.68703,7.59638,7.50569,7.41522,7.32519,7.23582,7.14734,7.05994,6.97383,6.88919,6.80619,6.72500,6.64576,6.56863,6.49372,6.42116,6.35106,6.28351,6.21860,6.15641,6.09701,6.04046,5.98682,5.93613,5.88844,5.84377,5.80216,5.76363,5.72819,5.69587,5.66667,5.64059,5.61766,5.59786,5.58119,5.56766,5.55726,5.54999,5.54584,5.54480,5.54687,5.55205,5.56032,5.57169,5.58617,5.60385,5.62321,5.64591,5.67177,5.70072,5.73274,5.76790,5.80645,5.84905,5.89786,5.96115,6.08597,6.90759,7.63421,6.49261,6.38692,6.39813,6.44182,6.49977,6.56604,6.63819,6.71505,6.79597,6.88058,6.96864,7.05996,7.15441,7.25188,7.35226,7.45543,7.56128,7.66968,7.78048,7.89350,8.00852,8.12531,8.24358,8.36297,8.48311,8.60352,8.72366,8.84295,8.96069,9.07610,9.18834,9.29649,9.39953,9.49640,9.58598,9.66715,9.73876,9.79971,9.84893,9.88547,9.90852,9.91741,9.91168,9.89108,9.85560,9.80547,9.74116,9.66337,9.57300,9.47113,9.35898,9.23788,9.10922,8.97443,8.83491,8.69204,8.54713,8.40140,8.25598,8.11188,7.97001,7.83116,7.69600,7.56512,7.43898,7.31798,7.20242,7.09253,6.98850,6.89043,6.79841,6.71247,6.63261,6.55883,6.49109,6.42933,6.37349,6.32351,6.27932,6.24083,6.20799,6.18071,6.15894,6.14261,6.13168,6.12609,6.12580,6.13079,6.14102,6.15649,6.17719,6.20313,6.23430,6.27074,6.31247,6.35952,6.41195,6.46980,6.53314,6.60202,6.67652,6.75672,6.84269,6.93453,7.03231,7.13613,7.24607,7.36222,7.48465,7.61344,7.74866,7.89034,8.03854,8.19327,8.35451,8.52224,8.69638,8.87683,9.06344,9.25599,9.45424,9.65783,9.86639,10.07940,10.29631,10.51644,10.73901,10.96312,11.18778,11.41184,11.63405,11.85303,12.06727,12.27516,12.47496,12.66485,12.84294,13.00725,13.15581,13.28662,13.39774,13.48726,13.55339,13.59450,13.60909,13.59589,13.55387,13.48223,13.38046,13.24833,13.08587,12.89341,12.67151,12.42098,12.14284,11.83828,11.50865,11.15539,10.78003,10.38412,9.96923,9.53690,9.08861,8.62580,8.14980,7.66183,7.16303,6.65439,6.13681,5.61106,5.07779,4.53756,3.99079,3.43785,2.87898,2.31437,1.74414,1.16833,0.58696
7.02667,7.02706,7.02822,7.03015,7.03285,7.03633,7.04058,7.04561,7.05141,7.05799,7.06534,7.07348,7.08239,7.09208,7.10256,7.11381,7.12586,7.13868,7.15229,7.16669,7.18188,7.19786,7.21462,7.23218,7.25053,7.26967,7.28960,7.31032,7.33183,7.35413,7.37722,7.40109,7.42574,7.45118,7.47739,7.50437,7.53212,7.56063,7.58989,7.61989,7.65063,7.68209,7.71427,7.74715,7.78071,7.81494,7.84982,7.88534,7.92146,7.95817,7.99543,8.03323,8.07153,8.11030,8.14950,8.18908,8.22902,8.26926,8.30976,8.35045,8.39130,8.43222,8.47318,8.51408,8.55487,8.59546,8.63578,8.67574,8.71525,8.75421,8.79253,8.83010,8.86682,8.90257,8.93723,8.97069,9.00282,9.03349,9.06257,9.08993,9.11542,9.13892,9.16029,9.17937,9.19604,9.21015,9.22157,9.23016,9.23579,9.23835,9.23771,9.23375,9.22639,9.21551,9.20104,9.18291,9.16106,9.13545,9.10604,9.07281,9.03579,8.99497,8.95040,8.90213,8.85024,8.79481,8.73595,8.67379,8.60846,8.54013,8.46895,8.39513,8.31884,8.24031,8.15974,8.07736,7.99341,7.90810,7.82170,7.73442,7.64652,7.55823,7.46978,7.38141,7.29333,7.20577,7.11893,7.03302,6.94824,6.86475,6.78274,6.70237,6.62380,6.54715,6.47258,6.40019,6.33010,6.26241,6.19722,6.13460,6.07463,6.01738,5.96291,5.91126,5.86249,5.81662,5.77370,5.73375,5.69680,5.66286,5.63194,5.60406,5.57923,5.55745,5.53873,5.52306,5.51044,5.50088,5.49437,5.49091,5.49048,5.49309,5.49874,5.50740,5.51909,5.53380,5.55154,5.57242,5.59491,5.62068,5.64954,5.68141,5.71629,5.75427,5.79557,5.84093,5.89266,5.95988,6.09714,7.12795,7.37261,6.46993,6.38693,6.40506,6.45263,6.51348,6.58223,6.65661,6.73554,6.81841,6.90484,6.99461,7.08752,7.18344,7.28225,7.38381,7.48801,7.59470,7.70372,7.81489,7.92801,8.04281,8.15902,8.27628,8.39422,8.51236,8.63018,8.74710,8.86243,8.97542,9.08524,9.19099,9.29169,9.38632,9.47379,9.55300,9.62286,9.68230,9.73031,9.76597,9.78849,9.79724,9.79177,9.77186,9.73748,9.68888,9.62649,9.55099,9.46326,9.36432,9.25537,9.13767,9.01257,8.88146,8.74568,8.60657,8.46541,8.32339,8.18160,8.04103,7.90257,7.76700,7.63498,7.50708,7.38377,7.26544,7.15240,7.04488,6.94306,6.84707,6.75698,6.67284,6.59466,6.52244,6.45614,6.39571,6.34111,6.29226,6.24911,6.21159,6.17962,6.15315,6.13211,6.11644,6.10609,6.10103,6.10121,6.10660,6.11718,6.13293,6.15386,6.17996,6.21124,6.24773,6.28945,6.33643,6.38871,6.44635,6.50939,6.57791,6.65195,6.73160,6.81692,6.90798,7.00487,7.10766,7.21642,7.33122,7.45211,7.57915,7.71239,7.85184,7.99751,8.14938,8.30742,8.47154,8.64164,8.81755,8.99907,9.18594,9.37784,9.57437,9.77506,9.97935,10.18660,10.39606,10.60688,10.81809,11.02863,11.23730,11.44280,11.64371,11.83853,12.02562,12.20329,12.36978,12.52329,12.66197,12.78402,12.88764,12.97114,13.03289,13.07144,13.08548,13.07391,13.03586,12.97067,12.87797,12.75763,12.60977,12.43479,12.23330,12.00612,11.75427,11.47892,11.18137,10.86301,10.52528,10.16966,9.79762,9.41060,9.01000,8.59714,8.17326,7.73951,7.29692,6.84644,6.38889,5.92499,5.45536,4.98050,4.50084,4.01672,3.52839,3.03603,2.53974,2.03960,1.53561,1.02773,0.51589
7.10294,7.10333,7.10448,7.10641,7.10910,7.11257,7.11681,7.12182,7.12760,7.13416,7.14149,7.14959,7.15846,7.16811,7.17854,7.18974,7.20172,7.21447,7.22800,7.24231,7.25739,7.27325,7.28989,7.30730,7.32549,7.34445,7.36419,7.38469,7.40596,7.42800,7.45080,7.47436,7.49867,7.52373,7.54953,7.57607,7.60333,7.63131,7.66000,7.68939,7.71946,7.75021,7.78161,7.81365,7.84632,7.87958,7.91343,7.94784,7.98277,8.01821,8.05412,8.09048,8.12723,8.16436,8.20181,8.23954,8.27750,8.31565,8.35393,8.39228,8.43064,8.46895,8.50713,8.54512,8.58284,8.62021,8.65713,8.69353,8.72931,8.76437,8.79860,8.83191,8.86419,8.89531,8.92517,8.95364,8.98060,9.00592,9.02948,9.05114,9.07078,9.08827,9.10346,9.11625,9.12649,9.13405,9.13883,9.14070,9.13954,9.13526,9.12775,9.11693,9.10271,9.08502,9.06381,9.03903,9.01065,8.97866,8.94304,8.90381,8.86101,8.81467,8.76486,8.71165,8.65514,8.59544,8.53267,8.46698,8.39852,8.32746,8.25397,8.17825,8.10050,8.02092,7.93973,7.85714,7.77339,7.68869,7.60328,7.51737,7.43119,7.34497,7.25891,7.17322,7.08812,7.00380,6.92044,6.83823,6.75733,6.67792,6.60014,6.52413,6.45004,6.37797,6.30806,6.24039,6.17507,6.11218,6.05181,5.99402,5.93887,5.88643,5.83674,5.78984,5.74577,5.70456,5.66624,5.63083,5.59835,5.56882,5.54224,5.51862,5.49798,5.48031,5.46562,5.45391,5.44517,5.43941,5.43662,5.43680,5.43994,5.44604,5.45510,5.46711,5.48207,5.49998,5.52085,5.54479,5.57029,5.59899,5.63072,5.66540,5.70304,5.74370,5.78766,5.83567,5.89023,5.96143,6.11272,7.41687,7.17033,6.45363,6.38995,6.41434,6.46552,6.52910,6.60017,6.67666,6.75752,6.84219,6.93030,7.02162,7.11596,7.21317,7.31311,7.41565,7.52062,7.62787,7.73721,7.84843,7.96127,8.07543,8.19060,8.30636,8.42226,8.53780,8.65239,8.76536,8.87598,8.98343,9.08685,9.18528,9.27773,9.36314,9.44047,9.50864,9.56664,9.61349,9.64831,9.67034,9.67898,9.67380,9.65457,9.62131,9.57420,9.51371,9.44046,9.35531,9.25924,9.15340,9.03902,8.91740,8.78986,8.65772,8.52228,8.38478,8.24636,8.10809,7.97096,7.83582,7.70343,7.57445,7.44945,7.32888,7.21315,7.10254,6.99731,6.89764,6.80364,6.71542,6.63302,6.55645,6.48572,6.42079,6.36164,6.30820,6.26043,6.21826,6.18163,6.15048,6.12474,6.10436,6.08928,6.07945,6.07484,6.07541,6.08112,6.09197,6.10793,6.12899,6.15517,6.18647,6.22291,6.26451,6.31131,6.36333,6.42064,6.48327,6.55128,6.62473,6.70368,6.78819,6.87833,6.97416,7.07574,7.18314,7.29639,7.41555,7.54064,7.67169,7.80868,7.95160,8.10040,8.25500,8.41529,8.58111,8.75227,8.92850,9.10950,9.29489,9.48422,9.67696,9.87248,10.07010,10.26899,10.46826,10.66689,10.86376,11.05766,11.24725,11.43112,11.60777,11.77560,11.93298,12.07824,12.20969,12.32564,12.42447,12.50460,12.56457,12.60304,12.61885,12.61100,12.57873,12.52148,12.43893,12.33103,12.19793,12.04003,11.85795,11.65249,11.42463,11.17548,10.90629,10.61836,10.31305,9.99175,9.65583,9.30665,8.94551,8.57364,8.19220,7.80225,7.40475,7.00058,6.59052,6.17523,5.75529,5.33120,4.90335,4.47207,4.03763,3.60020,3.15992,2.71687,2.27109,1.82258,1.37129,0.91716,0.46010
7.17756,7.17794,7.17909,7.18100,7.18368,7.18712,7.19133,7.19630,7.20204,7.20854,7.21581,7.22385,7.23265,7.24222,7.25255,7.26365,7.27551,7.28813,7.30153,7.31568,7.33059,7.34627,7.36270,7.37989,7.39784,7.41654,7.43598,7.45617,7.47711,7.49878,7.52118,7.54431,7.56815,7.59271,7.61797,7.64392,7.67056,7.69787,7.72584,7.75445,7.78369,7.81355,7.84400,7.87503,7.90661,7.93871,7.97133,8.00442,8.03796,8.07191,8.10624,8.14091,8.17589,8.21113,8.24658,8.28220,8.31794,8.35373,8.38953,8.42526,8.46087,8.49628,8.53142,8.56622,8.60059,8.63445,8.66770,8.70027,8.73205,8.76294,8.79284,8.82164,8.84924,8.87551,8.90035,8.92364,8.94525,8.96507,8.98297,8.99883,9.01253,9.02394,9.03295,9.03944,9.04329,9.04440,9.04265,9.03795,9.03020,9.01932,9.00523,8.98786,8.96716,8.94308,8.91559,8.88467,8.85031,8.81251,8.77131,8.72673,8.67883,8.62768,8.57336,8.51597,8.45561,8.39243,8.32654,8.25811,8.18731,8.11430,8.03926,7.96240,7.88391,7.80399,7.72285,7.64070,7.55776,7.47424,7.39035,7.30630,7.22231,7.13856,7.05526,6.97260,6.89076,6.80992,6.73025,6.65191,6.57505,6.49981,6.42633,6.35473,6.28513,6.21763,6.15233,6.08933,6.02871,5.97053,5.91486,5.86178,5.81132,5.76353,5.71846,5.67615,5.63661,5.59989,5.56599,5.53495,5.50676,5.48146,5.45904,5.43951,5.42288,5.40914,5.39831,5.39039,5.38536,5.38323,5.38400,5.38767,5.39423,5.40367,5.41600,5.43121,5.44931,5.47028,5.49416,5.52103,5.54941,5.58093,5.61542,5.65280,5.69307,5.73632,5.78282,5.83339,5.89070,5.96595,6.13327,7.78701,7.01547,6.44311,6.39601,6.42608,6.48062,6.54676,6.62003,6.69847,6.78114,6.86746,6.95709,7.04980,7.14539,7.24370,7.34456,7.44782,7.55331,7.66083,7.77017,7.88106,7.99322,8.10630,8.21993,8.33364,8.44694,8.55924,8.66990,8.77821,8.88336,8.98451,9.08073,9.17106,9.25449,9.33000,9.39656,9.45318,9.49892,9.53295,9.55453,9.56309,9.55821,9.53969,9.50751,9.46190,9.40326,9.33222,9.24958,9.15632,9.05351,8.94236,8.82411,8.70005,8.57146,8.43958,8.30562,8.17070,8.03586,7.90206,7.77013,7.64083,7.51480,7.39260,7.27470,7.16147,7.05322,6.95020,6.85259,6.76052,6.67409,6.59335,6.51832,6.44901,6.38540,6.32745,6.27512,6.22836,6.18710,6.15130,6.12090,6.09583,6.07604,6.06148,6.05211,6.04788,6.04877,6.05473,6.06577,6.08185,6.10297,6.12915,6.16037,6.19667,6.23806,6.28457,6.33624,6.39310,6.45521,6.52260,6.59533,6.67345,6.75702,6.84610,6.94072,7.04095,7.14683,7.25838,7.37564,7.49861,7.62729,7.76165,7.90164,8.04719,8.19818,8.35447,8.51586,8.68211,8.85293,9.02795,9.20676,9.38885,9.57364,9.76047,9.94860,10.13715,10.32520,10.51169,10.69549,10.87536,11.04998,11.21793,11.37776,11.52794,11.66690,11.79309,11.90494,12.00094,12.07964,12.13967,12.17982,12.19899,12.19629,12.17099,12.12261,12.05086,11.95569,11.83727,11.69597,11.53238,11.34726,11.14154,10.91626,10.67258,10.41173,10.13499,9.84365,9.53900,9.22231,8.89479,8.55759,8.21180,7.85839,7.49828,7.13228,6.76111,6.38539,6.00568,5.62242,5.23601,4.84675,4.45491,4.06066,3.66415,3.26548,2.86472,2.46189,2.05699,1.65000,1.24088,0.82956,0.41596
7.25024,7.25062,7.25176,7.25365,7.25630,7.25970,7.26386,7.26877,7.27444,7.28087,7.28805,7.29598,7.30467,7.31411,7.32430,7.33525,7.34694,7.35938,7.37257,7.38650,7.40118,7.41659,7.43275,7.44963,7.46725,7.48559,7.50466,7.52444,7.54493,7.56612,7.58801,7.61059,7.63385,7.65777,7.68236,7.70759,7.73346,7.75994,7.78703,7.81471,7.84295,7.87175,7.90107,7.93089,7.96120,7.99195,8.02313,8.05470,8.08663,8.11887,8.15140,8.18417,8.21714,8.25026,8.28347,8.31674,8.35000,8.38319,8.41624,8.44911,8.48170,8.51396,8.54581,8.57715,8.60792,8.63803,8.66737,8.69587,8.72342,8.74992,8.77528,8.79937,8.82210,8.84336,8.86303,8.88100,8.89715,8.91137,8.92355,8.93357,8.94132,8.94669,8.94957,8.94985,8.94744,8.94224,8.93417,8.92314,8.90908,8.89193,8.87162,8.84811,8.82138,8.79139,8.75814,8.72163,8.68187,8.63890,8.59277,8.54352,8.49124,8.43600,8.37791,8.31708,8.25363,8.18771,8.11947,8.04905,7.97664,7.90240,7.82653,7.74920,7.67063,7.59099,7.51050,7.42936,7.34776,7.26590,7.18399,7.10222,7.02077,6.93983,6.85958,6.78020,6.70184,6.62467,6.54884,6.47448,6.40173,6.33072,6.26156,6.19437,6.12923,6.06625,6.00551,5.94709,5.89105,5.83746,5.78638,5.73786,5.69194,5.64865,5.60805,5.57015,5.53498,5.50256,5.47291,5.44605,5.42199,5.40073,5.38229,5.36667,5.35388,5.34391,5.33678,5.33247,5.33099,5.33235,5.33652,5.34353,5.35335,5.36600,5.38146,5.39974,5.42084,5.44476,5.47152,5.50120,5.53236,5.56658,5.60372,5.64369,5.68649,5.73222,5.78117,5.83420,5.89420,5.97357,6.15940,8.23684,6.89770,6.43794,6.40515,6.44040,6.49806,6.56660,6.64191,6.72218,6.80649,6.89432,6.98532,7.07925,7.17589,7.27508,7.37664,7.48037,7.58609,7.69357,7.80254,7.91272,8.02377,8.13530,8.24687,8.35797,8.46805,8.57646,8.68251,8.78543,8.88438,8.97847,9.06676,9.14828,9.22204,9.28705,9.34236,9.38707,9.42036,9.44154,9.45005,9.44550,9.42768,9.39660,9.35245,9.29563,9.22675,9.14658,9.05604,8.95620,8.84819,8.73322,8.61254,8.48737,8.35895,8.22842,8.09689,7.96537,7.83479,7.70597,7.57965,7.45647,7.33698,7.22164,7.11082,7.00484,6.90394,6.80832,6.71809,6.63338,6.55422,6.48066,6.41270,6.35033,6.29351,6.24221,6.19639,6.15599,6.12095,6.09123,6.06676,6.04750,6.03339,6.02440,6.02049,6.02162,6.02776,6.03891,6.05503,6.07614,6.10222,6.13330,6.16937,6.21046,6.25659,6.30780,6.36413,6.42560,6.49226,6.56416,6.64135,6.72386,6.81174,6.90504,7.00378,7.10800,7.21772,7.33293,7.45364,7.57981,7.71140,7.84833,7.99049,8.13775,8.28992,8.44678,8.60804,8.77338,8.94240,9.11463,9.28953,9.46649,9.64480,9.82367,10.00222,10.17949,10.35440,10.52582,10.69250,10.85315,11.00640,11.15082,11.28497,11.40738,11.51660,11.61122,11.68988,11.75130,11.79434,11.81798,11.82137,11.80382,11.76487,11.70424,11.62187,11.51790,11.39269,11.24675,11.08081,10.89571,10.69242,10.47204,10.23570,9.98459,9.71994,9.44294,9.15479,8.85662,8.54950,8.23446,7.91241,7.58422,7.25063,6.91232,6.56988,6.22381,5.87454,5.52243,5.16777,4.81080,4.45169,4.09059,3.72760,3.36280,2.99622,2.62790,2.25784,1.88604,1.51248,1.13713,0.75996,0.38093
7.31987,7.32024,7.32135,7.32321,7.32582,7.32917,7.33326,7.33809,7.34366,7.34998,7.35703,7.36483,7.37336,7.38263,7.39263,7.40337,7.41484,7.42703,7.43995,7.45360,7.46796,7.48304,7.49882,7.51532,7.53252,7.55041,7.56899,7.58825,7.60818,7.62879,7.65004,7.67195,7.69449,7.71765,7.74142,7.76578,7.79072,7.81623,7.84228,7.86885,7.89593,7.92348,7.95149,7.97993,8.00876,8.03796,8.06750,8.09734,8.12744,8.15777,8.18827,8.21891,8.24964,8.28040,8.31115,8.34182,8.37236,8.40270,8.43278,8.46254,8.49188,8.52075,8.54906,8.57673,8.60367,8.62980,8.65503,8.67925,8.70238,8.72431,8.74495,8.76419,8.78192,8.79804,8.81244,8.82501,8.83566,8.84426,8.85072,8.85493,8.85679,8.85620,8.85307,8.84732,8.83885,8.82759,8.81346,8.79642,8.77640,8.75336,8.72726,8.69808,8.66581,8.63045,8.59201,8.55051,8.50600,8.45851,8.40812,8.35490,8.29893,8.24033,8.17920,8.11567,8.04987,7.98195,7.91206,7.84036,7.76703,7.69224,7.61618,7.53902,7.46095,7.38216,7.30285,7.22320,7.14340,7.06364,6.98409,6.90493,6.82635,6.74850,6.67154,6.59564,6.52093,6.44756,6.37567,6.30537,6.23678,6.17002,6.10518,6.04236,5.98165,5.92312,5.86686,5.81292,5.76136,5.71224,5.66561,5.62151,5.57997,5.54104,5.50474,5.47109,5.44012,5.41184,5.38627,5.36342,5.34331,5.32594,5.31131,5.29944,5.29032,5.28396,5.28036,5.27952,5.28144,5.28613,5.29357,5.30377,5.31673,5.33244,5.35091,5.37213,5.39611,5.42285,5.45237,5.48476,5.51857,5.55539,5.59507,5.63752,5.68275,5.73087,5.78217,5.83756,5.90017,5.98378,6.19118,8.72685,6.80824,6.43706,6.41671,6.45667,6.51723,6.58799,6.66518,6.74712,6.83293,6.92210,7.01427,7.10921,7.20670,7.30653,7.40851,7.51243,7.61806,7.72513,7.83335,7.94238,8.05184,8.16129,8.27024,8.37813,8.48435,8.58819,8.68892,8.78573,8.87774,8.96405,9.04372,9.11579,9.17931,9.23336,9.27707,9.30966,9.33047,9.33895,9.33474,9.31763,9.28762,9.24491,9.18988,9.12311,9.04534,8.95747,8.86050,8.75555,8.64378,8.52638,8.40456,8.27950,8.15231,8.02408,7.89578,7.76833,7.64253,7.51912,7.39870,7.28184,7.16898,7.06051,6.95673,6.85788,6.76417,6.67573,6.59267,6.51504,6.44289,6.37622,6.31503,6.25929,6.20897,6.16403,6.12443,6.09010,6.06100,6.03708,6.01828,6.00458,5.99591,5.99225,5.99356,5.99982,6.01101,6.02712,6.04813,6.07406,6.10490,6.14067,6.18138,6.22705,6.27772,6.33341,6.39416,6.46000,6.53098,6.60712,6.68846,6.77505,6.86690,6.96404,7.06649,7.17425,7.28730,7.40563,7.52918,7.65788,7.79163,7.93031,8.07374,8.22171,8.37397,8.53021,8.69005,8.85308,9.01878,9.18660,9.35587,9.52587,9.69579,9.86472,10.03168,10.19561,10.35536,10.50972,10.65742,10.79714,10.92752,11.04719,11.15480,11.24902,11.32857,11.39224,11.43894,11.46771,11.47773,11.46833,11.43904,11.38959,11.31988,11.23002,11.12032,10.99124,10.84342,10.67765,10.49482,10.29594,10.08207,9.85432,9.61383,9.36174,9.09915,8.82714,8.54673,8.25886,7.96443,7.66421,7.35894,7.04923,6.73565,6.41865,6.09863,5.77592,5.45079,5.12344,4.79405,4.46273,4.12957,3.79464,3.45798,3.11962,2.77958,2.43788,2.09451,1.74950,1.40284,1.05456,0.70465,0.35312
7.38615,7.38651,7.38760,7.38942,7.39197,7.39525,7.39925,7.40397,7.40942,7.41560,7.42249,7.43011,7.43844,7.44749,7.45725,7.46773,7.47891,7.49079,7.50338,7.51666,7.53063,7.54529,7.56063,7.57664,7.59332,7.61066,7.62866,7.64729,7.66656,7.68645,7.70695,7.72805,7.74974,7.77200,7.79481,7.81816,7.84203,7.86639,7.89124,7.91654,7.94228,7.96841,7.99493,8.02179,8.04896,8.07642,8.10412,8.13202,8.16009,8.18828,8.21655,8.24484,8.27311,8.30130,8.32935,8.35721,8.38481,8.41209,8.43897,8.46539,8.49128,8.51655,8.54112,8.56491,8.58784,8.60981,8.63074,8.65053,8.66909,8.68632,8.70213,8.71641,8.72906,8.73998,8.74908,8.75625,8.76140,8.76442,8.76523,8.76373,8.75984,8.75346,8.74453,8.73297,8.71871,8.70169,8.68186,8.65918,8.63361,8.60513,8.57372,8.53939,8.50213,8.46197,8.41894,8.37308,8.32444,8.27310,8.21913,8.16263,8.10368,8.04242,7.97895,7.91341,7.84595,7.77671,7.70584,7.63352,7.55990,7.48517,7.40949,7.33304,7.25600,7.17856,7.10088,7.02315,6.94553,6.86821,6.79134,6.71509,6.63961,6.56505,6.49157,6.41929,6.34835,6.27887,6.21097,6.14476,6.08035,6.01782,5.95727,5.89877,5.84241,5.78826,5.73636,5.68679,5.63959,5.59481,5.55249,5.51267,5.47537,5.44063,5.40847,5.37891,5.35197,5.32767,5.30602,5.28702,5.27069,5.25704,5.24607,5.23778,5.23219,5.22928,5.22907,5.23155,5.23673,5.24460,5.25517,5.26844,5.28440,5.30306,5.32441,5.34846,5.37520,5.40465,5.43682,5.47181,5.50817,5.54748,5.58960,5.63444,5.68200,5.73240,5.78596,5.84363,5.90879,5.99677,6.22960,9.15816,6.74104,6.44030,6.43081,6.47506,6.53829,6.61110,6.69002,6.77346,6.86060,6.95092,7.04408,7.13983,7.23792,7.33813,7.44026,7.54404,7.64923,7.75551,7.86255,7.96998,8.07735,8.18418,8.28993,8.39398,8.49567,8.59427,8.68898,8.77897,8.86336,8.94123,9.01166,9.07374,9.12657,9.16932,9.20125,9.22171,9.23018,9.22630,9.20988,9.18093,9.13963,9.08634,9.02163,8.94620,8.86091,8.76675,8.66476,8.55609,8.44189,8.32332,8.20152,8.07758,7.95255,7.82738,7.70297,7.58011,7.45951,7.34178,7.22747,7.11702,7.01082,6.90916,6.81231,6.72045,6.63374,6.55226,6.47611,6.40530,6.33987,6.27981,6.22510,6.17571,6.13160,6.09274,6.05907,6.03054,6.00712,5.98874,5.97538,5.96698,5.96352,5.96496,5.97128,5.98246,5.99848,6.01935,6.04506,6.07560,6.11100,6.15126,6.19641,6.24646,6.30144,6.36139,6.42633,6.49629,6.57130,6.65140,6.73659,6.82691,6.92236,7.02295,7.12865,7.23946,7.35531,7.47615,7.60189,7.73240,7.86752,8.00707,8.15081,8.29845,8.44966,8.60405,8.76115,8.92044,9.08132,9.24312,9.40509,9.56640,9.72614,9.88332,10.03690,10.18573,10.32865,10.46441,10.59176,10.70942,10.81610,10.91056,10.99158,11.05802,11.10883,11.14308,11.15997,11.15885,11.13923,11.10082,11.04349,10.96730,10.87249,10.75948,10.62883,10.48125,10.31755,10.13867,9.94559,9.73934,9.52100,9.29163,9.05229,8.80397,8.54766,8.28425,8.01459,7.73941,7.45941,7.17519,6.88724,6.59602,6.30188,6.00514,5.70601,5.40468,5.10129,4.79594,4.48869,4.17957,3.86861,3.55583,3.24123,2.92481,2.60659,2.28659,1.96482,1.64134,1.31617,0.98939,0.66105,0.33123
7.44832,7.44867,7.44973,7.45150,7.45398,7.45717,7.46106,7.46565,7.47095,7.47695,7.48364,7.49104,7.49913,7.50791,7.51738,7.52753,7.53836,7.54987,7.56205,7.57489,7.58840,7.60255,7.61735,7.63279,7.64886,7.66555,7.68285,7.70075,7.71924,7.73830,7.75792,7.77809,7.79879,7.82001,7.84172,7.86390,7.88654,7.90962,7.93310,7.95697,7.98119,8.00573,8.03057,8.05567,8.08100,8.10652,8.13219,8.15797,8.18381,8.20967,8.23549,8.26124,8.28685,8.31226,8.33742,8.36226,8.38672,8.41074,8.43423,8.45714,8.47937,8.50087,8.52153,8.54129,8.56005,8.57773,8.59424,8.60949,8.62339,8.63584,8.64675,8.65603,8.66359,8.66933,8.67315,8.67497,8.67471,8.67227,8.66757,8.66053,8.65109,8.63916,8.62470,8.60763,8.58791,8.56550,8.54037,8.51249,8.48184,8.44842,8.41223,8.37329,8.33162,8.28726,8.24026,8.19068,8.13858,8.08405,8.02717,7.96806,7.90681,7.84356,7.77842,7.71154,7.64306,7.57313,7.50190,7.42954,7.35620,7.28206,7.20728,7.13203,7.05648,6.98079,6.90513,6.82967,6.75456,6.67996,6.60602,6.53289,6.46070,6.38960,6.31971,6.25116,6.18405,6.11851,6.05463,5.99252,5.93225,5.87391,5.81759,5.76335,5.71125,5.66136,5.61373,5.56840,5.52543,5.48485,5.44669,5.41099,5.37778,5.34708,5.31890,5.29327,5.27021,5.24972,5.23182,5.21651,5.20381,5.19372,5.18625,5.18140,5.17918,5.17958,5.18261,5.18828,5.19658,5.20751,5.22107,5.23728,5.25612,5.27760,5.30171,5.32847,5.35787,5.38992,5.42464,5.46212,5.50093,5.54264,5.58709,5.63422,5.68402,5.73661,5.79232,5.85218,5.91983,6.01236,6.27548,9.39293,6.69125,6.44709,6.44714,6.49529,6.56096,6.63565,6.71612,6.80090,6.88918,6.98046,7.07439,7.17070,7.26914,7.36946,7.47141,7.57472,7.67908,7.78416,7.88958,7.99490,8.09966,8.20330,8.30524,8.40482,8.50134,8.59401,8.68203,8.76455,8.84068,8.90952,8.97020,9.02186,9.06370,9.09500,9.11512,9.12359,9.12006,9.10433,9.07642,9.03649,8.98491,8.92220,8.84905,8.76628,8.67484,8.57575,8.47009,8.35900,8.24358,8.12495,8.00416,7.88224,7.76012,7.63866,7.51865,7.40078,7.28566,7.17382,7.06571,6.96171,6.86211,6.76719,6.67712,6.59206,6.51212,6.43738,6.36787,6.30362,6.24463,6.19090,6.14238,6.09906,6.06089,6.02783,5.99982,5.97684,5.95883,5.94576,5.93758,5.93427,5.93578,5.94211,5.95322,5.96911,5.98977,6.01519,6.04538,6.08034,6.12009,6.16464,6.21401,6.26822,6.32729,6.39125,6.46013,6.53394,6.61270,6.69642,6.78513,6.87881,6.97745,7.08103,7.18951,7.30283,7.42089,7.54360,7.67081,7.80235,7.93799,8.07749,8.22053,8.36676,8.51576,8.66704,8.82006,8.97420,9.12878,9.28303,9.43612,9.58714,9.73510,9.87898,10.01767,10.15002,10.27485,10.39097,10.49717,10.59227,10.67511,10.74461,10.79975,10.83963,10.86345,10.87057,10.86049,10.83287,10.78755,10.72454,10.64402,10.54633,10.43197,10.30157,10.15586,9.99570,9.82200,9.63573,9.43788,9.22947,9.01149,8.78490,8.55062,8.30953,8.06242,7.81001,7.55296,7.29183,7.02712,6.75924,6.48853,6.21525,5.93963,5.66180,5.38187,5.09991,4.81595,4.52998,4.24200,3.95199,3.65991,3.36575,3.06948,2.77111,2.47066,2.16814,1.86363,1.55718,1.24891,0.93892,0.62734,0.31432
7.50558,7.50593,7.50695,7.50866,7.51106,7.51413,7.51789,7.52233,7.52744,7.53323,7.53970,7.54683,7.55463,7.56309,7.57221,7.58198,7.59240,7.60346,7.61516,7.62750,7.64045,7.65402,7.66819,7.68297,7.69833,7.71426,7.73076,7.74781,7.76540,7.78351,7.80213,7.82124,7.84082,7.86086,7.88132,7.90220,7.92346,7.94509,7.96705,7.98932,8.01186,8.03464,8.05764,8.08081,8.10412,8.12752,8.15098,8.17444,8.19787,8.22121,8.24441,8.26742,8.29019,8.31264,8.33473,8.35638,8.37753,8.39812,8.41806,8.43729,8.45574,8.47331,8.48995,8.50555,8.52004,8.53334,8.54536,8.55600,8.56520,8.57285,8.57887,8.58318,8.58568,8.58629,8.58494,8.58154,8.57601,8.56828,8.55828,8.54595,8.53122,8.51404,8.49437,8.47216,8.44738,8.42001,8.39002,8.35742,8.32220,8.28437,8.24395,8.20098,8.15550,8.10756,8.05721,8.00454,7.94962,7.89255,7.83342,7.77235,7.70945,7.64484,7.57866,7.51105,7.44215,7.37210,7.30107,7.22920,7.15665,7.08358,7.01015,6.93651,6.86283,6.78926,6.71594,6.64304,6.57069,6.49905,6.42824,6.35839,6.28964,6.22210,6.15589,6.09112,6.02789,5.96629,5.90643,5.84837,5.79221,5.73800,5.68583,5.63575,5.58781,5.54207,5.49858,5.45738,5.41849,5.38197,5.34783,5.31611,5.28683,5.26000,5.23566,5.21380,5.19445,5.17762,5.16332,5.15155,5.14233,5.13565,5.13154,5.12998,5.13098,5.13455,5.14069,5.14941,5.16069,5.17456,5.19100,5.21002,5.23162,5.25581,5.28258,5.31194,5.34389,5.37843,5.41559,5.45547,5.49662,5.54063,5.58733,5.63665,5.68859,5.74328,5.80105,5.86301,5.93308,6.03037,6.32997,9.34842,6.65515,6.45695,6.46539,6.51707,6.58497,6.66134,6.74319,6.82911,6.91833,7.01035,7.10482,7.20144,7.29994,7.40005,7.50149,7.60395,7.70708,7.81051,7.91382,8.01653,8.11810,8.21797,8.31549,8.40996,8.50065,8.58675,8.66744,8.74188,8.80919,8.86852,8.91905,8.96000,8.99069,9.01051,9.01899,9.01580,9.00076,8.97386,8.93528,8.88536,8.82460,8.75367,8.67335,8.58456,8.48828,8.38556,8.27749,8.16514,8.04959,7.93187,7.81297,7.69381,7.57522,7.45798,7.34277,7.23018,7.12075,7.01491,6.91303,6.81544,6.72238,6.63404,6.55059,6.47213,6.39874,6.33048,6.26736,6.20941,6.15659,6.10891,6.06632,6.02880,5.99630,5.96877,5.94619,5.92850,5.91567,5.90767,5.90445,5.90599,5.91227,5.92327,5.93897,5.95937,5.98445,6.01423,6.04870,6.08788,6.13177,6.18039,6.23376,6.29190,6.35482,6.42254,6.49507,6.57243,6.65463,6.74165,6.83349,6.93013,7.03153,7.13762,7.24834,7.36359,7.48323,7.60712,7.73505,7.86680,8.00207,8.14056,8.28187,8.42558,8.57117,8.71810,8.86573,9.01337,9.16024,9.30552,9.44829,9.58761,9.72244,9.85173,9.97438,10.08925,10.19521,10.29115,10.37597,10.44862,10.50812,10.55359,10.58423,10.59941,10.59859,10.58141,10.54766,10.49729,10.43043,10.34734,10.24845,10.13430,10.00556,9.86300,9.70746,9.53986,9.36111,9.17218,8.97400,8.76751,8.55359,8.33306,8.10672,7.87526,7.63930,7.39942,7.15607,6.90966,6.66050,6.40886,6.15491,5.89877,5.64054,5.38023,5.11783,4.85332,4.58662,4.31768,4.04641,3.77275,3.49662,3.21798,2.93681,2.65309,2.36686,2.07818,1.78714,1.49385,1.19847,0.90118,0.60219,0.30172
7.55799,7.55832,7.55931,7.56095,7.56324,7.56619,7.56980,7.57405,7.57895,7.58450,7.59069,7.59751,7.60497,7.61307,7.62178,7.63112,7.64106,7.65162,7.66277,7.67451,7.68684,7.69974,7.71320,7.72721,7.74176,7.75684,7.77244,7.78853,7.80511,7.82216,7.83965,7.85757,7.87591,7.89463,7.91372,7.93315,7.95289,7.97292,7.99321,8.01373,8.03444,8.05531,8.07630,8.09738,8.11850,8.13962,8.16070,8.18169,8.20254,8.22320,8.24362,8.26374,8.28350,8.30284,8.32170,8.34002,8.35773,8.37475,8.39102,8.40647,8.42101,8.43458,8.44710,8.45848,8.46865,8.47753,8.48503,8.49107,8.49558,8.49846,8.49965,8.49906,8.49661,8.49224,8.48586,8.47742,8.46684,8.45406,8.43902,8.42169,8.40200,8.37992,8.35543,8.32848,8.29908,8.26720,8.23285,8.19603,8.15677,8.11508,8.07101,8.02459,7.97589,7.92497,7.87190,7.81676,7.75964,7.70064,7.63988,7.57745,7.51349,7.44812,7.38147,7.31368,7.24489,7.17524,7.10488,7.03397,6.96264,6.89104,6.81933,6.74766,6.67616,6.60499,6.53427,6.46416,6.39477,6.32625,6.25870,6.19226,6.12702,6.06311,6.00062,5.93965,5.88028,5.82261,5.76672,5.71267,5.66053,5.61038,5.56226,5.51623,5.47234,5.43063,5.39114,5.35392,5.31898,5.28637,5.25610,5.22820,5.20270,5.17960,5.15892,5.14068,5.12490,5.11157,5.10072,5.09234,5.08644,5.08304,5.08214,5.08373,5.08783,5.09444,5.10356,5.11520,5.12935,5.14603,5.16523,5.18695,5.21121,5.23800,5.26732,5.29917,5.33357,5.37052,5.41003,5.45220,5.49561,5.54182,5.59068,5.64210,5.69610,5.75279,5.81254,5.87650,5.94895,6.05125,6.39532,9.07107,6.63057,6.47009,6.48594,6.54081,6.61073,6.68860,6.77163,6.85851,6.94846,7.04100,7.13575,7.23241,7.33068,7.43026,7.53083,7.63204,7.73352,7.83485,7.93555,8.03511,8.13296,8.22846,8.32095,8.40970,8.49395,8.57288,8.64567,8.71150,8.76953,8.81898,8.85909,8.88921,8.90875,8.91725,8.91440,8.90003,8.87413,8.83687,8.78856,8.72971,8.66093,8.58299,8.49677,8.40322,8.30335,8.19819,8.08882,7.97625,7.86151,7.74554,7.62924,7.51343,7.39887,7.28623,7.17609,7.06898,6.96533,6.86551,6.76985,6.67858,6.59191,6.50999,6.43295,6.36087,6.29379,6.23175,6.17477,6.12283,6.07593,6.03402,5.99710,5.96511,5.93801,5.91578,5.89837,5.88574,5.87785,5.87469,5.87621,5.88240,5.89323,5.90869,5.92878,5.95348,5.98280,6.01673,6.05528,6.09846,6.14629,6.19877,6.25591,6.31774,6.38425,6.45546,6.53137,6.61198,6.69728,6.78724,6.88182,6.98099,7.08467,7.19277,7.30518,7.42176,7.54232,7.66667,7.79454,7.92566,8.05966,8.19616,8.33471,8.47480,8.61585,8.75723,8.89824,9.03810,9.17600,9.31105,9.44229,9.56875,9.68940,9.80317,9.90901,10.00586,10.09266,10.16842,10.23218,10.28308,10.32033,10.34326,10.35135,10.34419,10.32151,10.28323,10.22938,10.16018,10.07596,9.97720,9.86449,9.73852,9.60007,9.44997,9.28910,9.11836,8.93865,8.75086,8.55584,8.35440,8.14731,7.93525,7.71884,7.49863,7.27509,7.04861,6.81949,6.58800,6.35428,6.11847,5.88060,5.64068,5.39866,5.15447,4.90800,4.65914,4.40773,4.15366,3.89679,3.63701,3.37421,3.10833,2.83935,2.56725,2.29209,2.01396,1.73298,1.44934,1.16325,0.87497,0.58479,0.29302
7.60423,7.60454,7.60548,7.60704,7.60922,7.61203,7.61546,7.61950,7.62416,7.62942,7.63530,7.64178,7.64886,7.65653,7.66478,7.67362,7.68303,7.69301,7.70354,7.71462,7.72624,7.73838,7.75104,7.76420,7.77785,7.79198,7.80657,7.82160,7.83705,7.85292,7.86917,7.88579,7.90275,7.92003,7.93761,7.95545,7.97354,7.99184,8.01031,8.02893,8.04767,8.06647,8.08531,8.10415,8.12294,8.14163,8.16019,8.17855,8.19668,8.21452,8.23201,8.24910,8.26573,8.28184,8.29736,8.31222,8.32637,8.33974,8.35225,8.36383,8.37442,8.38393,8.39229,8.39943,8.40527,8.40974,8.41275,8.41424,8.41413,8.41235,8.40881,8.40347,8.39624,8.38706,8.37587,8.36262,8.34725,8.32971,8.30997,8.28797,8.26370,8.23712,8.20823,8.17700,8.14344,8.10755,8.06934,8.02884,7.98608,7.94110,7.89395,7.84467,7.79335,7.74004,7.68484,7.62783,7.56911,7.50878,7.44696,7.38375,7.31929,7.25370,7.18710,7.11963,7.05143,6.98264,6.91340,6.84384,6.77411,6.70434,6.63468,6.56526,6.49621,6.42768,6.35977,6.29262,6.22635,6.16107,6.09690,6.03393,5.97227,5.91202,5.85326,5.79609,5.74057,5.68678,5.63480,5.58469,5.53650,5.49030,5.44613,5.40404,5.36408,5.32627,5.29066,5.25728,5.22615,5.19730,5.17076,5.14654,5.12466,5.10514,5.08799,5.07322,5.06085,5.05089,5.04334,5.03821,5.03550,5.03524,5.03741,5.04203,5.04909,5.05861,5.07059,5.08503,5.10194,5.12131,5.14316,5.16748,5.19429,5.22357,5.25534,5.28959,5.32634,5.36559,5.40736,5.45174,5.49731,5.54563,5.59655,5.64998,5.70593,5.76453,5.82616,5.89205,5.96682,6.07444,6.47332,8.68499,6.61489,6.48565,6.50804,6.56579,6.63748,6.71664,6.80066,6.88826,6.97872,7.07152,7.16628,7.26268,7.36039,7.45907,7.55837,7.65792,7.75729,7.85601,7.95359,8.04945,8.14298,8.23353,8.32039,8.40282,8.48003,8.55123,8.61562,8.67239,8.72079,8.76009,8.78965,8.80892,8.81745,8.81495,8.80124,8.77631,8.74033,8.69360,8.63659,8.56991,8.49429,8.41057,8.31967,8.22256,8.12025,8.01376,7.90410,7.79224,7.67912,7.56561,7.45251,7.34056,7.23041,7.12265,7.01780,6.91627,6.81846,6.72466,6.63513,6.55007,6.46965,6.39398,6.32315,6.25721,6.19621,6.14015,6.08905,6.04288,6.00162,5.96525,5.93373,5.90703,5.88511,5.86793,5.85545,5.84766,5.84450,5.84596,5.85201,5.86264,5.87783,5.89756,5.92183,5.95064,5.98398,6.02187,6.06430,6.11128,6.16282,6.21892,6.27961,6.34487,6.41471,6.48912,6.56810,6.65163,6.73966,6.83217,6.92908,7.03031,7.13578,7.24534,7.35884,7.47610,7.59689,7.72094,7.84795,7.97757,8.10937,8.24292,8.37767,8.51306,8.64845,8.78314,8.91637,9.04732,9.17512,9.29885,9.41756,9.53027,9.63596,9.73364,9.82231,9.90101,9.96880,10.02485,10.06837,10.09868,10.11524,10.11759,10.10544,10.07863,10.03715,9.98112,9.91081,9.82662,9.72907,9.61877,9.49643,9.36282,9.21875,9.06508,8.90268,8.73238,8.55503,8.37141,8.18227,7.98830,7.79011,7.58825,7.38320,7.17535,6.96501,6.75244,6.53780,6.32119,6.10265,5.88218,5.65969,5.43508,5.20820,4.97888,4.74693,4.51214,4.27430,4.03324,3.78875,3.54069,3.28893,3.03338,2.77401,2.51083,2.24390,1.97334,1.69935,1.42215,1.14205,0.85938,0.57453,0.28792
7.64393,7.64422,7.64511,7.64658,7.64864,7.65128,7.65451,7.65831,7.66270,7.66766,7.67318,7.67927,7.68592,7.69312,7.70086,7.70914,7.71796,7.72729,7.73713,7.74747,7.75831,7.76961,7.78139,7.79361,7.80627,7.81935,7.83283,7.84669,7.86092,7.87550,7.89039,7.90559,7.92106,7.93679,7.95273,7.96887,7.98517,8.00161,8.01814,8.03474,8.05137,8.06798,8.08454,8.10100,8.11733,8.13347,8.14937,8.16500,8.18029,8.19519,8.20964,8.22360,8.23700,8.24977,8.26186,8.27321,8.28374,8.29339,8.30210,8.30979,8.31639,8.32184,8.32606,8.32899,8.33054,8.33066,8.32928,8.32631,8.32171,8.31540,8.30732,8.29740,8.28560,8.27186,8.25613,8.23837,8.21852,8.19657,8.17247,8.14620,8.11775,8.08711,8.05427,8.01923,7.98200,7.94261,7.90107,7.85743,7.81173,7.76401,7.71434,7.66278,7.60940,7.55429,7.49753,7.43921,7.37945,7.31834,7.25599,7.19253,7.12807,7.06273,6.99665,6.92995,6.86277,6.79523,6.72746,6.65961,6.59179,6.52415,6.45680,6.38987,6.32348,6.25776,6.19283,6.12878,6.06573,6.00379,5.94304,5.88360,5.82553,5.76894,5.71390,5.66048,5.60876,5.55880,5.51066,5.46440,5.42007,5.37771,5.33738,5.29912,5.26295,5.22892,5.19705,5.16737,5.13991,5.11468,5.09172,5.07103,5.05264,5.03655,5.02278,5.01134,5.00225,4.99551,4.99112,4.98910,4.98946,4.99220,4.99732,5.00484,5.01475,5.02706,5.04178,5.05891,5.07846,5.10043,5.12482,5.15163,5.18088,5.21256,5.24668,5.28324,5.32225,5.36371,5.40764,5.45414,5.50179,5.55213,5.60501,5.66036,5.71818,5.77860,5.84201,5.90973,5.98676,6.10006,6.56737,8.29759,6.60669,6.50355,6.53172,6.59201,6.66526,6.74550,6.83028,6.91839,7.00909,7.10188,7.19636,7.29218,7.38897,7.48637,7.58400,7.68143,7.77821,7.87383,7.96774,8.05935,8.14800,8.23302,8.31367,8.38921,8.45887,8.52185,8.57741,8.62479,8.66330,8.69234,8.71135,8.71992,8.71775,8.70468,8.68071,8.64597,8.60078,8.54556,8.48092,8.40755,8.32625,8.23792,8.14350,8.04395,7.94027,7.83343,7.72438,7.61402,7.50321,7.39273,7.28331,7.17559,7.07015,6.96748,6.86802,6.77214,6.68015,6.59231,6.50881,6.42982,6.35547,6.28584,6.22100,6.16099,6.10582,6.05551,6.01003,5.96938,5.93352,5.90244,5.87609,5.85444,5.83745,5.82510,5.81735,5.81416,5.81553,5.82141,5.83179,5.84666,5.86600,5.88980,5.91806,5.95078,5.98796,6.02959,6.07569,6.12625,6.18128,6.24078,6.30475,6.37318,6.44607,6.52339,6.60511,6.69120,6.78160,6.87623,6.97502,7.07784,7.18456,7.29501,7.40900,7.52627,7.64657,7.76956,7.89489,8.02214,8.15084,8.28046,8.41043,8.54011,8.66881,8.79577,8.92019,9.04123,9.15800,9.26958,9.37503,9.47339,9.56372,9.64510,9.71662,9.77746,9.82685,9.86409,9.88862,9.89995,9.89774,9.88178,9.85199,9.80843,9.75129,9.68089,9.59768,9.50219,9.39507,9.27701,9.14877,9.01117,8.86502,8.71114,8.55034,8.38340,8.21105,8.03399,7.85283,7.66813,7.48038,7.28998,7.09727,6.90251,6.70587,6.50747,6.30735,6.10549,5.90180,5.69616,5.48839,5.27828,5.06558,4.85004,4.63137,4.40929,4.18353,3.95384,3.71996,3.48171,3.23893,2.99151,2.73941,2.48264,2.22129,1.95553,1.68559,1.41178,1.13448,0.85413,0.57123,0.28633
7.67670,7.67698,7.67780,7.67918,7.68109,7.68356,7.68657,7.69011,7.69419,7.69881,7.70395,7.70961,7.71578,7.72246,7.72964,7.73731,7.74547,7.75409,7.76318,7.77272,7.78269,7.79309,7.80390,7.81510,7.82668,7.83862,7.85090,7.86351,7.87641,7.88960,7.90304,7.91671,7.93059,7.94464,7.95884,7.97317,7.98758,8.00204,8.01652,8.03098,8.04538,8.05969,8.07386,8.08784,8.10160,8.11508,8.12824,8.14103,8.15339,8.16526,8.17661,8.18736,8.19746,8.20685,8.21547,8.22325,8.23014,8.23607,8.24097,8.24477,8.24743,8.24886,8.24900,8.24778,8.24515,8.24104,8.23538,8.22812,8.21920,8.20856,8.19615,8.18191,8.16581,8.14779,8.12782,8.10587,8.08191,8.05591,8.02786,7.99774,7.96555,7.93129,7.89497,7.85661,7.81622,7.77384,7.72951,7.68326,7.63515,7.58524,7.53360,7.48030,7.42541,7.36903,7.31125,7.25216,7.19186,7.13046,7.06808,7.00483,6.94082,6.87618,6.81102,6.74548,6.67967,6.61371,6.54774,6.48188,6.41624,6.35095,6.28612,6.22187,6.15830,6.09554,6.03368,5.97282,5.91306,5.85450,5.79722,5.74130,5.68682,5.63387,5.58250,5.53280,5.48480,5.43859,5.39420,5.35169,5.31111,5.27249,5.23588,5.20131,5.16881,5.13842,5.11015,5.08404,5.06010,5.03836,5.01884,5.00154,4.98649,4.97370,4.96317,4.95493,4.94897,4.94532,4.94397,4.94494,4.94823,4.95385,4.96180,4.97210,4.98474,4.99973,5.01708,5.03680,5.05888,5.08334,5.11017,5.13939,5.17099,5.20497,5.24135,5.28013,5.32131,5.36489,5.41090,5.45943,5.50906,5.56134,5.61610,5.67328,5.73288,5.79502,5.86012,5.92958,6.00882,6.12825,6.68195,7.96253,6.60486,6.52367,6.55695,6.61948,6.69404,6.77513,6.86045,6.94881,7.03949,7.13199,7.22587,7.32076,7.41626,7.51199,7.60751,7.70237,7.79608,7.88808,7.97779,8.06459,8.14781,8.22674,8.30066,8.36881,8.43044,8.48481,8.53121,8.56897,8.59749,8.61627,8.62488,8.62304,8.61060,8.58756,8.55403,8.51032,8.45686,8.39419,8.32300,8.24406,8.15822,8.06640,7.96953,7.86856,7.76446,7.65812,7.55045,7.44226,7.33433,7.22736,7.12199,7.01879,6.91824,6.82078,6.72678,6.63654,6.55032,6.46832,6.39072,6.31764,6.24917,6.18538,6.12631,6.07198,6.02241,5.97759,5.93750,5.90212,5.87143,5.84540,5.82398,5.80715,5.79489,5.78714,5.78390,5.78512,5.79080,5.80090,5.81541,5.83433,5.85763,5.88531,5.91737,5.95380,5.99461,6.03979,6.08934,6.14326,6.20155,6.26420,6.33120,6.40253,6.47816,6.55807,6.64219,6.73048,6.82284,6.91918,7.01937,7.12328,7.23071,7.34146,7.45529,7.57191,7.69099,7.81216,7.93499,8.05903,8.18373,8.30853,8.43278,8.55581,8.67688,8.79520,8.90996,9.02030,9.12533,9.22416,9.31589,9.39964,9.47453,9.53976,9.59455,9.63823,9.67018,9.68991,9.69703,9.69128,9.67251,9.64071,9.59602,9.53866,9.46901,9.38752,9.29478,9.19141,9.07812,8.95567,8.82483,8.68639,8.54114,8.38984,8.23323,8.07199,7.90676,7.73811,7.56654,7.39250,7.21632,7.03831,6.85865,6.67748,6.49487,6.31079,6.12518,5.93791,5.74878,5.55755,5.36396,5.16769,4.96840,4.76574,4.55934,4.34884,4.13389,3.91417,3.68937,3.45925,3.22361,2.98231,2.73529,2.48258,2.22429,1.96061,1.69185,1.41839,1.14070,0.85937,0.57500,0.28830
7.70152,7.70177,7.70253,7.70380,7.70556,7.70783,7.71060,7.71386,7.71761,7.72185,7.72657,7.73176,7.73742,7.74353,7.75010,7.75711,7.76455,7.77241,7.78068,7.78935,7.79840,7.80781,7.81758,7.82768,7.83810,7.84882,7.85982,7.87108,7.88257,7.89428,7.90617,7.91822,7.93041,7.94270,7.95507,7.96747,7.97989,7.99228,8.00462,8.01685,8.02894,8.04085,8.05254,8.06396,8.07507,8.08582,8.09616,8.10603,8.11540,8.12421,8.13239,8.13990,8.14667,8.15266,8.15780,8.16202,8.16528,8.16751,8.16865,8.16863,8.16741,8.16490,8.16107,8.15584,8.14917,8.14098,8.13124,8.11988,8.10686,8.09213,8.07565,8.05738,8.03727,8.01531,7.99145,7.96568,7.93799,7.90835,7.87677,7.84324,7.80776,7.77037,7.73106,7.68986,7.64682,7.60197,7.55535,7.50702,7.45704,7.40547,7.35238,7.29786,7.24198,7.18484,7.12653,7.06715,7.00679,6.94557,6.88359,6.82097,6.75781,6.69424,6.63037,6.56631,6.50219,6.43811,6.37420,6.31056,6.24732,6.18457,6.12243,6.06100,6.00038,5.94068,5.88197,5.82437,5.76794,5.71278,5.65896,5.60656,5.55564,5.50628,5.45854,5.41247,5.36814,5.32558,5.28485,5.24599,5.20905,5.17405,5.14104,5.11004,5.08109,5.05420,5.02940,5.00673,4.98618,4.96779,4.95156,4.93752,4.92568,4.91605,4.90863,4.90345,4.90051,4.89981,4.90138,4.90521,4.91131,4.91970,4.93037,4.94333,4.95860,4.97616,4.99605,5.01824,5.04276,5.06961,5.09879,5.13031,5.16416,5.20037,5.23892,5.27982,5.32308,5.36870,5.41669,5.46716,5.51869,5.57281,5.62937,5.68828,5.74955,5.81332,5.88001,5.95111,6.03251,6.15859,6.82263,7.69300,6.60795,6.54534,6.58310,6.64757,6.72320,6.80490,6.89049,6.97883,7.06921,7.16109,7.25403,7.34762,7.44144,7.53506,7.62802,7.71983,7.80995,7.89781,7.98279,8.06425,8.14149,8.21382,8.28050,8.34081,8.39403,8.43948,8.47650,8.50453,8.52307,8.53172,8.53021,8.51839,8.49624,8.46389,8.42163,8.36985,8.30910,8.24003,8.16337,8.07996,7.99066,7.89640,7.79808,7.69663,7.59294,7.48787,7.38223,7.27678,7.17220,7.06912,6.96809,6.86960,6.77408,6.68190,6.59336,6.50872,6.42819,6.35193,6.28007,6.21272,6.14993,6.09177,6.03825,5.98939,5.94519,5.90563,5.87070,5.84037,5.81462,5.79340,5.77671,5.76449,5.75673,5.75339,5.75445,5.75988,5.76968,5.78381,5.80226,5.82503,5.85210,5.88347,5.91913,5.95908,6.00331,6.05182,6.10461,6.16166,6.22297,6.28851,6.35826,6.43220,6.51027,6.59242,6.67859,6.76868,6.86258,6.96016,7.06128,7.16573,7.27331,7.38376,7.49678,7.61205,7.72919,7.84776,7.96731,8.08730,8.20716,8.32627,8.44395,8.55948,8.67211,8.78104,8.88544,8.98447,9.07728,9.16303,9.24088,9.31003,9.36973,9.41929,9.45809,9.48561,9.50142,9.50521,9.49678,9.47605,9.44307,9.39802,9.34117,9.27293,9.19379,9.10431,9.00515,8.89701,8.78062,8.65673,8.52612,8.38953,8.24768,8.10129,7.95098,7.79736,7.64094,7.48220,7.32152,7.15921,6.99552,6.83062,6.66458,6.49743,6.32912,6.15954,5.98849,5.81574,5.64101,5.46395,5.28420,5.10133,4.91491,4.72450,4.52963,4.32986,4.12474,3.91387,3.69687,3.47343,3.24330,3.00629,2.76233,2.51144,2.25373,1.98946,1.71898,1.44278,1.16143,0.87566,0.58623,0.29404
7.71831,7.71854,7.71923,7.72037,7.72198,7.72403,7.72654,7.72950,7.73289,7.73672,7.74099,7.74568,7.75078,7.75629,7.76221,7.76851,7.77518,7.78223,7.78962,7.79736,7.80542,7.81379,7.82245,7.83138,7.84058,7.85000,7.85965,7.86948,7.87948,7.88963,7.89989,7.91025,7.92067,7.93112,7.94157,7.95198,7.96233,7.97258,7.98269,7.99262,8.00233,8.01178,8.02093,8.02973,8.03813,8.04610,8.05358,8.06052,8.06687,8.07258,8.07759,8.08185,8.08531,8.08792,8.08960,8.09032,8.09001,8.08861,8.08607,8.08233,8.07734,8.07104,8.06338,8.05431,8.04377,8.03172,8.01812,8.00290,7.98605,7.96751,7.94726,7.92527,7.90150,7.87594,7.84857,7.81938,7.78836,7.75551,7.72083,7.68434,7.64605,7.60598,7.56416,7.52063,7.47543,7.42860,7.38021,7.33029,7.27893,7.22620,7.17216,7.11690,7.06051,7.00307,6.94468,6.88544,6.82545,6.76480,6.70361,6.64198,6.58003,6.51785,6.45556,6.39327,6.33109,6.26913,6.20748,6.14627,6.08558,6.02553,5.96620,5.90769,5.85010,5.79351,5.73801,5.68367,5.63059,5.57882,5.52844,5.47952,5.43212,5.38629,5.34210,5.29960,5.25882,5.21983,5.18265,5.14734,5.11391,5.08242,5.05288,5.02532,4.99978,4.97627,4.95482,4.93544,4.91815,4.90297,4.88992,4.87900,4.87024,4.86363,4.85920,4.85696,4.85691,4.85906,4.86342,4.86999,4.87880,4.88984,4.90312,4.91864,4.93642,4.95647,4.97878,5.00336,5.03022,5.05937,5.09080,5.12453,5.16056,5.19889,5.23953,5.28247,5.32773,5.37530,5.42520,5.47753,5.53087,5.58675,5.64500,5.70555,5.76841,5.83370,5.90188,5.97452,6.05803,6.19140,6.99779,7.48435,6.61547,6.56867,6.61034,6.67643,6.75286,6.83492,6.92053,7.00857,7.09833,7.18926,7.28091,7.37281,7.46454,7.55562,7.64556,7.73383,7.81987,7.90307,7.98281,8.05841,8.12918,8.19444,8.25346,8.30557,8.35009,8.38640,8.41396,8.43227,8.44097,8.43977,8.42854,8.40727,8.37607,8.33520,8.28507,8.22618,8.15915,8.08471,8.00365,7.91680,7.82506,7.72930,7.63043,7.52930,7.42677,7.32360,7.22055,7.11828,7.01742,6.91850,6.82201,6.72838,6.63796,6.55107,6.46795,6.38882,6.31386,6.24318,6.17690,6.11508,6.05779,6.00504,5.95685,5.91323,5.87417,5.83965,5.80965,5.78414,5.76310,5.74650,5.73431,5.72649,5.72303,5.72390,5.72906,5.73852,5.75224,5.77021,5.79242,5.81885,5.84950,5.88437,5.92343,5.96669,6.01415,6.06578,6.12157,6.18152,6.24559,6.31376,6.38599,6.46223,6.54241,6.62646,6.71429,6.80578,6.90079,6.99915,7.10068,7.20515,7.31230,7.42183,7.53341,7.64665,7.76113,7.87637,7.99187,8.10704,8.22129,8.33394,8.44429,8.55162,8.65515,8.75410,8.84765,8.93501,9.01537,9.08796,9.15204,9.20693,9.25198,9.28667,9.31052,9.32318,9.32439,9.31403,9.29206,9.25859,9.21383,9.15810,9.09181,9.01548,8.92969,8.83507,8.73233,8.62218,8.50537,8.38261,8.25465,8.12217,7.98584,7.84627,7.70400,7.55955,7.41332,7.26569,7.11693,6.96726,6.81681,6.66563,6.51373,6.36100,6.20732,6.05244,5.89611,5.73798,5.57767,5.41473,5.24869,5.07904,4.90524,4.72672,4.54294,4.35332,4.15733,3.95445,3.74422,3.52622,3.30014,3.06574,2.82289,2.57159,2.31198,2.04434,1.76909,1.48681,1.19824,0.90423,0.60578,0.30398
7.72641,7.72661,7.72722,7.72825,7.72967,7.73151,7.73374,7.73636,7.73938,7.74279,7.74657,7.75072,7.75524,7.76011,7.76532,7.77087,7.77674,7.78292,7.78939,7.79614,7.80316,7.81043,7.81793,7.82564,7.83354,7.84162,7.84984,7.85819,7.86664,7.87516,7.88374,7.89233,7.90092,7.90946,7.91793,7.92630,7.93452,7.94257,7.95040,7.95798,7.96527,7.97222,7.97879,7.98494,7.99062,7.99579,8.00040,8.00439,8.00773,8.01036,8.01223,8.01329,8.01348,8.01275,8.01106,8.00835,8.00456,7.99965,7.99356,7.98624,7.97765,7.96772,7.95643,7.94372,7.92955,7.91387,7.89666,7.87787,7.85748,7.83545,7.81176,7.78639,7.75932,7.73055,7.70006,7.66785,7.63392,7.59829,7.56097,7.52197,7.48132,7.43905,7.39520,7.34982,7.30294,7.25462,7.20492,7.15390,7.10164,7.04820,6.99366,6.93812,6.88164,6.82433,6.76627,6.70756,6.64830,6.58859,6.52852,6.46821,6.40775,6.34724,6.28680,6.22651,6.16648,6.10682,6.04762,5.98897,5.93097,5.87371,5.81728,5.76177,5.70725,5.65381,5.60153,5.55047,5.50071,5.45231,5.40533,5.35984,5.31589,5.27353,5.23281,5.19377,5.15647,5.12093,5.08720,5.05531,5.02530,4.99718,4.97099,4.94676,4.92450,4.90424,4.88599,4.86979,4.85563,4.84354,4.83353,4.82561,4.81980,4.81611,4.81454,4.81511,4.81783,4.82271,4.82975,4.83897,4.85037,4.86396,4.87974,4.89773,4.91793,4.94035,4.96500,4.99187,5.02099,5.05235,5.08595,5.12181,5.15992,5.20030,5.24294,5.28784,5.33501,5.38445,5.43617,5.49027,5.54533,5.60287,5.66273,5.72483,5.78917,5.85588,5.92544,5.99951,6.08508,6.22649,7.21786,7.32577,6.62650,6.59320,6.63824,6.70564,6.78262,6.86476,6.95009,7.03752,7.12634,7.21597,7.30594,7.39577,7.48497,7.57306,7.65950,7.74374,7.82520,7.90325,7.97724,8.04650,8.11036,8.16814,8.21916,8.26278,8.29840,8.32549,8.34359,8.35232,8.35143,8.34078,8.32035,8.29026,8.25076,8.20221,8.14512,8.08009,8.00780,7.92901,7.84454,7.75524,7.66197,7.56560,7.46696,7.36688,7.26612,7.16540,7.06539,6.96667,6.86981,6.77526,6.68345,6.59475,6.50945,6.42781,6.35004,6.27633,6.20679,6.14154,6.08066,6.02419,5.97218,5.92463,5.88156,5.84296,5.80882,5.77912,5.75383,5.73294,5.71641,5.70421,5.69632,5.69271,5.69335,5.69823,5.70732,5.72060,5.73806,5.75969,5.78546,5.81538,5.84942,5.88759,5.92986,5.97624,6.02669,6.08122,6.13979,6.20239,6.26897,6.33949,6.41389,6.49211,6.57407,6.65966,6.74876,6.84123,6.93689,7.03556,7.13699,7.24092,7.34706,7.45506,7.56455,7.67510,7.78623,7.89745,8.00818,8.11783,8.22575,8.33127,8.43367,8.53222,8.62615,8.71471,8.79713,8.87266,8.94058,9.00020,9.05090,9.09211,9.12333,9.14418,9.15435,9.15365,9.14199,9.11940,9.08601,9.04208,8.98794,8.92404,8.85089,8.76908,8.67926,8.58209,8.47830,8.36860,8.25369,8.13429,8.01105,7.88461,7.75556,7.62441,7.49165,7.35767,7.22280,7.08732,6.95140,6.81516,6.67865,6.54183,6.40460,6.26679,6.12816,5.98840,5.84713,5.70393,5.55832,5.40974,5.25763,5.10135,4.94024,4.77364,4.60085,4.42118,4.23396,4.03854,3.83433,3.62081,3.39755,3.16421,2.92061,2.66670,2.40261,2.12865,1.84531,1.55330,1.25349,0.94696,0.63493,0.31879
7.72519,7.72537,7.72590,7.72679,7.72804,7.72963,7.73157,7.73385,7.73647,7.73942,7.74270,7.74629,7.75019,7.75438,7.75887,7.76363,7.76865,7.77392,7.77943,7.78516,7.79109,7.79721,7.80350,7.80994,7.81650,7.82317,7.82993,7.83674,7.84359,7.85045,7.85728,7.86407,7.87078,7.87737,7.88383,7.89010,7.89617,7.90199,7.90752,7.91272,7.91756,7.92200,7.92599,7.92949,7.93245,7.93483,7.93659,7.93768,7.93804,7.93764,7.93642,7.93434,7.93135,7.92740,7.92244,7.91641,7.90929,7.90101,7.89153,7.88081,7.86881,7.85547,7.84077,7.82466,7.80712,7.78809,7.76757,7.74551,7.72190,7.69672,7.66994,7.64157,7.61158,7.57999,7.54678,7.51197,7.47557,7.43760,7.39807,7.35701,7.31446,7.27046,7.22503,7.17825,7.13015,7.08079,7.03024,6.97857,6.92584,6.87213,6.81751,6.76208,6.70592,6.64911,6.59175,6.53392,6.47572,6.41725,6.35861,6.29988,6.24116,6.18256,6.12417,6.06607,6.00838,5.95117,5.89453,5.83856,5.78335,5.72896,5.67549,5.62301,5.57160,5.52132,5.47225,5.42445,5.37798,5.33291,5.28928,5.24716,5.20658,5.16760,5.13027,5.09461,5.06067,5.02849,4.99809,4.96952,4.94279,4.91793,4.89498,4.87394,4.85484,4.83771,4.82255,4.80939,4.79824,4.78911,4.78202,4.77699,4.77401,4.77311,4.77429,4.77757,4.78296,4.79045,4.80007,4.81182,4.82571,4.84175,4.85994,4.88030,4.90282,4.92753,4.95442,4.98350,5.01478,5.04826,5.08395,5.12185,5.16197,5.20430,5.24886,5.29563,5.34463,5.39585,5.44931,5.50509,5.56178,5.62089,5.68226,5.74581,5.81152,5.87954,5.95035,6.02574,6.11333,6.26370,7.49570,7.20641,6.64022,6.61844,6.66635,6.73475,6.81197,6.89390,6.97865,7.06515,7.15267,7.24064,7.32853,7.41585,7.50209,7.58672,7.66919,7.74892,7.82531,7.89772,7.96550,8.02800,8.08455,8.13450,8.17724,8.21219,8.23883,8.25671,8.26548,8.26489,8.25479,8.23518,8.20616,8.16797,8.12097,8.06563,8.00252,7.93231,7.85573,7.77357,7.68664,7.59579,7.50185,7.40564,7.30794,7.20952,7.11107,7.01325,6.91663,6.82176,6.72910,6.63907,6.55203,6.46828,6.38808,6.31164,6.23914,6.17071,6.10646,6.04647,5.99080,5.93949,5.89255,5.85000,5.81184,5.77806,5.74863,5.72354,5.70276,5.68628,5.67405,5.66606,5.66228,5.66268,5.66724,5.67595,5.68878,5.70571,5.72673,5.75183,5.78098,5.81419,5.85144,5.89271,5.93799,5.98727,6.04052,6.09771,6.15882,6.22381,6.29262,6.36520,6.44147,6.52135,6.60472,6.69147,6.78144,6.87445,6.97031,7.06877,7.16958,7.27244,7.37699,7.48286,7.58963,7.69684,7.80398,7.91050,8.01582,8.11931,8.22031,8.31813,8.41208,8.50141,8.58542,8.66337,8.73457,8.79835,8.85406,8.90113,8.93906,8.96742,8.98584,8.99410,8.99204,8.97962,8.95692,8.92409,8.88142,8.82927,8.76809,8.69841,8.62081,8.53594,8.44447,8.34709,8.24449,8.13738,8.02642,7.91228,7.79554,7.67679,7.55653,7.43520,7.31319,7.19083,7.06837,6.94597,6.82375,6.70175,6.57993,6.45816,6.33628,6.21403,6.09109,5.96705,5.84148,5.71383,5.58353,5.44993,5.31233,5.16998,5.02210,4.86786,4.70642,4.53693,4.35856,4.17048,3.97195,3.76226,3.54084,3.30721,3.06109,2.80234,2.53106,2.24757,1.95243,1.64648,1.33077,1.00665,0.67563,0.33946
7.71500,7.71515,7.71560,7.71635,7.71741,7.71875,7.72039,7.72231,7.72452,7.72700,7.72975,7.73276,7.73601,7.73951,7.74323,7.74718,7.75132,7.75566,7.76017,7.76484,7.76966,7.77460,7.77964,7.78477,7.78996,7.79520,7.80045,7.80570,7.81091,7.81607,7.82113,7.82609,7.83089,7.83552,7.83994,7.84411,7.84800,7.85158,7.85481,7.85764,7.86005,7.86199,7.86342,7.86429,7.86457,7.86422,7.86318,7.86142,7.85888,7.85554,7.85133,7.84622,7.84016,7.83310,7.82501,7.81584,7.80554,7.79408,7.78141,7.76750,7.75231,7.73581,7.71795,7.69872,7.67808,7.65601,7.63248,7.60748,7.58100,7.55301,7.52352,7.49252,7.46000,7.42599,7.39047,7.35348,7.31502,7.27513,7.23383,7.19115,7.14713,7.10182,7.05526,7.00751,6.95861,6.90864,6.85766,6.80573,6.75293,6.69933,6.64501,6.59006,6.53455,6.47857,6.42221,6.36556,6.30871,6.25174,6.19475,6.13783,6.08107,6.02456,5.96838,5.91263,5.85738,5.80274,5.74876,5.69555,5.64317,5.59170,5.54121,5.49178,5.44346,5.39633,5.35045,5.30586,5.26264,5.22083,5.18049,5.14165,5.10437,5.06868,5.03463,5.00225,4.97157,4.94263,4.91546,4.89008,4.86652,4.84480,4.82495,4.80699,4.79093,4.77680,4.76461,4.75438,4.74611,4.73983,4.73555,4.73328,4.73303,4.73481,4.73863,4.74451,4.75245,4.76246,4.77456,4.78874,4.80503,4.82342,4.84393,4.86656,4.89133,4.91823,4.94728,4.97848,5.01184,5.04737,5.08506,5.12493,5.16697,5.21119,5.25758,5.30615,5.35690,5.40982,5.46493,5.52231,5.58054,5.64113,5.70392,5.76880,5.83578,5.90499,5.97695,6.05355,6.14310,6.30354,7.84552,7.11777,6.65657,6.64465,6.69495,6.76402,6.84120,6.92262,7.00647,7.09170,7.17757,7.26349,7.34890,7.43329,7.51612,7.59684,7.67488,7.74964,7.82051,7.88684,7.94801,8.00336,8.05228,8.09417,8.12846,8.15466,8.17233,8.18113,8.18083,8.17127,8.15245,8.12447,8.08755,8.04204,7.98838,7.92714,7.85895,7.78451,7.70458,7.61995,7.53144,7.43985,7.34599,7.25061,7.15445,7.05820,6.96249,6.86791,6.77497,6.68415,6.59584,6.51041,6.42816,6.34934,6.27418,6.20285,6.13548,6.07219,6.01306,5.95815,5.90751,5.86115,5.81909,5.78134,5.74788,5.71870,5.69377,5.67309,5.65662,5.64434,5.63623,5.63225,5.63239,5.63662,5.64492,5.65728,5.67366,5.69406,5.71847,5.74685,5.77921,5.81553,5.85579,5.89997,5.94806,6.00002,6.05584,6.11547,6.17887,6.24599,6.31676,6.39110,6.46893,6.55013,6.63456,6.72208,6.81250,6.90563,7.00122,7.09900,7.19868,7.29991,7.40232,7.50549,7.60896,7.71223,7.81478,7.91603,8.01537,8.11216,8.20575,8.29546,8.38060,8.46047,8.53441,8.60174,8.66185,8.71415,8.75812,8.79329,8.81928,8.83580,8.84265,8.83971,8.82700,8.80461,8.77273,8.73168,8.68182,8.62362,8.55762,8.48440,8.40459,8.31885,8.22787,8.13233,8.03291,7.93026,7.82502,7.71778,7.60909,7.49945,7.38928,7.27898,7.16886,7.05916,6.95006,6.84168,6.73404,6.62712,6.52081,6.41493,6.30923,6.20339,6.09701,5.98962,5.88068,5.76957,5.65560,5.53802,5.41599,5.28864,5.15502,5.01413,4.86496,4.70644,4.53754,4.35720,4.16445,3.95836,3.73812,3.50309,3.25276,2.98690,2.70550,2.40887,2.09764,1.77275,1.43551,1.08755,0.73081,0.36750
7.69503,7.69515,7.69552,7.69613,7.69698,7.69807,7.69940,7.70095,7.70273,7.70473,7.70693,7.70934,7.71194,7.71472,7.71766,7.72077,7.72402,7.72740,7.73089,7.73448,7.73815,7.74189,7.74566,7.74946,7.75326,7.75704,7.76077,7.76443,7.76800,7.77144,7.77473,7.77784,7.78074,7.78340,7.78578,7.78786,7.78959,7.79095,7.79190,7.79239,7.79240,7.79188,7.79080,7.78911,7.78677,7.78375,7.78000,7.77548,7.77016,7.76398,7.75691,7.74890,7.73992,7.72993,7.71888,7.70674,7.69348,7.67904,7.66342,7.64656,7.62843,7.60902,7.58830,7.56623,7.54281,7.51800,7.49181,7.46421,7.43521,7.40478,7.37295,7.33970,7.30505,7.26901,7.23159,7.19282,7.15273,7.11133,7.06868,7.02479,6.97973,6.93352,6.88624,6.83792,6.78864,6.73844,6.68740,6.63559,6.58308,6.52995,6.47626,6.42210,6.36755,6.31270,6.25762,6.20240,6.14713,6.09189,6.03676,5.98184,5.92720,5.87292,5.81909,5.76580,5.71311,5.66110,5.60986,5.55945,5.50994,5.46141,5.41391,5.36752,5.32228,5.27827,5.23553,5.19412,5.15408,5.11547,5.07833,5.04270,5.00862,4.97613,4.94527,4.91606,4.88854,4.86273,4.83867,4.81637,4.79587,4.77718,4.76032,4.74532,4.73218,4.72094,4.71160,4.70417,4.69868,4.69514,4.69355,4.69393,4.69629,4.70065,4.70701,4.71539,4.72578,4.73822,4.75269,4.76922,4.78781,4.80846,4.83120,4.85602,4.88294,4.91196,4.94309,4.97633,5.01169,5.04918,5.08880,5.13055,5.17443,5.22045,5.26860,5.31888,5.37130,5.42583,5.48250,5.54139,5.60106,5.66303,5.72712,5.79324,5.86137,5.93166,6.00463,6.08230,6.17377,6.34563,8.27481,7.05229,6.67455,6.67104,6.72325,6.79266,6.86948,6.95007,7.03268,7.11628,7.20012,7.28358,7.36610,7.44712,7.52610,7.60246,7.67561,7.74495,7.80986,7.86972,7.92390,7.97181,8.01285,8.04650,8.07226,8.08973,8.09856,8.09852,8.08948,8.07142,8.04444,8.00876,7.96469,7.91267,7.85323,7.78699,7.71463,7.63686,7.55447,7.46823,7.37893,7.28734,7.19421,7.10026,7.00615,6.91251,6.81990,6.72885,6.63980,6.55317,6.46931,6.38852,6.31105,6.23713,6.16693,6.10059,6.03823,5.97993,5.92576,5.87575,5.82995,5.78836,5.75099,5.71783,5.68887,5.66410,5.64349,5.62702,5.61467,5.60641,5.60222,5.60208,5.60596,5.61384,5.62570,5.64153,5.66129,5.68499,5.71260,5.74410,5.77948,5.81871,5.86179,5.90868,5.95937,6.01380,6.07196,6.13378,6.19922,6.26819,6.34063,6.41643,6.49548,6.57765,6.66277,6.75066,6.84113,6.93392,7.02877,7.12538,7.22342,7.32250,7.42222,7.52213,7.62174,7.72054,7.81796,7.91341,8.00629,8.09596,8.18176,8.26306,8.33918,8.40949,8.47338,8.53026,8.57959,8.62089,8.65375,8.67784,8.69289,8.69875,8.69535,8.68272,8.66100,8.63040,8.59124,8.54391,8.48890,8.42672,8.35797,8.28327,8.20328,8.11866,8.03009,7.93823,7.84373,7.74721,7.64924,7.55037,7.45109,7.35183,7.25297,7.15483,7.05766,6.96165,6.86692,6.77352,6.68144,6.59058,6.50080,6.41185,6.32344,6.23517,6.14659,6.05715,5.96623,5.87312,5.77704,5.67710,5.57234,5.46171,5.34410,5.21830,5.08307,4.93709,4.77905,4.60760,4.42146,4.21937,4.00023,3.76306,3.50711,3.23189,2.93725,2.62341,2.29101,1.94115,1.57539,1.19575,0.80471,0.40508
7.66532,7.66542,7.66570,7.66616,7.66681,7.66765,7.66865,7.66983,7.67118,7.67268,7.67433,7.67613,7.67806,7.68010,7.68226,7.68452,7.68686,7.68927,7.69173,7.69423,7.69675,7.69927,7.70177,7.70423,7.70663,7.70895,7.71116,7.71324,7.71515,7.71689,7.71841,7.71969,7.72070,7.72141,7.72178,7.72179,7.72141,7.72058,7.71930,7.71750,7.71517,7.71227,7.70875,7.70458,7.69972,7.69414,7.68779,7.68064,7.67265,7.66379,7.65401,7.64327,7.63155,7.61881,7.60501,7.59011,7.57410,7.55694,7.53860,7.51905,7.49827,7.47624,7.45294,7.42835,7.40246,7.37526,7.34674,7.31689,7.28572,7.25323,7.21942,7.18431,7.14791,7.11023,7.07131,7.03116,6.98982,6.94733,6.90371,6.85901,6.81329,6.76658,6.71895,6.67044,6.62113,6.57106,6.52032,6.46896,6.41706,6.36469,6.31192,6.25884,6.20552,6.15204,6.09847,6.04490,5.99141,5.93808,5.88498,5.83219,5.77980,5.72788,5.67650,5.62574,5.57567,5.52637,5.47789,5.43031,5.38369,5.33809,5.29357,5.25019,5.20800,5.16706,5.12741,5.08910,5.05219,5.01670,4.98268,4.95017,4.91920,4.88981,4.86203,4.83589,4.81142,4.78863,4.76757,4.74825,4.73068,4.71491,4.70093,4.68877,4.67845,4.66998,4.66337,4.65865,4.65582,4.65490,4.65591,4.65884,4.66372,4.67055,4.67935,4.69012,4.70288,4.71764,4.73440,4.75318,4.77399,4.79682,4.82170,4.84863,4.87762,4.90867,4.94180,4.97700,5.01428,5.05366,5.09512,5.13867,5.18432,5.23206,5.28189,5.33381,5.38780,5.44386,5.50200,5.56230,5.62332,5.68656,5.75185,5.81909,5.88825,5.95947,6.03332,6.11193,6.20527,6.39021,8.77092,7.00464,6.69380,6.69742,6.75109,6.82050,6.89662,6.97604,7.05706,7.13866,7.22008,7.30068,7.37988,7.45711,7.53180,7.60335,7.67119,7.73470,7.79327,7.84630,7.89321,7.93344,7.96645,7.99178,8.00904,8.01789,8.01811,8.00957,7.99224,7.96623,7.93173,7.88905,7.83862,7.78093,7.71658,7.64622,7.57056,7.49034,7.40630,7.31922,7.22985,7.13891,7.04709,6.95506,6.86343,6.77275,6.68352,6.59621,6.51121,6.42887,6.34949,6.27334,6.20062,6.13152,6.06618,6.00472,5.94722,5.89375,5.84436,5.79909,5.75794,5.72093,5.68805,5.65929,5.63464,5.61409,5.59760,5.58516,5.57674,5.57233,5.57189,5.57540,5.58285,5.59421,5.60946,5.62858,5.65156,5.67837,5.70901,5.74344,5.78166,5.82363,5.86933,5.91873,5.97179,6.02848,6.08874,6.15251,6.21971,6.29027,6.36408,6.44102,6.52096,6.60374,6.68917,6.77704,6.86712,6.95914,7.05280,7.14776,7.24366,7.34009,7.43662,7.53276,7.62801,7.72183,7.81365,7.90289,7.98893,8.07115,8.14893,8.22165,8.28871,8.34952,8.40356,8.45032,8.48936,8.52031,8.54287,8.55684,8.56207,8.55856,8.54634,8.52558,8.49651,8.45947,8.41487,8.36317,8.30492,8.24069,8.17111,8.09683,8.01850,7.93678,7.85234,7.76580,7.67778,7.58885,7.49954,7.41036,7.32173,7.23403,7.14761,7.06272,6.97957,6.89831,6.81900,6.74168,6.66627,6.59265,6.52064,6.44995,6.38023,6.31106,6.24193,6.17222,6.10125,6.02821,5.95221,5.87225,5.78722,5.69589,5.59694,5.48893,5.37031,5.23949,5.09476,4.93442,4.75673,4.56002,4.34269,4.10333,3.84076,3.55410,3.24290,2.90719,2.54756,2.16520,1.76199,1.34044,0.90372,0.45552
7.62622,7.62628,7.62648,7.62680,7.62725,7.62781,7.62850,7.62930,7.63021,7.63121,7.63231,7.63349,7.63474,7.63606,7.63743,7.63883,7.64026,7.64170,7.64313,7.64454,7.64590,7.64721,7.64844,7.64957,7.65058,7.65145,7.65215,7.65266,7.65296,7.65301,7.65279,7.65227,7.65143,7.65023,7.64864,7.64664,7.64419,7.64125,7.63780,7.63380,7.62922,7.62402,7.61817,7.61163,7.60437,7.59636,7.58755,7.57791,7.56742,7.55603,7.54372,7.53045,7.51619,7.50090,7.48457,7.46716,7.44865,7.42901,7.40822,7.38626,7.36311,7.33876,7.31319,7.28639,7.25837,7.22910,7.19859,7.16685,7.13387,7.09967,7.06426,7.02765,6.98987,6.95094,6.91088,6.86973,6.82752,6.78429,6.74009,6.69494,6.64892,6.60206,6.55442,6.50606,6.45704,6.40742,6.35727,6.30665,6.25564,6.20431,6.15272,6.10095,6.04907,5.99716,5.94530,5.89355,5.84200,5.79071,5.73977,5.68924,5.63920,5.58971,5.54085,5.49268,5.44527,5.39868,5.35299,5.30823,5.26449,5.22180,5.18023,5.13982,5.10063,5.06270,5.02608,4.99081,4.95693,4.92448,4.89350,4.86401,4.83606,4.80967,4.78487,4.76169,4.74015,4.72029,4.70211,4.68565,4.67092,4.65794,4.64673,4.63731,4.62969,4.62388,4.61991,4.61778,4.61752,4.61912,4.62261,4.62800,4.63529,4.64450,4.65565,4.66873,4.68377,4.70076,4.71973,4.74067,4.76361,4.78855,4.81549,4.84445,4.87543,4.90844,4.94348,4.98057,5.01970,5.06089,5.10412,5.14941,5.19674,5.24613,5.29755,5.35101,5.40650,5.46401,5.52353,5.58514,5.64740,5.71182,5.77820,5.84643,5.91649,5.98852,6.06309,6.14250,6.23767,6.43775,9.27690,6.97092,6.71414,6.72378,6.77846,6.84751,6.92261,7.00051,7.07958,7.15880,7.23741,7.31474,7.39021,7.46323,7.53320,7.59955,7.66167,7.71898,7.77089,7.81682,7.85624,7.88863,7.91354,7.93058,7.93945,7.93991,7.93185,7.91523,7.89015,7.85679,7.81546,7.76656,7.71056,7.64804,7.57962,7.50600,7.42787,7.34597,7.26104,7.17381,7.08499,6.99525,6.90525,6.81556,6.72674,6.63929,6.55366,6.47024,6.38938,6.31138,6.23649,6.16494,6.09690,6.03252,5.97192,5.91519,5.86240,5.81360,5.76883,5.72810,5.69142,5.65880,5.63022,5.60568,5.58516,5.56864,5.55609,5.54750,5.54284,5.54209,5.54522,5.55222,5.56306,5.57773,5.59620,5.61845,5.64447,5.67424,5.70772,5.74491,5.78578,5.83029,5.87842,5.93012,5.98535,6.04406,6.10619,6.17165,6.24036,6.31222,6.38710,6.46487,6.54536,6.62839,6.71376,6.80121,6.89050,6.98131,7.07333,7.16619,7.25949,7.35280,7.44566,7.53757,7.62802,7.71646,7.80231,7.88500,7.96393,8.03851,8.10815,8.17229,8.23038,8.28193,8.32647,8.36360,8.39299,8.41438,8.42759,8.43253,8.42918,8.41764,8.39808,8.37076,8.33601,8.29426,8.24597,8.19170,8.13201,8.06752,7.99888,7.92672,7.85172,7.77451,7.69573,7.61598,7.53583,7.45582,7.37645,7.29815,7.22134,7.14635,7.07347,7.00294,6.93493,6.86955,6.80686,6.74685,6.68944,6.63448,6.58177,6.53100,6.48180,6.43371,6.38619,6.33857,6.29012,6.23994,6.18705,6.13032,6.06848,6.00012,5.92367,5.83743,5.73951,5.62791,5.50049,5.35501,5.18918,5.00068,4.78726,4.54682,4.27750,3.97779,3.64671,3.28386,2.88962,2.46523,2.01285,1.53564,1.03768,0.52392
7.57733,7.57737,7.57747,7.57765,7.57789,7.57820,7.57856,7.57898,7.57945,7.57996,7.58051,7.58108,7.58166,7.58225,7.58282,7.58338,7.58391,7.58438,7.58479,7.58512,7.58535,7.58547,7.58544,7.58527,7.58491,7.58436,7.58358,7.58256,7.58126,7.57967,7.57776,7.57550,7.57286,7.56981,7.56634,7.56239,7.55795,7.55299,7.54747,7.54137,7.53464,7.52727,7.51921,7.51044,7.50092,7.49062,7.47951,7.46756,7.45475,7.44103,7.42638,7.41078,7.39420,7.37661,7.35798,7.33830,7.31755,7.29570,7.27274,7.24866,7.22344,7.19708,7.16956,7.14088,7.11104,7.08004,7.04789,7.01459,6.98016,6.94460,6.90795,6.87020,6.83140,6.79157,6.75074,6.70894,6.66621,6.62260,6.57814,6.53289,6.48689,6.44020,6.39287,6.34496,6.29653,6.24764,6.19835,6.14874,6.09886,6.04878,5.99859,5.94833,5.89809,5.84793,5.79793,5.74815,5.69866,5.64954,5.60085,5.55266,5.50504,5.45804,5.41174,5.36620,5.32147,5.27762,5.23469,5.19276,5.15186,5.11206,5.07339,5.03591,4.99966,4.96468,4.93101,4.89870,4.86778,4.83828,4.81024,4.78368,4.75865,4.73516,4.71324,4.69292,4.67422,4.65716,4.64177,4.62806,4.61606,4.60577,4.59723,4.59043,4.58541,4.58217,4.58073,4.58110,4.58329,4.58732,4.59321,4.60095,4.61057,4.62207,4.63547,4.65077,4.66799,4.68714,4.70823,4.73126,4.75625,4.78321,4.81213,4.84304,4.87594,4.91083,4.94772,4.98662,5.02752,5.07044,5.11537,5.16230,5.21125,5.26219,5.31513,5.37006,5.42695,5.48580,5.54661,5.60943,5.67283,5.73830,5.80564,5.87474,5.94556,6.01824,6.09339,6.17344,6.27040,6.48813,9.67839,6.94751,6.73475,6.74937,6.80461,6.87294,6.94666,7.02269,7.09943,7.17589,7.25128,7.32494,7.39626,7.46465,7.52951,7.59026,7.64632,7.69711,7.74208,7.78069,7.81247,7.83696,7.85379,7.86266,7.86335,7.85574,7.83980,7.81561,7.78336,7.74333,7.69590,7.64154,7.58079,7.51426,7.44260,7.36650,7.28668,7.20384,7.11870,7.03194,6.94423,6.85618,6.76839,6.68139,6.59568,6.51168,6.42980,6.35038,6.27372,6.20007,6.12965,6.06264,5.99920,5.93944,5.88345,5.83132,5.78308,5.73879,5.69846,5.66210,5.62971,5.60130,5.57685,5.55635,5.53978,5.52711,5.51833,5.51341,5.51234,5.51508,5.52163,5.53195,5.54602,5.56383,5.58535,5.61057,5.63946,5.67200,5.70817,5.74793,5.79126,5.83812,5.88847,5.94226,5.99944,6.05994,6.12369,6.19058,6.26052,6.33338,6.40903,6.48730,6.56800,6.65093,6.73585,6.82249,6.91057,6.99976,7.08971,7.18002,7.27028,7.36003,7.44880,7.53609,7.62135,7.70406,7.78365,7.85956,7.93121,7.99807,8.05959,8.11527,8.16463,8.20727,8.24281,8.27094,8.29146,8.30419,8.30909,8.30616,8.29552,8.27735,8.25192,8.21960,8.18079,8.13597,8.08569,8.03052,7.97107,7.90797,7.84187,7.77342,7.70326,7.63202,7.56029,7.48866,7.41767,7.34782,7.27956,7.21333,7.14948,7.08833,7.03015,6.97516,6.92351,6.87531,6.83060,6.78937,6.75155,6.71699,6.68548,6.65672,6.63034,6.60587,6.58276,6.56033,6.53777,6.51417,6.48844,6.45935,6.42548,6.38522,6.33675,6.27804,6.20683,6.12064,6.01675,5.89226,5.74410,5.56909,5.36399,5.12568,4.85123,4.53809,4.18429,3.78865,3.35099,2.87236,2.35517,1.80330,1.22214,0.61841
7.51917,7.51918,7.51920,7.51923,7.51927,7.51932,7.51937,7.51942,7.51946,7.51948,7.51948,7.51944,7.51937,7.51924,7.51904,7.51877,7.51840,7.51794,7.51735,7.51662,7.51574,7.51469,7.51345,7.51200,7.51031,7.50838,7.50617,7.50366,7.50084,7.49766,7.49412,7.49018,7.48582,7.48102,7.47573,7.46994,7.46362,7.45673,7.44926,7.44117,7.43243,7.42302,7.41289,7.40204,7.39042,7.37801,7.36478,7.35071,7.33577,7.31993,7.30316,7.28546,7.26679,7.24713,7.22646,7.20478,7.18205,7.15827,7.13343,7.10752,7.08053,7.05246,7.02330,6.99305,6.96173,6.92933,6.89586,6.86135,6.82579,6.78922,6.75165,6.71311,6.67363,6.63323,6.59195,6.54983,6.50691,6.46323,6.41884,6.37378,6.32810,6.28186,6.23512,6.18792,6.14033,6.09241,6.04422,5.99583,5.94729,5.89867,5.85004,5.80147,5.75301,5.70474,5.65672,5.60902,5.56170,5.51482,5.46846,5.42267,5.37750,5.33304,5.28932,5.24641,5.20436,5.16322,5.12306,5.08391,5.04582,5.00885,4.97304,4.93842,4.90504,4.87294,4.84215,4.81272,4.78466,4.75803,4.73284,4.70912,4.68690,4.66621,4.64707,4.62951,4.61354,4.59919,4.58648,4.57542,4.56604,4.55835,4.55236,4.54810,4.54557,4.54480,4.54579,4.54856,4.55312,4.55949,4.56767,4.57768,4.58954,4.60324,4.61881,4.63625,4.65558,4.67680,4.69993,4.72497,4.75194,4.78084,4.81167,4.84446,4.87920,4.91590,4.95457,4.99520,5.03780,5.08238,5.12892,5.17743,5.22791,5.28033,5.33470,5.39100,5.44921,5.50931,5.57130,5.63524,5.69966,5.76606,5.83424,5.90406,5.97550,6.04868,6.12423,6.20476,6.30348,6.54203,9.84790,6.93214,6.75544,6.77413,6.82949,6.89674,6.96872,7.04250,7.11655,7.18985,7.26163,7.33122,7.39800,7.46138,7.52076,7.57558,7.62526,7.66928,7.70710,7.73826,7.76233,7.77895,7.78781,7.78872,7.78153,7.76624,7.74292,7.71173,7.67295,7.62695,7.57417,7.51513,7.45043,7.38068,7.30655,7.22874,7.14793,7.06481,6.98005,6.89430,6.80817,6.72222,6.63699,6.55295,6.47055,6.39017,6.31215,6.23678,6.16433,6.09501,6.02901,5.96647,5.90752,5.85226,5.80075,5.75306,5.70922,5.66926,5.63320,5.60104,5.57278,5.54840,5.52790,5.51126,5.49846,5.48948,5.48430,5.48289,5.48524,5.49131,5.50110,5.51458,5.53172,5.55252,5.57693,5.60495,5.63654,5.67168,5.71035,5.75250,5.79811,5.84712,5.89950,5.95517,6.01407,6.07612,6.14124,6.20930,6.28019,6.35377,6.42987,6.50831,6.58888,6.67135,6.75545,6.84091,6.92739,7.01456,7.10202,7.18938,7.27620,7.36201,7.44633,7.52864,7.60843,7.68516,7.75829,7.82729,7.89162,7.95080,8.00434,8.05181,8.09282,8.12704,8.15419,8.17408,8.18659,8.19167,8.18936,8.17980,8.16317,8.13977,8.10996,8.07415,8.03283,7.98653,7.93583,7.88133,7.82366,7.76347,7.70140,7.63807,7.57413,7.51018,7.44679,7.38451,7.32388,7.26535,7.20938,7.15635,7.10662,7.06049,7.01824,6.98007,6.94614,6.91658,6.89144,6.87073,6.85440,6.84233,6.83434,6.83017,6.82948,6.83183,6.83667,6.84335,6.85107,6.85887,6.86564,6.87006,6.87058,6.86542,6.85252,6.82952,6.79372,6.74210,6.67124,6.57741,6.45650,6.30412,6.11568,5.88647,5.61187,5.28760,4.90995,4.47619,3.98490,3.43639,2.83302,2.17948,1.48284,0.75255
7.45191,7.45189,7.45183,7.45172,7.45156,7.45136,7.45110,7.45078,7.45040,7.44994,7.44941,7.44879,7.44807,7.44724,7.44629,7.44521,7.44399,7.44261,7.44105,7.43930,7.43735,7.43517,7.43276,7.43008,7.42712,7.42386,7.42028,7.41636,7.41207,7.40739,7.40230,7.39677,7.39078,7.38430,7.37731,7.36979,7.36170,7.35302,7.34372,7.33378,7.32318,7.31187,7.29985,7.28708,7.27354,7.25921,7.24405,7.22806,7.21120,7.19345,7.17480,7.15523,7.13471,7.11323,7.09079,7.06736,7.04294,7.01751,6.99107,6.96362,6.93516,6.90568,6.87518,6.84368,6.81119,6.77770,6.74324,6.70783,6.67147,6.63420,6.59604,6.55702,6.51716,6.47651,6.43509,6.39296,6.35013,6.30667,6.26262,6.21803,6.17294,6.12741,6.08149,6.03524,5.98872,5.94198,5.89508,5.84809,5.80106,5.75406,5.70715,5.66039,5.61384,5.56757,5.52163,5.47609,5.43100,5.38643,5.34244,5.29908,5.25641,5.21448,5.17334,5.13306,5.09367,5.05523,5.01779,4.98139,4.94607,4.91188,4.87885,4.84703,4.81645,4.78715,4.75916,4.73252,4.70725,4.68338,4.66095,4.63997,4.62048,4.60249,4.58604,4.57113,4.55779,4.54605,4.53592,4.52741,4.52055,4.51535,4.51183,4.51000,4.50987,4.51147,4.51480,4.51988,4.52672,4.53533,4.54573,4.55793,4.57194,4.58776,4.60542,4.62493,4.64628,4.66950,4.69460,4.72157,4.75044,4.78121,4.81389,4.84848,4.88499,4.92342,4.96379,5.00609,5.05031,5.09647,5.14456,5.19457,5.24649,5.30031,5.35602,5.41360,5.47303,5.53429,5.59736,5.66229,5.72761,5.79482,5.86370,5.93411,6.00600,6.07950,6.15528,6.23611,6.33656,6.59991,9.73891,6.92269,6.77567,6.79759,6.85264,6.91843,6.98830,7.05947,7.13043,7.20020,7.26799,7.33312,7.39500,7.45300,7.50658,7.55517,7.59823,7.63527,7.66582,7.68947,7.70587,7.71471,7.71581,7.70904,7.69437,7.67187,7.64171,7.60414,7.55951,7.50826,7.45088,7.38793,7.32003,7.24782,7.17196,7.09312,7.01196,6.92915,6.84531,6.76103,6.67688,6.59336,6.51097,6.43011,6.35119,6.27453,6.20043,6.12914,6.06090,5.99587,5.93421,5.87604,5.82147,5.77057,5.72340,5.68000,5.64040,5.60462,5.57267,5.54453,5.52022,5.49971,5.48299,5.47005,5.46085,5.45539,5.45364,5.45558,5.46119,5.47044,5.48332,5.49980,5.51985,5.54346,5.57061,5.60126,5.63539,5.67296,5.71395,5.75832,5.80601,5.85698,5.91116,5.96849,6.02889,6.09226,6.15848,6.22745,6.29901,6.37301,6.44925,6.52754,6.60764,6.68930,6.77223,6.85612,6.94063,7.02539,7.11000,7.19405,7.27707,7.35861,7.43816,7.51524,7.58933,7.65991,7.72648,7.78854,7.84562,7.89728,7.94310,7.98273,8.01587,8.04227,8.06176,8.07424,8.07970,8.07818,8.06984,8.05487,8.03359,8.00634,7.97356,7.93573,7.89338,7.84708,7.79744,7.74507,7.69062,7.63473,7.57802,7.52114,7.46469,7.40925,7.35540,7.30365,7.25452,7.20847,7.16592,7.12727,7.09288,7.06304,7.03805,7.01812,7.00347,6.99423,6.99050,6.99235,6.99978,7.01273,7.03109,7.05466,7.08318,7.11628,7.15350,7.19424,7.23775,7.28315,7.32931,7.37491,7.41836,7.45775,7.49082,7.51493,7.52697,7.52331,7.49979,7.45163,7.37345,7.25926,7.10249,6.89614,6.63294,6.30569,5.90760,5.43291,4.87752,4.23968,3.52080,2.72603,1.86469,0.95027
7.37562,7.37558,7.37543,7.37519,7.37484,7.37439,7.37384,7.37317,7.37238,7.37146,7.37042,7.36923,7.36789,7.36639,7.36472,7.36287,7.36082,7.35856,7.35607,7.35335,7.35037,7.34712,7.34359,7.33974,7.33557,7.33106,7.32618,7.32092,7.31525,7.30916,7.30261,7.29559,7.28808,7.28005,7.27147,7.26234,7.25261,7.24227,7.23130,7.21967,7.20735,7.19433,7.18058,7.16608,7.15081,7.13475,7.11787,7.10016,7.08161,7.06218,7.04188,7.02068,6.99856,6.97553,6.95156,6.92666,6.90081,6.87401,6.84627,6.81757,6.78792,6.75733,6.72580,6.69334,6.65998,6.62571,6.59056,6.55454,6.51769,6.48002,6.44157,6.40236,6.36242,6.32180,6.28053,6.23864,6.19618,6.15320,6.10974,6.06585,6.02158,5.97698,5.93211,5.88701,5.84174,5.79636,5.75092,5.70549,5.66012,5.61487,5.56980,5.52496,5.48041,5.43622,5.39243,5.34911,5.30631,5.26409,5.22250,5.18159,5.14141,5.10202,5.06346,5.02578,4.98903,4.95326,4.91849,4.88479,4.85218,4.82071,4.79040,4.76131,4.73346,4.70688,4.68161,4.65767,4.63510,4.61391,4.59414,4.57582,4.55895,4.54357,4.52970,4.51735,4.50655,4.49732,4.48967,4.48362,4.47919,4.47639,4.47524,4.47575,4.47793,4.48181,4.48740,4.49470,4.50373,4.51451,4.52704,4.54134,4.55742,4.57529,4.59496,4.61645,4.63975,4.66490,4.69188,4.72072,4.75142,4.78399,4.81843,4.85475,4.89296,4.93306,4.97505,5.01894,5.06471,5.11238,5.16193,5.21335,5.26663,5.32176,5.37872,5.43749,5.49804,5.56034,5.62437,5.69017,5.75627,5.82415,5.89358,5.96441,6.03658,6.11023,6.18604,6.26698,6.36915,6.66232,9.42493,6.91725,6.79476,6.81911,6.87342,6.93737,7.00476,7.07294,7.14044,7.20629,7.26971,7.33003,7.38665,7.43897,7.48645,7.52856,7.56482,7.59476,7.61798,7.63414,7.64296,7.64424,7.63785,7.62377,7.60207,7.57289,7.53649,7.49319,7.44341,7.38764,7.32640,7.26030,7.18994,7.11597,7.03904,6.95980,6.87888,6.79690,6.71443,6.63202,6.55019,6.46939,6.39005,6.31255,6.23722,6.16435,6.09421,6.02700,5.96292,5.90212,5.84472,5.79082,5.74051,5.69385,5.65087,5.61162,5.57611,5.54434,5.51633,5.49206,5.47153,5.45473,5.44163,5.43222,5.42647,5.42437,5.42590,5.43103,5.43975,5.45202,5.46782,5.48714,5.50995,5.53623,5.56594,5.59906,5.63556,5.67539,5.71853,5.76491,5.81450,5.86722,5.92300,5.98177,6.04342,6.10785,6.17494,6.24454,6.31648,6.39060,6.46668,6.54449,6.62379,6.70429,6.78570,6.86767,6.94985,7.03185,7.11327,7.19367,7.27259,7.34957,7.42412,7.49576,7.56400,7.62836,7.68836,7.74357,7.79356,7.83795,7.87642,7.90869,7.93454,7.95382,7.96645,7.97244,7.97185,7.96483,7.95162,7.93251,7.90787,7.87812,7.84376,7.80530,7.76332,7.71841,7.67120,7.62231,7.57239,7.52208,7.47201,7.42278,7.37500,7.32925,7.28607,7.24599,7.20951,7.17708,7.14915,7.12610,7.10833,7.09615,7.08990,7.08983,7.09620,7.10922,7.12906,7.15586,7.18972,7.23068,7.27873,7.33382,7.39580,7.46445,7.53944,7.62032,7.70650,7.79723,7.89152,7.98816,8.08562,8.18203,8.27508,8.36196,8.43925,8.50285,8.54783,8.56836,8.55755,8.50741,8.40879,8.25136,8.02382,7.71413,7.31005,6.79994,6.17386,5.42493,4.55092,3.55587,2.45130,1.25688
7.29129,7.29121,7.29099,7.29061,7.29009,7.28940,7.28856,7.28756,7.28638,7.28503,7.28349,7.28177,7.27984,7.27770,7.27535,7.27276,7.26992,7.26683,7.26347,7.25983,7.25588,7.25163,7.24704,7.24210,7.23679,7.23110,7.22501,7.21850,7.21155,7.20414,7.19624,7.18785,7.17893,7.16946,7.15944,7.14883,7.13761,7.12576,7.11326,7.10010,7.08625,7.07168,7.05639,7.04035,7.02355,7.00596,6.98757,6.96837,6.94834,6.92747,6.90575,6.88316,6.85970,6.83535,6.81013,6.78401,6.75700,6.72911,6.70032,6.67065,6.64010,6.60867,6.57639,6.54327,6.50931,6.47454,6.43898,6.40265,6.36558,6.32779,6.28931,6.25017,6.21042,6.17008,6.12919,6.08780,6.04594,6.00367,5.96102,5.91804,5.87479,5.83130,5.78765,5.74386,5.70001,5.65613,5.61230,5.56855,5.52495,5.48155,5.43840,5.39556,5.35309,5.31103,5.26945,5.22838,5.18790,5.14804,5.10885,5.07039,5.03270,4.99582,4.95981,4.92471,4.89056,4.85739,4.82526,4.79419,4.76423,4.73541,4.70776,4.68131,4.65611,4.63217,4.60953,4.58821,4.56824,4.54965,4.53245,4.51668,4.50235,4.48948,4.47810,4.46822,4.45986,4.45305,4.44779,4.44410,4.44201,4.44152,4.44265,4.44541,4.44982,4.45590,4.46365,4.47309,4.48424,4.49710,4.51168,4.52801,4.54609,4.56592,4.58754,4.61093,4.63612,4.66312,4.69193,4.72256,4.75502,4.78931,4.82545,4.86344,4.90328,4.94497,4.98852,5.03392,5.08117,5.13027,5.18120,5.23395,5.28851,5.34487,5.40298,5.46284,5.52440,5.58764,5.65251,5.71906,5.78580,5.85421,5.92403,5.99512,6.06740,6.14101,6.21664,6.29751,6.40140,6.73081,9.02980,6.91493,6.81273,6.83879,6.89192,6.95366,7.01820,7.08303,7.14671,7.20828,7.26699,7.32217,7.37322,7.41959,7.46075,7.49622,7.52554,7.54834,7.56426,7.57304,7.57447,7.56845,7.55493,7.53399,7.50576,7.47047,7.42846,7.38011,7.32588,7.26630,7.20193,7.13337,7.06124,6.98616,6.90878,6.82970,6.74952,6.66881,6.58810,6.50790,6.42865,6.35078,6.27466,6.20063,6.12896,6.05993,5.99374,5.93058,5.87060,5.81394,5.76070,5.71096,5.66478,5.62221,5.58328,5.54802,5.51643,5.48852,5.46429,5.44373,5.42683,5.41357,5.40393,5.39789,5.39544,5.39655,5.40120,5.40937,5.42103,5.43617,5.45476,5.47677,5.50218,5.53096,5.56308,5.59850,5.63720,5.67912,5.72422,5.77244,5.82372,5.87799,5.93516,5.99514,6.05782,6.12308,6.19076,6.26072,6.33277,6.40672,6.48233,6.55936,6.63754,6.71656,6.79611,6.87584,6.95537,7.03431,7.11223,7.18870,7.26328,7.33549,7.40487,7.47096,7.53331,7.59145,7.64499,7.69351,7.73668,7.77418,7.80577,7.83124,7.85047,7.86340,7.87005,7.87050,7.86490,7.85351,7.83661,7.81459,7.78786,7.75691,7.72227,7.68450,7.64420,7.60198,7.55848,7.51432,7.47016,7.42663,7.38434,7.34391,7.30594,7.27098,7.23959,7.21229,7.18959,7.17196,7.15987,7.15373,7.15396,7.16096,7.17507,7.19666,7.22604,7.26352,7.30938,7.36388,7.42726,7.49970,7.58137,7.67239,7.77283,7.88268,8.00186,8.13017,8.26731,8.41281,8.56598,8.72593,8.89141,9.06084,9.23213,9.40263,9.56895,9.72681,9.87086,9.99444,10.08929,10.14532,10.15031,10.08964,9.94619,9.70036,9.33047,8.81364,8.12737,7.25203,6.17418,4.89052,3.41196,1.76649
7.19897,7.19887,7.19857,7.19807,7.19738,7.19647,7.19536,7.19404,7.19250,7.19073,7.18874,7.18651,7.18403,7.18129,7.17829,7.17501,7.17144,7.16758,7.16340,7.15890,7.15405,7.14885,7.14328,7.13733,7.13098,7.12420,7.11700,7.10933,7.10120,7.09258,7.08346,7.07380,7.06361,7.05285,7.04151,7.02957,7.01701,7.00381,6.98996,6.97543,6.96022,6.94430,6.92765,6.91027,6.89213,6.87323,6.85354,6.83307,6.81179,6.78970,6.76679,6.74306,6.71850,6.69310,6.66686,6.63979,6.61188,6.58315,6.55359,6.52321,6.49202,6.46004,6.42727,6.39374,6.35946,6.32446,6.28875,6.25236,6.21532,6.17766,6.13940,6.10058,6.06124,6.02142,5.98114,5.94046,5.89941,5.85804,5.81639,5.77450,5.73244,5.69024,5.64795,5.60563,5.56331,5.52107,5.47894,5.43698,5.39523,5.35376,5.31261,5.27184,5.23148,5.19161,5.15225,5.11347,5.07530,5.03781,5.00102,4.96500,4.92977,4.89539,4.86190,4.82933,4.79772,4.76712,4.73756,4.70907,4.68168,4.65544,4.63037,4.60650,4.58386,4.56248,4.54239,4.52360,4.50615,4.49006,4.47535,4.46204,4.45015,4.43971,4.43073,4.42323,4.41722,4.41273,4.40978,4.40837,4.40852,4.41025,4.41358,4.41852,4.42507,4.43326,4.44311,4.45461,4.46779,4.48265,4.49922,4.51749,4.53750,4.55923,4.58271,4.60795,4.63495,4.66373,4.69429,4.72664,4.76079,4.79675,4.83452,4.87410,4.91550,4.95871,5.00374,5.05058,5.09922,5.14967,5.20190,5.25589,5.31164,5.36912,5.42829,5.48913,5.55159,5.61564,5.68123,5.74840,5.81563,5.88440,5.95445,6.02562,6.09782,6.17117,6.24642,6.32700,6.43263,6.80654,8.64561,6.91415,6.82872,6.85580,6.90734,6.96648,7.02782,7.08893,7.14844,7.20540,7.25907,7.30881,7.35404,7.39423,7.42889,7.45760,7.47995,7.49562,7.50434,7.50592,7.50023,7.48725,7.46703,7.43971,7.40551,7.36473,7.31776,7.26503,7.20705,7.14436,7.07754,7.00719,6.93393,6.85835,6.78106,6.70263,6.62364,6.54459,6.46598,6.38825,6.31182,6.23705,6.16428,6.09379,6.02584,5.96064,5.89838,5.83921,5.78327,5.73067,5.68148,5.63577,5.59359,5.55498,5.51996,5.48854,5.46073,5.43652,5.41592,5.39891,5.38548,5.37561,5.36928,5.36647,5.36716,5.37132,5.37895,5.39001,5.40448,5.42233,5.44355,5.46810,5.49595,5.52708,5.56145,5.59901,5.63973,5.68356,5.73045,5.78031,5.83309,5.88870,5.94705,6.00801,6.07148,6.13731,6.20534,6.27539,6.34726,6.42075,6.49559,6.57153,6.64828,6.72551,6.80290,6.88008,6.95667,7.03226,7.10643,7.17875,7.24878,7.31608,7.38020,7.44070,7.49717,7.54920,7.59644,7.63856,7.67526,7.70632,7.73157,7.75089,7.76424,7.77165,7.77322,7.76911,7.75957,7.74491,7.72550,7.70176,7.67417,7.64326,7.60959,7.57375,7.53635,7.49804,7.45943,7.42117,7.38391,7.34828,7.31488,7.28434,7.25724,7.23417,7.21566,7.20228,7.19454,7.19294,7.19798,7.21015,7.22990,7.25770,7.29399,7.33923,7.39384,7.45825,7.53290,7.61821,7.71459,7.82245,7.94219,8.07418,8.21878,8.37631,8.54705,8.73122,8.92894,9.14023,9.36498,9.60284,9.85325,10.11527,10.38755,10.66815,10.95439,11.24258,11.52782,11.80353,12.06105,12.28903,12.47275,12.59328,12.62660,12.54274,12.30517,11.87078,11.19112,10.21557,8.89752,7.20383,5.12732,2.69966
7.09930,7.09917,7.09881,7.09820,7.09734,7.09623,7.09487,7.09325,7.09137,7.08923,7.08680,7.08410,7.08111,7.07782,7.07422,7.07030,7.06606,7.06148,7.05655,7.05125,7.04558,7.03952,7.03306,7.02617,7.01886,7.01110,7.00288,6.99418,6.98498,6.97527,6.96504,6.95426,6.94292,6.93100,6.91850,6.90538,6.89164,6.87725,6.86221,6.84650,6.83011,6.81301,6.79521,6.77668,6.75741,6.73740,6.71663,6.69510,6.67280,6.64972,6.62586,6.60121,6.57578,6.54957,6.52257,6.49479,6.46623,6.43690,6.40682,6.37598,6.34441,6.31211,6.27911,6.24543,6.21107,6.17607,6.14046,6.10425,6.06747,6.03016,5.99234,5.95406,5.91535,5.87623,5.83676,5.79698,5.75691,5.71661,5.67613,5.63549,5.59476,5.55397,5.51318,5.47243,5.43177,5.39125,5.35092,5.31082,5.27100,5.23152,5.19241,5.15374,5.11553,5.07785,5.04074,5.00424,4.96840,4.93326,4.89886,4.86524,4.83246,4.80053,4.76951,4.73942,4.71031,4.68221,4.65516,4.62918,4.60431,4.58058,4.55801,4.53664,4.51649,4.49758,4.47995,4.46361,4.44859,4.43492,4.42260,4.41167,4.40214,4.39403,4.38736,4.38215,4.37841,4.37616,4.37542,4.37621,4.37853,4.38240,4.38785,4.39487,4.40349,4.41372,4.42557,4.43906,4.45420,4.47100,4.48947,4.50963,4.53148,4.55504,4.58032,4.60733,4.63608,4.66657,4.69881,4.73282,4.76860,4.80615,4.84547,4.88657,4.92945,4.97411,5.02055,5.06875,5.11871,5.17042,5.22386,5.27901,5.33584,5.39434,5.45446,5.51617,5.57941,5.64415,5.71032,5.77795,5.84552,5.91449,5.98460,6.05565,6.12756,6.20044,6.27508,6.35515,6.46256,6.89171,8.31438,6.91395,6.84232,6.86980,6.91931,6.97550,7.03327,7.09032,7.14533,7.19737,7.24572,7.28976,7.32895,7.36280,7.39086,7.41276,7.42816,7.43681,7.43850,7.43313,7.42066,7.40113,7.37468,7.34152,7.30194,7.25629,7.20502,7.14859,7.08753,7.02241,6.95379,6.88228,6.80846,6.73291,6.65620,6.57888,6.50145,6.42439,6.34815,6.27312,6.19968,6.12814,6.05880,5.99190,5.92767,5.86629,5.80792,5.75269,5.70070,5.65205,5.60680,5.56500,5.52669,5.49190,5.46063,5.43291,5.40873,5.38808,5.37096,5.35736,5.34724,5.34061,5.33744,5.33771,5.34139,5.34847,5.35893,5.37273,5.38986,5.41028,5.43398,5.46092,5.49106,5.52438,5.56083,5.60037,5.64295,5.68851,5.73699,5.78831,5.84239,5.89913,5.95843,6.02015,6.08417,6.15032,6.21843,6.28831,6.35974,6.43248,6.50627,6.58083,6.65585,6.73101,6.80596,6.88032,6.95370,7.02571,7.09593,7.16393,7.22929,7.29159,7.35041,7.40536,7.45606,7.50217,7.54338,7.57943,7.61011,7.63526,7.65478,7.66865,7.67691,7.67966,7.67709,7.66943,7.65700,7.64017,7.61937,7.59507,7.56779,7.53810,7.50657,7.47383,7.44050,7.40721,7.37461,7.34335,7.31406,7.28738,7.26394,7.24434,7.22918,7.21906,7.21455,7.21623,7.22465,7.24037,7.26393,7.29588,7.33678,7.38717,7.44761,7.51867,7.60093,7.69499,7.80146,7.92097,8.05417,8.20175,8.36439,8.54282,8.73778,8.95004,9.18035,9.42951,9.69829,9.98742,10.29762,10.62951,10.98360,11.36019,11.75933,12.18067,12.62330,13.08552,13.56453,14.05594,14.55320,15.04668,15.52253,15.96097,16.33414,16.60319,16.71464,16.59634,16.15365,15.26772,13.79962,11.60588,8.57197,4.66594
6.99330,6.99316,6.99273,6.99202,6.99101,6.98972,6.98813,6.98624,6.98405,6.98155,6.97873,6.97560,6.97214,6.96834,6.96420,6.95970,6.95484,6.94961,6.94399,6.93798,6.93156,6.92472,6.91745,6.90973,6.90156,6.89291,6.88378,6.87415,6.86400,6.85333,6.84212,6.83034,6.81800,6.80507,6.79155,6.77741,6.76264,6.74724,6.73118,6.71446,6.69707,6.67899,6.66021,6.64073,6.62053,6.59961,6.57797,6.55559,6.53248,6.50863,6.48404,6.45871,6.43264,6.40584,6.37830,6.35004,6.32106,6.29138,6.26100,6.22994,6.19822,6.16584,6.13283,6.09921,6.06500,6.03022,5.99491,5.95908,5.92278,5.88602,5.84884,5.81128,5.77337,5.73514,5.69664,5.65791,5.61898,5.57990,5.54071,5.50145,5.46216,5.42290,5.38371,5.34462,5.30569,5.26696,5.22849,5.19030,5.15246,5.11500,5.07797,5.04141,5.00537,4.96990,4.93503,4.90080,4.86726,4.83445,4.80241,4.77117,4.74077,4.71125,4.68265,4.65500,4.62832,4.60267,4.57805,4.55451,4.53208,4.51078,4.49064,4.47168,4.45394,4.43742,4.42217,4.40820,4.39553,4.38418,4.37418,4.36554,4.35828,4.35242,4.34798,4.34497,4.34342,4.34333,4.34473,4.34762,4.35203,4.35797,4.36545,4.37449,4.38510,4.39729,4.41108,4.42649,4.44351,4.46217,4.48248,4.50445,4.52809,4.55341,4.58043,4.60914,4.63956,4.67170,4.70557,4.74116,4.77850,4.81757,4.85838,4.90094,4.94523,4.99126,5.03903,5.08851,5.13971,5.19259,5.24715,5.30337,5.36120,5.42061,5.48157,5.54403,5.60793,5.67322,5.73983,5.80778,5.87553,5.94452,6.01449,6.08523,6.15664,6.22883,6.30262,6.38196,6.49123,6.98968,8.04479,6.91379,6.85349,6.88075,6.92785,6.98072,7.03460,7.08728,7.13749,7.18433,7.22712,7.26527,7.29827,7.32567,7.34709,7.36221,7.37076,7.37255,7.36747,7.35548,7.33661,7.31099,7.27883,7.24039,7.19604,7.14616,7.09123,7.03176,6.96827,6.90134,6.83153,6.75941,6.68556,6.61052,6.53482,6.45897,6.38342,6.30863,6.23497,6.16281,6.09248,6.02426,5.95839,5.89511,5.83459,5.77698,5.72244,5.67106,5.62293,5.57812,5.53668,5.49867,5.46409,5.43298,5.40534,5.38117,5.36047,5.34323,5.32944,5.31908,5.31215,5.30861,5.30846,5.31166,5.31820,5.32805,5.34119,5.35759,5.37723,5.40008,5.42611,5.45529,5.48757,5.52293,5.56130,5.60266,5.64692,5.69404,5.74393,5.79651,5.85169,5.90935,5.96938,6.03164,6.09597,6.16221,6.23015,6.29960,6.37031,6.44204,6.51451,6.58742,6.66046,6.73329,6.80554,6.87685,6.94682,7.01507,7.08118,7.14475,7.20538,7.26267,7.31625,7.36576,7.41088,7.45133,7.48685,7.51727,7.54242,7.56225,7.57672,7.58590,7.58989,7.58888,7.58311,7.57290,7.55862,7.54070,7.51960,7.49585,7.47000,7.44263,7.41436,7.38580,7.35760,7.33041,7.30487,7.28163,7.26133,7.24463,7.23214,7.22451,7.22234,7.22625,7.23686,7.25478,7.28062,7.31499,7.35852,7.41184,7.47560,7.55048,7.63716,7.73637,7.84885,7.97542,8.11688,8.27415,8.44814,8.63986,8.85037,9.08080,9.33237,9.60636,9.90416,10.22725,10.57721,10.95573,11.36459,11.80571,12.28109,12.79283,13.34308,13.93404,14.56784,15.24643,15.97142,16.74374,17.56315,18.42753,19.33163,20.26516,21.20979,22.13429,22.98685,23.68294,24.08661,23.98294,23.04170,20.78183,16.57195,9.75247
6.88123,6.88107,6.88058,6.87977,6.87863,6.87717,6.87537,6.87324,6.87076,6.86795,6.86478,6.86126,6.85737,6.85312,6.84848,6.84347,6.83805,6.83224,6.82601,6.81936,6.81227,6.80474,6.79675,6.78830,6.77936,6.76994,6.76001,6.74957,6.73860,6.72708,6.71502,6.70239,6.68919,6.67539,6.66100,6.64600,6.63037,6.61411,6.59721,6.57965,6.56144,6.54255,6.52299,6.50275,6.48182,6.46020,6.43788,6.41486,6.39115,6.36674,6.34163,6.31582,6.28933,6.26215,6.23430,6.20578,6.17660,6.14678,6.11632,6.08525,6.05358,6.02133,5.98852,5.95517,5.92131,5.88695,5.85214,5.81689,5.78123,5.74520,5.70883,5.67215,5.63520,5.59802,5.56063,5.52309,5.48543,5.44768,5.40990,5.37212,5.33438,5.29673,5.25921,5.22186,5.18472,5.14785,5.11127,5.07504,5.03920,5.00379,4.96885,4.93442,4.90055,4.86727,4.83462,4.80265,4.77139,4.74088,4.71116,4.68225,4.65420,4.62705,4.60081,4.57553,4.55123,4.52794,4.50571,4.48454,4.46447,4.44553,4.42773,4.41112,4.39570,4.38150,4.36854,4.35686,4.34645,4.33735,4.32958,4.32315,4.31808,4.31439,4.31209,4.31121,4.31176,4.31375,4.31721,4.32214,4.32856,4.33648,4.34593,4.35691,4.36943,4.38352,4.39918,4.41643,4.43527,4.45573,4.47781,4.50152,4.52688,4.55389,4.58257,4.61292,4.64496,4.67868,4.71409,4.75121,4.79003,4.83056,4.87279,4.91672,4.96235,5.00968,5.05869,5.10938,5.16172,5.21569,5.27128,5.32845,5.38716,5.44738,5.50906,5.57214,5.63656,5.70226,5.76915,5.83725,5.90500,5.97383,6.04347,6.11368,6.18436,6.25562,6.32831,6.40668,6.51793,7.10427,7.82989,6.91248,6.86137,6.88784,6.93215,6.98137,7.03103,7.07904,7.12418,7.16560,7.20263,7.23473,7.26144,7.28236,7.29717,7.30560,7.30746,7.30264,7.29109,7.27285,7.24803,7.21683,7.17950,7.13638,7.08786,7.03439,6.97645,6.91456,6.84926,6.78110,6.71065,6.63845,6.56504,6.49093,6.41662,6.34255,6.26917,6.19685,6.12596,6.05681,5.98969,5.92484,5.86248,5.80280,5.74595,5.69208,5.64129,5.59367,5.54929,5.50822,5.47048,5.43612,5.40515,5.37758,5.35342,5.33266,5.31530,5.30133,5.29073,5.28349,5.27959,5.27901,5.28173,5.28773,5.29698,5.30946,5.32515,5.34401,5.36602,5.39116,5.41937,5.45064,5.48491,5.52214,5.56228,5.60527,5.65105,5.69954,5.75066,5.80431,5.86038,5.91876,5.97931,6.04187,6.10628,6.17236,6.23989,6.30865,6.37840,6.44886,6.51975,6.59076,6.66156,6.73182,6.80116,6.86922,6.93562,6.99996,7.06187,7.12095,7.17684,7.22918,7.27762,7.32188,7.36168,7.39679,7.42704,7.45230,7.47251,7.48765,7.49779,7.50305,7.50361,7.49973,7.49172,7.47994,7.46483,7.44684,7.42650,7.40436,7.38099,7.35699,7.33301,7.30967,7.28762,7.26752,7.25002,7.23578,7.22546,7.21971,7.21918,7.22452,7.23638,7.25542,7.28229,7.31766,7.36221,7.41662,7.48162,7.55795,7.64637,7.74769,7.86276,7.99247,8.13778,8.29970,8.47931,8.67778,8.89634,9.13636,9.39928,9.68667,10.00025,10.34187,10.71354,11.11749,11.55612,12.03209,12.54833,13.10807,13.71487,14.37273,15.08608,15.85990,16.69977,17.61196,18.60355,19.68249,20.85764,22.13879,23.53648,25.06144,26.72350,28.52904,30.47581,32.54215,34.66426,36.68744,38.25766,38.57336,35.80731,25.81677
6.76406,6.76388,6.76334,6.76245,6.76119,6.75957,6.75759,6.75524,6.75252,6.74942,6.74594,6.74207,6.73781,6.73315,6.72809,6.72261,6.71671,6.71038,6.70362,6.69640,6.68874,6.68060,6.67199,6.66290,6.65331,6.64321,6.63260,6.62146,6.60978,6.59756,6.58478,6.57143,6.55750,6.54299,6.52788,6.51216,6.49583,6.47888,6.46129,6.44307,6.42421,6.40470,6.38454,6.36372,6.34224,6.32010,6.29730,6.27384,6.24972,6.22494,6.19951,6.17344,6.14672,6.11937,6.09140,6.06282,6.03364,6.00387,5.97354,5.94265,5.91123,5.87929,5.84687,5.81397,5.78063,5.74687,5.71272,5.67820,5.64336,5.60821,5.57279,5.53714,5.50128,5.46526,5.42911,5.39287,5.35658,5.32027,5.28398,5.24776,5.21164,5.17566,5.13988,5.10431,5.06901,5.03402,4.99938,4.96513,4.93130,4.89794,4.86509,4.83279,4.80107,4.76997,4.73953,4.70978,4.68077,4.65252,4.62507,4.59845,4.57270,4.54784,4.52391,4.50094,4.47895,4.45797,4.43804,4.41917,4.40139,4.38473,4.36921,4.35485,4.34168,4.32972,4.31898,4.30950,4.30128,4.29435,4.28872,4.28442,4.28146,4.27986,4.27964,4.28080,4.28338,4.28737,4.29281,4.29970,4.30806,4.31790,4.32924,4.34209,4.35646,4.37237,4.38984,4.40886,4.42946,4.45164,4.47543,4.50082,4.52783,4.55648,4.58676,4.61868,4.65226,4.68750,4.72440,4.76297,4.80321,4.84511,4.88869,4.93393,4.98082,5.02937,5.07954,5.13134,5.18473,5.23970,5.29621,5.35424,5.41372,5.47463,5.53690,5.60048,5.66528,5.73123,5.79825,5.86632,5.93388,6.00236,6.07145,6.14092,6.21064,6.28071,6.35204,6.42921,6.54262,7.24158,7.65923,6.90958,6.86583,6.89100,6.93215,6.97740,7.02256,7.06565,7.10550,7.14130,7.17242,7.19838,7.21877,7.23323,7.24152,7.24343,7.23884,7.22771,7.21006,7.18600,7.15572,7.11945,7.07753,7.03032,6.97826,6.92180,6.86145,6.79774,6.73120,6.66236,6.59177,6.51995,6.44739,6.37458,6.30197,6.22997,6.15896,6.08931,6.02131,5.95526,5.89140,5.82995,5.77109,5.71499,5.66178,5.61156,5.56444,5.52049,5.47976,5.44230,5.40815,5.37731,5.34981,5.32565,5.30483,5.28735,5.27319,5.26234,5.25480,5.25054,5.24953,5.25177,5.25723,5.26589,5.27772,5.29269,5.31079,5.33197,5.35622,5.38349,5.41375,5.44695,5.48305,5.52201,5.56375,5.60822,5.65533,5.70502,5.75718,5.81170,5.86847,5.92735,5.98820,6.05085,6.11512,6.18080,6.24768,6.31552,6.38406,6.45301,6.52209,6.59097,6.65933,6.72681,6.79307,6.85773,6.92043,6.98079,7.03845,7.09305,7.14426,7.19176,7.23526,7.27451,7.30931,7.33948,7.36492,7.38557,7.40143,7.41257,7.41912,7.42126,7.41925,7.41340,7.40407,7.39169,7.37672,7.35967,7.34109,7.32155,7.30165,7.28203,7.26331,7.24615,7.23121,7.21915,7.21063,7.20633,7.20693,7.21308,7.22548,7.24480,7.27174,7.30699,7.35127,7.40531,7.46988,7.54574,7.63374,7.73471,7.84956,7.97925,8.12479,8.28726,8.46782,8.66769,8.88822,9.13082,9.39704,9.68854,10.00713,10.35474,10.73349,11.14568,11.59378,12.08050,12.60882,13.18195,13.80343,14.47716,15.20743,15.99899,16.85713,17.78775,18.79749,19.89385,21.08532,22.38162,23.79381,25.33457,27.01830,28.86122,30.88096,33.09558,35.52062,38.16239,41.00186,43.95630,46.78304,48.81967,48.20390,39.14506
6.64258,6.64238,6.64180,6.64083,6.63947,6.63772,6.63558,6.63304,6.63010,6.62675,6.62300,6.61883,6.61425,6.60924,6.60380,6.59792,6.59161,6.58484,6.57761,6.56992,6.56175,6.55311,6.54397,6.53433,6.52419,6.51353,6.50234,6.49062,6.47836,6.46555,6.45218,6.43825,6.42374,6.40864,6.39296,6.37668,6.35980,6.34231,6.32420,6.30548,6.28614,6.26617,6.24558,6.22436,6.20251,6.18003,6.15693,6.13320,6.10886,6.08390,6.05834,6.03217,6.00542,5.97808,5.95018,5.92171,5.89271,5.86318,5.83314,5.80261,5.77161,5.74016,5.70828,5.67599,5.64333,5.61031,5.57697,5.54334,5.50943,5.47529,5.44095,5.40644,5.37179,5.33704,5.30222,5.26737,5.23253,5.19773,5.16301,5.12841,5.09396,5.05971,5.02570,4.99195,4.95852,4.92544,4.89274,4.86047,4.82866,4.79735,4.76658,4.73638,4.70679,4.67784,4.64957,4.62202,4.59521,4.56917,4.54395,4.51957,4.49605,4.47344,4.45175,4.43102,4.41128,4.39254,4.37484,4.35820,4.34264,4.32818,4.31486,4.30269,4.29169,4.28188,4.27328,4.26592,4.25981,4.25497,4.25142,4.24917,4.24824,4.24866,4.25043,4.25357,4.25810,4.26403,4.27138,4.28016,4.29038,4.30207,4.31523,4.32989,4.34604,4.36371,4.38290,4.40364,4.42593,4.44978,4.47520,4.50221,4.53082,4.56102,4.59284,4.62628,4.66134,4.69802,4.73634,4.77630,4.81789,4.86110,4.90595,4.95242,5.00050,5.05017,5.10143,5.15425,5.20861,5.26447,5.32180,5.38057,5.44071,5.50218,5.56491,5.62883,5.69386,5.75991,5.82688,5.89475,5.96193,6.02985,6.09817,6.16666,6.23518,6.30382,6.37353,6.44926,6.56506,7.40964,7.52246,6.90454,6.86657,6.88994,6.92759,6.96859,7.00901,7.04696,7.08133,7.11137,7.13651,7.15630,7.17039,7.17849,7.18041,7.17602,7.16527,7.14818,7.12485,7.09545,7.06021,7.01944,6.97349,6.92279,6.86777,6.80892,6.74675,6.68177,6.61452,6.54549,6.47521,6.40417,6.33283,6.26163,6.19098,6.12126,6.05281,5.98595,5.92095,5.85807,5.79750,5.73945,5.68408,5.63151,5.58186,5.53523,5.49169,5.45130,5.41411,5.38015,5.34944,5.32201,5.29785,5.27696,5.25935,5.24501,5.23392,5.22607,5.22144,5.22002,5.22178,5.22671,5.23477,5.24595,5.26023,5.27756,5.29793,5.32130,5.34764,5.37690,5.40906,5.44406,5.48184,5.52236,5.56554,5.61132,5.65960,5.71030,5.76331,5.81852,5.87579,5.93497,5.99591,6.05843,6.12233,6.18740,6.25340,6.32009,6.38719,6.45442,6.52147,6.58803,6.65375,6.71831,6.78134,6.84249,6.90142,6.95776,7.01119,7.06137,7.10803,7.15087,7.18967,7.22423,7.25440,7.28009,7.30123,7.31785,7.33002,7.33786,7.34157,7.34140,7.33767,7.33073,7.32099,7.30894,7.29506,7.27989,7.26402,7.24803,7.23256,7.21823,7.20570,7.19564,7.18870,7.18558,7.18694,7.19349,7.20591,7.22490,7.25118,7.28547,7.32851,7.38106,7.44389,7.51782,7.60369,7.70239,7.81483,7.94201,8.08495,8.24476,8.42260,8.61973,8.83747,9.07724,9.34058,9.62909,9.94452,10.28872,10.66364,11.07138,11.51413,11.99424,12.51414,13.07638,13.68360,14.33851,15.04388,15.80247,16.61699,17.49005,18.42404,19.42101,20.48250,21.60930,22.80109,24.05598,25.36983,26.73518,28.13976,29.56414,30.97818,32.33547,33.56453,34.55491,35.13505,35.03703,33.84224,30.90203,25.23944,15.48213
6.51736,6.51715,6.51653,6.51550,6.51405,6.51219,6.50990,6.50720,6.50407,6.50052,6.49654,6.49211,6.48725,6.48195,6.47620,6.46999,6.46332,6.45618,6.44857,6.44048,6.43190,6.42282,6.41325,6.40317,6.39257,6.38146,6.36981,6.35763,6.34490,6.33162,6.31779,6.30340,6.28843,6.27290,6.25678,6.24008,6.22280,6.20492,6.18645,6.16738,6.14772,6.12745,6.10659,6.08513,6.06308,6.04043,6.01720,5.99338,5.96898,5.94401,5.91848,5.89240,5.86577,5.83862,5.81094,5.78277,5.75410,5.72497,5.69538,5.66536,5.63493,5.60411,5.57292,5.54139,5.50954,5.47740,5.44500,5.41236,5.37951,5.34649,5.31333,5.28006,5.24670,5.21330,5.17990,5.14651,5.11319,5.07996,5.04685,5.01392,4.98119,4.94870,4.91649,4.88458,4.85303,4.82186,4.79111,4.76082,4.73102,4.70174,4.67303,4.64491,4.61742,4.59060,4.56446,4.53905,4.51440,4.49053,4.46748,4.44528,4.42394,4.40351,4.38401,4.36546,4.34789,4.33132,4.31578,4.30129,4.28788,4.27556,4.26436,4.25429,4.24539,4.23766,4.23114,4.22582,4.22175,4.21892,4.21736,4.21710,4.21813,4.22049,4.22418,4.22922,4.23563,4.24343,4.25262,4.26322,4.27524,4.28871,4.30363,4.32002,4.33789,4.35725,4.37812,4.40051,4.42442,4.44987,4.47687,4.50544,4.53557,4.56727,4.60056,4.63544,4.67192,4.70999,4.74966,4.79092,4.83379,4.87824,4.92428,4.97190,5.02108,5.07180,5.12405,5.17779,5.23301,5.28966,5.34770,5.40709,5.46776,5.52966,5.59271,5.65683,5.72192,5.78789,5.85463,5.92211,5.98870,6.05584,6.12317,6.19044,6.25750,6.32444,6.39226,6.46631,6.58482,7.61889,7.41074,6.89662,6.86305,6.88419,6.91804,6.95453,6.98998,7.02261,7.05138,7.07558,7.09470,7.10835,7.11622,7.11812,7.11389,7.10349,7.08692,7.06427,7.03571,7.00145,6.96179,6.91707,6.86768,6.81406,6.75667,6.69600,6.63255,6.56682,6.49933,6.43056,6.36100,6.29109,6.22127,6.15195,6.08349,6.01623,5.95048,5.88652,5.82459,5.76490,5.70765,5.65298,5.60105,5.55196,5.50581,5.46268,5.42263,5.38570,5.35193,5.32135,5.29397,5.26981,5.24886,5.23113,5.21660,5.20526,5.19711,5.19212,5.19028,5.19157,5.19597,5.20345,5.21399,5.22757,5.24415,5.26371,5.28622,5.31164,5.33993,5.37106,5.40496,5.44160,5.48092,5.52284,5.56731,5.61422,5.66350,5.71504,5.76872,5.82441,5.88198,5.94126,6.00209,6.06427,6.12759,6.19182,6.25673,6.32206,6.38752,6.45282,6.51767,6.58172,6.64467,6.70616,6.76587,6.82345,6.87857,6.93092,6.98017,7.02607,7.06833,7.10676,7.14116,7.17139,7.19736,7.21904,7.23645,7.24965,7.25879,7.26405,7.26569,7.26402,7.25939,7.25223,7.24297,7.23213,7.22024,7.20786,7.19560,7.18406,7.17389,7.16574,7.16027,7.15816,7.16009,7.16676,7.17886,7.19712,7.22225,7.25499,7.29608,7.34630,7.40645,7.47734,7.55982,7.65479,7.76317,7.88595,8.02416,8.17887,8.35126,8.54252,8.75396,8.98692,9.24285,9.52326,9.82972,10.16387,10.52743,10.92213,11.34973,11.81197,12.31057,12.84711,13.42304,14.03955,14.69747,15.39717,16.13839,16.92004,17.74000,18.59485,19.47955,20.38711,21.30815,22.23045,23.13847,24.01269,24.82903,25.55813,26.16452,26.60584,26.83184,26.78349,26.39200,25.57817,24.25218,22.31448,19.65870,16.17796,11.77628,6.38713
6.38962,6.38940,6.38875,6.38766,6.38614,6.38419,6.38179,6.37895,6.37567,6.37194,6.36777,6.36314,6.35805,6.35250,6.34649,6.34001,6.33305,6.32561,6.31769,6.30928,6.30037,6.29095,6.28104,6.27060,6.25965,6.24818,6.23618,6.22364,6.21056,6.19693,6.18276,6.16803,6.15274,6.13689,6.12048,6.10349,6.08594,6.06782,6.04912,6.02985,6.01001,5.98960,5.96862,5.94708,5.92497,5.90230,5.87909,5.85533,5.83103,5.80620,5.78086,5.75501,5.72866,5.70183,5.67454,5.64679,5.61861,5.59001,5.56102,5.53164,5.50191,5.47185,5.44147,5.41081,5.37989,5.34873,5.31736,5.28582,5.25413,5.22232,5.19041,5.15845,5.12647,5.09449,5.06255,5.03068,4.99892,4.96730,4.93585,4.90461,4.87362,4.84290,4.81250,4.78244,4.75277,4.72351,4.69469,4.66637,4.63855,4.61129,4.58461,4.55854,4.53311,4.50836,4.48431,4.46100,4.43845,4.41670,4.39577,4.37568,4.35647,4.33815,4.32076,4.30433,4.28886,4.27439,4.26095,4.24854,4.23720,4.22694,4.21779,4.20976,4.20288,4.19716,4.19262,4.18929,4.18717,4.18629,4.18666,4.18830,4.19122,4.19545,4.20099,4.20787,4.21610,4.22569,4.23665,4.24901,4.26277,4.27796,4.29457,4.31264,4.33216,4.35315,4.37563,4.39960,4.42508,4.45207,4.48059,4.51065,4.54224,4.57539,4.61009,4.64635,4.68417,4.72356,4.76451,4.80702,4.85109,4.89671,4.94387,4.99255,5.04274,5.09442,5.14757,5.20214,5.25812,5.31544,5.37408,5.43397,5.49504,5.55723,5.62045,5.68461,5.74960,5.81532,5.88165,5.94853,6.01433,6.08046,6.14657,6.21238,6.27772,6.34270,6.40837,6.48051,6.60217,7.88291,7.31770,6.88585,6.85549,6.87399,6.90377,6.93555,6.96587,6.99305,7.01614,7.03447,7.04760,7.05519,7.05701,7.05291,7.04281,7.02673,7.00473,6.97696,6.94365,6.90505,6.86151,6.81339,6.76112,6.70514,6.64592,6.58395,6.51971,6.45371,6.38641,6.31829,6.24978,6.18132,6.11329,6.04606,5.97996,5.91530,5.85235,5.79135,5.73252,5.67605,5.62208,5.57077,5.52223,5.47655,5.43382,5.39409,5.35742,5.32384,5.29338,5.26606,5.24189,5.22088,5.20301,5.18830,5.17672,5.16826,5.16292,5.16067,5.16149,5.16536,5.17227,5.18218,5.19507,5.21091,5.22968,5.25134,5.27585,5.30319,5.33330,5.36614,5.40165,5.43979,5.48049,5.52367,5.56925,5.61714,5.66724,5.71944,5.77361,5.82961,5.88729,5.94648,6.00699,6.06863,6.13117,6.19438,6.25800,6.32178,6.38542,6.44863,6.51110,6.57253,6.63258,6.69093,6.74726,6.80125,6.85260,6.90101,6.94623,6.98800,7.02611,7.06041,7.09075,7.11706,7.13931,7.15752,7.17176,7.18219,7.18898,7.19239,7.19272,7.19034,7.18564,7.17908,7.17115,7.16238,7.15334,7.14460,7.13680,7.13055,7.12652,7.12537,7.12778,7.13444,7.14605,7.16333,7.18700,7.21780,7.25648,7.30382,7.36062,7.42769,7.50589,7.59609,7.69923,7.81626,7.94819,8.09608,8.26104,8.44424,8.64688,8.87025,9.11566,9.38447,9.67808,9.99789,10.34530,10.72166,11.12826,11.56625,12.03656,12.53987,13.07646,13.64610,14.24791,14.88020,15.54025,16.22412,16.92639,17.63998,18.35589,19.06299,19.74793,20.39505,20.98642,21.50205,21.92019,22.21787,22.37148,22.35753,22.15342,21.73819,21.09319,20.20251,19.05330,17.63585,15.94344,13.97219,11.72092,9.19119,6.38771,3.31922
6.25990,6.25968,6.25900,6.25787,6.25629,6.25426,6.25177,6.24883,6.24542,6.24156,6.23723,6.23243,6.22717,6.22143,6.21521,6.20852,6.20133,6.19367,6.18550,6.17684,6.16768,6.15802,6.14784,6.13715,6.12594,6.11420,6.10194,6.08915,6.07583,6.06196,6.04756,6.03261,6.01712,6.00108,5.98449,5.96735,5.94966,5.93142,5.91263,5.89330,5.87342,5.85299,5.83203,5.81054,5.78852,5.76598,5.74292,5.71936,5.69530,5.67075,5.64573,5.62025,5.59431,5.56795,5.54116,5.51397,5.48640,5.45846,5.43017,5.40156,5.37264,5.34344,5.31398,5.28429,5.25439,5.22431,5.19407,5.16370,5.13324,5.10270,5.07212,5.04154,5.01097,4.98046,4.95003,4.91972,4.88956,4.85957,4.82980,4.80027,4.77103,4.74209,4.71350,4.68529,4.65748,4.63012,4.60322,4.57684,4.55098,4.52570,4.50101,4.47695,4.45355,4.43083,4.40882,4.38756,4.36706,4.34736,4.32849,4.31046,4.29330,4.27704,4.26170,4.24731,4.23388,4.22145,4.21002,4.19963,4.19029,4.18202,4.17485,4.16878,4.16385,4.16007,4.15745,4.15602,4.15580,4.15679,4.15901,4.16249,4.16724,4.17327,4.18060,4.18925,4.19922,4.21054,4.22322,4.23727,4.25271,4.26954,4.28779,4.30747,4.32858,4.35115,4.37517,4.40067,4.42766,4.45613,4.48610,4.51759,4.55059,4.58511,4.62116,4.65873,4.69784,4.73847,4.78064,4.82432,4.86952,4.91622,4.96441,5.01408,5.06520,5.11774,5.17168,5.22698,5.28360,5.34150,5.40060,5.46086,5.52219,5.58452,5.64776,5.71179,5.77651,5.84179,5.90750,5.97357,6.03836,6.10326,6.16791,6.23200,6.29538,6.35813,6.42138,6.49139,6.61675,8.21524,7.23789,6.87163,6.84344,6.85895,6.88444,6.91132,6.93638,6.95805,6.97542,6.98792,6.99514,6.99683,6.99279,6.98296,6.96731,6.94592,6.91891,6.88649,6.84892,6.80651,6.75962,6.70865,6.65404,6.59623,6.53569,6.47291,6.40836,6.34250,6.27578,6.20864,6.14150,6.07474,6.00871,5.94375,5.88016,5.81820,5.75813,5.70014,5.64443,5.59115,5.54046,5.49245,5.44724,5.40489,5.36549,5.32907,5.29567,5.26533,5.23807,5.21389,5.19281,5.17482,5.15992,5.14810,5.13935,5.13365,5.13099,5.13135,5.13471,5.14104,5.15033,5.16254,5.17766,5.19564,5.21647,5.24009,5.26649,5.29560,5.32740,5.36182,5.39880,5.43830,5.48022,5.52450,5.57104,5.61974,5.67050,5.72319,5.77767,5.83380,5.89140,5.95031,6.01032,6.07123,6.13280,6.19479,6.25695,6.31900,6.38066,6.44163,6.50162,6.56030,6.61738,6.67254,6.72548,6.77591,6.82356,6.86816,6.90949,6.94736,6.98160,7.01210,7.03877,7.06161,7.08063,7.09592,7.10761,7.11590,7.12103,7.12331,7.12309,7.12077,7.11679,7.11164,7.10585,7.09997,7.09458,7.09030,7.08775,7.08759,7.09049,7.09712,7.10818,7.12438,7.14644,7.17510,7.21111,7.25524,7.30827,7.37103,7.44435,7.52911,7.62620,7.73656,7.86117,8.00105,8.15725,8.33089,8.52308,8.73502,8.96789,9.22290,9.50126,9.80414,10.13265,10.48779,10.87041,11.28112,11.72023,12.18761,12.68262,13.20392,13.74934,14.31569,14.89858,15.49224,16.08937,16.68099,17.25638,17.80313,18.30724,18.75346,19.12570,19.40759,19.58326,19.63804,19.55927,19.33697,18.96434,18.43803,17.75810,16.92777,15.95283,14.84098,13.60105,12.24219,10.77326,9.20217,7.53562,5.77885,3.93567,2.00876
6.12894,6.12871,6.12801,6.12685,6.12523,6.12314,6.12058,6.11755,6.11405,6.11008,6.10564,6.10072,6.09532,6.08944,6.08308,6.07622,6.06888,6.06104,6.05271,6.04387,6.03454,6.02469,6.01434,6.00347,5.99209,5.98019,5.96777,5.95483,5.94136,5.92736,5.91283,5.89777,5.88219,5.86607,5.84942,5.83224,5.81453,5.79630,5.77754,5.75826,5.73847,5.71816,5.69734,5.67603,5.65422,5.63192,5.60915,5.58591,5.56221,5.53806,5.51349,5.48849,5.46309,5.43730,5.41114,5.38462,5.35776,5.33058,5.30311,5.27535,5.24734,5.21910,5.19064,5.16200,5.13320,5.10427,5.07522,5.04610,5.01692,4.98772,4.95852,4.92935,4.90025,4.87124,4.84235,4.81362,4.78507,4.75674,4.72865,4.70085,4.67335,4.64619,4.61940,4.59301,4.56706,4.54157,4.51657,4.49209,4.46817,4.44483,4.42209,4.40000,4.37857,4.35783,4.33781,4.31854,4.30005,4.28234,4.26547,4.24943,4.23427,4.22000,4.20665,4.19423,4.18278,4.17230,4.16283,4.15438,4.14697,4.14063,4.13536,4.13119,4.12814,4.12623,4.12547,4.12588,4.12747,4.13027,4.13428,4.13954,4.14604,4.15381,4.16286,4.17321,4.18487,4.19786,4.21219,4.22787,4.24492,4.26335,4.28317,4.30440,4.32705,4.35112,4.37664,4.40360,4.43203,4.46192,4.49329,4.52615,4.56049,4.59632,4.63365,4.67247,4.71279,4.75461,4.79791,4.84269,4.88893,4.93664,4.98578,5.03634,5.08829,5.14160,5.19623,5.25215,5.30930,5.36763,5.42708,5.48757,5.54902,5.61133,5.67442,5.73815,5.80241,5.86705,5.93194,5.99700,6.06054,6.12398,6.18691,6.24904,6.31018,6.37044,6.43101,6.49867,6.62846,8.62371,7.16732,6.85366,6.82673,6.83894,6.85994,6.88181,6.90153,6.91765,6.92934,6.93608,6.93755,6.93352,6.92389,6.90864,6.88780,6.86151,6.82994,6.79335,6.75203,6.70632,6.65662,6.60332,6.54688,6.48775,6.42638,6.36324,6.29877,6.23343,6.16763,6.10178,6.03626,5.97142,5.90758,5.84503,5.78405,5.72488,5.66772,5.61276,5.56017,5.51007,5.46260,5.41784,5.37589,5.33680,5.30062,5.26741,5.23719,5.20998,5.18580,5.16465,5.14654,5.13146,5.11940,5.11035,5.10430,5.10124,5.10115,5.10399,5.10977,5.11844,5.12999,5.14439,5.16161,5.18161,5.20436,5.22983,5.25797,5.28874,5.32209,5.35795,5.39626,5.43696,5.47997,5.52519,5.57253,5.62189,5.67314,5.72615,5.78077,5.83684,5.89420,5.95264,6.01197,6.07197,6.13239,6.19301,6.25354,6.31372,6.37326,6.43188,6.48928,6.54515,6.59922,6.65118,6.70076,6.74770,6.79175,6.83270,6.87037,6.90460,6.93528,6.96235,6.98578,7.00562,7.02193,7.03487,7.04462,7.05143,7.05559,7.05745,7.05741,7.05590,7.05340,7.05043,7.04755,7.04532,7.04436,7.04529,7.04875,7.05543,7.06599,7.08113,7.10158,7.12804,7.16128,7.20204,7.25112,7.30930,7.37741,7.45631,7.54687,7.65000,7.76665,7.89778,8.04440,8.20755,8.38829,8.58769,8.80683,9.04678,9.30857,9.59318,9.90148,10.23416,10.59172,10.97436,11.38188,11.81359,12.26814,12.74345,13.23648,13.74310,14.25797,14.77434,15.28406,15.77745,16.24349,16.66994,17.04371,17.35131,17.57949,17.71588,17.74976,17.67269,17.47910,17.16657,16.73598,16.19129,15.53916,14.78830,13.94878,13.03131,12.04651,11.00436,9.91370,8.78197,7.61500,6.41693,5.19032,3.93618,2.65419,1.34291
5.99782,5.99758,5.99687,5.99569,5.99403,5.99190,5.98929,5.98621,5.98265,5.97861,5.97408,5.96908,5.96359,5.95761,5.95115,5.94419,5.93674,5.92880,5.92035,5.91141,5.90197,5.89202,5.88157,5.87061,5.85914,5.84715,5.83466,5.82165,5.80813,5.79409,5.77954,5.76447,5.74889,5.73280,5.71619,5.69908,5.68146,5.66334,5.64472,5.62561,5.60601,5.58592,5.56536,5.54434,5.52285,5.50091,5.47853,5.45572,5.43249,5.40885,5.38483,5.36042,5.33565,5.31054,5.28509,5.25933,5.23328,5.20695,5.18037,5.15355,5.12652,5.09931,5.07193,5.04440,5.01676,4.98903,4.96124,4.93340,4.90555,4.87772,4.84993,4.82221,4.79460,4.76711,4.73978,4.71264,4.68571,4.65903,4.63263,4.60653,4.58077,4.55537,4.53037,4.50579,4.48166,4.45801,4.43487,4.41227,4.39023,4.36879,4.34797,4.32779,4.30828,4.28948,4.27139,4.25406,4.23750,4.22174,4.20679,4.19269,4.17946,4.16712,4.15568,4.14518,4.13563,4.12705,4.11946,4.11289,4.10735,4.10285,4.09943,4.09709,4.09586,4.09574,4.09677,4.09895,4.10230,4.10684,4.11258,4.11954,4.12774,4.13719,4.14790,4.15989,4.17318,4.18778,4.20370,4.22095,4.23955,4.25952,4.28086,4.30358,4.32770,4.35323,4.38018,4.40856,4.43837,4.46962,4.50233,4.53649,4.57211,4.60919,4.64774,4.68775,4.72922,4.77214,4.81650,4.86230,4.90952,4.95815,5.00816,5.05952,5.11220,5.16618,5.22140,5.27782,5.33539,5.39403,5.45368,5.51426,5.57568,5.63782,5.70059,5.76384,5.82745,5.89127,5.95512,6.01894,6.08102,6.14275,6.20373,6.26364,6.32229,6.37980,6.43745,6.50257,6.63770,9.09542,7.10339,6.83212,6.80568,6.81434,6.83071,6.84749,6.86185,6.87246,6.87855,6.87968,6.87558,6.86609,6.85117,6.83084,6.80521,6.77445,6.73879,6.69851,6.65394,6.60545,6.55344,6.49832,6.44055,6.38055,6.31877,6.25567,6.19167,6.12717,6.06258,5.99827,5.93458,5.87183,5.81031,5.75029,5.69200,5.63565,5.58143,5.52950,5.48000,5.43304,5.38873,5.34715,5.30837,5.27245,5.23941,5.20931,5.18215,5.15796,5.13675,5.11851,5.10324,5.09095,5.08161,5.07522,5.07176,5.07122,5.07357,5.07879,5.08686,5.09776,5.11145,5.12791,5.14711,5.16901,5.19357,5.22076,5.25053,5.28282,5.31758,5.35475,5.39425,5.43602,5.47996,5.52598,5.57398,5.62383,5.67541,5.72858,5.78317,5.83903,5.89597,5.95378,6.01227,6.07119,6.13033,6.18941,6.24818,6.30637,6.36369,6.41987,6.47462,6.52766,6.57871,6.62750,6.67379,6.71735,6.75798,6.79548,6.82974,6.86063,6.88811,6.91216,6.93280,6.95014,6.96430,6.97547,6.98389,6.98987,6.99373,6.99587,6.99671,6.99674,6.99646,6.99640,6.99716,6.99932,7.00350,7.01036,7.02055,7.03475,7.05367,7.07802,7.10852,7.14593,7.19100,7.24453,7.30732,7.38020,7.46401,7.55965,7.66801,7.79002,7.92663,8.07883,8.24758,8.43389,8.63874,8.86306,9.10776,9.37364,9.66137,9.97144,10.30408,10.65918,11.03619,11.43404,11.85096,12.28438,12.73078,13.18554,13.64287,14.09566,14.53552,14.95282,15.33690,15.67630,15.95928,16.17427,16.31058,16.35903,16.31253,16.16666,15.91991,15.57378,15.13265,14.60333,13.99454,13.31627,12.57906,11.79340,10.96922,10.11544,9.23975,8.34841,7.44625,6.53668,5.62176,4.70235,3.77820,2.84817,1.91030,0.96195
5.86682,5.86658,5.86586,5.86467,5.86299,5.86083,5.85820,5.85508,5.85148,5.84740,5.84283,5.83777,5.83223,5.82621,5.81969,5.81268,5.80518,5.79718,5.78869,5.77971,5.77022,5.76024,5.74976,5.73877,5.72729,5.71530,5.70282,5.68983,5.67634,5.66235,5.64786,5.63287,5.61739,5.60142,5.58496,5.56801,5.55058,5.53267,5.51428,5.49544,5.47613,5.45637,5.43616,5.41552,5.39445,5.37297,5.35108,5.32879,5.30613,5.28309,5.25971,5.23598,5.21193,5.18757,5.16292,5.13800,5.11283,5.08743,5.06181,5.03600,5.01002,4.98389,4.95764,4.93128,4.90485,4.87837,4.85186,4.82535,4.79886,4.77243,4.74608,4.71983,4.69371,4.66775,4.64199,4.61644,4.59114,4.56610,4.54137,4.51697,4.49293,4.46928,4.44603,4.42323,4.40090,4.37906,4.35774,4.33698,4.31678,4.29720,4.27823,4.25992,4.24229,4.22536,4.20916,4.19371,4.17902,4.16514,4.15207,4.13984,4.12848,4.11800,4.10842,4.09976,4.09205,4.08530,4.07954,4.07477,4.07103,4.06833,4.06668,4.06610,4.06662,4.06824,4.07099,4.07487,4.07992,4.08614,4.09355,4.10216,4.11199,4.12305,4.13537,4.14894,4.16380,4.17995,4.19740,4.21617,4.23626,4.25771,4.28050,4.30467,4.33021,4.35713,4.38546,4.41518,4.44632,4.47888,4.51286,4.54827,4.58510,4.62337,4.66307,4.70419,4.74673,4.79068,4.83604,4.88278,4.93089,4.98035,5.03112,5.08319,5.13651,5.19104,5.24674,5.30354,5.36139,5.42021,5.47993,5.54044,5.60166,5.66347,5.72573,5.78832,5.85108,5.91385,5.97647,6.03882,6.09919,6.15898,6.21775,6.27519,6.33111,6.38562,6.44010,6.50251,6.64414,9.57137,7.04338,6.80642,6.77981,6.78471,6.79637,6.80802,6.81705,6.82222,6.82285,6.81855,6.80912,6.79446,6.77459,6.74957,6.71957,6.68479,6.64551,6.60204,6.55472,6.50394,6.45011,6.39364,6.33498,6.27454,6.21276,6.15006,6.08684,6.02349,5.96036,5.89780,5.83612,5.77561,5.71653,5.65911,5.60356,5.55007,5.49879,5.44987,5.40343,5.35956,5.31836,5.27988,5.24420,5.21134,5.18135,5.15425,5.13005,5.10877,5.09042,5.07497,5.06245,5.05283,5.04610,5.04225,5.04126,5.04312,5.04780,5.05528,5.06553,5.07853,5.09425,5.11266,5.13373,5.15740,5.18366,5.21244,5.24370,5.27739,5.31344,5.35178,5.39234,5.43503,5.47977,5.52644,5.57494,5.62513,5.67689,5.73005,5.78446,5.83994,5.89630,5.95333,6.01081,6.06852,6.12622,6.18364,6.24053,6.29663,6.35165,6.40533,6.45740,6.50760,6.55567,6.60136,6.64448,6.68481,6.72219,6.75650,6.78763,6.81552,6.84018,6.86163,6.87996,6.89530,6.90785,6.91784,6.92556,6.93134,6.93556,6.93865,6.94107,6.94333,6.94595,6.94951,6.95459,6.96182,6.97183,6.98529,7.00286,7.02525,7.05317,7.08735,7.12853,7.17749,7.23500,7.30187,7.37893,7.46702,7.56702,7.67980,7.80628,7.94737,8.10399,8.27705,8.46746,8.67606,8.90363,9.15087,9.41829,9.70622,10.01472,10.34349,10.69176,11.05824,11.44093,11.83703,12.24280,12.65346,13.06311,13.46465,13.84985,14.20947,14.53346,14.81133,15.03259,15.18734,15.26684,15.26413,15.17450,14.99587,14.72894,14.37712,13.94624,13.44405,12.87970,12.26307,11.60420,10.91277,10.19767,9.46675,8.72664,7.98268,7.23894,6.49829,5.76252,5.03243,4.30798,3.58842,2.87239,2.15800,1.44296,0.72460
5.73675,5.73651,5.73579,5.73458,5.73290,5.73073,5.72808,5.72495,5.72134,5.71724,5.71266,5.70759,5.70204,5.69600,5.68947,5.68245,5.67495,5.66695,5.65847,5.64950,5.64003,5.63007,5.61963,5.60869,5.59726,5.58534,5.57294,5.56004,5.54667,5.53280,5.51846,5.50363,5.48834,5.47257,5.45633,5.43963,5.42247,5.40486,5.38680,5.36830,5.34937,5.33002,5.31026,5.29009,5.26953,5.24858,5.22726,5.20559,5.18356,5.16121,5.13853,5.11556,5.09230,5.06877,5.04499,5.02097,4.99674,4.97232,4.94772,4.92297,4.89808,4.87309,4.84800,4.82286,4.79767,4.77247,4.74727,4.72211,4.69700,4.67198,4.64708,4.62230,4.59769,4.57327,4.54906,4.52510,4.50141,4.47801,4.45494,4.43221,4.40987,4.38792,4.36641,4.34535,4.32478,4.30471,4.28518,4.26620,4.24781,4.23003,4.21288,4.19639,4.18057,4.16547,4.15108,4.13745,4.12459,4.11252,4.10127,4.09085,4.08129,4.07261,4.06482,4.05795,4.05202,4.04704,4.04303,4.04001,4.03801,4.03702,4.03709,4.03821,4.04042,4.04371,4.04812,4.05366,4.06034,4.06818,4.07719,4.08739,4.09880,4.11142,4.12528,4.14038,4.15675,4.17439,4.19332,4.21355,4.23509,4.25795,4.28215,4.30770,4.33460,4.36286,4.39250,4.42352,4.45593,4.48973,4.52492,4.56152,4.59950,4.63889,4.67967,4.72184,4.76538,4.81029,4.85656,4.90416,4.95307,5.00326,5.05472,5.10739,5.16124,5.21621,5.27226,5.32933,5.38733,5.44619,5.50581,5.56611,5.62697,5.68825,5.74984,5.81156,5.87328,5.93479,5.99594,6.05659,6.11504,6.17263,6.22896,6.28369,6.33663,6.38790,6.43898,6.49854,6.64813,9.93525,6.98577,6.77668,6.74935,6.75033,6.75723,6.76378,6.76755,6.76741,6.76275,6.75326,6.73879,6.71929,6.69483,6.66553,6.63159,6.59326,6.55083,6.50464,6.45505,6.40246,6.34727,6.28989,6.23076,6.17027,6.10884,6.04686,5.98471,5.92274,5.86129,5.80066,5.74113,5.68297,5.62641,5.57164,5.51886,5.46823,5.41989,5.37395,5.33052,5.28968,5.25151,5.21607,5.18339,5.15351,5.12646,5.10226,5.08092,5.06244,5.04683,5.03407,5.02417,5.01711,5.01288,5.01146,5.01283,5.01698,5.02388,5.03350,5.04583,5.06082,5.07846,5.09870,5.12151,5.14685,5.17467,5.20493,5.23757,5.27252,5.30973,5.34912,5.39060,5.43408,5.47947,5.52665,5.57550,5.62589,5.67767,5.73068,5.78475,5.83971,5.89534,5.95144,6.00779,6.06415,6.12029,6.17595,6.23087,6.28480,6.33747,6.38863,6.43803,6.48541,6.53056,6.57327,6.61335,6.65064,6.68502,6.71640,6.74472,6.76998,6.79222,6.81152,6.82802,6.84190,6.85339,6.86278,6.87039,6.87660,6.88182,6.88652,6.89117,6.89632,6.90251,6.91033,6.92040,6.93334,6.94981,6.97049,6.99605,7.02723,7.06473,7.10931,7.16173,7.22277,7.29322,7.37391,7.46566,7.56933,7.68577,7.81586,7.96045,8.12041,8.29655,8.48967,8.70044,8.92948,9.17721,9.44385,9.72936,10.03333,10.35491,10.69268,11.04457,11.40774,11.77844,12.15193,12.52244,12.88309,13.22603,13.54251,13.82320,14.05848,14.23896,14.35599,14.40220,14.37206,14.26229,14.07210,13.80328,13.46003,13.04864,12.57701,12.05406,11.48920,10.89179,10.27069,9.63393,8.98852,8.34031,7.69401,7.05318,6.42034,5.79709,5.18423,4.58184,3.98944,3.40608,2.83039,2.26071,1.69508,1.13134,0.56714
5.60824,5.60800,5.60728,5.60607,5.60439,5.60223,5.59959,5.59646,5.59286,5.58877,5.58420,5.57915,5.57362,5.56760,5.56111,5.55412,5.54666,5.53871,5.53029,5.52137,5.51198,5.50211,5.49175,5.48092,5.46961,5.45783,5.44557,5.43284,5.41964,5.40597,5.39184,5.37725,5.36221,5.34671,5.33077,5.31440,5.29758,5.28035,5.26269,5.24462,5.22615,5.20728,5.18803,5.16841,5.14842,5.12808,5.10741,5.08640,5.06509,5.04348,5.02158,4.99942,4.97701,4.95436,4.93150,4.90844,4.88520,4.86180,4.83826,4.81461,4.79085,4.76702,4.74314,4.71923,4.69531,4.67140,4.64754,4.62373,4.60002,4.57642,4.55296,4.52966,4.50655,4.48365,4.46100,4.43860,4.41650,4.39472,4.37328,4.35220,4.33152,4.31126,4.29144,4.27209,4.25323,4.23490,4.21710,4.19987,4.18323,4.16720,4.15182,4.13709,4.12304,4.10970,4.09708,4.08521,4.07412,4.06381,4.05431,4.04564,4.03783,4.03088,4.02482,4.01968,4.01546,4.01218,4.00987,4.00854,4.00820,4.00889,4.01060,4.01337,4.01720,4.02211,4.02813,4.03525,4.04351,4.05291,4.06347,4.07520,4.08813,4.10226,4.11760,4.13418,4.15200,4.17108,4.19143,4.21307,4.23599,4.26023,4.28577,4.31265,4.34086,4.37041,4.40131,4.43356,4.46718,4.50216,4.53851,4.57622,4.61530,4.65574,4.69753,4.74067,4.78514,4.83094,4.87803,4.92640,4.97602,5.02687,5.07890,5.13207,5.18634,5.24164,5.29792,5.35511,5.41312,5.47188,5.53126,5.59118,5.65150,5.71209,5.77280,5.83347,5.89392,5.95398,6.01343,6.07217,6.12844,6.18362,6.23727,6.28905,6.33877,6.38659,6.43408,6.49067,6.65004,10.05634,6.92933,6.74294,6.71443,6.71141,6.71355,6.71507,6.71370,6.70843,6.69872,6.68431,6.66510,6.64112,6.61247,6.57931,6.54187,6.50044,6.45533,6.40689,6.35549,6.30153,6.24541,6.18753,6.12830,6.06811,6.00734,5.94636,5.88553,5.82515,5.76555,5.70699,5.64973,5.59400,5.54001,5.48793,5.43793,5.39015,5.34471,5.30171,5.26124,5.22337,5.18815,5.15565,5.12588,5.09889,5.07468,5.05328,5.03469,5.01890,5.00593,4.99575,4.98837,4.98376,4.98192,4.98282,4.98644,4.99277,5.00178,5.01344,5.02772,5.04460,5.06404,5.08600,5.11045,5.13733,5.16661,5.19822,5.23211,5.26822,5.30646,5.34676,5.38903,5.43317,5.47908,5.52663,5.57569,5.62613,5.67780,5.73051,5.78411,5.83840,5.89317,5.94821,6.00330,6.05821,6.11269,6.16650,6.21939,6.27111,6.32141,6.37005,6.41680,6.46145,6.50379,6.54364,6.58087,6.61534,6.64697,6.67572,6.70158,6.72460,6.74484,6.76246,6.77762,6.79056,6.80155,6.81091,6.81901,6.82626,6.83310,6.84002,6.84753,6.85619,6.86657,6.87928,6.89494,6.91419,6.93771,6.96618,7.00030,7.04080,7.08841,7.14390,7.20802,7.28157,7.36535,7.46018,7.56686,7.68624,7.81912,7.96632,8.12860,8.30668,8.50121,8.71271,8.94158,9.18796,9.45178,9.73257,10.02948,10.34109,10.66536,10.99952,11.33995,11.68211,12.02048,12.34855,12.65892,12.94341,13.19334,13.39989,13.55451,13.64944,13.67823,13.63621,13.52084,13.33197,13.07178,12.74467,12.35690,11.91612,11.43084,10.90991,10.36206,9.79547,9.21753,8.63466,8.05218,7.47437,6.90449,6.34486,5.79697,5.26162,4.73899,4.22880,3.73034,3.24260,2.76429,2.29395,1.82993,1.37045,0.91364,0.45751
5.48157,5.48133,5.48061,5.47942,5.47775,5.47561,5.47298,5.46988,5.46631,5.46225,5.45773,5.45272,5.44724,5.44128,5.43485,5.42794,5.42056,5.41270,5.40437,5.39557,5.38630,5.37656,5.36635,5.35568,5.34454,5.33294,5.32089,5.30838,5.29542,5.28201,5.26816,5.25387,5.23915,5.22399,5.20842,5.19243,5.17603,5.15923,5.14204,5.12446,5.10651,5.08819,5.06952,5.05050,5.03115,5.01149,4.99151,4.97124,4.95069,4.92987,4.90881,4.88751,4.86599,4.84427,4.82237,4.80030,4.77809,4.75576,4.73331,4.71078,4.68818,4.66554,4.64288,4.62022,4.59758,4.57498,4.55245,4.53002,4.50770,4.48551,4.46349,4.44166,4.42004,4.39865,4.37753,4.35669,4.33616,4.31596,4.29612,4.27667,4.25762,4.23900,4.22084,4.20316,4.18598,4.16933,4.15322,4.13769,4.12275,4.10843,4.09475,4.08174,4.06940,4.05777,4.04686,4.03670,4.02731,4.01870,4.01090,4.00392,3.99779,3.99252,3.98814,3.98465,3.98209,3.98046,3.97978,3.98008,3.98136,3.98365,3.98696,3.99131,3.99671,4.00318,4.01074,4.01940,4.02917,4.04008,4.05213,4.06535,4.07974,4.09531,4.11209,4.13009,4.14931,4.16978,4.19150,4.21448,4.23874,4.26429,4.29113,4.31928,4.34874,4.37952,4.41162,4.44505,4.47982,4.51592,4.55336,4.59213,4.63223,4.67365,4.71638,4.76042,4.80574,4.85233,4.90016,4.94922,4.99946,5.05085,5.10335,5.15691,5.21148,5.26698,5.32337,5.38054,5.43842,5.49691,5.55589,5.61526,5.67486,5.73457,5.79421,5.85361,5.91260,5.97097,6.02851,6.08509,6.13897,6.19149,6.24223,6.29084,6.33714,6.38130,6.42501,6.47856,6.64998,9.88678,6.87282,6.70494,6.67488,6.66781,6.66525,6.66184,6.65552,6.64533,6.63082,6.61179,6.58821,6.56012,6.52768,6.49109,6.45061,6.40653,6.35919,6.30895,6.25618,6.20127,6.14461,6.08660,6.02762,5.96803,5.90820,5.84847,5.78916,5.73056,5.67295,5.61658,5.56167,5.50843,5.45705,5.40768,5.36045,5.31550,5.27293,5.23282,5.19524,5.16026,5.12793,5.09828,5.07134,5.04713,5.02567,5.00697,4.99102,4.97782,4.96738,4.95968,4.95471,4.95244,4.95288,4.95600,4.96177,4.97017,4.98118,4.99477,5.01091,5.02956,5.05069,5.07427,5.10024,5.12856,5.15917,5.19202,5.22705,5.26418,5.30333,5.34442,5.38735,5.43201,5.47830,5.52609,5.57523,5.62559,5.67700,5.72929,5.78228,5.83577,5.88955,5.94342,5.99715,6.05051,6.10325,6.15515,6.20596,6.25545,6.30338,6.34954,6.39371,6.43571,6.47537,6.51254,6.54712,6.57901,6.60819,6.63464,6.65840,6.67957,6.69826,6.71465,6.72897,6.74149,6.75252,6.76242,6.77158,6.78045,6.78951,6.79924,6.81021,6.82298,6.83813,6.85629,6.87810,6.90422,6.93532,6.97210,7.01527,7.06557,7.12374,7.19053,7.26672,7.35309,7.45042,7.55951,7.68113,7.81605,7.96499,8.12864,8.30760,8.50236,8.71328,8.94050,9.18393,9.44312,9.71725,10.00498,10.30439,10.61286,10.92699,11.24252,11.55428,11.85620,12.14136,12.40216,12.63054,12.81831,12.95760,13.04126,13.06341,13.01983,12.90830,12.72881,12.48358,12.17683,11.81452,11.40390,10.95298,10.47008,9.96338,9.44056,8.90854,8.37333,7.83993,7.31236,6.79371,6.28618,5.79125,5.30975,4.84194,4.38768,3.94645,3.51746,3.09970,2.69201,2.29306,1.90147,1.51575,1.13436,0.75571,0.37815
5.35746,5.35722,5.35651,5.35534,5.35369,5.35157,5.34898,5.34592,5.34239,5.33839,5.33393,5.32899,5.32359,5.31772,5.31138,5.30458,5.29731,5.28958,5.28139,5.27274,5.26363,5.25407,5.24405,5.23359,5.22267,5.21132,5.19952,5.18728,5.17461,5.16151,5.14799,5.13406,5.11971,5.10495,5.08980,5.07425,5.05832,5.04201,5.02534,5.00831,4.99093,4.97322,4.95517,4.93681,4.91815,4.89920,4.87997,4.86047,4.84073,4.82075,4.80056,4.78016,4.75957,4.73881,4.71790,4.69686,4.67571,4.65445,4.63312,4.61173,4.59031,4.56887,4.54744,4.52603,4.50468,4.48339,4.46220,4.44112,4.42019,4.39941,4.37882,4.35844,4.33829,4.31839,4.29878,4.27946,4.26047,4.24183,4.22357,4.20569,4.18824,4.17123,4.15469,4.13863,4.12308,4.10807,4.09361,4.07972,4.06644,4.05377,4.04175,4.03039,4.01971,4.00973,4.00048,3.99197,3.98422,3.97726,3.97110,3.96575,3.96125,3.95760,3.95483,3.95295,3.95198,3.95194,3.95284,3.95470,3.95755,3.96138,3.96623,3.97211,3.97902,3.98700,3.99605,4.00619,4.01743,4.02979,4.04328,4.05792,4.07372,4.09070,4.10886,4.12822,4.14880,4.17060,4.19364,4.21792,4.24346,4.27027,4.29835,4.32772,4.35837,4.39032,4.42358,4.45813,4.49399,4.53115,4.56961,4.60937,4.65043,4.69276,4.73636,4.78122,4.82731,4.87461,4.92310,4.97274,5.02350,5.07534,5.12820,5.18204,5.23678,5.29237,5.34871,5.40573,5.46333,5.52140,5.57981,5.63845,5.69716,5.75579,5.81416,5.87210,5.92941,5.98587,6.04128,6.09550,6.14675,6.19640,6.24402,6.28925,6.33193,6.37224,6.41203,6.46250,6.64884,9.50334,6.81583,6.66308,6.63119,6.62008,6.61291,6.60474,6.59366,6.57881,6.55980,6.53650,6.50890,6.47710,6.44129,6.40170,6.35860,6.31232,6.26318,6.21156,6.15783,6.10236,6.04553,5.98771,5.92928,5.87057,5.81192,5.75364,5.69602,5.63934,5.58383,5.52973,5.47724,5.42653,5.37777,5.33110,5.28663,5.24447,5.20471,5.16743,5.13268,5.10052,5.07098,5.04410,5.01989,4.99838,4.97956,4.96345,4.95005,4.93934,4.93133,4.92600,4.92333,4.92331,4.92593,4.93115,4.93896,4.94934,4.96225,4.97766,4.99555,5.01587,5.03859,5.06367,5.09106,5.12070,5.15254,5.18652,5.22256,5.26060,5.30054,5.34230,5.38576,5.43083,5.47737,5.52527,5.57436,5.62451,5.67554,5.72728,5.77954,5.83212,5.88482,5.93742,5.98969,6.04143,6.09238,6.14233,6.19105,6.23831,6.28391,6.32764,6.36933,6.40882,6.44596,6.48064,6.51281,6.54240,6.56943,6.59392,6.61597,6.63570,6.65328,6.66893,6.68290,6.69552,6.70712,6.71810,6.72888,6.73994,6.75176,6.76489,6.77986,6.79728,6.81775,6.84190,6.87038,6.90385,6.94302,6.98857,7.04122,7.10171,7.17078,7.24918,7.33766,7.43699,7.54790,7.67113,7.80738,7.95729,8.12145,8.30034,8.49428,8.70345,8.92776,9.16684,9.41992,9.68579,9.96269,10.24823,10.53927,10.83189,11.12132,11.40196,11.66741,11.91061,12.12408,12.30019,12.43155,12.51147,12.53435,12.49617,12.39472,12.22988,12.00359,11.71970,11.38372,11.00238,10.58320,10.13399,9.66250,9.17599,8.68108,8.18349,7.68805,7.19866,6.71833,6.24924,5.79289,5.35017,4.92145,4.50669,4.10553,3.71735,3.34132,2.97648,2.62175,2.27598,1.93794,1.60639,1.28004,0.95757,0.63764,0.31891
5.23619,5.23596,5.23526,5.23411,5.23249,5.23041,5.22786,5.22486,5.22139,5.21746,5.21308,5.20823,5.20293,5.19718,5.19096,5.18429,5.17718,5.16961,5.16159,5.15313,5.14422,5.13487,5.12509,5.11487,5.10422,5.09314,5.08164,5.06972,5.05739,5.04465,5.03151,5.01797,5.00404,4.98973,4.97504,4.95999,4.94457,4.92881,4.91270,4.89626,4.87950,4.86242,4.84505,4.82739,4.80946,4.79126,4.77281,4.75413,4.73523,4.71612,4.69682,4.67735,4.65772,4.63795,4.61806,4.59806,4.57797,4.55782,4.53761,4.51738,4.49714,4.47690,4.45670,4.43656,4.41648,4.39650,4.37663,4.35691,4.33734,4.31796,4.29878,4.27983,4.26113,4.24270,4.22456,4.20674,4.18926,4.17215,4.15542,4.13909,4.12319,4.10775,4.09277,4.07830,4.06434,4.05091,4.03805,4.02576,4.01408,4.00302,3.99260,3.98284,3.97376,3.96539,3.95774,3.95082,3.94467,3.93929,3.93471,3.93094,3.92801,3.92593,3.92471,3.92438,3.92495,3.92644,3.92887,3.93225,3.93659,3.94192,3.94826,3.95560,3.96398,3.97341,3.98390,3.99546,4.00812,4.02188,4.03676,4.05278,4.06994,4.08826,4.10775,4.12843,4.15031,4.17339,4.19770,4.22323,4.25000,4.27802,4.30729,4.33782,4.36961,4.40268,4.43702,4.47264,4.50952,4.54768,4.58711,4.62779,4.66973,4.71290,4.75729,4.80289,4.84967,4.89760,4.94665,4.99678,5.04796,5.10013,5.15324,5.20723,5.26203,5.31755,5.37372,5.43044,5.48760,5.54508,5.60276,5.66049,5.71811,5.77547,5.83238,5.88864,5.94406,5.99841,6.05147,6.10310,6.15151,6.19809,6.24238,6.28404,6.32292,6.35924,6.39498,6.44238,6.64721,9.03392,6.75772,6.61734,6.58341,6.56831,6.55668,6.54394,6.52834,6.50912,6.48594,6.45871,6.42748,6.39238,6.35361,6.31144,6.26616,6.21809,6.16757,6.11497,6.06064,6.00496,5.94829,5.89097,5.83335,5.77575,5.71848,5.66183,5.60605,5.55140,5.49809,5.44632,5.39628,5.34813,5.30199,5.25800,5.21625,5.17685,5.13985,5.10534,5.07334,5.04392,5.01709,4.99288,4.97132,4.95240,4.93613,4.92252,4.91156,4.90324,4.89756,4.89450,4.89404,4.89616,4.90085,4.90809,4.91784,4.93008,4.94479,4.96193,4.98146,5.00336,5.02756,5.05404,5.08273,5.11359,5.14655,5.18154,5.21849,5.25732,5.29793,5.34023,5.38412,5.42946,5.47614,5.52402,5.57295,5.62276,5.67330,5.72437,5.77579,5.82737,5.87888,5.93013,5.98089,6.03095,6.08008,6.12806,6.17469,6.21976,6.26309,6.30449,6.34381,6.38093,6.41574,6.44816,6.47817,6.50576,6.53096,6.55386,6.57458,6.59330,6.61021,6.62558,6.63970,6.65291,6.66561,6.67819,6.69113,6.70490,6.72003,6.73706,6.75657,6.77916,6.80544,6.83606,6.87167,6.91295,6.96059,7.01529,7.07776,7.14874,7.22894,7.31910,7.41993,7.53213,7.65638,7.79332,7.94349,8.10739,8.28534,8.47754,8.68395,8.90426,9.13782,9.38356,9.63993,9.90475,10.17523,10.44780,10.71812,10.98107,11.23077,11.46071,11.66393,11.83329,11.96182,12.04310,12.07171,12.04359,11.95641,11.80969,11.60495,11.34553,11.03636,10.68361,10.29428,9.87573,9.43528,8.97993,8.51604,8.04919,7.58413,7.12471,6.67395,6.23410,5.80670,5.39274,4.99270,4.60666,4.23438,3.87538,3.52898,3.19438,2.87065,2.55680,2.25181,1.95461,1.66411,1.37921,1.09882,0.82182,0.54710,0.27354
5.11805,5.11783,5.11715,5.11602,5.11443,5.11240,5.10991,5.10697,5.10358,5.09974,5.09546,5.09072,5.08554,5.07992,5.07386,5.06735,5.06041,5.05303,5.04521,5.03697,5.02829,5.01919,5.00967,4.99974,4.98939,4.97863,4.96747,4.95590,4.94395,4.93160,4.91888,4.90578,4.89231,4.87848,4.86430,4.84977,4.83491,4.81972,4.80421,4.78840,4.77229,4.75590,4.73923,4.72230,4.70513,4.68771,4.67008,4.65224,4.63420,4.61599,4.59761,4.57908,4.56043,4.54166,4.52279,4.50385,4.48484,4.46580,4.44672,4.42765,4.40859,4.38956,4.37058,4.35169,4.33288,4.31420,4.29565,4.27726,4.25904,4.24103,4.22324,4.20570,4.18842,4.17142,4.15474,4.13838,4.12238,4.10675,4.09151,4.07670,4.06231,4.04839,4.03495,4.02201,4.00958,3.99771,3.98639,3.97565,3.96552,3.95601,3.94714,3.93894,3.93141,3.92458,3.91848,3.91310,3.90849,3.90464,3.90159,3.89935,3.89793,3.89736,3.89764,3.89881,3.90087,3.90383,3.90773,3.91257,3.91837,3.92514,3.93290,3.94167,3.95146,3.96229,3.97416,3.98710,4.00112,4.01624,4.03246,4.04980,4.06827,4.08789,4.10867,4.13061,4.15374,4.17805,4.20357,4.23030,4.25825,4.28742,4.31782,4.34947,4.38235,4.41647,4.45184,4.48846,4.52631,4.56540,4.60572,4.64726,4.69000,4.73394,4.77904,4.82530,4.87267,4.92113,4.97065,5.02117,5.07266,5.12505,5.17829,5.23231,5.28702,5.34235,5.39820,5.45446,5.51101,5.56774,5.62450,5.68113,5.73748,5.79337,5.84861,5.90300,5.95631,6.00833,6.05883,6.10766,6.15304,6.19634,6.23712,6.27505,6.30998,6.34218,6.37377,6.41815,6.64597,8.57461,6.69807,6.56780,6.53169,6.51269,6.49678,6.47971,6.45987,6.43658,6.40957,6.37879,6.34431,6.30631,6.26500,6.22067,6.17361,6.12416,6.07264,6.01943,5.96486,5.90929,5.85306,5.79650,5.73993,5.68365,5.62793,5.57305,5.51923,5.46670,5.41565,5.36626,5.31870,5.27310,5.22957,5.18824,5.14918,5.11247,5.07818,5.04636,5.01704,4.99027,4.96607,4.94446,4.92544,4.90902,4.89521,4.88400,4.87539,4.86937,4.86591,4.86502,4.86667,4.87084,4.87751,4.88665,4.89825,4.91227,4.92868,4.94744,4.96852,4.99188,5.01747,5.04524,5.07513,5.10710,5.14107,5.17696,5.21471,5.25422,5.29539,5.33812,5.38231,5.42781,5.47451,5.52226,5.57090,5.62028,5.67021,5.72051,5.77100,5.82148,5.87174,5.92157,5.97076,6.01911,6.06640,6.11242,6.15699,6.19993,6.24106,6.28024,6.31735,6.35228,6.38497,6.41537,6.44350,6.46938,6.49310,6.51478,6.53457,6.55269,6.56938,6.58493,6.59967,6.61398,6.62826,6.64296,6.65855,6.67554,6.69448,6.71591,6.74043,6.76865,6.80120,6.83871,6.88186,6.93132,6.98777,7.05191,7.12445,7.20608,7.29749,7.39937,7.51238,7.63712,7.77415,7.92395,8.08688,8.26315,8.45279,8.65558,8.87097,9.09807,9.33553,9.58144,9.83332,10.08800,10.34157,10.58939,10.82612,11.04577,11.24188,11.40777,11.53682,11.62282,11.66042,11.64545,11.57528,11.44901,11.26758,11.03372,10.75173,10.42716,10.06645,9.67651,9.26432,8.83660,8.39955,7.95870,7.51875,7.08361,6.65636,6.23934,5.83423,5.44211,5.06359,4.69888,4.34786,4.01018,3.68528,3.37247,3.07096,2.77989,2.49836,2.22542,1.96014,1.70156,1.44874,1.20072,0.95658,0.71537,0.47616,0.23802
5.00370,5.00348,5.00282,5.00172,5.00017,4.99819,4.99576,4.99290,4.98960,4.98587,4.98169,4.97709,4.97205,4.96658,4.96068,4.95436,4.94761,4.94044,4.93286,4.92485,4.91644,4.90762,4.89839,4.88877,4.87875,4.86833,4.85754,4.84636,4.83481,4.82289,4.81062,4.79799,4.78501,4.77169,4.75804,4.74408,4.72980,4.71521,4.70034,4.68518,4.66975,4.65406,4.63812,4.62195,4.60555,4.58895,4.57214,4.55516,4.53800,4.52070,4.50325,4.48569,4.46802,4.45026,4.43242,4.41454,4.39661,4.37867,4.36073,4.34280,4.32491,4.30708,4.28933,4.27167,4.25412,4.23671,4.21946,4.20238,4.18549,4.16883,4.15240,4.13623,4.12034,4.10475,4.08948,4.07456,4.05999,4.04581,4.03203,4.01868,4.00577,3.99332,3.98136,3.96991,3.95898,3.94860,3.93878,3.92954,3.92091,3.91290,3.90554,3.89883,3.89280,3.88747,3.88285,3.87897,3.87584,3.87348,3.87190,3.87112,3.87117,3.87205,3.87379,3.87640,3.87989,3.88429,3.88960,3.89585,3.90305,3.91122,3.92036,3.93050,3.94165,3.95383,3.96704,3.98131,3.99665,4.01307,4.03058,4.04920,4.06893,4.08980,4.11181,4.13498,4.15931,4.18481,4.21149,4.23937,4.26844,4.29872,4.33021,4.36290,4.39682,4.43195,4.46829,4.50584,4.54460,4.58456,4.62571,4.66803,4.71151,4.75613,4.80187,4.84870,4.89658,4.94548,4.99536,5.04617,5.09786,5.15036,5.20361,5.25752,5.31202,5.36701,5.42238,5.47803,5.53382,5.58962,5.64529,5.70065,5.75554,5.80976,5.86313,5.91544,5.96645,6.01594,6.06368,6.10952,6.15168,6.19153,6.22864,6.26270,6.29356,6.32155,6.34894,6.39041,6.64691,8.16970,6.63714,6.51514,6.47678,6.45403,6.43404,6.41290,6.38913,6.36210,6.33162,6.29765,6.26032,6.21981,6.17637,6.13027,6.08182,6.03136,5.97920,5.92571,5.87121,5.81603,5.76050,5.70493,5.64961,5.59481,5.54078,5.48778,5.43600,5.38566,5.33691,5.28993,5.24485,5.20178,5.16085,5.12213,5.08570,5.05163,5.01998,4.99078,4.96406,4.93987,4.91821,4.89909,4.88253,4.86852,4.85707,4.84817,4.84181,4.83798,4.83666,4.83784,4.84150,4.84762,4.85618,4.86714,4.88049,4.89618,4.91419,4.93448,4.95702,4.98174,5.00862,5.03758,5.06858,5.10156,5.13643,5.17313,5.21156,5.25164,5.29327,5.33633,5.38070,5.42626,5.47288,5.52039,5.56864,5.61748,5.66671,5.71616,5.76564,5.81495,5.86390,5.91227,5.95987,6.00649,6.05195,6.09605,6.13862,6.17950,6.21855,6.25565,6.29071,6.32365,6.35445,6.38310,6.40964,6.43414,6.45673,6.47756,6.49682,6.51477,6.53167,6.54786,6.56369,6.57956,6.59591,6.61320,6.63192,6.65261,6.67581,6.70211,6.73208,6.76636,6.80556,6.85035,6.90138,6.95931,7.02483,7.09861,7.18132,7.27362,7.37615,7.48951,7.61426,7.75088,7.89975,8.06112,8.23507,8.42148,8.61993,8.82969,9.04961,9.27808,9.51291,9.75133,9.98987,10.22438,10.45002,10.66133,10.85235,11.01683,11.14846,11.24125,11.28986,11.28994,11.23851,11.13417,10.97724,10.76975,10.51527,10.21871,9.88593,9.52334,9.13759,8.73515,8.32213,7.90399,7.48549,7.07061,6.66257,6.26384,5.87624,5.50101,5.13889,4.79024,4.45507,4.13314,3.82401,3.52710,3.24172,2.96711,2.70245,2.44692,2.19967,1.95985,1.72662,1.49914,1.27659,1.05816,0.84304,0.63046,0.41961,0.20972
4.89307,4.89286,4.89222,4.89115,4.88965,4.88772,4.88537,4.88260,4.87939,4.87577,4.87173,4.86726,4.86238,4.85708,4.85137,4.84524,4.83871,4.83178,4.82444,4.81670,4.80857,4.80005,4.79114,4.78185,4.77218,4.76214,4.75174,4.74097,4.72985,4.71839,4.70659,4.69445,4.68199,4.66921,4.65612,4.64274,4.62906,4.61511,4.60089,4.58641,4.57168,4.55671,4.54152,4.52612,4.51052,4.49473,4.47877,4.46265,4.44639,4.43000,4.41350,4.39690,4.38021,4.36347,4.34667,4.32984,4.31299,4.29615,4.27933,4.26254,4.24582,4.22917,4.21262,4.19618,4.17987,4.16372,4.14773,4.13194,4.11637,4.10102,4.08592,4.07110,4.05657,4.04235,4.02846,4.01492,4.00176,3.98898,3.97662,3.96469,3.95321,3.94220,3.93168,3.92167,3.91219,3.90325,3.89488,3.88710,3.87992,3.87336,3.86745,3.86219,3.85761,3.85372,3.85055,3.84810,3.84641,3.84547,3.84532,3.84596,3.84742,3.84971,3.85285,3.85685,3.86173,3.86750,3.87419,3.88180,3.89035,3.89986,3.91034,3.92180,3.93427,3.94775,3.96225,3.97780,3.99441,4.01208,4.03084,4.05069,4.07164,4.09371,4.11691,4.14124,4.16673,4.19337,4.22117,4.25014,4.28029,4.31162,4.34413,4.37783,4.41272,4.44879,4.48604,4.52447,4.56407,4.60483,4.64673,4.68976,4.73390,4.77913,4.82541,4.87272,4.92102,4.97026,5.02040,5.07139,5.12316,5.17564,5.22877,5.28245,5.33659,5.39109,5.44583,5.50070,5.55556,5.61026,5.66464,5.71854,5.77177,5.82414,5.87545,5.92547,5.97398,6.02075,6.06554,6.10821,6.14698,6.18322,6.21653,6.24659,6.27329,6.29700,6.32018,6.35890,6.65128,7.82773,6.57442,6.45920,6.41859,6.39225,6.36843,6.34351,6.31611,6.28570,6.25210,6.21533,6.17553,6.13291,6.08771,6.04022,5.99075,5.93963,5.88716,5.83370,5.77954,5.72501,5.67041,5.61602,5.56212,5.50894,5.45673,5.40570,5.35604,5.30792,5.26151,5.21694,5.17433,5.13379,5.09540,5.05926,5.02541,4.99392,4.96483,4.93818,4.91399,4.89228,4.87307,4.85637,4.84218,4.83049,4.82131,4.81462,4.81042,4.80869,4.80942,4.81258,4.81817,4.82614,4.83649,4.84918,4.86418,4.88146,4.90098,4.92271,4.94659,4.97259,5.00065,5.03072,5.06273,5.09661,5.13228,5.16968,5.20870,5.24925,5.29122,5.33450,5.37896,5.42447,5.47089,5.51807,5.56584,5.61405,5.66250,5.71102,5.75942,5.80751,5.85509,5.90197,5.94796,5.99287,6.03653,6.07875,6.11940,6.15833,6.19543,6.23061,6.26380,6.29497,6.32412,6.35129,6.37655,6.40001,6.42182,6.44217,6.46130,6.47949,6.49703,6.51429,6.53166,6.54955,6.56841,6.58875,6.61105,6.63587,6.66377,6.69533,6.73115,6.77184,6.81805,6.87041,6.92958,6.99619,7.07092,7.15439,7.24723,7.35004,7.46336,7.58769,7.72342,7.87086,8.03015,8.20123,8.38384,8.57738,8.78093,8.99313,9.21211,9.43548,9.66019,9.88257,10.09829,10.30240,10.48944,10.65359,10.78887,10.88948,10.95009,10.96619,10.93443,10.85287,10.72115,10.54057,10.31395,10.04546,9.74033,9.40448,9.04417,8.66564,8.27487,7.87733,7.47784,7.08051,6.68869,6.30505,5.93157,5.56969,5.22031,4.88393,4.56071,4.25052,3.95305,3.66781,3.39422,3.13158,2.87918,2.63625,2.40203,2.17575,1.95662,1.74390,1.53685,1.33473,1.13683,0.94247,0.75095,0.56161,0.37378,0.18679
4.78650,4.78630,4.78567,4.78464,4.78319,4.78133,4.77906,4.77637,4.77328,4.76978,4.76587,4.76156,4.75684,4.75173,4.74621,4.74030,4.73400,4.72732,4.72024,4.71279,4.70496,4.69675,4.68818,4.67924,4.66995,4.66030,4.65031,4.63998,4.62931,4.61832,4.60701,4.59539,4.58346,4.57124,4.55873,4.54595,4.53290,4.51959,4.50603,4.49224,4.47822,4.46399,4.44956,4.43494,4.42015,4.40519,4.39008,4.37484,4.35947,4.34400,4.32844,4.31280,4.29711,4.28136,4.26559,4.24981,4.23404,4.21828,4.20257,4.18692,4.17134,4.15586,4.14048,4.12524,4.11015,4.09523,4.08050,4.06597,4.05167,4.03761,4.02381,4.01030,3.99710,3.98421,3.97166,3.95948,3.94767,3.93627,3.92528,3.91473,3.90464,3.89502,3.88589,3.87728,3.86919,3.86166,3.85470,3.84832,3.84254,3.83739,3.83287,3.82902,3.82583,3.82334,3.82156,3.82050,3.82019,3.82064,3.82186,3.82387,3.82670,3.83035,3.83483,3.84018,3.84640,3.85350,3.86151,3.87043,3.88029,3.89109,3.90286,3.91560,3.92934,3.94407,3.95983,3.97661,3.99444,4.01333,4.03328,4.05432,4.07644,4.09967,4.12401,4.14946,4.17605,4.20378,4.23265,4.26267,4.29384,4.32617,4.35965,4.39430,4.43010,4.46706,4.50516,4.54440,4.58478,4.62626,4.66885,4.71251,4.75723,4.80297,4.84972,4.89741,4.94603,4.99551,5.04580,5.09685,5.14858,5.20093,5.25380,5.30710,5.36074,5.41459,5.46855,5.52248,5.57623,5.62965,5.68257,5.73482,5.78621,5.83653,5.88557,5.93312,5.97894,6.02280,6.06448,6.10382,6.13904,6.17155,6.20094,6.22692,6.24940,6.26880,6.28778,6.32395,6.66145,7.54246,6.51009,6.40044,6.35760,6.32789,6.30050,6.27210,6.24141,6.20795,6.17161,6.13241,6.09052,6.04616,5.99957,5.95105,5.90090,5.84943,5.79696,5.74379,5.69023,5.63657,5.58309,5.53006,5.47771,5.42628,5.37597,5.32698,5.27948,5.23363,5.18956,5.14739,5.10724,5.06918,5.03331,4.99969,4.96836,4.93938,4.91279,4.88861,4.86686,4.84757,4.83072,4.81635,4.80443,4.79498,4.78797,4.78341,4.78128,4.78156,4.78425,4.78930,4.79672,4.80646,4.81851,4.83284,4.84940,4.86818,4.88912,4.91219,4.93734,4.96452,4.99367,5.02474,5.05766,5.09235,5.12873,5.16673,5.20623,5.24715,5.28937,5.33277,5.37722,5.42259,5.46873,5.51548,5.56268,5.61017,5.65777,5.70530,5.75257,5.79940,5.84559,5.89098,5.93536,5.97859,6.02049,6.06091,6.09973,6.13683,6.17213,6.20556,6.23709,6.26673,6.29449,6.32047,6.34475,6.36750,6.38888,6.40914,6.42853,6.44736,6.46597,6.48473,6.50406,6.52439,6.54621,6.57000,6.59630,6.62565,6.65863,6.69581,6.73781,6.78524,6.83872,6.89888,6.96635,7.04175,7.12570,7.21877,7.32152,7.43444,7.55796,7.69242,7.83800,7.99476,8.16253,8.34087,8.52906,8.72598,8.93007,9.13929,9.35102,9.56203,9.76850,9.96599,10.14951,10.31370,10.45293,10.56161,10.63446,10.66681,10.65497,10.59648,10.49031,10.33696,10.13847,9.89825,9.62082,9.31155,8.97627,8.62098,8.25151,7.87331,7.49129,7.10969,6.73207,6.36128,5.99952,5.64842,5.30908,4.98217,4.66800,4.36658,4.07771,3.80102,3.53599,3.28203,3.03849,2.80467,2.57986,2.36335,2.15442,1.95237,1.75651,1.56618,1.38072,1.19951,1.02193,0.84738,0.67528,0.50506,0.33614,0.16798
4.68427,4.68407,4.68348,4.68248,4.68108,4.67929,4.67710,4.67451,4.67153,4.66816,4.66440,4.66025,4.65571,4.65079,4.64548,4.63980,4.63375,4.62732,4.62052,4.61337,4.60585,4.59798,4.58975,4.58119,4.57228,4.56304,4.55348,4.54359,4.53339,4.52289,4.51208,4.50099,4.48961,4.47796,4.46604,4.45387,4.44145,4.42880,4.41592,4.40283,4.38954,4.37605,4.36238,4.34855,4.33456,4.32043,4.30618,4.29181,4.27734,4.26278,4.24816,4.23348,4.21876,4.20401,4.18926,4.17452,4.15980,4.14512,4.13050,4.11596,4.10151,4.08717,4.07296,4.05889,4.04499,4.03128,4.01776,4.00446,3.99141,3.97860,3.96608,3.95384,3.94192,3.93033,3.91909,3.90822,3.89774,3.88766,3.87800,3.86879,3.86004,3.85177,3.84399,3.83673,3.83000,3.82382,3.81821,3.81319,3.80877,3.80497,3.80182,3.79931,3.79748,3.79634,3.79590,3.79619,3.79721,3.79899,3.80154,3.80488,3.80902,3.81398,3.81977,3.82642,3.83392,3.84231,3.85160,3.86179,3.87291,3.88497,3.89798,3.91195,3.92691,3.94286,3.95982,3.97780,3.99681,4.01686,4.03797,4.06015,4.08340,4.10773,4.13317,4.15970,4.18735,4.21612,4.24601,4.27702,4.30917,4.34244,4.37685,4.41238,4.44905,4.48683,4.52572,4.56571,4.60678,4.64893,4.69212,4.73634,4.78156,4.82774,4.87484,4.92283,4.97166,5.02128,5.07161,5.12261,5.17418,5.22625,5.27873,5.33152,5.38450,5.43756,5.49057,5.54339,5.59586,5.64783,5.69911,5.74953,5.79888,5.84697,5.89357,5.93846,5.98142,6.02221,6.06061,6.09647,6.12803,6.15669,6.18208,6.20392,6.22215,6.23725,6.25208,6.28599,6.68050,7.30345,6.44440,6.33935,6.29436,6.26150,6.23083,6.19926,6.16561,6.12947,6.09074,6.04948,6.00587,5.96011,5.91248,5.86326,5.81274,5.76122,5.70901,5.65638,5.60363,5.55103,5.49884,5.44729,5.39662,5.34702,5.29868,5.25179,5.20648,5.16290,5.12117,5.08139,5.04366,5.00806,4.97465,4.94349,4.91462,4.88809,4.86392,4.84213,4.82274,4.80577,4.79121,4.77908,4.76935,4.76204,4.75713,4.75461,4.75446,4.75667,4.76122,4.76808,4.77724,4.78867,4.80233,4.81820,4.83625,4.85643,4.87871,4.90303,4.92935,4.95763,4.98778,5.01976,5.05350,5.08891,5.12590,5.16440,5.20430,5.24550,5.28787,5.33130,5.37565,5.42078,5.46655,5.51280,5.55937,5.60608,5.65277,5.69925,5.74535,5.79089,5.83570,5.87959,5.92240,5.96399,6.00420,6.04291,6.08002,6.11543,6.14910,6.18098,6.21107,6.23941,6.26607,6.29114,6.31477,6.33714,6.35846,6.37900,6.39903,6.41890,6.43897,6.45964,6.48134,6.50452,6.52968,6.55733,6.58800,6.62224,6.66064,6.70377,6.75223,6.80663,6.86757,6.93566,7.01150,7.09566,7.18868,7.29108,7.40329,7.52568,7.65851,7.80189,7.95576,8.11984,8.29357,8.47608,8.66608,8.86186,9.06120,9.26132,9.45885,9.64987,9.82988,9.99396,10.13688,10.25327,10.33796,10.38620,10.39398,10.35837,10.27766,10.15162,9.98143,9.76970,9.52020,9.23769,8.92750,8.59532,8.24681,7.88738,7.52201,7.15510,6.79038,6.43094,6.07923,5.73708,5.40581,5.08629,4.77900,4.48410,4.20152,3.93098,3.67208,3.42431,3.18706,2.95972,2.74162,2.53209,2.33046,2.13608,1.94830,1.76648,1.59003,1.41836,1.25089,1.08709,0.92641,0.76835,0.61240,0.45807,0.30488,0.15235
4.58633,4.58614,4.58557,4.58461,4.58327,4.58155,4.57944,4.57696,4.57410,4.57086,4.56725,4.56327,4.55892,4.55420,4.54911,4.54367,4.53786,4.53171,4.52520,4.51835,4.51116,4.50363,4.49577,4.48758,4.47907,4.47025,4.46113,4.45170,4.44198,4.43197,4.42168,4.41113,4.40031,4.38923,4.37792,4.36636,4.35459,4.34260,4.33040,4.31801,4.30544,4.29270,4.27980,4.26676,4.25358,4.24028,4.22687,4.21337,4.19979,4.18614,4.17245,4.15872,4.14496,4.13121,4.11746,4.10374,4.09006,4.07644,4.06289,4.04944,4.03609,4.02287,4.00980,3.99688,3.98415,3.97161,3.95928,3.94719,3.93534,3.92376,3.91247,3.90148,3.89081,3.88048,3.87051,3.86091,3.85171,3.84291,3.83455,3.82663,3.81918,3.81221,3.80574,3.79979,3.79437,3.78950,3.78521,3.78149,3.77839,3.77590,3.77405,3.77285,3.77233,3.77249,3.77335,3.77493,3.77725,3.78031,3.78415,3.78876,3.79418,3.80040,3.80746,3.81536,3.82411,3.83374,3.84426,3.85568,3.86802,3.88128,3.89549,3.91066,3.92680,3.94392,3.96204,3.98117,4.00132,4.02249,4.04471,4.06798,4.09232,4.11772,4.14420,4.17177,4.20043,4.23019,4.26104,4.29301,4.32607,4.36024,4.39551,4.43188,4.46933,4.50788,4.54749,4.58816,4.62987,4.67259,4.71632,4.76101,4.80663,4.85316,4.90053,4.94872,4.99766,5.04729,5.09755,5.14837,5.19965,5.25132,5.30326,5.35538,5.40756,5.45967,5.51156,5.56310,5.61412,5.66445,5.71391,5.76231,5.80945,5.85512,5.89911,5.94118,5.98111,6.01867,6.05365,6.08592,6.11370,6.13845,6.15978,6.17746,6.19144,6.20227,6.21304,6.24501,6.71195,7.10021,6.37723,6.27599,6.22897,6.19321,6.15956,6.12514,6.08888,6.05040,6.00964,5.96667,5.92167,5.87487,5.82652,5.77690,5.72629,5.67499,5.62327,5.57140,5.51966,5.46828,5.41752,5.36758,5.31867,5.27097,5.22466,5.17989,5.13680,5.09549,5.05609,5.01868,4.98334,4.95014,4.91914,4.89038,4.86391,4.83975,4.81793,4.79846,4.78136,4.76663,4.75427,4.74429,4.73668,4.73142,4.72852,4.72795,4.72970,4.73375,4.74008,4.74867,4.75949,4.77251,4.78771,4.80505,4.82448,4.84599,4.86951,4.89500,4.92241,4.95169,4.98276,5.01557,5.05003,5.08606,5.12358,5.16250,5.20270,5.24408,5.28652,5.32989,5.37406,5.41888,5.46420,5.50987,5.55573,5.60161,5.64734,5.69274,5.73765,5.78189,5.82531,5.86773,5.90902,5.94903,5.98764,6.02474,6.06027,6.09415,6.12636,6.15689,6.18578,6.21309,6.23891,6.26338,6.28668,6.30900,6.33061,6.35178,6.37284,6.39413,6.41604,6.43900,6.46345,6.48986,6.51873,6.55058,6.58595,6.62540,6.66950,6.71883,6.77396,6.83549,6.90400,6.98005,7.06418,7.15691,7.25869,7.36992,7.49089,7.62180,7.76267,7.91335,8.07346,8.24231,8.41889,8.60180,8.78918,8.97865,9.16732,9.35173,9.52790,9.69135,9.83724,9.96052,10.05617,10.11940,10.14600,10.13259,10.07690,9.97791,9.83602,9.65295,9.43171,9.17634,8.89164,8.58289,8.25552,7.91487,7.56595,7.21328,6.86082,6.51188,6.16916,5.83473,5.51017,5.19655,4.89454,4.60448,4.32643,4.06024,3.80561,3.56210,3.32919,3.10632,2.89286,2.68820,2.49170,2.30274,2.12070,1.94499,1.77502,1.61024,1.45012,1.29414,1.14180,0.99262,0.84616,0.70196,0.55958,0.41861,0.27863,0.13923
4.49296,4.49277,4.49222,4.49131,4.49002,4.48837,4.48636,4.48399,4.48125,4.47815,4.47470,4.47089,4.46673,4.46221,4.45736,4.45215,4.44661,4.44073,4.43452,4.42798,4.42112,4.41394,4.40645,4.39865,4.39056,4.38216,4.37348,4.36452,4.35528,4.34577,4.33601,4.32599,4.31574,4.30525,4.29453,4.28361,4.27247,4.26114,4.24963,4.23795,4.22610,4.21410,4.20197,4.18970,4.17733,4.16485,4.15228,4.13964,4.12694,4.11420,4.10142,4.08862,4.07582,4.06303,4.05027,4.03756,4.02490,4.01231,3.99982,3.98743,3.97517,3.96305,3.95108,3.93929,3.92769,3.91629,3.90512,3.89420,3.88353,3.87314,3.86305,3.85326,3.84381,3.83470,3.82596,3.81760,3.80963,3.80209,3.79497,3.78831,3.78212,3.77641,3.77120,3.76651,3.76236,3.75876,3.75573,3.75329,3.75145,3.75023,3.74964,3.74971,3.75044,3.75186,3.75398,3.75681,3.76038,3.76469,3.76976,3.77561,3.78226,3.78971,3.79798,3.80709,3.81706,3.82789,3.83960,3.85220,3.86571,3.88015,3.89552,3.91184,3.92912,3.94737,3.96661,3.98684,4.00808,4.03034,4.05363,4.07796,4.10333,4.12976,4.15724,4.18580,4.21542,4.24612,4.27790,4.31075,4.34469,4.37969,4.41577,4.45291,4.49111,4.53035,4.57061,4.61189,4.65416,4.69740,4.74157,4.78665,4.83259,4.87937,4.92692,4.97519,5.02414,5.07368,5.12374,5.17425,5.22512,5.27624,5.32751,5.37882,5.43003,5.48102,5.53164,5.58173,5.63112,5.67965,5.72711,5.77332,5.81808,5.86116,5.90236,5.94145,5.97821,6.01242,6.04387,6.07244,6.09638,6.11715,6.13441,6.14792,6.15770,6.16433,6.17115,6.20158,6.76110,6.92461,6.30903,6.21099,6.16208,6.12368,6.08735,6.05041,6.01187,5.97140,5.92894,5.88460,5.83854,5.79100,5.74223,5.69249,5.64206,5.59120,5.54019,5.48927,5.43868,5.38867,5.33945,5.29121,5.24414,5.19840,5.15415,5.11152,5.07063,5.03159,4.99450,4.95942,4.92643,4.89558,4.86693,4.84052,4.81637,4.79451,4.77496,4.75774,4.74284,4.73027,4.72004,4.71213,4.70654,4.70327,4.70229,4.70359,4.70716,4.71297,4.72100,4.73123,4.74363,4.75817,4.77481,4.79353,4.81428,4.83703,4.86171,4.88829,4.91671,4.94690,4.97881,5.01235,5.04745,5.08403,5.12199,5.16124,5.20166,5.24314,5.28556,5.32880,5.37270,5.41714,5.46195,5.50699,5.55209,5.59709,5.64182,5.68612,5.72983,5.77279,5.81484,5.85583,5.89565,5.93416,5.97127,6.00690,6.04100,6.07352,6.10447,6.13388,6.16180,6.18833,6.21360,6.23777,6.26105,6.28367,6.30591,6.32807,6.35050,6.37358,6.39771,6.42331,6.45087,6.48084,6.51376,6.55013,6.59050,6.63542,6.68545,6.74116,6.80310,6.87184,6.94790,7.03181,7.12402,7.22496,7.33497,7.45428,7.58302,7.72115,7.86841,8.02433,8.18812,8.35865,8.53440,8.71339,8.89314,9.07066,9.24245,9.40449,9.55238,9.68140,9.78674,9.86367,9.90786,9.91559,9.88405,9.81156,9.69768,9.54331,9.35062,9.12286,8.86423,8.57952,8.27385,7.95241,7.62021,7.28187,6.94152,6.60272,6.26842,5.94098,5.62221,5.31344,5.01554,4.72904,4.45418,4.19092,3.93908,3.69832,3.46820,3.24820,3.03776,2.83630,2.64323,2.45794,2.27984,2.10837,1.94297,1.78309,1.62823,1.47788,1.33159,1.18890,1.04937,0.91260,0.77817,0.64571,0.51484,0.38519,0.25640,0.12812
4.40408,4.40391,4.40338,4.40251,4.40128,4.39971,4.39779,4.39552,4.39291,4.38996,4.38666,4.38303,4.37907,4.37477,4.37014,4.36518,4.35990,4.35431,4.34840,4.34218,4.33566,4.32883,4.32172,4.31431,4.30662,4.29866,4.29043,4.28193,4.27318,4.26418,4.25494,4.24548,4.23578,4.22588,4.21577,4.20546,4.19497,4.18430,4.17347,4.16249,4.15136,4.14010,4.12872,4.11723,4.10565,4.09399,4.08226,4.07047,4.05863,4.04677,4.03490,4.02302,4.01116,3.99932,3.98753,3.97580,3.96414,3.95257,3.94110,3.92976,3.91855,3.90750,3.89661,3.88591,3.87542,3.86514,3.85510,3.84531,3.83579,3.82655,3.81762,3.80901,3.80073,3.79281,3.78526,3.77809,3.77133,3.76499,3.75909,3.75364,3.74867,3.74418,3.74019,3.73673,3.73380,3.73143,3.72963,3.72841,3.72780,3.72780,3.72844,3.72972,3.73168,3.73431,3.73764,3.74169,3.74646,3.75197,3.75825,3.76529,3.77313,3.78176,3.79121,3.80150,3.81263,3.82462,3.83748,3.85123,3.86588,3.88144,3.89793,3.91536,3.93374,3.95309,3.97340,3.99470,4.01700,4.04030,4.06462,4.08996,4.11632,4.14373,4.17217,4.20167,4.23221,4.26380,4.29645,4.33015,4.36489,4.40068,4.43751,4.47536,4.51423,4.55410,4.59496,4.63677,4.67952,4.72319,4.76772,4.81310,4.85928,4.90620,4.95382,5.00208,5.05091,5.10024,5.14998,5.20006,5.25037,5.30080,5.35125,5.40159,5.45169,5.50140,5.55058,5.59905,5.64664,5.69319,5.73848,5.78233,5.82453,5.86487,5.90313,5.93910,5.97256,6.00330,6.03113,6.05593,6.07597,6.09274,6.10592,6.11531,6.12094,6.12348,6.12650,6.15584,6.83435,6.76998,6.23984,6.14451,6.09387,6.05311,6.01441,5.97527,5.93478,5.89264,5.84882,5.80342,5.75661,5.70863,5.65970,5.61010,5.56007,5.50987,5.45974,5.40993,5.36065,5.31212,5.26453,5.21806,5.17289,5.12915,5.08698,5.04650,5.00781,4.97102,4.93620,4.90341,4.87272,4.84418,4.81783,4.79369,4.77180,4.75218,4.73483,4.71977,4.70700,4.69652,4.68833,4.68242,4.67878,4.67740,4.67827,4.68137,4.68667,4.69416,4.70382,4.71561,4.72951,4.74549,4.76351,4.78353,4.80552,4.82942,4.85519,4.88278,4.91212,4.94315,4.97580,5.01000,5.04567,5.08271,5.12102,5.16052,5.20108,5.24259,5.28492,5.32794,5.37152,5.41550,5.45975,5.50410,5.54840,5.59248,5.63620,5.67940,5.72191,5.76359,5.80431,5.84394,5.88235,5.91947,5.95519,5.98949,6.02231,6.05365,6.08355,6.11205,6.13926,6.16528,6.19028,6.21445,6.23803,6.26127,6.28447,6.30797,6.33213,6.35733,6.38401,6.41260,6.44359,6.47745,6.51470,6.55587,6.60148,6.65207,6.70820,6.77040,6.83920,6.91511,6.99860,7.09011,7.19002,7.29860,7.41606,7.54244,7.67763,7.82130,7.97288,8.13149,8.29591,8.46450,8.63520,8.80545,8.97220,9.13192,9.28062,9.41398,9.52746,9.61646,9.67663,9.70400,9.69535,9.64838,9.56192,9.43602,9.27199,9.07229,8.84038,8.58050,8.29737,7.99594,7.68113,7.35763,7.02972,6.70118,6.37521,6.05446,5.74101,5.43644,5.14188,4.85806,4.58539,4.32400,4.07383,3.83464,3.60608,3.38769,3.17899,2.97942,2.78842,2.60542,2.42986,2.26119,2.09885,1.94234,1.79114,1.64479,1.50282,1.36481,1.23032,1.09898,0.97040,0.84421,0.72007,0.59764,0.47660,0.35663,0.23741,0.11863
4.31967,4.31950,4.31900,4.31817,4.31700,4.31551,4.31368,4.31152,4.30904,4.30623,4.30310,4.29965,4.29588,4.29180,4.28740,4.28269,4.27769,4.27238,4.26677,4.26087,4.25469,4.24823,4.24148,4.23447,4.22720,4.21967,4.21189,4.20386,4.19560,4.18711,4.17839,4.16947,4.16034,4.15102,4.14151,4.13182,4.12197,4.11196,4.10180,4.09151,4.08110,4.07057,4.05994,4.04922,4.03842,4.02756,4.01665,4.00570,3.99472,3.98373,3.97274,3.96176,3.95081,3.93991,3.92907,3.91830,3.90762,3.89704,3.88658,3.87625,3.86607,3.85606,3.84623,3.83660,3.82718,3.81798,3.80904,3.80035,3.79194,3.78383,3.77603,3.76855,3.76142,3.75464,3.74825,3.74224,3.73665,3.73147,3.72674,3.72247,3.71867,3.71536,3.71256,3.71028,3.70854,3.70735,3.70674,3.70670,3.70728,3.70846,3.71028,3.71275,3.71588,3.71970,3.72420,3.72942,3.73535,3.74203,3.74946,3.75767,3.76665,3.77643,3.78702,3.79844,3.81070,3.82381,3.83778,3.85264,3.86839,3.88504,3.90261,3.92111,3.94055,3.96095,3.98230,4.00463,4.02794,4.05225,4.07755,4.10385,4.13117,4.15951,4.18887,4.21925,4.25066,4.28310,4.31657,4.35105,4.38656,4.42307,4.46059,4.49909,4.53856,4.57900,4.62036,4.66264,4.70579,4.74980,4.79461,4.84020,4.88650,4.93348,4.98106,5.02919,5.07779,5.12678,5.17607,5.22558,5.27519,5.32479,5.37427,5.42349,5.47231,5.52058,5.56814,5.61482,5.66046,5.70485,5.74781,5.78914,5.82863,5.86607,5.90126,5.93399,5.96403,5.99121,6.01534,6.03632,6.05245,6.06523,6.07436,6.07969,6.08127,6.07985,6.07925,6.10801,6.94009,6.63134,6.16977,6.07678,6.02462,5.98177,5.94100,5.89998,5.85786,5.81437,5.76949,5.72333,5.67606,5.62790,5.57907,5.52983,5.48040,5.43104,5.38197,5.33340,5.28554,5.23858,5.19271,5.14808,5.10483,5.06311,5.02303,4.98470,4.94821,4.91363,4.88105,4.85052,4.82208,4.79579,4.77167,4.74975,4.73005,4.71259,4.69737,4.68440,4.67369,4.66522,4.65899,4.65500,4.65324,4.65368,4.65632,4.66113,4.66810,4.67719,4.68840,4.70168,4.71700,4.73434,4.75366,4.77491,4.79805,4.82304,4.84982,4.87833,4.90852,4.94031,4.97364,5.00841,5.04456,5.08198,5.12058,5.16024,5.20086,5.24232,5.28449,5.32724,5.37043,5.41391,5.45753,5.50115,5.54462,5.58777,5.63047,5.67255,5.71388,5.75433,5.79377,5.83209,5.86920,5.90502,5.93950,5.97260,6.00431,6.03468,6.06373,6.09157,6.11830,6.14409,6.16910,6.19357,6.21775,6.24193,6.26642,6.29158,6.31778,6.34544,6.37498,6.40687,6.44158,6.47960,6.52144,6.56761,6.61865,6.67506,6.73738,6.80609,6.88168,6.96460,7.05524,7.15394,7.26094,7.37636,7.50022,7.63232,7.77227,7.91941,8.07279,8.23109,8.39261,8.55519,8.71624,8.87266,9.02092,9.15711,9.27701,9.37624,9.45050,9.49572,9.50834,9.48558,9.42559,9.32764,9.19217,9.02081,8.81626,8.58207,8.32249,8.04212,7.74572,7.43795,7.12320,6.80543,6.48809,6.17412,5.86589,5.56524,5.27357,4.99184,4.72066,4.46035,4.21097,3.97242,3.74444,3.52666,3.31864,3.11988,2.92987,2.74805,2.57388,2.40684,2.24638,2.09201,1.94323,1.79957,1.66059,1.52585,1.39497,1.26754,1.14320,1.02161,0.90244,0.78536,0.67007,0.55628,0.44370,0.33205,0.22106,0.11047
4.23987,4.23972,4.23924,4.23845,4.23735,4.23593,4.23419,4.23215,4.22980,4.22714,4.22417,4.22090,4.21733,4.21346,4.20929,4.20484,4.20010,4.19508,4.18978,4.18420,4.17836,4.17225,4.16589,4.15927,4.15241,4.14531,4.13798,4.13042,4.12264,4.11466,4.10647,4.09808,4.08951,4.08076,4.07185,4.06278,4.05355,4.04419,4.03471,4.02510,4.01539,4.00558,3.99569,3.98572,3.97570,3.96562,3.95551,3.94538,3.93524,3.92510,3.91498,3.90488,3.89483,3.88484,3.87493,3.86510,3.85537,3.84575,3.83627,3.82693,3.81776,3.80876,3.79995,3.79135,3.78298,3.77484,3.76695,3.75934,3.75201,3.74498,3.73827,3.73190,3.72587,3.72021,3.71493,3.71005,3.70558,3.70153,3.69794,3.69480,3.69214,3.68998,3.68832,3.68718,3.68659,3.68655,3.68708,3.68819,3.68991,3.69224,3.69520,3.69881,3.70309,3.70804,3.71368,3.72002,3.72709,3.73490,3.74345,3.75277,3.76286,3.77375,3.78545,3.79796,3.81131,3.82550,3.84056,3.85648,3.87329,3.89100,3.90961,3.92915,3.94961,3.97102,3.99338,4.01669,4.04098,4.06624,4.09249,4.11972,4.14795,4.17717,4.20740,4.23863,4.27086,4.30410,4.33833,4.37355,4.40975,4.44693,4.48508,4.52416,4.56418,4.60510,4.64691,4.68957,4.73305,4.77731,4.82232,4.86801,4.91435,4.96127,5.00871,5.05659,5.10484,5.15337,5.20209,5.25089,5.29967,5.34830,5.39665,5.44459,5.49198,5.53865,5.58444,5.62918,5.67269,5.71477,5.75525,5.79391,5.83055,5.86498,5.89698,5.92635,5.95291,5.97647,5.99685,6.01401,6.02622,6.03505,6.04021,6.04156,6.03923,6.03400,6.02999,6.05876,7.08921,6.50538,6.09941,6.00848,5.95499,5.91033,5.86779,5.82520,5.78176,5.73722,5.69157,5.64493,5.59745,5.54935,5.50084,5.45216,5.40352,5.35515,5.30726,5.26005,5.21370,5.16840,5.12429,5.08153,5.04024,5.00055,4.96255,4.92635,4.89202,4.85963,4.82925,4.80092,4.77468,4.75057,4.72862,4.70885,4.69127,4.67590,4.66274,4.65179,4.64305,4.63651,4.63218,4.63004,4.63006,4.63225,4.63658,4.64304,4.65159,4.66222,4.67489,4.68958,4.70626,4.72489,4.74542,4.76783,4.79205,4.81805,4.84576,4.87513,4.90608,4.93856,4.97248,5.00776,5.04431,5.08204,5.12085,5.16062,5.20123,5.24258,5.28453,5.32694,5.36968,5.41261,5.45558,5.49845,5.54106,5.58327,5.62495,5.66594,5.70613,5.74539,5.78362,5.82072,5.85663,5.89128,5.92464,5.95672,5.98752,6.01710,6.04554,6.07294,6.09947,6.12528,6.15059,6.17565,6.20074,6.22616,6.25224,6.27937,6.30793,6.33834,6.37104,6.40649,6.44518,6.48759,6.53422,6.58557,6.64215,6.70445,6.77294,6.84808,6.93029,7.01992,7.11727,7.22254,7.33581,7.45702,7.58593,7.72208,7.86474,8.01290,8.16515,8.31974,8.47447,8.62668,8.77330,8.91081,9.03537,9.14290,9.22922,9.29027,9.32230,9.32213,9.28734,9.21649,9.10922,8.96629,8.78959,8.58194,8.34697,8.08886,7.81210,7.52123,7.22067,6.91452,6.60647,6.29971,5.99689,5.70016,5.41120,5.13121,4.86105,4.60121,4.35195,4.11329,3.88508,3.66705,3.45882,3.25996,3.06998,2.88838,2.71464,2.54824,2.38866,2.23541,2.08800,1.94598,1.80889,1.67632,1.54786,1.42315,1.30181,1.18351,1.06793,0.95476,0.84371,0.73449,0.62685,0.52052,0.41525,0.31080,0.20693,0.10341
4.16418,4.16403,4.16358,4.16284,4.16179,4.16045,4.15881,4.15688,4.15466,4.15214,4.14934,4.14625,4.14288,4.13922,4.13530,4.13109,4.12662,4.12189,4.11689,4.11164,4.10613,4.10039,4.09440,4.08817,4.08172,4.07505,4.06816,4.06107,4.05378,4.04629,4.03862,4.03077,4.02275,4.01458,4.00625,3.99778,3.98918,3.98047,3.97163,3.96270,3.95368,3.94458,3.93541,3.92619,3.91692,3.90762,3.89830,3.88897,3.87965,3.87034,3.86107,3.85184,3.84267,3.83357,3.82456,3.81564,3.80684,3.79817,3.78964,3.78127,3.77307,3.76505,3.75724,3.74965,3.74228,3.73517,3.72831,3.72174,3.71546,3.70949,3.70384,3.69853,3.69357,3.68899,3.68479,3.68100,3.67762,3.67467,3.67217,3.67014,3.66858,3.66752,3.66697,3.66694,3.66746,3.66853,3.67016,3.67239,3.67521,3.67865,3.68273,3.68744,3.69282,3.69887,3.70561,3.71305,3.72121,3.73010,3.73974,3.75014,3.76131,3.77327,3.78603,3.79961,3.81401,3.82925,3.84534,3.86230,3.88014,3.89886,3.91848,3.93901,3.96046,3.98284,4.00616,4.03042,4.05564,4.08182,4.10897,4.13708,4.16618,4.19625,4.22729,4.25932,4.29232,4.32629,4.36123,4.39713,4.43398,4.47176,4.51046,4.55007,4.59055,4.63189,4.67405,4.71701,4.76073,4.80515,4.85025,4.89596,4.94222,4.98898,5.03615,5.08367,5.13144,5.17938,5.22738,5.27533,5.32313,5.37063,5.41771,5.46422,5.51001,5.55492,5.59878,5.64141,5.68264,5.72226,5.76010,5.79596,5.82962,5.86091,5.88962,5.91557,5.93857,5.95846,5.97509,5.98841,5.99676,6.00169,6.00297,6.00048,5.99437,5.98552,5.97833,6.00776,7.29306,6.38873,6.02828,5.93923,5.88462,5.83843,5.79442,5.75056,5.70609,5.66079,5.61464,5.56777,5.52033,5.47251,5.42452,5.37658,5.32889,5.28165,5.23507,5.18931,5.14456,5.10097,5.05867,5.01781,4.97850,4.94084,4.90492,4.87083,4.83863,4.80840,4.78017,4.75399,4.72990,4.70792,4.68808,4.67039,4.65487,4.64151,4.63034,4.62134,4.61450,4.60984,4.60732,4.60695,4.60870,4.61256,4.61852,4.62654,4.63660,4.64869,4.66276,4.67879,4.69675,4.71659,4.73828,4.76176,4.78699,4.81392,4.84249,4.87264,4.90429,4.93738,4.97182,5.00753,5.04442,5.08239,5.12133,5.16113,5.20168,5.24285,5.28451,5.32654,5.36879,5.41113,5.45341,5.49550,5.53724,5.57852,5.61918,5.65911,5.69820,5.73633,5.77343,5.80940,5.84422,5.87783,5.91023,5.94145,5.97152,6.00053,6.02857,6.05578,6.08234,6.10845,6.13434,6.16027,6.18655,6.21350,6.24148,6.27086,6.30205,6.33548,6.37160,6.41086,6.45374,6.50072,6.55229,6.60892,6.67108,6.73924,6.81381,6.89518,6.98368,7.07956,7.18298,7.29398,7.41246,7.53810,7.67041,7.80858,7.95155,8.09786,8.24570,8.39283,8.53661,8.67394,8.80137,8.91516,9.01136,9.08599,9.13524,9.15566,9.14440,9.09940,9.01955,8.90480,8.75618,8.57574,8.36641,8.13183,7.87609,7.60354,7.31852,7.02521,6.72746,6.42871,6.13189,5.83946,5.55336,5.27510,5.00577,4.74610,4.49653,4.25723,4.02819,3.80925,3.60012,3.40043,3.20974,3.02758,2.85348,2.68691,2.52740,2.37444,2.22757,2.08632,1.95025,1.81895,1.69201,1.56907,1.44976,1.33374,1.22070,1.11034,1.00237,0.89652,0.79254,0.69017,0.58919,0.48936,0.39046,0.29228,0.19462,0.09726
4.09239,4.09225,4.09182,4.09112,4.09014,4.08887,4.08733,4.08551,4.08341,4.08105,4.07841,4.07550,4.07232,4.06889,4.06519,4.06124,4.05704,4.05259,4.04789,4.04296,4.03780,4.03240,4.02679,4.02095,4.01491,4.00866,4.00222,3.99559,3.98877,3.98178,3.97462,3.96730,3.95983,3.95222,3.94447,3.93660,3.92862,3.92053,3.91235,3.90408,3.89574,3.88733,3.87888,3.87038,3.86185,3.85331,3.84476,3.83622,3.82770,3.81921,3.81077,3.80238,3.79406,3.78583,3.77770,3.76968,3.76178,3.75403,3.74642,3.73899,3.73174,3.72468,3.71784,3.71122,3.70484,3.69872,3.69287,3.68730,3.68204,3.67709,3.67247,3.66819,3.66428,3.66074,3.65759,3.65485,3.65253,3.65064,3.64921,3.64824,3.64775,3.64776,3.64828,3.64933,3.65091,3.65306,3.65577,3.65907,3.66297,3.66748,3.67262,3.67841,3.68485,3.69197,3.69977,3.70828,3.71749,3.72744,3.73813,3.74957,3.76179,3.77478,3.78857,3.80317,3.81859,3.83485,3.85194,3.86990,3.88872,3.90842,3.92901,3.95050,3.97290,3.99621,4.02045,4.04562,4.07173,4.09878,4.12678,4.15574,4.18565,4.21651,4.24832,4.28109,4.31481,4.34947,4.38506,4.42157,4.45899,4.49731,4.53650,4.57655,4.61742,4.65910,4.70154,4.74471,4.78856,4.83306,4.87814,4.92375,4.96983,5.01630,5.06309,5.11012,5.15728,5.20449,5.25163,5.29860,5.34526,5.39148,5.43712,5.48204,5.52608,5.56907,5.61084,5.65122,5.69001,5.72704,5.76211,5.79503,5.82561,5.85366,5.87900,5.90145,5.92086,5.93706,5.94995,5.95948,5.96401,5.96515,5.96266,5.95647,5.94677,5.93448,5.92436,5.95517,7.56236,6.27924,5.95645,5.86914,5.81364,5.76620,5.72101,5.67616,5.63094,5.58514,5.53876,5.49189,5.44470,5.39736,5.35008,5.30303,5.25643,5.21045,5.16527,5.12106,5.07796,5.03613,4.99569,4.95674,4.91941,4.88378,4.84992,4.81792,4.78783,4.75971,4.73359,4.70951,4.68751,4.66760,4.64981,4.63415,4.62061,4.60922,4.59996,4.59284,4.58784,4.58497,4.58420,4.58553,4.58894,4.59441,4.60191,4.61143,4.62294,4.63641,4.65182,4.66912,4.68828,4.70927,4.73203,4.75652,4.78269,4.81049,4.83984,4.87070,4.90297,4.93660,4.97149,5.00756,5.04471,5.08285,5.12186,5.16163,5.20205,5.24298,5.28432,5.32591,5.36763,5.40935,5.45092,5.49221,5.53309,5.57343,5.61311,5.65202,5.69005,5.72713,5.76317,5.79813,5.83197,5.86468,5.89629,5.92682,5.95636,5.98500,6.01287,6.04013,6.06698,6.09364,6.12037,6.14745,6.17520,6.20396,6.23409,6.26599,6.30008,6.33677,6.37652,6.41978,6.46702,6.51870,6.57529,6.63722,6.70494,6.77883,6.85926,6.94652,7.04084,7.14232,7.25098,7.36664,7.48898,7.61742,7.75113,7.88898,8.02948,8.17078,8.31063,8.44637,8.57495,8.69299,8.79684,8.88270,8.94680,8.98557,8.99583,8.97503,8.92142,8.83420,8.71355,8.56072,8.37788,8.16801,7.93473,7.68203,7.41411,7.13512,6.84900,6.55939,6.26949,5.98203,5.69927,5.42299,5.15457,4.89497,4.64486,4.40459,4.17430,3.95395,3.74336,3.54224,3.35021,3.16685,2.99170,2.82429,2.66415,2.51079,2.36373,2.22254,2.08676,1.95599,1.82982,1.70787,1.58979,1.47525,1.36391,1.25549,1.14970,1.04628,0.94496,0.84552,0.74772,0.65135,0.55619,0.46205,0.36874,0.27606,0.18383,0.09187
4.02439,4.02426,4.02386,4.02320,4.02228,4.02109,4.01964,4.01793,4.01596,4.01374,4.01126,4.00854,4.00556,4.00234,3.99887,3.99517,3.99123,3.98706,3.98267,3.97806,3.97323,3.96818,3.96294,3.95749,3.95185,3.94603,3.94002,3.93384,3.92749,3.92099,3.91434,3.90754,3.90061,3.89355,3.88638,3.87909,3.87171,3.86424,3.85670,3.84908,3.84140,3.83368,3.82592,3.81814,3.81034,3.80254,3.79474,3.78697,3.77923,3.77154,3.76391,3.75634,3.74886,3.74147,3.73420,3.72705,3.72003,3.71317,3.70647,3.69995,3.69362,3.68749,3.68159,3.67592,3.67050,3.66534,3.66046,3.65588,3.65160,3.64764,3.64402,3.64074,3.63784,3.63531,3.63318,3.63146,3.63016,3.62930,3.62890,3.62896,3.62951,3.63056,3.63212,3.63420,3.63683,3.64001,3.64377,3.64810,3.65304,3.65859,3.66477,3.67160,3.67907,3.68722,3.69606,3.70559,3.71583,3.72679,3.73850,3.75095,3.76417,3.77817,3.79296,3.80855,3.82495,3.84218,3.86025,3.87916,3.89893,3.91958,3.94110,3.96351,3.98681,4.01102,4.03614,4.06217,4.08913,4.11702,4.14583,4.17557,4.20625,4.23786,4.27039,4.30385,4.33822,4.37351,4.40969,4.44675,4.48468,4.52347,4.56308,4.60349,4.64468,4.68660,4.72923,4.77252,4.81642,4.86088,4.90585,4.95125,4.99703,5.04310,5.08938,5.13578,5.18220,5.22855,5.27469,5.32051,5.36589,5.41068,5.45474,5.49792,5.54005,5.58097,5.62050,5.65847,5.69470,5.72899,5.76117,5.79105,5.81845,5.84319,5.86511,5.88403,5.89982,5.91236,5.92153,5.92733,5.92814,5.92559,5.91948,5.90977,5.89666,5.88117,5.86838,5.90135,7.89994,6.17547,5.88416,5.79851,5.74234,5.69391,5.64782,5.60225,5.55654,5.51049,5.46410,5.41746,5.37072,5.32404,5.27761,5.23161,5.18622,5.14159,5.09790,5.05530,5.01391,4.97387,4.93530,4.89829,4.86293,4.82931,4.79750,4.76756,4.73954,4.71348,4.68943,4.66741,4.64744,4.62955,4.61375,4.60004,4.58843,4.57893,4.57152,4.56621,4.56299,4.56184,4.56276,4.56572,4.57072,4.57772,4.58671,4.59766,4.61054,4.62534,4.64200,4.66051,4.68081,4.70287,4.72664,4.75207,4.77911,4.80770,4.83777,4.86926,4.90210,4.93619,4.97146,5.00783,5.04518,5.08341,5.12243,5.16212,5.20235,5.24300,5.28396,5.32508,5.36624,5.40731,5.44816,5.48865,5.52867,5.56810,5.60683,5.64477,5.68181,5.71791,5.75300,5.78706,5.82006,5.85203,5.88300,5.91303,5.94223,5.97071,5.99864,6.02619,6.05357,6.08104,6.10887,6.13736,6.16684,6.19766,6.23021,6.26487,6.30207,6.34223,6.38580,6.43322,6.48493,6.54138,6.60300,6.67019,6.74332,6.82272,6.90866,7.00133,7.10081,7.20706,7.31989,7.43890,7.56349,7.69279,7.82562,7.96048,8.09548,8.22837,8.35652,8.47691,8.58623,8.68095,8.75743,8.81209,8.84158,8.84299,8.81405,8.75326,8.66007,8.53488,8.37909,8.19494,7.98546,7.75419,7.50503,7.24201,6.96910,6.69005,6.40827,6.12677,5.84809,5.57432,5.30713,5.04775,4.79707,4.55567,4.32386,4.10175,3.88927,3.68623,3.49232,3.30720,3.13044,2.96159,2.80021,2.64582,2.49798,2.35621,2.22010,2.08922,1.96318,1.84158,1.72408,1.61033,1.50001,1.39282,1.28848,1.18672,1.08729,0.98995,0.89447,0.80065,0.70829,0.61718,0.52716,0.43803,0.34962,0.26178,0.17434,0.08713
3.95977,3.95965,3.95928,3.95866,3.95780,3.95668,3.95533,3.95373,3.95189,3.94981,3.94750,3.94495,3.94217,3.93916,3.93592,3.93246,3.92879,3.92490,3.92081,3.91651,3.91201,3.90731,3.90243,3.89737,3.89213,3.88671,3.88114,3.87541,3.86953,3.86350,3.85735,3.85106,3.84466,3.83815,3.83153,3.82483,3.81804,3.81118,3.80426,3.79728,3.79026,3.78320,3.77613,3.76904,3.76195,3.75487,3.74782,3.74080,3.73382,3.72691,3.72006,3.71330,3.70663,3.70007,3.69363,3.68733,3.68117,3.67517,3.66935,3.66371,3.65828,3.65306,3.64807,3.64332,3.63883,3.63461,3.63068,3.62704,3.62371,3.62072,3.61806,3.61576,3.61383,3.61229,3.61115,3.61041,3.61011,3.61025,3.61084,3.61191,3.61346,3.61551,3.61807,3.62116,3.62480,3.62899,3.63375,3.63910,3.64504,3.65160,3.65878,3.66661,3.67509,3.68423,3.69406,3.70458,3.71582,3.72777,3.74045,3.75389,3.76808,3.78304,3.79879,3.81534,3.83269,3.85086,3.86986,3.88969,3.91038,3.93193,3.95434,3.97763,4.00180,4.02686,4.05282,4.07968,4.10744,4.13611,4.16568,4.19617,4.22756,4.25986,4.29305,4.32714,4.36211,4.39796,4.43466,4.47221,4.51058,4.54975,4.58970,4.63040,4.67181,4.71389,4.75661,4.79992,4.84376,4.88809,4.93282,4.97791,5.02326,5.06880,5.11444,5.16008,5.20563,5.25096,5.29595,5.34049,5.38444,5.42764,5.46996,5.51124,5.55132,5.59002,5.62717,5.66260,5.69613,5.72757,5.75676,5.78351,5.80765,5.82902,5.84747,5.86285,5.87504,5.88394,5.88946,5.89162,5.88882,5.88273,5.87316,5.86011,5.84381,5.82535,5.81016,5.84617,8.28655,6.07587,5.81114,5.72712,5.67050,5.62135,5.57461,5.52858,5.48263,5.43656,5.39038,5.34416,5.29805,5.25220,5.20677,5.16193,5.11785,5.07467,5.03254,4.99160,4.95196,4.91375,4.87706,4.84198,4.80860,4.77698,4.74719,4.71927,4.69328,4.66926,4.64722,4.62720,4.60922,4.59328,4.57941,4.56760,4.55786,4.55018,4.54457,4.54101,4.53949,4.54001,4.54254,4.54707,4.55358,4.56205,4.57246,4.58477,4.59897,4.61502,4.63288,4.65251,4.67389,4.69695,4.72167,4.74797,4.77581,4.80512,4.83584,4.86790,4.90122,4.93572,4.97131,5.00789,5.04538,5.08366,5.12263,5.16217,5.20216,5.24249,5.28303,5.32365,5.36422,5.40463,5.44474,5.48445,5.52362,5.56217,5.59999,5.63701,5.67314,5.70835,5.74259,5.77586,5.80817,5.83954,5.87004,5.89977,5.92883,5.95737,5.98557,6.01363,6.04179,6.07031,6.09948,6.12962,6.16107,6.19420,6.22938,6.26701,6.30752,6.35132,6.39884,6.45051,6.50675,6.56797,6.63455,6.70684,6.78514,6.86969,6.96065,7.05806,7.16187,7.27183,7.38752,7.50829,7.63325,7.76119,7.89057,8.01953,8.14580,8.26677,8.37949,8.48075,8.56711,8.63510,8.68132,8.70264,8.69640,8.66055,8.59383,8.49590,8.36734,8.20963,8.02510,7.81675,7.58805,7.34280,7.08487,6.81805,6.54590,6.27166,5.99813,5.72771,5.46235,5.20358,4.95255,4.71007,4.47666,4.25259,4.03794,3.83263,3.63645,3.44911,3.27025,3.09946,2.93633,2.78039,2.63122,2.48835,2.35136,2.21983,2.09336,1.97157,1.85409,1.74057,1.63070,1.52417,1.42068,1.31998,1.22180,1.12591,1.03209,0.94012,0.84981,0.76096,0.67340,0.58695,0.50146,0.41676,0.33270,0.24914,0.16593,0.08293
3.89841,3.89830,3.89795,3.89737,3.89657,3.89553,3.89427,3.89278,3.89107,3.88913,3.88697,3.88460,3.88201,3.87921,3.87620,3.87299,3.86958,3.86597,3.86216,3.85817,3.85400,3.84965,3.84512,3.84044,3.83559,3.83058,3.82543,3.82014,3.81472,3.80917,3.80350,3.79772,3.79183,3.78586,3.77980,3.77366,3.76745,3.76118,3.75487,3.74852,3.74213,3.73573,3.72932,3.72292,3.71652,3.71015,3.70382,3.69753,3.69130,3.68514,3.67906,3.67308,3.66721,3.66145,3.65583,3.65035,3.64502,3.63987,3.63490,3.63013,3.62556,3.62122,3.61712,3.61327,3.60968,3.60637,3.60335,3.60063,3.59824,3.59617,3.59445,3.59310,3.59212,3.59152,3.59133,3.59156,3.59222,3.59332,3.59488,3.59692,3.59944,3.60246,3.60600,3.61007,3.61468,3.61985,3.62558,3.63190,3.63882,3.64636,3.65451,3.66331,3.67276,3.68287,3.69366,3.70514,3.71733,3.73024,3.74387,3.75825,3.77338,3.78928,3.80595,3.82342,3.84168,3.86076,3.88065,3.90137,3.92294,3.94535,3.96861,3.99274,4.01774,4.04361,4.07036,4.09800,4.12651,4.15592,4.18621,4.21738,4.24944,4.28237,4.31617,4.35082,4.38633,4.42267,4.45983,4.49779,4.53653,4.57601,4.61622,4.65711,4.69866,4.74081,4.78352,4.82675,4.87043,4.91450,4.95889,5.00353,5.04833,5.09322,5.13808,5.18283,5.22735,5.27153,5.31523,5.35833,5.40069,5.44217,5.48260,5.52184,5.55971,5.59605,5.63070,5.66346,5.69418,5.72267,5.74878,5.77232,5.79316,5.81113,5.82610,5.83795,5.84658,5.85190,5.85385,5.85248,5.84621,5.83674,5.82391,5.80772,5.78847,5.76728,5.74998,5.79000,8.66422,5.97964,5.73759,5.65521,5.59835,5.54873,5.50160,5.45534,5.40937,5.36350,5.31772,5.27210,5.22678,5.18189,5.13759,5.09402,5.05134,5.00967,4.96916,4.92992,4.89207,4.85570,4.82090,4.78775,4.75633,4.72669,4.69889,4.67297,4.64897,4.62693,4.60686,4.58880,4.57274,4.55871,4.54671,4.53674,4.52880,4.52289,4.51900,4.51712,4.51725,4.51936,4.52345,4.52948,4.53745,4.54732,4.55908,4.57270,4.58814,4.60537,4.62436,4.64507,4.66745,4.69146,4.71704,4.74415,4.77272,4.80269,4.83400,4.86656,4.90030,4.93513,4.97097,5.00772,5.04529,5.08355,5.12242,5.16177,5.20148,5.24144,5.28153,5.32162,5.36159,5.40133,5.44071,5.47964,5.51800,5.55570,5.59267,5.62883,5.66414,5.69856,5.73207,5.76468,5.79643,5.82737,5.85758,5.88718,5.91630,5.94511,5.97380,6.00260,6.03177,6.06157,6.09232,6.12434,6.15798,6.19362,6.23163,6.27241,6.31638,6.36394,6.41550,6.47146,6.53221,6.59812,6.66950,6.74664,6.82974,6.91894,7.01426,7.11560,7.22269,7.33508,7.45209,7.57280,7.69598,7.82010,7.94326,8.06325,8.17748,8.28307,8.37688,8.45562,8.51596,8.55468,8.56885,8.55602,8.51437,8.44283,8.34123,8.21028,8.05155,7.86738,7.66076,7.43508,7.19400,6.94126,6.68048,6.41504,6.14801,5.88205,5.61940,5.36188,5.11094,4.86764,4.63272,4.40665,4.18968,3.98186,3.78309,3.59317,3.41181,3.23866,3.07331,2.91537,2.76438,2.61993,2.48158,2.34893,2.22155,2.09908,1.98113,1.86736,1.75745,1.65107,1.54794,1.44778,1.35034,1.25537,1.16265,1.07196,0.98310,0.89589,0.81015,0.72571,0.64241,0.56010,0.47863,0.39786,0.31767,0.23791,0.15847,0.07920
3.84006,3.83995,3.83963,3.83910,3.83835,3.83739,3.83621,3.83483,3.83324,3.83145,3.82945,3.82725,3.82485,3.82226,3.81947,3.81650,3.81334,3.81000,3.80649,3.80280,3.79895,3.79494,3.79077,3.78645,3.78198,3.77738,3.77265,3.76779,3.76281,3.75773,3.75254,3.74725,3.74188,3.73643,3.73090,3.72532,3.71968,3.71400,3.70828,3.70254,3.69678,3.69101,3.68526,3.67951,3.67380,3.66812,3.66248,3.65691,3.65141,3.64599,3.64066,3.63544,3.63033,3.62536,3.62053,3.61585,3.61134,3.60700,3.60286,3.59893,3.59521,3.59172,3.58848,3.58550,3.58278,3.58036,3.57822,3.57640,3.57491,3.57375,3.57294,3.57250,3.57244,3.57277,3.57350,3.57466,3.57625,3.57829,3.58079,3.58376,3.58723,3.59119,3.59567,3.60068,3.60624,3.61235,3.61903,3.62630,3.63416,3.64264,3.65173,3.66147,3.67185,3.68290,3.69462,3.70703,3.72015,3.73397,3.74852,3.76381,3.77985,3.79664,3.81421,3.83256,3.85170,3.87164,3.89239,3.91397,3.93637,3.95960,3.98368,4.00861,4.03439,4.06103,4.08852,4.11689,4.14611,4.17620,4.20715,4.23896,4.27162,4.30513,4.33947,4.37464,4.41061,4.44738,4.48492,4.52322,4.56223,4.60195,4.64232,4.68333,4.72491,4.76703,4.80964,4.85267,4.89607,4.93978,4.98370,5.02777,5.07190,5.11600,5.15996,5.20367,5.24703,5.28990,5.33217,5.37369,5.41432,5.45392,5.49232,5.52937,5.56491,5.59877,5.63078,5.66077,5.68858,5.71404,5.73700,5.75729,5.77479,5.78935,5.80086,5.80922,5.81434,5.81616,5.81466,5.80990,5.80032,5.78765,5.77176,5.75266,5.73068,5.70703,5.68792,5.73300,8.93218,5.88603,5.66352,5.58280,5.52593,5.47607,5.42877,5.38252,5.33674,5.29126,5.24606,5.20121,5.15681,5.11301,5.06994,5.02774,4.98653,4.94644,4.90759,4.87009,4.83403,4.79951,4.76660,4.73538,4.70590,4.67821,4.65237,4.62841,4.60637,4.58626,4.56812,4.55195,4.53777,4.52558,4.51540,4.50721,4.50101,4.49681,4.49459,4.49434,4.49604,4.49969,4.50526,4.51274,4.52210,4.53331,4.54636,4.56122,4.57784,4.59619,4.61625,4.63796,4.66128,4.68616,4.71256,4.74041,4.76964,4.80021,4.83203,4.86503,4.89913,4.93424,4.97027,5.00713,5.04471,5.08292,5.12163,5.16074,5.20013,5.23969,5.27930,5.31885,5.35821,5.39727,5.43594,5.47411,5.51169,5.54860,5.58478,5.62017,5.65473,5.68847,5.72137,5.75346,5.78480,5.81547,5.84557,5.87523,5.90460,5.93388,5.96328,5.99304,6.02343,6.05474,6.08728,6.12138,6.15742,6.19575,6.23675,6.28082,6.32836,6.37975,6.43537,6.49560,6.56078,6.63120,6.70713,6.78874,6.87615,6.96935,7.06821,7.17244,7.28157,7.39488,7.51145,7.63003,7.74908,7.86673,7.98078,8.08869,8.18765,8.27462,8.34643,8.39990,8.43197,8.43991,8.42146,8.37498,8.29959,8.19525,8.06276,7.90375,7.72058,7.51617,7.29384,7.05713,6.80963,6.55480,6.29587,6.03575,5.77696,5.52163,5.27147,5.02782,4.79169,4.56376,4.34447,4.13403,3.93247,3.73971,3.55553,3.37965,3.21171,3.05134,2.89813,2.75166,2.61153,2.47730,2.34859,2.22500,2.10616,1.99171,1.88133,1.77468,1.67147,1.57143,1.47428,1.37978,1.28770,1.19782,1.10994,1.02388,0.93944,0.85646,0.77479,0.69428,0.61477,0.53615,0.45827,0.38101,0.30426,0.22790,0.15181,0.07588
3.78439,3.78429,3.78399,3.78350,3.78280,3.78192,3.78084,3.77956,3.77809,3.77644,3.77459,3.77257,3.77035,3.76797,3.76540,3.76266,3.75976,3.75668,3.75345,3.75007,3.74653,3.74285,3.73903,3.73507,3.73098,3.72677,3.72245,3.71802,3.71348,3.70885,3.70412,3.69932,3.69445,3.68951,3.68451,3.67947,3.67439,3.66927,3.66414,3.65899,3.65385,3.64871,3.64358,3.63849,3.63343,3.62843,3.62348,3.61860,3.61381,3.60910,3.60451,3.60002,3.59567,3.59146,3.58739,3.58349,3.57977,3.57624,3.57290,3.56978,3.56688,3.56423,3.56182,3.55968,3.55782,3.55624,3.55497,3.55402,3.55340,3.55311,3.55319,3.55364,3.55446,3.55569,3.55732,3.55938,3.56187,3.56482,3.56823,3.57211,3.57649,3.58136,3.58676,3.59268,3.59915,3.60618,3.61378,3.62196,3.63073,3.64012,3.65012,3.66077,3.67206,3.68400,3.69663,3.70993,3.72394,3.73865,3.75408,3.77025,3.78715,3.80481,3.82324,3.84243,3.86241,3.88318,3.90476,3.92714,3.95034,3.97435,3.99920,4.02488,4.05140,4.07876,4.10695,4.13600,4.16588,4.19660,4.22815,4.26054,4.29374,4.32776,4.36258,4.39818,4.43456,4.47168,4.50953,4.54807,4.58729,4.62714,4.66760,4.70861,4.75013,4.79212,4.83451,4.87724,4.92025,4.96346,5.00680,5.05017,5.09349,5.13666,5.17957,5.22211,5.26416,5.30559,5.34627,5.38607,5.42483,5.46240,5.49864,5.53337,5.56645,5.59771,5.62698,5.65411,5.67893,5.70129,5.72105,5.73807,5.75221,5.76338,5.77147,5.77639,5.77810,5.77654,5.77172,5.76372,5.75101,5.73534,5.71660,5.69483,5.67038,5.64452,5.62388,5.67522,8.98685,5.79429,5.58881,5.50979,5.45310,5.40323,5.35599,5.30995,5.26456,5.21964,5.17518,5.13123,5.08790,5.04530,5.00355,4.96278,4.92311,4.88465,4.84750,4.81176,4.77752,4.74485,4.71383,4.68451,4.65695,4.63120,4.60728,4.58525,4.56511,4.54690,4.53063,4.51631,4.50395,4.49356,4.48513,4.47866,4.47415,4.47160,4.47098,4.47229,4.47552,4.48064,4.48764,4.49650,4.50719,4.51968,4.53396,4.54999,4.56772,4.58714,4.60820,4.63085,4.65505,4.68074,4.70788,4.73640,4.76625,4.79734,4.82962,4.86299,4.89739,4.93271,4.96888,5.00579,5.04334,5.08143,5.11994,5.15878,5.19782,5.23695,5.27606,5.31505,5.35379,5.39220,5.43016,5.46761,5.50445,5.54062,5.57607,5.61077,5.64470,5.67786,5.71027,5.74198,5.77307,5.80363,5.83379,5.86369,5.89352,5.92347,5.95378,5.98470,6.01651,6.04952,6.08405,6.12043,6.15902,6.20019,6.24432,6.29177,6.34294,6.39817,6.45783,6.52222,6.59164,6.66631,6.74640,6.83199,6.92306,7.01944,7.12084,7.22674,7.33644,7.44898,7.56311,7.67730,7.78970,7.89814,8.00014,8.09295,8.17365,8.23917,8.28648,8.31269,8.31524,8.29203,8.24160,8.16320,8.05691,7.92362,7.76498,7.58332,7.38152,7.16281,6.93061,6.68835,6.43938,6.18676,5.93327,5.68131,5.43289,5.18964,4.95281,4.72336,4.50193,4.28892,4.08452,3.88876,3.70154,3.52265,3.35180,3.18866,3.03286,2.88401,2.74170,2.60552,2.47508,2.34999,2.22987,2.11436,2.00312,1.89583,1.79217,1.69186,1.59463,1.50023,1.40841,1.31895,1.23166,1.14633,1.06277,0.98083,0.90034,0.82115,0.74312,0.66612,0.59001,0.51468,0.44002,0.36591,0.29224,0.21892,0.14584,0.07290
3.73132,3.73122,3.73095,3.73050,3.72986,3.72905,3.72805,3.72688,3.72554,3.72402,3.72233,3.72047,3.71844,3.71625,3.71390,3.71139,3.70873,3.70593,3.70297,3.69988,3.69665,3.69330,3.68981,3.68621,3.68250,3.67867,3.67475,3.67073,3.66662,3.66243,3.65817,3.65384,3.64946,3.64502,3.64054,3.63602,3.63148,3.62693,3.62236,3.61780,3.61325,3.60871,3.60421,3.59975,3.59533,3.59098,3.58670,3.58250,3.57840,3.57439,3.57051,3.56674,3.56312,3.55965,3.55633,3.55319,3.55023,3.54747,3.54492,3.54259,3.54049,3.53864,3.53704,3.53572,3.53468,3.53394,3.53350,3.53339,3.53362,3.53419,3.53512,3.53642,3.53811,3.54020,3.54271,3.54564,3.54901,3.55283,3.55712,3.56188,3.56714,3.57290,3.57918,3.58599,3.59335,3.60126,3.60974,3.61880,3.62846,3.63873,3.64961,3.66113,3.67329,3.68611,3.69960,3.71377,3.72864,3.74420,3.76048,3.77749,3.79523,3.81372,3.83296,3.85297,3.87375,3.89532,3.91767,3.94082,3.96477,3.98953,4.01510,4.04149,4.06870,4.09673,4.12558,4.15524,4.18573,4.21702,4.24913,4.28203,4.31572,4.35018,4.38541,4.42138,4.45808,4.49547,4.53354,4.57226,4.61159,4.65149,4.69193,4.73286,4.77422,4.81596,4.85802,4.90034,4.94284,4.98544,5.02806,5.07061,5.11299,5.15509,5.19682,5.23804,5.27864,5.31849,5.35745,5.39537,5.43212,5.46755,5.50149,5.53379,5.56430,5.59285,5.61930,5.64348,5.66526,5.68448,5.70102,5.71475,5.72557,5.73338,5.73810,5.73968,5.73808,5.73327,5.72528,5.71422,5.69858,5.68013,5.65877,5.63457,5.60789,5.58009,5.55823,5.61715,8.79353,5.70423,5.51372,5.43646,5.38015,5.33047,5.28349,5.23785,5.19302,5.14883,5.10525,5.06233,5.02016,4.97885,4.93851,4.89924,4.86116,4.82436,4.78894,4.75498,4.72256,4.69174,4.66259,4.63516,4.60949,4.58564,4.56361,4.54346,4.52519,4.50883,4.49438,4.48186,4.47127,4.46261,4.45589,4.45109,4.44821,4.44724,4.44817,4.45099,4.45567,4.46221,4.47058,4.48076,4.49272,4.50643,4.52187,4.53901,4.55781,4.57822,4.60022,4.62375,4.64876,4.67521,4.70303,4.73216,4.76255,4.79411,4.82678,4.86048,4.89511,4.93060,4.96684,5.00375,5.04122,5.07915,5.11743,5.15596,5.19462,5.23331,5.27191,5.31033,5.34847,5.38623,5.42353,5.46028,5.49644,5.53193,5.56674,5.60084,5.63423,5.66693,5.69899,5.73047,5.76146,5.79208,5.82247,5.85280,5.88326,5.91408,5.94549,5.97777,6.01120,6.04609,6.08277,6.12158,6.16287,6.20700,6.25434,6.30523,6.36003,6.41907,6.48264,6.55102,6.62441,6.70295,6.78672,6.87565,6.96958,7.06818,7.17092,7.27709,7.38572,7.49558,7.60513,7.71254,7.81570,7.91218,7.99932,8.07427,8.13411,8.17593,8.19700,8.19491,8.16773,8.11411,8.03346,7.92592,7.79244,7.63470,7.45499,7.25612,7.04122,6.81360,6.57658,6.33334,6.08683,5.83969,5.59422,5.35233,5.11557,4.88514,4.66192,4.44654,4.23936,4.04056,3.85016,3.66806,3.49405,3.32785,3.16914,3.01756,2.87272,2.73423,2.60170,2.47475,2.35299,2.23607,2.12362,2.01533,1.91088,1.80997,1.71232,1.61767,1.52578,1.43641,1.34936,1.26442,1.18140,1.10013,1.02045,0.94221,0.86525,0.78946,0.71469,0.64084,0.56778,0.49541,0.42363,0.35234,0.28145,0.21086,0.14047,0.07022
3.68056,3.68048,3.68023,3.67981,3.67923,3.67849,3.67758,3.67652,3.67529,3.67390,3.67236,3.67066,3.66882,3.66682,3.66468,3.66240,3.65999,3.65744,3.65476,3.65195,3.64903,3.64599,3.64284,3.63959,3.63623,3.63279,3.62925,3.62564,3.62195,3.61820,3.61439,3.61052,3.60661,3.60266,3.59869,3.59469,3.59068,3.58666,3.58265,3.57866,3.57468,3.57074,3.56684,3.56300,3.55921,3.55550,3.55186,3.54833,3.54489,3.54157,3.53837,3.53531,3.53239,3.52964,3.52705,3.52464,3.52243,3.52042,3.51863,3.51706,3.51574,3.51467,3.51386,3.51333,3.51309,3.51316,3.51353,3.51424,3.51528,3.51667,3.51843,3.52057,3.52310,3.52603,3.52938,3.53315,3.53737,3.54204,3.54718,3.55280,3.55891,3.56553,3.57266,3.58033,3.58854,3.59731,3.60664,3.61656,3.62707,3.63818,3.64992,3.66228,3.67528,3.68894,3.70327,3.71827,3.73395,3.75034,3.76743,3.78525,3.80379,3.82307,3.84309,3.86387,3.88542,3.90774,3.93083,3.95470,3.97937,4.00482,4.03107,4.05812,4.08597,4.11462,4.14407,4.17430,4.20533,4.23715,4.26973,4.30309,4.33719,4.37203,4.40760,4.44386,4.48080,4.51839,4.55660,4.59540,4.63475,4.67460,4.71492,4.75566,4.79675,4.83814,4.87976,4.92154,4.96340,5.00526,5.04704,5.08863,5.12993,5.17084,5.21124,5.25101,5.29002,5.32815,5.36524,5.40117,5.43578,5.46893,5.50046,5.53022,5.55806,5.58383,5.60738,5.62856,5.64725,5.66331,5.67662,5.68709,5.69462,5.69914,5.70058,5.69892,5.69414,5.68624,5.67526,5.66133,5.64296,5.62195,5.59821,5.57183,5.54319,5.51370,5.49091,5.55892,8.41149,5.61536,5.43814,5.36270,5.30696,5.25766,5.21113,5.16607,5.12195,5.07863,5.03605,4.99428,4.95337,4.91344,4.87456,4.83685,4.80040,4.76530,4.73162,4.69944,4.66884,4.63986,4.61257,4.58701,4.56321,4.54122,4.52105,4.50274,4.48629,4.47173,4.45906,4.44829,4.43941,4.43244,4.42736,4.42417,4.42287,4.42343,4.42585,4.43011,4.43620,4.44409,4.45377,4.46521,4.47838,4.49325,4.50980,4.52799,4.54778,4.56914,4.59201,4.61636,4.64212,4.66926,4.69770,4.72739,4.75826,4.79023,4.82323,4.85719,4.89201,4.92760,4.96388,5.00074,5.03809,5.07582,5.11383,5.15202,5.19028,5.22850,5.26660,5.30446,5.34200,5.37914,5.41580,5.45191,5.48744,5.52233,5.55658,5.59017,5.62313,5.65550,5.68733,5.71872,5.74977,5.78061,5.81140,5.84234,5.87362,5.90548,5.93817,5.97198,6.00720,6.04413,6.08312,6.12448,6.16858,6.21574,6.26632,6.32065,6.37903,6.44175,6.50906,6.58114,6.65813,6.74006,6.82687,6.91836,7.01420,7.11385,7.21659,7.32144,7.42718,7.53230,7.63499,7.73319,7.82452,7.90642,7.97613,8.03084,8.06778,8.08436,8.07831,8.04784,7.99172,7.90946,7.80129,7.66816,7.51177,7.33436,7.13868,6.92776,6.70479,6.47296,6.23533,5.99473,5.75370,5.51442,5.27873,5.04810,4.82368,4.60631,4.39658,4.19484,4.00126,3.81585,3.63851,3.46903,3.30715,3.15255,3.00487,2.86375,2.72881,2.59966,2.47594,2.35727,2.24331,2.13370,2.02814,1.92632,1.82795,1.73276,1.64050,1.55092,1.46382,1.37897,1.29619,1.21530,1.13613,1.05851,0.98231,0.90739,0.83362,0.76088,0.68906,0.61804,0.54773,0.47803,0.40885,0.34011,0.27171,0.20358,0.13564,0.06780
3.63220,3.63213,3.63190,3.63152,3.63100,3.63032,3.62950,3.62853,3.62742,3.62617,3.62477,3.62324,3.62157,3.61976,3.61783,3.61577,3.61359,3.61130,3.60888,3.60636,3.60373,3.60100,3.59818,3.59526,3.59227,3.58919,3.58604,3.58282,3.57954,3.57621,3.57284,3.56942,3.56598,3.56251,3.55902,3.55553,3.55203,3.54854,3.54507,3.54163,3.53822,3.53486,3.53155,3.52830,3.52512,3.52203,3.51903,3.51613,3.51334,3.51068,3.50815,3.50577,3.50355,3.50149,3.49960,3.49791,3.49642,3.49514,3.49409,3.49327,3.49269,3.49238,3.49234,3.49258,3.49311,3.49396,3.49512,3.49661,3.49845,3.50064,3.50321,3.50615,3.50949,3.51323,3.51739,3.52199,3.52703,3.53252,3.53848,3.54493,3.55186,3.55931,3.56727,3.57576,3.58480,3.59439,3.60455,3.61529,3.62662,3.63855,3.65110,3.66428,3.67809,3.69256,3.70768,3.72348,3.73996,3.75713,3.77500,3.79359,3.81289,3.83293,3.85370,3.87521,3.89748,3.92051,3.94430,3.96885,3.99419,4.02029,4.04717,4.07484,4.10327,4.13249,4.16248,4.19323,4.22475,4.25701,4.29002,4.32376,4.35821,4.39336,4.42918,4.46566,4.50276,4.54046,4.57873,4.61751,4.65679,4.69650,4.73660,4.77704,4.81775,4.85867,4.89973,4.94085,4.98196,5.02296,5.06376,5.10426,5.14435,5.18393,5.22287,5.26105,5.29835,5.33462,5.36973,5.40353,5.43589,5.46665,5.49567,5.52280,5.54789,5.57080,5.59140,5.60955,5.62513,5.63802,5.64814,5.65538,5.65968,5.66099,5.65927,5.65450,5.64669,5.63586,5.62207,5.60548,5.58461,5.56127,5.53540,5.50708,5.47673,5.44581,5.42238,5.50119,7.94357,5.52781,5.36246,5.28890,5.23389,5.18516,5.13924,5.09490,5.05164,5.00931,4.96785,4.92731,4.88775,4.84925,4.81190,4.77579,4.74100,4.70760,4.67568,4.64529,4.61649,4.58934,4.56389,4.54016,4.51821,4.49804,4.47969,4.46317,4.44851,4.43570,4.42475,4.41568,4.40847,4.40312,4.39964,4.39801,4.39822,4.40025,4.40411,4.40976,4.41719,4.42638,4.43731,4.44995,4.46427,4.48025,4.49785,4.51703,4.53776,4.55999,4.58368,4.60879,4.63525,4.66301,4.69202,4.72220,4.75349,4.78582,4.81911,4.85327,4.88822,4.92387,4.96013,4.99691,5.03410,5.07160,5.10931,5.14714,5.18499,5.22274,5.26032,5.29764,5.33460,5.37115,5.40722,5.44275,5.47771,5.51208,5.54585,5.57904,5.61169,5.64385,5.67559,5.70703,5.73828,5.76951,5.80087,5.83258,5.86484,5.89792,5.93206,5.96756,6.00471,6.04383,6.08523,6.12924,6.17621,6.22644,6.28025,6.33795,6.39979,6.46601,6.53677,6.61219,6.69229,6.77699,6.86609,6.95922,7.05585,7.15526,7.25646,7.35825,7.45915,7.55738,7.65092,7.73747,7.81453,7.87947,7.92957,7.96219,7.97487,7.96547,7.93231,7.87431,7.79101,7.68272,7.55041,7.39574,7.22094,7.02864,6.82181,6.60351,6.37681,6.14467,5.90980,5.67463,5.44126,5.21144,4.98661,4.76785,4.55597,4.35154,4.15489,3.96618,3.78543,3.61252,3.44726,3.28939,3.13861,2.99457,2.85690,2.72526,2.59925,2.47853,2.36273,2.25152,2.14455,2.04153,1.94216,1.84615,1.75324,1.66319,1.57576,1.49075,1.40795,1.32716,1.24823,1.17098,1.09527,1.02095,0.94789,0.87597,0.80507,0.73508,0.66591,0.59745,0.52962,0.46233,0.39550,0.32906,0.26292,0.19701,0.13127,0.06562
3.58651,3.58645,3.58624,3.58590,3.58543,3.58482,3.58408,3.58321,3.58221,3.58109,3.57983,3.57846,3.57696,3.57534,3.57361,3.57177,3.56982,3.56777,3.56562,3.56337,3.56103,3.55860,3.55610,3.55351,3.55086,3.54814,3.54536,3.54253,3.53966,3.53674,3.53379,3.53081,3.52782,3.52481,3.52180,3.51880,3.51580,3.51283,3.50989,3.50698,3.50412,3.50131,3.49857,3.49591,3.49332,3.49083,3.48844,3.48617,3.48401,3.48199,3.48012,3.47839,3.47684,3.47545,3.47426,3.47326,3.47246,3.47189,3.47155,3.47145,3.47161,3.47203,3.47272,3.47371,3.47500,3.47659,3.47852,3.48078,3.48338,3.48635,3.48969,3.49342,3.49754,3.50207,3.50702,3.51240,3.51824,3.52452,3.53128,3.53852,3.54626,3.55450,3.56326,3.57255,3.58239,3.59278,3.60373,3.61526,3.62739,3.64011,3.65345,3.66741,3.68200,3.69724,3.71314,3.72970,3.74694,3.76486,3.78348,3.80280,3.82283,3.84358,3.86506,3.88727,3.91023,3.93392,3.95837,3.98357,4.00952,4.03623,4.06370,4.09192,4.12090,4.15063,4.18110,4.21232,4.24426,4.27692,4.31029,4.34435,4.37908,4.41446,4.45047,4.48709,4.52427,4.56200,4.60023,4.63891,4.67802,4.71749,4.75727,4.79730,4.83753,4.87787,4.91826,4.95861,4.99884,5.03885,5.07855,5.11784,5.15659,5.19471,5.23207,5.26854,5.30398,5.33828,5.37129,5.40286,5.43286,5.46114,5.48756,5.51198,5.53427,5.55428,5.57189,5.58699,5.59947,5.60923,5.61618,5.62027,5.62144,5.61964,5.61488,5.60715,5.59647,5.58290,5.56651,5.54746,5.52431,5.49888,5.47111,5.44110,5.40928,5.37718,5.35340,5.44499,7.47424,5.44203,5.28735,5.21573,5.16159,5.11357,5.06842,5.02493,4.98266,4.94142,4.90117,4.86194,4.82378,4.78677,4.75098,4.71649,4.68338,4.65170,4.62152,4.59291,4.56591,4.54057,4.51692,4.49500,4.47485,4.45647,4.43989,4.42513,4.41219,4.40109,4.39182,4.38438,4.37878,4.37502,4.37307,4.37294,4.37461,4.37807,4.38330,4.39028,4.39900,4.40944,4.42156,4.43534,4.45076,4.46778,4.48637,4.50649,4.52810,4.55116,4.57561,4.60142,4.62852,4.65686,4.68638,4.71700,4.74867,4.78130,4.81481,4.84914,4.88418,4.91985,4.95606,4.99271,5.02971,5.06696,5.10436,5.14182,5.17924,5.21653,5.25362,5.29040,5.32683,5.36283,5.39835,5.43336,5.46783,5.50176,5.53516,5.56806,5.60051,5.63259,5.66438,5.69602,5.72763,5.75939,5.79149,5.82413,5.85754,5.89199,5.92773,5.96506,6.00427,6.04567,6.08958,6.13631,6.18617,6.23945,6.29644,6.35739,6.42250,6.49194,6.56580,6.64409,6.72671,6.81345,6.90394,6.99764,7.09383,7.19153,7.28955,7.38644,7.48046,7.56964,7.65175,7.72438,7.78498,7.83095,7.85976,7.86908,7.85688,7.82160,7.76222,7.67839,7.57042,7.43930,7.28667,7.11470,6.92594,6.72326,6.50961,6.28797,6.06116,5.83181,5.60225,5.37451,5.15027,4.93090,4.71747,4.51075,4.31127,4.11938,3.93521,3.75879,3.59001,3.42868,3.27454,3.12730,2.98664,2.85219,2.72360,2.60052,2.48258,2.36945,2.26079,2.15628,2.05562,1.95852,1.86470,1.77391,1.68592,1.60049,1.51741,1.43650,1.35757,1.28045,1.20498,1.13102,1.05842,0.98706,0.91683,0.84761,0.77930,0.71180,0.64502,0.57887,0.51328,0.44817,0.38346,0.31909,0.25498,0.19109,0.12733,0.06366
3.54347,3.54341,3.54322,3.54292,3.54250,3.54196,3.54130,3.54053,3.53964,3.53863,3.53752,3.53630,3.53497,3.53353,3.53200,3.53037,3.52865,3.52683,3.52493,3.52295,3.52089,3.51876,3.51657,3.51430,3.51199,3.50962,3.50720,3.50475,3.50226,3.49974,3.49721,3.49466,3.49210,3.48955,3.48700,3.48447,3.48197,3.47949,3.47706,3.47467,3.47235,3.47008,3.46790,3.46579,3.46378,3.46188,3.46008,3.45841,3.45687,3.45547,3.45423,3.45314,3.45223,3.45150,3.45097,3.45064,3.45053,3.45064,3.45099,3.45159,3.45245,3.45358,3.45499,3.45670,3.45871,3.46104,3.46370,3.46670,3.47005,3.47377,3.47786,3.48234,3.48722,3.49251,3.49823,3.50438,3.51098,3.51803,3.52556,3.53357,3.54208,3.55109,3.56062,3.57069,3.58129,3.59245,3.60417,3.61647,3.62935,3.64284,3.65693,3.67164,3.68699,3.70297,3.71960,3.73690,3.75486,3.77350,3.79283,3.81285,3.83357,3.85501,3.87715,3.90002,3.92362,3.94794,3.97300,3.99880,4.02533,4.05260,4.08060,4.10934,4.13880,4.16899,4.19990,4.23151,4.26382,4.29681,4.33047,4.36478,4.39972,4.43527,4.47139,4.50806,4.54524,4.58291,4.62101,4.65950,4.69834,4.73747,4.77683,4.81635,4.85598,4.89563,4.93523,4.97469,5.01392,5.05283,5.09131,5.12925,5.16655,5.20308,5.23873,5.27337,5.30685,5.33906,5.36986,5.39910,5.42665,5.45237,5.47613,5.49778,5.51721,5.53429,5.54892,5.56097,5.57038,5.57704,5.58091,5.58192,5.58005,5.57528,5.56762,5.55709,5.54373,5.52760,5.50881,5.48753,5.46233,5.43504,5.40561,5.37415,5.34110,5.30807,5.28421,5.39092,7.04792,5.35802,5.21299,5.14334,5.09021,5.04305,4.99877,4.95627,4.91507,4.87501,4.83605,4.79819,4.76149,4.72601,4.69181,4.65896,4.62752,4.59756,4.56913,4.54228,4.51705,4.49349,4.47162,4.45148,4.43308,4.41645,4.40160,4.38854,4.37728,4.36783,4.36019,4.35435,4.35030,4.34806,4.34760,4.34891,4.35199,4.35681,4.36336,4.37163,4.38158,4.39320,4.40647,4.42134,4.43780,4.45581,4.47534,4.49634,4.51877,4.54260,4.56776,4.59422,4.62191,4.65077,4.68075,4.71176,4.74375,4.77664,4.81034,4.84478,4.87987,4.91552,4.95165,4.98815,5.02493,5.06191,5.09899,5.13607,5.17307,5.20991,5.24651,5.28280,5.31872,5.35422,5.38925,5.42381,5.45787,5.49145,5.52458,5.55730,5.58967,5.62179,5.65377,5.68575,5.71787,5.75032,5.78329,5.81701,5.85172,5.88768,5.92515,5.96443,6.00580,6.04957,6.09603,6.14549,6.19822,6.25449,6.31453,6.37853,6.44665,6.51896,6.59546,6.67604,6.76047,6.84839,6.93924,7.03231,7.12665,7.22108,7.31416,7.40422,7.48932,7.56732,7.63588,7.69254,7.73482,7.76029,7.76673,7.75222,7.71529,7.65501,7.57107,7.46380,7.33420,7.18387,7.01491,6.82980,6.63131,6.42229,6.20561,5.98400,5.75998,5.53580,5.31343,5.09449,4.88030,4.67189,4.47002,4.27521,4.08777,3.90786,3.73549,3.57056,3.41289,3.26223,3.11831,2.98079,2.84933,2.72360,2.60324,2.48791,2.37727,2.27099,2.16877,2.07031,1.97533,1.88356,1.79475,1.70868,1.62511,1.54384,1.46470,1.38749,1.31205,1.23823,1.16589,1.09489,1.02511,0.95643,0.88876,0.82198,0.75600,0.69075,0.62613,0.56207,0.49851,0.43536,0.37257,0.31007,0.24781,0.18573,0.12377,0.06188
3.50326,3.50320,3.50304,3.50278,3.50241,3.50193,3.50135,3.50067,3.49988,3.49900,3.49802,3.49695,3.49578,3.49453,3.49319,3.49176,3.49026,3.48868,3.48702,3.48530,3.48352,3.48167,3.47978,3.47783,3.47584,3.47381,3.47174,3.46965,3.46754,3.46542,3.46328,3.46115,3.45902,3.45690,3.45481,3.45274,3.45071,3.44872,3.44678,3.44490,3.44309,3.44135,3.43970,3.43815,3.43669,3.43535,3.43413,3.43305,3.43210,3.43130,3.43067,3.43020,3.42992,3.42983,3.42994,3.43026,3.43080,3.43158,3.43260,3.43387,3.43541,3.43723,3.43934,3.44175,3.44446,3.44750,3.45087,3.45459,3.45866,3.46310,3.46792,3.47313,3.47874,3.48477,3.49122,3.49811,3.50545,3.51325,3.52152,3.53028,3.53953,3.54929,3.55956,3.57037,3.58172,3.59361,3.60607,3.61911,3.63273,3.64694,3.66176,3.67720,3.69326,3.70996,3.72730,3.74529,3.76395,3.78327,3.80327,3.82396,3.84534,3.86742,3.89020,3.91369,3.93789,3.96280,3.98843,4.01478,4.04184,4.06962,4.09811,4.12731,4.15721,4.18781,4.21909,4.25104,4.28366,4.31692,4.35080,4.38530,4.42037,4.45600,4.49215,4.52880,4.56590,4.60342,4.64131,4.67951,4.71799,4.75667,4.79551,4.83442,4.87334,4.91219,4.95089,4.98934,5.02746,5.06514,5.10228,5.13876,5.17448,5.20932,5.24315,5.27584,5.30726,5.33728,5.36578,5.39260,5.41763,5.44072,5.46175,5.48061,5.49716,5.51131,5.52295,5.53199,5.53836,5.54200,5.54286,5.54090,5.53612,5.52851,5.51811,5.50495,5.48910,5.47063,5.44965,5.42635,5.39933,5.37041,5.33955,5.30687,5.27282,5.23907,5.21540,5.33999,6.67891,5.27615,5.13989,5.07225,5.02023,4.97404,4.93077,4.88933,4.84930,4.81050,4.77287,4.73644,4.70123,4.66730,4.63471,4.60350,4.57375,4.54550,4.51880,4.49369,4.47021,4.44839,4.42826,4.40985,4.39317,4.37824,4.36508,4.35368,4.34405,4.33620,4.33013,4.32583,4.32329,4.32251,4.32348,4.32619,4.33062,4.33675,4.34458,4.35407,4.36520,4.37796,4.39231,4.40822,4.42567,4.44462,4.46503,4.48686,4.51007,4.53461,4.56044,4.58749,4.61572,4.64506,4.67544,4.70680,4.73907,4.77217,4.80602,4.84054,4.87565,4.91125,4.94726,4.98359,5.02014,5.05684,5.09358,5.13029,5.16689,5.20329,5.23943,5.27526,5.31072,5.34577,5.38039,5.41456,5.44830,5.48163,5.51459,5.54723,5.57965,5.61195,5.64425,5.67670,5.70947,5.74275,5.77675,5.81169,5.84783,5.88542,5.92473,5.96604,6.00965,6.05583,6.10487,6.15703,6.21256,6.27169,6.33459,6.40140,6.47218,6.54691,6.62549,6.70767,6.79309,6.88119,6.97127,7.06239,7.15339,7.24288,7.32921,7.41051,7.48471,7.54954,7.60264,7.64162,7.66417,7.66817,7.65179,7.61364,7.55286,7.46917,7.36293,7.23512,7.08729,6.92148,6.74011,6.54581,6.34138,6.12955,5.91298,5.69410,5.47509,5.25783,5.04392,4.83464,4.63097,4.43366,4.24321,4.05995,3.88402,3.71543,3.55410,3.39985,3.25244,3.11160,2.97701,2.84835,2.72528,2.60746,2.49455,2.38623,2.28219,2.18211,2.08570,1.99270,1.90284,1.81589,1.73160,1.64977,1.57020,1.49269,1.41709,1.34322,1.27094,1.20010,1.13058,1.06226,0.99503,0.92877,0.86340,0.79883,0.73497,0.67175,0.60908,0.54691,0.48517,0.42380,0.36274,0.30194,0.24134,0.18089,0.12055,0.06027
3.46602,3.46597,3.46583,3.46560,3.46528,3.46486,3.46436,3.46377,3.46309,3.46232,3.46148,3.46055,3.45954,3.45846,3.45730,3.45608,3.45478,3.45343,3.45202,3.45055,3.44903,3.44746,3.44586,3.44421,3.44254,3.44084,3.43912,3.43738,3.43564,3.43389,3.43215,3.43041,3.42870,3.42701,3.42535,3.42373,3.42215,3.42063,3.41917,3.41778,3.41647,3.41525,3.41412,3.41309,3.41218,3.41139,3.41073,3.41021,3.40984,3.40962,3.40958,3.40972,3.41004,3.41056,3.41129,3.41224,3.41342,3.41484,3.41651,3.41844,3.42064,3.42312,3.42590,3.42898,3.43238,3.43610,3.44017,3.44458,3.44935,3.45449,3.46001,3.46593,3.47225,3.47899,3.48615,3.49376,3.50181,3.51033,3.51932,3.52879,3.53876,3.54924,3.56024,3.57176,3.58382,3.59643,3.60960,3.62335,3.63767,3.65259,3.66811,3.68424,3.70099,3.71837,3.73638,3.75505,3.77436,3.79434,3.81499,3.83631,3.85831,3.88099,3.90437,3.92843,3.95320,3.97866,4.00482,4.03167,4.05922,4.08746,4.11639,4.14600,4.17629,4.20723,4.23883,4.27107,4.30393,4.33740,4.37144,4.40605,4.44119,4.47683,4.51294,4.54948,4.58641,4.62369,4.66128,4.69910,4.73712,4.77527,4.81347,4.85167,4.88978,4.92772,4.96540,5.00273,5.03962,5.07596,5.11165,5.14656,5.18060,5.21363,5.24553,5.27617,5.30543,5.33318,5.35929,5.38363,5.40607,5.42649,5.44477,5.46080,5.47448,5.48570,5.49438,5.50046,5.50387,5.50456,5.50251,5.49770,5.49015,5.47986,5.46689,5.45129,5.43313,5.41251,5.38956,5.36447,5.33585,5.30552,5.27345,5.23978,5.20494,5.17069,5.14746,5.29326,6.36573,5.19672,5.06846,5.00285,4.95204,4.90692,4.86473,4.82445,4.78565,4.74816,4.71193,4.67695,4.64326,4.61090,4.57991,4.55036,4.52228,4.49572,4.47072,4.44733,4.42556,4.40546,4.38703,4.37031,4.35531,4.34204,4.33051,4.32072,4.31267,4.30638,4.30183,4.29901,4.29793,4.29857,4.30092,4.30497,4.31069,4.31809,4.32713,4.33779,4.35006,4.36389,4.37928,4.39618,4.41457,4.43441,4.45565,4.47826,4.50220,4.52741,4.55385,4.58146,4.61017,4.63994,4.67070,4.70236,4.73487,4.76815,4.80211,4.83668,4.87177,4.90730,4.94317,4.97931,5.01563,5.05203,5.08845,5.12480,5.16100,5.19699,5.23272,5.26812,5.30317,5.33784,5.37211,5.40599,5.43949,5.47267,5.50556,5.53825,5.57084,5.60344,5.63619,5.66925,5.70280,5.73704,5.77219,5.80848,5.84616,5.88548,5.92672,5.97014,6.01602,6.06463,6.11621,6.17101,6.22922,6.29103,6.35654,6.42582,6.49883,6.57545,6.65545,6.73844,6.82390,6.91111,6.99915,7.08689,7.17298,7.25582,7.33358,7.40426,7.46569,7.51558,7.55164,7.57165,7.57359,7.55573,7.51674,7.45581,7.37269,7.26776,7.14196,6.99680,6.83425,6.65664,6.46654,6.26662,6.05954,5.84785,5.63391,5.41984,5.20747,4.99833,4.79368,4.59448,4.40146,4.21512,4.03577,3.86356,3.69851,3.54053,3.38947,3.24508,3.10712,2.97527,2.84921,2.72862,2.61317,2.50252,2.39637,2.29441,2.19632,2.10184,2.01069,1.92262,1.83739,1.75478,1.67458,1.59659,1.52062,1.44652,1.37412,1.30327,1.23384,1.16570,1.09873,1.03283,0.96789,0.90382,0.84054,0.77796,0.71601,0.65462,0.59372,0.53325,0.47316,0.41339,0.35389,0.29461,0.23551,0.17654,0.11766,0.05883
3.43176,3.43172,3.43160,3.43140,3.43113,3.43078,3.43035,3.42984,3.42926,3.42861,3.42789,3.42711,3.42625,3.42534,3.42436,3.42333,3.42225,3.42111,3.41993,3.41870,3.41744,3.41615,3.41482,3.41348,3.41211,3.41073,3.40934,3.40795,3.40656,3.40518,3.40381,3.40247,3.40116,3.39988,3.39864,3.39745,3.39632,3.39526,3.39426,3.39335,3.39252,3.39179,3.39117,3.39066,3.39027,3.39001,3.38989,3.38991,3.39010,3.39045,3.39098,3.39170,3.39261,3.39373,3.39506,3.39662,3.39841,3.40045,3.40275,3.40531,3.40815,3.41128,3.41471,3.41845,3.42250,3.42689,3.43162,3.43670,3.44214,3.44796,3.45416,3.46076,3.46777,3.47520,3.48305,3.49135,3.50010,3.50931,3.51899,3.52916,3.53982,3.55099,3.56268,3.57489,3.58764,3.60094,3.61480,3.62923,3.64423,3.65982,3.67601,3.69280,3.71021,3.72824,3.74690,3.76620,3.78615,3.80675,3.82800,3.84992,3.87250,3.89576,3.91969,3.94430,3.96959,3.99555,4.02220,4.04952,4.07751,4.10616,4.13548,4.16545,4.19606,4.22731,4.25917,4.29163,4.32467,4.35827,4.39241,4.42705,4.46218,4.49776,4.53374,4.57010,4.60678,4.64374,4.68092,4.71828,4.75574,4.79325,4.83072,4.86810,4.90529,4.94221,4.97877,5.01487,5.05042,5.08531,5.11944,5.15268,5.18491,5.21603,5.24591,5.27442,5.30144,5.32684,5.35050,5.37229,5.39211,5.40982,5.42533,5.43853,5.44934,5.45767,5.46344,5.46662,5.46714,5.46499,5.46015,5.45263,5.44245,5.42965,5.41428,5.39643,5.37617,5.35361,5.32889,5.30222,5.27222,5.24070,5.20764,5.17317,5.13775,5.10319,5.08066,5.25171,6.10082,5.11982,4.99889,4.93533,4.88581,4.84184,4.80081,4.76175,4.72425,4.68812,4.65331,4.61981,4.58765,4.55686,4.52749,4.49957,4.47315,4.44826,4.42495,4.40324,4.38315,4.36472,4.34796,4.33289,4.31952,4.30786,4.29792,4.28969,4.28318,4.27838,4.27530,4.27392,4.27424,4.27625,4.27992,4.28526,4.29224,4.30084,4.31105,4.32284,4.33618,4.35105,4.36743,4.38527,4.40455,4.42522,4.44725,4.47060,4.49522,4.52105,4.54806,4.57617,4.60534,4.63550,4.66658,4.69851,4.73122,4.76464,4.79868,4.83327,4.86833,4.90376,4.93949,4.97543,5.01150,5.04762,5.08371,5.11971,5.15554,5.19116,5.22650,5.26153,5.29623,5.33058,5.36457,5.39824,5.43160,5.46471,5.49765,5.53050,5.56337,5.59639,5.62972,5.66352,5.69798,5.73331,5.76973,5.80747,5.84678,5.88792,5.93114,5.97671,6.02487,6.07587,6.12993,6.18724,6.24796,6.31220,6.37999,6.45132,6.52604,6.60391,6.68457,6.76747,6.85193,6.93704,7.02169,7.10457,7.18413,7.25860,7.32604,7.38435,7.43135,7.46482,7.48265,7.48288,7.46388,7.42437,7.36359,7.28133,7.17793,7.05432,6.91196,6.75275,6.57894,6.39301,6.19753,5.99508,5.78813,5.57896,5.36963,5.16191,4.95731,4.75705,4.56207,4.37310,4.19061,4.01493,3.84621,3.68447,3.52963,3.38154,3.23999,3.10471,2.97541,2.85178,2.73351,2.62027,2.51174,2.40762,2.30760,2.21138,2.11870,2.02929,1.94290,1.85929,1.77826,1.69958,1.62307,1.54855,1.47585,1.40482,1.33532,1.26720,1.20035,1.13465,1.06999,1.00628,0.94342,0.88133,0.81993,0.75915,0.69892,0.63918,0.57988,0.52094,0.46234,0.40401,0.34592,0.28801,0.23026,0.17262,0.11505,0.05753
3.40071,3.40067,3.40057,3.40041,3.40018,3.39989,3.39953,3.39911,3.39863,3.39809,3.39749,3.39684,3.39614,3.39539,3.39459,3.39374,3.39286,3.39193,3.39098,3.38999,3.38898,3.38795,3.38690,3.38584,3.38477,3.38369,3.38263,3.38157,3.38052,3.37950,3.37850,3.37754,3.37661,3.37573,3.37490,3.37414,3.37344,3.37281,3.37227,3.37181,3.37146,3.37121,3.37107,3.37106,3.37117,3.37143,3.37183,3.37239,3.37312,3.37402,3.37510,3.37638,3.37786,3.37955,3.38147,3.38362,3.38601,3.38865,3.39155,3.39473,3.39819,3.40194,3.40600,3.41037,3.41506,3.42009,3.42546,3.43119,3.43729,3.44376,3.45063,3.45789,3.46556,3.47365,3.48217,3.49114,3.50055,3.51043,3.52079,3.53163,3.54296,3.55480,3.56716,3.58004,3.59345,3.60741,3.62193,3.63701,3.65267,3.66891,3.68574,3.70317,3.72121,3.73986,3.75914,3.77905,3.79959,3.82077,3.84261,3.86509,3.88822,3.91201,3.93647,3.96158,3.98735,4.01378,4.04087,4.06860,4.09699,4.12601,4.15567,4.18595,4.21684,4.24832,4.28038,4.31300,4.34616,4.37984,4.41400,4.44862,4.48367,4.51910,4.55488,4.59097,4.62731,4.66386,4.70056,4.73735,4.77416,4.81093,4.84758,4.88403,4.92020,4.95599,4.99133,5.02610,5.06021,5.09355,5.12601,5.15747,5.18782,5.21694,5.24471,5.27101,5.29571,5.31870,5.33986,5.35907,5.37622,5.39122,5.40395,5.41434,5.42231,5.42779,5.43073,5.43108,5.42882,5.42394,5.41644,5.40635,5.39371,5.37856,5.36099,5.34107,5.31890,5.29462,5.26834,5.24030,5.20912,5.17662,5.14277,5.10770,5.07188,5.03720,5.01560,5.21684,5.87600,5.04589,4.93170,4.87019,4.82201,4.77926,4.73946,4.70168,4.66550,4.63076,4.59740,4.56540,4.53477,4.50556,4.47778,4.45149,4.42671,4.40347,4.38180,4.36174,4.34330,4.32651,4.31137,4.29791,4.28612,4.27602,4.26762,4.26090,4.25587,4.25253,4.25087,4.25088,4.25255,4.25587,4.26083,4.26740,4.27559,4.28535,4.29667,4.30954,4.32391,4.33977,4.35709,4.37583,4.39595,4.41742,4.44019,4.46423,4.48948,4.51590,4.54343,4.57202,4.60160,4.63210,4.66348,4.69564,4.72853,4.76206,4.79616,4.83075,4.86574,4.90107,4.93664,4.97237,5.00820,5.04405,5.07983,5.11551,5.15100,5.18627,5.22128,5.25600,5.29040,5.32450,5.35830,5.39184,5.42515,5.45831,5.49140,5.52452,5.55779,5.59136,5.62539,5.66004,5.69553,5.73205,5.76984,5.80913,5.85015,5.89316,5.93841,5.98612,6.03654,6.08986,6.14628,6.20593,6.26892,6.33528,6.40496,6.47784,6.55366,6.63207,6.71253,6.79435,6.87667,6.95840,7.03826,7.11475,7.18616,7.25061,7.30609,7.35049,7.38168,7.39763,7.39648,7.37663,7.33690,7.27655,7.19535,7.09368,6.97241,6.83295,6.67713,6.50713,6.32531,6.13419,5.93624,5.73387,5.52928,5.32448,5.12120,4.92091,4.72480,4.53380,4.34863,4.16976,3.99752,3.83205,3.67340,3.52149,3.37618,3.23726,3.10448,2.97756,2.85619,2.74008,2.62890,2.52235,2.42011,2.32190,2.22744,2.13644,2.04865,1.96383,1.88174,1.80218,1.72493,1.64981,1.57665,1.50527,1.43553,1.36728,1.30039,1.23474,1.17022,1.10673,1.04415,0.98242,0.92144,0.86113,0.80143,0.74228,0.68360,0.62535,0.56747,0.50992,0.45265,0.39562,0.33878,0.28211,0.22557,0.16912,0.11272,0.05636
3.37288,3.37286,3.37278,3.37264,3.37246,3.37222,3.37193,3.37160,3.37121,3.37078,3.37030,3.36979,3.36923,3.36863,3.36800,3.36734,3.36665,3.36593,3.36519,3.36444,3.36367,3.36289,3.36211,3.36132,3.36054,3.35977,3.35901,3.35828,3.35756,3.35688,3.35624,3.35564,3.35509,3.35460,3.35417,3.35381,3.35353,3.35333,3.35322,3.35322,3.35331,3.35353,3.35386,3.35433,3.35494,3.35569,3.35660,3.35768,3.35892,3.36035,3.36198,3.36380,3.36583,3.36808,3.37056,3.37328,3.37625,3.37948,3.38297,3.38674,3.39080,3.39515,3.39982,3.40480,3.41011,3.41576,3.42176,3.42812,3.43485,3.44196,3.44946,3.45736,3.46567,3.47440,3.48357,3.49318,3.50325,3.51378,3.52478,3.53626,3.54825,3.56073,3.57373,3.58725,3.60131,3.61591,3.63106,3.64678,3.66306,3.67992,3.69736,3.71540,3.73405,3.75330,3.77316,3.79364,3.81475,3.83649,3.85887,3.88188,3.90553,3.92982,3.95475,3.98033,4.00655,4.03340,4.06088,4.08900,4.11773,4.14708,4.17702,4.20756,4.23867,4.27033,4.30254,4.33526,4.36847,4.40215,4.43627,4.47079,4.50568,4.54090,4.57639,4.61213,4.64805,4.68410,4.72023,4.75636,4.79242,4.82836,4.86408,4.89951,4.93455,4.96913,5.00313,5.03647,5.06904,5.10073,5.13142,5.16102,5.18939,5.21643,5.24202,5.26604,5.28837,5.30889,5.32751,5.34411,5.35860,5.37087,5.38085,5.38847,5.39364,5.39634,5.39651,5.39414,5.38920,5.38172,5.37171,5.35920,5.34426,5.32695,5.30735,5.28556,5.26169,5.23587,5.20825,5.17903,5.14687,5.11358,5.07913,5.04364,5.00760,4.97296,4.95254,5.19011,5.68367,4.97502,4.86705,4.80758,4.76081,4.71933,4.68081,4.64433,4.60952,4.57619,4.54429,4.51379,4.48471,4.45705,4.43087,4.40617,4.38300,4.36138,4.34134,4.32289,4.30606,4.29086,4.27730,4.26539,4.25515,4.24657,4.23965,4.23440,4.23080,4.22887,4.22858,4.22992,4.23290,4.23749,4.24368,4.25145,4.26078,4.27166,4.28406,4.29795,4.31332,4.33012,4.34833,4.36792,4.38884,4.41106,4.43454,4.45923,4.48508,4.51204,4.54006,4.56908,4.59903,4.62986,4.66149,4.69386,4.72689,4.76051,4.79465,4.82922,4.86414,4.89935,4.93476,4.97029,5.00589,5.04147,5.07697,5.11234,5.14753,5.18250,5.21723,5.25168,5.28587,5.31979,5.35348,5.38698,5.42034,5.45364,5.48699,5.52049,5.55428,5.58850,5.62333,5.65895,5.69557,5.73339,5.77263,5.81353,5.85632,5.90123,5.94850,5.99834,6.05094,6.10648,6.16509,6.22685,6.29181,6.35990,6.43099,6.50484,6.58108,6.65919,6.73851,6.81818,6.89714,6.97416,7.04777,7.11634,7.17805,7.23096,7.27302,7.30221,7.31657,7.31430,7.29389,7.25418,7.19447,7.11455,7.01476,6.89595,6.75946,6.60707,6.44085,6.26311,6.07625,5.88269,5.68474,5.48456,5.28410,5.08505,4.88885,4.69666,4.50943,4.32783,4.15236,3.98333,3.82092,3.66515,3.51598,3.37325,3.23678,3.10633,2.98162,2.86237,2.74826,2.63901,2.53429,2.43382,2.33731,2.24448,2.15505,2.06879,1.98544,1.90477,1.82659,1.75069,1.67688,1.60498,1.53484,1.46631,1.39924,1.33351,1.26900,1.20558,1.14317,1.08167,1.02098,0.96103,0.90174,0.84304,0.78487,0.72718,0.66990,0.61298,0.55639,0.50008,0.44400,0.38813,0.33242,0.27685,0.22138,0.16599,0.11065,0.05533
3.34835,3.34833,3.34827,3.34817,3.34803,3.34784,3.34762,3.34737,3.34707,3.34675,3.34639,3.34600,3.34558,3.34514,3.34467,3.34418,3.34368,3.34317,3.34264,3.34211,3.34157,3.34104,3.34051,3.34000,3.33950,3.33902,3.33856,3.33814,3.33775,3.33740,3.33710,3.33686,3.33668,3.33656,3.33651,3.33655,3.33667,3.33688,3.33720,3.33762,3.33816,3.33883,3.33962,3.34055,3.34164,3.34287,3.34427,3.34585,3.34760,3.34954,3.35169,3.35404,3.35660,3.35940,3.36242,3.36570,3.36922,3.37301,3.37708,3.38142,3.38606,3.39100,3.39626,3.40183,3.40774,3.41400,3.42060,3.42757,3.43491,3.44263,3.45075,3.45927,3.46820,3.47756,3.48735,3.49759,3.50828,3.51943,3.53106,3.54317,3.55578,3.56889,3.58251,3.59665,3.61133,3.62654,3.64230,3.65862,3.67550,3.69296,3.71100,3.72962,3.74883,3.76865,3.78907,3.81010,3.83175,3.85401,3.87689,3.90040,3.92453,3.94929,3.97467,4.00067,4.02729,4.05452,4.08236,4.11081,4.13984,4.16946,4.19964,4.23038,4.26165,4.29345,4.32573,4.35849,4.39170,4.42532,4.45932,4.49367,4.52833,4.56325,4.59838,4.63368,4.66910,4.70456,4.74002,4.77540,4.81063,4.84563,4.88033,4.91464,4.94846,4.98171,5.01430,5.04610,5.07703,5.10698,5.13583,5.16347,5.18979,5.21468,5.23802,5.25970,5.27961,5.29764,5.31370,5.32768,5.33950,5.34907,5.35632,5.36120,5.36365,5.36364,5.36114,5.35615,5.34867,5.33872,5.32634,5.31158,5.29451,5.27521,5.25377,5.23031,5.20493,5.17777,5.14899,5.11880,5.08585,5.05195,5.01706,4.98132,4.94521,4.91078,4.89176,5.17339,5.51767,4.90739,4.80518,4.74774,4.70240,4.66224,4.62503,4.58989,4.55646,4.52456,4.49413,4.46513,4.43757,4.41147,4.38685,4.36373,4.34215,4.32211,4.30365,4.28678,4.27151,4.25786,4.24584,4.23545,4.22670,4.21959,4.21411,4.21028,4.20807,4.20749,4.20853,4.21116,4.21540,4.22121,4.22858,4.23750,4.24795,4.25989,4.27332,4.28820,4.30451,4.32221,4.34128,4.36167,4.38336,4.40629,4.43043,4.45573,4.48214,4.50961,4.53808,4.56750,4.59780,4.62891,4.66078,4.69332,4.72648,4.76017,4.79432,4.82886,4.86371,4.89879,4.93404,4.96938,5.00475,5.04008,5.07533,5.11043,5.14536,5.18007,5.21457,5.24882,5.28285,5.31668,5.35034,5.38388,5.41739,5.45094,5.48465,5.51863,5.55304,5.58803,5.62377,5.66045,5.69828,5.73747,5.77824,5.82080,5.86539,5.91221,5.96147,6.01336,6.06803,6.12562,6.18620,6.24979,6.31634,6.38571,6.45766,6.53182,6.60769,6.68462,6.76176,6.83811,6.91246,6.98339,7.04933,7.10851,7.15907,7.19905,7.22649,7.23951,7.23637,7.21563,7.17616,7.11729,7.03881,6.94104,6.82478,6.69132,6.54237,6.37991,6.20618,6.02350,5.83419,5.64052,5.44459,5.24828,5.05327,4.86095,4.67249,4.48880,4.31057,4.13829,3.97228,3.81272,3.65965,3.51302,3.37271,3.23852,3.11024,2.98759,2.87029,2.75806,2.65059,2.54760,2.44878,2.35385,2.26254,2.17459,2.08974,2.00777,1.92845,1.85156,1.77692,1.70434,1.63364,1.56467,1.49728,1.43132,1.36668,1.30322,1.24085,1.17946,1.11895,1.05925,1.00026,0.94192,0.88415,0.82690,0.77011,0.71373,0.65770,0.60198,0.54654,0.49133,0.43632,0.38148,0.32677,0.27218,0.21767,0.16322,0.10881,0.05441
3.32725,3.32723,3.32719,3.32712,3.32702,3.32689,3.32673,3.32655,3.32635,3.32612,3.32588,3.32561,3.32533,3.32503,3.32473,3.32441,3.32409,3.32377,3.32345,3.32313,3.32283,3.32253,3.32225,3.32200,3.32177,3.32157,3.32141,3.32129,3.32121,3.32119,3.32123,3.32133,3.32150,3.32174,3.32207,3.32249,3.32300,3.32362,3.32434,3.32519,3.32615,3.32725,3.32849,3.32988,3.33142,3.33312,3.33500,3.33706,3.33930,3.34174,3.34439,3.34725,3.35034,3.35366,3.35722,3.36102,3.36509,3.36943,3.37405,3.37895,3.38416,3.38966,3.39549,3.40164,3.40813,3.41497,3.42216,3.42972,3.43765,3.44597,3.45469,3.46381,3.47335,3.48331,3.49370,3.50455,3.51584,3.52760,3.53984,3.55255,3.56576,3.57947,3.59370,3.60844,3.62371,3.63951,3.65586,3.67276,3.69022,3.70825,3.72685,3.74603,3.76579,3.78615,3.80710,3.82865,3.85080,3.87356,3.89692,3.92089,3.94547,3.97065,3.99644,4.02283,4.04981,4.07738,4.10554,4.13427,4.16355,4.19339,4.22376,4.25465,4.28604,4.31790,4.35021,4.38294,4.41608,4.44957,4.48339,4.51749,4.55184,4.58638,4.62108,4.65586,4.69068,4.72548,4.76018,4.79472,4.82901,4.86299,4.89657,4.92966,4.96218,4.99401,5.02507,5.05526,5.08447,5.11258,5.13951,5.16512,5.18932,5.21200,5.23304,5.25234,5.26979,5.28531,5.29879,5.31015,5.31932,5.32621,5.33079,5.33299,5.33279,5.33016,5.32510,5.31761,5.30771,5.29544,5.28085,5.26400,5.24498,5.22387,5.20077,5.17582,5.14911,5.12081,5.09105,5.06007,5.02650,4.99216,4.95700,4.92116,4.88513,4.85102,4.83364,5.16911,5.37324,4.84325,4.74637,4.69094,4.64707,4.60825,4.57238,4.53861,4.50657,4.47611,4.44713,4.41963,4.39358,4.36901,4.34594,4.32438,4.30435,4.28586,4.26895,4.25362,4.23988,4.22774,4.21721,4.20829,4.20099,4.19530,4.19123,4.18876,4.18790,4.18863,4.19094,4.19483,4.20028,4.20727,4.21578,4.22581,4.23732,4.25029,4.26471,4.28054,4.29775,4.31631,4.33620,4.35736,4.37977,4.40338,4.42815,4.45403,4.48097,4.50891,4.53781,4.56759,4.59820,4.62958,4.66166,4.69436,4.72762,4.76136,4.79552,4.83002,4.86479,4.89976,4.93485,4.97001,5.00517,5.04028,5.07530,5.11017,5.14488,5.17940,5.21371,5.24784,5.28179,5.31560,5.34931,5.38300,5.41674,5.45063,5.48480,5.51937,5.55450,5.59035,5.62710,5.66493,5.70406,5.74469,5.78702,5.83128,5.87766,5.92636,5.97755,6.03139,6.08799,6.14742,6.20969,6.27476,6.34247,6.41259,6.48476,6.55849,6.63314,6.70790,6.78178,6.85361,6.92204,6.98553,7.04239,7.09082,7.12893,7.15483,7.16672,7.16293,7.14205,7.10300,7.04512,6.96821,6.87254,6.75889,6.62849,6.48296,6.32423,6.15444,5.97582,5.79065,5.60111,5.40925,5.21693,5.02576,4.83713,4.65219,4.47185,4.29679,4.12751,3.96433,3.80743,3.65687,3.51262,3.37455,3.24249,3.11622,2.99549,2.88002,2.76953,2.66373,2.56233,2.46504,2.37159,2.28170,2.19513,2.11162,2.03094,1.95287,1.87720,1.80375,1.73232,1.66275,1.59488,1.52855,1.46365,1.40003,1.33758,1.27618,1.21575,1.15619,1.09740,1.03931,0.98186,0.92496,0.86856,0.81261,0.75705,0.70184,0.64692,0.59227,0.53785,0.48362,0.42956,0.37563,0.32181,0.26808,0.21441,0.16079,0.10719,0.05360
3.30924,3.30924,3.30921,3.30917,3.30911,3.30903,3.30894,3.30883,3.30872,3.30859,3.30845,3.30831,3.30816,3.30801,3.30786,3.30771,3.30756,3.30743,3.30731,3.30720,3.30711,3.30705,3.30702,3.30701,3.30705,3.30712,3.30724,3.30742,3.30765,3.30794,3.30830,3.30873,3.30924,3.30984,3.31053,3.31132,3.31221,3.31322,3.31434,3.31559,3.31697,3.31849,3.32016,3.32199,3.32398,3.32614,3.32848,3.33100,3.33372,3.33665,3.33979,3.34314,3.34673,3.35056,3.35463,3.35896,3.36356,3.36843,3.37358,3.37903,3.38477,3.39083,3.39722,3.40393,3.41098,3.41838,3.42614,3.43427,3.44278,3.45168,3.46098,3.47068,3.48080,3.49134,3.50233,3.51375,3.52564,3.53798,3.55080,3.56410,3.57790,3.59219,3.60699,3.62230,3.63815,3.65452,3.67143,3.68889,3.70690,3.72548,3.74461,3.76432,3.78461,3.80547,3.82692,3.84896,3.87159,3.89480,3.91861,3.94301,3.96799,3.99357,4.01972,4.04646,4.07376,4.10163,4.13005,4.15902,4.18851,4.21852,4.24902,4.28001,4.31144,4.34331,4.37558,4.40823,4.44122,4.47451,4.50807,4.54186,4.57582,4.60991,4.64408,4.67826,4.71240,4.74644,4.78029,4.81390,4.84717,4.88003,4.91240,4.94418,4.97529,5.00562,5.03507,5.06355,5.09095,5.11716,5.14209,5.16561,5.18763,5.20804,5.22674,5.24362,5.25860,5.27159,5.28250,5.29127,5.29781,5.30208,5.30404,5.30364,5.30088,5.29574,5.28823,5.27837,5.26619,5.25175,5.23511,5.21634,5.19554,5.17280,5.14824,5.12197,5.09413,5.06486,5.03431,5.00270,4.96868,4.93406,4.89878,4.86298,4.82715,4.79351,4.77800,5.17974,5.24618,4.78227,4.69037,4.63693,4.59454,4.55709,4.52258,4.49018,4.45955,4.43052,4.40301,4.37698,4.35244,4.32938,4.30782,4.28778,4.26928,4.25231,4.23691,4.22308,4.21082,4.20015,4.19107,4.18358,4.17769,4.17338,4.17066,4.16952,4.16996,4.17196,4.17551,4.18060,4.18721,4.19534,4.20496,4.21604,4.22858,4.24254,4.25791,4.27464,4.29272,4.31211,4.33277,4.35467,4.37776,4.40202,4.42738,4.45380,4.48123,4.50962,4.53890,4.56903,4.59993,4.63155,4.66381,4.69665,4.73000,4.76378,4.79794,4.83239,4.86708,4.90193,4.93688,4.97187,5.00685,5.04176,5.07658,5.11127,5.14580,5.18016,5.21437,5.24843,5.28237,5.31623,5.35008,5.38400,5.41807,5.45240,5.48712,5.52238,5.55832,5.59511,5.63295,5.67200,5.71249,5.75459,5.79852,5.84446,5.89261,5.94312,5.99615,6.05178,6.11010,6.17110,6.23473,6.30085,6.36921,6.43948,6.51117,6.58365,6.65615,6.72770,6.79717,6.86326,6.92449,6.97922,7.02571,7.06216,7.08674,7.09771,7.09346,7.07264,7.03418,6.97744,6.90221,6.80875,6.69777,6.57046,6.42836,6.27332,6.10740,5.93277,5.75163,5.56609,5.37816,5.18965,5.00216,4.81705,4.63545,4.45828,4.28620,4.11974,3.95921,3.80480,3.65660,3.51456,3.37858,3.24850,3.12410,3.00515,2.89138,2.78251,2.67826,2.57835,2.48249,2.39042,2.30187,2.21659,2.13433,2.05486,1.97797,1.90345,1.83111,1.76077,1.69226,1.62543,1.56012,1.49621,1.43356,1.37206,1.31159,1.25207,1.19339,1.13547,1.07824,1.02162,0.96554,0.90994,0.85478,0.79999,0.74553,0.69136,0.63744,0.58374,0.53022,0.47686,0.42363,0.37050,0.31746,0.26449,0.21156,0.15866,0.10578,0.05290
3.29412,3.29411,3.29410,3.29409,3.29407,3.29404,3.29401,3.29398,3.29395,3.29392,3.29389,3.29386,3.29384,3.29382,3.29382,3.29384,3.29386,3.29391,3.29398,3.29408,3.29421,3.29437,3.29457,3.29481,3.29510,3.29544,3.29584,3.29630,3.29682,3.29742,3.29809,3.29885,3.29969,3.30063,3.30168,3.30282,3.30409,3.30547,3.30698,3.30862,3.31040,3.31234,3.31443,3.31668,3.31910,3.32170,3.32449,3.32747,3.33065,3.33405,3.33766,3.34150,3.34557,3.34989,3.35447,3.35930,3.36441,3.36979,3.37547,3.38144,3.38772,3.39431,3.40123,3.40849,3.41609,3.42404,3.43235,3.44103,3.45010,3.45956,3.46942,3.47968,3.49037,3.50148,3.51303,3.52502,3.53747,3.55038,3.56376,3.57763,3.59198,3.60683,3.62219,3.63806,3.65445,3.67137,3.68882,3.70681,3.72535,3.74444,3.76409,3.78430,3.80508,3.82643,3.84834,3.87084,3.89390,3.91755,3.94176,3.96655,3.99191,4.01783,4.04432,4.07136,4.09894,4.12706,4.15570,4.18485,4.21450,4.24462,4.27520,4.30622,4.33764,4.36946,4.40162,4.43411,4.46689,4.49991,4.53314,4.56652,4.60002,4.63358,4.66713,4.70063,4.73401,4.76719,4.80011,4.83268,4.86484,4.89650,4.92756,4.95794,4.98755,5.01629,5.04405,5.07074,5.09626,5.12050,5.14336,5.16473,5.18452,5.20263,5.21895,5.23341,5.24591,5.25638,5.26474,5.27093,5.27490,5.27660,5.27601,5.27311,5.26788,5.26034,5.25051,5.23842,5.22412,5.20766,5.18914,5.16862,5.14622,5.12203,5.09618,5.06878,5.03998,5.00992,4.97874,4.94667,4.91236,4.87760,4.84235,4.80671,4.77121,4.73815,4.72473,5.20869,5.13328,4.72426,4.63702,4.58555,4.54466,4.50860,4.47545,4.44444,4.41522,4.38762,4.36156,4.33700,4.31394,4.29237,4.27231,4.25376,4.23674,4.22127,4.20734,4.19496,4.18415,4.17491,4.16724,4.16114,4.15661,4.15364,4.15223,4.15238,4.15407,4.15729,4.16204,4.16829,4.17604,4.18526,4.19593,4.20804,4.22157,4.23648,4.25275,4.27035,4.28926,4.30943,4.33083,4.35343,4.37718,4.40204,4.42796,4.45489,4.48278,4.51158,4.54123,4.57167,4.60284,4.63467,4.66710,4.70006,4.73348,4.76730,4.80144,4.83585,4.87045,4.90519,4.94001,4.97485,5.00966,5.04442,5.07907,5.11361,5.14801,5.18229,5.21644,5.25050,5.28450,5.31850,5.35257,5.38680,5.42128,5.45614,5.49151,5.52753,5.56436,5.60218,5.64116,5.68149,5.72337,5.76697,5.81249,5.86010,5.90995,5.96217,6.01688,6.07411,6.13389,6.19613,6.26072,6.32741,6.39585,6.46559,6.53602,6.60637,6.67573,6.74299,6.80690,6.86603,6.91881,6.96356,6.99854,7.02199,7.03223,7.02771,7.00710,6.96939,6.91392,6.84049,6.74931,6.64107,6.51687,6.37819,6.22681,6.06471,5.89399,5.71676,5.53511,5.35097,5.16614,4.98217,4.80041,4.62200,4.44782,4.27857,4.11475,3.95671,3.80465,3.65864,3.51867,3.38464,3.25640,3.13375,3.01646,2.90426,2.79690,2.69410,2.59558,2.50106,2.41028,2.32297,2.23890,2.15781,2.07948,2.00370,1.93027,1.85899,1.78968,1.72218,1.65633,1.59199,1.52902,1.46729,1.40669,1.34711,1.28845,1.23062,1.17353,1.11711,1.06127,1.00597,0.95113,0.89671,0.84264,0.78889,0.73542,0.68218,0.62914,0.57628,0.52356,0.47097,0.41847,0.36605,0.31369,0.26137,0.20909,0.15682,0.10456,0.05229
3.28162,3.28162,3.28163,3.28164,3.28166,3.28168,3.28171,3.28175,3.28180,3.28186,3.28193,3.28202,3.28212,3.28225,3.28239,3.28256,3.28275,3.28298,3.28324,3.28353,3.28387,3.28425,3.28468,3.28516,3.28569,3.28629,3.28696,3.28769,3.28850,3.28940,3.29038,3.29145,3.29262,3.29389,3.29527,3.29677,3.29839,3.30014,3.30202,3.30405,3.30622,3.30855,3.31105,3.31371,3.31656,3.31959,3.32281,3.32623,3.32986,3.33371,3.33779,3.34210,3.34665,3.35145,3.35651,3.36183,3.36743,3.37332,3.37950,3.38598,3.39277,3.39989,3.40733,3.41511,3.42324,3.43172,3.44057,3.44979,3.45940,3.46940,3.47980,3.49061,3.50184,3.51350,3.52559,3.53814,3.55113,3.56459,3.57852,3.59293,3.60782,3.62321,3.63910,3.65550,3.67241,3.68985,3.70782,3.72632,3.74536,3.76494,3.78507,3.80576,3.82700,3.84879,3.87115,3.89406,3.91754,3.94157,3.96616,3.99130,4.01699,4.04322,4.06999,4.09729,4.12510,4.15342,4.18223,4.21151,4.24126,4.27144,4.30204,4.33303,4.36438,4.39607,4.42806,4.46032,4.49281,4.52549,4.55830,4.59121,4.62416,4.65710,4.68996,4.72268,4.75520,4.78744,4.81933,4.85079,4.88174,4.91210,4.94177,4.97066,4.99869,5.02575,5.05174,5.07657,5.10014,5.12234,5.14307,5.16225,5.17977,5.19554,5.20948,5.22150,5.23152,5.23948,5.24532,5.24899,5.25045,5.24966,5.24660,5.24129,5.23371,5.22390,5.21188,5.19770,5.18143,5.16312,5.14288,5.12079,5.09696,5.07150,5.04453,5.01619,4.98660,4.95591,4.92427,4.89189,4.85743,4.82268,4.78758,4.75223,4.71716,4.68479,4.67370,5.26038,5.03196,4.66896,4.58610,4.53659,4.49721,4.46255,4.43078,4.40117,4.37335,4.34717,4.32255,4.29945,4.27785,4.25775,4.23915,4.22208,4.20652,4.19249,4.18000,4.16906,4.15966,4.15180,4.14550,4.14075,4.13754,4.13587,4.13574,4.13713,4.14003,4.14444,4.15034,4.15772,4.16655,4.17683,4.18852,4.20162,4.21609,4.23191,4.24906,4.26749,4.28719,4.30811,4.33022,4.35348,4.37785,4.40328,4.42973,4.45714,4.48547,4.51465,4.54464,4.57537,4.60677,4.63880,4.67138,4.70444,4.73793,4.77177,4.80590,4.84026,4.87478,4.90942,4.94412,4.97883,5.01351,5.04812,5.08266,5.11709,5.15142,5.18565,5.21981,5.25394,5.28807,5.32229,5.35666,5.39128,5.42626,5.46172,5.49781,5.53467,5.57247,5.61137,5.65155,5.69320,5.73648,5.78158,5.82866,5.87787,5.92932,5.98312,6.03932,6.09790,6.15882,6.22194,6.28701,6.35372,6.42160,6.49007,6.55839,6.62568,6.69087,6.75274,6.80993,6.86091,6.90408,6.93776,6.96025,6.96992,6.96527,6.94503,6.90819,6.85411,6.78255,6.69372,6.58825,6.46718,6.33192,6.18416,6.02582,5.85893,5.68553,5.50766,5.32720,5.14591,4.96533,4.78679,4.61141,4.44009,4.27351,4.11221,3.95652,3.80665,3.66270,3.52467,3.39247,3.26595,3.14493,3.02919,2.91847,2.81252,2.71107,2.61385,2.52059,2.43102,2.34489,2.26195,2.18197,2.10472,2.02999,1.95759,1.88731,1.81898,1.75244,1.68754,1.62411,1.56204,1.50120,1.44147,1.38273,1.32490,1.26788,1.21159,1.15594,1.10086,1.04630,0.99218,0.93846,0.88509,0.83201,0.77919,0.72659,0.67418,0.62193,0.56980,0.51779,0.46586,0.41401,0.36220,0.31043,0.25869,0.20696,0.15524,0.10351,0.05176
3.27139,3.27139,3.27142,3.27146,3.27151,3.27158,3.27167,3.27178,3.27191,3.27206,3.27223,3.27243,3.27265,3.27291,3.27319,3.27351,3.27387,3.27427,3.27471,3.27520,3.27573,3.27633,3.27698,3.27769,3.27847,3.27932,3.28024,3.28125,3.28234,3.28352,3.28479,3.28617,3.28765,3.28925,3.29096,3.29280,3.29477,3.29687,3.29912,3.30152,3.30407,3.30679,3.30968,3.31275,3.31600,3.31945,3.32309,3.32694,3.33101,3.33530,3.33983,3.34459,3.34960,3.35487,3.36040,3.36620,3.37228,3.37865,3.38532,3.39230,3.39959,3.40721,3.41516,3.42345,3.43209,3.44109,3.45045,3.46020,3.47033,3.48085,3.49178,3.50311,3.51487,3.52706,3.53968,3.55275,3.56627,3.58025,3.59471,3.60963,3.62505,3.64095,3.65735,3.67426,3.69167,3.70960,3.72806,3.74704,3.76655,3.78660,3.80718,3.82831,3.84997,3.87219,3.89494,3.91825,3.94209,3.96647,3.99139,4.01685,4.04283,4.06932,4.09633,4.12383,4.15183,4.18029,4.20921,4.23858,4.26836,4.29854,4.32909,4.35999,4.39120,4.42270,4.45445,4.48640,4.51853,4.55077,4.58310,4.61544,4.64776,4.67999,4.71206,4.74392,4.77549,4.80670,4.83747,4.86772,4.89737,4.92634,4.95453,4.98185,5.00821,5.03351,5.05766,5.08056,5.10211,5.12222,5.14079,5.15773,5.17295,5.18637,5.19791,5.20750,5.21506,5.22055,5.22392,5.22511,5.22412,5.22092,5.21551,5.20789,5.19808,5.18613,5.17206,5.15595,5.13786,5.11788,5.09608,5.07259,5.04751,5.02095,4.99304,4.96391,4.93370,4.90255,4.87060,4.83807,4.80360,4.76898,4.73414,4.69919,4.66466,4.63308,4.62457,5.34044,4.94003,4.61594,4.53723,4.48965,4.45179,4.41854,4.38817,4.35995,4.33354,4.30878,4.28559,4.26392,4.24377,4.22511,4.20796,4.19232,4.17820,4.16559,4.15451,4.14495,4.13693,4.13043,4.12546,4.12202,4.12010,4.11969,4.12079,4.12338,4.12747,4.13302,4.14004,4.14850,4.15838,4.16967,4.18235,4.19640,4.21178,4.22847,4.24645,4.26569,4.28614,4.30777,4.33056,4.35445,4.37940,4.40537,4.43232,4.46018,4.48891,4.51845,4.54875,4.57974,4.61137,4.64357,4.67628,4.70943,4.74296,4.77682,4.81093,4.84524,4.87970,4.91425,4.94884,4.98344,5.01801,5.05252,5.08697,5.12134,5.15564,5.18989,5.22412,5.25838,5.29272,5.32721,5.36195,5.39704,5.43259,5.46874,5.50562,5.54338,5.58220,5.62223,5.66364,5.70661,5.75130,5.79787,5.84644,5.89715,5.95007,6.00526,6.06270,6.12234,6.18403,6.24757,6.31260,6.37871,6.44532,6.51171,6.57703,6.64027,6.70023,6.75561,6.80495,6.84669,6.87921,6.90088,6.91013,6.90550,6.88574,6.84988,6.79727,6.72767,6.64125,6.53858,6.42065,6.28879,6.14464,5.99003,5.82690,5.65726,5.48308,5.30620,5.12835,4.95105,4.77561,4.60315,4.43456,4.27055,4.11163,3.95817,3.81039,3.66839,3.53219,3.40170,3.27681,3.15733,3.04304,2.93371,2.82909,2.72891,2.63292,2.54084,2.45241,2.36739,2.28554,2.20661,2.13039,2.05667,1.98524,1.91592,1.84854,1.78292,1.71892,1.65639,1.59519,1.53520,1.47630,1.41839,1.36136,1.30512,1.24960,1.19470,1.14036,1.08651,1.03309,0.98005,0.92734,0.87491,0.82272,0.77073,0.71891,0.66724,0.61568,0.56421,0.51281,0.46147,0.41017,0.35890,0.30764,0.25639,0.20514,0.15388,0.10261,0.05132
3.26325,3.26326,3.26330,3.26337,3.26346,3.26358,3.26372,3.26390,3.26410,3.26434,3.26461,3.26491,3.26526,3.26564,3.26606,3.26653,3.26705,3.26761,3.26823,3.26890,3.26964,3.27044,3.27130,3.27224,3.27325,3.27435,3.27552,3.27679,3.27815,3.27961,3.28117,3.28285,3.28464,3.28654,3.28858,3.29075,3.29305,3.29551,3.29811,3.30087,3.30379,3.30689,3.31016,3.31362,3.31727,3.32112,3.32518,3.32945,3.33394,3.33866,3.34362,3.34882,3.35428,3.36000,3.36598,3.37225,3.37880,3.38564,3.39279,3.40024,3.40802,3.41612,3.42456,3.43335,3.44248,3.45198,3.46185,3.47210,3.48273,3.49376,3.50520,3.51704,3.52931,3.54200,3.55514,3.56871,3.58274,3.59722,3.61218,3.62760,3.64351,3.65990,3.67679,3.69418,3.71207,3.73047,3.74938,3.76881,3.78877,3.80925,3.83025,3.85179,3.87385,3.89645,3.91957,3.94322,3.96740,3.99209,4.01730,4.04302,4.06924,4.09596,4.12315,4.15082,4.17894,4.20749,4.23647,4.26585,4.29561,4.32572,4.35616,4.38690,4.41790,4.44914,4.48056,4.51214,4.54382,4.57556,4.60730,4.63901,4.67060,4.70203,4.73323,4.76414,4.79467,4.82475,4.85431,4.88327,4.91154,4.93903,4.96565,4.99132,5.01594,5.03941,5.06165,5.08256,5.10204,5.12001,5.13638,5.15106,5.16396,5.17503,5.18418,5.19135,5.19649,5.19955,5.20049,5.19929,5.19594,5.19042,5.18275,5.17295,5.16105,5.14709,5.13113,5.11324,5.09349,5.07199,5.04882,5.02409,4.99793,4.97044,4.94176,4.91201,4.88134,4.84987,4.81776,4.78521,4.75086,4.71649,4.68203,4.64758,4.61368,4.58297,4.57728,5.45635,4.85597,4.56508,4.49029,4.44463,4.40830,4.37647,4.34750,4.32067,4.29567,4.27232,4.25055,4.23030,4.21157,4.19434,4.17861,4.16438,4.15166,4.14044,4.13073,4.12253,4.11585,4.11067,4.10700,4.10483,4.10416,4.10497,4.10727,4.11103,4.11625,4.12292,4.13101,4.14052,4.15142,4.16370,4.17732,4.19228,4.20853,4.22607,4.24485,4.26484,4.28601,4.30833,4.33176,4.35624,4.38175,4.40823,4.43564,4.46392,4.49303,4.52290,4.55349,4.58472,4.61655,4.64890,4.68173,4.71496,4.74854,4.78240,4.81650,4.85077,4.88516,4.91963,4.95413,4.98864,5.02313,5.05758,5.09198,5.12633,5.16066,5.19498,5.22934,5.26379,5.29840,5.33324,5.36843,5.40405,5.44024,5.47713,5.51486,5.55359,5.59346,5.63465,5.67731,5.72160,5.76766,5.81562,5.86560,5.91768,5.97189,6.02823,6.08663,6.14697,6.20901,6.27246,6.33687,6.40170,6.46626,6.52973,6.59113,6.64931,6.70301,6.75084,6.79128,6.82278,6.84376,6.85271,6.84821,6.82905,6.79426,6.74321,6.67563,6.59165,6.49181,6.37703,6.24858,6.10800,5.95706,5.79765,5.63170,5.46113,5.28775,5.11325,4.93912,4.76668,4.59703,4.43106,4.26950,4.11286,3.96152,3.81572,3.67557,3.54109,3.41223,3.28887,3.17083,3.05792,2.94990,2.84653,2.74755,2.65271,2.56175,2.47441,2.39044,2.30961,2.23169,2.15645,2.08368,2.01320,1.94481,1.87833,1.81360,1.75047,1.68880,1.62844,1.56928,1.51119,1.45408,1.39783,1.34236,1.28758,1.23342,1.17980,1.12665,1.07391,1.02153,0.96946,0.91766,0.86607,0.81467,0.76343,0.71230,0.66128,0.61033,0.55943,0.50858,0.45774,0.40693,0.35611,0.30529,0.25446,0.20361,0.15275,0.10186,0.05094
3.25693,3.25694,3.25700,3.25709,3.25721,3.25738,3.25758,3.25782,3.25810,3.25842,3.25878,3.25919,3.25965,3.26016,3.26072,3.26133,3.26200,3.26272,3.26351,3.26437,3.26530,3.26630,3.26737,3.26853,3.26977,3.27110,3.27252,3.27404,3.27567,3.27740,3.27924,3.28120,3.28329,3.28550,3.28785,3.29034,3.29298,3.29576,3.29871,3.30182,3.30511,3.30857,3.31221,3.31605,3.32009,3.32433,3.32878,3.33346,3.33836,3.34350,3.34888,3.35452,3.36041,3.36656,3.37299,3.37971,3.38671,3.39401,3.40162,3.40954,3.41778,3.42636,3.43527,3.44453,3.45415,3.46413,3.47449,3.48522,3.49634,3.50786,3.51978,3.53212,3.54487,3.55805,3.57167,3.58573,3.60024,3.61521,3.63064,3.64654,3.66292,3.67978,3.69713,3.71497,3.73331,3.75215,3.77149,3.79135,3.81171,3.83259,3.85399,3.87590,3.89832,3.92126,3.94471,3.96867,3.99314,4.01810,4.04356,4.06950,4.09591,4.12279,4.15012,4.17789,4.20608,4.23467,4.26365,4.29298,4.32265,4.35263,4.38289,4.41340,4.44412,4.47501,4.50603,4.53715,4.56830,4.59945,4.63054,4.66151,4.69229,4.72284,4.75308,4.78293,4.81234,4.84121,4.86947,4.89705,4.92384,4.94977,4.97475,4.99869,5.02150,5.04308,5.06335,5.08222,5.09959,5.11539,5.12952,5.14193,5.15252,5.16123,5.16801,5.17280,5.17555,5.17624,5.17484,5.17132,5.16570,5.15798,5.14817,5.13631,5.12245,5.10663,5.08893,5.06942,5.04819,5.02533,5.00095,4.97516,4.94808,4.91983,4.89054,4.86033,4.82934,4.79771,4.76557,4.73312,4.69901,4.66501,4.63103,4.59717,4.56398,4.53423,4.53163,5.61687,4.77840,4.51607,4.44502,4.40126,4.36645,4.33606,4.30849,4.28305,4.25945,4.23750,4.21713,4.19829,4.18097,4.16514,4.15080,4.13795,4.12660,4.11674,4.10838,4.10151,4.09613,4.09223,4.08982,4.08889,4.08943,4.09144,4.09489,4.09979,4.10612,4.11386,4.12300,4.13351,4.14539,4.15861,4.17315,4.18898,4.20608,4.22442,4.24397,4.26469,4.28655,4.30951,4.33354,4.35860,4.38463,4.41159,4.43943,4.46811,4.49757,4.52774,4.55859,4.59005,4.62205,4.65455,4.68748,4.72077,4.75439,4.78826,4.82233,4.85656,4.89090,4.92531,4.95975,4.99420,5.02863,5.06305,5.09744,5.13182,5.16622,5.20067,5.23521,5.26992,5.30486,5.34012,5.37581,5.41203,5.44892,5.48661,5.52524,5.56496,5.60592,5.64827,5.69216,5.73773,5.78510,5.83438,5.88563,5.93890,5.99418,6.05139,6.11042,6.17104,6.23296,6.29575,6.35889,6.42172,6.48343,6.54309,6.59960,6.65174,6.69817,6.73743,6.76803,6.78845,6.79721,6.79294,6.77447,6.74084,6.69141,6.62590,6.54441,6.44742,6.33579,6.21073,6.07370,5.92641,5.77067,5.60836,5.44133,5.27138,5.10014,4.92911,4.75958,4.59264,4.42921,4.27000,4.11555,3.96625,3.82233,3.68394,3.55111,3.42379,3.30187,3.18520,3.07359,2.96681,2.86462,2.76678,2.67304,2.58314,2.49684,2.41388,2.33403,2.25706,2.18276,2.11092,2.04134,1.97384,1.90824,1.84437,1.78209,1.72125,1.66172,1.60337,1.54608,1.48974,1.43426,1.37955,1.32551,1.27206,1.21914,1.16668,1.11461,1.06289,1.01145,0.96026,0.90927,0.85845,0.80776,0.75717,0.70666,0.65621,0.60579,0.55540,0.50501,0.45462,0.40421,0.35379,0.30334,0.25286,0.20235,0.15181,0.10123,0.05063
3.25212,3.25214,3.25221,3.25232,3.25248,3.25269,3.25294,3.25325,3.25360,3.25400,3.25446,3.25497,3.25554,3.25617,3.25686,3.25761,3.25843,3.25931,3.26027,3.26131,3.26242,3.26361,3.26489,3.26626,3.26772,3.26928,3.27094,3.27271,3.27459,3.27659,3.27870,3.28095,3.28332,3.28583,3.28848,3.29129,3.29424,3.29735,3.30064,3.30409,3.30772,3.31154,3.31554,3.31975,3.32416,3.32878,3.33363,3.33870,3.34400,3.34954,3.35533,3.36138,3.36769,3.37427,3.38113,3.38828,3.39572,3.40346,3.41152,3.41989,3.42858,3.43762,3.44699,3.45671,3.46679,3.47724,3.48806,3.49926,3.51085,3.52284,3.53523,3.54803,3.56126,3.57491,3.58899,3.60351,3.61849,3.63391,3.64980,3.66615,3.68297,3.70027,3.71805,3.73632,3.75507,3.77432,3.79407,3.81431,3.83506,3.85630,3.87805,3.90029,3.92304,3.94628,3.97002,3.99425,4.01896,4.04414,4.06979,4.09590,4.12246,4.14945,4.17687,4.20468,4.23288,4.26145,4.29035,4.31958,4.34910,4.37887,4.40888,4.43908,4.46943,4.49990,4.53045,4.56102,4.59157,4.62204,4.65238,4.68252,4.71241,4.74199,4.77117,4.79989,4.82808,4.85565,4.88253,4.90863,4.93388,4.95817,4.98144,5.00358,5.02451,5.04415,5.06240,5.07918,5.09441,5.10801,5.11991,5.13003,5.13831,5.14470,5.14914,5.15159,5.15202,5.15040,5.14673,5.14099,5.13321,5.12339,5.11157,5.09780,5.08212,5.06460,5.04531,5.02434,5.00178,4.97774,4.95231,4.92563,4.89780,4.86894,4.83919,4.80868,4.77752,4.74585,4.71381,4.68160,4.64784,4.61431,4.58090,4.54772,4.51531,4.48660,4.48735,5.83113,4.70616,4.46858,4.40110,4.35923,4.32596,4.29700,4.27083,4.24678,4.22457,4.20401,4.18503,4.16758,4.15164,4.13719,4.12422,4.11273,4.10273,4.09420,4.08715,4.08157,4.07746,4.07482,4.07364,4.07391,4.07563,4.07879,4.08337,4.08937,4.09676,4.10554,4.11569,4.12718,4.14001,4.15414,4.16955,4.18623,4.20413,4.22324,4.24352,4.26493,4.28745,4.31103,4.33563,4.36122,4.38774,4.41515,4.44341,4.47245,4.50223,4.53269,4.56377,4.59543,4.62759,4.66021,4.69323,4.72659,4.76023,4.79411,4.82816,4.86236,4.89666,4.93101,4.96541,4.99982,5.03423,5.06865,5.10307,5.13753,5.17205,5.20667,5.24146,5.27648,5.31180,5.34754,5.38379,5.42067,5.45831,5.49683,5.53639,5.57712,5.61917,5.66268,5.70777,5.75456,5.80315,5.85360,5.90596,5.96021,6.01628,6.07405,6.13330,6.19375,6.25499,6.31651,6.37768,6.43773,6.49575,6.55069,6.60138,6.64651,6.68471,6.71451,6.73446,6.74313,6.73919,6.72149,6.68908,6.64133,6.57794,6.49897,6.40484,6.29638,6.17470,6.04121,5.89754,5.74543,5.58671,5.42318,5.25659,5.08856,4.92056,4.75386,4.58958,4.42861,4.27168,4.11934,3.97199,3.82989,3.69319,3.56193,3.43608,3.31554,3.20018,3.08980,2.98420,2.88315,2.78639,2.69370,2.60482,2.51950,2.43750,2.35860,2.28256,2.20916,2.13821,2.06951,2.00288,1.93813,1.87511,1.81366,1.75364,1.69492,1.63736,1.58086,1.52529,1.47057,1.41660,1.36329,1.31056,1.25834,1.20656,1.15516,1.10408,1.05328,1.00270,0.95230,0.90205,0.85191,0.80186,0.75186,0.70189,0.65195,0.60200,0.55204,0.50205,0.45203,0.40198,0.35188,0.30174,0.25155,0.20132,0.15104,0.10073,0.05038
3.24871,3.24873,3.24882,3.24895,3.24915,3.24940,3.24970,3.25007,3.25049,3.25098,3.25152,3.25214,3.25281,3.25356,3.25437,3.25526,3.25622,3.25726,3.25838,3.25959,3.26088,3.26227,3.26374,3.26532,3.26700,3.26878,3.27068,3.27268,3.27481,3.27707,3.27945,3.28196,3.28462,3.28742,3.29036,3.29347,3.29673,3.30016,3.30377,3.30755,3.31152,3.31568,3.32004,3.32461,3.32938,3.33438,3.33959,3.34504,3.35073,3.35667,3.36286,3.36931,3.37603,3.38302,3.39029,3.39786,3.40573,3.41390,3.42238,3.43119,3.44032,3.44979,3.45961,3.46977,3.48030,3.49119,3.50246,3.51411,3.52615,3.53859,3.55143,3.56468,3.57835,3.59245,3.60698,3.62194,3.63735,3.65321,3.66952,3.68630,3.70354,3.72125,3.73944,3.75810,3.77724,3.79687,3.81699,3.83759,3.85867,3.88025,3.90231,3.92486,3.94788,3.97139,3.99537,4.01982,4.04472,4.07008,4.09588,4.12211,4.14876,4.17581,4.20324,4.23105,4.25920,4.28767,4.31645,4.34549,4.37478,4.40428,4.43396,4.46378,4.49370,4.52367,4.55365,4.58360,4.61345,4.64316,4.67266,4.70190,4.73081,4.75932,4.78736,4.81486,4.84175,4.86794,4.89335,4.91791,4.94153,4.96412,4.98560,5.00588,5.02489,5.04253,5.05872,5.07339,5.08646,5.09785,5.10751,5.11536,5.12135,5.12545,5.12759,5.12776,5.12594,5.12210,5.11625,5.10841,5.09857,5.08679,5.07309,5.05754,5.04019,5.02112,5.00040,4.97814,4.95442,4.92935,4.90305,4.87562,4.84720,4.81790,4.78784,4.75715,4.72596,4.69439,4.66257,4.63069,4.59739,4.56442,4.53167,4.49924,4.46769,4.44009,4.44448,6.10556,4.63851,4.42257,4.35852,4.31851,4.28678,4.25925,4.23447,4.21182,4.19098,4.17180,4.15420,4.13812,4.12354,4.11044,4.09882,4.08867,4.07998,4.07275,4.06698,4.06266,4.05980,4.05838,4.05839,4.05984,4.06271,4.06698,4.07266,4.07972,4.08815,4.09793,4.10905,4.12149,4.13522,4.15023,4.16649,4.18397,4.20265,4.22250,4.24347,4.26555,4.28869,4.31285,4.33800,4.36409,4.39108,4.41891,4.44754,4.47692,4.50700,4.53772,4.56902,4.60086,4.63317,4.66590,4.69900,4.73241,4.76608,4.79996,4.83400,4.86818,4.90244,4.93677,4.97114,5.00554,5.03997,5.07442,5.10892,5.14350,5.17818,5.21304,5.24811,5.28350,5.31927,5.35553,5.39239,5.42997,5.46839,5.50779,5.54829,5.59004,5.63317,5.67779,5.72402,5.77195,5.82163,5.87311,5.92636,5.98133,6.03789,6.09583,6.15487,6.21463,6.27461,6.33421,6.39268,6.44914,6.50261,6.55194,6.59588,6.63311,6.66222,6.68179,6.69046,6.68692,6.67005,6.63893,6.59291,6.53166,6.45523,6.36398,6.25868,6.14037,6.01040,5.87031,5.72180,5.56663,5.40655,5.24328,5.07840,4.91336,4.74944,4.58774,4.42917,4.27445,4.12415,3.97869,3.83833,3.70325,3.57349,3.44905,3.32984,3.21572,3.10652,3.00204,2.90206,2.80635,2.71466,2.62674,2.54237,2.46130,2.38330,2.30815,2.23564,2.16555,2.09771,2.03192,1.96800,1.90581,1.84517,1.78596,1.72803,1.67126,1.61553,1.56073,1.50676,1.45353,1.40095,1.34893,1.29741,1.24631,1.19558,1.14515,1.09497,1.04501,0.99520,0.94552,0.89593,0.84641,0.79691,0.74744,0.69795,0.64844,0.59890,0.54931,0.49967,0.44996,0.40020,0.35037,0.30048,0.25053,0.20052,0.15045,0.10034,0.05019
3.24634,3.24637,3.24647,3.24663,3.24686,3.24715,3.24751,3.24793,3.24842,3.24899,3.24962,3.25033,3.25111,3.25197,3.25291,3.25393,3.25503,3.25622,3.25750,3.25887,3.26034,3.26191,3.26358,3.26536,3.26724,3.26924,3.27136,3.27361,3.27598,3.27848,3.28112,3.28390,3.28682,3.28990,3.29314,3.29653,3.30010,3.30384,3.30776,3.31187,3.31616,3.32066,3.32536,3.33027,3.33540,3.34075,3.34633,3.35215,3.35821,3.36453,3.37110,3.37794,3.38505,3.39244,3.40012,3.40809,3.41636,3.42494,3.43384,3.44307,3.45262,3.46251,3.47275,3.48335,3.49430,3.50562,3.51732,3.52940,3.54187,3.55474,3.56801,3.58169,3.59578,3.61030,3.62525,3.64063,3.65645,3.67272,3.68943,3.70660,3.72423,3.74233,3.76089,3.77991,3.79941,3.81939,3.83983,3.86075,3.88214,3.90401,3.92635,3.94915,3.97242,3.99614,4.02032,4.04493,4.06999,4.09547,4.12136,4.14766,4.17434,4.20138,4.22878,4.25651,4.28454,4.31286,4.34143,4.37023,4.39922,4.42837,4.45764,4.48700,4.51639,4.54579,4.57512,4.60436,4.63343,4.66229,4.69087,4.71911,4.74695,4.77431,4.80113,4.82733,4.85283,4.87755,4.90143,4.92437,4.94629,4.96711,4.98675,5.00512,5.02216,5.03776,5.05187,5.06441,5.07530,5.08449,5.09192,5.09752,5.10127,5.10311,5.10302,5.10098,5.09698,5.09102,5.08310,5.07325,5.06150,5.04788,5.03245,5.01527,4.99640,4.97593,4.95395,4.93055,4.90583,4.87991,4.85288,4.82488,4.79601,4.76640,4.73618,4.70546,4.67436,4.64300,4.61152,4.58008,4.54733,4.51501,4.48300,4.45139,4.42076,4.39433,4.40267,6.43593,4.57454,4.37763,4.31687,4.27871,4.24851,4.22242,4.19904,4.17776,4.15829,4.14048,4.12424,4.10951,4.09627,4.08451,4.07421,4.06536,4.05796,4.05200,4.04749,4.04440,4.04275,4.04252,4.04370,4.04628,4.05026,4.05563,4.06236,4.07045,4.07988,4.09064,4.10270,4.11605,4.13066,4.14651,4.16358,4.18184,4.20126,4.22180,4.24345,4.26615,4.28988,4.31460,4.34026,4.36682,4.39424,4.42246,4.45145,4.48114,4.51149,4.54245,4.57395,4.60595,4.63839,4.67123,4.70439,4.73784,4.77154,4.80542,4.83946,4.87362,4.90787,4.94218,4.97655,5.01097,5.04543,5.07996,5.11458,5.14931,5.18421,5.21934,5.25476,5.29055,5.32682,5.36365,5.40116,5.43947,5.47870,5.51898,5.56043,5.60318,5.64734,5.69302,5.74030,5.78924,5.83986,5.89216,5.94606,6.00145,6.05813,6.11582,6.17416,6.23266,6.29076,6.34772,6.40272,6.45480,6.50285,6.54569,6.58203,6.61053,6.62981,6.63854,6.63548,6.61950,6.58970,6.54545,6.48638,6.41250,6.32415,6.22200,6.10706,5.98060,5.84408,5.69915,5.54749,5.39084,5.23084,5.06907,4.90696,4.74577,4.58661,4.43038,4.27782,4.12952,3.98589,3.84723,3.71371,3.58541,3.46233,3.34438,3.23146,3.12340,3.02001,2.92106,2.82635,2.73562,2.64865,2.56519,2.48502,2.40790,2.33362,2.26196,2.19272,2.12571,2.06075,1.99765,1.93627,1.87644,1.81803,1.76089,1.70490,1.64994,1.59591,1.54269,1.49020,1.43835,1.38705,1.33623,1.28582,1.23576,1.18599,1.13645,1.08711,1.03790,0.98880,0.93977,0.89078,0.84180,0.79281,0.74380,0.69473,0.64561,0.59642,0.54714,0.49779,0.44835,0.39882,0.34921,0.29952,0.24975,0.19991,0.15001,0.10005,0.05004
3.24486,3.24489,3.24500,3.24519,3.24544,3.24578,3.24618,3.24667,3.24723,3.24787,3.24858,3.24938,3.25027,3.25124,3.25230,3.25345,3.25469,3.25602,3.25745,3.25899,3.26063,3.26237,3.26423,3.26620,3.26829,3.27051,3.27284,3.27531,3.27792,3.28066,3.28355,3.28658,3.28977,3.29312,3.29664,3.30032,3.30418,3.30822,3.31244,3.31686,3.32147,3.32629,3.33132,3.33657,3.34203,3.34773,3.35366,3.35984,3.36626,3.37295,3.37989,3.38710,3.39459,3.40237,3.41043,3.41879,3.42746,3.43644,3.44574,3.45536,3.46532,3.47562,3.48626,3.49727,3.50863,3.52036,3.53247,3.54496,3.55783,3.57111,3.58478,3.59886,3.61336,3.62828,3.64362,3.65939,3.67560,3.69224,3.70933,3.72687,3.74486,3.76330,3.78221,3.80157,3.82138,3.84167,3.86241,3.88361,3.90527,3.92738,3.94995,3.97296,3.99642,4.02032,4.04464,4.06938,4.09453,4.12008,4.14601,4.17231,4.19896,4.22595,4.25324,4.28083,4.30868,4.33677,4.36506,4.39354,4.42215,4.45088,4.47966,4.50848,4.53727,4.56600,4.59461,4.62305,4.65126,4.67918,4.70676,4.73392,4.76060,4.78673,4.81224,4.83705,4.86109,4.88428,4.90654,4.92779,4.94795,4.96695,4.98470,5.00113,5.01615,5.02970,5.04171,5.05211,5.06083,5.06783,5.07305,5.07644,5.07798,5.07764,5.07539,5.07122,5.06514,5.05716,5.04728,5.03556,5.02201,5.00670,4.98967,4.97101,4.95079,4.92908,4.90599,4.88162,4.85606,4.82943,4.80184,4.77340,4.74424,4.71447,4.68422,4.65359,4.62270,4.59167,4.56062,4.52972,4.49761,4.46601,4.43481,4.40409,4.37444,4.34923,4.36185,6.79537,4.51368,4.33363,4.27603,4.23971,4.21104,4.18638,4.16439,4.14448,4.12637,4.10991,4.09501,4.08162,4.06971,4.05925,4.05024,4.04268,4.03654,4.03183,4.02854,4.02666,4.02618,4.02711,4.02942,4.03311,4.03818,4.04459,4.05235,4.06144,4.07184,4.08354,4.09651,4.11073,4.12618,4.14285,4.16069,4.17969,4.19981,4.22103,4.24331,4.26661,4.29090,4.31614,4.34228,4.36929,4.39711,4.42570,4.45501,4.48499,4.51559,4.54676,4.57845,4.61059,4.64315,4.67607,4.70930,4.74279,4.77650,4.81039,4.84443,4.87859,4.91283,4.94716,4.98155,5.01601,5.05054,5.08518,5.11994,5.15488,5.19004,5.22548,5.26128,5.29753,5.33432,5.37176,5.40995,5.44901,5.48906,5.53022,5.57260,5.61632,5.66146,5.70811,5.75632,5.80611,5.85748,5.91035,5.96461,6.02008,6.07647,6.13344,6.19054,6.24720,6.30273,6.35634,6.40710,6.45396,6.49578,6.53131,6.55926,6.57832,6.58719,6.58465,6.56961,6.54118,6.49871,6.44185,6.37054,6.28507,6.18609,6.07451,5.95153,5.81857,5.67719,5.52903,5.37577,5.21902,5.06033,4.90112,4.74263,4.58596,4.43204,4.28161,4.13526,3.99342,3.85641,3.72442,3.59753,3.47576,3.35905,3.24729,3.14032,3.03797,2.94003,2.84628,2.75648,2.67042,2.58785,2.50855,2.43229,2.35886,2.28803,2.21962,2.15344,2.08929,2.02700,1.96643,1.90740,1.84978,1.79342,1.73821,1.68403,1.63076,1.57831,1.52656,1.47545,1.42487,1.37477,1.32506,1.27568,1.22658,1.17769,1.12897,1.08038,1.03187,0.98342,0.93497,0.88652,0.83804,0.78950,0.74089,0.69219,0.64340,0.59450,0.54550,0.49639,0.44716,0.39783,0.34838,0.29884,0.24921,0.19950,0.14971,0.09985,0.04995
3.24432,3.24436,3.24449,3.24469,3.24498,3.24535,3.24580,3.24634,3.24697,3.24768,3.24848,3.24937,3.25036,3.25143,3.25261,3.25388,3.25525,3.25673,3.25831,3.26001,3.26181,3.26373,3.26577,3.26793,3.27022,3.27263,3.27518,3.27787,3.28070,3.28368,3.28681,3.29009,3.29354,3.29715,3.30093,3.30489,3.30903,3.31336,3.31788,3.32260,3.32752,3.33265,3.33800,3.34357,3.34937,3.35540,3.36167,3.36819,3.37496,3.38200,3.38930,3.39687,3.40473,3.41287,3.42131,3.43004,3.43909,3.44845,3.45813,3.46814,3.47848,3.48917,3.50020,3.51159,3.52335,3.53547,3.54796,3.56084,3.57411,3.58776,3.60182,3.61629,3.63116,3.64645,3.66216,3.67829,3.69486,3.71186,3.72929,3.74717,3.76548,3.78425,3.80346,3.82311,3.84322,3.86377,3.88477,3.90621,3.92810,3.95042,3.97318,3.99636,4.01996,4.04398,4.06840,4.09321,4.11841,4.14397,4.16988,4.19613,4.22269,4.24954,4.27667,4.30405,4.33165,4.35944,4.38739,4.41547,4.44364,4.47186,4.50008,4.52828,4.55639,4.58437,4.61217,4.63973,4.66699,4.69390,4.72038,4.74638,4.77183,4.79665,4.82077,4.84412,4.86663,4.88821,4.90880,4.92831,4.94667,4.96380,4.97962,4.99406,5.00706,5.01854,5.02845,5.03671,5.04328,5.04811,5.05117,5.05240,5.05180,5.04933,5.04500,5.03880,5.03075,5.02085,5.00915,4.99567,4.98047,4.96360,4.94514,4.92515,4.90371,4.88093,4.85689,4.83169,4.80545,4.77827,4.75026,4.72153,4.69222,4.66242,4.63225,4.60183,4.57126,4.54066,4.51014,4.47986,4.44847,4.41767,4.38734,4.35755,4.32892,4.30499,4.32225,7.12199,4.45575,4.29073,4.23617,4.20167,4.17452,4.15128,4.13067,4.11212,4.09536,4.08023,4.06666,4.05458,4.04396,4.03479,4.02706,4.02074,4.01584,4.01234,4.01025,4.00954,4.01022,4.01227,4.01568,4.02045,4.02656,4.03401,4.04276,4.05281,4.06415,4.07675,4.09059,4.10566,4.12193,4.13937,4.15796,4.17767,4.19847,4.22032,4.24321,4.26707,4.29189,4.31762,4.34422,4.37164,4.39984,4.42877,4.45838,4.48863,4.51946,4.55083,4.58268,4.61496,4.64762,4.68061,4.71390,4.74743,4.78117,4.81507,4.84912,4.88328,4.91755,4.95190,4.98633,5.02087,5.05551,5.09029,5.12524,5.16041,5.19586,5.23166,5.26789,5.30463,5.34198,5.38005,5.41894,5.45876,5.49963,5.54165,5.58493,5.62955,5.67558,5.72309,5.77209,5.82256,5.87444,5.92762,5.98191,6.03706,6.09273,6.14847,6.20376,6.25794,6.31022,6.35974,6.40548,6.44635,6.48114,6.50862,6.52752,6.53657,6.53460,6.52054,6.49351,6.45285,6.39819,6.32945,6.24687,6.15103,6.04280,5.92329,5.79386,5.65601,5.51133,5.36143,5.20790,5.05226,4.89590,4.74007,4.58587,4.43422,4.28587,4.14143,4.00134,3.86594,3.73543,3.60991,3.48941,3.37389,3.26325,3.15734,3.05600,2.95902,2.86620,2.77731,2.69212,2.61042,2.53196,2.45653,2.38392,2.31391,2.24632,2.18093,2.11759,2.05610,1.99632,1.93808,1.88125,1.82568,1.77125,1.71784,1.66534,1.61364,1.56265,1.51228,1.46244,1.41305,1.36405,1.31537,1.26694,1.21872,1.17065,1.12268,1.07478,1.02691,0.97903,0.93112,0.88315,0.83510,0.78696,0.73870,0.69032,0.64181,0.59316,0.54438,0.49545,0.44639,0.39720,0.34788,0.29845,0.24891,0.19927,0.14954,0.09975,0.04990
3.24467,3.24471,3.24485,3.24508,3.24539,3.24580,3.24630,3.24690,3.24759,3.24837,3.24925,3.25023,3.25131,3.25249,3.25378,3.25517,3.25667,3.25829,3.26001,3.26186,3.26382,3.26591,3.26812,3.27047,3.27295,3.27556,3.27832,3.28122,3.28427,3.28747,3.29084,3.29436,3.29806,3.30192,3.30596,3.31019,3.31460,3.31921,3.32401,3.32902,3.33424,3.33967,3.34533,3.35121,3.35733,3.36368,3.37028,3.37713,3.38424,3.39161,3.39926,3.40718,3.41539,3.42388,3.43268,3.44177,3.45118,3.46090,3.47095,3.48132,3.49204,3.50309,3.51450,3.52626,3.53838,3.55087,3.56373,3.57698,3.59061,3.60463,3.61905,3.63387,3.64909,3.66473,3.68078,3.69725,3.71415,3.73147,3.74922,3.76740,3.78601,3.80506,3.82454,3.84446,3.86481,3.88560,3.90681,3.92846,3.95053,3.97301,3.99591,4.01922,4.04292,4.06701,4.09147,4.11630,4.14148,4.16700,4.19283,4.21897,4.24538,4.27204,4.29894,4.32604,4.35332,4.38074,4.40827,4.43588,4.46352,4.49116,4.51875,4.54625,4.57360,4.60075,4.62766,4.65426,4.68049,4.70630,4.73162,4.75637,4.78051,4.80394,4.82661,4.84844,4.86935,4.88927,4.90813,4.92585,4.94236,4.95758,4.97145,4.98389,4.99485,5.00426,5.01207,5.01822,5.02267,5.02537,5.02631,5.02545,5.02277,5.01827,5.01195,5.00382,4.99390,4.98221,4.96880,4.95371,4.93699,4.91872,4.89896,4.87779,4.85531,4.83160,4.80676,4.78089,4.75411,4.72652,4.69823,4.66935,4.64000,4.61030,4.58033,4.55023,4.52009,4.49001,4.46010,4.43052,4.39991,4.36996,4.34056,4.31176,4.28419,4.26158,4.28387,7.32476,4.40045,4.24885,4.19724,4.16452,4.13889,4.11706,4.09781,4.08061,4.06518,4.05137,4.03910,4.02831,4.01897,4.01106,4.00457,3.99948,3.99579,3.99348,3.99255,3.99298,3.99478,3.99793,4.00241,4.00823,4.01536,4.02379,4.03350,4.04449,4.05673,4.07021,4.08489,4.10077,4.11782,4.13601,4.15531,4.17570,4.19714,4.21961,4.24306,4.26747,4.29279,4.31898,4.34600,4.37381,4.40236,4.43161,4.46150,4.49200,4.52304,4.55458,4.58658,4.61898,4.65174,4.68480,4.71814,4.75171,4.78547,4.81940,4.85347,4.88765,4.92195,4.95635,4.99086,5.02549,5.06027,5.09522,5.13040,5.16584,5.20163,5.23782,5.27450,5.31176,5.34970,5.38841,5.42801,5.46858,5.51025,5.55309,5.59721,5.64265,5.68947,5.73770,5.78730,5.83822,5.89036,5.94352,5.99748,6.05189,6.10635,6.16033,6.21320,6.26424,6.31258,6.35727,6.39724,6.43136,6.45843,6.47720,6.48649,6.48512,6.47206,6.44644,6.40761,6.35516,6.28898,6.20928,6.11657,6.01166,5.89560,5.76969,5.63534,5.49410,5.34755,5.19722,5.04460,4.89108,4.73788,4.58612,4.43670,4.29040,4.14784,4.00948,3.87565,3.74659,3.62240,3.50314,3.38878,3.27922,3.17434,3.07397,2.97792,2.88600,2.79799,2.71365,2.63278,2.55515,2.48053,2.40873,2.33952,2.27272,2.20813,2.14557,2.08488,2.02588,1.96843,1.91238,1.85759,1.80394,1.75131,1.69958,1.64864,1.59841,1.54879,1.49969,1.45104,1.40276,1.35478,1.30705,1.25951,1.21210,1.16478,1.11750,1.07023,1.02294,0.97558,0.92815,0.88061,0.83295,0.78514,0.73719,0.68908,0.64080,0.59236,0.54374,0.49497,0.44603,0.39693,0.34769,0.29832,0.24882,0.19921,0.14951,0.09973,0.04989
3.24601,3.24605,3.24620,3.24645,3.24679,3.24724,3.24779,3.24843,3.24918,3.25004,3.25099,3.25206,3.25323,3.25452,3.25591,3.25742,3.25905,3.26079,3.26266,3.26465,3.26677,3.26902,3.27141,3.27393,3.27659,3.27940,3.28235,3.28546,3.28872,3.29215,3.29574,3.29950,3.30343,3.30754,3.31183,3.31632,3.32099,3.32587,3.33095,3.33624,3.34174,3.34747,3.35342,3.35960,3.36602,3.37269,3.37960,3.38677,3.39420,3.40190,3.40988,3.41813,3.42667,3.43551,3.44464,3.45408,3.46384,3.47391,3.48430,3.49503,3.50609,3.51750,3.52925,3.54137,3.55384,3.56668,3.57989,3.59348,3.60745,3.62181,3.63656,3.65171,3.66726,3.68322,3.69959,3.71637,3.73356,3.75118,3.76921,3.78766,3.80654,3.82584,3.84556,3.86571,3.88627,3.90725,3.92864,3.95045,3.97265,3.99526,4.01826,4.04163,4.06538,4.08949,4.11395,4.13875,4.16386,4.18927,4.21497,4.24093,4.26712,4.29354,4.32014,4.34690,4.37378,4.40077,4.42781,4.45487,4.48191,4.50889,4.53577,4.56248,4.58900,4.61525,4.64118,4.66675,4.69188,4.71651,4.74058,4.76403,4.78678,4.80876,4.82991,4.85015,4.86941,4.88762,4.90471,4.92060,4.93522,4.94852,4.96042,4.97085,4.97977,4.98712,4.99285,4.99692,4.99928,4.99992,4.99880,4.99591,4.99124,4.98480,4.97659,4.96664,4.95497,4.94161,4.92662,4.91006,4.89197,4.87243,4.85152,4.82933,4.80594,4.78145,4.75596,4.72957,4.70239,4.67453,4.64609,4.61719,4.58793,4.55842,4.52877,4.49908,4.46945,4.43997,4.41075,4.38193,4.35216,4.32313,4.29469,4.26692,4.24045,4.21919,4.24698,7.32739,4.34772,4.20819,4.15940,4.12845,4.10431,4.08388,4.06599,4.05012,4.03600,4.02349,4.01250,4.00297,3.99489,3.98821,3.98294,3.97905,3.97653,3.97538,3.97559,3.97714,3.98002,3.98424,3.98976,3.99659,4.00471,4.01410,4.02475,4.03664,4.04975,4.06407,4.07957,4.09623,4.11403,4.13293,4.15292,4.17396,4.19601,4.21906,4.24306,4.26797,4.29377,4.32039,4.34782,4.37599,4.40487,4.43441,4.46457,4.49529,4.52653,4.55824,4.59037,4.62288,4.65572,4.68886,4.72225,4.75586,4.78966,4.82361,4.85771,4.89194,4.92629,4.96076,4.99537,5.03013,5.06507,5.10024,5.13567,5.17142,5.20757,5.24418,5.28135,5.31915,5.35768,5.39705,5.43734,5.47866,5.52109,5.56470,5.60957,5.65573,5.70321,5.75197,5.80198,5.85311,5.90519,5.95800,6.01121,6.06443,6.11716,6.16880,6.21863,6.26586,6.30956,6.34870,6.38220,6.40889,6.42760,6.43714,6.43640,6.42436,6.40016,6.36315,6.31289,6.24926,6.17242,6.08281,5.98120,5.86856,5.74612,5.61526,5.47744,5.33420,5.18704,5.03742,4.88670,4.73612,4.58676,4.43955,4.29528,4.15456,4.01789,3.88560,3.75795,3.63507,3.51702,3.40377,3.29526,3.19137,3.09195,2.99681,2.90576,2.81859,2.73508,2.65502,2.57818,2.50436,2.43334,2.36492,2.29889,2.23508,2.17330,2.11339,2.05517,1.99850,1.94323,1.88922,1.83634,1.78448,1.73353,1.68336,1.63390,1.58503,1.53668,1.48877,1.44123,1.39397,1.34695,1.30010,1.25337,1.20671,1.16008,1.11343,1.06674,1.01996,0.97308,0.92607,0.87891,0.83158,0.78407,0.73637,0.68848,0.64039,0.59210,0.54361,0.49493,0.44607,0.39703,0.34782,0.29846,0.24896,0.19934,0.14962,0.09981,0.04993
3.24838,3.24843,3.24859,3.24886,3.24923,3.24971,3.25030,3.25100,3.25181,3.25273,3.25376,3.25491,3.25617,3.25755,3.25906,3.26068,3.26243,3.26430,3.26630,3.26844,3.27071,3.27312,3.27566,3.27836,3.28120,3.28419,3.28734,3.29064,3.29411,3.29775,3.30156,3.30554,3.30970,3.31405,3.31859,3.32332,3.32825,3.33339,3.33873,3.34429,3.35007,3.35608,3.36231,3.36879,3.37550,3.38246,3.38968,3.39716,3.40490,3.41291,3.42120,3.42978,3.43864,3.44780,3.45726,3.46703,3.47711,3.48751,3.49824,3.50930,3.52069,3.53243,3.54452,3.55696,3.56976,3.58293,3.59647,3.61038,3.62467,3.63934,3.65441,3.66986,3.68572,3.70197,3.71862,3.73568,3.75315,3.77103,3.78931,3.80801,3.82711,3.84663,3.86655,3.88689,3.90762,3.92876,3.95029,3.97221,3.99451,4.01719,4.04024,4.06364,4.08739,4.11147,4.13587,4.16057,4.18556,4.21082,4.23632,4.26204,4.28796,4.31405,4.34029,4.36664,4.39307,4.41954,4.44602,4.47247,4.49884,4.52509,4.55118,4.57704,4.60264,4.62791,4.65281,4.67726,4.70121,4.72461,4.74737,4.76943,4.79074,4.81122,4.83079,4.84940,4.86696,4.88342,4.89870,4.91273,4.92546,4.93681,4.94674,4.95517,4.96207,4.96738,4.97107,4.97309,4.97343,4.97205,4.96895,4.96412,4.95755,4.94927,4.93928,4.92762,4.91432,4.89943,4.88301,4.86510,4.84578,4.82512,4.80322,4.78014,4.75599,4.73087,4.70486,4.67809,4.65064,4.62263,4.59417,4.56535,4.53629,4.50709,4.47784,4.44865,4.41961,4.39080,4.36233,4.33434,4.30547,4.27739,4.24995,4.22323,4.19788,4.17801,4.21179,7.12243,4.29754,4.16888,4.12281,4.09359,4.07092,4.05188,4.03533,4.02076,4.00793,3.99669,3.98696,3.97868,3.97182,3.96635,3.96227,3.95955,3.95818,3.95816,3.95947,3.96210,3.96605,3.97129,3.97783,3.98564,3.99471,4.00503,4.01658,4.02934,4.04330,4.05843,4.07471,4.09213,4.11064,4.13023,4.15087,4.17253,4.19517,4.21877,4.24329,4.26869,4.29493,4.32197,4.34977,4.37828,4.40747,4.43729,4.46768,4.49861,4.53003,4.56189,4.59415,4.62677,4.65970,4.69290,4.72635,4.76000,4.79384,4.82784,4.86199,4.89627,4.93070,4.96527,5.00000,5.03492,5.07005,5.10546,5.14117,5.17727,5.21381,5.25087,5.28853,5.32689,5.36603,5.40604,5.44701,5.48903,5.53217,5.57648,5.62200,5.66876,5.71672,5.76584,5.81600,5.86705,5.91876,5.97083,6.02287,6.07440,6.12486,6.17357,6.21975,6.26251,6.30089,6.33382,6.36020,6.37887,6.38871,6.38863,6.37763,6.35487,6.31967,6.27160,6.21051,6.13650,6.04998,5.95163,5.84239,5.72341,5.59599,5.46156,5.32161,5.17759,5.03094,4.88300,4.73499,4.58801,4.44298,4.30069,4.16179,4.02676,3.89598,3.76970,3.64808,3.53119,3.41903,3.31153,3.20859,3.11007,3.01580,2.92558,2.83922,2.75651,2.67723,2.60116,2.52810,2.45784,2.39018,2.32491,2.26186,2.20084,2.14169,2.08424,2.02834,1.97383,1.92060,1.86850,1.81741,1.76723,1.71783,1.66913,1.62103,1.57344,1.52629,1.47948,1.43296,1.38666,1.34052,1.29448,1.24850,1.20253,1.15652,1.11045,1.06427,1.01797,0.97150,0.92486,0.87803,0.83099,0.78372,0.73624,0.68852,0.64057,0.59239,0.54398,0.49535,0.44652,0.39748,0.34826,0.29887,0.24933,0.19965,0.14986,0.09997,0.05001
3.25177,3.25182,3.25199,3.25228,3.25268,3.25320,3.25383,3.25458,3.25544,3.25643,3.25753,3.25876,3.26011,3.26159,3.26319,3.26492,3.26679,3.26878,3.27092,3.27319,3.27561,3.27817,3.28087,3.28373,3.28675,3.28992,3.29325,3.29675,3.30042,3.30426,3.30827,3.31247,3.31686,3.32144,3.32621,3.33118,3.33636,3.34174,3.34734,3.35316,3.35921,3.36548,3.37199,3.37874,3.38574,3.39299,3.40049,3.40826,3.41630,3.42461,3.43321,3.44208,3.45126,3.46072,3.47049,3.48057,3.49097,3.50168,3.51273,3.52410,3.53581,3.54786,3.56026,3.57301,3.58612,3.59959,3.61343,3.62765,3.64223,3.65720,3.67255,3.68829,3.70441,3.72093,3.73785,3.75516,3.77286,3.79097,3.80947,3.82838,3.84768,3.86738,3.88747,3.90795,3.92882,3.95007,3.97169,3.99369,4.01604,4.03875,4.06180,4.08518,4.10888,4.13287,4.15716,4.18172,4.20652,4.23156,4.25680,4.28223,4.30781,4.33352,4.35933,4.38521,4.41111,4.43700,4.46285,4.48861,4.51424,4.53969,4.56491,4.58986,4.61447,4.63869,4.66247,4.68575,4.70846,4.73054,4.75193,4.77256,4.79236,4.81128,4.82923,4.84616,4.86199,4.87666,4.89011,4.90228,4.91309,4.92250,4.93046,4.93691,4.94181,4.94512,4.94681,4.94685,4.94522,4.94190,4.93690,4.93021,4.92185,4.91183,4.90018,4.88693,4.87214,4.85585,4.83811,4.81901,4.79860,4.77697,4.75420,4.73039,4.70562,4.67999,4.65361,4.62658,4.59899,4.57095,4.54257,4.51395,4.48519,4.45638,4.42762,4.39901,4.37063,4.34256,4.31490,4.28778,4.25984,4.23275,4.20635,4.18071,4.15650,4.13805,4.17839,6.77524,4.24972,4.13090,4.08745,4.05993,4.03872,4.02103,4.00580,3.99252,3.98096,3.97097,3.96247,3.95540,3.94974,3.94546,3.94253,3.94095,3.94070,3.94178,3.94416,3.94785,3.95282,3.95907,3.96659,3.97535,3.98535,3.99656,4.00898,4.02259,4.03736,4.05327,4.07031,4.08844,4.10764,4.12789,4.14916,4.17141,4.19461,4.21874,4.24374,4.26960,4.29626,4.32369,4.35184,4.38068,4.41015,4.44022,4.47085,4.50197,4.53356,4.56556,4.59794,4.63066,4.66367,4.69694,4.73044,4.76415,4.79804,4.83209,4.86630,4.90066,4.93518,4.96987,5.00475,5.03986,5.07522,5.11089,5.14692,5.18337,5.22033,5.25785,5.29603,5.33494,5.37468,5.41531,5.45693,5.49960,5.54337,5.58828,5.63434,5.68153,5.72980,5.77904,5.82909,5.87975,5.93072,5.98163,6.03203,6.08137,6.12901,6.17420,6.21608,6.25374,6.28616,6.31226,6.33094,6.34111,6.34171,6.33176,6.31042,6.27703,6.23115,6.17257,6.10137,6.01790,5.92280,5.81692,5.70136,5.57736,5.44630,5.30960,5.16870,5.02500,4.87981,4.73436,4.58972,4.44684,4.30651,4.16939,4.03597,3.90667,3.78173,3.66134,3.54558,3.43446,3.32794,3.22591,3.12826,3.03482,2.94541,2.85983,2.77788,2.69935,2.62403,2.55171,2.48219,2.41526,2.35074,2.28843,2.22816,2.16975,2.11306,2.05791,2.00417,1.95171,1.90037,1.85006,1.80065,1.75203,1.70410,1.65677,1.60995,1.56355,1.51750,1.47172,1.42616,1.38074,1.33542,1.29014,1.24484,1.19950,1.15407,1.10851,1.06280,1.01691,0.97082,0.92450,0.87795,0.83115,0.78409,0.73676,0.68917,0.64132,0.59320,0.54483,0.49621,0.44736,0.39829,0.34901,0.29955,0.24992,0.20014,0.15023,0.10023,0.05014
3.25631,3.25637,3.25655,3.25686,3.25728,3.25783,3.25850,3.25930,3.26022,3.26127,3.26244,3.26375,3.26518,3.26675,3.26845,3.27029,3.27227,3.27439,3.27665,3.27905,3.28161,3.28431,3.28718,3.29020,3.29337,3.29672,3.30023,3.30391,3.30777,3.31181,3.31603,3.32044,3.32504,3.32984,3.33484,3.34004,3.34545,3.35108,3.35692,3.36299,3.36929,3.37582,3.38260,3.38961,3.39688,3.40440,3.41219,3.42024,3.42856,3.43716,3.44604,3.45521,3.46467,3.47443,3.48450,3.49487,3.50557,3.51658,3.52791,3.53958,3.55159,3.56393,3.57663,3.58967,3.60307,3.61682,3.63095,3.64543,3.66029,3.67553,3.69114,3.70713,3.72350,3.74026,3.75741,3.77494,3.79286,3.81116,3.82985,3.84893,3.86839,3.88824,3.90846,3.92905,3.95001,3.97133,3.99301,4.01504,4.03740,4.06009,4.08309,4.10640,4.12999,4.15386,4.17798,4.20233,4.22690,4.25166,4.27659,4.30166,4.32684,4.35210,4.37742,4.40275,4.42806,4.45331,4.47846,4.50346,4.52828,4.55286,4.57715,4.60110,4.62466,4.64777,4.67037,4.69240,4.71381,4.73452,4.75448,4.77362,4.79188,4.80919,4.82548,4.84070,4.85477,4.86764,4.87924,4.88953,4.89844,4.90592,4.91193,4.91642,4.91936,4.92071,4.92045,4.91857,4.91504,4.90987,4.90306,4.89461,4.88456,4.87291,4.85972,4.84501,4.82885,4.81128,4.79238,4.77221,4.75085,4.72838,4.70490,4.68048,4.65522,4.62923,4.60259,4.57542,4.54781,4.51986,4.49166,4.46333,4.43495,4.40662,4.37843,4.35046,4.32280,4.29553,4.26872,4.24251,4.21554,4.18947,4.16413,4.13959,4.11653,4.09952,4.14708,6.37414,4.20436,4.09447,4.05353,4.02767,4.00790,3.99155,3.97761,3.96560,3.95528,3.94652,3.93922,3.93335,3.92885,3.92572,3.92393,3.92346,3.92430,3.92645,3.92988,3.93458,3.94056,3.94778,3.95624,3.96593,3.97682,3.98891,4.00217,4.01659,4.03214,4.04881,4.06657,4.08539,4.10526,4.12614,4.14800,4.17082,4.19456,4.21918,4.24465,4.27094,4.29800,4.32580,4.35429,4.38343,4.41317,4.44349,4.47432,4.50563,4.53737,4.56951,4.60201,4.63482,4.66791,4.70126,4.73482,4.76859,4.80254,4.83666,4.87095,4.90541,4.94005,4.97489,5.00994,5.04526,5.08087,5.11683,5.15320,5.19004,5.22742,5.26541,5.30411,5.34357,5.38388,5.42512,5.46733,5.51059,5.55490,5.60029,5.64674,5.69419,5.74254,5.79165,5.84130,5.89122,5.94106,5.99038,6.03866,6.08528,6.12953,6.17059,6.20758,6.23952,6.26539,6.28411,6.29463,6.29591,6.28701,6.26710,6.23551,6.19178,6.13568,6.06726,5.98681,5.89491,5.79236,5.68018,5.55957,5.43184,5.29837,5.16055,5.01976,4.87730,4.73437,4.59206,4.45130,4.31290,4.17752,4.04569,3.91782,3.79419,3.67499,3.56032,3.45021,3.34463,3.24349,3.14667,3.05403,2.96538,2.88055,2.79933,2.72152,2.64692,2.57531,2.50650,2.44028,2.37648,2.31489,2.25535,2.19768,2.14172,2.08733,2.03434,1.98263,1.93206,1.88252,1.83387,1.78603,1.73887,1.69231,1.64626,1.60063,1.55535,1.51033,1.46552,1.42084,1.37624,1.33167,1.28708,1.24242,1.19765,1.15274,1.10765,1.06236,1.01684,0.97106,0.92502,0.87870,0.83209,0.78519,0.73798,0.69047,0.64266,0.59457,0.54618,0.49753,0.44862,0.39947,0.35009,0.30050,0.25074,0.20081,0.15075,0.10057,0.05031
3.26196,3.26203,3.26222,3.26254,3.26299,3.26357,3.26428,3.26513,3.26610,3.26721,3.26845,3.26983,3.27135,3.27301,3.27480,3.27674,3.27883,3.28106,3.28344,3.28598,3.28867,3.29152,3.29453,3.29770,3.30104,3.30455,3.30824,3.31210,3.31614,3.32037,3.32479,3.32940,3.33420,3.33921,3.34443,3.34985,3.35549,3.36134,3.36743,3.37373,3.38028,3.38706,3.39408,3.40136,3.40888,3.41667,3.42472,3.43303,3.44162,3.45049,3.45965,3.46909,3.47883,3.48887,3.49922,3.50987,3.52084,3.53213,3.54375,3.55570,3.56798,3.58060,3.59356,3.60688,3.62054,3.63456,3.64894,3.66368,3.67879,3.69426,3.71011,3.72633,3.74292,3.75989,3.77724,3.79496,3.81305,3.83153,3.85037,3.86959,3.88918,3.90913,3.92944,3.95010,3.97112,3.99247,4.01416,4.03617,4.05849,4.08111,4.10402,4.12721,4.15064,4.17432,4.19822,4.22232,4.24659,4.27102,4.29557,4.32022,4.34494,4.36969,4.39445,4.41917,4.44382,4.46836,4.49274,4.51692,4.54086,4.56450,4.58780,4.61069,4.63313,4.65506,4.67642,4.69716,4.71720,4.73650,4.75498,4.77259,4.78925,4.80492,4.81952,4.83300,4.84529,4.85635,4.86610,4.87451,4.88152,4.88709,4.89118,4.89375,4.89477,4.89422,4.89209,4.88835,4.88301,4.87607,4.86754,4.85745,4.84581,4.83266,4.81804,4.80200,4.78460,4.76589,4.74595,4.72486,4.70268,4.67951,4.65543,4.63054,4.60492,4.57868,4.55191,4.52471,4.49718,4.46941,4.44151,4.41355,4.38564,4.35786,4.33030,4.30304,4.27615,4.24972,4.22380,4.19854,4.17258,4.14755,4.12328,4.09985,4.07795,4.06241,4.11795,5.98456,4.16129,4.05954,4.02101,3.99679,3.97841,3.96338,3.95071,3.93995,3.93085,3.92328,3.91717,3.91245,3.90910,3.90709,3.90640,3.90702,3.90892,3.91211,3.91655,3.92226,3.92920,3.93736,3.94675,3.95732,3.96909,3.98201,3.99609,4.01129,4.02760,4.04499,4.06345,4.08294,4.10344,4.12492,4.14736,4.17072,4.19496,4.22006,4.24598,4.27268,4.30012,4.32826,4.35707,4.38649,4.41649,4.44703,4.47806,4.50955,4.54144,4.57371,4.60632,4.63922,4.67240,4.70582,4.73946,4.77329,4.80732,4.84153,4.87592,4.91049,4.94527,4.98027,5.01552,5.05107,5.08695,5.12323,5.15995,5.19718,5.23500,5.27347,5.31267,5.35267,5.39353,5.43531,5.47806,5.52180,5.56655,5.61229,5.65895,5.70646,5.75465,5.80334,5.85226,5.90107,5.94936,5.99663,6.04229,6.08565,6.12594,6.16230,6.19381,6.21947,6.23825,6.24914,6.25112,6.24327,6.22477,6.19495,6.15335,6.09971,6.03402,5.95655,5.86781,5.76855,5.65972,5.54246,5.41803,5.28776,5.15300,5.01511,4.87535,4.73492,4.59490,4.45624,4.31974,4.18609,4.05582,3.92935,3.80700,3.68896,3.57535,3.46621,3.36153,3.26124,3.16523,3.07335,2.98544,2.90133,2.82081,2.74369,2.66977,2.59885,2.53073,2.46521,2.40209,2.34121,2.28238,2.22543,2.17020,2.11654,2.06430,2.01334,1.96353,1.91474,1.86687,1.81980,1.77342,1.72764,1.68236,1.63751,1.59300,1.54875,1.50470,1.46078,1.41693,1.37309,1.32922,1.28526,1.24118,1.19694,1.15249,1.10782,1.06290,1.01770,0.97220,0.92639,0.88026,0.83380,0.78700,0.73986,0.69239,0.64459,0.59647,0.54804,0.49930,0.45029,0.40100,0.35148,0.30173,0.25178,0.20166,0.15140,0.10101,0.05054
3.26876,3.26883,3.26903,3.26937,3.26985,3.27046,3.27121,3.27210,3.27312,3.27429,3.27560,3.27705,3.27865,3.28039,3.28228,3.28431,3.28651,3.28885,3.29135,3.29401,3.29683,3.29982,3.30297,3.30629,3.30978,3.31346,3.31731,3.32134,3.32556,3.32997,3.33458,3.33938,3.34438,3.34959,3.35502,3.36065,3.36651,3.37259,3.37889,3.38543,3.39221,3.39923,3.40649,3.41401,3.42178,3.42981,3.43811,3.44668,3.45553,3.46466,3.47407,3.48378,3.49378,3.50408,3.51469,3.52561,3.53684,3.54840,3.56027,3.57248,3.58502,3.59789,3.61111,3.62467,3.63858,3.65284,3.66745,3.68242,3.69775,3.71344,3.72950,3.74591,3.76270,3.77985,3.79737,3.81525,3.83349,3.85210,3.87106,3.89038,3.91006,3.93008,3.95044,3.97114,3.99216,4.01350,4.03516,4.05711,4.07934,4.10185,4.12462,4.14762,4.17086,4.19429,4.21791,4.24170,4.26562,4.28965,4.31377,4.33794,4.36213,4.38631,4.41045,4.43450,4.45842,4.48219,4.50574,4.52903,4.55202,4.57466,4.59690,4.61868,4.63994,4.66063,4.68070,4.70008,4.71871,4.73654,4.75350,4.76954,4.78458,4.79858,4.81147,4.82319,4.83370,4.84294,4.85085,4.85740,4.86253,4.86622,4.86842,4.86912,4.86828,4.86589,4.86195,4.85644,4.84937,4.84076,4.83062,4.81898,4.80587,4.79133,4.77541,4.75817,4.73965,4.71994,4.69910,4.67721,4.65434,4.63060,4.60606,4.58081,4.55496,4.52858,4.50179,4.47467,4.44732,4.41983,4.39229,4.36479,4.33742,4.31026,4.28339,4.25689,4.23082,4.20526,4.18028,4.15599,4.13105,4.10707,4.08390,4.06158,4.04085,4.02679,4.09119,5.63875,4.12050,4.02617,3.98997,3.96733,3.95034,3.93660,3.92518,3.91563,3.90772,3.90133,3.89637,3.89279,3.89055,3.88964,3.89002,3.89169,3.89463,3.89882,3.90426,3.91092,3.91881,3.92789,3.93816,3.94961,3.96221,3.97594,3.99080,4.00676,4.02380,4.04189,4.06102,4.08115,4.10226,4.12432,4.14731,4.17118,4.19591,4.22147,4.24781,4.27489,4.30269,4.33116,4.36027,4.38996,4.42020,4.45095,4.48217,4.51382,4.54586,4.57826,4.61097,4.64397,4.67724,4.71074,4.74445,4.77837,4.81249,4.84679,4.88129,4.91600,4.95094,4.98613,5.02160,5.05740,5.09358,5.13018,5.16727,5.20491,5.24316,5.28210,5.32179,5.36228,5.40364,5.44591,5.48910,5.53323,5.57828,5.62420,5.67089,5.71821,5.76598,5.81394,5.86178,5.90909,5.95540,6.00014,6.04266,6.08222,6.11800,6.14911,6.17459,6.19345,6.20471,6.20740,6.20059,6.18349,6.15542,6.11592,6.06469,6.00170,5.92717,5.84155,5.74553,5.64001,5.52607,5.40491,5.27780,5.14608,5.01106,4.87398,4.73603,4.59829,4.46170,4.32708,4.19513,4.06639,3.94131,3.82020,3.70328,3.59070,3.48251,3.37871,3.27923,3.18398,3.09283,3.00563,2.92220,2.84235,2.76590,2.69264,2.62238,2.55492,2.49006,2.42762,2.36742,2.30928,2.25304,2.19852,2.14558,2.09407,2.04385,1.99479,1.94677,1.89966,1.85336,1.80776,1.76276,1.71827,1.67420,1.63047,1.58700,1.54373,1.50057,1.45749,1.41440,1.37127,1.32804,1.28467,1.24112,1.19735,1.15332,1.10903,1.06442,1.01950,0.97423,0.92861,0.88262,0.83626,0.78953,0.74243,0.69495,0.64711,0.59892,0.55039,0.50153,0.45236,0.40291,0.35319,0.30323,0.25306,0.20270,0.15218,0.10154,0.05080
3.27685,3.27692,3.27713,3.27749,3.27799,3.27863,3.27942,3.28035,3.28142,3.28265,3.28402,3.28554,3.28721,3.28903,3.29101,3.29314,3.29544,3.29789,3.30050,3.30328,3.30623,3.30934,3.31263,3.31610,3.31974,3.32357,3.32758,3.33178,3.33617,3.34075,3.34554,3.35053,3.35572,3.36113,3.36675,3.37259,3.37865,3.38494,3.39146,3.39822,3.40522,3.41247,3.41996,3.42771,3.43571,3.44399,3.45253,3.46134,3.47043,3.47980,3.48946,3.49941,3.50966,3.52021,3.53106,3.54223,3.55371,3.56550,3.57762,3.59007,3.60284,3.61595,3.62940,3.64319,3.65732,3.67180,3.68662,3.70180,3.71732,3.73321,3.74944,3.76604,3.78298,3.80028,3.81794,3.83595,3.85431,3.87301,3.89207,3.91146,3.93118,3.95123,3.97161,3.99230,4.01329,4.03458,4.05615,4.07800,4.10010,4.12245,4.14502,4.16780,4.19078,4.21392,4.23721,4.26062,4.28413,4.30772,4.33134,4.35497,4.37858,4.40213,4.42558,4.44890,4.47204,4.49496,4.51762,4.53997,4.56195,4.58353,4.60465,4.62525,4.64528,4.66469,4.68341,4.70139,4.71857,4.73490,4.75030,4.76473,4.77813,4.79044,4.80160,4.81157,4.82029,4.82772,4.83380,4.83851,4.84180,4.84364,4.84401,4.84289,4.84025,4.83610,4.83042,4.82323,4.81453,4.80435,4.79270,4.77963,4.76517,4.74936,4.73226,4.71393,4.69444,4.67384,4.65222,4.62966,4.60624,4.58204,4.55716,4.53168,4.50569,4.47929,4.45257,4.42563,4.39854,4.37141,4.34431,4.31734,4.29058,4.26409,4.23796,4.21226,4.18706,4.16241,4.13838,4.11509,4.09119,4.06828,4.04620,4.02500,4.00545,3.99288,4.06717,5.34552,4.08210,3.99456,3.96060,3.93951,3.92386,3.91139,3.90119,3.89283,3.88609,3.88084,3.87701,3.87453,3.87339,3.87354,3.87497,3.87767,3.88161,3.88679,3.89318,3.90078,3.90958,3.91955,3.93068,3.94297,3.95638,3.97090,3.98652,4.00321,4.02095,4.03971,4.05949,4.08023,4.10193,4.12455,4.14806,4.17243,4.19762,4.22361,4.25035,4.27781,4.30595,4.33474,4.36412,4.39407,4.42454,4.45550,4.48690,4.51871,4.55089,4.58340,4.61623,4.64933,4.68268,4.71627,4.75008,4.78409,4.81831,4.85273,4.88737,4.92223,4.95735,4.99274,5.02846,5.06453,5.10101,5.13795,5.17541,5.21345,5.25214,5.29153,5.33167,5.37263,5.41443,5.45709,5.50064,5.54503,5.59023,5.63614,5.68264,5.72953,5.77658,5.82349,5.86986,5.91526,5.95913,6.00086,6.03974,6.07497,6.10571,6.13104,6.15001,6.16166,6.16504,6.15926,6.14354,6.11720,6.07975,6.03090,5.97057,5.89892,5.81638,5.72355,5.62130,5.51064,5.39270,5.26873,5.14002,5.00783,4.87341,4.73791,4.60242,4.46788,4.33512,4.20483,4.07760,3.95386,3.83396,3.71815,3.60656,3.49928,3.39631,3.29761,3.20309,3.11264,3.02610,2.94332,2.86411,2.78829,2.71566,2.64602,2.57919,2.51498,2.45319,2.39365,2.33618,2.28061,2.22679,2.17456,2.12377,2.07428,2.02596,1.97869,1.93234,1.88681,1.84198,1.79776,1.75406,1.71077,1.66783,1.62515,1.58267,1.54030,1.49798,1.45567,1.41329,1.37081,1.32817,1.28534,1.24226,1.19892,1.15527,1.11130,1.06697,1.02228,0.97719,0.93171,0.88583,0.83953,0.79282,0.74570,0.69817,0.65025,0.60195,0.55327,0.50424,0.45488,0.40520,0.35525,0.30503,0.25458,0.20394,0.15312,0.10217,0.05112
3.28615,3.28622,3.28644,3.28682,3.28734,3.28801,3.28883,3.28980,3.29093,3.29220,3.29363,3.29522,3.29697,3.29887,3.30093,3.30316,3.30555,3.30810,3.31082,3.31372,3.31678,3.32003,3.32345,3.32705,3.33084,3.33481,3.33897,3.34333,3.34789,3.35264,3.35760,3.36276,3.36814,3.37373,3.37954,3.38558,3.39184,3.39833,3.40506,3.41203,3.41924,3.42670,3.43441,3.44238,3.45061,3.45910,3.46787,3.47691,3.48623,3.49583,3.50572,3.51590,3.52638,3.53716,3.54825,3.55964,3.57135,3.58337,3.59571,3.60838,3.62137,3.63470,3.64835,3.66234,3.67668,3.69135,3.70636,3.72171,3.73741,3.75346,3.76985,3.78659,3.80367,3.82109,3.83886,3.85696,3.87540,3.89417,3.91327,3.93269,3.95243,3.97248,3.99283,4.01346,4.03438,4.05558,4.07702,4.09872,4.12064,4.14277,4.16511,4.18761,4.21027,4.23307,4.25598,4.27896,4.30201,4.32508,4.34815,4.37119,4.39415,4.41700,4.43971,4.46224,4.48453,4.50656,4.52826,4.54960,4.57053,4.59099,4.61094,4.63031,4.64906,4.66713,4.68446,4.70100,4.71670,4.73148,4.74530,4.75811,4.76984,4.78045,4.78989,4.79810,4.80504,4.81068,4.81496,4.81786,4.81934,4.81939,4.81798,4.81510,4.81074,4.80489,4.79757,4.78879,4.77856,4.76691,4.75386,4.73947,4.72377,4.70682,4.68867,4.66938,4.64902,4.62767,4.60540,4.58229,4.55843,4.53390,4.50878,4.48317,4.45716,4.43084,4.40429,4.37760,4.35087,4.32417,4.29759,4.27120,4.24510,4.21934,4.19399,4.16913,4.14482,4.12111,4.09806,4.07578,4.05293,4.03110,4.01012,3.99004,3.97166,3.96060,4.04599,5.10174,4.04593,3.96462,3.93280,3.91322,3.89889,3.88766,3.87865,3.87146,3.86586,3.86173,3.85900,3.85760,3.85752,3.85871,3.86116,3.86485,3.86977,3.87590,3.88323,3.89174,3.90142,3.91225,3.92422,3.93732,3.95151,3.96680,3.98315,4.00054,4.01896,4.03837,4.05876,4.08010,4.10236,4.12552,4.14953,4.17437,4.20001,4.22641,4.25353,4.28135,4.30981,4.33889,4.36855,4.39874,4.42943,4.46058,4.49215,4.52411,4.55643,4.58907,4.62201,4.65521,4.68866,4.72235,4.75625,4.79038,4.82471,4.85926,4.89405,4.92908,4.96439,5.00001,5.03598,5.07233,5.10913,5.14641,5.18425,5.22269,5.26178,5.30159,5.34215,5.38350,5.42567,5.46864,5.51241,5.55693,5.60209,5.64780,5.69385,5.74004,5.78605,5.83154,5.87607,5.91912,5.96010,5.99833,6.03306,6.06346,6.08866,6.10775,6.11979,6.12386,6.11911,6.10474,6.08009,6.04467,5.99815,5.94042,5.87162,5.79210,5.70243,5.60340,5.49597,5.38123,5.26037,5.13463,5.00526,4.87347,4.74041,4.60715,4.47464,4.34371,4.21507,4.08932,3.96690,3.84819,3.73344,3.62282,3.51641,3.41425,3.31629,3.22248,3.13269,3.04679,2.96462,2.88602,2.81079,2.73876,2.66973,2.60350,2.53990,2.47874,2.41983,2.36301,2.30811,2.25497,2.20342,2.15334,2.10457,2.05698,2.01045,1.96486,1.92009,1.87603,1.83260,1.78968,1.74719,1.70505,1.66317,1.62147,1.57990,1.53838,1.49685,1.45525,1.41354,1.37166,1.32956,1.28721,1.24457,1.20161,1.15829,1.11460,1.07051,1.02600,0.98106,0.93568,0.88985,0.84357,0.79684,0.74966,0.70204,0.65400,0.60553,0.55667,0.50742,0.45782,0.40788,0.35763,0.30711,0.25634,0.20536,0.15420,0.10290,0.05148
3.29669,3.29677,3.29700,3.29739,3.29793,3.29863,3.29948,3.30050,3.30167,3.30300,3.30449,3.30614,3.30795,3.30993,3.31208,3.31439,3.31687,3.31953,3.32235,3.32536,3.32854,3.33190,3.33545,3.33919,3.34311,3.34722,3.35153,3.35604,3.36075,3.36567,3.37079,3.37613,3.38168,3.38745,3.39344,3.39966,3.40611,3.41280,3.41972,3.42689,3.43430,3.44196,3.44988,3.45806,3.46650,3.47520,3.48418,3.49344,3.50297,3.51279,3.52290,3.53330,3.54399,3.55498,3.56628,3.57789,3.58980,3.60203,3.61458,3.62745,3.64064,3.65415,3.66800,3.68217,3.69668,3.71152,3.72670,3.74221,3.75805,3.77423,3.79075,3.80760,3.82479,3.84230,3.86014,3.87831,3.89680,3.91560,3.93471,3.95413,3.97384,3.99384,4.01412,4.03467,4.05547,4.07652,4.09780,4.11930,4.14099,4.16287,4.18490,4.20708,4.22938,4.25178,4.27424,4.29675,4.31928,4.34178,4.36424,4.38662,4.40888,4.43098,4.45289,4.47456,4.49596,4.51703,4.53772,4.55800,4.57781,4.59711,4.61583,4.63393,4.65135,4.66805,4.68395,4.69902,4.71319,4.72641,4.73863,4.74980,4.75986,4.76877,4.77648,4.78295,4.78813,4.79200,4.79451,4.79564,4.79537,4.79368,4.79055,4.78599,4.77997,4.77253,4.76365,4.75337,4.74171,4.72870,4.71437,4.69877,4.68196,4.66398,4.64489,4.62476,4.60367,4.58168,4.55888,4.53534,4.51115,4.48639,4.46115,4.43552,4.40958,4.38341,4.35712,4.33077,4.30446,4.27826,4.25226,4.22652,4.20112,4.17613,4.15161,4.12762,4.10422,4.08147,4.05941,4.03816,4.01637,3.99562,3.97574,3.95678,3.93956,3.93003,4.02794,4.90028,4.01200,3.93641,3.90665,3.88854,3.87550,3.86548,3.85764,3.85159,3.84710,3.84407,3.84240,3.84206,3.84301,3.84521,3.84866,3.85332,3.85919,3.86625,3.87448,3.88387,3.89441,3.90608,3.91886,3.93274,3.94769,3.96371,3.98077,3.99884,4.01791,4.03795,4.05894,4.08085,4.10365,4.12731,4.15181,4.17710,4.20317,4.22996,4.25745,4.28560,4.31438,4.34374,4.37365,4.40408,4.43498,4.46631,4.49806,4.53017,4.56262,4.59538,4.62843,4.66174,4.69530,4.72909,4.76311,4.79735,4.83181,4.86651,4.90146,4.93668,4.97220,5.00806,5.04429,5.08094,5.11805,5.15568,5.19388,5.23269,5.27217,5.31236,5.35328,5.39496,5.43740,5.48057,5.52442,5.56889,5.61383,5.65909,5.70445,5.74962,5.79427,5.83797,5.88025,5.92051,5.95813,5.99238,6.02248,6.04757,6.06679,6.07922,6.08398,6.08023,6.06720,6.04421,6.01077,5.96654,5.91137,5.84536,5.76881,5.68225,5.58640,5.48216,5.37058,5.25279,5.13000,5.00342,4.87424,4.74360,4.61255,4.48205,4.35293,4.22593,4.10162,3.98051,3.86296,3.74925,3.63956,3.53400,3.43261,3.33536,3.24221,3.15305,3.06776,2.98618,2.90814,2.83349,2.76202,2.69355,2.62791,2.56489,2.50433,2.44604,2.38984,2.33558,2.28310,2.23223,2.18283,2.13476,2.08790,2.04210,1.99725,1.95324,1.90996,1.86731,1.82518,1.78348,1.74214,1.70107,1.66018,1.61942,1.57870,1.53797,1.49717,1.45625,1.41514,1.37381,1.33221,1.29030,1.24806,1.20543,1.16240,1.11895,1.07505,1.03069,0.98585,0.94053,0.89472,0.84841,0.80162,0.75434,0.70658,0.65836,0.60969,0.56059,0.51109,0.46120,0.41095,0.36037,0.30949,0.25835,0.20699,0.15543,0.10372,0.05190
3.30846,3.30854,3.30878,3.30918,3.30975,3.31047,3.31136,3.31241,3.31363,3.31501,3.31655,3.31827,3.32015,3.32220,3.32442,3.32682,3.32939,3.33214,3.33507,3.33818,3.34147,3.34495,3.34862,3.35248,3.35654,3.36079,3.36524,3.36989,3.37475,3.37982,3.38510,3.39060,3.39632,3.40226,3.40842,3.41482,3.42145,3.42831,3.43542,3.44278,3.45038,3.45823,3.46635,3.47472,3.48336,3.49226,3.50144,3.51090,3.52063,3.53065,3.54096,3.55156,3.56245,3.57365,3.58514,3.59694,3.60905,3.62146,3.63420,3.64724,3.66061,3.67430,3.68831,3.70264,3.71730,3.73229,3.74760,3.76324,3.77920,3.79549,3.81211,3.82905,3.84630,3.86388,3.88176,3.89996,3.91846,3.93726,3.95635,3.97572,3.99537,4.01528,4.03545,4.05586,4.07651,4.09737,4.11843,4.13968,4.16110,4.18266,4.20436,4.22616,4.24804,4.26998,4.29195,4.31393,4.33587,4.35776,4.37955,4.40122,4.42272,4.44401,4.46507,4.48583,4.50626,4.52632,4.54596,4.56512,4.58377,4.60185,4.61930,4.63609,4.65214,4.66742,4.68187,4.69544,4.70807,4.71971,4.73031,4.73983,4.74822,4.75544,4.76143,4.76617,4.76963,4.77176,4.77254,4.77195,4.76998,4.76661,4.76184,4.75566,4.74808,4.73912,4.72879,4.71711,4.70412,4.68986,4.67436,4.65767,4.63985,4.62096,4.60106,4.58022,4.55850,4.53600,4.51277,4.48891,4.46450,4.43962,4.41435,4.38879,4.36301,4.33709,4.31113,4.28519,4.25937,4.23374,4.20836,4.18331,4.15866,4.13448,4.11081,4.08773,4.06527,4.04349,4.02244,4.00223,3.98150,3.96184,3.94305,3.92520,3.90913,3.90116,4.01326,4.73345,3.98021,3.90991,3.88212,3.86544,3.85367,3.84484,3.83814,3.83320,3.82980,3.82783,3.82721,3.82790,3.82985,3.83305,3.83746,3.84307,3.84986,3.85782,3.86693,3.87718,3.88855,3.90103,3.91459,3.92923,3.94492,3.96165,3.97939,3.99812,4.01782,4.03847,4.06003,4.08249,4.10581,4.12996,4.15492,4.18065,4.20712,4.23429,4.26213,4.29061,4.31968,4.34931,4.37947,4.41012,4.44122,4.47274,4.50464,4.53690,4.56949,4.60238,4.63554,4.66897,4.70264,4.73654,4.77068,4.80505,4.83966,4.87452,4.90964,4.94506,4.98081,5.01691,5.05341,5.09035,5.12778,5.16575,5.20429,5.24346,5.28328,5.32379,5.36501,5.40692,5.44952,5.49275,5.53654,5.58076,5.62527,5.66983,5.71421,5.75805,5.80097,5.84250,5.88210,5.91914,5.95294,5.98275,6.00775,6.02710,6.03992,6.04536,6.04259,6.03085,6.00949,5.97799,5.93599,5.88332,5.82005,5.74642,5.66290,5.57018,5.46910,5.36064,5.24590,5.12603,5.00221,4.87563,4.74738,4.61853,4.49002,4.36271,4.23731,4.11445,3.99462,3.87821,3.76551,3.65673,3.55199,3.45134,3.35478,3.26227,3.17371,3.08898,3.00795,2.93046,2.85634,2.78541,2.71749,2.65240,2.58995,2.52996,2.47225,2.41667,2.36303,2.31118,2.26097,2.21224,2.16487,2.11871,2.07364,2.02953,1.98628,1.94376,1.90189,1.86055,1.81965,1.77912,1.73885,1.69879,1.65884,1.61895,1.57904,1.53905,1.49893,1.45863,1.41809,1.37727,1.33612,1.29462,1.25272,1.21039,1.16761,1.12436,1.08061,1.03635,0.99158,0.94627,0.90043,0.85406,0.80716,0.75974,0.71180,0.66336,0.61445,0.56507,0.51525,0.46503,0.41442,0.36345,0.31218,0.26062,0.20882,0.15682,0.10465,0.05236
3.32137,3.32146,3.32171,3.32212,3.32271,3.32346,3.32438,3.32546,3.32672,3.32815,3.32975,3.33152,3.33347,3.33559,3.33789,3.34037,3.34302,3.34586,3.34889,3.35210,3.35550,3.35909,3.36287,3.36686,3.37103,3.37541,3.38000,3.38479,3.38979,3.39501,3.40044,3.40609,3.41196,3.41806,3.42439,3.43096,3.43775,3.44479,3.45208,3.45961,3.46739,3.47543,3.48372,3.49228,3.50110,3.51019,3.51956,3.52920,3.53912,3.54933,3.55982,3.57060,3.58168,3.59305,3.60472,3.61670,3.62898,3.64156,3.65446,3.66767,3.68119,3.69503,3.70918,3.72365,3.73844,3.75354,3.76896,3.78470,3.80076,3.81713,3.83381,3.85080,3.86810,3.88570,3.90360,3.92179,3.94027,3.95902,3.97805,3.99734,4.01688,4.03667,4.05669,4.07692,4.09736,4.11799,4.13879,4.15975,4.18084,4.20204,4.22334,4.24471,4.26613,4.28756,4.30899,4.33037,4.35168,4.37289,4.39397,4.41486,4.43555,4.45598,4.47612,4.49592,4.51535,4.53434,4.55287,4.57087,4.58831,4.60513,4.62128,4.63670,4.65136,4.66520,4.67816,4.69021,4.70128,4.71133,4.72032,4.72819,4.73492,4.74045,4.74475,4.74780,4.74955,4.74999,4.74909,4.74684,4.74323,4.73825,4.73191,4.72420,4.71515,4.70476,4.69307,4.68010,4.66589,4.65048,4.63392,4.61626,4.59756,4.57787,4.55727,4.53582,4.51361,4.49069,4.46715,4.44308,4.41855,4.39364,4.36844,4.34303,4.31749,4.29190,4.26634,4.24089,4.21561,4.19059,4.16589,4.14158,4.11772,4.09437,4.07159,4.04943,4.02793,4.00714,3.98711,3.96793,3.94827,3.92968,3.91199,3.89525,3.88033,3.87391,4.00221,4.59441,3.95046,3.88503,3.85915,3.84387,3.83332,3.82565,3.82007,3.81621,3.81388,3.81295,3.81335,3.81504,3.81797,3.82213,3.82748,3.83400,3.84169,3.85053,3.86050,3.87158,3.88376,3.89702,3.91135,3.92672,3.94312,3.96054,3.97894,3.99830,4.01861,4.03984,4.06196,4.08494,4.10876,4.13339,4.15879,4.18493,4.21179,4.23932,4.26750,4.29628,4.32564,4.35553,4.38592,4.41679,4.44808,4.47977,4.51184,4.54424,4.57697,4.60998,4.64326,4.67681,4.71060,4.74463,4.77889,4.81340,4.84816,4.88319,4.91851,4.95414,4.99011,5.02647,5.06324,5.10047,5.13821,5.17649,5.21535,5.25482,5.29494,5.33571,5.37713,5.41918,5.46182,5.50496,5.54849,5.59227,5.63609,5.67970,5.72278,5.76496,5.80578,5.84474,5.88124,5.91462,5.94416,5.96908,5.98857,6.00178,6.00789,6.00608,5.99561,5.97584,5.94623,5.90641,5.85620,5.79560,5.72484,5.64433,5.55469,5.45672,5.35134,5.23961,5.12264,5.00158,4.87757,4.75171,4.62504,4.49852,4.37299,4.24919,4.12775,4.00918,3.89389,3.78219,3.67430,3.57035,3.47042,3.37452,3.28261,3.19462,3.11044,3.02993,2.95296,2.87935,2.80893,2.74152,2.67695,2.61503,2.55559,2.49845,2.44345,2.39041,2.33918,2.28961,2.24155,2.19485,2.14939,2.10503,2.06166,2.01915,1.97740,1.93630,1.89575,1.85566,1.81593,1.77649,1.73725,1.69813,1.65907,1.62000,1.58085,1.54156,1.50208,1.46235,1.42234,1.38198,1.34125,1.30011,1.25852,1.21645,1.17388,1.13079,1.08716,1.04297,0.99822,0.95289,0.90698,0.86051,0.81346,0.76585,0.71769,0.66899,0.61978,0.57008,0.51991,0.46930,0.41828,0.36689,0.31516,0.26314,0.21085,0.15835,0.10568,0.05288
3.33549,3.33558,3.33584,3.33627,3.33687,3.33765,3.33859,3.33972,3.34102,3.34249,3.34414,3.34597,3.34798,3.35017,3.35254,3.35509,3.35783,3.36076,3.36387,3.36718,3.37068,3.37438,3.37827,3.38237,3.38667,3.39117,3.39588,3.40080,3.40594,3.41129,3.41687,3.42266,3.42869,3.43494,3.44142,3.44814,3.45510,3.46230,3.46975,3.47745,3.48540,3.49360,3.50207,3.51080,3.51979,3.52905,3.53859,3.54841,3.55850,3.56888,3.57954,3.59049,3.60173,3.61327,3.62510,3.63723,3.64966,3.66240,3.67544,3.68879,3.70244,3.71640,3.73068,3.74526,3.76015,3.77535,3.79086,3.80667,3.82279,3.83921,3.85593,3.87294,3.89025,3.90785,3.92572,3.94387,3.96229,3.98097,3.99989,4.01906,4.03846,4.05808,4.07790,4.09792,4.11811,4.13846,4.15895,4.17956,4.20028,4.22108,4.24194,4.26282,4.28372,4.30460,4.32542,4.34616,4.36679,4.38727,4.40757,4.42765,4.44747,4.46699,4.48616,4.50496,4.52332,4.54121,4.55858,4.57539,4.59157,4.60709,4.62190,4.63595,4.64918,4.66156,4.67302,4.68353,4.69303,4.70149,4.70887,4.71511,4.72018,4.72406,4.72670,4.72808,4.72818,4.72697,4.72445,4.72060,4.71542,4.70891,4.70108,4.69193,4.68149,4.66979,4.65683,4.64268,4.62736,4.61092,4.59341,4.57488,4.55541,4.53504,4.51385,4.49191,4.46929,4.44607,4.42233,4.39814,4.37358,4.34874,4.32369,4.29851,4.27329,4.24809,4.22300,4.19808,4.17340,4.14904,4.12506,4.10152,4.07848,4.05599,4.03411,4.01289,3.99236,3.97256,3.95355,3.93541,3.91682,3.89931,3.88270,3.86705,3.85326,3.84842,3.99532,4.47775,3.92281,3.86191,3.83786,3.82392,3.81458,3.80803,3.80354,3.80074,3.79945,3.79954,3.80093,3.80360,3.80748,3.81257,3.81883,3.82626,3.83482,3.84450,3.85530,3.86719,3.88015,3.89417,3.90924,3.92532,3.94242,3.96049,3.97953,3.99951,4.02040,4.04219,4.06484,4.08833,4.11263,4.13771,4.16354,4.19008,4.21731,4.24519,4.27369,4.30277,4.33240,4.36254,4.39316,4.42423,4.45571,4.48758,4.51980,4.55235,4.58521,4.61835,4.65176,4.68543,4.71935,4.75351,4.78792,4.82258,4.85750,4.89271,4.92822,4.96407,5.00028,5.03689,5.07393,5.11144,5.14947,5.18803,5.22718,5.26692,5.30726,5.34821,5.38974,5.43181,5.47433,5.51722,5.56031,5.60342,5.64630,5.68866,5.73013,5.77029,5.80865,5.84464,5.87763,5.90693,5.93179,5.95143,5.96504,5.97180,5.97094,5.96172,5.94350,5.91574,5.87806,5.83026,5.77229,5.70434,5.62679,5.54019,5.44528,5.34296,5.23421,5.12011,5.00177,4.88031,4.75682,4.63232,4.50776,4.38400,4.26178,4.14175,4.02442,3.91023,3.79949,3.69246,3.58927,3.49003,3.39475,3.30342,3.21596,3.13228,3.05227,2.97577,2.90263,2.83268,2.76576,2.70168,2.64027,2.58135,2.52475,2.47030,2.41784,2.36721,2.31825,2.27083,2.22479,2.18001,2.13635,2.09370,2.05193,2.01093,1.97060,1.93084,1.89155,1.85263,1.81402,1.77561,1.73733,1.69912,1.66089,1.62259,1.58415,1.54551,1.50662,1.46744,1.42791,1.38798,1.34763,1.30681,1.26549,1.22365,1.18125,1.13828,1.09473,1.05057,1.00579,0.96041,0.91440,0.86777,0.82053,0.77270,0.72427,0.67527,0.62572,0.57565,0.52508,0.47404,0.42257,0.37069,0.31846,0.26592,0.21310,0.16005,0.10682,0.05345
3.35074,3.35082,3.35109,3.35153,3.35215,3.35295,3.35393,3.35509,3.35642,3.35794,3.35964,3.36152,3.36359,3.36584,3.36828,3.37091,3.37373,3.37674,3.37994,3.38334,3.38694,3.39073,3.39473,3.39894,3.40335,3.40797,3.41280,3.41785,3.42311,3.42859,3.43430,3.44024,3.44640,3.45279,3.45942,3.46629,3.47340,3.48075,3.48835,3.49620,3.50431,3.51267,3.52129,3.53018,3.53933,3.54876,3.55845,3.56842,3.57867,3.58921,3.60002,3.61112,3.62251,3.63419,3.64617,3.65844,3.67100,3.68387,3.69703,3.71049,3.72426,3.73832,3.75269,3.76736,3.78233,3.79760,3.81316,3.82902,3.84517,3.86161,3.87834,3.89535,3.91263,3.93019,3.94800,3.96608,3.98440,4.00296,4.02175,4.04076,4.05997,4.07938,4.09896,4.11871,4.13861,4.15863,4.17877,4.19900,4.21929,4.23964,4.26000,4.28036,4.30068,4.32095,4.34112,4.36117,4.38106,4.40077,4.42024,4.43945,4.45835,4.47690,4.49507,4.51281,4.53007,4.54681,4.56299,4.57855,4.59345,4.60765,4.62109,4.63373,4.64551,4.65641,4.66636,4.67533,4.68327,4.69014,4.69591,4.70053,4.70398,4.70623,4.70724,4.70701,4.70550,4.70271,4.69862,4.69324,4.68657,4.67861,4.66937,4.65888,4.64715,4.63421,4.62010,4.60486,4.58854,4.57117,4.55282,4.53355,4.51341,4.49247,4.47080,4.44847,4.42556,4.40214,4.37828,4.35407,4.32957,4.30488,4.28006,4.25519,4.23035,4.20560,4.18103,4.15670,4.13267,4.10901,4.08578,4.06305,4.04085,4.01925,3.99829,3.97801,3.95846,3.93967,3.92168,3.90458,3.88704,3.87060,3.85506,3.84050,3.82784,3.82459,3.99296,4.37902,3.89713,3.84041,3.81812,3.80550,3.79733,3.79189,3.78846,3.78670,3.78641,3.78749,3.78986,3.79347,3.79829,3.80428,3.81144,3.81973,3.82914,3.83965,3.85125,3.86392,3.87764,3.89240,3.90818,3.92496,3.94272,3.96143,3.98109,4.00166,4.02312,4.04545,4.06861,4.09259,4.11735,4.14287,4.16910,4.19603,4.22362,4.25183,4.28064,4.31000,4.33989,4.37027,4.40111,4.43238,4.46405,4.49608,4.52846,4.56116,4.59415,4.62743,4.66097,4.69477,4.72882,4.76312,4.79767,4.83249,4.86759,4.90298,4.93870,4.97476,5.01121,5.04806,5.08536,5.12314,5.16143,5.20025,5.23962,5.27956,5.32006,5.36110,5.40262,5.44456,5.48683,5.52926,5.57170,5.61389,5.65556,5.69637,5.73590,5.77369,5.80920,5.84183,5.87090,5.89572,5.91551,5.92951,5.93692,5.93698,5.92897,5.91226,5.88631,5.85073,5.80527,5.74988,5.68469,5.61004,5.52643,5.43455,5.33524,5.22944,5.11818,5.00255,4.88363,4.76249,4.64015,4.51755,4.39555,4.27490,4.15626,4.04016,3.92705,3.81726,3.71107,3.60862,3.51004,3.41536,3.32457,3.23762,3.15442,3.07486,2.99881,2.92611,2.85661,2.79014,2.72652,2.66559,2.60716,2.55107,2.49716,2.44525,2.39519,2.34684,2.30003,2.25464,2.21052,2.16755,2.12561,2.08456,2.04432,2.00475,1.96578,1.92728,1.88919,1.85139,1.81382,1.77640,1.73904,1.70167,1.66423,1.62666,1.58889,1.55087,1.51254,1.47385,1.43477,1.39524,1.35522,1.31469,1.27361,1.23196,1.18970,1.14682,1.10330,1.05914,1.01431,0.96882,0.92267,0.87586,0.82839,0.78029,0.73155,0.68220,0.63227,0.58178,0.53076,0.47925,0.42727,0.37486,0.32208,0.26896,0.21555,0.16190,0.10806,0.05408
3.36705,3.36714,3.36741,3.36787,3.36851,3.36933,3.37033,3.37152,3.37289,3.37445,3.37620,3.37813,3.38025,3.38257,3.38507,3.38777,3.39066,3.39375,3.39703,3.40052,3.40421,3.40810,3.41220,3.41651,3.42102,3.42575,3.43070,3.43586,3.44124,3.44685,3.45269,3.45875,3.46504,3.47157,3.47833,3.48534,3.49259,3.50008,3.50782,3.51582,3.52407,3.53258,3.54134,3.55038,3.55967,3.56924,3.57908,3.58919,3.59958,3.61025,3.62120,3.63244,3.64396,3.65577,3.66786,3.68025,3.69293,3.70590,3.71916,3.73272,3.74657,3.76072,3.77516,3.78989,3.80491,3.82021,3.83581,3.85168,3.86784,3.88427,3.90097,3.91794,3.93517,3.95264,3.97037,3.98833,4.00652,4.02492,4.04353,4.06234,4.08133,4.10048,4.11978,4.13923,4.15878,4.17844,4.19817,4.21797,4.23779,4.25763,4.27745,4.29722,4.31693,4.33654,4.35601,4.37531,4.39442,4.41329,4.43189,4.45018,4.46812,4.48567,4.50278,4.51942,4.53554,4.55109,4.56604,4.58032,4.59391,4.60675,4.61880,4.63002,4.64035,4.64975,4.65819,4.66562,4.67200,4.67730,4.68148,4.68451,4.68636,4.68702,4.68645,4.68464,4.68159,4.67727,4.67169,4.66486,4.65677,4.64744,4.63688,4.62513,4.61221,4.59815,4.58299,4.56677,4.54955,4.53137,4.51229,4.49237,4.47167,4.45026,4.42822,4.40560,4.38249,4.35896,4.33508,4.31093,4.28658,4.26210,4.23759,4.21309,4.18869,4.16446,4.14046,4.11676,4.09342,4.07050,4.04806,4.02615,4.00482,3.98412,3.96410,3.94478,3.92621,3.90843,3.89146,3.87540,3.85891,3.84353,3.82905,3.81556,3.80401,3.80237,3.99570,4.29478,3.87332,3.82051,3.79991,3.78857,3.78154,3.77717,3.77478,3.77403,3.77473,3.77677,3.78008,3.78462,3.79034,3.79722,3.80524,3.81438,3.82461,3.83593,3.84831,3.86174,3.87620,3.89167,3.90814,3.92559,3.94399,3.96333,3.98358,4.00472,4.02673,4.04957,4.07324,4.09768,4.12289,4.14882,4.17545,4.20275,4.23068,4.25921,4.28831,4.31795,4.34809,4.37870,4.40975,4.44121,4.47306,4.50526,4.53779,4.57063,4.60377,4.63718,4.67085,4.70479,4.73898,4.77342,4.80813,4.84312,4.87839,4.91398,4.94990,4.98618,5.02285,5.05994,5.09748,5.13549,5.17401,5.21304,5.25259,5.29265,5.33321,5.37422,5.41561,5.45728,5.49910,5.54088,5.58242,5.62344,5.66362,5.70255,5.73981,5.77486,5.80714,5.83601,5.86079,5.88074,5.89512,5.90316,5.90412,5.89730,5.88207,5.85788,5.82433,5.78117,5.72830,5.66582,5.59402,5.51335,5.42445,5.32812,5.22524,5.11680,5.00386,4.88747,4.76867,4.64848,4.52783,4.40759,4.28850,4.17124,4.05636,3.94431,3.83547,3.73009,3.62837,3.53042,3.43631,3.34604,3.25957,3.17682,3.09770,3.02206,2.94978,2.88070,2.81465,2.75147,2.69098,2.63302,2.57742,2.52401,2.47263,2.42313,2.37535,2.32915,2.28438,2.24092,2.19862,2.15737,2.11705,2.07754,2.03874,2.00054,1.96285,1.92556,1.88860,1.85188,1.81531,1.77881,1.74232,1.70576,1.66908,1.63219,1.59506,1.55761,1.51980,1.48158,1.44291,1.40374,1.36404,1.32376,1.28289,1.24139,1.19923,1.15641,1.11290,1.06869,1.02378,0.97815,0.93182,0.88478,0.83705,0.78863,0.73954,0.68980,0.63944,0.58849,0.53697,0.48493,0.43239,0.37941,0.32603,0.27228,0.21823,0.16392,0.10941,0.05475
3.38451,3.38460,3.38488,3.38535,3.38601,3.38685,3.38788,3.38910,3.39051,3.39211,3.39390,3.39588,3.39805,3.40042,3.40299,3.40575,3.40871,3.41187,3.41524,3.41881,3.42258,3.42656,3.43075,3.43516,3.43977,3.44461,3.44966,3.45493,3.46043,3.46615,3.47210,3.47828,3.48470,3.49135,3.49824,3.50537,3.51275,3.52037,3.52825,3.53638,3.54476,3.55340,3.56230,3.57146,3.58089,3.59059,3.60055,3.61079,3.62131,3.63210,3.64317,3.65452,3.66615,3.67807,3.69027,3.70275,3.71552,3.72858,3.74192,3.75555,3.76947,3.78367,3.79815,3.81292,3.82796,3.84328,3.85887,3.87474,3.89087,3.90726,3.92390,3.94080,3.95793,3.97530,3.99290,4.01071,4.02872,4.04694,4.06533,4.08389,4.10261,4.12147,4.14045,4.15954,4.17871,4.19796,4.21724,4.23655,4.25586,4.27514,4.29437,4.31352,4.33256,4.35146,4.37018,4.38870,4.40697,4.42497,4.44265,4.45997,4.47690,4.49340,4.50942,4.52492,4.53986,4.55419,4.56788,4.58087,4.59312,4.60458,4.61523,4.62500,4.63387,4.64178,4.64870,4.65460,4.65944,4.66318,4.66580,4.66727,4.66757,4.66668,4.66458,4.66126,4.65671,4.65094,4.64394,4.63572,4.62630,4.61569,4.60391,4.59100,4.57698,4.56189,4.54578,4.52869,4.51067,4.49178,4.47207,4.45161,4.43046,4.40869,4.38637,4.36356,4.34034,4.31679,4.29296,4.26895,4.24482,4.22064,4.19649,4.17243,4.14853,4.12486,4.10148,4.07845,4.05583,4.03368,4.01205,3.99099,3.97055,3.95076,3.93168,3.91333,3.89575,3.87897,3.86302,3.84799,3.83254,3.81821,3.80478,3.79234,3.78189,3.78189,4.00441,4.22253,3.85147,3.80229,3.78332,3.77323,3.76731,3.76400,3.76262,3.76285,3.76451,3.76750,3.77173,3.77717,3.78377,3.79151,3.80038,3.81033,3.82137,3.83346,3.84660,3.86077,3.87595,3.89212,3.90926,3.92735,3.94638,3.96632,3.98714,4.00884,4.03137,4.05472,4.07886,4.10376,4.12940,4.15573,4.18274,4.21039,4.23865,4.26749,4.29688,4.32678,4.35716,4.38800,4.41926,4.45091,4.48293,4.51530,4.54798,4.58097,4.61425,4.64780,4.68161,4.71568,4.75002,4.78462,4.81949,4.85464,4.89010,4.92588,4.96200,4.99849,5.03538,5.07269,5.11044,5.14866,5.18736,5.22654,5.26620,5.30630,5.34682,5.38768,5.42879,5.47002,5.51120,5.55212,5.59252,5.63209,5.67047,5.70721,5.74184,5.77380,5.80248,5.82723,5.84734,5.86210,5.87075,5.87259,5.86692,5.85312,5.83065,5.79909,5.75816,5.70775,5.64792,5.57891,5.50114,5.41518,5.32178,5.22178,5.11615,5.00587,4.89199,4.77552,4.65747,4.53877,4.42026,4.30273,4.18684,4.07317,3.96218,3.85425,3.74967,3.64865,3.55132,3.45776,3.36798,3.28196,3.19963,3.12090,3.04566,2.97376,2.90506,2.83940,2.77662,2.71655,2.65903,2.60389,2.55096,2.50009,2.45112,2.40390,2.35828,2.31411,2.27128,2.22964,2.18907,2.14946,2.11068,2.07263,2.03521,1.99831,1.96184,1.92571,1.88983,1.85412,1.81850,1.78289,1.74723,1.71144,1.67546,1.63923,1.60269,1.56579,1.52847,1.49068,1.45239,1.41355,1.37412,1.33407,1.29337,1.25199,1.20991,1.16711,1.12357,1.07928,1.03424,0.98844,0.94189,0.89458,0.84654,0.79776,0.74828,0.69811,0.64727,0.59581,0.54374,0.49112,0.43798,0.38436,0.33031,0.27589,0.22114,0.16612,0.11089,0.05549
3.40299,3.40309,3.40337,3.40385,3.40452,3.40538,3.40644,3.40769,3.40913,3.41076,3.41259,3.41462,3.41685,3.41927,3.42189,3.42472,3.42775,3.43098,3.43442,3.43806,3.44191,3.44598,3.45026,3.45475,3.45946,3.46439,3.46954,3.47492,3.48052,3.48635,3.49241,3.49870,3.50523,3.51199,3.51900,3.52625,3.53375,3.54149,3.54948,3.55773,3.56623,3.57499,3.58401,3.59329,3.60283,3.61265,3.62273,3.63308,3.64370,3.65460,3.66577,3.67721,3.68894,3.70094,3.71323,3.72579,3.73863,3.75175,3.76515,3.77882,3.79278,3.80701,3.82151,3.83628,3.85132,3.86663,3.88219,3.89801,3.91409,3.93040,3.94696,3.96374,3.98075,3.99798,4.01541,4.03303,4.05084,4.06882,4.08696,4.10524,4.12364,4.14216,4.16078,4.17947,4.19822,4.21700,4.23579,4.25457,4.27332,4.29200,4.31059,4.32906,4.34739,4.36553,4.38346,4.40113,4.41853,4.43561,4.45232,4.46864,4.48453,4.49994,4.51483,4.52916,4.54289,4.55597,4.56837,4.58003,4.59093,4.60101,4.61024,4.61857,4.62596,4.63239,4.63781,4.64220,4.64551,4.64772,4.64882,4.64876,4.64755,4.64516,4.64158,4.63680,4.63084,4.62368,4.61533,4.60582,4.59515,4.58335,4.57044,4.55646,4.54145,4.52544,4.50847,4.49061,4.47190,4.45240,4.43217,4.41127,4.38976,4.36772,4.34521,4.32230,4.29906,4.27556,4.25188,4.22808,4.20424,4.18042,4.15669,4.13312,4.10977,4.08670,4.06398,4.04166,4.01979,3.99844,3.97764,3.95744,3.93790,3.91904,3.90090,3.88352,3.86693,3.85115,3.83622,3.82221,3.80780,3.79450,3.78211,3.77071,3.76135,3.76300,4.01991,4.16010,3.83142,3.78563,3.76823,3.75934,3.75451,3.75222,3.75183,3.75302,3.75562,3.75952,3.76466,3.77097,3.77843,3.78701,3.79669,3.80745,3.81926,3.83212,3.84600,3.86088,3.87675,3.89359,3.91138,3.93011,3.94974,3.97026,3.99164,4.01387,4.03691,4.06075,4.08535,4.11068,4.13673,4.16345,4.19083,4.21882,4.24740,4.27653,4.30619,4.33635,4.36696,4.39802,4.42948,4.46132,4.49351,4.52604,4.55888,4.59202,4.62543,4.65912,4.69308,4.72730,4.76178,4.79653,4.83157,4.86689,4.90253,4.93849,4.97481,5.01150,5.04859,5.08609,5.12403,5.16241,5.20123,5.24050,5.28018,5.32023,5.36059,5.40116,5.44183,5.48242,5.52276,5.56257,5.60158,5.63942,5.67568,5.70991,5.74156,5.77007,5.79480,5.81507,5.83020,5.83946,5.84215,5.83760,5.82519,5.80438,5.77475,5.73601,5.68801,5.63077,5.56450,5.48957,5.40651,5.31601,5.21887,5.11600,5.00837,4.89699,4.78285,4.66693,4.55016,4.43340,4.31742,4.20290,4.09043,3.98048,3.87346,3.76967,3.66933,3.57260,3.47957,3.39026,3.30466,3.22273,3.14437,3.06949,2.99794,2.92960,2.86431,2.80190,2.74223,2.68512,2.63041,2.57794,2.52755,2.47908,2.43239,2.38733,2.34375,2.30153,2.26054,2.22064,2.18172,2.14366,2.10635,2.06970,2.03359,1.99793,1.96263,1.92760,1.89275,1.85801,1.82330,1.78854,1.75367,1.71862,1.68331,1.64770,1.61173,1.57534,1.53848,1.50110,1.46316,1.42462,1.38544,1.34558,1.30503,1.26374,1.22170,1.17889,1.13529,1.09089,1.04569,0.99968,0.95287,0.90526,0.85686,0.80769,0.75777,0.70711,0.65576,0.60373,0.55107,0.49782,0.44402,0.38971,0.33495,0.27979,0.22428,0.16849,0.11247,0.05629
3.42250,3.42260,3.42289,3.42338,3.42407,3.42495,3.42603,3.42730,3.42877,3.43044,3.43231,3.43438,3.43666,3.43913,3.44181,3.44469,3.44778,3.45108,3.45458,3.45830,3.46223,3.46637,3.47073,3.47531,3.48010,3.48512,3.49037,3.49583,3.50153,3.50746,3.51362,3.52001,3.52665,3.53352,3.54063,3.54798,3.55559,3.56344,3.57154,3.57989,3.58850,3.59736,3.60649,3.61587,3.62552,3.63543,3.64561,3.65605,3.66677,3.67775,3.68900,3.70053,3.71233,3.72440,3.73674,3.74936,3.76225,3.77541,3.78884,3.80254,3.81651,3.83074,3.84524,3.85999,3.87500,3.89026,3.90577,3.92152,3.93750,3.95371,3.97014,3.98679,4.00364,4.02068,4.03791,4.05531,4.07287,4.09057,4.10841,4.12637,4.14442,4.16256,4.18077,4.19902,4.21729,4.23557,4.25382,4.27203,4.29017,4.30820,4.32611,4.34386,4.36143,4.37877,4.39586,4.41266,4.42913,4.44524,4.46096,4.47624,4.49104,4.50532,4.51905,4.53218,4.54467,4.55649,4.56758,4.57791,4.58743,4.59612,4.60392,4.61081,4.61675,4.62170,4.62564,4.62853,4.63034,4.63106,4.63067,4.62913,4.62646,4.62262,4.61763,4.61147,4.60415,4.59568,4.58607,4.57534,4.56351,4.55061,4.53667,4.52172,4.50581,4.48897,4.47126,4.45272,4.43342,4.41341,4.39275,4.37150,4.34974,4.32751,4.30490,4.28197,4.25879,4.23543,4.21196,4.18844,4.16495,4.14154,4.11829,4.09525,4.07250,4.05007,4.02804,4.00646,3.98537,3.96483,3.94489,3.92557,3.90693,3.88901,3.87182,3.85542,3.83981,3.82503,3.81111,3.79811,3.78472,3.77244,3.76108,3.75070,3.74240,3.74575,4.04341,4.10595,3.81316,3.77055,3.75465,3.74694,3.74316,3.74188,3.74245,3.74458,3.74810,3.75289,3.75890,3.76607,3.77437,3.78376,3.79424,3.80578,3.81835,3.83194,3.84653,3.86211,3.87866,3.89615,3.91457,3.93390,3.95412,3.97520,3.99713,4.01987,4.04341,4.06771,4.09275,4.11851,4.14495,4.17205,4.19978,4.22810,4.25698,4.28640,4.31633,4.34673,4.37757,4.40884,4.44049,4.47251,4.50488,4.53757,4.57056,4.60385,4.63741,4.67124,4.70534,4.73971,4.77434,4.80925,4.84445,4.87994,4.91575,4.95190,4.98840,5.02527,5.06253,5.10019,5.13827,5.17676,5.21565,5.25492,5.29453,5.33441,5.37447,5.41461,5.45466,5.49443,5.53369,5.57216,5.60949,5.64531,5.67915,5.71052,5.73887,5.76358,5.78402,5.79951,5.80935,5.81287,5.80940,5.79834,5.77916,5.75141,5.71480,5.66914,5.61445,5.55086,5.47872,5.39851,5.31086,5.21655,5.11643,5.01143,4.90253,4.79070,4.67692,4.56209,4.44707,4.33263,4.21948,4.10820,3.99929,3.89317,3.79015,3.69048,3.59433,3.50180,3.41294,3.32775,3.24618,3.16817,3.09361,3.02239,2.95438,2.88942,2.82736,2.76805,2.71132,2.65702,2.60498,2.55504,2.50706,2.46088,2.41635,2.37335,2.33172,2.29135,2.25210,2.21386,2.17651,2.13994,2.10404,2.06871,2.03386,1.99939,1.96521,1.93123,1.89738,1.86357,1.82973,1.79579,1.76167,1.72732,1.69266,1.65764,1.62220,1.58629,1.54986,1.51286,1.47525,1.43698,1.39802,1.35834,1.31790,1.27667,1.23464,1.19179,1.14810,1.10356,1.05816,1.01191,0.96480,0.91685,0.86805,0.81844,0.76804,0.71685,0.66493,0.61229,0.55898,0.50505,0.45053,0.39548,0.33995,0.28399,0.22767,0.17105,0.11419,0.05715
3.44304,3.44314,3.44344,3.44394,3.44464,3.44553,3.44663,3.44793,3.44943,3.45114,3.45304,3.45515,3.45747,3.45999,3.46272,3.46566,3.46880,3.47216,3.47573,3.47951,3.48351,3.48772,3.49216,3.49681,3.50169,3.50679,3.51212,3.51767,3.52346,3.52948,3.53573,3.54221,3.54894,3.55590,3.56311,3.57056,3.57826,3.58621,3.59440,3.60285,3.61155,3.62051,3.62972,3.63919,3.64893,3.65892,3.66918,3.67970,3.69049,3.70154,3.71286,3.72445,3.73630,3.74842,3.76080,3.77346,3.78637,3.79955,3.81299,3.82669,3.84064,3.85485,3.86931,3.88402,3.89897,3.91415,3.92957,3.94521,3.96108,3.97715,3.99342,4.00989,4.02654,4.04337,4.06036,4.07750,4.09477,4.11216,4.12966,4.14726,4.16492,4.18264,4.20039,4.21816,4.23591,4.25364,4.27131,4.28890,4.30638,4.32373,4.34091,4.35790,4.37466,4.39116,4.40736,4.42324,4.43875,4.45387,4.46855,4.48275,4.49643,4.50956,4.52210,4.53401,4.54524,4.55576,4.56553,4.57451,4.58267,4.58995,4.59634,4.60180,4.60629,4.60978,4.61225,4.61367,4.61403,4.61329,4.61145,4.60849,4.60440,4.59918,4.59283,4.58536,4.57676,4.56706,4.55627,4.54442,4.53152,4.51761,4.50272,4.48690,4.47018,4.45262,4.43425,4.41514,4.39535,4.37492,4.35393,4.33242,4.31048,4.28816,4.26553,4.24266,4.21962,4.19646,4.17326,4.15009,4.12700,4.10406,4.08134,4.05888,4.03676,4.01501,3.99371,3.97289,3.95260,3.93289,3.91381,3.89539,3.87767,3.86067,3.84445,3.82901,3.81438,3.80060,3.78767,3.77568,3.76330,3.75203,3.74168,3.73231,3.72507,3.73013,4.07643,4.05885,3.79668,3.75704,3.74260,3.73603,3.73329,3.73297,3.73449,3.73754,3.74195,3.74761,3.75447,3.76248,3.77159,3.78178,3.79304,3.80533,3.81864,3.83295,3.84824,3.86450,3.88170,3.89982,3.91886,3.93878,3.95956,3.98119,4.00364,4.02688,4.05089,4.07565,4.10112,4.12729,4.15411,4.18157,4.20964,4.23827,4.26745,4.29715,4.32733,4.35797,4.38904,4.42051,4.45235,4.48455,4.51709,4.54994,4.58309,4.61652,4.65023,4.68421,4.71845,4.75297,4.78775,4.82282,4.85817,4.89383,4.92981,4.96612,5.00279,5.03981,5.07722,5.11501,5.15317,5.19171,5.23059,5.26977,5.30920,5.34879,5.38842,5.42794,5.46719,5.50592,5.54388,5.58073,5.61611,5.64960,5.68070,5.70890,5.73360,5.75420,5.77003,5.78044,5.78475,5.78234,5.77259,5.75497,5.72905,5.69450,5.65113,5.59891,5.53795,5.46854,5.39113,5.30631,5.21478,5.11738,5.01499,4.90856,4.79904,4.68738,4.57449,4.46121,4.34832,4.23654,4.12645,4.01857,3.91334,3.81109,3.71208,3.61650,3.52445,3.43602,3.35121,3.26998,3.19229,3.11804,3.04713,2.97941,2.91476,2.85302,2.79405,2.73767,2.68375,2.63211,2.58260,2.53508,2.48938,2.44538,2.40292,2.36187,2.32210,2.28349,2.24592,2.20926,2.17341,2.13826,2.10371,2.06966,2.03602,2.00268,1.96958,1.93662,1.90372,1.87080,1.83780,1.80464,1.77125,1.73756,1.70352,1.66907,1.63414,1.59869,1.56267,1.52602,1.48871,1.45069,1.41192,1.37238,1.33203,1.29084,1.24879,1.20587,1.16205,1.11733,1.07171,1.02517,0.97773,0.92939,0.88017,0.83007,0.77913,0.72737,0.67482,0.62153,0.56752,0.51284,0.45755,0.40170,0.34533,0.28852,0.23132,0.17380,0.11603,0.05807
3.46443,3.46453,3.46483,3.46534,3.46605,3.46697,3.46809,3.46941,3.47094,3.47267,3.47461,3.47676,3.47911,3.48168,3.48445,3.48744,3.49064,3.49405,3.49768,3.50152,3.50558,3.50986,3.51437,3.51909,3.52404,3.52922,3.53462,3.54025,3.54612,3.55222,3.55855,3.56512,3.57193,3.57898,3.58627,3.59380,3.60158,3.60961,3.61789,3.62642,3.63520,3.64423,3.65352,3.66307,3.67287,3.68293,3.69326,3.70384,3.71468,3.72578,3.73715,3.74877,3.76066,3.77280,3.78521,3.79787,3.81079,3.82396,3.83738,3.85105,3.86497,3.87913,3.89353,3.90816,3.92302,3.93810,3.95339,3.96890,3.98461,4.00051,4.01659,4.03285,4.04927,4.06584,4.08255,4.09938,4.11633,4.13337,4.15050,4.16768,4.18491,4.20216,4.21942,4.23666,4.25386,4.27100,4.28804,4.30497,4.32175,4.33837,4.35478,4.37096,4.38687,4.40249,4.41777,4.43269,4.44721,4.46129,4.47490,4.48799,4.50053,4.51249,4.52381,4.53448,4.54444,4.55365,4.56209,4.56972,4.57650,4.58239,4.58737,4.59141,4.59447,4.59653,4.59756,4.59755,4.59648,4.59433,4.59109,4.58676,4.58132,4.57479,4.56716,4.55844,4.54865,4.53779,4.52591,4.51301,4.49913,4.48431,4.46857,4.45197,4.43455,4.41635,4.39743,4.37784,4.35764,4.33689,4.31565,4.29398,4.27195,4.24962,4.22705,4.20431,4.18147,4.15858,4.13572,4.11294,4.09031,4.06789,4.04573,4.02390,4.00244,3.98140,3.96084,3.94081,3.92134,3.90249,3.88428,3.86676,3.84995,3.83390,3.81863,3.80416,3.79051,3.77771,3.76577,3.75477,3.74339,3.73312,3.72376,3.71538,3.70918,3.71599,4.12071,4.01766,3.78180,3.74495,3.73192,3.72645,3.72471,3.72535,3.72779,3.73173,3.73701,3.74353,3.75122,3.76003,3.76994,3.78091,3.79292,3.80595,3.81998,3.83498,3.85095,3.86786,3.88570,3.90444,3.92407,3.94456,3.96589,3.98805,4.01100,4.03473,4.05920,4.08439,4.11028,4.13684,4.16403,4.19184,4.22023,4.24917,4.27864,4.30860,4.33903,4.36990,4.40118,4.43285,4.46488,4.49726,4.52996,4.56297,4.59627,4.62985,4.66370,4.69783,4.73222,4.76688,4.80181,4.83703,4.87254,4.90835,4.94448,4.98094,5.01775,5.05490,5.09241,5.13027,5.16847,5.20698,5.24576,5.28475,5.32388,5.36303,5.40206,5.44080,5.47904,5.51651,5.55291,5.58788,5.62103,5.65188,5.67993,5.70463,5.72538,5.74156,5.75251,5.75760,5.75620,5.74772,5.73163,5.70748,5.67494,5.63380,5.58400,5.52561,5.45889,5.38424,5.30219,5.21343,5.11872,5.01892,4.91495,4.80774,4.69820,4.58724,4.47571,4.36438,4.25396,4.14506,4.03823,3.93388,3.83239,3.73403,3.63900,3.54743,3.45941,3.37495,3.29406,3.21666,3.14270,3.07205,3.00461,2.94024,2.87880,2.82013,2.76408,2.71051,2.65925,2.61015,2.56306,2.51783,2.47431,2.43238,2.39189,2.35271,2.31472,2.27779,2.24182,2.20668,2.17227,2.13849,2.10523,2.07241,2.03993,2.00769,1.97562,1.94364,1.91166,1.87961,1.84741,1.81500,1.78231,1.74927,1.71583,1.68192,1.64748,1.61247,1.57683,1.54051,1.50348,1.46568,1.42709,1.38767,1.34738,1.30620,1.26411,1.22109,1.17712,1.13219,1.08630,1.03945,0.99164,0.94288,0.89317,0.84255,0.79104,0.73866,0.68544,0.63143,0.57666,0.52120,0.46507,0.40836,0.35110,0.29337,0.23523,0.17675,0.11801,0.05906
3.48662,3.48672,3.48703,3.48755,3.48827,3.48920,3.49033,3.49168,3.49323,3.49499,3.49696,3.49914,3.50154,3.50414,3.50696,3.50999,3.51324,3.51670,3.52038,3.52428,3.52840,3.53274,3.53730,3.54209,3.54711,3.55235,3.55782,3.56352,3.56946,3.57563,3.58203,3.58867,3.59556,3.60268,3.61004,3.61765,3.62550,3.63360,3.64195,3.65054,3.65939,3.66848,3.67784,3.68744,3.69730,3.70741,3.71778,3.72840,3.73928,3.75041,3.76180,3.77345,3.78534,3.79749,3.80989,3.82254,3.83544,3.84858,3.86196,3.87558,3.88943,3.90351,3.91782,3.93234,3.94708,3.96203,3.97717,3.99251,4.00803,4.02372,4.03958,4.05559,4.07174,4.08802,4.10442,4.12091,4.13750,4.15415,4.17085,4.18759,4.20435,4.22109,4.23781,4.25449,4.27108,4.28759,4.30396,4.32019,4.33624,4.35208,4.36768,4.38301,4.39804,4.41274,4.42707,4.44100,4.45449,4.46751,4.48001,4.49197,4.50335,4.51410,4.52420,4.53361,4.54228,4.55019,4.55730,4.56357,4.56898,4.57349,4.57708,4.57971,4.58137,4.58203,4.58166,4.58026,4.57781,4.57430,4.56972,4.56407,4.55736,4.54957,4.54073,4.53085,4.51994,4.50802,4.49513,4.48128,4.46651,4.45086,4.43437,4.41709,4.39905,4.38031,4.36093,4.34095,4.32044,4.29945,4.27805,4.25630,4.23425,4.21198,4.18954,4.16700,4.14442,4.12187,4.09940,4.07707,4.05495,4.03308,4.01153,3.99035,3.96958,3.94928,3.92949,3.91026,3.89163,3.87363,3.85631,3.83969,3.82381,3.80870,3.79438,3.78087,3.76819,3.75637,3.74541,3.73539,3.72499,3.71570,3.70731,3.69992,3.69474,3.70334,4.17863,3.98158,3.76849,3.73426,3.72258,3.71820,3.71744,3.71901,3.72234,3.72715,3.73328,3.74063,3.74913,3.75873,3.76942,3.78114,3.79389,3.80763,3.82236,3.83804,3.85467,3.87222,3.89067,3.91001,3.93021,3.95126,3.97312,3.99579,4.01923,4.04342,4.06834,4.09395,4.12024,4.14718,4.17473,4.20287,4.23158,4.26081,4.29056,4.32077,4.35144,4.38253,4.41402,4.44589,4.47810,4.51065,4.54352,4.57668,4.61013,4.64386,4.67786,4.71212,4.74665,4.78146,4.81654,4.85190,4.88755,4.92350,4.95977,4.99636,5.03327,5.07051,5.10808,5.14595,5.18411,5.22251,5.26110,5.29979,5.33849,5.37705,5.41531,5.45308,5.49009,5.52606,5.56065,5.59348,5.62410,5.65202,5.67673,5.69764,5.71414,5.72563,5.73148,5.73106,5.72381,5.70919,5.68677,5.65619,5.61723,5.56979,5.51392,5.44984,5.37790,5.29860,5.21256,5.12052,5.02331,4.92178,4.81686,4.70945,4.60043,4.49064,4.38087,4.27182,4.16412,4.05831,3.95486,3.85412,3.75640,3.66190,3.57080,3.48316,3.39905,3.31845,3.24133,3.16762,3.09722,3.03002,2.96590,2.90472,2.84634,2.79059,2.73734,2.68643,2.63770,2.59102,2.54623,2.50318,2.46175,2.42179,2.38318,2.34579,2.30950,2.27419,2.23975,2.20607,2.17304,2.14057,2.10856,2.07692,2.04556,2.01438,1.98332,1.95228,1.92118,1.88997,1.85855,1.82687,1.79486,1.76244,1.72957,1.69618,1.66221,1.62762,1.59234,1.55634,1.51957,1.48198,1.44354,1.40421,1.36397,1.32277,1.28061,1.23747,1.19332,1.14815,1.10197,1.05476,1.00655,0.95732,0.90710,0.85592,0.80378,0.75073,0.69679,0.64201,0.58644,0.53012,0.47311,0.41547,0.35726,0.29855,0.23941,0.17990,0.12012,0.06012
3.50945,3.50956,3.50987,3.51040,3.51113,3.51207,3.51322,3.51459,3.51616,3.51795,3.51995,3.52216,3.52458,3.52722,3.53008,3.53315,3.53644,3.53995,3.54368,3.54762,3.55180,3.55619,3.56081,3.56565,3.57073,3.57603,3.58156,3.58732,3.59332,3.59955,3.60602,3.61272,3.61966,3.62684,3.63427,3.64194,3.64985,3.65800,3.66640,3.67505,3.68395,3.69309,3.70249,3.71213,3.72203,3.73217,3.74257,3.75322,3.76411,3.77526,3.78665,3.79829,3.81018,3.82231,3.83468,3.84729,3.86014,3.87322,3.88654,3.90007,3.91383,3.92781,3.94199,3.95639,3.97097,3.98575,4.00071,4.01585,4.03115,4.04660,4.06219,4.07792,4.09377,4.10972,4.12576,4.14188,4.15806,4.17428,4.19053,4.20678,4.22302,4.23922,4.25536,4.27142,4.28738,4.30321,4.31888,4.33436,4.34963,4.36466,4.37941,4.39386,4.40798,4.42172,4.43506,4.44797,4.46040,4.47233,4.48371,4.49451,4.50470,4.51425,4.52310,4.53124,4.53863,4.54522,4.55100,4.55594,4.55999,4.56313,4.56535,4.56661,4.56689,4.56618,4.56445,4.56171,4.55793,4.55311,4.54725,4.54036,4.53242,4.52346,4.51349,4.50252,4.49057,4.47768,4.46386,4.44915,4.43358,4.41720,4.40005,4.38217,4.36361,4.34443,4.32467,4.30439,4.28365,4.26252,4.24103,4.21927,4.19729,4.17515,4.15291,4.13063,4.10838,4.08621,4.06418,4.04235,4.02078,3.99951,3.97860,3.95810,3.93805,3.91851,3.89951,3.88110,3.86331,3.84619,3.82975,3.81404,3.79909,3.78491,3.77154,3.75899,3.74727,3.73641,3.72643,3.71738,3.70795,3.69963,3.69220,3.68576,3.68160,3.69203,4.25308,3.94985,3.75658,3.72483,3.71446,3.71113,3.71132,3.71380,3.71800,3.72367,3.73062,3.73878,3.74807,3.75845,3.76988,3.78234,3.79580,3.81025,3.82565,3.84199,3.85926,3.87743,3.89648,3.91640,3.93716,3.95874,3.98112,4.00428,4.02819,4.05283,4.07818,4.10420,4.13088,4.15818,4.18607,4.21454,4.24355,4.27307,4.30308,4.33354,4.36444,4.39575,4.42744,4.45949,4.49189,4.52460,4.55763,4.59094,4.62454,4.65841,4.69255,4.72695,4.76162,4.79656,4.83178,4.86727,4.90305,4.93913,4.97551,5.01219,5.04917,5.08646,5.12402,5.16184,5.19988,5.23808,5.27636,5.31462,5.35274,5.39055,5.42786,5.46444,5.50001,5.53424,5.56676,5.59716,5.62497,5.64968,5.67074,5.68757,5.69958,5.70615,5.70669,5.70063,5.68744,5.66670,5.63802,5.60118,5.55604,5.50264,5.44115,5.37187,5.29527,5.21193,5.12254,5.02789,4.92881,4.82618,4.72089,4.61381,4.50578,4.39757,4.28990,4.18341,4.07864,3.97607,3.87609,3.77900,3.68504,3.59439,3.50713,3.42334,3.34303,3.26616,3.19268,3.12251,3.05554,2.99165,2.93070,2.87257,2.81710,2.76415,2.71356,2.66519,2.61888,2.57451,2.53191,2.49096,2.45152,2.41345,2.37664,2.34097,2.30631,2.27255,2.23958,2.20730,2.17561,2.14441,2.11361,2.08311,2.05283,2.02269,1.99259,1.96247,1.93224,1.90184,1.87118,1.84021,1.80885,1.77704,1.74473,1.71184,1.67833,1.64413,1.60921,1.57350,1.53697,1.49957,1.46126,1.42202,1.38179,1.34057,1.29832,1.25502,1.21066,1.16523,1.11872,1.07113,1.02247,0.97275,0.92198,0.87018,0.81737,0.76360,0.70890,0.65330,0.59687,0.53964,0.48168,0.42306,0.36383,0.30407,0.24386,0.18326,0.12236,0.06125
3.53276,3.53287,3.53319,3.53372,3.53446,3.53541,3.53658,3.53796,3.53956,3.54136,3.54339,3.54563,3.54808,3.55075,3.55364,3.55675,3.56008,3.56362,3.56739,3.57139,3.57560,3.58004,3.58471,3.58960,3.59472,3.60007,3.60566,3.61147,3.61752,3.62380,3.63032,3.63707,3.64407,3.65130,3.65877,3.66648,3.67444,3.68264,3.69108,3.69976,3.70870,3.71787,3.72729,3.73696,3.74688,3.75704,3.76744,3.77809,3.78898,3.80012,3.81149,3.82311,3.83496,3.84705,3.85937,3.87192,3.88470,3.89770,3.91091,3.92434,3.93798,3.95182,3.96585,3.98008,3.99448,4.00906,4.02381,4.03870,4.05375,4.06892,4.08422,4.09963,4.11513,4.13072,4.14637,4.16207,4.17781,4.19356,4.20931,4.22503,4.24071,4.25633,4.27185,4.28727,4.30254,4.31765,4.33258,4.34728,4.36173,4.37591,4.38979,4.40332,4.41648,4.42924,4.44157,4.45342,4.46477,4.47558,4.48582,4.49545,4.50444,4.51276,4.52037,4.52724,4.53333,4.53863,4.54309,4.54668,4.54940,4.55120,4.55207,4.55198,4.55093,4.54889,4.54585,4.54181,4.53676,4.53070,4.52362,4.51554,4.50646,4.49640,4.48538,4.47340,4.46051,4.44672,4.43206,4.41658,4.40031,4.38329,4.36556,4.34718,4.32819,4.30864,4.28860,4.26810,4.24722,4.22601,4.20453,4.18283,4.16098,4.13904,4.11706,4.09511,4.07323,4.05150,4.02996,4.00867,3.98768,3.96705,3.94681,3.92702,3.90772,3.88895,3.87076,3.85318,3.83625,3.82000,3.80447,3.78967,3.77564,3.76240,3.74997,3.73836,3.72761,3.71771,3.70868,3.70058,3.69211,3.68474,3.67826,3.67277,3.66960,3.68191,4.34774,3.92177,3.74590,3.71650,3.70739,3.70508,3.70621,3.70957,3.71463,3.72112,3.72889,3.73783,3.74790,3.75903,3.77120,3.78437,3.79853,3.81365,3.82971,3.84670,3.86458,3.88335,3.90299,3.92347,3.94477,3.96687,3.98975,4.01338,4.03775,4.06283,4.08859,4.11500,4.14205,4.16970,4.19793,4.22670,4.25600,4.28579,4.31606,4.34676,4.37788,4.40939,4.44128,4.47351,4.50608,4.53896,4.57213,4.60560,4.63934,4.67334,4.70762,4.74215,4.77695,4.81202,4.84736,4.88297,4.91886,4.95503,4.99149,5.02822,5.06524,5.10250,5.14000,5.17769,5.21551,5.25340,5.29125,5.32895,5.36633,5.40322,5.43938,5.47456,5.50844,5.54068,5.57087,5.59857,5.62329,5.64450,5.66165,5.67415,5.68142,5.68288,5.67797,5.66617,5.64705,5.62022,5.58544,5.54256,5.49157,5.43261,5.36596,5.29202,5.21135,5.12459,5.03248,4.93583,4.83550,4.73234,4.62721,4.52095,4.41432,4.30805,4.20277,4.09905,3.99738,3.89816,3.80171,3.70829,3.61807,3.53119,3.44772,3.36768,3.29105,3.21779,3.14782,3.08105,3.01736,2.95664,2.89873,2.84352,2.79084,2.74055,2.69251,2.64657,2.60258,2.56041,2.51992,2.48097,2.44344,2.40719,2.37211,2.33809,2.30500,2.27273,2.24119,2.21027,2.17988,2.14991,2.12027,2.09089,2.06166,2.03251,2.00337,1.97414,1.94475,1.91514,1.88523,1.85495,1.82424,1.79302,1.76125,1.72885,1.69578,1.66198,1.62739,1.59197,1.55566,1.51844,1.48025,1.44107,1.40085,1.35957,1.31721,1.27374,1.22915,1.18342,1.13656,1.08856,1.03943,0.98917,0.93780,0.88535,0.83183,0.77730,0.72177,0.66531,0.60795,0.54976,0.49080,0.43112,0.37081,0.30994,0.24859,0.18683,0.12476,0.06245
3.55652,3.55662,3.55694,3.55748,3.55823,3.55920,3.56038,3.56177,3.56338,3.56521,3.56726,3.56952,3.57200,3.57470,3.57762,3.58075,3.58411,3.58770,3.59150,3.59553,3.59978,3.60426,3.60897,3.61390,3.61906,3.62446,3.63008,3.63594,3.64202,3.64835,3.65491,3.66170,3.66873,3.67600,3.68351,3.69125,3.69924,3.70746,3.71593,3.72464,3.73359,3.74278,3.75222,3.76189,3.77180,3.78196,3.79235,3.80299,3.81385,3.82496,3.83629,3.84786,3.85966,3.87168,3.88392,3.89639,3.90906,3.92195,3.93505,3.94834,3.96182,3.97550,3.98935,4.00338,4.01757,4.03192,4.04641,4.06104,4.07579,4.09065,4.10562,4.12067,4.13579,4.15098,4.16620,4.18145,4.19670,4.21194,4.22716,4.24232,4.25740,4.27239,4.28726,4.30199,4.31654,4.33090,4.34504,4.35893,4.37253,4.38583,4.39879,4.41137,4.42355,4.43530,4.44658,4.45736,4.46761,4.47729,4.48637,4.49482,4.50260,4.50969,4.51604,4.52164,4.52646,4.53045,4.53361,4.53589,4.53729,4.53778,4.53733,4.53594,4.53359,4.53027,4.52597,4.52069,4.51443,4.50718,4.49895,4.48976,4.47962,4.46853,4.45653,4.44364,4.42987,4.41527,4.39987,4.38371,4.36682,4.34924,4.33103,4.31224,4.29290,4.27308,4.25283,4.23220,4.21126,4.19005,4.16863,4.14707,4.12542,4.10373,4.08207,4.06050,4.03906,4.01781,3.99680,3.97609,3.95572,3.93575,3.91621,3.89715,3.87862,3.86065,3.84328,3.82654,3.81048,3.79511,3.78047,3.76659,3.75348,3.74117,3.72968,3.71902,3.70921,3.70025,3.69218,3.68503,3.67750,3.67106,3.66551,3.66095,3.65876,3.67301,4.46735,3.89694,3.73645,3.70927,3.70140,3.70009,3.70213,3.70635,3.71225,3.71955,3.72810,3.73782,3.74863,3.76050,3.77338,3.78726,3.80209,3.81788,3.83458,3.85219,3.87068,3.89003,3.91023,3.93125,3.95307,3.97568,3.99904,4.02314,4.04795,4.07344,4.09960,4.12640,4.15380,4.18179,4.21033,4.23941,4.26899,4.29904,4.32955,4.36048,4.39182,4.42353,4.45560,4.48801,4.52074,4.55378,4.58710,4.62070,4.65458,4.68872,4.72312,4.75778,4.79270,4.82788,4.86332,4.89903,4.93500,4.97124,5.00774,5.04449,5.08147,5.11866,5.15602,5.19349,5.23100,5.26846,5.30575,5.34273,5.37921,5.41498,5.44979,5.48335,5.51531,5.54531,5.57290,5.59763,5.61898,5.63643,5.64941,5.65736,5.65971,5.65591,5.64545,5.62790,5.60287,5.57009,5.52940,5.48077,5.42429,5.36022,5.28891,5.21087,5.12670,5.03713,4.94290,4.84486,4.74384,4.64067,4.53619,4.43115,4.32628,4.22224,4.11958,4.01882,3.92036,3.82455,3.73167,3.64190,3.55538,3.47222,3.39243,3.31603,3.24297,3.17319,3.10660,3.04310,2.98256,2.92487,2.86988,2.81745,2.76744,2.71970,2.67410,2.63048,2.58871,2.54866,2.51019,2.47316,2.43746,2.40296,2.36955,2.33712,2.30554,2.27473,2.24457,2.21496,2.18582,2.15705,2.12855,2.10025,2.07205,2.04388,2.01566,1.98731,1.95875,1.92992,1.90073,1.87113,1.84105,1.81042,1.77917,1.74726,1.71462,1.68120,1.64693,1.61179,1.57570,1.53864,1.50056,1.46142,1.42119,1.37984,1.33735,1.29368,1.24884,1.20279,1.15555,1.10710,1.05746,1.00663,0.95463,0.90148,0.84721,0.79186,0.73546,0.67807,0.61974,0.56052,0.50048,0.43970,0.37824,0.31619,0.25362,0.19063,0.12730,0.06372
3.58048,3.58059,3.58092,3.58146,3.58222,3.58319,3.58438,3.58579,3.58741,3.58926,3.59132,3.59360,3.59611,3.59883,3.60177,3.60493,3.60832,3.61193,3.61576,3.61982,3.62411,3.62862,3.63335,3.63832,3.64351,3.64894,3.65459,3.66048,3.66660,3.67295,3.67954,3.68636,3.69342,3.70071,3.70824,3.71600,3.72401,3.73225,3.74072,3.74944,3.75839,3.76758,3.77700,3.78667,3.79656,3.80669,3.81706,3.82765,3.83847,3.84952,3.86080,3.87229,3.88401,3.89594,3.90808,3.92043,3.93298,3.94573,3.95867,3.97180,3.98510,3.99858,4.01222,4.02602,4.03996,4.05404,4.06825,4.08257,4.09700,4.11152,4.12611,4.14077,4.15548,4.17022,4.18498,4.19973,4.21447,4.22917,4.24380,4.25836,4.27281,4.28714,4.30131,4.31531,4.32911,4.34269,4.35601,4.36904,4.38177,4.39415,4.40616,4.41777,4.42895,4.43966,4.44987,4.45956,4.46869,4.47722,4.48513,4.49239,4.49896,4.50482,4.50993,4.51427,4.51781,4.52052,4.52239,4.52339,4.52350,4.52270,4.52098,4.51833,4.51473,4.51018,4.50467,4.49821,4.49080,4.48243,4.47313,4.46290,4.45176,4.43974,4.42684,4.41311,4.39856,4.38324,4.36718,4.35042,4.33300,4.31496,4.29635,4.27723,4.25763,4.23762,4.21724,4.19656,4.17562,4.15448,4.13320,4.11184,4.09045,4.06908,4.04780,4.02665,4.00569,3.98496,3.96453,3.94443,3.92472,3.90543,3.88662,3.86831,3.85057,3.83340,3.81687,3.80099,3.78579,3.77131,3.75757,3.74460,3.73241,3.72103,3.71047,3.70075,3.69187,3.68386,3.67672,3.67050,3.66390,3.65839,3.65375,3.65011,3.64889,3.66513,4.61725,3.87483,3.72802,3.70296,3.69628,3.69594,3.69887,3.70394,3.71065,3.71874,3.72807,3.73853,3.75008,3.76266,3.77624,3.79079,3.80629,3.82272,3.84005,3.85826,3.87733,3.89725,3.91800,3.93955,3.96188,3.98497,4.00879,4.03334,4.05857,4.08447,4.11101,4.13817,4.16592,4.19423,4.22308,4.25244,4.28229,4.31259,4.34333,4.37449,4.40602,4.43793,4.47018,4.50276,4.53564,4.56883,4.60229,4.63603,4.67003,4.70429,4.73881,4.77358,4.80860,4.84388,4.87941,4.91518,4.95121,4.98748,5.02397,5.06068,5.09757,5.13461,5.17174,5.20889,5.24598,5.28288,5.31947,5.35556,5.39096,5.42542,5.45867,5.49037,5.52018,5.54767,5.57241,5.59390,5.61164,5.62508,5.63368,5.63688,5.63415,5.62499,5.60895,5.58566,5.55483,5.51628,5.46995,5.41591,5.35437,5.28564,5.21020,5.12862,5.04156,4.94975,4.85400,4.75512,4.65393,4.55124,4.44782,4.34438,4.24158,4.14000,4.04016,3.94248,3.84733,3.75498,3.66566,3.57951,3.49665,3.41712,3.34093,3.26806,3.19845,3.13202,3.06869,3.00833,2.95083,2.89604,2.84384,2.79409,2.74664,2.70135,2.65808,2.61669,2.57706,2.53904,2.50250,2.46733,2.43340,2.40059,2.36879,2.33789,2.30779,2.27838,2.24956,2.22123,2.19331,2.16571,2.13832,2.11108,2.08389,2.05668,2.02937,2.00188,1.97414,1.94607,1.91760,1.88867,1.85921,1.82916,1.79844,1.76700,1.73479,1.70173,1.66779,1.63291,1.59704,1.56013,1.52215,1.48305,1.44279,1.40136,1.35872,1.31484,1.26972,1.22333,1.17568,1.12676,1.07657,1.02513,0.97246,0.91857,0.86350,0.80728,0.74997,0.69159,0.63223,0.57192,0.51075,0.44879,0.38611,0.32280,0.25895,0.19465,0.12999,0.06508
3.60455,3.60466,3.60499,3.60553,3.60629,3.60728,3.60848,3.60989,3.61153,3.61339,3.61547,3.61776,3.62028,3.62302,3.62599,3.62917,3.63258,3.63621,3.64006,3.64415,3.64845,3.65299,3.65775,3.66274,3.66795,3.67340,3.67908,3.68498,3.69112,3.69749,3.70410,3.71093,3.71800,3.72530,3.73284,3.74061,3.74861,3.75685,3.76532,3.77403,3.78296,3.79213,3.80153,3.81116,3.82102,3.83110,3.84141,3.85195,3.86270,3.87368,3.88486,3.89626,3.90787,3.91969,3.93170,3.94391,3.95631,3.96889,3.98165,3.99458,4.00767,4.02092,4.03432,4.04786,4.06152,4.07530,4.08919,4.10318,4.11724,4.13138,4.14557,4.15980,4.17405,4.18832,4.20257,4.21680,4.23098,4.24509,4.25911,4.27303,4.28681,4.30044,4.31388,4.32713,4.34014,4.35289,4.36536,4.37751,4.38933,4.40077,4.41181,4.42242,4.43257,4.44222,4.45136,4.45994,4.46793,4.47531,4.48205,4.48811,4.49347,4.49810,4.50198,4.50507,4.50736,4.50881,4.50942,4.50916,4.50802,4.50597,4.50302,4.49915,4.49435,4.48863,4.48197,4.47439,4.46589,4.45648,4.44618,4.43499,4.42294,4.41005,4.39634,4.38185,4.36662,4.35066,4.33402,4.31675,4.29888,4.28046,4.26154,4.24217,4.22239,4.20227,4.18184,4.16117,4.14031,4.11932,4.09825,4.07714,4.05607,4.03507,4.01421,3.99354,3.97309,3.95294,3.93311,3.91365,3.89462,3.87605,3.85798,3.84046,3.82350,3.80717,3.79147,3.77645,3.76213,3.74854,3.73570,3.72364,3.71237,3.70191,3.69228,3.68348,3.67554,3.66845,3.66223,3.65694,3.65126,3.64665,3.64292,3.64017,3.63991,3.65822,4.80324,3.85509,3.72051,3.69748,3.69195,3.69257,3.69637,3.70226,3.70977,3.71863,3.72871,3.73991,3.75217,3.76545,3.77971,3.79492,3.81106,3.82811,3.84605,3.86485,3.88449,3.90496,3.92623,3.94829,3.97111,3.99467,4.01895,4.04392,4.06956,4.09585,4.12276,4.15027,4.17835,4.20697,4.23611,4.26574,4.29585,4.32639,4.35735,4.38871,4.42045,4.45253,4.48495,4.51769,4.55072,4.58404,4.61764,4.65150,4.68562,4.71999,4.75461,4.78948,4.82459,4.85993,4.89552,4.93134,4.96738,5.00363,5.04007,5.07668,5.11341,5.15021,5.18702,5.22375,5.26028,5.29649,5.33221,5.36725,5.40138,5.43433,5.46579,5.49541,5.52281,5.54755,5.56918,5.58720,5.60108,5.61030,5.61432,5.61263,5.60471,5.59015,5.56854,5.53960,5.50313,5.45905,5.40739,5.34833,5.28215,5.20928,5.13025,5.04569,4.95630,4.86284,4.76611,4.66691,4.56603,4.46423,4.36224,4.26071,4.16024,4.06134,3.96446,3.86997,3.77817,3.68930,3.60352,3.52096,3.44168,3.36570,3.29300,3.22356,3.15729,3.09410,3.03390,2.97657,2.92197,2.86998,2.82046,2.77327,2.72828,2.68534,2.64431,2.60507,2.56748,2.53142,2.49676,2.46337,2.43115,2.39997,2.36974,2.34033,2.31166,2.28361,2.25610,2.22902,2.20230,2.17583,2.14954,2.12334,2.09715,2.07088,2.04447,2.01783,1.99089,1.96358,1.93583,1.90757,1.87872,1.84924,1.81904,1.78808,1.75628,1.72360,1.68998,1.65536,1.61969,1.58293,1.54504,1.50596,1.46568,1.42414,1.38134,1.33723,1.29181,1.24506,1.19698,1.14755,1.09679,1.04471,0.99132,0.93666,0.88074,0.82361,0.76532,0.70591,0.64545,0.58400,0.52163,0.45842,0.39445,0.32981,0.26460,0.19891,0.13285,0.06651
3.62863,3.62874,3.62907,3.62962,3.63038,3.63137,3.63258,3.63401,3.63565,3.63752,3.63961,3.64192,3.64445,3.64720,3.65018,3.65338,3.65680,3.66045,3.66432,3.66841,3.67274,3.67728,3.68206,3.68706,3.69229,3.69775,3.70344,3.70936,3.71550,3.72188,3.72849,3.73533,3.74239,3.74969,3.75722,3.76498,3.77297,3.78119,3.78964,3.79831,3.80722,3.81635,3.82570,3.83528,3.84508,3.85510,3.86533,3.87578,3.88645,3.89732,3.90840,3.91968,3.93116,3.94283,3.95468,3.96672,3.97894,3.99133,4.00388,4.01658,4.02943,4.04243,4.05555,4.06879,4.08214,4.09559,4.10913,4.12274,4.13641,4.15013,4.16388,4.17764,4.19141,4.20516,4.21887,4.23253,4.24612,4.25961,4.27299,4.28623,4.29931,4.31220,4.32488,4.33733,4.34952,4.36143,4.37301,4.38426,4.39514,4.40561,4.41566,4.42525,4.43435,4.44294,4.45098,4.45844,4.46530,4.47152,4.47708,4.48195,4.48611,4.48952,4.49217,4.49403,4.49509,4.49531,4.49469,4.49320,4.49084,4.48760,4.48346,4.47843,4.47249,4.46565,4.45791,4.44928,4.43976,4.42938,4.41814,4.40607,4.39318,4.37951,4.36508,4.34992,4.33407,4.31756,4.30044,4.28274,4.26451,4.24579,4.22664,4.20710,4.18722,4.16706,4.14665,4.12607,4.10536,4.08457,4.06376,4.04297,4.02227,4.00170,3.98131,3.96115,3.94126,3.92170,3.90251,3.88374,3.86541,3.84758,3.83027,3.81354,3.79740,3.78190,3.76705,3.75290,3.73946,3.72676,3.71482,3.70367,3.69331,3.68377,3.67506,3.66718,3.66016,3.65399,3.64868,3.64429,3.63952,3.63581,3.63296,3.63109,3.63178,3.65223,5.03017,3.83744,3.71389,3.69279,3.68840,3.68994,3.69459,3.70129,3.70958,3.71920,3.73001,3.74193,3.75489,3.76884,3.78376,3.79962,3.81639,3.83405,3.85257,3.87194,3.89213,3.91314,3.93492,3.95747,3.98077,4.00478,4.02949,4.05488,4.08092,4.10758,4.13484,4.16269,4.19108,4.22000,4.24942,4.27931,4.30966,4.34043,4.37161,4.40316,4.43508,4.46734,4.49992,4.53280,4.56597,4.59942,4.63314,4.66712,4.70134,4.73581,4.77051,4.80545,4.84062,4.87602,4.91163,4.94745,4.98346,5.01965,5.05598,5.09241,5.12890,5.16538,5.20176,5.23794,5.27379,5.30916,5.34386,5.37766,5.41032,5.44154,5.47099,5.49829,5.52304,5.54479,5.56307,5.57737,5.58719,5.59199,5.59128,5.58457,5.57142,5.55144,5.52433,5.48988,5.44799,5.39865,5.34202,5.27835,5.20801,5.13151,5.04943,4.96244,4.87127,4.77670,4.67949,4.58044,4.48030,4.37978,4.27955,4.18020,4.08226,3.98619,3.89239,3.80116,3.71275,3.62735,3.54510,3.46606,3.39028,3.31777,3.24847,3.18234,3.11930,3.05924,3.00206,2.94764,2.89584,2.84653,2.79959,2.75487,2.71224,2.67156,2.63269,2.59552,2.55991,2.52574,2.49288,2.46123,2.43066,2.40107,2.37235,2.34440,2.31712,2.29041,2.26418,2.23833,2.21277,2.18743,2.16221,2.13704,2.11183,2.08650,2.06097,2.03518,2.00904,1.98249,1.95545,1.92785,1.89962,1.87071,1.84104,1.81054,1.77917,1.74686,1.71355,1.67919,1.64373,1.60711,1.56930,1.53025,1.48992,1.44828,1.40530,1.36095,1.31521,1.26807,1.21953,1.16957,1.11820,1.06544,1.01131,0.95582,0.89900,0.84091,0.78159,0.72109,0.65946,0.59680,0.53315,0.46862,0.40329,0.33725,0.27060,0.20344,0.13588,0.06803
3.65250,3.65261,3.65294,3.65349,3.65426,3.65525,3.65646,3.65789,3.65954,3.66142,3.66351,3.66583,3.66837,3.67113,3.67412,3.67732,3.68075,3.68441,3.68829,3.69239,3.69672,3.70128,3.70606,3.71107,3.71630,3.72176,3.72745,3.73336,3.73951,3.74588,3.75248,3.75930,3.76635,3.77363,3.78114,3.78887,3.79683,3.80502,3.81342,3.82205,3.83091,3.83998,3.84927,3.85877,3.86849,3.87842,3.88856,3.89891,3.90946,3.92021,3.93115,3.94229,3.95360,3.96511,3.97678,3.98862,4.00063,4.01279,4.02510,4.03755,4.05013,4.06283,4.07565,4.08856,4.10157,4.11465,4.12780,4.14101,4.15425,4.16751,4.18079,4.19405,4.20730,4.22050,4.23364,4.24670,4.25966,4.27250,4.28519,4.29772,4.31006,4.32219,4.33408,4.34571,4.35705,4.36808,4.37876,4.38907,4.39899,4.40848,4.41751,4.42607,4.43411,4.44162,4.44855,4.45489,4.46061,4.46567,4.47007,4.47375,4.47672,4.47893,4.48038,4.48104,4.48088,4.47991,4.47809,4.47542,4.47189,4.46750,4.46223,4.45608,4.44906,4.44116,4.43241,4.42279,4.41234,4.40105,4.38896,4.37609,4.36245,4.34808,4.33300,4.31726,4.30088,4.28390,4.26637,4.24833,4.22982,4.21089,4.19158,4.17195,4.15204,4.13191,4.11160,4.09117,4.07066,4.05014,4.02965,4.00923,3.98895,3.96884,3.94897,3.92936,3.91007,3.89115,3.87263,3.85455,3.83695,3.81988,3.80335,3.78742,3.77211,3.75745,3.74346,3.73018,3.71762,3.70581,3.69477,3.68452,3.67507,3.66644,3.65864,3.65168,3.64556,3.64030,3.63589,3.63240,3.62852,3.62569,3.62371,3.62271,3.62434,3.64701,5.29884,3.82154,3.70796,3.68872,3.68542,3.68787,3.69335,3.70084,3.70989,3.72025,3.73178,3.74439,3.75803,3.77265,3.78822,3.80470,3.82208,3.84032,3.85942,3.87934,3.90007,3.92159,3.94387,3.96689,3.99064,4.01510,4.04023,4.06601,4.09242,4.11945,4.14705,4.17521,4.20391,4.23311,4.26279,4.29293,4.32351,4.35450,4.38587,4.41762,4.44971,4.48212,4.51485,4.54787,4.58117,4.61474,4.64856,4.68263,4.71695,4.75149,4.78626,4.82125,4.85646,4.89187,4.92747,4.96325,4.99918,5.03524,5.07139,5.10757,5.14373,5.17978,5.21562,5.25113,5.28615,5.32052,5.35402,5.38640,5.41739,5.44667,5.47388,5.49863,5.52050,5.53903,5.55373,5.56411,5.56967,5.56991,5.56435,5.55257,5.53416,5.50883,5.47635,5.43658,5.38952,5.33527,5.27406,5.20623,5.13223,5.05261,4.96802,4.87914,4.78673,4.69154,4.59434,4.49587,4.39685,4.29794,4.19973,4.10279,4.00756,3.91446,3.82381,3.73588,3.65087,3.56892,3.49014,3.41457,3.34222,3.27307,3.20707,3.14415,3.08423,3.02719,2.97292,2.92129,2.87219,2.82547,2.78101,2.73866,2.69830,2.65980,2.62302,2.58785,2.55415,2.52180,2.49070,2.46072,2.43177,2.40372,2.37648,2.34995,2.32403,2.29862,2.27364,2.24900,2.22460,2.20037,2.17621,2.15205,2.12781,2.10341,2.07877,2.05382,2.02848,2.00268,1.97635,1.94942,1.92182,1.89348,1.86433,1.83432,1.80337,1.77143,1.73844,1.70434,1.66909,1.63262,1.59488,1.55585,1.51547,1.47371,1.43054,1.38594,1.33987,1.29232,1.24330,1.19278,1.14078,1.08731,1.03238,0.97603,0.91828,0.85917,0.79876,0.73710,0.67426,0.61031,0.54533,0.47941,0.41263,0.34510,0.27693,0.20822,0.13908,0.06963
3.67607,3.67618,3.67651,3.67706,3.67784,3.67883,3.68004,3.68148,3.68313,3.68501,3.68711,3.68943,3.69197,3.69473,3.69772,3.70093,3.70436,3.70802,3.71190,3.71600,3.72033,3.72489,3.72966,3.73466,3.73989,3.74534,3.75102,3.75692,3.76305,3.76940,3.77598,3.78278,3.78980,3.79705,3.80452,3.81221,3.82012,3.82825,3.83660,3.84517,3.85395,3.86294,3.87215,3.88156,3.89118,3.90100,3.91102,3.92124,3.93165,3.94225,3.95304,3.96400,3.97514,3.98644,3.99790,4.00952,4.02129,4.03320,4.04524,4.05740,4.06968,4.08206,4.09454,4.10710,4.11972,4.13241,4.14514,4.15790,4.17068,4.18346,4.19623,4.20896,4.22165,4.23427,4.24680,4.25923,4.27153,4.28368,4.29566,4.30746,4.31903,4.33036,4.34144,4.35222,4.36268,4.37281,4.38256,4.39192,4.40086,4.40935,4.41736,4.42487,4.43185,4.43826,4.44409,4.44931,4.45389,4.45781,4.46104,4.46356,4.46535,4.46639,4.46666,4.46614,4.46482,4.46268,4.45971,4.45590,4.45125,4.44575,4.43941,4.43221,4.42417,4.41529,4.40558,4.39506,4.38373,4.37163,4.35876,4.34516,4.33085,4.31586,4.30022,4.28397,4.26715,4.24979,4.23193,4.21363,4.19492,4.17585,4.15646,4.13681,4.11694,4.09691,4.07676,4.05654,4.03630,4.01610,3.99597,3.97598,3.95616,3.93657,3.91724,3.89822,3.87956,3.86130,3.84347,3.82611,3.80926,3.79296,3.77724,3.76212,3.74764,3.73382,3.72070,3.70829,3.69661,3.68569,3.67555,3.66620,3.65765,3.64992,3.64302,3.63696,3.63174,3.62737,3.62386,3.62125,3.61824,3.61628,3.61516,3.61501,3.61756,3.64256,5.60110,3.80721,3.70269,3.68524,3.68301,3.68635,3.69264,3.70090,3.71069,3.72177,3.73400,3.74730,3.76160,3.77686,3.79305,3.81014,3.82811,3.84693,3.86658,3.88704,3.90828,3.93030,3.95306,3.97654,4.00073,4.02560,4.05113,4.07730,4.10408,4.13144,4.15937,4.18784,4.21682,4.24629,4.27622,4.30660,4.33739,4.36858,4.40015,4.43206,4.46431,4.49687,4.52973,4.56288,4.59629,4.62996,4.66388,4.69803,4.73242,4.76702,4.80183,4.83685,4.87205,4.90744,4.94299,4.97868,5.01448,5.05035,5.08624,5.12209,5.15782,5.19333,5.22851,5.26321,5.29726,5.33046,5.36258,5.39335,5.42246,5.44958,5.47434,5.49632,5.51508,5.53017,5.54110,5.54738,5.54853,5.54409,5.53362,5.51674,5.49314,5.46256,5.42487,5.38004,5.32812,5.26933,5.20396,5.13244,5.05527,4.97306,4.88648,4.79624,4.70307,4.60774,4.51097,4.41347,4.31590,4.21887,4.12293,4.02857,3.93619,3.84614,3.75869,3.67408,3.59245,3.51392,3.43855,3.36637,3.29736,3.23148,3.16868,3.10887,3.05195,2.99782,2.94635,2.89743,2.85091,2.80669,2.76461,2.72455,2.68639,2.64998,2.61522,2.58197,2.55012,2.51955,2.49015,2.46180,2.43441,2.40787,2.38207,2.35693,2.33234,2.30822,2.28447,2.26101,2.23776,2.21462,2.19151,2.16836,2.14509,2.12161,2.09786,2.07375,2.04921,2.02417,1.99855,1.97229,1.94531,1.91755,1.88894,1.85941,1.82889,1.79733,1.76466,1.73083,1.69578,1.65946,1.62181,1.58279,1.54236,1.50048,1.45712,1.41224,1.36582,1.31786,1.26833,1.21723,1.16457,1.11035,1.05460,0.99733,0.93860,0.87843,0.81688,0.75401,0.68988,0.62458,0.55819,0.49079,0.42250,0.35340,0.28362,0.21327,0.14246,0.07133
3.69926,3.69937,3.69970,3.70025,3.70102,3.70201,3.70323,3.70466,3.70632,3.70819,3.71029,3.71261,3.71515,3.71791,3.72089,3.72410,3.72753,3.73118,3.73505,3.73915,3.74347,3.74801,3.75277,3.75776,3.76297,3.76840,3.77406,3.77993,3.78603,3.79235,3.79889,3.80565,3.81263,3.81983,3.82725,3.83488,3.84273,3.85079,3.85906,3.86754,3.87623,3.88513,3.89423,3.90353,3.91303,3.92272,3.93260,3.94267,3.95292,3.96335,3.97394,3.98471,3.99564,4.00672,4.01795,4.02931,4.04082,4.05244,4.06418,4.07603,4.08798,4.10001,4.11211,4.12428,4.13650,4.14875,4.16103,4.17332,4.18561,4.19787,4.21010,4.22227,4.23436,4.24637,4.25826,4.27003,4.28164,4.29307,4.30432,4.31534,4.32612,4.33664,4.34686,4.35677,4.36634,4.37555,4.38436,4.39275,4.40070,4.40817,4.41515,4.42161,4.42751,4.43284,4.43757,4.44167,4.44512,4.44790,4.44999,4.45136,4.45200,4.45189,4.45101,4.44935,4.44689,4.44363,4.43955,4.43466,4.42894,4.42240,4.41503,4.40685,4.39785,4.38806,4.37747,4.36611,4.35399,4.34114,4.32758,4.31333,4.29843,4.28290,4.26678,4.25011,4.23292,4.21526,4.19716,4.17867,4.15983,4.14069,4.12129,4.10169,4.08193,4.06206,4.04213,4.02218,4.00227,3.98243,3.96273,3.94320,3.92389,3.90484,3.88610,3.86770,3.84970,3.83212,3.81501,3.79839,3.78231,3.76679,3.75187,3.73758,3.72394,3.71098,3.69872,3.68718,3.67638,3.66635,3.65710,3.64864,3.64099,3.63415,3.62815,3.62298,3.61864,3.61516,3.61252,3.61078,3.60863,3.60753,3.60725,3.60794,3.61140,3.63883,5.91262,3.79428,3.69804,3.68231,3.68112,3.68533,3.69241,3.70143,3.71194,3.72372,3.73663,3.75059,3.76554,3.78143,3.79823,3.81592,3.83445,3.85383,3.87401,3.89499,3.91674,3.93923,3.96245,3.98638,4.01100,4.03627,4.06219,4.08872,4.11584,4.14353,4.17177,4.20052,4.22978,4.25950,4.28967,4.32027,4.35127,4.38265,4.41438,4.44646,4.47886,4.51155,4.54454,4.57779,4.61130,4.64506,4.67905,4.71327,4.74770,4.78233,4.81716,4.85217,4.88734,4.92267,4.95812,4.99366,5.02926,5.06486,5.10042,5.13584,5.17104,5.20590,5.24028,5.27403,5.30694,5.33881,5.36936,5.39832,5.42535,5.45011,5.47219,5.49118,5.50663,5.51808,5.52505,5.52708,5.52371,5.51451,5.49910,5.47716,5.44843,5.41277,5.37010,5.32048,5.26406,5.20112,5.13204,5.05730,4.97746,4.89317,4.80510,4.71397,4.62052,4.52547,4.42951,4.33332,4.23750,4.14260,4.04912,3.95748,3.86805,3.78111,3.69691,3.61560,3.53733,3.46217,3.39015,3.32128,3.25552,3.19282,3.13312,3.07631,3.02230,2.97098,2.92221,2.87589,2.83188,2.79005,2.75027,2.71243,2.67638,2.64201,2.60919,2.57781,2.54776,2.51891,2.49116,2.46440,2.43854,2.41347,2.38909,2.36530,2.34203,2.31917,2.29664,2.27435,2.25222,2.23017,2.20811,2.18597,2.16366,2.14111,2.11824,2.09497,2.07124,2.04696,2.02207,1.99649,1.97014,1.94297,1.91490,1.88586,1.85578,1.82461,1.79228,1.75872,1.72388,1.68771,1.65015,1.61115,1.57066,1.52865,1.48509,1.43993,1.39316,1.34475,1.29470,1.24299,1.18963,1.13464,1.07802,1.01981,0.96004,0.89875,0.83600,0.77185,0.70638,0.63965,0.57177,0.50283,0.43292,0.36217,0.29069,0.21861,0.14604,0.07313
3.72192,3.72203,3.72236,3.72291,3.72368,3.72467,3.72588,3.72731,3.72896,3.73084,3.73293,3.73524,3.73778,3.74053,3.74351,3.74670,3.75012,3.75376,3.75761,3.76169,3.76599,3.77051,3.77525,3.78022,3.78540,3.79080,3.79642,3.80226,3.80831,3.81459,3.82108,3.82778,3.83471,3.84184,3.84919,3.85674,3.86451,3.87248,3.88066,3.88904,3.89763,3.90641,3.91538,3.92455,3.93390,3.94344,3.95316,3.96305,3.97311,3.98334,3.99373,4.00427,4.01496,4.02580,4.03676,4.04785,4.05906,4.07037,4.08179,4.09329,4.10487,4.11652,4.12822,4.13997,4.15175,4.16355,4.17534,4.18713,4.19889,4.21060,4.22226,4.23383,4.24531,4.25667,4.26790,4.27897,4.28986,4.30056,4.31103,4.32126,4.33123,4.34090,4.35026,4.35928,4.36793,4.37620,4.38405,4.39147,4.39841,4.40487,4.41081,4.41621,4.42104,4.42529,4.42892,4.43192,4.43426,4.43592,4.43688,4.43713,4.43665,4.43542,4.43343,4.43066,4.42711,4.42278,4.41764,4.41171,4.40498,4.39745,4.38913,4.38003,4.37015,4.35950,4.34811,4.33599,4.32315,4.30963,4.29545,4.28064,4.26522,4.24924,4.23272,4.21570,4.19823,4.18033,4.16206,4.14346,4.12457,4.10543,4.08610,4.06661,4.04702,4.02737,4.00771,3.98809,3.96855,3.94913,3.92989,3.91087,3.89210,3.87363,3.85551,3.83777,3.82044,3.80357,3.78719,3.77133,3.75603,3.74132,3.72721,3.71375,3.70095,3.68885,3.67745,3.66678,3.65687,3.64772,3.63935,3.63178,3.62501,3.61906,3.61394,3.60965,3.60619,3.60358,3.60180,3.60092,3.59962,3.59935,3.59990,3.60142,3.60578,3.63576,6.18841,3.78255,3.69392,3.67984,3.67967,3.68472,3.69258,3.70234,3.71356,3.72602,3.73960,3.75420,3.76978,3.78628,3.80367,3.82193,3.84102,3.86093,3.88164,3.90312,3.92534,3.94830,3.97197,3.99632,4.02134,4.04701,4.07329,4.10017,4.12762,4.15563,4.18415,4.21319,4.24269,4.27266,4.30305,4.33386,4.36504,4.39660,4.42849,4.46072,4.49324,4.52606,4.55915,4.59250,4.62609,4.65992,4.69397,4.72822,4.76267,4.79731,4.83212,4.86709,4.90219,4.93740,4.97269,5.00803,5.04336,5.07862,5.11374,5.14864,5.18319,5.21727,5.25072,5.28336,5.31498,5.34532,5.37413,5.40107,5.42582,5.44800,5.46720,5.48300,5.49494,5.50257,5.50544,5.50309,5.49512,5.48113,5.46079,5.43387,5.40016,5.35961,5.31222,5.25813,5.19758,5.13092,5.05858,4.98111,4.89910,4.81321,4.72413,4.63258,4.53927,4.44489,4.35010,4.25550,4.16168,4.06911,3.97825,3.88945,3.80304,3.71926,3.63830,3.56030,3.48535,3.41350,3.34476,3.27911,3.21652,3.15691,3.10020,3.04630,2.99510,2.94649,2.90033,2.85652,2.81492,2.77541,2.73786,2.70215,2.66815,2.63575,2.60483,2.57526,2.54695,2.51978,2.49364,2.46844,2.44407,2.42044,2.39745,2.37501,2.35303,2.33141,2.31009,2.28896,2.26796,2.24698,2.22597,2.20483,2.18349,2.16186,2.13989,2.11747,2.09455,2.07105,2.04689,2.02200,1.99630,1.96973,1.94221,1.91367,1.88405,1.85328,1.82129,1.78802,1.75340,1.71739,1.67992,1.64094,1.60040,1.55827,1.51449,1.46905,1.42191,1.37304,1.32245,1.27011,1.21603,1.16023,1.10270,1.04350,0.98264,0.92018,0.85618,0.79069,0.72379,0.65557,0.58612,0.51554,0.44394,0.37144,0.29817,0.22425,0.14982,0.07502
3.74408,3.74419,3.74452,3.74506,3.74583,3.74682,3.74802,3.74945,3.75109,3.75296,3.75504,3.75734,3.75986,3.76261,3.76557,3.76874,3.77214,3.77576,3.77960,3.78365,3.78792,3.79241,3.79712,3.80205,3.80719,3.81255,3.81812,3.82391,3.82991,3.83613,3.84255,3.84919,3.85604,3.86309,3.87036,3.87782,3.88549,3.89336,3.90142,3.90968,3.91814,3.92678,3.93561,3.94462,3.95381,3.96317,3.97270,3.98240,3.99225,4.00226,4.01241,4.02271,4.03314,4.04369,4.05437,4.06515,4.07603,4.08701,4.09807,4.10920,4.12039,4.13163,4.14290,4.15420,4.16551,4.17682,4.18810,4.19936,4.21056,4.22170,4.23275,4.24370,4.25453,4.26522,4.27576,4.28611,4.29626,4.30619,4.31587,4.32529,4.33441,4.34323,4.35170,4.35982,4.36755,4.37486,4.38175,4.38817,4.39412,4.39955,4.40445,4.40880,4.41257,4.41574,4.41829,4.42020,4.42144,4.42201,4.42187,4.42103,4.41945,4.41714,4.41407,4.41025,4.40566,4.40029,4.39416,4.38725,4.37956,4.37111,4.36190,4.35194,4.34125,4.32983,4.31770,4.30489,4.29142,4.27731,4.26258,4.24728,4.23143,4.21507,4.19822,4.18094,4.16325,4.14520,4.12683,4.10819,4.08931,4.07024,4.05103,4.03172,4.01236,3.99299,3.97366,3.95441,3.93528,3.91633,3.89759,3.87911,3.86092,3.84307,3.82559,3.80852,3.79189,3.77575,3.76012,3.74504,3.73053,3.71662,3.70334,3.69071,3.67876,3.66751,3.65698,3.64718,3.63814,3.62987,3.62238,3.61569,3.60980,3.60473,3.60048,3.59706,3.59447,3.59271,3.59178,3.59174,3.59128,3.59183,3.59320,3.59553,3.60077,3.63344,6.37022,3.77203,3.69039,3.67792,3.67874,3.68462,3.69323,3.70371,3.71562,3.72875,3.74297,3.75821,3.77439,3.79149,3.80945,3.82827,3.84790,3.86833,3.88954,3.91150,3.93420,3.95760,3.98170,4.00646,4.03187,4.05791,4.08454,4.11176,4.13952,4.16782,4.19663,4.22592,4.25567,4.28586,4.31646,4.34746,4.37882,4.41054,4.44258,4.47493,4.50758,4.54050,4.57368,4.60711,4.64076,4.67464,4.70872,4.74299,4.77744,4.81205,4.84681,4.88169,4.91667,4.95172,4.98679,5.02185,5.05684,5.09167,5.12627,5.16053,5.19431,5.22748,5.25985,5.29123,5.32137,5.35003,5.37689,5.40163,5.42389,5.44329,5.45941,5.47183,5.48009,5.48376,5.48240,5.47559,5.46297,5.44419,5.41900,5.38720,5.34871,5.30350,5.25169,5.19349,5.12921,5.05925,4.98412,4.90438,4.82067,4.73365,4.64402,4.55247,4.45968,4.36632,4.27298,4.18025,4.08863,3.99856,3.91043,3.82457,3.74123,3.66062,3.58290,3.50816,3.43648,3.36787,3.30234,3.23983,3.18031,3.12370,3.06989,3.01880,2.97032,2.92432,2.88068,2.83930,2.80003,2.76276,2.72736,2.69372,2.66171,2.63122,2.60213,2.57433,2.54772,2.52218,2.49762,2.47394,2.45104,2.42882,2.40720,2.38608,2.36537,2.34500,2.32487,2.30490,2.28501,2.26512,2.24514,2.22501,2.20464,2.18395,2.16287,2.14132,2.11923,2.09651,2.07309,2.04890,2.02387,1.99791,1.97096,1.94295,1.91379,1.88343,1.85180,1.81882,1.78444,1.74860,1.71122,1.67227,1.63169,1.58943,1.54544,1.49971,1.45218,1.40285,1.35169,1.29870,1.24387,1.18721,1.12875,1.06850,1.00651,0.94283,0.87750,0.81060,0.74220,0.67240,0.60130,0.52899,0.45560,0.38126,0.30609,0.23023,0.15383,0.07703
3.76557,3.76568,3.76600,3.76655,3.76731,3.76829,3.76949,3.77091,3.77254,3.77439,3.77646,3.77875,3.78125,3.78397,3.78691,3.79007,3.79344,3.79703,3.80083,3.80486,3.80909,3.81354,3.81821,3.82309,3.82818,3.83348,3.83900,3.84472,3.85066,3.85680,3.86315,3.86970,3.87646,3.88342,3.89058,3.89794,3.90549,3.91324,3.92117,3.92929,3.93760,3.94608,3.95474,3.96358,3.97258,3.98174,3.99107,4.00054,4.01016,4.01992,4.02982,4.03984,4.04998,4.06023,4.07059,4.08104,4.09158,4.10219,4.11286,4.12359,4.13436,4.14516,4.15598,4.16680,4.17761,4.18840,4.19915,4.20984,4.22046,4.23099,4.24142,4.25172,4.26188,4.27187,4.28168,4.29129,4.30068,4.30982,4.31869,4.32728,4.33555,4.34349,4.35106,4.35826,4.36505,4.37142,4.37733,4.38276,4.38770,4.39211,4.39598,4.39928,4.40200,4.40411,4.40559,4.40643,4.40660,4.40610,4.40490,4.40299,4.40036,4.39701,4.39291,4.38808,4.38249,4.37616,4.36907,4.36124,4.35267,4.34336,4.33332,4.32258,4.31114,4.29901,4.28623,4.27280,4.25877,4.24414,4.22895,4.21324,4.19703,4.18036,4.16327,4.14579,4.12796,4.10983,4.09143,4.07281,4.05401,4.03508,4.01605,3.99698,3.97790,3.95886,3.93990,3.92107,3.90241,3.88396,3.86576,3.84785,3.83027,3.81306,3.79625,3.77987,3.76397,3.74858,3.73371,3.71941,3.70570,3.69261,3.68016,3.66837,3.65727,3.64688,3.63721,3.62828,3.62010,3.61270,3.60609,3.60027,3.59525,3.59104,3.58766,3.58509,3.58335,3.58244,3.58235,3.58314,3.58350,3.58486,3.58703,3.59015,3.59627,3.63179,6.41057,3.76253,3.68735,3.67642,3.67821,3.68489,3.69425,3.70543,3.71801,3.73180,3.74665,3.76250,3.77928,3.79695,3.81547,3.83483,3.85498,3.87592,3.89761,3.92004,3.94318,3.96702,3.99153,4.01668,4.04247,4.06886,4.09583,4.12336,4.15143,4.18001,4.20908,4.23861,4.26859,4.29899,4.32978,4.36095,4.39248,4.42434,4.45651,4.48898,4.52173,4.55474,4.58799,4.62147,4.65517,4.68907,4.72316,4.75742,4.79183,4.82638,4.86104,4.89579,4.93060,4.96543,5.00022,5.03493,5.06949,5.10380,5.13776,5.17127,5.20416,5.23627,5.26741,5.29736,5.32587,5.35264,5.37737,5.39971,5.41929,5.43572,5.44857,5.45743,5.46187,5.46145,5.45577,5.44445,5.42717,5.40366,5.37371,5.33721,5.29414,5.24456,5.18867,5.12673,5.05912,4.98631,4.90884,4.82730,4.74235,4.65465,4.56488,4.47372,4.38181,4.28976,4.19816,4.10751,4.01826,3.93083,3.84553,3.76266,3.68242,3.60499,3.53048,3.45897,3.39050,3.32508,3.26267,3.20323,3.14669,3.09297,3.04198,2.99361,2.94775,2.90429,2.86309,2.82405,2.78704,2.75194,2.71863,2.68699,2.65691,2.62828,2.60098,2.57490,2.54995,2.52601,2.50300,2.48081,2.45935,2.43853,2.41826,2.39845,2.37901,2.35986,2.34092,2.32210,2.30333,2.28452,2.26560,2.24648,2.22709,2.20735,2.18718,2.16650,2.14524,2.12333,2.10067,2.07721,2.05285,2.02753,2.00117,1.97369,1.94502,1.91510,1.88384,1.85118,1.81704,1.78138,1.74412,1.70520,1.66457,1.62219,1.57800,1.53196,1.48405,1.43423,1.38249,1.32882,1.27321,1.21568,1.15623,1.09490,1.03172,0.96674,0.90002,0.83164,0.76167,0.69021,0.61735,0.54322,0.46795,0.39165,0.31447,0.23656,0.15807,0.07916
3.78630,3.78641,3.78674,3.78728,3.78803,3.78901,3.79019,3.79160,3.79322,3.79505,3.79711,3.79937,3.80185,3.80455,3.80746,3.81059,3.81393,3.81748,3.82124,3.82522,3.82941,3.83381,3.83842,3.84325,3.84828,3.85351,3.85896,3.86461,3.87046,3.87652,3.88278,3.88923,3.89588,3.90273,3.90977,3.91701,3.92443,3.93203,3.93981,3.94778,3.95591,3.96422,3.97270,3.98133,3.99012,3.99907,4.00816,4.01739,4.02675,4.03624,4.04586,4.05558,4.06541,4.07534,4.08535,4.09544,4.10560,4.11582,4.12608,4.13638,4.14671,4.15704,4.16737,4.17769,4.18798,4.19822,4.20840,4.21850,4.22852,4.23842,4.24819,4.25782,4.26728,4.27656,4.28563,4.29448,4.30308,4.31142,4.31946,4.32720,4.33460,4.34165,4.34832,4.35459,4.36044,4.36584,4.37078,4.37522,4.37916,4.38256,4.38541,4.38768,4.38936,4.39043,4.39086,4.39066,4.38979,4.38824,4.38601,4.38308,4.37944,4.37508,4.37001,4.36421,4.35768,4.35043,4.34246,4.33377,4.32437,4.31427,4.30348,4.29202,4.27990,4.26715,4.25378,4.23982,4.22529,4.21022,4.19465,4.17860,4.16211,4.14521,4.12794,4.11034,4.09244,4.07429,4.05593,4.03740,4.01874,4.00000,3.98121,3.96242,3.94367,3.92501,3.90648,3.88811,3.86995,3.85203,3.83441,3.81710,3.80016,3.78361,3.76750,3.75184,3.73668,3.72204,3.70795,3.69445,3.68155,3.66927,3.65766,3.64671,3.63646,3.62692,3.61811,3.61004,3.60273,3.59620,3.59045,3.58549,3.58133,3.57798,3.57544,3.57373,3.57282,3.57274,3.57348,3.57508,3.57625,3.57841,3.58136,3.58526,3.59226,3.63080,6.30081,3.75396,3.68476,3.67533,3.67806,3.68553,3.69562,3.70748,3.72072,3.73514,3.75061,3.76705,3.78440,3.80263,3.82170,3.84158,3.86224,3.88366,3.90582,3.92870,3.95228,3.97653,4.00143,4.02696,4.05310,4.07983,4.10712,4.13495,4.16330,4.19215,4.22146,4.25122,4.28141,4.31201,4.34298,4.37431,4.40598,4.43797,4.47026,4.50282,4.53566,4.56873,4.60204,4.63556,4.66928,4.70318,4.73724,4.77145,4.80580,4.84024,4.87476,4.90933,4.94391,4.97845,5.01289,5.04717,5.08120,5.11489,5.14811,5.18073,5.21260,5.24351,5.27327,5.30162,5.32830,5.35301,5.37542,5.39517,5.41189,5.42516,5.43459,5.43975,5.44022,5.43562,5.42557,5.40973,5.38784,5.35968,5.32512,5.28412,5.23672,5.18308,5.12345,5.05816,4.98766,4.91244,4.83308,4.75020,4.66444,4.57647,4.48695,4.39653,4.30581,4.21536,4.12571,4.03732,3.95061,3.86591,3.78352,3.70367,3.62655,3.55228,3.48096,3.41263,3.34731,3.28499,3.22563,3.16917,3.11553,3.06463,3.01636,2.97063,2.92731,2.88629,2.84746,2.81069,2.77587,2.74287,2.71159,2.68190,2.65370,2.62687,2.60131,2.57692,2.55359,2.53123,2.50974,2.48902,2.46898,2.44954,2.43060,2.41209,2.39391,2.37599,2.35823,2.34057,2.32292,2.30520,2.28733,2.26924,2.25084,2.23205,2.21281,2.19302,2.17262,2.15153,2.12966,2.10693,2.08328,2.05861,2.03286,2.00595,1.97779,1.94832,1.91745,1.88512,1.85126,1.81579,1.77866,1.73979,1.69913,1.65662,1.61222,1.56589,1.51758,1.46727,1.41494,1.36056,1.30415,1.24570,1.18522,1.12276,1.05833,0.99200,0.92383,0.85389,0.78226,0.70904,0.63435,0.55830,0.48102,0.40265,0.32335,0.24327,0.16257,0.08142
3.80628,3.80639,3.80671,3.80725,3.80799,3.80896,3.81013,3.81152,3.81312,3.81494,3.81697,3.81921,3.82166,3.82433,3.82721,3.83029,3.83359,3.83710,3.84082,3.84475,3.84888,3.85322,3.85777,3.86253,3.86748,3.87264,3.87800,3.88357,3.88933,3.89528,3.90143,3.90778,3.91431,3.92103,3.92794,3.93503,3.94230,3.94974,3.95736,3.96514,3.97309,3.98120,3.98947,3.99789,4.00645,4.01515,4.02399,4.03295,4.04204,4.05124,4.06054,4.06995,4.07944,4.08901,4.09866,4.10837,4.11813,4.12793,4.13776,4.14760,4.15746,4.16730,4.17712,4.18691,4.19665,4.20632,4.21591,4.22541,4.23479,4.24404,4.25314,4.26207,4.27081,4.27936,4.28767,4.29574,4.30354,4.31106,4.31827,4.32514,4.33167,4.33782,4.34358,4.34892,4.35383,4.35827,4.36224,4.36570,4.36864,4.37104,4.37288,4.37414,4.37481,4.37485,4.37428,4.37305,4.37117,4.36863,4.36540,4.36149,4.35688,4.35158,4.34557,4.33887,4.33146,4.32335,4.31455,4.30507,4.29490,4.28408,4.27261,4.26050,4.24778,4.23447,4.22059,4.20616,4.19122,4.17579,4.15990,4.14358,4.12688,4.10982,4.09244,4.07479,4.05689,4.03879,4.02052,4.00214,3.98368,3.96518,3.94668,3.92823,3.90986,3.89162,3.87355,3.85568,3.83805,3.82071,3.80368,3.78701,3.77072,3.75486,3.73945,3.72453,3.71012,3.69625,3.68295,3.67024,3.65816,3.64671,3.63592,3.62582,3.61641,3.60772,3.59977,3.59256,3.58611,3.58043,3.57553,3.57142,3.56811,3.56561,3.56391,3.56303,3.56295,3.56369,3.56523,3.56763,3.56959,3.57254,3.57626,3.58092,3.58877,3.63054,6.07598,3.74631,3.68268,3.67468,3.67834,3.68659,3.69738,3.70990,3.72378,3.73882,3.75489,3.77191,3.78982,3.80859,3.82818,3.84857,3.86972,3.89161,3.91423,3.93754,3.96153,3.98617,4.01145,4.03735,4.06383,4.09088,4.11847,4.14659,4.17520,4.20430,4.23384,4.26382,4.29420,4.32497,4.35611,4.38758,4.41938,4.45149,4.48387,4.51652,4.54942,4.58254,4.61588,4.64941,4.68312,4.71700,4.75101,4.78514,4.81938,4.85367,4.88801,4.92235,4.95663,4.99081,5.02483,5.05859,5.09200,5.12496,5.15732,5.18894,5.21963,5.24920,5.27741,5.30401,5.32870,5.35117,5.37108,5.38807,5.40174,5.41171,5.41756,5.41890,5.41533,5.40649,5.39204,5.37172,5.34529,5.31262,5.27364,5.22837,5.17695,5.11958,5.05659,4.98836,4.91538,4.83819,4.75738,4.67357,4.58742,4.49956,4.41065,4.32127,4.23201,4.14339,4.05588,3.96991,3.88582,3.80394,3.72450,3.64769,3.57367,3.50254,3.43435,3.36914,3.30691,3.24761,3.19122,3.13764,3.08681,3.03864,2.99301,2.94982,2.90896,2.87031,2.83376,2.79919,2.76649,2.73554,2.70622,2.67843,2.65205,2.62699,2.60313,2.58039,2.55865,2.53783,2.51783,2.49855,2.47992,2.46184,2.44423,2.42701,2.41008,2.39338,2.37681,2.36030,2.34378,2.32715,2.31034,2.29328,2.27589,2.25808,2.23978,2.22090,2.20138,2.18112,2.16005,2.13810,2.11517,2.09118,2.06607,2.03974,2.01211,1.98312,1.95267,1.92070,1.88713,1.85188,1.81488,1.77607,1.73539,1.69278,1.64818,1.60155,1.55284,1.50202,1.44908,1.39398,1.33673,1.27733,1.21579,1.15214,1.08642,1.01868,0.94898,0.87739,0.80402,0.72896,0.65232,0.57424,0.49485,0.41430,0.33275,0.25037,0.16733,0.08381
3.82533,3.82543,3.82575,3.82628,3.82702,3.82797,3.82913,3.83050,3.83208,3.83387,3.83587,3.83808,3.84050,3.84313,3.84597,3.84901,3.85226,3.85572,3.85938,3.86325,3.86732,3.87159,3.87607,3.88074,3.88561,3.89069,3.89595,3.90141,3.90706,3.91291,3.91894,3.92515,3.93155,3.93813,3.94489,3.95182,3.95892,3.96618,3.97362,3.98121,3.98895,3.99684,4.00488,4.01306,4.02137,4.02981,4.03838,4.04705,4.05584,4.06472,4.07369,4.08275,4.09189,4.10109,4.11034,4.11964,4.12897,4.13833,4.14770,4.15707,4.16643,4.17576,4.18505,4.19428,4.20345,4.21253,4.22151,4.23037,4.23910,4.24768,4.25609,4.26430,4.27232,4.28010,4.28765,4.29492,4.30192,4.30860,4.31496,4.32097,4.32662,4.33187,4.33672,4.34113,4.34510,4.34859,4.35159,4.35408,4.35605,4.35746,4.35831,4.35858,4.35825,4.35731,4.35574,4.35354,4.35069,4.34718,4.34300,4.33815,4.33263,4.32643,4.31955,4.31199,4.30376,4.29485,4.28529,4.27508,4.26422,4.25274,4.24065,4.22797,4.21472,4.20093,4.18660,4.17179,4.15650,4.14077,4.12464,4.10813,4.09129,4.07414,4.05672,4.03907,4.02123,4.00324,3.98513,3.96695,3.94874,3.93054,3.91238,3.89431,3.87637,3.85859,3.84101,3.82367,3.80661,3.78987,3.77347,3.75745,3.74185,3.72669,3.71201,3.69783,3.68418,3.67109,3.65858,3.64668,3.63541,3.62479,3.61483,3.60557,3.59701,3.58916,3.58206,3.57570,3.57009,3.56526,3.56121,3.55795,3.55547,3.55380,3.55293,3.55287,3.55360,3.55514,3.55748,3.56067,3.56341,3.56712,3.57159,3.57701,3.58571,3.63093,5.79155,3.73941,3.68097,3.67437,3.67892,3.68793,3.69940,3.71258,3.72709,3.74272,3.75937,3.77695,3.79541,3.81470,3.83480,3.85567,3.87730,3.89964,3.92269,3.94642,3.97081,3.99583,4.02148,4.04771,4.07451,4.10187,4.12975,4.15813,4.18700,4.21632,4.24608,4.27626,4.30682,4.33775,4.36903,4.40063,4.43254,4.46474,4.49720,4.52991,4.56285,4.59601,4.62935,4.66287,4.69655,4.73036,4.76429,4.79830,4.83238,4.86649,4.90058,4.93462,4.96855,5.00230,5.03579,5.06894,5.10163,5.13375,5.16513,5.19561,5.22499,5.25306,5.27957,5.30423,5.32676,5.34682,5.36406,5.37811,5.38859,5.39510,5.39726,5.39468,5.38701,5.37390,5.35509,5.33034,5.29950,5.26248,5.21930,5.17004,5.11490,5.05416,4.98819,4.91744,4.84240,4.76366,4.68182,4.59750,4.51133,4.42394,4.33594,4.24790,4.16034,4.07374,3.98854,3.90510,3.82374,3.74472,3.66825,3.59450,3.52356,3.45553,3.39043,3.32828,3.26905,3.21271,3.15920,3.10843,3.06033,3.01479,2.97172,2.93100,2.89252,2.85617,2.82184,2.78940,2.75876,2.72979,2.70238,2.67644,2.65185,2.62851,2.60632,2.58519,2.56501,2.54571,2.52718,2.50933,2.49209,2.47537,2.45907,2.44313,2.42746,2.41197,2.39660,2.38125,2.36586,2.35034,2.33461,2.31860,2.30222,2.28541,2.26807,2.25013,2.23150,2.21211,2.19187,2.17071,2.14853,2.12526,2.10081,2.07509,2.04803,2.01954,1.98955,1.95796,1.92470,1.88969,1.85286,1.81413,1.77344,1.73073,1.68594,1.63901,1.58990,1.53858,1.48501,1.42917,1.37106,1.31068,1.24803,1.18315,1.11607,1.04685,0.97555,0.90225,0.82704,0.75004,0.67135,0.59113,0.50950,0.42664,0.34272,0.25790,0.17238,0.08635
3.84339,3.84350,3.84381,3.84433,3.84506,3.84599,3.84713,3.84849,3.85004,3.85181,3.85378,3.85595,3.85833,3.86092,3.86371,3.86670,3.86990,3.87329,3.87689,3.88069,3.88469,3.88888,3.89327,3.89786,3.90263,3.90760,3.91276,3.91811,3.92364,3.92935,3.93525,3.94132,3.94757,3.95399,3.96058,3.96734,3.97425,3.98133,3.98855,3.99593,4.00345,4.01111,4.01890,4.02682,4.03486,4.04302,4.05128,4.05965,4.06811,4.07666,4.08528,4.09397,4.10272,4.11152,4.12036,4.12923,4.13812,4.14702,4.15590,4.16477,4.17361,4.18241,4.19114,4.19980,4.20838,4.21684,4.22519,4.23340,4.24146,4.24935,4.25705,4.26454,4.27181,4.27883,4.28558,4.29206,4.29823,4.30408,4.30958,4.31473,4.31949,4.32385,4.32778,4.33127,4.33431,4.33686,4.33891,4.34044,4.34145,4.34190,4.34178,4.34108,4.33979,4.33789,4.33537,4.33223,4.32844,4.32401,4.31893,4.31320,4.30681,4.29976,4.29206,4.28371,4.27471,4.26508,4.25482,4.24394,4.23246,4.22039,4.20776,4.19457,4.18086,4.16665,4.15196,4.13682,4.12126,4.10532,4.08901,4.07237,4.05545,4.03827,4.02088,4.00330,3.98558,3.96775,3.94986,3.93194,3.91403,3.89617,3.87839,3.86075,3.84326,3.82598,3.80894,3.79216,3.77570,3.75958,3.74383,3.72849,3.71358,3.69914,3.68520,3.67178,3.65890,3.64660,3.63489,3.62380,3.61334,3.60354,3.59442,3.58599,3.57827,3.57127,3.56500,3.55948,3.55472,3.55073,3.54751,3.54508,3.54343,3.54258,3.54253,3.54327,3.54480,3.54713,3.55025,3.55421,3.55771,3.56218,3.56739,3.57354,3.58308,3.63203,5.49675,3.73325,3.67965,3.67441,3.67984,3.68958,3.70173,3.71554,3.73065,3.74687,3.76408,3.78221,3.80119,3.82099,3.84158,3.86293,3.88500,3.90778,3.93125,3.95538,3.98015,4.00554,4.03152,4.05808,4.08519,4.11284,4.14099,4.16962,4.19872,4.22826,4.25821,4.28857,4.31929,4.35037,4.38177,4.41349,4.44549,4.47776,4.51028,4.54303,4.57600,4.60915,4.64248,4.67595,4.70957,4.74328,4.77709,4.81094,4.84482,4.87868,4.91247,4.94615,4.97964,5.01288,5.04577,5.07821,5.11007,5.14122,5.17149,5.20069,5.22862,5.25504,5.27968,5.30225,5.32244,5.33992,5.35433,5.36529,5.37244,5.37538,5.37374,5.36718,5.35536,5.33801,5.31488,5.28581,5.25070,5.20954,5.16241,5.10946,5.05094,4.98720,4.91865,4.84576,4.76909,4.68922,4.60674,4.52227,4.43644,4.34984,4.26304,4.17657,4.09092,4.00652,3.92375,3.84294,3.76437,3.68826,3.61477,3.54405,3.47617,3.41119,3.34912,3.28996,3.23368,3.18021,3.12950,3.08146,3.03600,2.99303,2.95243,2.91410,2.87794,2.84382,2.81163,2.78127,2.75263,2.72559,2.70005,2.67591,2.65306,2.63141,2.61086,2.59132,2.57268,2.55487,2.53779,2.52137,2.50551,2.49012,2.47514,2.46048,2.44606,2.43180,2.41762,2.40345,2.38920,2.37480,2.36016,2.34522,2.32989,2.31408,2.29773,2.28075,2.26305,2.24455,2.22518,2.20484,2.18344,2.16091,2.13716,2.11209,2.08563,2.05768,2.02816,1.99699,1.96407,1.92933,1.89269,1.85407,1.81340,1.77060,1.72563,1.67841,1.62890,1.57706,1.52286,1.46626,1.40727,1.34587,1.28207,1.21591,1.14742,1.07665,1.00367,0.92856,0.85142,0.77237,0.69152,0.60903,0.52505,0.43974,0.35329,0.26589,0.17774,0.08904
3.86042,3.86053,3.86083,3.86134,3.86206,3.86298,3.86410,3.86543,3.86696,3.86869,3.87062,3.87276,3.87509,3.87763,3.88037,3.88330,3.88643,3.88976,3.89329,3.89701,3.90092,3.90503,3.90933,3.91381,3.91848,3.92334,3.92838,3.93360,3.93899,3.94457,3.95031,3.95623,3.96231,3.96856,3.97497,3.98153,3.98824,3.99511,4.00211,4.00926,4.01653,4.02394,4.03146,4.03911,4.04686,4.05471,4.06266,4.07070,4.07881,4.08700,4.09525,4.10356,4.11191,4.12029,4.12869,4.13711,4.14553,4.15394,4.16233,4.17068,4.17898,4.18721,4.19537,4.20344,4.21140,4.21924,4.22694,4.23449,4.24186,4.24904,4.25602,4.26277,4.26928,4.27552,4.28149,4.28715,4.29250,4.29751,4.30216,4.30644,4.31032,4.31378,4.31681,4.31939,4.32150,4.32313,4.32425,4.32484,4.32491,4.32442,4.32336,4.32173,4.31951,4.31669,4.31326,4.30921,4.30453,4.29923,4.29330,4.28673,4.27952,4.27169,4.26323,4.25415,4.24445,4.23414,4.22325,4.21177,4.19973,4.18715,4.17404,4.16042,4.14632,4.13176,4.11678,4.10138,4.08562,4.06951,4.05310,4.03641,4.01947,4.00233,3.98501,3.96756,3.95002,3.93241,3.91478,3.89716,3.87960,3.86212,3.84478,3.82759,3.81061,3.79385,3.77737,3.76119,3.74535,3.72987,3.71479,3.70014,3.68595,3.67225,3.65905,3.64640,3.63430,3.62279,3.61188,3.60160,3.59196,3.58299,3.57469,3.56710,3.56021,3.55404,3.54861,3.54393,3.54000,3.53683,3.53444,3.53283,3.53199,3.53195,3.53269,3.53423,3.53655,3.53965,3.54354,3.54826,3.55251,3.55771,3.56364,3.57052,3.58088,3.63387,5.22240,3.72780,3.67874,3.67481,3.68109,3.69155,3.70435,3.71878,3.73448,3.75127,3.76902,3.78768,3.80717,3.82746,3.84853,3.87033,3.89284,3.91604,3.93991,3.96442,3.98955,4.01528,4.04160,4.06846,4.09587,4.12378,4.15218,4.18105,4.21037,4.24010,4.27024,4.30075,4.33162,4.36282,4.39434,4.42614,4.45822,4.49055,4.52310,4.55587,4.58883,4.62196,4.65524,4.68865,4.72216,4.75575,4.78938,4.82303,4.85665,4.89021,4.92364,4.95688,4.98986,5.02250,5.05469,5.08631,5.11724,5.14730,5.17633,5.20412,5.23044,5.25505,5.27766,5.29798,5.31568,5.33042,5.34184,5.34958,5.35327,5.35254,5.34704,5.33646,5.32051,5.29894,5.27159,5.23833,5.19915,5.15408,5.10327,5.04694,4.98540,4.91902,4.84828,4.77367,4.69577,4.61514,4.53240,4.44815,4.36297,4.27744,4.19209,4.10741,4.02384,3.94177,3.86154,3.78343,3.70770,3.63450,3.56400,3.49629,3.43143,3.36945,3.31035,3.25412,3.20070,3.15003,3.10204,3.05665,3.01376,2.97327,2.93507,2.89907,2.86514,2.83319,2.80309,2.77475,2.74806,2.72290,2.69919,2.67681,2.65567,2.63568,2.61673,2.59875,2.58163,2.56530,2.54966,2.53464,2.52015,2.50611,2.49244,2.47907,2.46590,2.45287,2.43990,2.42691,2.41382,2.40055,2.38703,2.37318,2.35891,2.34415,2.32881,2.31281,2.29607,2.27850,2.26002,2.24054,2.21996,2.19821,2.17519,2.15081,2.12498,2.09761,2.06861,2.03788,2.00534,1.97090,1.93448,1.89599,1.85536,1.81250,1.76736,1.71986,1.66996,1.61760,1.56275,1.50538,1.44547,1.38302,1.31804,1.25054,1.18057,1.10819,1.03345,0.95644,0.87727,0.79605,0.71292,0.62803,0.54155,0.45365,0.36453,0.27438,0.18343,0.09190
3.87630,3.87640,3.87670,3.87720,3.87790,3.87880,3.87990,3.88120,3.88269,3.88439,3.88628,3.88837,3.89066,3.89314,3.89582,3.89869,3.90175,3.90501,3.90845,3.91209,3.91591,3.91992,3.92411,3.92848,3.93303,3.93777,3.94267,3.94775,3.95300,3.95842,3.96401,3.96975,3.97566,3.98171,3.98792,3.99428,4.00078,4.00741,4.01418,4.02107,4.02809,4.03522,4.04246,4.04981,4.05725,4.06478,4.07239,4.08008,4.08784,4.09565,4.10350,4.11140,4.11933,4.12727,4.13522,4.14317,4.15110,4.15900,4.16687,4.17468,4.18242,4.19009,4.19766,4.20512,4.21245,4.21964,4.22668,4.23354,4.24022,4.24669,4.25293,4.25893,4.26467,4.27014,4.27531,4.28016,4.28468,4.28885,4.29265,4.29606,4.29906,4.30164,4.30378,4.30547,4.30667,4.30738,4.30759,4.30728,4.30642,4.30502,4.30306,4.30053,4.29741,4.29371,4.28941,4.28450,4.27898,4.27286,4.26612,4.25877,4.25081,4.24225,4.23309,4.22333,4.21300,4.20209,4.19063,4.17862,4.16609,4.15305,4.13953,4.12555,4.11113,4.09630,4.08108,4.06550,4.04960,4.03340,4.01694,4.00025,3.98336,3.96631,3.94914,3.93187,3.91455,3.89721,3.87989,3.86263,3.84545,3.82841,3.81152,3.79483,3.77838,3.76218,3.74629,3.73073,3.71553,3.70072,3.68633,3.67239,3.65892,3.64596,3.63352,3.62164,3.61033,3.59961,3.58951,3.58003,3.57121,3.56306,3.55559,3.54882,3.54276,3.53742,3.53282,3.52896,3.52585,3.52350,3.52193,3.52112,3.52109,3.52184,3.52337,3.52569,3.52878,3.53264,3.53729,3.54274,3.54773,3.55365,3.56029,3.56787,3.57906,3.63642,4.98242,3.72297,3.67815,3.67549,3.68260,3.69375,3.70720,3.72222,3.73850,3.75584,3.77412,3.79329,3.81327,3.83404,3.85556,3.87779,3.90073,3.92433,3.94858,3.97346,3.99894,4.02500,4.05162,4.07878,4.10645,4.13462,4.16326,4.19234,4.22186,4.25177,4.28207,4.31273,4.34372,4.37503,4.40663,4.43851,4.47064,4.50300,4.53557,4.56833,4.60126,4.63434,4.66754,4.70084,4.73421,4.76763,4.80105,4.83444,4.86775,4.90094,4.93394,4.96667,4.99906,5.03100,5.06239,5.09309,5.12295,5.15181,5.17946,5.20568,5.23025,5.25290,5.27333,5.29123,5.30629,5.31814,5.32645,5.33084,5.33098,5.32650,5.31710,5.30250,5.28244,5.25674,5.22529,5.18802,5.14498,5.09626,5.04208,4.98270,4.91848,4.84986,4.77732,4.70138,4.62262,4.54161,4.45896,4.37524,4.29101,4.20681,4.12313,4.04041,3.95907,3.87944,3.80184,3.72649,3.65361,3.58335,3.51581,3.45108,3.38919,3.33016,3.27397,3.22059,3.16996,3.12202,3.07668,3.03386,2.99346,2.95538,2.91952,2.88577,2.85403,2.82418,2.79612,2.76974,2.74495,2.72163,2.69970,2.67905,2.65959,2.64122,2.62386,2.60742,2.59180,2.57693,2.56273,2.54910,2.53598,2.52328,2.51093,2.49884,2.48693,2.47515,2.46339,2.45160,2.43969,2.42758,2.41519,2.40245,2.38927,2.37558,2.36128,2.34631,2.33056,2.31395,2.29640,2.27782,2.25810,2.23717,2.21493,2.19128,2.16612,2.13937,2.11092,2.08069,2.04856,2.01446,1.97830,1.93997,1.89940,1.85651,1.81121,1.76345,1.71316,1.66029,1.60479,1.54663,1.48579,1.42226,1.35604,1.28716,1.21565,1.14157,1.06499,0.98598,0.90467,0.82118,0.73564,0.64821,0.55908,0.46843,0.37647,0.28341,0.18949,0.09494
3.89108,3.89118,3.89147,3.89196,3.89264,3.89352,3.89460,3.89587,3.89733,3.89898,3.90083,3.90287,3.90510,3.90752,3.91014,3.91293,3.91592,3.91909,3.92245,3.92599,3.92971,3.93361,3.93768,3.94194,3.94636,3.95096,3.95572,3.96065,3.96574,3.97099,3.97640,3.98196,3.98767,3.99353,3.99952,4.00566,4.01192,4.01831,4.02482,4.03145,4.03819,4.04503,4.05197,4.05900,4.06612,4.07331,4.08057,4.08789,4.09526,4.10268,4.11012,4.11759,4.12508,4.13256,4.14004,4.14750,4.15493,4.16231,4.16963,4.17689,4.18406,4.19114,4.19810,4.20493,4.21163,4.21816,4.22453,4.23070,4.23667,4.24241,4.24791,4.25316,4.25813,4.26281,4.26718,4.27122,4.27492,4.27825,4.28121,4.28376,4.28590,4.28761,4.28888,4.28967,4.28999,4.28982,4.28914,4.28794,4.28620,4.28392,4.28109,4.27769,4.27372,4.26918,4.26405,4.25833,4.25202,4.24512,4.23764,4.22956,4.22090,4.21167,4.20187,4.19150,4.18059,4.16915,4.15718,4.14471,4.13176,4.11834,4.10448,4.09020,4.07552,4.06048,4.04509,4.02939,4.01342,3.99719,3.98074,3.96411,3.94733,3.93043,3.91345,3.89641,3.87937,3.86235,3.84538,3.82851,3.81176,3.79518,3.77879,3.76263,3.74673,3.73113,3.71585,3.70092,3.68638,3.67225,3.65857,3.64535,3.63262,3.62041,3.60874,3.59763,3.58711,3.57719,3.56789,3.55923,3.55122,3.54389,3.53724,3.53129,3.52605,3.52153,3.51774,3.51470,3.51240,3.51086,3.51008,3.51007,3.51083,3.51237,3.51467,3.51775,3.52160,3.52622,3.53160,3.53778,3.54349,3.55011,3.55745,3.56572,3.57772,3.63986,4.77977,3.71886,3.67800,3.67657,3.68450,3.69633,3.71039,3.72601,3.74284,3.76071,3.77951,3.79917,3.81963,3.84085,3.86281,3.88547,3.90881,3.93279,3.95741,3.98263,4.00844,4.03482,4.06173,4.08916,4.11709,4.14550,4.17435,4.20364,4.23333,4.26341,4.29385,4.32463,4.35573,4.38713,4.41880,4.45073,4.48289,4.51526,4.54782,4.58055,4.61342,4.64642,4.67950,4.71266,4.74586,4.77905,4.81221,4.84529,4.87824,4.91099,4.94348,4.97563,5.00733,5.03849,5.06897,5.09863,5.12731,5.15482,5.18095,5.20548,5.22814,5.24867,5.26677,5.28211,5.29438,5.30321,5.30828,5.30923,5.30573,5.29747,5.28415,5.26554,5.24145,5.21173,5.17633,5.13525,5.08858,5.03649,4.97925,4.91716,4.85064,4.78014,4.70617,4.62928,4.55002,4.46899,4.38674,4.30384,4.22081,4.13816,4.05634,3.97575,3.89676,3.81967,3.74474,3.67219,3.60218,3.53483,3.47024,3.40845,3.34948,3.29334,3.23999,3.18940,3.14149,3.09619,3.05343,3.01311,2.97513,2.93940,2.90580,2.87425,2.84462,2.81682,2.79074,2.76629,2.74335,2.72184,2.70165,2.68270,2.66489,2.64812,2.63232,2.61740,2.60328,2.58986,2.57708,2.56485,2.55309,2.54173,2.53070,2.51990,2.50928,2.49874,2.48822,2.47765,2.46693,2.45600,2.44477,2.43317,2.42112,2.40853,2.39531,2.38139,2.36667,2.35107,2.33449,2.31685,2.29804,2.27798,2.25655,2.23368,2.20925,2.18316,2.15531,2.12561,2.09395,2.06023,2.02435,1.98623,1.94575,1.90285,1.85743,1.80943,1.75876,1.70537,1.64922,1.59025,1.52846,1.46381,1.39631,1.32599,1.25288,1.17702,1.09849,1.01739,0.93382,0.84791,0.75982,0.66970,0.57776,0.48418,0.38920,0.29304,0.19595,0.09818
3.90473,3.90483,3.90511,3.90559,3.90626,3.90711,3.90816,3.90940,3.91082,3.91243,3.91423,3.91622,3.91839,3.92074,3.92328,3.92600,3.92890,3.93199,3.93524,3.93868,3.94229,3.94607,3.95003,3.95415,3.95843,3.96288,3.96749,3.97226,3.97718,3.98225,3.98747,3.99283,3.99834,4.00397,4.00974,4.01564,4.02165,4.02779,4.03403,4.04037,4.04682,4.05336,4.05998,4.06668,4.07345,4.08029,4.08718,4.09411,4.10109,4.10809,4.11511,4.12214,4.12916,4.13618,4.14316,4.15012,4.15702,4.16387,4.17064,4.17733,4.18392,4.19039,4.19673,4.20293,4.20898,4.21485,4.22053,4.22600,4.23125,4.23627,4.24103,4.24552,4.24972,4.25362,4.25719,4.26043,4.26331,4.26582,4.26794,4.26965,4.27094,4.27180,4.27220,4.27214,4.27160,4.27056,4.26902,4.26696,4.26438,4.26126,4.25759,4.25337,4.24859,4.24325,4.23734,4.23086,4.22381,4.21619,4.20801,4.19927,4.18997,4.18013,4.16975,4.15884,4.14741,4.13549,4.12309,4.11022,4.09691,4.08317,4.06903,4.05452,4.03965,4.02446,4.00897,3.99322,3.97722,3.96102,3.94465,3.92813,3.91151,3.89481,3.87806,3.86131,3.84459,3.82792,3.81135,3.79491,3.77862,3.76253,3.74667,3.73107,3.71575,3.70076,3.68611,3.67184,3.65798,3.64455,3.63157,3.61908,3.60710,3.59565,3.58475,3.57442,3.56468,3.55556,3.54706,3.53920,3.53200,3.52548,3.51964,3.51451,3.51008,3.50637,3.50339,3.50115,3.49965,3.49891,3.49892,3.49969,3.50123,3.50353,3.50660,3.51043,3.51502,3.52037,3.52647,3.53336,3.53977,3.54709,3.55511,3.56405,3.57686,3.64422,4.61175,3.71544,3.67830,3.67805,3.68676,3.69926,3.71392,3.73010,3.74747,3.76586,3.78515,3.80529,3.82621,3.84788,3.87025,3.89332,3.91704,3.94139,3.96636,3.99192,4.01804,4.04470,4.07189,4.09958,4.12775,4.15637,4.18543,4.21490,4.24475,4.27498,4.30554,4.33643,4.36762,4.39908,4.43081,4.46276,4.49493,4.52729,4.55981,4.59248,4.62526,4.65814,4.69108,4.72406,4.75703,4.78996,4.82281,4.85552,4.88803,4.92028,4.95219,4.98366,5.01459,5.04485,5.07432,5.10283,5.13020,5.15624,5.18072,5.20341,5.22403,5.24230,5.25792,5.27057,5.27991,5.28562,5.28735,5.28478,5.27761,5.26554,5.24832,5.22578,5.19774,5.16415,5.12498,5.08032,5.03029,4.97514,4.91516,4.85072,4.78226,4.71025,4.63522,4.55772,4.47832,4.39756,4.31601,4.23419,4.15259,4.07169,3.99188,3.91354,3.83699,3.76250,3.69029,3.62054,3.55340,3.48895,3.42726,3.36836,3.31226,3.25894,3.20836,3.16048,3.11521,3.07249,3.03223,2.99433,2.95870,2.92525,2.89385,2.86443,2.83686,2.81106,2.78691,2.76433,2.74321,2.72346,2.70498,2.68769,2.67150,2.65632,2.64206,2.62865,2.61600,2.60402,2.59266,2.58182,2.57143,2.56141,2.55170,2.54221,2.53287,2.52360,2.51434,2.50499,2.49550,2.48577,2.47573,2.46530,2.45440,2.44294,2.43084,2.41802,2.40437,2.38981,2.37425,2.35759,2.33974,2.32059,2.30004,2.27798,2.25433,2.22895,2.20176,2.17264,2.14149,2.10820,2.07266,2.03477,1.99444,1.95156,1.90604,1.85781,1.80678,1.75289,1.69608,1.63630,1.57353,1.50773,1.43892,1.36710,1.29231,1.21460,1.13404,1.05073,0.96478,0.87633,0.78553,0.69257,0.59764,0.50096,0.40276,0.30330,0.20283,0.10164
3.91725,3.91734,3.91762,3.91808,3.91873,3.91956,3.92057,3.92177,3.92316,3.92472,3.92646,3.92839,3.93050,3.93278,3.93524,3.93788,3.94069,3.94367,3.94683,3.95015,3.95365,3.95730,3.96112,3.96510,3.96924,3.97353,3.97798,3.98257,3.98731,3.99219,3.99721,4.00236,4.00764,4.01305,4.01858,4.02422,4.02998,4.03584,4.04179,4.04785,4.05398,4.06020,4.06649,4.07285,4.07926,4.08572,4.09223,4.09876,4.10532,4.11190,4.11847,4.12504,4.13160,4.13812,4.14461,4.15105,4.15742,4.16372,4.16993,4.17603,4.18202,4.18788,4.19360,4.19916,4.20454,4.20974,4.21473,4.21951,4.22404,4.22833,4.23235,4.23608,4.23952,4.24264,4.24542,4.24786,4.24994,4.25163,4.25293,4.25381,4.25428,4.25430,4.25387,4.25297,4.25159,4.24973,4.24736,4.24448,4.24108,4.23716,4.23269,4.22769,4.22215,4.21606,4.20942,4.20223,4.19450,4.18622,4.17740,4.16804,4.15817,4.14777,4.13687,4.12548,4.11361,4.10128,4.08850,4.07529,4.06169,4.04769,4.03334,4.01865,4.00366,3.98838,3.97285,3.95709,3.94114,3.92502,3.90877,3.89242,3.87600,3.85955,3.84309,3.82666,3.81030,3.79403,3.77788,3.76190,3.74611,3.73055,3.71524,3.70021,3.68550,3.67113,3.65713,3.64354,3.63036,3.61764,3.60539,3.59364,3.58240,3.57171,3.56158,3.55203,3.54308,3.53475,3.52704,3.51999,3.51359,3.50787,3.50284,3.49851,3.49488,3.49197,3.48979,3.48834,3.48763,3.48767,3.48845,3.48999,3.49229,3.49534,3.49916,3.50372,3.50904,3.51511,3.52191,3.52950,3.53660,3.54460,3.55327,3.56288,3.57648,3.64959,4.47361,3.71271,3.67904,3.67993,3.68941,3.70255,3.71779,3.73452,3.75241,3.77130,3.79108,3.81167,3.83303,3.85512,3.87791,3.90136,3.92545,3.95015,3.97545,4.00132,4.02774,4.05468,4.08213,4.11005,4.13844,4.16727,4.19650,4.22614,4.25614,4.28648,4.31716,4.34813,4.37939,4.41090,4.44265,4.47461,4.50676,4.53908,4.57154,4.60411,4.63678,4.66951,4.70226,4.73501,4.76772,4.80034,4.83281,4.86509,4.89711,4.92878,4.96002,4.99073,5.02079,5.05006,5.07841,5.10564,5.13159,5.15602,5.17872,5.19942,5.21786,5.23374,5.24675,5.25658,5.26289,5.26537,5.26370,5.25756,5.24669,5.23082,5.20977,5.18337,5.15153,5.11423,5.07151,5.02351,4.97041,4.91251,4.85013,4.78368,4.71363,4.64047,4.56474,4.48697,4.40773,4.32754,4.24695,4.16644,4.08647,4.00747,3.92981,3.85382,3.77978,3.70793,3.63847,3.57153,3.50723,3.44564,3.38681,3.33075,3.27745,3.22689,3.17901,3.13376,3.09107,3.05085,3.01302,2.97747,2.94413,2.91288,2.88363,2.85627,2.83071,2.80685,2.78459,2.76384,2.74450,2.72647,2.70968,2.69402,2.67943,2.66581,2.65307,2.64115,2.62996,2.61943,2.60947,2.60002,2.59100,2.58233,2.57395,2.56577,2.55773,2.54975,2.54175,2.53367,2.52542,2.51692,2.50810,2.49887,2.48916,2.47887,2.46793,2.45624,2.44371,2.43024,2.41575,2.40012,2.38327,2.36509,2.34546,2.32429,2.30146,2.27686,2.25038,2.22190,2.19131,2.15850,2.12335,2.08575,2.04559,2.00277,1.95719,1.90876,1.85740,1.80301,1.74555,1.68495,1.62118,1.55422,1.48404,1.41067,1.33414,1.25449,1.17180,1.08616,0.99771,0.90656,0.81291,0.71692,0.61882,0.51884,0.41722,0.31424,0.21018,0.10533
3.92874,3.92883,3.92909,3.92954,3.93017,3.93097,3.93196,3.93312,3.93445,3.93597,3.93765,3.93952,3.94155,3.94376,3.94614,3.94868,3.95140,3.95428,3.95732,3.96053,3.96389,3.96742,3.97109,3.97492,3.97890,3.98303,3.98730,3.99171,3.99625,4.00093,4.00574,4.01067,4.01572,4.02089,4.02616,4.03154,4.03702,4.04259,4.04825,4.05400,4.05981,4.06570,4.07164,4.07764,4.08368,4.08975,4.09586,4.10198,4.10812,4.11425,4.12037,4.12647,4.13254,4.13857,4.14454,4.15045,4.15628,4.16202,4.16765,4.17317,4.17855,4.18380,4.18888,4.19379,4.19851,4.20303,4.20734,4.21141,4.21523,4.21879,4.22207,4.22505,4.22773,4.23008,4.23209,4.23374,4.23502,4.23591,4.23641,4.23649,4.23614,4.23536,4.23411,4.23241,4.23023,4.22756,4.22440,4.22074,4.21657,4.21188,4.20667,4.20093,4.19467,4.18788,4.18056,4.17272,4.16435,4.15546,4.14606,4.13616,4.12576,4.11487,4.10351,4.09170,4.07944,4.06676,4.05367,4.04019,4.02635,4.01216,3.99766,3.98286,3.96779,3.95248,3.93696,3.92126,3.90540,3.88942,3.87334,3.85720,3.84104,3.82487,3.80874,3.79267,3.77670,3.76086,3.74518,3.72969,3.71442,3.69941,3.68467,3.67024,3.65615,3.64243,3.62910,3.61618,3.60371,3.59170,3.58017,3.56916,3.55868,3.54875,3.53939,3.53062,3.52245,3.51491,3.50800,3.50173,3.49614,3.49121,3.48697,3.48343,3.48060,3.47848,3.47708,3.47641,3.47647,3.47728,3.47883,3.48112,3.48416,3.48796,3.49250,3.49779,3.50382,3.51058,3.51808,3.52635,3.53413,3.54278,3.55210,3.56235,3.57674,3.65621,4.36049,3.71081,3.68039,3.68238,3.69260,3.70636,3.72217,3.73943,3.75783,3.77720,3.79744,3.81848,3.84026,3.86276,3.88593,3.90975,3.93420,3.95924,3.98485,4.01102,4.03771,4.06492,4.09260,4.12075,4.14934,4.17835,4.20776,4.23754,4.26766,4.29812,4.32888,4.35992,4.39123,4.42277,4.45452,4.48646,4.51857,4.55082,4.58319,4.61565,4.64816,4.68070,4.71323,4.74571,4.77810,4.81035,4.84240,4.87418,4.90563,4.93665,4.96714,4.99699,5.02608,5.05426,5.08137,5.10722,5.13160,5.15431,5.17509,5.19368,5.20980,5.22316,5.23344,5.24034,5.24353,5.24270,5.23757,5.22784,5.21327,5.19365,5.16882,5.13869,5.10320,5.06239,5.01635,4.96528,4.90941,4.84906,4.78461,4.71650,4.64521,4.57124,4.49512,4.41740,4.33860,4.25925,4.17985,4.10084,4.02267,3.94571,3.87030,3.79674,3.72527,3.65609,3.58937,3.52522,3.46374,3.40498,3.34895,3.29567,3.24511,3.19724,3.15199,3.10931,3.06911,3.03132,2.99584,2.96259,2.93146,2.90236,2.87519,2.84985,2.82625,2.80429,2.78387,2.76490,2.74730,2.73097,2.71583,2.70179,2.68877,2.67668,2.66546,2.65502,2.64529,2.63619,2.62764,2.61958,2.61193,2.60462,2.59758,2.59073,2.58401,2.57733,2.57063,2.56382,2.55684,2.54961,2.54203,2.53405,2.52556,2.51649,2.50674,2.49623,2.48486,2.47254,2.45917,2.44464,2.42884,2.41168,2.39304,2.37281,2.35087,2.32711,2.30140,2.27362,2.24365,2.21137,2.17667,2.13941,2.09948,2.05677,2.01116,1.96257,1.91088,1.85602,1.79791,1.73649,1.67171,1.60354,1.53196,1.45698,1.37862,1.29694,1.21202,1.12393,1.03282,0.93883,0.84214,0.74294,0.64146,0.53796,0.43269,0.32595,0.21804,0.10928
3.93912,3.93920,3.93946,3.93990,3.94050,3.94128,3.94222,3.94334,3.94463,3.94609,3.94772,3.94951,3.95147,3.95360,3.95589,3.95834,3.96095,3.96372,3.96664,3.96972,3.97296,3.97634,3.97986,3.98354,3.98735,3.99130,3.99538,3.99960,4.00394,4.00840,4.01299,4.01769,4.02249,4.02741,4.03242,4.03752,4.04271,4.04799,4.05334,4.05876,4.06424,4.06978,4.07536,4.08099,4.08665,4.09233,4.09802,4.10372,4.10941,4.11509,4.12075,4.12637,4.13194,4.13746,4.14291,4.14828,4.15355,4.15873,4.16378,4.16870,4.17348,4.17810,4.18254,4.18680,4.19086,4.19471,4.19832,4.20169,4.20480,4.20764,4.21019,4.21243,4.21436,4.21595,4.21719,4.21807,4.21858,4.21869,4.21840,4.21770,4.21657,4.21500,4.21298,4.21050,4.20755,4.20412,4.20020,4.19579,4.19089,4.18548,4.17956,4.17314,4.16621,4.15877,4.15082,4.14237,4.13343,4.12399,4.11406,4.10367,4.09280,4.08149,4.06973,4.05756,4.04497,4.03200,4.01866,4.00497,3.99095,3.97663,3.96203,3.94717,3.93209,3.91680,3.90135,3.88575,3.87003,3.85423,3.83838,3.82250,3.80662,3.79079,3.77502,3.75935,3.74381,3.72843,3.71324,3.69826,3.68354,3.66909,3.65495,3.64114,3.62769,3.61462,3.60197,3.58974,3.57797,3.56668,3.55590,3.54563,3.53590,3.52673,3.51814,3.51015,3.50276,3.49599,3.48987,3.48439,3.47958,3.47544,3.47199,3.46923,3.46718,3.46583,3.46521,3.46530,3.46613,3.46769,3.46999,3.47302,3.47680,3.48131,3.48657,3.49257,3.49929,3.50674,3.51492,3.52385,3.53229,3.54158,3.55154,3.56242,3.57759,3.66411,4.26782,3.70968,3.68229,3.68534,3.69627,3.71063,3.72700,3.74477,3.76366,3.78350,3.80418,3.82565,3.84784,3.87073,3.89427,3.91845,3.94323,3.96858,3.99450,4.02094,4.04790,4.07535,4.10326,4.13161,4.16039,4.18957,4.21912,4.24902,4.27926,4.30980,4.34063,4.37172,4.40305,4.43460,4.46633,4.49823,4.53027,4.56243,4.59467,4.62697,4.65930,4.69161,4.72387,4.75604,4.78806,4.81988,4.85144,4.88266,4.91346,4.94374,4.97340,5.00230,5.03032,5.05730,5.08305,5.10738,5.13009,5.15094,5.16967,5.18602,5.19970,5.21041,5.21786,5.22173,5.22172,5.21753,5.20890,5.19558,5.17735,5.15404,5.12555,5.09182,5.05286,5.00875,4.95965,4.90578,4.84744,4.78497,4.71879,4.64935,4.57715,4.50269,4.42650,4.34911,4.27103,4.19275,4.11473,4.03741,3.96118,3.88637,3.81330,3.74223,3.67336,3.60686,3.54288,3.48151,3.42282,3.36683,3.31356,3.26300,3.21512,3.16986,3.12717,3.08699,3.04922,3.01379,2.98060,2.94957,2.92060,2.89359,2.86845,2.84507,2.82338,2.80327,2.78466,2.76745,2.75155,2.73689,2.72337,2.71092,2.69946,2.68891,2.67918,2.67022,2.66194,2.65427,2.64713,2.64047,2.63420,2.62826,2.62257,2.61707,2.61168,2.60633,2.60094,2.59545,2.58977,2.58383,2.57755,2.57084,2.56362,2.55581,2.54731,2.53803,2.52788,2.51676,2.50456,2.49118,2.47651,2.46044,2.44285,2.42363,2.40265,2.37978,2.35491,2.32790,2.29863,2.26696,2.23275,2.19590,2.15625,2.11370,2.06812,2.01940,1.96743,1.91211,1.85337,1.79112,1.72531,1.65591,1.58288,1.50623,1.42598,1.34218,1.25490,1.16423,1.07032,0.97331,0.87339,0.77078,0.66570,0.55843,0.44926,0.33850,0.22647,0.11352
3.94845,3.94853,3.94878,3.94920,3.94978,3.95053,3.95144,3.95251,3.95375,3.95515,3.95671,3.95844,3.96032,3.96236,3.96455,3.96690,3.96940,3.97205,3.97486,3.97780,3.98089,3.98412,3.98749,3.99100,3.99464,3.99840,4.00229,4.00630,4.01043,4.01467,4.01902,4.02348,4.02803,4.03268,4.03742,4.04223,4.04713,4.05210,4.05713,4.06221,4.06735,4.07253,4.07775,4.08299,4.08825,4.09352,4.09879,4.10405,4.10930,4.11452,4.11970,4.12483,4.12990,4.13490,4.13982,4.14464,4.14936,4.15396,4.15842,4.16275,4.16691,4.17090,4.17471,4.17832,4.18172,4.18489,4.18782,4.19050,4.19290,4.19502,4.19685,4.19836,4.19955,4.20040,4.20089,4.20102,4.20077,4.20013,4.19908,4.19762,4.19573,4.19341,4.19064,4.18742,4.18373,4.17957,4.17494,4.16983,4.16424,4.15815,4.15158,4.14452,4.13697,4.12893,4.12041,4.11141,4.10194,4.09200,4.08161,4.07077,4.05951,4.04782,4.03573,4.02325,4.01039,3.99719,3.98365,3.96981,3.95567,3.94127,3.92663,3.91177,3.89672,3.88152,3.86617,3.85073,3.83520,3.81962,3.80403,3.78845,3.77291,3.75744,3.74207,3.72683,3.71174,3.69685,3.68217,3.66774,3.65359,3.63973,3.62620,3.61302,3.60022,3.58782,3.57585,3.56432,3.55327,3.54270,3.53265,3.52313,3.51415,3.50574,3.49792,3.49069,3.48408,3.47809,3.47274,3.46805,3.46401,3.46065,3.45797,3.45599,3.45470,3.45412,3.45425,3.45510,3.45668,3.45898,3.46201,3.46577,3.47027,3.47549,3.48145,3.48814,3.49554,3.50367,3.51250,3.52209,3.53116,3.54109,3.55165,3.56315,3.57909,3.67347,4.19186,3.70938,3.68482,3.68889,3.70051,3.71546,3.73236,3.75063,3.76999,3.79028,3.81139,3.83327,3.85586,3.87912,3.90302,3.92753,3.95263,3.97828,4.00448,4.03119,4.05839,4.08606,4.11418,4.14273,4.17167,4.20100,4.23068,4.26069,4.29102,4.32163,4.35251,4.38362,4.41496,4.44648,4.47817,4.51001,4.54195,4.57398,4.60607,4.63818,4.67027,4.70232,4.73426,4.76606,4.79766,4.82900,4.86000,4.89058,4.92066,4.95012,4.97885,5.00671,5.03355,5.05921,5.08349,5.10620,5.12710,5.14596,5.16252,5.17651,5.18763,5.19560,5.20011,5.20087,5.19760,5.19002,5.17789,5.16099,5.13915,5.11225,5.08022,5.04306,5.00083,4.95366,4.90176,4.84538,4.78487,4.72060,4.65301,4.58257,4.50978,4.43514,4.35916,4.28237,4.20523,4.12823,4.05179,3.97630,3.90212,3.82956,3.75890,3.69035,3.62410,3.56029,3.49904,3.44041,3.38446,3.33120,3.28064,3.23273,3.18746,3.14475,3.10456,3.06680,3.03140,2.99826,2.96730,2.93843,2.91156,2.88658,2.86342,2.84197,2.82214,2.80385,2.78700,2.77151,2.75729,2.74427,2.73236,2.72148,2.71156,2.70253,2.69430,2.68680,2.67997,2.67373,2.66802,2.66276,2.65788,2.65332,2.64900,2.64487,2.64083,2.63684,2.63280,2.62865,2.62431,2.61970,2.61474,2.60936,2.60346,2.59695,2.58975,2.58176,2.57289,2.56302,2.55206,2.53990,2.52642,2.51151,2.49505,2.47691,2.45696,2.43508,2.41112,2.38496,2.35645,2.32546,2.29183,2.25545,2.21615,2.17382,2.12832,2.07951,2.02729,1.97155,1.91219,1.84912,1.78228,1.71161,1.63709,1.55871,1.47649,1.39046,1.30071,1.20732,1.11044,1.01023,0.90688,0.80062,0.69170,0.58041,0.46705,0.35197,0.23552,0.11807
3.95680,3.95688,3.95712,3.95752,3.95807,3.95879,3.95966,3.96069,3.96187,3.96321,3.96471,3.96635,3.96815,3.97010,3.97220,3.97444,3.97683,3.97936,3.98203,3.98483,3.98778,3.99085,3.99406,3.99739,4.00084,4.00441,4.00810,4.01190,4.01581,4.01982,4.02393,4.02813,4.03242,4.03680,4.04125,4.04577,4.05036,4.05501,4.05971,4.06445,4.06923,4.07405,4.07888,4.08373,4.08859,4.09344,4.09829,4.10311,4.10789,4.11264,4.11734,4.12197,4.12654,4.13101,4.13540,4.13967,4.14383,4.14785,4.15173,4.15545,4.15900,4.16237,4.16554,4.16851,4.17125,4.17375,4.17600,4.17799,4.17970,4.18112,4.18224,4.18303,4.18350,4.18362,4.18339,4.18279,4.18180,4.18043,4.17865,4.17646,4.17385,4.17080,4.16732,4.16339,4.15901,4.15416,4.14886,4.14309,4.13685,4.13013,4.12295,4.11530,4.10718,4.09859,4.08955,4.08006,4.07011,4.05974,4.04894,4.03772,4.02610,4.01410,4.00173,3.98900,3.97594,3.96256,3.94888,3.93493,3.92073,3.90630,3.89167,3.87686,3.86190,3.84682,3.83164,3.81638,3.80109,3.78578,3.77049,3.75524,3.74006,3.72499,3.71004,3.69526,3.68066,3.66628,3.65214,3.63827,3.62469,3.61144,3.59853,3.58600,3.57386,3.56213,3.55085,3.54003,3.52969,3.51985,3.51053,3.50175,3.49353,3.48588,3.47881,3.47235,3.46650,3.46128,3.45670,3.45277,3.44951,3.44691,3.44500,3.44377,3.44324,3.44341,3.44429,3.44588,3.44818,3.45121,3.45496,3.45943,3.46463,3.47055,3.47719,3.48456,3.49263,3.50141,3.51089,3.52111,3.53081,3.54134,3.55251,3.56460,3.58132,3.68449,4.12956,3.70996,3.68805,3.69308,3.70538,3.72089,3.73830,3.75706,3.77687,3.79759,3.81912,3.84139,3.86435,3.88797,3.91221,3.93705,3.96245,3.98839,4.01485,4.04181,4.06924,4.09712,4.12543,4.15415,4.18324,4.21270,4.24249,4.27260,4.30299,4.33365,4.36456,4.39568,4.42699,4.45848,4.49010,4.52184,4.55366,4.58553,4.61743,4.64931,4.68114,4.71287,4.74445,4.77583,4.80695,4.83774,4.86812,4.89799,4.92726,4.95582,4.98352,5.01024,5.03580,5.06003,5.08274,5.10370,5.12268,5.13944,5.15372,5.16523,5.17369,5.17882,5.18032,5.17793,5.17135,5.16037,5.14476,5.12433,5.09897,5.06860,5.03319,4.99279,4.94751,4.89754,4.84310,4.78451,4.72214,4.65639,4.58771,4.51657,4.44348,4.36894,4.29344,4.21747,4.14150,4.06595,3.99122,3.91769,3.84566,3.77542,3.70721,3.64121,3.57758,3.51645,3.45789,3.40197,3.34871,3.29812,3.25019,3.20488,3.16214,3.12192,3.08415,3.04875,3.01564,2.98473,2.95594,2.92917,2.90434,2.88135,2.86011,2.84053,2.82252,2.80600,2.79088,2.77708,2.76452,2.75312,2.74279,2.73347,2.72508,2.71754,2.71080,2.70477,2.69938,2.69458,2.69029,2.68644,2.68296,2.67980,2.67687,2.67412,2.67147,2.66885,2.66619,2.66341,2.66044,2.65721,2.65362,2.64960,2.64506,2.63992,2.63407,2.62743,2.61989,2.61135,2.60169,2.59082,2.57860,2.56493,2.54967,2.53268,2.51385,2.49303,2.47007,2.44484,2.41718,2.38695,2.35399,2.31815,2.27928,2.23723,2.19186,2.14304,2.09062,2.03448,1.97452,1.91064,1.84276,1.77082,1.69477,1.61460,1.53032,1.44197,1.34962,1.25337,1.15336,1.04975,0.94275,0.83260,0.71958,0.60398,0.48615,0.36644,0.24524,0.12296
3.96413,3.96421,3.96444,3.96482,3.96535,3.96603,3.96686,3.96784,3.96897,3.97024,3.97167,3.97323,3.97494,3.97680,3.97879,3.98092,3.98319,3.98559,3.98813,3.99079,3.99358,3.99649,3.99952,4.00267,4.00594,4.00931,4.01279,4.01637,4.02005,4.02382,4.02768,4.03162,4.03564,4.03973,4.04389,4.04811,4.05238,4.05670,4.06106,4.06546,4.06988,4.07432,4.07877,4.08322,4.08766,4.09209,4.09649,4.10086,4.10519,4.10946,4.11367,4.11781,4.12185,4.12581,4.12965,4.13337,4.13696,4.14041,4.14370,4.14683,4.14977,4.15252,4.15506,4.15738,4.15947,4.16132,4.16290,4.16422,4.16524,4.16598,4.16640,4.16649,4.16626,4.16568,4.16473,4.16342,4.16173,4.15965,4.15717,4.15429,4.15098,4.14725,4.14309,4.13849,4.13345,4.12796,4.12203,4.11564,4.10880,4.10150,4.09376,4.08556,4.07693,4.06785,4.05834,4.04840,4.03804,4.02728,4.01612,4.00458,3.99267,3.98041,3.96781,3.95489,3.94167,3.92817,3.91441,3.90041,3.88620,3.87179,3.85722,3.84250,3.82767,3.81276,3.79777,3.78276,3.76773,3.75273,3.73777,3.72289,3.70811,3.69346,3.67897,3.66467,3.65057,3.63672,3.62314,3.60984,3.59687,3.58423,3.57196,3.56007,3.54860,3.53756,3.52697,3.51685,3.50723,3.49812,3.48953,3.48149,3.47401,3.46711,3.46080,3.45509,3.45000,3.44554,3.44172,3.43855,3.43604,3.43420,3.43304,3.43256,3.43277,3.43367,3.43528,3.43760,3.44062,3.44436,3.44882,3.45399,3.45987,3.46647,3.47378,3.48180,3.49053,3.49995,3.51006,3.52089,3.53120,3.54234,3.55409,3.56676,3.58424,3.69729,4.07842,3.71137,3.69193,3.69790,3.71084,3.72690,3.74481,3.76403,3.78428,3.80542,3.82734,3.84999,3.87332,3.89728,3.92184,3.94698,3.97267,3.99888,4.02559,4.05278,4.08042,4.10849,4.13697,4.16584,4.19507,4.22464,4.25453,4.28470,4.31515,4.34584,4.37675,4.40785,4.43913,4.47054,4.50207,4.53368,4.56535,4.59703,4.62870,4.66032,4.69183,4.72320,4.75437,4.78528,4.81586,4.84603,4.87571,4.90480,4.93318,4.96074,4.98733,5.01281,5.03698,5.05968,5.08069,5.09979,5.11674,5.13129,5.14317,5.15211,5.15782,5.16004,5.15847,5.15287,5.14299,5.12861,5.10956,5.08569,5.05692,5.02321,4.98459,4.94116,4.89307,4.84054,4.78386,4.72336,4.65943,4.59250,4.52303,4.45149,4.37839,4.30420,4.22942,4.15449,4.07985,4.00592,3.93305,3.86157,3.79177,3.72390,3.65816,3.59472,3.53371,3.47522,3.41933,3.36607,3.31546,3.26749,3.22213,3.17934,3.13908,3.10127,3.06585,3.03274,3.00186,2.97312,2.94644,2.92171,2.89887,2.87781,2.85845,2.84070,2.82448,2.80970,2.79628,2.78414,2.77321,2.76340,2.75464,2.74686,2.73998,2.73395,2.72868,2.72411,2.72018,2.71682,2.71395,2.71153,2.70947,2.70772,2.70620,2.70486,2.70361,2.70240,2.70115,2.69978,2.69823,2.69641,2.69423,2.69163,2.68851,2.68478,2.68035,2.67511,2.66897,2.66182,2.65355,2.64404,2.63317,2.62081,2.60683,2.59110,2.57347,2.55380,2.53194,2.50773,2.48101,2.45163,2.41942,2.38421,2.34585,2.30417,2.25902,2.21023,2.15767,2.10119,2.04067,1.97599,1.90708,1.83384,1.75622,1.67421,1.58780,1.49702,1.40194,1.30267,1.19934,1.09212,0.98124,0.86695,0.74953,0.62933,0.50669,0.38201,0.25571,0.12822
3.97055,3.97062,3.97083,3.97119,3.97170,3.97234,3.97313,3.97406,3.97513,3.97634,3.97769,3.97917,3.98079,3.98255,3.98444,3.98645,3.98860,3.99086,3.99326,3.99577,3.99840,4.00114,4.00400,4.00696,4.01003,4.01320,4.01646,4.01981,4.02325,4.02678,4.03038,4.03406,4.03780,4.04160,4.04546,4.04937,4.05332,4.05730,4.06132,4.06535,4.06940,4.07346,4.07752,4.08156,4.08559,4.08959,4.09355,4.09747,4.10133,4.10512,4.10884,4.11247,4.11600,4.11942,4.12273,4.12590,4.12893,4.13181,4.13451,4.13704,4.13938,4.14151,4.14343,4.14512,4.14657,4.14777,4.14870,4.14935,4.14971,4.14977,4.14952,4.14894,4.14802,4.14675,4.14513,4.14314,4.14077,4.13801,4.13486,4.13131,4.12735,4.12297,4.11816,4.11294,4.10728,4.10119,4.09467,4.08771,4.08031,4.07248,4.06423,4.05554,4.04644,4.03692,4.02699,4.01666,4.00594,3.99485,3.98339,3.97157,3.95943,3.94696,3.93418,3.92112,3.90780,3.89422,3.88043,3.86643,3.85225,3.83791,3.82345,3.80887,3.79421,3.77950,3.76476,3.75002,3.73530,3.72063,3.70603,3.69155,3.67719,3.66300,3.64898,3.63518,3.62162,3.60832,3.59530,3.58260,3.57023,3.55822,3.54659,3.53537,3.52456,3.51421,3.50431,3.49490,3.48600,3.47761,3.46975,3.46245,3.45571,3.44955,3.44399,3.43903,3.43469,3.43098,3.42790,3.42548,3.42371,3.42261,3.42219,3.42244,3.42338,3.42501,3.42734,3.43037,3.43410,3.43853,3.44368,3.44953,3.45608,3.46335,3.47131,3.47998,3.48934,3.49938,3.51011,3.52154,3.53245,3.54416,3.55648,3.56972,3.58796,3.71217,4.03658,3.71372,3.69660,3.70345,3.71702,3.73361,3.75200,3.77166,3.79234,3.81387,3.83618,3.85919,3.88286,3.90715,3.93202,3.95744,3.98340,4.00987,4.03681,4.06421,4.09205,4.12030,4.14894,4.17794,4.20729,4.23695,4.26691,4.29714,4.32762,4.35832,4.38921,4.42027,4.45148,4.48280,4.51420,4.54566,4.57714,4.60860,4.64001,4.67131,4.70247,4.73343,4.76413,4.79451,4.82448,4.85397,4.88288,4.91110,4.93852,4.96499,4.99037,5.01450,5.03719,5.05825,5.07745,5.09458,5.10939,5.12162,5.13101,5.13729,5.14017,5.13941,5.13474,5.12591,5.11273,5.09499,5.07256,5.04534,5.01328,4.97640,4.93477,4.88853,4.83787,4.78306,4.72441,4.66229,4.59710,4.52928,4.45931,4.38765,4.31479,4.24120,4.16733,4.09363,4.02050,3.94831,3.87740,3.80806,3.74054,3.67507,3.61183,3.55095,3.49254,3.43667,3.38341,3.33276,3.28473,3.23931,3.19646,3.15614,3.11828,3.08282,3.04969,3.01881,2.99010,2.96347,2.93883,2.91610,2.89520,2.87603,2.85850,2.84255,2.82807,2.81500,2.80325,2.79275,2.78342,2.77519,2.76798,2.76173,2.75636,2.75182,2.74803,2.74493,2.74245,2.74053,2.73911,2.73812,2.73750,2.73718,2.73710,2.73719,2.73738,2.73761,2.73780,2.73789,2.73779,2.73742,2.73672,2.73559,2.73394,2.73169,2.72873,2.72497,2.72031,2.71463,2.70781,2.69975,2.69030,2.67935,2.66675,2.65237,2.63604,2.61762,2.59695,2.57387,2.54820,2.51977,2.48841,2.45394,2.41618,2.37496,2.33010,2.28143,2.22879,2.17202,2.11098,2.04554,1.97559,1.90105,1.82183,1.73792,1.64929,1.55598,1.45804,1.35557,1.24872,1.13767,1.02265,0.90392,0.78181,0.65665,0.52884,0.39881,0.26701,0.13390
3.97605,3.97612,3.97633,3.97667,3.97714,3.97775,3.97850,3.97937,3.98038,3.98152,3.98280,3.98420,3.98572,3.98738,3.98915,3.99105,3.99306,3.99520,3.99744,3.99980,4.00226,4.00484,4.00751,4.01028,4.01314,4.01610,4.01914,4.02226,4.02546,4.02873,4.03207,4.03547,4.03893,4.04244,4.04599,4.04958,4.05320,4.05685,4.06051,4.06418,4.06786,4.07153,4.07519,4.07882,4.08243,4.08599,4.08951,4.09297,4.09636,4.09967,4.10290,4.10602,4.10904,4.11194,4.11470,4.11733,4.11980,4.12211,4.12423,4.12618,4.12792,4.12944,4.13075,4.13182,4.13264,4.13320,4.13349,4.13349,4.13321,4.13261,4.13170,4.13047,4.12889,4.12697,4.12469,4.12205,4.11903,4.11563,4.11184,4.10766,4.10307,4.09808,4.09268,4.08686,4.08063,4.07398,4.06691,4.05943,4.05153,4.04321,4.03449,4.02537,4.01584,4.00593,3.99563,3.98497,3.97394,3.96257,3.95085,3.93882,3.92649,3.91386,3.90096,3.88781,3.87443,3.86084,3.84705,3.83310,3.81900,3.80477,3.79045,3.77606,3.76161,3.74715,3.73268,3.71824,3.70386,3.68956,3.67536,3.66129,3.64739,3.63366,3.62015,3.60687,3.59385,3.58111,3.56868,3.55658,3.54483,3.53345,3.52247,3.51191,3.50179,3.49211,3.48292,3.47421,3.46602,3.45835,3.45122,3.44464,3.43864,3.43322,3.42839,3.42417,3.42057,3.41760,3.41526,3.41358,3.41254,3.41217,3.41247,3.41345,3.41510,3.41744,3.42047,3.42420,3.42862,3.43373,3.43955,3.44607,3.45328,3.46120,3.46980,3.47910,3.48908,3.49973,3.51105,3.52308,3.53456,3.54684,3.55971,3.57351,3.59251,3.72936,4.00250,3.71702,3.70205,3.70976,3.72393,3.74103,3.75988,3.77997,3.80105,3.82298,3.84565,3.86901,3.89300,3.91760,3.94276,3.96846,3.99467,4.02137,4.04854,4.07614,4.10415,4.13256,4.16134,4.19046,4.21990,4.24965,4.27966,4.30992,4.34041,4.37109,4.40195,4.43295,4.46406,4.49526,4.52651,4.55778,4.58904,4.62024,4.65134,4.68229,4.71305,4.74355,4.77373,4.80351,4.83281,4.86155,4.88961,4.91689,4.94324,4.96854,4.99261,5.01529,5.03639,5.05570,5.07300,5.08805,5.10062,5.11044,5.11724,5.12078,5.12078,5.11700,5.10919,5.09714,5.08068,5.05964,5.03392,5.00346,4.96827,4.92840,4.88396,4.83514,4.78217,4.72534,4.66501,4.60155,4.53539,4.46697,4.39676,4.32524,4.25285,4.18007,4.10732,4.03501,3.96352,3.89319,3.82432,3.75718,3.69199,3.62895,3.56820,3.50986,3.45403,3.40075,3.35006,3.30198,3.25648,3.21355,3.17315,3.13522,3.09971,3.06653,3.03563,3.00692,2.98031,2.95573,2.93309,2.91231,2.89329,2.87597,2.86024,2.84604,2.83328,2.82189,2.81179,2.80290,2.79515,2.78848,2.78282,2.77809,2.77423,2.77117,2.76886,2.76723,2.76621,2.76575,2.76578,2.76624,2.76708,2.76821,2.76959,2.77114,2.77281,2.77451,2.77619,2.77777,2.77917,2.78032,2.78113,2.78153,2.78142,2.78070,2.77930,2.77709,2.77397,2.76984,2.76457,2.75804,2.75012,2.74068,2.72956,2.71662,2.70170,2.68465,2.66528,2.64344,2.61893,2.59157,2.56117,2.52755,2.49051,2.44985,2.40538,2.35691,2.30427,2.24728,2.18577,2.11961,2.04865,1.97279,1.89196,1.80609,1.71516,1.61920,1.51825,1.41241,1.30184,1.18671,1.06727,0.94380,0.81663,0.68615,0.55278,0.41697,0.27922,0.14005
3.98066,3.98072,3.98091,3.98123,3.98168,3.98225,3.98295,3.98377,3.98472,3.98579,3.98698,3.98829,3.98972,3.99127,3.99293,3.99471,3.99659,3.99858,4.00068,4.00288,4.00517,4.00757,4.01005,4.01262,4.01528,4.01802,4.02083,4.02372,4.02667,4.02968,4.03276,4.03588,4.03904,4.04225,4.04549,4.04876,4.05205,4.05535,4.05866,4.06196,4.06526,4.06854,4.07180,4.07502,4.07820,4.08133,4.08440,4.08740,4.09032,4.09315,4.09589,4.09851,4.10101,4.10339,4.10562,4.10770,4.10962,4.11136,4.11292,4.11428,4.11544,4.11637,4.11707,4.11753,4.11774,4.11768,4.11735,4.11673,4.11581,4.11458,4.11304,4.11117,4.10897,4.10642,4.10351,4.10024,4.09661,4.09260,4.08821,4.08343,4.07826,4.07269,4.06673,4.06037,4.05360,4.04643,4.03887,4.03090,4.02254,4.01379,4.00465,3.99514,3.98525,3.97499,3.96438,3.95343,3.94214,3.93053,3.91862,3.90642,3.89395,3.88121,3.86824,3.85505,3.84166,3.82809,3.81436,3.80049,3.78651,3.77244,3.75831,3.74413,3.72993,3.71574,3.70159,3.68749,3.67347,3.65956,3.64578,3.63216,3.61872,3.60549,3.59249,3.57975,3.56729,3.55513,3.54329,3.53180,3.52067,3.50994,3.49961,3.48972,3.48027,3.47128,3.46278,3.45478,3.44729,3.44034,3.43393,3.42808,3.42280,3.41811,3.41401,3.41052,3.40765,3.40540,3.40379,3.40283,3.40252,3.40286,3.40387,3.40555,3.40791,3.41095,3.41467,3.41907,3.42417,3.42996,3.43643,3.44360,3.45146,3.46001,3.46924,3.47915,3.48973,3.50098,3.51289,3.52548,3.53753,3.55036,3.56376,3.57810,3.59785,3.74911,3.97491,3.72123,3.70828,3.71681,3.73155,3.74914,3.76843,3.78894,3.81042,3.83271,3.85573,3.87942,3.90373,3.92862,3.95406,3.98002,4.00647,4.03339,4.06075,4.08853,4.11671,4.14526,4.17416,4.20338,4.23290,4.26270,4.29275,4.32303,4.35350,4.38415,4.41494,4.44585,4.47684,4.50789,4.53896,4.57001,4.60101,4.63190,4.66266,4.69322,4.72352,4.75350,4.78310,4.81222,4.84079,4.86870,4.89584,4.92208,4.94729,4.97131,4.99399,5.01512,5.03453,5.05198,5.06727,5.08015,5.09038,5.09770,5.10185,5.10258,5.09965,5.09282,5.08188,5.06663,5.04693,5.02266,4.99376,4.96021,4.92205,4.87938,4.83235,4.78119,4.72617,4.66760,4.60586,4.54134,4.47449,4.40574,4.33555,4.26439,4.19270,4.12092,4.04945,3.97868,3.90895,3.84057,3.77381,3.70892,3.64609,3.58548,3.52722,3.47141,3.41812,3.36739,3.31923,3.27365,3.23063,3.19014,3.15212,3.11652,3.08329,3.05234,3.02360,2.99700,2.97245,2.94986,2.92917,2.91028,2.89312,2.87759,2.86363,2.85115,2.84008,2.83034,2.82186,2.81456,2.80839,2.80327,2.79913,2.79591,2.79356,2.79199,2.79116,2.79100,2.79146,2.79247,2.79397,2.79590,2.79821,2.80083,2.80369,2.80674,2.80991,2.81313,2.81634,2.81945,2.82241,2.82512,2.82751,2.82950,2.83099,2.83189,2.83210,2.83152,2.83005,2.82755,2.82392,2.81902,2.81273,2.80489,2.79536,2.78399,2.77060,2.75503,2.73709,2.71661,2.69339,2.66723,2.63793,2.60528,2.56907,2.52909,2.48513,2.43698,2.38443,2.32730,2.26539,2.19855,2.12661,2.04945,1.96697,1.87909,1.78579,1.68707,1.58296,1.47357,1.35905,1.23958,1.11541,0.98686,0.85427,0.71806,0.57868,0.43663,0.29245,0.14671
3.98447,3.98453,3.98471,3.98500,3.98542,3.98596,3.98661,3.98738,3.98826,3.98926,3.99037,3.99159,3.99292,3.99436,3.99590,3.99755,3.99930,4.00115,4.00309,4.00513,4.00725,4.00946,4.01175,4.01413,4.01657,4.01909,4.02167,4.02432,4.02702,4.02977,4.03257,4.03540,4.03828,4.04118,4.04411,4.04705,4.05000,4.05295,4.05590,4.05884,4.06175,4.06464,4.06749,4.07030,4.07306,4.07575,4.07837,4.08092,4.08337,4.08572,4.08797,4.09009,4.09209,4.09394,4.09565,4.09719,4.09856,4.09975,4.10075,4.10154,4.10212,4.10247,4.10258,4.10245,4.10206,4.10140,4.10046,4.09923,4.09771,4.09588,4.09373,4.09125,4.08844,4.08529,4.08179,4.07793,4.07371,4.06912,4.06416,4.05883,4.05311,4.04701,4.04053,4.03366,4.02640,4.01877,4.01075,4.00235,3.99357,3.98443,3.97493,3.96506,3.95485,3.94430,3.93343,3.92223,3.91074,3.89895,3.88688,3.87456,3.86199,3.84920,3.83620,3.82301,3.80966,3.79615,3.78252,3.76878,3.75496,3.74108,3.72717,3.71324,3.69933,3.68545,3.67163,3.65789,3.64427,3.63077,3.61744,3.60428,3.59134,3.57862,3.56615,3.55396,3.54206,3.53049,3.51925,3.50838,3.49789,3.48780,3.47813,3.46890,3.46013,3.45183,3.44402,3.43672,3.42994,3.42369,3.41800,3.41286,3.40830,3.40433,3.40095,3.39818,3.39603,3.39450,3.39361,3.39335,3.39375,3.39480,3.39651,3.39889,3.40193,3.40565,3.41005,3.41512,3.42088,3.42732,3.43444,3.44225,3.45074,3.45990,3.46975,3.48026,3.49143,3.50326,3.51574,3.52889,3.54149,3.55485,3.56878,3.58363,3.60415,3.77187,3.95297,3.72651,3.71544,3.72475,3.74004,3.75810,3.77783,3.79874,3.82058,3.84323,3.86659,3.89060,3.91520,3.94037,3.96607,3.99227,4.01895,4.04607,4.07362,4.10156,4.12989,4.15856,4.18756,4.21687,4.24645,4.27629,4.30635,4.33662,4.36706,4.39765,4.42835,4.45915,4.48999,4.52086,4.55171,4.58251,4.61321,4.64376,4.67413,4.70424,4.73403,4.76345,4.79240,4.82080,4.84856,4.87557,4.90170,4.92682,4.95080,4.97346,4.99463,5.01412,5.03173,5.04724,5.06042,5.07103,5.07883,5.08357,5.08500,5.08289,5.07699,5.06710,5.05303,5.03462,5.01175,4.98435,4.95239,4.91589,4.87494,4.82968,4.78029,4.72704,4.67022,4.61017,4.54729,4.48199,4.41470,4.34586,4.27593,4.20535,4.13456,4.06395,3.99391,3.92479,3.85691,3.79056,3.72597,3.66336,3.60290,3.54473,3.48895,3.43564,3.38486,3.33663,3.29096,3.24783,3.20723,3.16910,3.13341,3.10009,3.06907,3.04028,3.01366,2.98911,2.96656,2.94593,2.92714,2.91011,2.89475,2.88099,2.86876,2.85798,2.84856,2.84045,2.83358,2.82786,2.82325,2.81967,2.81705,2.81535,2.81449,2.81442,2.81508,2.81641,2.81835,2.82085,2.82384,2.82727,2.83107,2.83520,2.83959,2.84417,2.84889,2.85367,2.85845,2.86316,2.86772,2.87206,2.87609,2.87973,2.88290,2.88549,2.88741,2.88855,2.88879,2.88804,2.88614,2.88299,2.87843,2.87232,2.86450,2.85481,2.84308,2.82913,2.81277,2.79379,2.77200,2.74719,2.71912,2.68759,2.65236,2.61320,2.56987,2.52215,2.46981,2.41264,2.35041,2.28295,2.21007,2.13162,2.04748,1.95756,1.86180,1.76019,1.65277,1.53962,1.42090,1.29679,1.16757,1.03355,0.89512,0.75271,0.60682,0.45800,0.30684,0.15395
3.98745,3.98751,3.98767,3.98795,3.98833,3.98883,3.98943,3.99014,3.99096,3.99189,3.99291,3.99404,3.99527,3.99660,3.99803,3.99955,4.00116,4.00286,4.00464,4.00651,4.00846,4.01049,4.01259,4.01475,4.01698,4.01928,4.02162,4.02402,4.02647,4.02896,4.03148,4.03403,4.03661,4.03920,4.04181,4.04443,4.04704,4.04964,4.05223,4.05479,4.05733,4.05982,4.06227,4.06467,4.06700,4.06926,4.07144,4.07352,4.07551,4.07739,4.07915,4.08078,4.08227,4.08362,4.08480,4.08582,4.08665,4.08730,4.08774,4.08798,4.08800,4.08778,4.08732,4.08661,4.08564,4.08440,4.08288,4.08107,4.07896,4.07655,4.07382,4.07076,4.06738,4.06365,4.05959,4.05517,4.05040,4.04528,4.03978,4.03393,4.02770,4.02111,4.01415,4.00682,3.99912,3.99105,3.98262,3.97383,3.96469,3.95521,3.94538,3.93522,3.92474,3.91394,3.90284,3.89146,3.87980,3.86787,3.85571,3.84331,3.83069,3.81788,3.80490,3.79175,3.77847,3.76507,3.75157,3.73800,3.72438,3.71073,3.69707,3.68342,3.66982,3.65627,3.64282,3.62947,3.61626,3.60321,3.59033,3.57766,3.56522,3.55302,3.54110,3.52947,3.51815,3.50717,3.49655,3.48629,3.47644,3.46700,3.45798,3.44942,3.44132,3.43371,3.42659,3.41998,3.41390,3.40836,3.40337,3.39894,3.39509,3.39183,3.38916,3.38710,3.38565,3.38483,3.38464,3.38508,3.38617,3.38791,3.39031,3.39337,3.39709,3.40147,3.40653,3.41226,3.41867,3.42575,3.43350,3.44193,3.45103,3.46080,3.47124,3.48234,3.49409,3.50648,3.51951,3.53321,3.54634,3.56022,3.57466,3.59002,3.61129,3.79792,3.93578,3.73273,3.72342,3.73347,3.74930,3.76781,3.78795,3.80924,3.83145,3.85443,3.87811,3.90242,3.92731,3.95274,3.97868,4.00511,4.03199,4.05930,4.08702,4.11511,4.14356,4.17235,4.20143,4.23080,4.26043,4.29028,4.32034,4.35058,4.38096,4.41147,4.44206,4.47271,4.50337,4.53403,4.56463,4.59514,4.62550,4.65567,4.68560,4.71521,4.74445,4.77323,4.80148,4.82909,4.85597,4.88199,4.90704,4.93096,4.95361,4.97481,4.99439,5.01214,5.02786,5.04133,5.05231,5.06058,5.06588,5.06798,5.06665,5.06165,5.05277,5.03983,5.02267,5.00116,4.97522,4.94480,4.90992,4.87065,4.82711,4.77947,4.72796,4.67286,4.61450,4.55324,4.48949,4.42365,4.35617,4.28749,4.21803,4.14823,4.07849,4.00920,3.94072,3.87336,3.80742,3.74316,3.68078,3.62047,3.56238,3.50663,3.45330,3.40247,3.35415,3.30837,3.26513,3.22440,3.18615,3.15034,3.11691,3.08580,3.05694,3.03026,3.00569,2.98314,2.96255,2.94382,2.92688,2.91166,2.89808,2.88606,2.87552,2.86640,2.85862,2.85212,2.84683,2.84268,2.83962,2.83757,2.83647,2.83628,2.83692,2.83835,2.84051,2.84333,2.84677,2.85077,2.85527,2.86021,2.86555,2.87122,2.87716,2.88331,2.88961,2.89600,2.90240,2.90875,2.91498,2.92100,2.92674,2.93212,2.93703,2.94139,2.94510,2.94804,2.95011,2.95119,2.95115,2.94984,2.94714,2.94288,2.93690,2.92904,2.91911,2.90692,2.89227,2.87496,2.85476,2.83144,2.80478,2.77452,2.74043,2.70224,2.65970,2.61255,2.56055,2.50345,2.44101,2.37302,2.29926,2.21955,2.13376,2.04175,1.94346,1.83886,1.72797,1.61087,1.48769,1.35865,1.22402,1.08413,0.93941,0.79031,0.63738,0.48122,0.32248,0.16183
3.98965,3.98971,3.98986,3.99011,3.99047,3.99092,3.99148,3.99213,3.99288,3.99373,3.99467,3.99571,3.99684,3.99806,3.99936,4.00075,4.00222,4.00377,4.00540,4.00710,4.00887,4.01071,4.01261,4.01457,4.01658,4.01865,4.02076,4.02291,4.02510,4.02732,4.02956,4.03183,4.03411,4.03640,4.03868,4.04097,4.04324,4.04549,4.04772,4.04992,4.05207,4.05417,4.05622,4.05820,4.06011,4.06194,4.06368,4.06531,4.06684,4.06825,4.06953,4.07068,4.07167,4.07251,4.07319,4.07369,4.07400,4.07412,4.07403,4.07372,4.07319,4.07242,4.07141,4.07015,4.06862,4.06682,4.06474,4.06237,4.05970,4.05673,4.05344,4.04984,4.04591,4.04165,4.03705,4.03211,4.02683,4.02120,4.01521,4.00888,4.00218,3.99514,3.98774,3.97999,3.97188,3.96343,3.95464,3.94551,3.93604,3.92626,3.91615,3.90574,3.89503,3.88404,3.87277,3.86123,3.84945,3.83744,3.82521,3.81277,3.80016,3.78737,3.77444,3.76138,3.74821,3.73495,3.72163,3.70826,3.69486,3.68147,3.66809,3.65476,3.64149,3.62831,3.61524,3.60231,3.58953,3.57693,3.56453,3.55236,3.54043,3.52878,3.51740,3.50634,3.49561,3.48523,3.47522,3.46559,3.45637,3.44758,3.43922,3.43132,3.42390,3.41696,3.41052,3.40460,3.39921,3.39437,3.39007,3.38635,3.38320,3.38063,3.37866,3.37730,3.37655,3.37642,3.37691,3.37805,3.37982,3.38223,3.38530,3.38902,3.39340,3.39845,3.40415,3.41052,3.41756,3.42526,3.43363,3.44267,3.45237,3.46273,3.47375,3.48542,3.49773,3.51068,3.52425,3.53847,3.55212,3.56651,3.58144,3.59730,3.61932,3.82774,3.92275,3.73993,3.73226,3.74301,3.75935,3.77830,3.79883,3.82049,3.84304,3.86635,3.89033,3.91493,3.94008,3.96576,3.99193,4.01857,4.04564,4.07312,4.10099,4.12922,4.15778,4.18665,4.21581,4.24522,4.27487,4.30472,4.33475,4.36494,4.39524,4.42563,4.45608,4.48656,4.51702,4.54743,4.57774,4.60792,4.63791,4.66765,4.69709,4.72615,4.75477,4.78287,4.81034,4.83709,4.86302,4.88799,4.91186,4.93450,4.95574,4.97539,4.99328,5.00921,5.02295,5.03429,5.04300,5.04885,5.05159,5.05101,5.04687,5.03897,5.02712,5.01117,4.99097,4.96643,4.93752,4.90422,4.86659,4.82473,4.77879,4.72900,4.67560,4.61891,4.55927,4.49706,4.43268,4.36655,4.29912,4.23079,4.16200,4.09315,4.02463,3.95679,3.88997,3.82446,3.76052,3.69838,3.63823,3.58023,3.52451,3.47117,3.42027,3.37186,3.32596,3.28259,3.24172,3.20333,3.16738,3.13382,3.10259,3.07363,3.04687,3.02225,2.99967,2.97908,2.96039,2.94352,2.92840,2.91495,2.90310,2.89278,2.88392,2.87643,2.87027,2.86536,2.86164,2.85904,2.85751,2.85698,2.85741,2.85872,2.86087,2.86380,2.86746,2.87180,2.87675,2.88227,2.88830,2.89479,2.90168,2.90892,2.91645,2.92421,2.93214,2.94018,2.94826,2.95631,2.96426,2.97203,2.97955,2.98672,2.99347,2.99968,3.00527,3.01012,3.01411,3.01713,3.01905,3.01972,3.01899,3.01672,3.01272,3.00683,2.99885,2.98858,2.97582,2.96033,2.94189,2.92026,2.89517,2.86637,2.83359,2.79655,2.75497,2.70857,2.65706,2.60018,2.53765,2.46922,2.39466,2.31375,2.22632,2.13221,2.03133,1.92363,1.80911,1.68784,1.55995,1.42566,1.28523,1.13904,0.98753,0.83120,0.67064,0.50651,0.33952,0.17041
3.99118,3.99123,3.99137,3.99160,3.99192,3.99234,3.99285,3.99344,3.99413,3.99490,3.99575,3.99669,3.99772,3.99882,4.00000,4.00126,4.00259,4.00399,4.00546,4.00699,4.00858,4.01023,4.01193,4.01368,4.01548,4.01731,4.01919,4.02109,4.02302,4.02497,4.02694,4.02891,4.03089,4.03287,4.03484,4.03680,4.03873,4.04063,4.04250,4.04433,4.04610,4.04782,4.04946,4.05104,4.05253,4.05393,4.05523,4.05642,4.05750,4.05845,4.05926,4.05992,4.06044,4.06079,4.06096,4.06095,4.06076,4.06036,4.05975,4.05891,4.05786,4.05656,4.05501,4.05321,4.05115,4.04881,4.04620,4.04329,4.04009,4.03659,4.03278,4.02866,4.02422,4.01945,4.01435,4.00893,4.00316,3.99706,3.99062,3.98384,3.97672,3.96927,3.96147,3.95334,3.94487,3.93608,3.92696,3.91753,3.90779,3.89775,3.88741,3.87679,3.86590,3.85475,3.84335,3.83171,3.81986,3.80779,3.79554,3.78311,3.77053,3.75781,3.74497,3.73203,3.71901,3.70593,3.69281,3.67967,3.66653,3.65342,3.64036,3.62736,3.61445,3.60165,3.58899,3.57649,3.56416,3.55204,3.54013,3.52847,3.51707,3.50596,3.49515,3.48467,3.47453,3.46475,3.45535,3.44635,3.43777,3.42962,3.42192,3.41468,3.40792,3.40166,3.39590,3.39066,3.38596,3.38179,3.37819,3.37515,3.37269,3.37081,3.36953,3.36885,3.36879,3.36934,3.37051,3.37231,3.37475,3.37784,3.38156,3.38594,3.39096,3.39665,3.40298,3.40998,3.41764,3.42595,3.43493,3.44456,3.45484,3.46578,3.47737,3.48959,3.50245,3.51593,3.53003,3.54477,3.55893,3.57380,3.58921,3.60555,3.62833,3.86199,3.91344,3.74819,3.74205,3.75348,3.77031,3.78968,3.81059,3.83259,3.85547,3.87909,3.90336,3.92823,3.95363,3.97955,4.00593,4.03276,4.06001,4.08765,4.11565,4.14399,4.17265,4.20159,4.23080,4.26024,4.28989,4.31972,4.34970,4.37980,4.41000,4.44026,4.47054,4.50081,4.53104,4.56117,4.59116,4.62096,4.65053,4.67980,4.70870,4.73716,4.76511,4.79245,4.81908,4.84491,4.86980,4.89364,4.91626,4.93753,4.95727,4.97529,4.99141,5.00541,5.01709,5.02623,5.03259,5.03595,5.03609,5.03278,5.02582,5.01503,5.00023,4.98130,4.95813,4.93067,4.89891,4.86287,4.82265,4.77839,4.73028,4.67856,4.62351,4.56547,4.50479,4.44187,4.37710,4.31092,4.24374,4.17597,4.10802,4.04028,3.97311,3.90683,3.84176,3.77816,3.71627,3.65629,3.59839,3.54270,3.48933,3.43836,3.38986,3.34384,3.30032,3.25929,3.22074,3.18463,3.15092,3.11955,3.09047,3.06361,3.03890,3.01627,2.99565,2.97696,2.96012,2.94507,2.93173,2.92002,2.90988,2.90123,2.89400,2.88814,2.88357,2.88024,2.87807,2.87702,2.87702,2.87801,2.87995,2.88278,2.88644,2.89089,2.89606,2.90192,2.90840,2.91546,2.92305,2.93111,2.93959,2.94844,2.95760,2.96702,2.97663,2.98637,2.99618,3.00599,3.01573,3.02532,3.03469,3.04374,3.05240,3.06056,3.06812,3.07498,3.08101,3.08609,3.09009,3.09287,3.09426,3.09412,3.09226,3.08849,3.08263,3.07446,3.06376,3.05029,3.03381,3.01404,2.99074,2.96360,2.93233,2.89664,2.85621,2.81074,2.75991,2.70341,2.64094,2.57221,2.49695,2.41491,2.32587,2.22966,2.12614,2.01523,1.89692,1.77125,1.63836,1.49845,1.35182,1.19884,1.03999,0.87582,0.70696,0.53415,0.35815,0.17980
3.99200,3.99205,3.99217,3.99238,3.99267,3.99305,3.99350,3.99404,3.99465,3.99535,3.99612,3.99696,3.99788,3.99887,3.99993,4.00105,4.00224,4.00349,4.00479,4.00615,4.00756,4.00902,4.01052,4.01206,4.01364,4.01525,4.01688,4.01854,4.02021,4.02189,4.02358,4.02526,4.02695,4.02862,4.03027,4.03189,4.03349,4.03505,4.03656,4.03802,4.03941,4.04074,4.04200,4.04317,4.04425,4.04523,4.04610,4.04686,4.04748,4.04798,4.04833,4.04853,4.04857,4.04844,4.04813,4.04763,4.04693,4.04603,4.04492,4.04358,4.04201,4.04020,4.03815,4.03583,4.03326,4.03041,4.02728,4.02387,4.02017,4.01617,4.01186,4.00725,4.00233,3.99709,3.99153,3.98565,3.97944,3.97291,3.96605,3.95887,3.95136,3.94353,3.93538,3.92691,3.91812,3.90903,3.89964,3.88995,3.87997,3.86971,3.85919,3.84841,3.83737,3.82611,3.81462,3.80292,3.79102,3.77895,3.76672,3.75434,3.74183,3.72921,3.71649,3.70371,3.69087,3.67800,3.66511,3.65223,3.63938,3.62658,3.61385,3.60121,3.58868,3.57629,3.56406,3.55200,3.54014,3.52850,3.51710,3.50596,3.49510,3.48454,3.47430,3.46440,3.45485,3.44568,3.43690,3.42853,3.42058,3.41307,3.40602,3.39944,3.39335,3.38775,3.38266,3.37810,3.37407,3.37059,3.36766,3.36530,3.36352,3.36232,3.36172,3.36171,3.36232,3.36353,3.36537,3.36784,3.37093,3.37467,3.37904,3.38405,3.38971,3.39602,3.40298,3.41059,3.41885,3.42776,3.43732,3.44754,3.45839,3.46989,3.48203,3.49480,3.50819,3.52220,3.53681,3.55205,3.56670,3.58205,3.59791,3.61472,3.63826,3.90132,3.90734,3.75744,3.75274,3.76481,3.78211,3.80188,3.82315,3.84549,3.86869,3.89260,3.91714,3.94226,3.96790,3.99403,4.02062,4.04763,4.07504,4.10281,4.13093,4.15937,4.18810,4.21710,4.24633,4.27578,4.30541,4.33519,4.36511,4.39511,4.42518,4.45527,4.48535,4.51539,4.54534,4.57515,4.60478,4.63418,4.66328,4.69202,4.72033,4.74813,4.77534,4.80187,4.82760,4.85242,4.87621,4.89883,4.92012,4.93993,4.95808,4.97438,4.98864,5.00065,5.01019,5.01705,5.02100,5.02183,5.01932,5.01326,5.00348,4.98980,4.97209,4.95024,4.92420,4.89392,4.85944,4.82083,4.77821,4.73175,4.68168,4.62826,4.57180,4.51264,4.45117,4.38777,4.32284,4.25681,4.19008,4.12305,4.05610,3.98961,3.92390,3.85929,3.79604,3.73441,3.67461,3.61680,3.56115,3.50776,3.45673,3.40812,3.36196,3.31829,3.27710,3.23837,3.20209,3.16820,3.13667,3.10745,3.08045,3.05564,3.03292,3.01225,2.99353,2.97670,2.96168,2.94841,2.93681,2.92681,2.91834,2.91134,2.90574,2.90147,2.89848,2.89671,2.89609,2.89657,2.89810,2.90062,2.90408,2.90842,2.91361,2.91958,2.92628,2.93368,2.94172,2.95035,2.95952,2.96919,2.97930,2.98979,3.00063,3.01174,3.02308,3.03458,3.04618,3.05781,3.06941,3.08090,3.09219,3.10322,3.11388,3.12409,3.13373,3.14271,3.15089,3.15816,3.16438,3.16940,3.17307,3.17521,3.17565,3.17420,3.17064,3.16476,3.15632,3.14507,3.13075,3.11309,3.09178,3.06653,3.03702,3.00290,2.96386,2.91954,2.86960,2.81368,2.75145,2.68258,2.60675,2.52367,2.43309,2.33478,2.22857,2.11436,1.99210,1.86181,1.72362,1.57772,1.42442,1.26412,1.09732,0.92462,0.74673,0.56442,0.37857,0.19010
3.99220,3.99224,3.99235,3.99254,3.99280,3.99313,3.99354,3.99401,3.99456,3.99518,3.99586,3.99661,3.99742,3.99830,3.99923,4.00022,4.00126,4.00236,4.00350,4.00469,4.00592,4.00718,4.00849,4.00982,4.01117,4.01255,4.01395,4.01535,4.01676,4.01818,4.01959,4.02099,4.02237,4.02374,4.02507,4.02637,4.02763,4.02885,4.03000,4.03110,4.03213,4.03308,4.03394,4.03472,4.03539,4.03596,4.03641,4.03673,4.03693,4.03698,4.03688,4.03662,4.03620,4.03560,4.03482,4.03385,4.03267,4.03129,4.02969,4.02787,4.02581,4.02351,4.02096,4.01816,4.01509,4.01176,4.00815,4.00426,4.00008,3.99561,3.99084,3.98577,3.98040,3.97472,3.96873,3.96243,3.95582,3.94889,3.94166,3.93411,3.92625,3.91808,3.90961,3.90084,3.89178,3.88243,3.87280,3.86289,3.85272,3.84230,3.83162,3.82071,3.80958,3.79824,3.78670,3.77498,3.76309,3.75105,3.73887,3.72657,3.71416,3.70168,3.68913,3.67653,3.66390,3.65126,3.63864,3.62605,3.61351,3.60104,3.58866,3.57641,3.56428,3.55231,3.54052,3.52892,3.51754,3.50640,3.49552,3.48491,3.47459,3.46459,3.45493,3.44561,3.43666,3.42809,3.41993,3.41219,3.40487,3.39801,3.39160,3.38568,3.38024,3.37530,3.37088,3.36698,3.36362,3.36081,3.35855,3.35686,3.35575,3.35522,3.35528,3.35594,3.35720,3.35907,3.36156,3.36468,3.36842,3.37279,3.37779,3.38343,3.38971,3.39664,3.40420,3.41241,3.42126,3.43076,3.44090,3.45168,3.46309,3.47514,3.48782,3.50112,3.51504,3.52955,3.54466,3.56039,3.57551,3.59133,3.60764,3.62490,3.64921,3.94670,3.90417,3.76778,3.76442,3.77710,3.79484,3.81499,3.83661,3.85928,3.88277,3.90696,3.93177,3.95712,3.98299,4.00932,4.03609,4.06326,4.09081,4.11871,4.14693,4.17545,4.20424,4.23327,4.26251,4.29195,4.32153,4.35125,4.38107,4.41094,4.44085,4.47075,4.50061,4.53038,4.56002,4.58947,4.61870,4.64764,4.67622,4.70439,4.73205,4.75914,4.78556,4.81120,4.83595,4.85970,4.88231,4.90363,4.92351,4.94178,4.95826,4.97275,4.98507,4.99500,5.00234,5.00685,5.00834,5.00659,5.00140,4.99259,4.97999,4.96346,4.94289,4.91820,4.88937,4.85641,4.81936,4.77834,4.73350,4.68505,4.63323,4.57834,4.52070,4.46067,4.39863,4.33497,4.27009,4.20441,4.13831,4.07218,4.00638,3.94125,3.87711,3.81423,3.75288,3.69326,3.63556,3.57995,3.52655,3.47545,3.42673,3.38043,3.33660,3.29522,3.25631,3.21983,3.18576,3.15405,3.12466,3.09751,3.07256,3.04974,3.02898,3.01020,2.99335,2.97834,2.96510,2.95358,2.94369,2.93537,2.92855,2.92318,2.91918,2.91650,2.91508,2.91485,2.91578,2.91779,2.92085,2.92489,2.92988,2.93575,2.94246,2.94997,2.95823,2.96720,2.97681,2.98704,2.99783,3.00914,3.02091,3.03310,3.04565,3.05852,3.07164,3.08496,3.09841,3.11194,3.12547,3.13894,3.15226,3.16534,3.17811,3.19047,3.20231,3.21353,3.22399,3.23359,3.24217,3.24959,3.25569,3.26030,3.26322,3.26426,3.26321,3.25983,3.25387,3.24508,3.23317,3.21785,3.19880,3.17569,3.14819,3.11592,3.07852,3.03561,2.98680,2.93170,2.86993,2.80111,2.72488,2.64089,2.54884,2.44847,2.33956,2.22195,2.09557,1.96042,1.81660,1.66430,1.50383,1.33562,1.16019,0.97821,0.79043,0.59772,0.40105,0.20144
3.99183,3.99187,3.99196,3.99213,3.99236,3.99265,3.99300,3.99342,3.99390,3.99443,3.99503,3.99568,3.99639,3.99715,3.99795,3.99881,3.99971,4.00065,4.00163,4.00265,4.00370,4.00477,4.00587,4.00700,4.00813,4.00928,4.01044,4.01160,4.01275,4.01390,4.01504,4.01615,4.01724,4.01830,4.01932,4.02030,4.02123,4.02211,4.02292,4.02366,4.02432,4.02489,4.02538,4.02576,4.02604,4.02620,4.02624,4.02615,4.02592,4.02554,4.02500,4.02430,4.02343,4.02238,4.02115,4.01972,4.01808,4.01623,4.01417,4.01187,4.00935,4.00658,4.00357,4.00030,3.99677,3.99298,3.98891,3.98457,3.97994,3.97503,3.96983,3.96434,3.95855,3.95247,3.94608,3.93940,3.93242,3.92513,3.91755,3.90968,3.90151,3.89305,3.88430,3.87527,3.86597,3.85640,3.84657,3.83649,3.82616,3.81560,3.80482,3.79383,3.78264,3.77126,3.75971,3.74800,3.73615,3.72417,3.71207,3.69989,3.68763,3.67530,3.66294,3.65055,3.63817,3.62579,3.61346,3.60117,3.58897,3.57685,3.56486,3.55299,3.54129,3.52975,3.51842,3.50729,3.49641,3.48577,3.47541,3.46534,3.45557,3.44614,3.43704,3.42831,3.41996,3.41200,3.40446,3.39733,3.39065,3.38442,3.37866,3.37338,3.36859,3.36431,3.36054,3.35730,3.35460,3.35245,3.35085,3.34982,3.34936,3.34949,3.35020,3.35151,3.35342,3.35594,3.35907,3.36282,3.36719,3.37218,3.37780,3.38406,3.39095,3.39847,3.40663,3.41542,3.42485,3.43492,3.44562,3.45696,3.46892,3.48150,3.49471,3.50853,3.52295,3.53796,3.55355,3.56976,3.58534,3.60160,3.61836,3.63606,3.66115,3.99921,3.90359,3.77914,3.77703,3.79030,3.80847,3.82899,3.85094,3.87391,3.89769,3.92214,3.94719,3.97277,3.99885,4.02536,4.05230,4.07962,4.10730,4.13530,4.16361,4.19219,4.22101,4.25006,4.27929,4.30869,4.33822,4.36784,4.39754,4.42726,4.45698,4.48666,4.51626,4.54572,4.57501,4.60408,4.63286,4.66130,4.68932,4.71685,4.74382,4.77013,4.79569,4.82038,4.84409,4.86669,4.88804,4.90799,4.92637,4.94302,4.95775,4.97037,4.98068,4.98847,4.99353,4.99565,4.99463,4.99028,4.98240,4.97084,4.95545,4.93612,4.91276,4.88533,4.85384,4.81832,4.77887,4.73562,4.68876,4.63852,4.58518,4.52904,4.47045,4.40976,4.34737,4.28366,4.21903,4.15387,4.08857,4.02348,3.95895,3.89529,3.83280,3.77172,3.71230,3.65472,3.59915,3.54573,3.49456,3.44573,3.39929,3.35528,3.31371,3.27460,3.23791,3.20363,3.17172,3.14213,3.11481,3.08970,3.06674,3.04586,3.02700,3.01008,2.99505,2.98182,2.97033,2.96051,2.95231,2.94564,2.94045,2.93668,2.93427,2.93316,2.93329,2.93461,2.93707,2.94062,2.94520,2.95077,2.95729,2.96470,2.97296,2.98202,2.99185,3.00240,3.01362,3.02547,3.03791,3.05089,3.06437,3.07829,3.09261,3.10728,3.12224,3.13744,3.15282,3.16831,3.18386,3.19938,3.21480,3.23005,3.24503,3.25964,3.27380,3.28737,3.30026,3.31232,3.32342,3.33340,3.34211,3.34935,3.35495,3.35870,3.36036,3.35971,3.35647,3.35038,3.34114,3.32843,3.31192,3.29124,3.26604,3.23591,3.20045,3.15924,3.11185,3.05785,2.99679,2.92826,2.85183,2.76710,2.67372,2.57135,2.45974,2.33868,2.20804,2.06780,1.91802,1.75890,1.59073,1.41397,1.22918,1.03707,0.83848,0.63437,0.42581,0.21394
3.99090,3.99093,3.99101,3.99115,3.99135,3.99160,3.99190,3.99226,3.99267,3.99313,3.99364,3.99419,3.99479,3.99543,3.99612,3.99684,3.99760,3.99839,3.99921,4.00005,4.00092,4.00181,4.00271,4.00362,4.00454,4.00546,4.00638,4.00730,4.00820,4.00908,4.00994,4.01078,4.01158,4.01234,4.01305,4.01371,4.01432,4.01486,4.01532,4.01571,4.01602,4.01623,4.01634,4.01634,4.01623,4.01600,4.01564,4.01514,4.01449,4.01369,4.01274,4.01161,4.01031,4.00883,4.00715,4.00528,4.00320,4.00091,3.99840,3.99566,3.99269,3.98948,3.98602,3.98231,3.97835,3.97412,3.96962,3.96486,3.95982,3.95450,3.94890,3.94301,3.93684,3.93039,3.92364,3.91661,3.90929,3.90169,3.89380,3.88564,3.87719,3.86848,3.85949,3.85024,3.84074,3.83099,3.82100,3.81078,3.80034,3.78969,3.77883,3.76779,3.75657,3.74519,3.73366,3.72200,3.71022,3.69834,3.68637,3.67433,3.66223,3.65010,3.63796,3.62581,3.61369,3.60160,3.58957,3.57762,3.56577,3.55403,3.54242,3.53097,3.51970,3.50862,3.49775,3.48711,3.47672,3.46660,3.45676,3.44723,3.43802,3.42915,3.42064,3.41250,3.40474,3.39739,3.39045,3.38395,3.37789,3.37229,3.36717,3.36253,3.35838,3.35474,3.35162,3.34903,3.34698,3.34548,3.34453,3.34414,3.34433,3.34510,3.34646,3.34840,3.35095,3.35410,3.35786,3.36223,3.36722,3.37282,3.37905,3.38591,3.39339,3.40150,3.41024,3.41960,3.42960,3.44023,3.45148,3.46335,3.47584,3.48895,3.50267,3.51699,3.53191,3.54740,3.56347,3.58014,3.59617,3.61286,3.63004,3.64817,3.67404,4.06021,3.90535,3.79150,3.79058,3.80440,3.82298,3.84385,3.86611,3.88938,3.91342,3.93812,3.96340,3.98919,4.01546,4.04215,4.06923,4.09668,4.12447,4.15256,4.18094,4.20956,4.23840,4.26744,4.29665,4.32598,4.35543,4.38494,4.41448,4.44403,4.47353,4.50296,4.53226,4.56139,4.59029,4.61892,4.64721,4.67510,4.70251,4.72936,4.75558,4.78105,4.80568,4.82935,4.85195,4.87332,4.89334,4.91184,4.92866,4.94361,4.95652,4.96719,4.97541,4.98099,4.98373,4.98342,4.97987,4.97290,4.96234,4.94805,4.92991,4.90784,4.88178,4.85172,4.81769,4.77977,4.73807,4.69278,4.64411,4.59230,4.53765,4.48048,4.42115,4.36003,4.29749,4.23392,4.16972,4.10526,4.04089,3.97697,3.91382,3.85172,3.79094,3.73173,3.67427,3.61875,3.56532,3.51408,3.46513,3.41854,3.37434,3.33258,3.29324,3.25633,3.22182,3.18969,3.15988,3.13236,3.10706,3.08394,3.06292,3.04394,3.02694,3.01184,2.99858,2.98710,2.97733,2.96919,2.96264,2.95760,2.95402,2.95184,2.95099,2.95144,2.95312,2.95598,2.95997,2.96504,2.97116,2.97826,2.98632,2.99528,3.00510,3.01574,3.02716,3.03931,3.05217,3.06568,3.07980,3.09449,3.10971,3.12542,3.14156,3.15808,3.17494,3.19209,3.20946,3.22699,3.24463,3.26230,3.27992,3.29743,3.31472,3.33171,3.34830,3.36438,3.37982,3.39450,3.40828,3.42099,3.43249,3.44258,3.45106,3.45773,3.46235,3.46467,3.46442,3.46130,3.45501,3.44521,3.43155,3.41362,3.39105,3.36339,3.33021,3.29104,3.24541,3.19283,3.13280,3.06484,2.98846,2.90322,2.80866,2.70442,2.59015,2.46559,2.33057,2.18500,2.02893,1.86253,1.68609,1.50008,1.30511,1.10195,0.89151,0.67485,0.45317,0.22776
3.98949,3.98952,3.98959,3.98970,3.98987,3.99008,3.99033,3.99063,3.99097,3.99135,3.99177,3.99223,3.99272,3.99325,3.99381,3.99440,3.99502,3.99565,3.99631,3.99699,3.99768,3.99838,3.99908,3.99979,4.00049,4.00119,4.00188,4.00255,4.00320,4.00382,4.00441,4.00497,4.00548,4.00595,4.00636,4.00671,4.00699,4.00721,4.00734,4.00738,4.00734,4.00719,4.00694,4.00657,4.00608,4.00547,4.00472,4.00382,4.00278,4.00158,4.00021,3.99868,3.99696,3.99506,3.99296,3.99067,3.98817,3.98545,3.98252,3.97935,3.97596,3.97233,3.96846,3.96433,3.95996,3.95533,3.95043,3.94527,3.93985,3.93415,3.92818,3.92194,3.91542,3.90862,3.90155,3.89421,3.88659,3.87870,3.87054,3.86212,3.85344,3.84450,3.83532,3.82589,3.81622,3.80633,3.79622,3.78589,3.77537,3.76466,3.75377,3.74271,3.73150,3.72016,3.70869,3.69710,3.68542,3.67367,3.66185,3.64998,3.63808,3.62617,3.61427,3.60239,3.59055,3.57877,3.56707,3.55547,3.54398,3.53263,3.52144,3.51042,3.49958,3.48896,3.47857,3.46842,3.45854,3.44894,3.43964,3.43065,3.42200,3.41370,3.40576,3.39821,3.39105,3.38430,3.37797,3.37208,3.36665,3.36168,3.35718,3.35317,3.34966,3.34666,3.34418,3.34223,3.34082,3.33995,3.33964,3.33990,3.34072,3.34212,3.34411,3.34668,3.34985,3.35362,3.35799,3.36297,3.36856,3.37477,3.38159,3.38904,3.39710,3.40578,3.41509,3.42502,3.43557,3.44674,3.45853,3.47093,3.48394,3.49756,3.51178,3.52660,3.54199,3.55796,3.57449,3.59160,3.60807,3.62519,3.64277,3.66131,3.68798,4.13153,3.90933,3.80494,3.80513,3.81948,3.83845,3.85965,3.88222,3.90576,3.93006,3.95499,3.98049,4.00647,4.03291,4.05976,4.08698,4.11454,4.14242,4.17059,4.19901,4.22766,4.25650,4.28551,4.31467,4.34392,4.37325,4.40262,4.43200,4.46133,4.49059,4.51973,4.54870,4.57746,4.60594,4.63409,4.66185,4.68913,4.71588,4.74200,4.76739,4.79196,4.81561,4.83819,4.85960,4.87968,4.89830,4.91527,4.93044,4.94363,4.95464,4.96329,4.96937,4.97270,4.97306,4.97029,4.96419,4.95460,4.94137,4.92439,4.90356,4.87882,4.85015,4.81757,4.78114,4.74098,4.69722,4.65008,4.59978,4.54661,4.49086,4.43288,4.37302,4.31166,4.24917,4.18593,4.12232,4.05870,3.99540,3.93276,3.87107,3.81061,3.75161,3.69429,3.63883,3.58538,3.53408,3.48501,3.43826,3.39388,3.35190,3.31233,3.27518,3.24043,3.20805,3.17801,3.15026,3.12476,3.10144,3.08025,3.06113,3.04401,3.02882,3.01551,3.00400,2.99423,2.98614,2.97966,2.97473,2.97131,2.96931,2.96870,2.96942,2.97141,2.97463,2.97902,2.98455,2.99116,2.99881,3.00746,3.01706,3.02758,3.03898,3.05122,3.06425,3.07805,3.09256,3.10777,3.12361,3.14006,3.15707,3.17461,3.19262,3.21106,3.22989,3.24905,3.26848,3.28814,3.30796,3.32786,3.34779,3.36766,3.38739,3.40688,3.42604,3.44476,3.46291,3.48037,3.49700,3.51264,3.52712,3.54027,3.55186,3.56169,3.56952,3.57509,3.57811,3.57827,3.57525,3.56870,3.55822,3.54342,3.52384,3.49904,3.46853,3.43179,3.38830,3.33752,3.27888,3.21184,3.13583,3.05034,2.95483,2.84887,2.73202,2.60395,2.46443,2.31332,2.15061,1.97644,1.79110,1.59508,1.38901,1.17373,0.95025,0.71974,0.48354,0.24311
3.98743,3.98745,3.98751,3.98760,3.98774,3.98790,3.98811,3.98835,3.98862,3.98892,3.98926,3.98962,3.99001,3.99042,3.99086,3.99132,3.99179,3.99228,3.99278,3.99329,3.99380,3.99431,3.99482,3.99532,3.99582,3.99629,3.99675,3.99718,3.99758,3.99795,3.99828,3.99856,3.99879,3.99897,3.99908,3.99913,3.99910,3.99899,3.99880,3.99851,3.99812,3.99763,3.99702,3.99629,3.99544,3.99445,3.99333,3.99205,3.99063,3.98904,3.98728,3.98535,3.98323,3.98093,3.97843,3.97574,3.97283,3.96972,3.96638,3.96282,3.95903,3.95500,3.95073,3.94622,3.94147,3.93646,3.93119,3.92567,3.91989,3.91384,3.90754,3.90096,3.89413,3.88703,3.87967,3.87204,3.86416,3.85602,3.84763,3.83899,3.83011,3.82099,3.81164,3.80206,3.79227,3.78227,3.77207,3.76168,3.75111,3.74037,3.72948,3.71845,3.70728,3.69600,3.68462,3.67314,3.66160,3.65000,3.63835,3.62669,3.61501,3.60335,3.59171,3.58012,3.56859,3.55714,3.54579,3.53455,3.52345,3.51251,3.50173,3.49115,3.48077,3.47062,3.46072,3.45107,3.44170,3.43263,3.42386,3.41543,3.40734,3.39960,3.39225,3.38528,3.37871,3.37256,3.36684,3.36157,3.35675,3.35239,3.34852,3.34514,3.34226,3.33989,3.33804,3.33672,3.33594,3.33570,3.33602,3.33690,3.33835,3.34037,3.34298,3.34617,3.34995,3.35433,3.35930,3.36488,3.37107,3.37786,3.38527,3.39329,3.40192,3.41117,3.42103,3.43151,3.44260,3.45430,3.46661,3.47953,3.49305,3.50717,3.52188,3.53718,3.55304,3.56947,3.58644,3.60400,3.62088,3.63841,3.65638,3.67533,3.70282,4.21515,3.91518,3.81929,3.82052,3.83537,3.85472,3.87624,3.89909,3.92289,3.94743,3.97258,3.99828,4.02444,4.05104,4.07802,4.10536,4.13303,4.16098,4.18920,4.21765,4.24630,4.27512,4.30409,4.33316,4.36232,4.39151,4.42071,4.44988,4.47898,4.50796,4.53677,4.56538,4.59372,4.62173,4.64936,4.67653,4.70317,4.72919,4.75451,4.77903,4.80264,4.82522,4.84666,4.86680,4.88552,4.90265,4.91802,4.93148,4.94282,4.95187,4.95844,4.96232,4.96334,4.96131,4.95605,4.94739,4.93519,4.91932,4.89969,4.87623,4.84892,4.81775,4.78278,4.74411,4.70187,4.65623,4.60743,4.55571,4.50137,4.44474,4.38615,4.32597,4.26457,4.20231,4.13956,4.07669,4.01404,3.95194,3.89068,3.83054,3.77177,3.71460,3.65921,3.60576,3.55439,3.50521,3.45831,3.41373,3.37153,3.33173,3.29433,3.25932,3.22669,3.19639,3.16840,3.14267,3.11914,3.09776,3.07846,3.06119,3.04589,3.03249,3.02092,3.01113,3.00304,2.99661,2.99177,2.98845,2.98662,2.98620,2.98715,2.98942,2.99295,2.99771,3.00364,3.01070,3.01885,3.02804,3.03825,3.04942,3.06152,3.07452,3.08838,3.10305,3.11852,3.13473,3.15166,3.16927,3.18752,3.20638,3.22580,3.24574,3.26617,3.28703,3.30827,3.32986,3.35172,3.37381,3.39605,3.41839,3.44074,3.46302,3.48515,3.50702,3.52853,3.54956,3.56998,3.58965,3.60841,3.62610,3.64252,3.65748,3.67074,3.68206,3.69116,3.69777,3.70155,3.70215,3.69921,3.69232,3.68103,3.66488,3.64337,3.61597,3.58211,3.54122,3.49268,3.43588,3.37017,3.29493,3.20952,3.11337,3.00590,2.88661,2.75508,2.61099,2.45412,2.28442,2.10197,1.90706,1.70017,1.48199,1.25340,1.01553,0.76969,0.51737,0.26021
3.98456,3.98457,3.98461,3.98469,3.98479,3.98491,3.98507,3.98525,3.98545,3.98568,3.98593,3.98620,3.98648,3.98678,3.98710,3.98743,3.98776,3.98810,3.98844,3.98878,3.98912,3.98945,3.98977,3.99007,3.99035,3.99061,3.99084,3.99104,3.99120,3.99131,3.99138,3.99140,3.99135,3.99125,3.99107,3.99082,3.99049,3.99007,3.98956,3.98894,3.98822,3.98739,3.98644,3.98537,3.98416,3.98282,3.98133,3.97969,3.97789,3.97593,3.97380,3.97149,3.96899,3.96631,3.96344,3.96036,3.95707,3.95357,3.94986,3.94592,3.94176,3.93736,3.93273,3.92786,3.92275,3.91739,3.91178,3.90593,3.89982,3.89346,3.88685,3.87998,3.87286,3.86549,3.85787,3.85001,3.84189,3.83354,3.82495,3.81613,3.80708,3.79781,3.78833,3.77864,3.76876,3.75868,3.74843,3.73801,3.72743,3.71671,3.70585,3.69486,3.68377,3.67259,3.66132,3.64999,3.63861,3.62719,3.61575,3.60431,3.59288,3.58149,3.57014,3.55885,3.54765,3.53655,3.52556,3.51471,3.50402,3.49349,3.48315,3.47302,3.46311,3.45344,3.44403,3.43489,3.42604,3.41750,3.40928,3.40139,3.39386,3.38670,3.37992,3.37354,3.36757,3.36201,3.35690,3.35223,3.34802,3.34429,3.34103,3.33827,3.33601,3.33426,3.33304,3.33234,3.33218,3.33257,3.33351,3.33500,3.33707,3.33971,3.34292,3.34672,3.35110,3.35607,3.36164,3.36781,3.37458,3.38195,3.38992,3.39851,3.40770,3.41750,3.42790,3.43892,3.45054,3.46276,3.47559,3.48901,3.50303,3.51763,3.53282,3.54858,3.56490,3.58178,3.59919,3.61717,3.63446,3.65238,3.67074,3.69008,3.71839,4.31358,3.92260,3.83438,3.83660,3.85192,3.87162,3.89345,3.91657,3.94061,3.96537,3.99073,4.01661,4.04294,4.06967,4.09678,4.12422,4.15196,4.17997,4.20822,4.23667,4.26531,4.29409,4.32298,4.35196,4.38098,4.41001,4.43901,4.46794,4.49676,4.52543,4.55389,4.58208,4.60996,4.63747,4.66452,4.69106,4.71699,4.74223,4.76670,4.79027,4.81285,4.83431,4.85452,4.87333,4.89060,4.90618,4.91988,4.93154,4.94098,4.94800,4.95243,4.95408,4.95276,4.94829,4.94053,4.92932,4.91453,4.89606,4.87385,4.84784,4.81805,4.78451,4.74730,4.70653,4.66238,4.61505,4.56478,4.51185,4.45656,4.39924,4.34025,4.27994,4.21867,4.15681,4.09472,4.03273,3.97118,3.91037,3.85058,3.79207,3.73506,3.67975,3.62631,3.57489,3.52561,3.47855,3.43378,3.39136,3.35131,3.31366,3.27838,3.24548,3.21491,3.18666,3.16068,3.13692,3.11532,3.09583,3.07839,3.06295,3.04943,3.03777,3.02793,3.01982,3.01340,3.00860,3.00537,3.00366,3.00340,3.00455,3.00705,3.01086,3.01594,3.02223,3.02970,3.03830,3.04800,3.05875,3.07053,3.08328,3.09699,3.11161,3.12711,3.14346,3.16062,3.17857,3.19727,3.21669,3.23679,3.25754,3.27890,3.30083,3.32330,3.34627,3.36968,3.39349,3.41765,3.44211,3.46680,3.49165,3.51660,3.54157,3.56647,3.59120,3.61566,3.63974,3.66330,3.68621,3.70831,3.72943,3.74938,3.76796,3.78493,3.80003,3.81301,3.82354,3.83129,3.83591,3.83700,3.83412,3.82680,3.81455,3.79682,3.77304,3.74259,3.70482,3.65905,3.60460,3.54073,3.46672,3.38185,3.28541,3.17674,3.05523,2.92035,2.77166,2.60887,2.43184,2.24060,2.03541,1.81674,1.58531,1.34210,1.08832,0.82545,0.55517,0.27934
3.98078,3.98079,3.98082,3.98087,3.98094,3.98103,3.98113,3.98126,3.98139,3.98155,3.98171,3.98188,3.98207,3.98226,3.98246,3.98265,3.98285,3.98304,3.98323,3.98341,3.98358,3.98372,3.98385,3.98396,3.98404,3.98408,3.98409,3.98406,3.98398,3.98385,3.98366,3.98342,3.98311,3.98273,3.98227,3.98173,3.98110,3.98038,3.97956,3.97863,3.97759,3.97644,3.97516,3.97375,3.97220,3.97052,3.96868,3.96669,3.96454,3.96222,3.95973,3.95706,3.95421,3.95117,3.94793,3.94449,3.94085,3.93700,3.93293,3.92864,3.92413,3.91939,3.91442,3.90922,3.90378,3.89810,3.89218,3.88603,3.87962,3.87298,3.86609,3.85897,3.85160,3.84399,3.83614,3.82807,3.81976,3.81123,3.80247,3.79350,3.78432,3.77494,3.76536,3.75560,3.74566,3.73554,3.72527,3.71485,3.70430,3.69361,3.68282,3.67192,3.66093,3.64987,3.63875,3.62759,3.61640,3.60519,3.59398,3.58279,3.57163,3.56053,3.54949,3.53853,3.52767,3.51694,3.50633,3.49588,3.48560,3.47551,3.46562,3.45595,3.44651,3.43733,3.42842,3.41979,3.41147,3.40346,3.39579,3.38846,3.38149,3.37490,3.36870,3.36290,3.35752,3.35256,3.34805,3.34398,3.34038,3.33725,3.33461,3.33246,3.33082,3.32968,3.32907,3.32899,3.32944,3.33044,3.33199,3.33410,3.33677,3.34001,3.34382,3.34821,3.35319,3.35875,3.36490,3.37164,3.37898,3.38692,3.39545,3.40459,3.41433,3.42466,3.43560,3.44714,3.45928,3.47201,3.48534,3.49926,3.51376,3.52884,3.54449,3.56070,3.57747,3.59478,3.61261,3.63100,3.64869,3.66699,3.68572,3.70544,3.73459,4.42996,3.93135,3.85008,3.85323,3.86902,3.88905,3.91116,3.93453,3.95880,3.98377,4.00932,4.03536,4.06183,4.08869,4.11590,4.14342,4.17122,4.19927,4.22753,4.25597,4.28456,4.31327,4.34207,4.37091,4.39977,4.42861,4.45738,4.48605,4.51456,4.54288,4.57093,4.59868,4.62606,4.65300,4.67943,4.70528,4.73045,4.75486,4.77841,4.80098,4.82246,4.84272,4.86163,4.87905,4.89481,4.90876,4.92072,4.93053,4.93799,4.94294,4.94519,4.94455,4.94087,4.93397,4.92371,4.90996,4.89262,4.87161,4.84689,4.81844,4.78629,4.75050,4.71119,4.66850,4.62263,4.57379,4.52225,4.46830,4.41225,4.35445,4.29524,4.23498,4.17402,4.11272,4.05141,3.99044,3.93010,3.87067,3.81243,3.75560,3.70039,3.64697,3.59551,3.54612,3.49891,3.45396,3.41131,3.37102,3.33309,3.29754,3.26435,3.23351,3.20498,3.17873,3.15471,3.13288,3.11317,3.09554,3.07992,3.06625,3.05449,3.04455,3.03639,3.02995,3.02517,3.02199,3.02035,3.02021,3.02152,3.02422,3.02827,3.03363,3.04024,3.04807,3.05708,3.06723,3.07848,3.09080,3.10415,3.11851,3.13383,3.15010,3.16727,3.18532,3.20422,3.22393,3.24444,3.26571,3.28770,3.31039,3.33375,3.35774,3.38232,3.40745,3.43311,3.45923,3.48578,3.51269,3.53993,3.56741,3.59508,3.62286,3.65067,3.67841,3.70599,3.73328,3.76018,3.78653,3.81218,3.83697,3.86070,3.88317,3.90414,3.92336,3.94053,3.95535,3.96748,3.97652,3.98207,3.98367,3.98083,3.97299,3.95959,3.94000,3.91353,3.87948,3.83710,3.78560,3.72417,3.65197,3.56816,3.47193,3.36248,3.23906,3.10102,2.94779,2.77897,2.59431,2.39377,2.17756,1.94614,1.70026,1.44096,1.16959,0.88780,0.59749,0.30078
3.97588,3.97589,3.97590,3.97593,3.97597,3.97602,3.97607,3.97614,3.97621,3.97629,3.97637,3.97645,3.97654,3.97662,3.97670,3.97677,3.97683,3.97688,3.97692,3.97694,3.97693,3.97691,3.97685,3.97676,3.97664,3.97648,3.97627,3.97601,3.97570,3.97534,3.97491,3.97441,3.97384,3.97319,3.97246,3.97164,3.97073,3.96971,3.96859,3.96736,3.96602,3.96455,3.96296,3.96123,3.95936,3.95734,3.95517,3.95285,3.95036,3.94771,3.94488,3.94187,3.93868,3.93530,3.93172,3.92795,3.92397,3.91978,3.91539,3.91077,3.90594,3.90088,3.89561,3.89010,3.88436,3.87840,3.87220,3.86577,3.85910,3.85221,3.84508,3.83772,3.83013,3.82232,3.81429,3.80603,3.79756,3.78888,3.78000,3.77092,3.76164,3.75218,3.74254,3.73273,3.72277,3.71265,3.70239,3.69201,3.68150,3.67089,3.66019,3.64941,3.63856,3.62765,3.61671,3.60574,3.59476,3.58378,3.57283,3.56191,3.55105,3.54025,3.52954,3.51893,3.50844,3.49809,3.48788,3.47785,3.46800,3.45834,3.44891,3.43971,3.43076,3.42208,3.41368,3.40557,3.39778,3.39031,3.38318,3.37641,3.37001,3.36399,3.35836,3.35315,3.34835,3.34399,3.34007,3.33660,3.33361,3.33108,3.32905,3.32751,3.32647,3.32594,3.32594,3.32646,3.32752,3.32912,3.33127,3.33398,3.33725,3.34108,3.34548,3.35046,3.35601,3.36215,3.36887,3.37618,3.38408,3.39257,3.40165,3.41133,3.42160,3.43247,3.44393,3.45598,3.46862,3.48186,3.49567,3.51007,3.52504,3.54058,3.55669,3.57334,3.59054,3.60827,3.62651,3.64530,3.66337,3.68204,3.70112,3.72120,3.75121,4.56795,3.94111,3.86618,3.87022,3.88643,3.90678,3.92916,3.95277,3.97726,4.00241,4.02812,4.05431,4.08091,4.10788,4.13517,4.16275,4.19058,4.21864,4.24689,4.27529,4.30382,4.33243,4.36110,4.38979,4.41846,4.44707,4.47558,4.50394,4.53211,4.56003,4.58765,4.61490,4.64173,4.66806,4.69382,4.71892,4.74327,4.76678,4.78935,4.81085,4.83116,4.85016,4.86771,4.88365,4.89783,4.91008,4.92024,4.92813,4.93358,4.93640,4.93642,4.93348,4.92741,4.91807,4.90533,4.88908,4.86924,4.84576,4.81861,4.78782,4.75343,4.71555,4.67430,4.62986,4.58243,4.53228,4.47966,4.42489,4.36829,4.31019,4.25095,4.19091,4.13042,4.06982,4.00945,3.94960,3.89056,3.83261,3.77598,3.72089,3.66751,3.61602,3.56655,3.51920,3.47406,3.43119,3.39065,3.35245,3.31662,3.28314,3.25200,3.22319,3.19665,3.17236,3.15027,3.13032,3.11247,3.09666,3.08283,3.07092,3.06087,3.05263,3.04614,3.04133,3.03817,3.03658,3.03653,3.03796,3.04082,3.04507,3.05066,3.05755,3.06570,3.07507,3.08563,3.09733,3.11015,3.12405,3.13900,3.15498,3.17194,3.18987,3.20874,3.22852,3.24919,3.27071,3.29306,3.31622,3.34016,3.36485,3.39026,3.41636,3.44312,3.47050,3.49847,3.52699,3.55601,3.58549,3.61537,3.64561,3.67612,3.70685,3.73771,3.76862,3.79948,3.83018,3.86060,3.89061,3.92005,3.94876,3.97655,4.00320,4.02849,4.05215,4.07390,4.09340,4.11032,4.12425,4.13475,4.14135,4.14353,4.14070,4.13224,4.11748,4.09568,4.06605,4.02776,3.97994,3.92165,3.85195,3.76988,3.67446,3.56475,3.43986,3.29897,3.14135,2.96646,2.77392,2.56358,2.33558,2.09035,1.82866,1.55163,1.26075,0.95785,0.64509,0.32491
3.96974,3.96974,3.96975,3.96975,3.96976,3.96977,3.96978,3.96979,3.96980,3.96980,3.96980,3.96979,3.96978,3.96976,3.96972,3.96967,3.96960,3.96951,3.96940,3.96926,3.96909,3.96889,3.96866,3.96838,3.96807,3.96770,3.96728,3.96681,3.96627,3.96568,3.96501,3.96426,3.96344,3.96254,3.96154,3.96045,3.95927,3.95797,3.95657,3.95505,3.95341,3.95164,3.94974,3.94771,3.94553,3.94320,3.94072,3.93808,3.93528,3.93231,3.92916,3.92583,3.92232,3.91863,3.91473,3.91065,3.90636,3.90186,3.89716,3.89225,3.88712,3.88177,3.87621,3.87043,3.86443,3.85820,3.85175,3.84508,3.83818,3.83107,3.82373,3.81617,3.80840,3.80042,3.79223,3.78383,3.77523,3.76644,3.75746,3.74830,3.73896,3.72945,3.71978,3.70997,3.70001,3.68992,3.67971,3.66939,3.65897,3.64846,3.63788,3.62724,3.61655,3.60583,3.59509,3.58434,3.57360,3.56288,3.55221,3.54159,3.53103,3.52057,3.51021,3.49996,3.48986,3.47990,3.47011,3.46050,3.45109,3.44189,3.43293,3.42421,3.41575,3.40757,3.39968,3.39210,3.38484,3.37792,3.37134,3.36513,3.35929,3.35384,3.34880,3.34416,3.33995,3.33618,3.33285,3.32999,3.32759,3.32566,3.32423,3.32329,3.32285,3.32293,3.32352,3.32465,3.32630,3.32850,3.33124,3.33454,3.33839,3.34281,3.34779,3.35334,3.35947,3.36617,3.37345,3.38132,3.38976,3.39880,3.40842,3.41863,3.42943,3.44081,3.45278,3.46533,3.47847,3.49219,3.50648,3.52134,3.53678,3.55277,3.56931,3.58640,3.60402,3.62215,3.64079,3.65996,3.67841,3.69743,3.71685,3.73728,3.76817,4.73183,3.95168,3.88257,3.88745,3.90407,3.92472,3.94735,3.97118,3.99585,4.02118,4.04704,4.07335,4.10006,4.12711,4.15446,4.18208,4.20993,4.23798,4.26618,4.29452,4.32295,4.35145,4.37996,4.40846,4.43691,4.46526,4.49347,4.52149,4.54927,4.57675,4.60388,4.63060,4.65682,4.68249,4.70752,4.73181,4.75529,4.77784,4.79935,4.81972,4.83880,4.85647,4.87258,4.88697,4.89950,4.91000,4.91829,4.92421,4.92759,4.92824,4.92602,4.92075,4.91229,4.90052,4.88533,4.86662,4.84434,4.81846,4.78899,4.75597,4.71948,4.67965,4.63662,4.59060,4.54182,4.49054,4.43704,4.38164,4.32467,4.26646,4.20735,4.14770,4.08784,4.02808,3.96875,3.91013,3.85250,3.79609,3.74113,3.68782,3.63632,3.58677,3.53929,3.49397,3.45089,3.41011,3.37164,3.33552,3.30175,3.27031,3.24119,3.21436,3.18978,3.16742,3.14722,3.12913,3.11310,3.09908,3.08700,3.07681,3.06846,3.06189,3.05704,3.05386,3.05229,3.05229,3.05381,3.05680,3.06121,3.06700,3.07413,3.08255,3.09224,3.10316,3.11527,3.12853,3.14293,3.15843,3.17499,3.19261,3.21124,3.23086,3.25146,3.27300,3.29546,3.31883,3.34307,3.36817,3.39410,3.42084,3.44836,3.47664,3.50564,3.53535,3.56572,3.59672,3.62831,3.66045,3.69309,3.72619,3.75968,3.79349,3.82756,3.86180,3.89612,3.93042,3.96457,3.99846,4.03193,4.06482,4.09695,4.12810,4.15804,4.18651,4.21322,4.23784,4.26001,4.27931,4.29530,4.30748,4.31528,4.31811,4.31529,4.30609,4.28972,4.26531,4.23194,4.18862,4.13433,4.06797,3.98844,3.89459,3.78532,3.65954,3.51623,3.35450,3.17359,2.97298,2.75237,2.51179,2.25162,1.97263,1.67602,1.36341,1.03688,0.69887,0.35222
3.96224,3.96224,3.96223,3.96222,3.96219,3.96217,3.96213,3.96208,3.96203,3.96196,3.96188,3.96179,3.96168,3.96155,3.96140,3.96123,3.96103,3.96081,3.96055,3.96026,3.95994,3.95957,3.95916,3.95870,3.95820,3.95763,3.95701,3.95633,3.95558,3.95476,3.95386,3.95288,3.95182,3.95067,3.94942,3.94807,3.94662,3.94506,3.94338,3.94159,3.93967,3.93761,3.93543,3.93310,3.93063,3.92801,3.92523,3.92230,3.91920,3.91592,3.91248,3.90886,3.90505,3.90106,3.89687,3.89249,3.88792,3.88314,3.87816,3.87297,3.86758,3.86197,3.85616,3.85013,3.84389,3.83743,3.83076,3.82388,3.81678,3.80948,3.80196,3.79424,3.78632,3.77820,3.76988,3.76137,3.75268,3.74381,3.73477,3.72556,3.71619,3.70667,3.69701,3.68721,3.67729,3.66726,3.65713,3.64690,3.63660,3.62623,3.61580,3.60533,3.59483,3.58431,3.57380,3.56329,3.55282,3.54238,3.53201,3.52170,3.51148,3.50137,3.49137,3.48151,3.47180,3.46226,3.45289,3.44372,3.43477,3.42604,3.41755,3.40932,3.40137,3.39370,3.38633,3.37928,3.37256,3.36618,3.36016,3.35451,3.34924,3.34436,3.33989,3.33584,3.33221,3.32903,3.32629,3.32402,3.32221,3.32089,3.32005,3.31970,3.31986,3.32053,3.32172,3.32344,3.32569,3.32847,3.33180,3.33568,3.34011,3.34510,3.35065,3.35677,3.36346,3.37072,3.37855,3.38696,3.39595,3.40552,3.41567,3.42640,3.43771,3.44960,3.46206,3.47511,3.48873,3.50292,3.51768,3.53300,3.54888,3.56531,3.58228,3.59978,3.61781,3.63634,3.65536,3.67491,3.69370,3.71307,3.73281,3.75358,3.78537,4.92594,3.96292,3.89915,3.90483,3.92184,3.94277,3.96563,3.98966,4.01451,4.03999,4.06598,4.09240,4.11919,4.14630,4.17369,4.20132,4.22916,4.25717,4.28531,4.31356,4.34187,4.37021,4.39854,4.42682,4.45501,4.48306,4.51093,4.53856,4.56591,4.59292,4.61951,4.64563,4.67121,4.69616,4.72039,4.74383,4.76636,4.78788,4.80829,4.82744,4.84522,4.86149,4.87609,4.88888,4.89969,4.90837,4.91474,4.91864,4.91989,4.91835,4.91385,4.90625,4.89541,4.88123,4.86361,4.84250,4.81785,4.78967,4.75798,4.72286,4.68441,4.64278,4.59815,4.55073,4.50077,4.44855,4.39436,4.33852,4.28136,4.22321,4.16441,4.10530,4.04619,3.98741,3.92923,3.87194,3.81579,3.76099,3.70776,3.65627,3.60666,3.55907,3.51359,3.47031,3.42928,3.39055,3.35415,3.32008,3.28834,3.25891,3.23178,3.20690,3.18425,3.16378,3.14544,3.12918,3.11494,3.10268,3.09233,3.08385,3.07717,3.07224,3.06902,3.06744,3.06747,3.06904,3.07212,3.07665,3.08261,3.08994,3.09860,3.10857,3.11981,3.13228,3.14595,3.16079,3.17678,3.19389,3.21209,3.23136,3.25168,3.27303,3.29538,3.31872,3.34302,3.36827,3.39445,3.42154,3.44951,3.47836,3.50805,3.53857,3.56990,3.60200,3.63485,3.66842,3.70268,3.73759,3.77311,3.80920,3.84579,3.88284,3.92027,3.95801,3.99597,4.03407,4.07218,4.11019,4.14795,4.18530,4.22207,4.25804,4.29300,4.32667,4.35877,4.38896,4.41687,4.44209,4.46415,4.48253,4.49665,4.50586,4.50946,4.50665,4.49658,4.47830,4.45080,4.41299,4.36369,4.30168,4.22567,4.13435,4.02638,3.90048,3.75538,3.58996,3.40324,3.19445,2.96314,2.70917,2.43283,2.13488,1.81657,1.47969,1.12657,0.76002,0.38329
3.95321,3.95320,3.95318,3.95314,3.95309,3.95303,3.95295,3.95285,3.95273,3.95260,3.95244,3.95226,3.95206,3.95183,3.95157,3.95128,3.95096,3.95061,3.95021,3.94978,3.94929,3.94877,3.94819,3.94756,3.94687,3.94612,3.94530,3.94441,3.94346,3.94242,3.94130,3.94010,3.93880,3.93741,3.93592,3.93433,3.93263,3.93081,3.92888,3.92682,3.92463,3.92231,3.91986,3.91726,3.91451,3.91161,3.90856,3.90534,3.90196,3.89841,3.89469,3.89079,3.88671,3.88245,3.87799,3.87335,3.86851,3.86348,3.85825,3.85282,3.84718,3.84134,3.83530,3.82906,3.82260,3.81595,3.80909,3.80203,3.79476,3.78730,3.77964,3.77179,3.76375,3.75552,3.74711,3.73853,3.72977,3.72085,3.71178,3.70255,3.69319,3.68368,3.67406,3.66432,3.65447,3.64453,3.63450,3.62440,3.61424,3.60403,3.59378,3.58351,3.57322,3.56294,3.55268,3.54244,3.53225,3.52212,3.51207,3.50210,3.49223,3.48249,3.47287,3.46341,3.45411,3.44499,3.43607,3.42735,3.41886,3.41061,3.40261,3.39488,3.38743,3.38028,3.37344,3.36693,3.36075,3.35492,3.34945,3.34436,3.33966,3.33536,3.33146,3.32799,3.32495,3.32235,3.32020,3.31851,3.31730,3.31656,3.31631,3.31656,3.31731,3.31857,3.32034,3.32264,3.32547,3.32884,3.33275,3.33720,3.34220,3.34775,3.35387,3.36054,3.36778,3.37559,3.38396,3.39291,3.40243,3.41252,3.42319,3.43442,3.44624,3.45862,3.47158,3.48510,3.49919,3.51385,3.52906,3.54482,3.56114,3.57799,3.59538,3.61328,3.63170,3.65061,3.67001,3.68991,3.70904,3.72873,3.74879,3.76988,3.80259,5.15345,3.97451,3.91568,3.92212,3.93950,3.96069,3.98376,4.00797,4.03297,4.05858,4.08468,4.11118,4.13804,4.16519,4.19259,4.22021,4.24801,4.27596,4.30401,4.33213,4.36029,4.38844,4.41655,4.44457,4.47247,4.50018,4.52767,4.55488,4.58176,4.60823,4.63424,4.65972,4.68459,4.70876,4.73215,4.75466,4.77618,4.79662,4.81584,4.83372,4.85013,4.86492,4.87796,4.88907,4.89811,4.90491,4.90931,4.91114,4.91025,4.90648,4.89970,4.88976,4.87656,4.86000,4.84001,4.81656,4.78963,4.75925,4.72547,4.68838,4.64813,4.60486,4.55880,4.51016,4.45921,4.40623,4.35153,4.29543,4.23826,4.18034,4.12201,4.06358,4.00536,3.94766,3.89074,3.83487,3.78026,3.72714,3.67568,3.62603,3.57835,3.53272,3.48925,3.44799,3.40901,3.37232,3.33795,3.30591,3.27617,3.24873,3.22355,3.20060,3.17984,3.16123,3.14472,3.13025,3.11778,3.10725,3.09861,3.09180,3.08678,3.08348,3.08187,3.08188,3.08348,3.08661,3.09124,3.09732,3.10481,3.11368,3.12389,3.13540,3.14818,3.16221,3.17745,3.19388,3.21148,3.23021,3.25007,3.27102,3.29306,3.31615,3.34029,3.36545,3.39163,3.41880,3.44696,3.47608,3.50615,3.53716,3.56908,3.60191,3.63562,3.67019,3.70561,3.74184,3.77886,3.81665,3.85515,3.89435,3.93418,3.97460,4.01555,4.05696,4.09875,4.14084,4.18313,4.22549,4.26780,4.30990,4.35162,4.39276,4.43310,4.47238,4.51030,4.54655,4.58074,4.61245,4.64121,4.66647,4.68763,4.70402,4.71489,4.71939,4.71659,4.70549,4.68496,4.65379,4.61066,4.55419,4.48291,4.39527,4.28973,4.16470,4.01867,3.85022,3.65806,3.44118,3.19884,2.93071,2.63695,2.31823,1.97589,1.61186,1.22875,0.82981,0.41881
3.94257,3.94256,3.94252,3.94247,3.94239,3.94229,3.94217,3.94202,3.94184,3.94164,3.94141,3.94115,3.94085,3.94053,3.94017,3.93977,3.93932,3.93884,3.93831,3.93774,3.93711,3.93642,3.93568,3.93488,3.93402,3.93309,3.93208,3.93100,3.92985,3.92861,3.92728,3.92586,3.92434,3.92273,3.92101,3.91918,3.91724,3.91519,3.91301,3.91070,3.90827,3.90569,3.90298,3.90013,3.89712,3.89397,3.89066,3.88718,3.88355,3.87974,3.87576,3.87161,3.86728,3.86277,3.85807,3.85319,3.84811,3.84285,3.83739,3.83174,3.82590,3.81985,3.81362,3.80718,3.80055,3.79372,3.78670,3.77949,3.77209,3.76450,3.75673,3.74878,3.74065,3.73235,3.72388,3.71525,3.70646,3.69753,3.68846,3.67925,3.66991,3.66046,3.65090,3.64124,3.63150,3.62167,3.61178,3.60184,3.59184,3.58182,3.57178,3.56173,3.55169,3.54166,3.53167,3.52173,3.51184,3.50204,3.49232,3.48270,3.47321,3.46385,3.45463,3.44558,3.43671,3.42803,3.41956,3.41131,3.40329,3.39552,3.38802,3.38080,3.37386,3.36724,3.36093,3.35495,3.34932,3.34404,3.33913,3.33460,3.33046,3.32673,3.32341,3.32052,3.31805,3.31604,3.31447,3.31337,3.31274,3.31259,3.31292,3.31376,3.31509,3.31693,3.31929,3.32216,3.32557,3.32951,3.33398,3.33900,3.34456,3.35067,3.35734,3.36456,3.37234,3.38069,3.38959,3.39906,3.40910,3.41970,3.43087,3.44261,3.45492,3.46778,3.48121,3.49521,3.50976,3.52486,3.54051,3.55671,3.57344,3.59071,3.60849,3.62679,3.64559,3.66487,3.68462,3.70486,3.72432,3.74432,3.76467,3.78607,3.81972,5.41450,3.98629,3.93205,3.93921,3.95694,3.97837,4.00163,4.02600,4.05113,4.07685,4.10303,4.12960,4.15649,4.18365,4.21105,4.23863,4.26637,4.29422,4.32215,4.35012,4.37809,4.40602,4.43388,4.46161,4.48916,4.51650,4.54357,4.57031,4.59666,4.62256,4.64794,4.67272,4.69682,4.72016,4.74264,4.76416,4.78462,4.80390,4.82187,4.83842,4.85339,4.86665,4.87805,4.88743,4.89464,4.89952,4.90190,4.90164,4.89857,4.89257,4.88350,4.87125,4.85571,4.83682,4.81453,4.78882,4.75971,4.72724,4.69149,4.65259,4.61068,4.56595,4.51862,4.46894,4.41719,4.36364,4.30862,4.25243,4.19541,4.13788,4.08015,4.02254,3.96533,3.90882,3.85324,3.79886,3.74587,3.69446,3.64480,3.59703,3.55128,3.50762,3.46615,3.42692,3.38995,3.35529,3.32294,3.29288,3.26512,3.23963,3.21637,3.19532,3.17642,3.15964,3.14492,3.13223,3.12149,3.11267,3.10571,3.10056,3.09716,3.09548,3.09546,3.09705,3.10021,3.10489,3.11106,3.11868,3.12771,3.13811,3.14985,3.16291,3.17724,3.19283,3.20965,3.22768,3.24690,3.26727,3.28880,3.31145,3.33522,3.36009,3.38604,3.41306,3.44114,3.47028,3.50045,3.53164,3.56385,3.59707,3.63128,3.66648,3.70264,3.73976,3.77781,3.81679,3.85667,3.89742,3.93902,3.98144,4.02464,4.06857,4.11319,4.15844,4.20425,4.25053,4.29721,4.34416,4.39128,4.43841,4.48540,4.53205,4.57815,4.62345,4.66766,4.71046,4.75148,4.79028,4.82639,4.85926,4.88826,4.91269,4.93176,4.94458,4.95016,4.94739,4.93507,4.91185,4.87627,4.82675,4.76162,4.67910,4.57735,4.45450,4.30868,4.13812,3.94119,3.71649,3.46297,3.18001,2.86753,2.52614,2.15715,1.76268,1.34567,0.90983,0.45960
3.93017,3.93015,3.93011,3.93004,3.92993,3.92980,3.92963,3.92943,3.92920,3.92893,3.92863,3.92829,3.92791,3.92749,3.92703,3.92652,3.92596,3.92536,3.92470,3.92399,3.92322,3.92239,3.92149,3.92053,3.91950,3.91840,3.91721,3.91595,3.91460,3.91317,3.91164,3.91002,3.90829,3.90647,3.90453,3.90249,3.90032,3.89804,3.89563,3.89309,3.89042,3.88762,3.88467,3.88158,3.87833,3.87494,3.87139,3.86768,3.86381,3.85977,3.85556,3.85117,3.84662,3.84188,3.83696,3.83187,3.82658,3.82112,3.81546,3.80962,3.80359,3.79737,3.79096,3.78437,3.77759,3.77063,3.76348,3.75615,3.74864,3.74096,3.73310,3.72508,3.71689,3.70855,3.70005,3.69141,3.68262,3.67371,3.66466,3.65550,3.64623,3.63686,3.62740,3.61785,3.60824,3.59856,3.58883,3.57907,3.56927,3.55946,3.54965,3.53985,3.53007,3.52032,3.51063,3.50100,3.49144,3.48198,3.47262,3.46338,3.45427,3.44531,3.43651,3.42789,3.41945,3.41123,3.40321,3.39544,3.38790,3.38063,3.37363,3.36692,3.36051,3.35441,3.34864,3.34320,3.33812,3.33339,3.32904,3.32508,3.32151,3.31835,3.31560,3.31328,3.31140,3.30996,3.30898,3.30846,3.30841,3.30884,3.30975,3.31116,3.31307,3.31549,3.31842,3.32187,3.32584,3.33034,3.33538,3.34095,3.34707,3.35373,3.36094,3.36870,3.37701,3.38588,3.39531,3.40530,3.41584,3.42695,3.43861,3.45084,3.46362,3.47696,3.49086,3.50530,3.52030,3.53584,3.55192,3.56854,3.58568,3.60334,3.62151,3.64019,3.65935,3.67898,3.69907,3.71964,3.73941,3.75970,3.78033,3.80202,3.83664,5.70248,3.99809,3.94812,3.95597,3.97402,3.99567,4.01910,4.04361,4.06885,4.09466,4.12090,4.14750,4.17440,4.20155,4.22891,4.25643,4.28407,4.31180,4.33957,4.36735,4.39511,4.42278,4.45034,4.47774,4.50492,4.53184,4.55844,4.58467,4.61045,4.63572,4.66040,4.68443,4.70771,4.73015,4.75166,4.77214,4.79146,4.80952,4.82618,4.84132,4.85479,4.86645,4.87616,4.88375,4.88908,4.89199,4.89232,4.88993,4.88468,4.87644,4.86509,4.85054,4.83271,4.81154,4.78702,4.75915,4.72796,4.69352,4.65594,4.61537,4.57197,4.52595,4.47754,4.42700,4.37461,4.32067,4.26550,4.20939,4.15269,4.09569,4.03870,3.98203,3.92595,3.87071,3.81657,3.76374,3.71242,3.66277,3.61495,3.56908,3.52527,3.48359,3.44412,3.40689,3.37194,3.33928,3.30892,3.28084,3.25503,3.23146,3.21010,3.19091,3.17384,3.15887,3.14592,3.13497,3.12595,3.11881,3.11351,3.11000,3.10822,3.10813,3.10968,3.11284,3.11755,3.12378,3.13149,3.14064,3.15120,3.16314,3.17642,3.19102,3.20692,3.22408,3.24249,3.26213,3.28298,3.30502,3.32823,3.35261,3.37813,3.40480,3.43259,3.46150,3.49153,3.52266,3.55488,3.58820,3.62260,3.65809,3.69464,3.73227,3.77095,3.81068,3.85146,3.89327,3.93610,3.97992,4.02473,4.07050,4.11719,4.16479,4.21324,4.26249,4.31250,4.36319,4.41448,4.46628,4.51848,4.57094,4.62353,4.67605,4.72832,4.78008,4.83107,4.88096,4.92939,4.97595,5.02013,5.06139,5.09909,5.13252,5.16083,5.18310,5.19829,5.20520,5.20251,5.18876,5.16234,5.12146,5.06421,4.98856,4.89233,4.77330,4.62921,4.45784,4.25711,4.02517,3.76051,3.46213,3.12966,2.76348,2.36487,1.93612,1.48051,1.00235,0.50685
3.91593,3.91591,3.91586,3.91576,3.91563,3.91547,3.91526,3.91501,3.91473,3.91440,3.91403,3.91361,3.91315,3.91264,3.91208,3.91147,3.91080,3.91008,3.90930,3.90846,3.90756,3.90659,3.90554,3.90443,3.90324,3.90197,3.90062,3.89918,3.89766,3.89604,3.89433,3.89251,3.89059,3.88856,3.88643,3.88417,3.88180,3.87931,3.87668,3.87393,3.87105,3.86802,3.86486,3.86154,3.85808,3.85447,3.85070,3.84678,3.84269,3.83844,3.83402,3.82943,3.82467,3.81973,3.81462,3.80934,3.80387,3.79823,3.79240,3.78640,3.78021,3.77385,3.76730,3.76058,3.75368,3.74660,3.73935,3.73194,3.72435,3.71660,3.70870,3.70064,3.69243,3.68407,3.67558,3.66695,3.65820,3.64933,3.64035,3.63126,3.62208,3.61282,3.60348,3.59408,3.58462,3.57512,3.56558,3.55602,3.54645,3.53688,3.52732,3.51779,3.50830,3.49886,3.48948,3.48018,3.47097,3.46187,3.45289,3.44403,3.43533,3.42678,3.41841,3.41023,3.40225,3.39448,3.38695,3.37965,3.37261,3.36584,3.35935,3.35316,3.34728,3.34171,3.33648,3.33159,3.32705,3.32288,3.31910,3.31569,3.31269,3.31010,3.30793,3.30618,3.30487,3.30401,3.30360,3.30366,3.30419,3.30519,3.30668,3.30867,3.31115,3.31414,3.31763,3.32164,3.32618,3.33124,3.33682,3.34295,3.34961,3.35681,3.36455,3.37284,3.38168,3.39106,3.40100,3.41149,3.42254,3.43413,3.44628,3.45898,3.47223,3.48603,3.50038,3.51527,3.53070,3.54666,3.56316,3.58018,3.59772,3.61576,3.63431,3.65334,3.67285,3.69282,3.71323,3.73411,3.75417,3.77474,3.79563,3.81760,3.85321,5.99936,4.00973,3.96374,3.97225,3.99060,4.01245,4.03603,4.06065,4.08598,4.11184,4.13812,4.16474,4.19162,4.21873,4.24602,4.27344,4.30096,4.32853,4.35612,4.38368,4.41117,4.43856,4.46578,4.49280,4.51957,4.54602,4.57211,4.59776,4.62292,4.64751,4.67145,4.69467,4.71706,4.73855,4.75903,4.77839,4.79651,4.81328,4.82857,4.84224,4.85415,4.86415,4.87211,4.87786,4.88127,4.88217,4.88042,4.87589,4.86844,4.85797,4.84437,4.82756,4.80748,4.78411,4.75744,4.72750,4.69435,4.65808,4.61882,4.57673,4.53200,4.48485,4.43553,4.38431,4.33147,4.27732,4.22216,4.16630,4.11006,4.05373,3.99762,3.94200,3.88714,3.83328,3.78064,3.72943,3.67982,3.63197,3.58601,3.54206,3.50020,3.46050,3.42302,3.38779,3.35483,3.32416,3.29576,3.26963,3.24574,3.22407,3.20458,3.18723,3.17197,3.15877,3.14758,3.13834,3.13101,3.12554,3.12188,3.11999,3.11981,3.12130,3.12442,3.12913,3.13538,3.14315,3.15239,3.16307,3.17516,3.18864,3.20346,3.21962,3.23708,3.25582,3.27584,3.29710,3.31959,3.34330,3.36822,3.39434,3.42165,3.45014,3.47980,3.51063,3.54263,3.57579,3.61012,3.64560,3.68224,3.72004,3.75900,3.79911,3.84038,3.88280,3.92638,3.97110,4.01697,4.06397,4.11209,4.16132,4.21165,4.26304,4.31547,4.36891,4.42330,4.47860,4.53473,4.59162,4.64917,4.70728,4.76579,4.82456,4.88340,4.94208,5.00034,5.05788,5.11435,5.16933,5.22235,5.27285,5.32018,5.36362,5.40231,5.43529,5.46144,5.47951,5.48808,5.48556,5.47015,5.43988,5.39259,5.32592,5.23736,5.12425,4.98386,4.81345,4.61036,4.37216,4.09676,3.78263,3.42892,3.03573,2.60421,2.13675,1.63703,1.11005,0.56197
3.90011,3.90009,3.90002,3.89991,3.89976,3.89956,3.89931,3.89902,3.89868,3.89830,3.89786,3.89737,3.89683,3.89624,3.89559,3.89488,3.89411,3.89328,3.89238,3.89142,3.89039,3.88928,3.88810,3.88684,3.88550,3.88408,3.88257,3.88097,3.87928,3.87749,3.87560,3.87360,3.87150,3.86929,3.86696,3.86452,3.86195,3.85926,3.85644,3.85349,3.85041,3.84718,3.84382,3.84031,3.83665,3.83284,3.82887,3.82475,3.82047,3.81603,3.81142,3.80665,3.80171,3.79660,3.79132,3.78587,3.78025,3.77446,3.76849,3.76235,3.75603,3.74955,3.74289,3.73607,3.72908,3.72192,3.71460,3.70713,3.69949,3.69171,3.68378,3.67571,3.66751,3.65917,3.65070,3.64212,3.63343,3.62464,3.61575,3.60677,3.59771,3.58858,3.57940,3.57016,3.56089,3.55158,3.54226,3.53293,3.52360,3.51429,3.50501,3.49577,3.48658,3.47746,3.46842,3.45947,3.45063,3.44190,3.43331,3.42486,3.41657,3.40846,3.40053,3.39279,3.38527,3.37798,3.37092,3.36412,3.35758,3.35132,3.34535,3.33968,3.33432,3.32929,3.32460,3.32025,3.31627,3.31266,3.30943,3.30659,3.30415,3.30213,3.30052,3.29935,3.29861,3.29832,3.29849,3.29911,3.30021,3.30179,3.30385,3.30640,3.30944,3.31299,3.31704,3.32161,3.32670,3.33230,3.33843,3.34510,3.35229,3.36002,3.36829,3.37710,3.38645,3.39634,3.40678,3.41776,3.42929,3.44137,3.45399,3.46715,3.48086,3.49511,3.50989,3.52521,3.54106,3.55744,3.57433,3.59174,3.60966,3.62808,3.64698,3.66636,3.68620,3.70649,3.72721,3.74838,3.76872,3.78955,3.81069,3.83291,3.86955,6.27242,4.02128,3.97901,3.98815,4.00678,4.02881,4.05251,4.07722,4.10262,4.12852,4.15481,4.18141,4.20826,4.23530,4.26249,4.28978,4.31714,4.34453,4.37189,4.39920,4.42640,4.45345,4.48031,4.50691,4.53322,4.55916,4.58468,4.60972,4.63421,4.65806,4.68121,4.70355,4.72501,4.74549,4.76487,4.78306,4.79992,4.81535,4.82920,4.84134,4.85163,4.85993,4.86609,4.86996,4.87140,4.87027,4.86642,4.85974,4.85011,4.83743,4.82160,4.80258,4.78033,4.75483,4.72611,4.69421,4.65922,4.62126,4.58046,4.53702,4.49113,4.44303,4.39297,4.34124,4.28812,4.23392,4.17893,4.12346,4.06782,4.01229,3.95717,3.90270,3.84914,3.79673,3.74565,3.69611,3.64825,3.60223,3.55815,3.51612,3.47621,3.43848,3.40298,3.36973,3.33874,3.31003,3.28357,3.25936,3.23737,3.21756,3.19991,3.18436,3.17089,3.15944,3.14996,3.14242,3.13676,3.13293,3.13089,3.13059,3.13199,3.13505,3.13973,3.14598,3.15376,3.16306,3.17382,3.18603,3.19965,3.21466,3.23103,3.24873,3.26776,3.28809,3.30971,3.33260,3.35675,3.38216,3.40880,3.43668,3.46578,3.49612,3.52767,3.56045,3.59446,3.62968,3.66614,3.70383,3.74275,3.78291,3.82431,3.86697,3.91089,3.95606,4.00251,4.05022,4.09921,4.14948,4.20102,4.25383,4.30790,4.36323,4.41979,4.47756,4.53652,4.59662,4.65781,4.72003,4.78321,4.84724,4.91201,4.97739,5.04320,5.10924,5.17528,5.24104,5.30617,5.37028,5.43291,5.49351,5.55145,5.60599,5.65627,5.70128,5.73989,5.77076,5.79238,5.80304,5.80078,5.78341,5.74849,5.69335,5.61506,5.51049,5.37634,5.20923,5.00582,4.76291,4.47767,4.14780,3.77184,3.34939,2.88134,2.37012,1.81982,1.23623,0.62671
3.88286,3.88284,3.88276,3.88263,3.88246,3.88223,3.88195,3.88161,3.88123,3.88078,3.88029,3.87973,3.87912,3.87844,3.87770,3.87690,3.87604,3.87510,3.87410,3.87302,3.87187,3.87064,3.86933,3.86793,3.86645,3.86489,3.86323,3.86148,3.85963,3.85768,3.85562,3.85346,3.85119,3.84881,3.84631,3.84369,3.84094,3.83807,3.83507,3.83194,3.82867,3.82527,3.82172,3.81803,3.81419,3.81020,3.80606,3.80177,3.79732,3.79271,3.78794,3.78301,3.77792,3.77266,3.76723,3.76165,3.75589,3.74997,3.74388,3.73763,3.73122,3.72464,3.71790,3.71100,3.70395,3.69674,3.68938,3.68187,3.67422,3.66644,3.65851,3.65046,3.64228,3.63399,3.62559,3.61708,3.60848,3.59978,3.59101,3.58216,3.57325,3.56428,3.55527,3.54623,3.53716,3.52808,3.51899,3.50991,3.50085,3.49182,3.48284,3.47391,3.46505,3.45626,3.44757,3.43899,3.43053,3.42219,3.41400,3.40597,3.39811,3.39043,3.38295,3.37568,3.36863,3.36181,3.35524,3.34893,3.34290,3.33715,3.33170,3.32655,3.32173,3.31723,3.31308,3.30929,3.30585,3.30280,3.30012,3.29784,3.29597,3.29451,3.29347,3.29286,3.29269,3.29296,3.29370,3.29489,3.29655,3.29869,3.30131,3.30442,3.30802,3.31212,3.31673,3.32184,3.32747,3.33361,3.34028,3.34747,3.35519,3.36344,3.37222,3.38153,3.39139,3.40178,3.41270,3.42417,3.43617,3.44872,3.46180,3.47541,3.48956,3.50425,3.51946,3.53519,3.55145,3.56822,3.58551,3.60329,3.62157,3.64034,3.65959,3.67930,3.69946,3.72005,3.74106,3.76251,3.78311,3.80419,3.82555,3.84802,3.88571,6.47739,4.03280,3.99402,4.00374,4.02262,4.04481,4.06862,4.09340,4.11883,4.14475,4.17102,4.19758,4.22435,4.25130,4.27836,4.30550,4.33267,4.35984,4.38695,4.41396,4.44083,4.46752,4.49396,4.52011,4.54591,4.57129,4.59621,4.62059,4.64434,4.66741,4.68970,4.71113,4.73159,4.75100,4.76923,4.78618,4.80173,4.81574,4.82810,4.83866,4.84728,4.85382,4.85814,4.86010,4.85955,4.85637,4.85042,4.84160,4.82979,4.81492,4.79692,4.77575,4.75139,4.72386,4.69319,4.65945,4.62276,4.58324,4.54106,4.49642,4.44953,4.40065,4.35003,4.29796,4.24472,4.19062,4.13595,4.08101,4.02610,3.97149,3.91745,3.86423,3.81206,3.76115,3.71169,3.66385,3.61777,3.57359,3.53141,3.49130,3.45334,3.41757,3.38403,3.35274,3.32371,3.29693,3.27239,3.25006,3.22994,3.21197,3.19612,3.18236,3.17064,3.16091,3.15313,3.14725,3.14323,3.14103,3.14059,3.14187,3.14484,3.14945,3.15566,3.16344,3.17276,3.18357,3.19585,3.20958,3.22473,3.24127,3.25918,3.27845,3.29905,3.32097,3.34421,3.36874,3.39456,3.42166,3.45005,3.47970,3.51063,3.54283,3.57631,3.61106,3.64710,3.68443,3.72305,3.76298,3.80422,3.84679,3.89070,3.93596,3.98258,4.03057,4.07996,4.13074,4.18294,4.23656,4.29162,4.34812,4.40607,4.46546,4.52630,4.58858,4.65228,4.71738,4.78384,4.85164,4.92071,4.99097,5.06233,5.13469,5.20789,5.28177,5.35610,5.43065,5.50509,5.57907,5.65214,5.72377,5.79336,5.86016,5.92333,5.98185,6.03454,6.08003,6.11673,6.14280,6.15614,6.15433,6.13467,6.09411,6.02929,5.93652,5.81187,5.65119,5.45027,5.20496,4.91143,4.56640,4.16748,3.71350,3.20491,2.64405,2.03537,1.38560,0.70358
3.86445,3.86442,3.86433,3.86419,3.86399,3.86374,3.86342,3.86305,3.86262,3.86212,3.86156,3.86095,3.86026,3.85951,3.85869,3.85781,3.85685,3.85581,3.85471,3.85352,3.85226,3.85091,3.84948,3.84796,3.84635,3.84465,3.84285,3.84096,3.83897,3.83687,3.83466,3.83235,3.82992,3.82738,3.82472,3.82194,3.81903,3.81600,3.81284,3.80954,3.80611,3.80254,3.79883,3.79498,3.79098,3.78684,3.78254,3.77810,3.77350,3.76874,3.76383,3.75877,3.75354,3.74816,3.74261,3.73691,3.73105,3.72503,3.71885,3.71252,3.70603,3.69938,3.69259,3.68564,3.67855,3.67131,3.66394,3.65643,3.64879,3.64102,3.63313,3.62512,3.61700,3.60878,3.60046,3.59205,3.58356,3.57499,3.56636,3.55767,3.54893,3.54014,3.53133,3.52250,3.51366,3.50482,3.49599,3.48718,3.47841,3.46968,3.46100,3.45240,3.44388,3.43545,3.42713,3.41892,3.41085,3.40292,3.39514,3.38754,3.38011,3.37288,3.36586,3.35905,3.35248,3.34615,3.34007,3.33426,3.32874,3.32350,3.31857,3.31395,3.30966,3.30570,3.30209,3.29884,3.29595,3.29345,3.29133,3.28961,3.28829,3.28739,3.28691,3.28686,3.28725,3.28808,3.28938,3.29113,3.29335,3.29604,3.29921,3.30287,3.30702,3.31167,3.31681,3.32246,3.32863,3.33530,3.34249,3.35020,3.35843,3.36719,3.37647,3.38629,3.39663,3.40750,3.41891,3.43085,3.44331,3.45631,3.46984,3.48390,3.49848,3.51358,3.52920,3.54534,3.56199,3.57915,3.59681,3.61496,3.63359,3.65270,3.67227,3.69230,3.71276,3.73364,3.75493,3.77664,3.79748,3.81878,3.84035,3.86305,3.90184,6.57357,4.04441,4.00888,4.01916,4.03827,4.06058,4.08447,4.10930,4.13475,4.16065,4.18689,4.21338,4.24006,4.26688,4.29379,4.32074,4.34769,4.37460,4.40142,4.42811,4.45461,4.48089,4.50688,4.53253,4.55778,4.58257,4.60683,4.63049,4.65347,4.67570,4.69708,4.71753,4.73694,4.75522,4.77224,4.78790,4.80207,4.81463,4.82544,4.83436,4.84127,4.84601,4.84846,4.84848,4.84592,4.84068,4.83263,4.82167,4.80772,4.79071,4.77058,4.74733,4.72095,4.69148,4.65897,4.62353,4.58526,4.54434,4.50093,4.45525,4.40753,4.35802,4.30700,4.25475,4.20154,4.14769,4.09349,4.03921,3.98514,3.93155,3.87868,3.82678,3.77606,3.72671,3.67891,3.63281,3.58854,3.54622,3.50592,3.46774,3.43171,3.39789,3.36630,3.33694,3.30984,3.28496,3.26231,3.24185,3.22356,3.20740,3.19333,3.18132,3.17132,3.16329,3.15718,3.15295,3.15055,3.14994,3.15108,3.15393,3.15845,3.16460,3.17234,3.18164,3.19247,3.20479,3.21859,3.23384,3.25051,3.26858,3.28804,3.30887,3.33105,3.35457,3.37943,3.40561,3.43312,3.46194,3.49208,3.52353,3.55630,3.59039,3.62581,3.66257,3.70067,3.74013,3.78095,3.82316,3.86677,3.91180,3.95826,4.00617,4.05555,4.10643,4.15883,4.21276,4.26825,4.32532,4.38400,4.44429,4.50623,4.56982,4.63508,4.70202,4.77064,4.84093,4.91289,4.98650,5.06172,5.13851,5.21680,5.29650,5.37751,5.45969,5.54285,5.62677,5.71120,5.79579,5.88014,5.96377,6.04609,6.12639,6.20384,6.27744,6.34599,6.40809,6.46211,6.50609,6.53780,6.55463,6.55359,6.53125,6.48378,6.40689,6.29588,6.14572,5.95112,5.70676,5.40749,5.04869,4.62666,4.13913,3.58570,2.96839,2.29198,1.56423,0.79582
3.84513,3.84510,3.84501,3.84485,3.84463,3.84435,3.84400,3.84359,3.84312,3.84257,3.84196,3.84128,3.84053,3.83971,3.83882,3.83785,3.83681,3.83568,3.83448,3.83320,3.83183,3.83037,3.82883,3.82719,3.82547,3.82364,3.82172,3.81969,3.81757,3.81533,3.81299,3.81054,3.80797,3.80528,3.80248,3.79955,3.79650,3.79332,3.79001,3.78657,3.78299,3.77928,3.77542,3.77143,3.76729,3.76301,3.75858,3.75400,3.74927,3.74440,3.73937,3.73418,3.72885,3.72336,3.71772,3.71193,3.70599,3.69989,3.69365,3.68725,3.68071,3.67403,3.66720,3.66023,3.65313,3.64589,3.63853,3.63104,3.62343,3.61570,3.60787,3.59993,3.59190,3.58377,3.57556,3.56728,3.55892,3.55050,3.54203,3.53352,3.52497,3.51639,3.50780,3.49920,3.49061,3.48202,3.47347,3.46495,3.45648,3.44806,3.43972,3.43146,3.42329,3.41523,3.40729,3.39947,3.39180,3.38428,3.37693,3.36976,3.36278,3.35600,3.34944,3.34311,3.33701,3.33117,3.32559,3.32029,3.31527,3.31055,3.30614,3.30205,3.29829,3.29487,3.29180,3.28909,3.28675,3.28479,3.28322,3.28205,3.28129,3.28094,3.28101,3.28152,3.28246,3.28386,3.28570,3.28800,3.29077,3.29401,3.29773,3.30193,3.30662,3.31180,3.31748,3.32366,3.33034,3.33754,3.34524,3.35346,3.36220,3.37146,3.38123,3.39153,3.40236,3.41370,3.42558,3.43797,3.45089,3.46433,3.47830,3.49278,3.50778,3.52329,3.53932,3.55585,3.57288,3.59041,3.60842,3.62692,3.64589,3.66533,3.68521,3.70554,3.72629,3.74745,3.76899,3.79094,3.81202,3.83353,3.85529,3.87819,3.91813,6.54413,4.05631,4.02380,4.03460,4.05392,4.07634,4.10029,4.12514,4.15058,4.17644,4.20261,4.22901,4.25557,4.28223,4.30896,4.33569,4.36239,4.38902,4.41551,4.44184,4.46794,4.49376,4.51926,4.54437,4.56903,4.59317,4.61673,4.63962,4.66178,4.68312,4.70354,4.72296,4.74127,4.75835,4.77411,4.78843,4.80117,4.81221,4.82142,4.82867,4.83382,4.83673,4.83728,4.83532,4.83075,4.82344,4.81330,4.80023,4.78417,4.76506,4.74288,4.71762,4.68931,4.65800,4.62377,4.58674,4.54705,4.50486,4.46038,4.41382,4.36542,4.31546,4.26419,4.21190,4.15888,4.10542,4.05179,3.99829,3.94517,3.89269,3.84109,3.79058,3.74136,3.69362,3.64751,3.60317,3.56072,3.52025,3.48185,3.44558,3.41148,3.37959,3.34992,3.32248,3.29728,3.27428,3.25349,3.23486,3.21838,3.20399,3.19168,3.18139,3.17309,3.16673,3.16226,3.15966,3.15886,3.15984,3.16254,3.16694,3.17299,3.18066,3.18992,3.20073,3.21307,3.22691,3.24222,3.25898,3.27718,3.29679,3.31780,3.34019,3.36396,3.38909,3.41559,3.44343,3.47264,3.50319,3.53510,3.56837,3.60300,3.63901,3.67640,3.71519,3.75539,3.79702,3.84009,3.88462,3.93064,3.97817,4.02723,4.07785,4.13007,4.18389,4.23937,4.29653,4.35540,4.41601,4.47840,4.54261,4.60865,4.67658,4.74640,4.81816,4.89187,4.96756,5.04523,5.12489,5.20653,5.29014,5.37569,5.46312,5.55235,5.64330,5.73581,5.82973,5.92482,6.02080,6.11732,6.21394,6.31013,6.40523,6.49844,6.58880,6.67513,6.75604,6.82985,6.89456,6.94780,6.98680,7.00830,7.00852,6.98310,6.92711,6.83500,6.70070,6.51763,6.27898,5.97792,5.60799,5.16368,4.64099,4.03822,3.35664,2.60112,1.78060,0.90802
3.82510,3.82507,3.82497,3.82480,3.82456,3.82425,3.82388,3.82343,3.82291,3.82232,3.82166,3.82093,3.82012,3.81923,3.81827,3.81723,3.81610,3.81490,3.81361,3.81223,3.81077,3.80921,3.80756,3.80582,3.80398,3.80205,3.80001,3.79787,3.79562,3.79326,3.79079,3.78821,3.78551,3.78270,3.77976,3.77671,3.77352,3.77021,3.76677,3.76320,3.75950,3.75565,3.75168,3.74756,3.74330,3.73890,3.73435,3.72967,3.72483,3.71985,3.71473,3.70945,3.70403,3.69846,3.69275,3.68689,3.68089,3.67474,3.66845,3.66202,3.65545,3.64875,3.64191,3.63495,3.62786,3.62064,3.61331,3.60587,3.59832,3.59066,3.58291,3.57506,3.56713,3.55913,3.55105,3.54290,3.53470,3.52646,3.51817,3.50985,3.50151,3.49316,3.48481,3.47646,3.46813,3.45983,3.45156,3.44334,3.43519,3.42711,3.41910,3.41120,3.40339,3.39571,3.38815,3.38074,3.37348,3.36638,3.35946,3.35273,3.34620,3.33988,3.33379,3.32793,3.32232,3.31697,3.31189,3.30709,3.30258,3.29837,3.29448,3.29092,3.28768,3.28480,3.28226,3.28009,3.27829,3.27688,3.27586,3.27523,3.27502,3.27522,3.27584,3.27689,3.27838,3.28032,3.28271,3.28555,3.28886,3.29264,3.29690,3.30163,3.30685,3.31256,3.31876,3.32545,3.33265,3.34036,3.34856,3.35728,3.36651,3.37626,3.38652,3.39729,3.40858,3.42039,3.43272,3.44556,3.45892,3.47280,3.48718,3.50208,3.51749,3.53340,3.54981,3.56672,3.58412,3.60200,3.62036,3.63919,3.65849,3.67823,3.69842,3.71903,3.74005,3.76146,3.78325,3.80543,3.82672,3.84842,3.87036,3.89345,3.93460,6.40527,4.06846,4.03877,4.05006,4.06956,4.09206,4.11605,4.14090,4.16631,4.19211,4.21819,4.24446,4.27087,4.29735,4.32386,4.35035,4.37677,4.40307,4.42921,4.45514,4.48080,4.50614,4.53110,4.55562,4.57964,4.60310,4.62590,4.64799,4.66928,4.68967,4.70908,4.72742,4.74456,4.76041,4.77486,4.78777,4.79903,4.80852,4.81609,4.82162,4.82498,4.82603,4.82465,4.82072,4.81413,4.80477,4.79255,4.77741,4.75928,4.73813,4.71397,4.68679,4.65665,4.62362,4.58779,4.54931,4.50833,4.46503,4.41962,4.37234,4.32342,4.27315,4.22178,4.16961,4.11690,4.06395,4.01103,3.95841,3.90633,3.85505,3.80477,3.75571,3.70805,3.66195,3.61755,3.57499,3.53437,3.49576,3.45925,3.42488,3.39269,3.36270,3.33493,3.30938,3.28604,3.26490,3.24593,3.22911,3.21440,3.20177,3.19117,3.18258,3.17595,3.17123,3.16839,3.16738,3.16816,3.17070,3.17495,3.18088,3.18846,3.19764,3.20840,3.22072,3.23456,3.24990,3.26671,3.28499,3.30471,3.32586,3.34842,3.37238,3.39774,3.42449,3.45263,3.48215,3.51306,3.54537,3.57907,3.61417,3.65069,3.68863,3.72802,3.76887,3.81119,3.85501,3.90036,3.94725,3.99572,4.04579,4.09751,4.15089,4.20598,4.26282,4.32144,4.38189,4.44421,4.50845,4.57465,4.64286,4.71312,4.78549,4.86001,4.93674,5.01570,5.09695,5.18053,5.26646,5.35477,5.44548,5.53859,5.63409,5.73194,5.83210,5.93448,6.03896,6.14537,6.25350,6.36305,6.47366,6.58486,6.69607,6.80655,6.91541,7.02153,7.12354,7.21979,7.30827,7.38654,7.45167,7.50020,7.52800,7.53022,7.50125,7.43461,7.32303,7.15844,6.93218,6.63524,6.25875,5.79461,5.23631,4.57998,3.82545,2.97731,2.04561,1.04614
3.80463,3.80459,3.80448,3.80430,3.80405,3.80372,3.80331,3.80284,3.80228,3.80165,3.80094,3.80016,3.79929,3.79835,3.79732,3.79621,3.79501,3.79373,3.79236,3.79090,3.78935,3.78770,3.78596,3.78412,3.78218,3.78014,3.77800,3.77575,3.77339,3.77092,3.76834,3.76565,3.76284,3.75991,3.75686,3.75368,3.75038,3.74696,3.74340,3.73972,3.73590,3.73195,3.72786,3.72364,3.71928,3.71478,3.71014,3.70536,3.70044,3.69538,3.69018,3.68483,3.67934,3.67372,3.66795,3.66205,3.65600,3.64983,3.64351,3.63707,3.63050,3.62380,3.61698,3.61004,3.60298,3.59582,3.58854,3.58116,3.57369,3.56612,3.55847,3.55074,3.54294,3.53507,3.52714,3.51916,3.51114,3.50308,3.49499,3.48689,3.47878,3.47067,3.46257,3.45448,3.44643,3.43842,3.43046,3.42256,3.41474,3.40699,3.39934,3.39180,3.38437,3.37707,3.36992,3.36291,3.35606,3.34939,3.34291,3.33662,3.33055,3.32469,3.31907,3.31369,3.30856,3.30370,3.29911,3.29482,3.29082,3.28712,3.28375,3.28071,3.27800,3.27564,3.27364,3.27200,3.27074,3.26986,3.26938,3.26929,3.26961,3.27035,3.27152,3.27311,3.27514,3.27761,3.28054,3.28392,3.28776,3.29206,3.29684,3.30210,3.30784,3.31406,3.32077,3.32798,3.33568,3.34388,3.35258,3.36179,3.37150,3.38172,3.39245,3.40369,3.41544,3.42769,3.44046,3.45374,3.46753,3.48182,3.49662,3.51192,3.52772,3.54402,3.56080,3.57807,3.59583,3.61405,3.63275,3.65190,3.67150,3.69154,3.71201,3.73289,3.75417,3.77583,3.79784,3.82023,3.84171,3.86359,3.88568,3.90895,3.95136,6.19620,4.08101,4.05393,4.06567,4.08532,4.10789,4.13189,4.15672,4.18207,4.20779,4.23375,4.25988,4.28611,4.31238,4.33865,4.36486,4.39096,4.41691,4.44266,4.46815,4.49333,4.51815,4.54254,4.56644,4.58978,4.61250,4.63451,4.65574,4.67611,4.69551,4.71386,4.73106,4.74700,4.76156,4.77464,4.78611,4.79585,4.80373,4.80963,4.81341,4.81495,4.81413,4.81081,4.80491,4.79630,4.78491,4.77065,4.75347,4.73333,4.71022,4.68415,4.65515,4.62328,4.58864,4.55135,4.51156,4.46943,4.42516,4.37898,4.33112,4.28184,4.23140,4.18008,4.12815,4.07589,4.02357,3.97146,3.91980,3.86885,3.81883,3.76994,3.72237,3.67630,3.63187,3.58921,3.54843,3.50963,3.47288,3.43824,3.40575,3.37545,3.34734,3.32145,3.29775,3.27625,3.25693,3.23975,3.22470,3.21173,3.20082,3.19192,3.18499,3.18000,3.17690,3.17565,3.17622,3.17856,3.18264,3.18841,3.19586,3.20494,3.21562,3.22788,3.24168,3.25702,3.27385,3.29217,3.31196,3.33320,3.35588,3.37999,3.40553,3.43249,3.46086,3.49065,3.52186,3.55449,3.58855,3.62405,3.66100,3.69942,3.73933,3.78073,3.82366,3.86813,3.91418,3.96183,4.01111,4.06207,4.11472,4.16913,4.22531,4.28333,4.34323,4.40505,4.46886,4.53470,4.60263,4.67272,4.74502,4.81960,4.89652,4.97586,5.05767,5.14203,5.22901,5.31866,5.41106,5.50626,5.60432,5.70528,5.80917,5.91601,6.02580,6.13852,6.25410,6.37246,6.49345,6.61686,6.74242,6.86975,6.99836,7.12763,7.25675,7.38471,7.51023,7.63173,7.74722,7.85428,7.94993,8.03053,8.09168,8.12810,8.13347,8.10039,8.02026,7.88329,7.67859,7.39442,7.01869,6.53971,5.94729,5.23410,4.39736,3.44051,2.37453,1.21866
3.78393,3.78389,3.78378,3.78358,3.78331,3.78296,3.78253,3.78202,3.78144,3.78077,3.78002,3.77919,3.77827,3.77727,3.77618,3.77501,3.77375,3.77240,3.77095,3.76942,3.76778,3.76606,3.76423,3.76230,3.76027,3.75814,3.75590,3.75356,3.75110,3.74854,3.74586,3.74306,3.74015,3.73712,3.73396,3.73069,3.72729,3.72376,3.72011,3.71633,3.71242,3.70837,3.70420,3.69989,3.69544,3.69086,3.68615,3.68130,3.67631,3.67118,3.66592,3.66053,3.65499,3.64933,3.64353,3.63760,3.63154,3.62535,3.61904,3.61261,3.60605,3.59938,3.59259,3.58570,3.57870,3.57159,3.56440,3.55711,3.54973,3.54228,3.53475,3.52715,3.51949,3.51178,3.50402,3.49622,3.48839,3.48054,3.47267,3.46480,3.45693,3.44908,3.44124,3.43344,3.42568,3.41798,3.41033,3.40276,3.39527,3.38788,3.38059,3.37342,3.36638,3.35947,3.35272,3.34612,3.33970,3.33346,3.32742,3.32158,3.31596,3.31057,3.30542,3.30051,3.29587,3.29150,3.28741,3.28362,3.28012,3.27694,3.27408,3.27155,3.26937,3.26753,3.26605,3.26495,3.26421,3.26387,3.26392,3.26436,3.26522,3.26649,3.26819,3.27031,3.27287,3.27587,3.27932,3.28323,3.28759,3.29242,3.29771,3.30348,3.30973,3.31646,3.32367,3.33137,3.33957,3.34826,3.35744,3.36712,3.37731,3.38799,3.39918,3.41087,3.42306,3.43576,3.44896,3.46266,3.47687,3.49157,3.50677,3.52246,3.53864,3.55530,3.57245,3.59007,3.60817,3.62672,3.64574,3.66520,3.68509,3.70542,3.72615,3.74729,3.76881,3.79069,3.81292,3.83551,3.85716,3.87919,3.90143,3.92486,3.96861,5.95935,4.09410,4.06946,4.08160,4.10139,4.12400,4.14799,4.17277,4.19804,4.22364,4.24946,4.27542,4.30144,4.32748,4.35347,4.37938,4.40514,4.43070,4.45602,4.48104,4.50571,4.52996,4.55374,4.57697,4.59959,4.62153,4.64270,4.66303,4.68242,4.70079,4.71803,4.73405,4.74873,4.76196,4.77362,4.78361,4.79178,4.79802,4.80221,4.80422,4.80392,4.80120,4.79595,4.78807,4.77746,4.76406,4.74779,4.72863,4.70654,4.68154,4.65365,4.62293,4.58945,4.55333,4.51470,4.47372,4.43059,4.38550,4.33869,4.29041,4.24090,4.19044,4.13929,4.08773,4.03603,3.98444,3.93323,3.88264,3.83289,3.78419,3.73673,3.69070,3.64624,3.60350,3.56258,3.52359,3.48662,3.45171,3.41893,3.38831,3.35987,3.33362,3.30957,3.28770,3.26801,3.25048,3.23506,3.22175,3.21049,3.20127,3.19403,3.18874,3.18537,3.18386,3.18419,3.18631,3.19019,3.19579,3.20308,3.21203,3.22260,3.23477,3.24851,3.26380,3.28062,3.29895,3.31877,3.34007,3.36283,3.38705,3.41272,3.43984,3.46840,3.49840,3.52985,3.56276,3.59712,3.63296,3.67028,3.70911,3.74945,3.79133,3.83478,3.87981,3.92646,3.97477,4.02476,4.07647,4.12994,4.18522,4.24236,4.30140,4.36240,4.42541,4.49049,4.55772,4.62715,4.69885,4.77290,4.84938,4.92837,5.00995,5.09421,5.18124,5.27114,5.36399,5.45990,5.55896,5.66127,5.76691,5.87599,5.98858,6.10475,6.22457,6.34808,6.47530,6.60621,6.74077,6.87886,7.02032,7.16489,7.31221,7.46180,7.61298,7.76490,7.91643,8.06611,8.21211,8.35207,8.48306,8.60140,8.70251,8.78077,8.82927,8.83969,8.80206,8.70467,8.53404,8.27505,7.91142,7.42652,6.80473,6.03332,5.10491,4.02015,2.79021,1.43839
3.76320,3.76316,3.76304,3.76284,3.76255,3.76218,3.76173,3.76120,3.76058,3.75987,3.75909,3.75821,3.75725,3.75620,3.75506,3.75383,3.75251,3.75109,3.74958,3.74798,3.74628,3.74447,3.74257,3.74057,3.73846,3.73624,3.73392,3.73149,3.72895,3.72629,3.72353,3.72064,3.71764,3.71452,3.71128,3.70792,3.70444,3.70083,3.69709,3.69323,3.68924,3.68512,3.68087,3.67649,3.67198,3.66733,3.66256,3.65765,3.65262,3.64745,3.64215,3.63672,3.63116,3.62548,3.61967,3.61373,3.60768,3.60150,3.59521,3.58880,3.58228,3.57565,3.56892,3.56209,3.55517,3.54815,3.54105,3.53386,3.52660,3.51928,3.51189,3.50444,3.49694,3.48940,3.48183,3.47423,3.46661,3.45898,3.45135,3.44372,3.43611,3.42852,3.42097,3.41346,3.40601,3.39861,3.39130,3.38406,3.37692,3.36989,3.36297,3.35618,3.34952,3.34302,3.33667,3.33049,3.32450,3.31869,3.31309,3.30770,3.30254,3.29761,3.29293,3.28851,3.28435,3.28046,3.27687,3.27357,3.27058,3.26790,3.26555,3.26354,3.26187,3.26055,3.25959,3.25901,3.25880,3.25898,3.25955,3.26052,3.26190,3.26370,3.26592,3.26856,3.27164,3.27516,3.27913,3.28355,3.28843,3.29376,3.29956,3.30584,3.31258,3.31981,3.32751,3.33570,3.34438,3.35354,3.36320,3.37335,3.38399,3.39513,3.40676,3.41889,3.43152,3.44465,3.45827,3.47238,3.48699,3.50208,3.51767,3.53374,3.55029,3.56731,3.58481,3.60277,3.62119,3.64006,3.65938,3.67913,3.69931,3.71990,3.74090,3.76227,3.78402,3.80611,3.82854,3.85130,3.87312,3.89529,3.91765,3.94122,3.98640,5.72642,4.10777,4.08539,4.09790,4.11780,4.14043,4.16438,4.18909,4.21426,4.23973,4.26538,4.29114,4.31693,4.34270,4.36839,4.39395,4.41933,4.44448,4.46934,4.49386,4.51797,4.54162,4.56475,4.58727,4.60913,4.63025,4.65053,4.66991,4.68829,4.70557,4.72166,4.73644,4.74981,4.76167,4.77188,4.78033,4.78691,4.79148,4.79393,4.79414,4.79199,4.78737,4.78018,4.77034,4.75776,4.74238,4.72416,4.70307,4.67911,4.65230,4.62268,4.59034,4.55536,4.51788,4.47804,4.43602,4.39203,4.34626,4.29897,4.25040,4.20080,4.15045,4.09960,4.04852,3.99749,3.94673,3.89651,3.84705,3.79856,3.75123,3.70526,3.66079,3.61797,3.57693,3.53776,3.50056,3.46540,3.43232,3.40138,3.37260,3.34600,3.32158,3.29935,3.27928,3.26137,3.24559,3.23191,3.22030,3.21073,3.20316,3.19756,3.19388,3.19210,3.19216,3.19404,3.19770,3.20309,3.21020,3.21899,3.22942,3.24148,3.25512,3.27034,3.28711,3.30541,3.32523,3.34655,3.36935,3.39364,3.41940,3.44663,3.47533,3.50550,3.53715,3.57027,3.60489,3.64100,3.67863,3.71779,3.75849,3.80078,3.84466,3.89017,3.93733,3.98619,4.03678,4.08914,4.14331,4.19934,4.25728,4.31719,4.37912,4.44314,4.50931,4.57771,4.64841,4.72148,4.79701,4.87510,4.95584,5.03931,5.12564,5.21492,5.30728,5.40282,5.50168,5.60398,5.70986,5.81945,5.93289,6.05032,6.17186,6.29767,6.42787,6.56257,6.70188,6.84589,6.99463,7.14814,7.30637,7.46920,7.63645,7.80779,7.98276,8.16070,8.34069,8.52152,8.70157,8.87869,9.05013,9.21232,9.36068,9.48943,9.59126,9.65705,9.67556,9.63307,9.51321,9.29686,8.96241,8.48658,7.84588,7.01915,5.99107,4.75648,3.32487,1.72385
3.74273,3.74269,3.74256,3.74235,3.74205,3.74166,3.74119,3.74063,3.73998,3.73925,3.73843,3.73751,3.73651,3.73542,3.73423,3.73295,3.73157,3.73010,3.72853,3.72687,3.72510,3.72323,3.72126,3.71919,3.71701,3.71472,3.71233,3.70982,3.70721,3.70448,3.70163,3.69867,3.69560,3.69240,3.68909,3.68566,3.68210,3.67842,3.67461,3.67069,3.66663,3.66245,3.65814,3.65371,3.64915,3.64446,3.63964,3.63470,3.62963,3.62444,3.61912,3.61367,3.60811,3.60242,3.59662,3.59070,3.58466,3.57851,3.57226,3.56589,3.55943,3.55287,3.54621,3.53946,3.53263,3.52571,3.51872,3.51166,3.50454,3.49735,3.49012,3.48284,3.47552,3.46817,3.46080,3.45341,3.44601,3.43862,3.43123,3.42386,3.41652,3.40921,3.40195,3.39474,3.38760,3.38053,3.37354,3.36665,3.35987,3.35320,3.34666,3.34025,3.33399,3.32788,3.32195,3.31619,3.31062,3.30525,3.30009,3.29516,3.29045,3.28598,3.28177,3.27782,3.27414,3.27074,3.26764,3.26483,3.26234,3.26016,3.25832,3.25681,3.25565,3.25484,3.25440,3.25432,3.25463,3.25532,3.25641,3.25790,3.25980,3.26211,3.26484,3.26800,3.27159,3.27562,3.28010,3.28502,3.29040,3.29623,3.30253,3.30929,3.31653,3.32424,3.33242,3.34109,3.35023,3.35986,3.36998,3.38058,3.39167,3.40325,3.41532,3.42789,3.44094,3.45448,3.46850,3.48302,3.49802,3.51350,3.52945,3.54589,3.56279,3.58016,3.59800,3.61629,3.63502,3.65420,3.67381,3.69384,3.71429,3.73513,3.75637,3.77797,3.79993,3.82222,3.84482,3.86775,3.88971,3.91201,3.93447,3.95817,4.00487,5.51544,4.12216,4.10187,4.11472,4.13469,4.15732,4.18122,4.20583,4.23087,4.25618,4.28164,4.30717,4.33271,4.35818,4.38354,4.40874,4.43371,4.45841,4.48277,4.50675,4.53028,4.55329,4.57572,4.59750,4.61856,4.63881,4.65817,4.67655,4.69387,4.71002,4.72491,4.73842,4.75045,4.76089,4.76961,4.77650,4.78145,4.78432,4.78502,4.78341,4.77941,4.77289,4.76378,4.75200,4.73748,4.72017,4.70004,4.67709,4.65133,4.62280,4.59157,4.55771,4.52136,4.48264,4.44173,4.39880,4.35408,4.30778,4.26014,4.21141,4.16185,4.11172,4.06129,4.01081,3.96053,3.91069,3.86153,3.81326,3.76608,3.72017,3.67571,3.63283,3.59166,3.55232,3.51490,3.47948,3.44611,3.41485,3.38573,3.35876,3.33397,3.31135,3.29090,3.27260,3.25643,3.24237,3.23039,3.22046,3.21254,3.20660,3.20260,3.20051,3.20029,3.20190,3.20530,3.21047,3.21737,3.22597,3.23623,3.24814,3.26166,3.27678,3.29346,3.31170,3.33148,3.35278,3.37559,3.39990,3.42571,3.45301,3.48181,3.51210,3.54388,3.57717,3.61198,3.64831,3.68618,3.72561,3.76661,3.80923,3.85347,3.89936,3.94695,3.99627,4.04735,4.10025,4.15500,4.21165,4.27026,4.33090,4.39361,4.45847,4.52554,4.59491,4.66666,4.74087,4.81763,4.89705,4.97922,5.06426,5.15229,5.24342,5.33780,5.43556,5.53684,5.64180,5.75060,5.86342,5.98043,6.10181,6.22775,6.35846,6.49413,6.63497,6.78117,6.93294,7.09047,7.25392,7.42345,7.59916,7.78114,7.96936,8.16373,8.36402,8.56985,8.78061,8.99538,9.21290,9.43139,9.64843,9.86078,10.06412,10.25278,10.41936,10.55425,10.64520,10.67667,10.62931,10.47950,10.19920,9.75638,9.11649,8.24541,7.11434,5.70665,4.02589,2.10304
3.72263,3.72258,3.72245,3.72223,3.72192,3.72152,3.72103,3.72044,3.71977,3.71901,3.71816,3.71721,3.71617,3.71504,3.71381,3.71248,3.71106,3.70954,3.70792,3.70620,3.70438,3.70245,3.70042,3.69829,3.69605,3.69370,3.69124,3.68867,3.68599,3.68320,3.68029,3.67727,3.67413,3.67087,3.66750,3.66400,3.66039,3.65665,3.65279,3.64881,3.64471,3.64048,3.63613,3.63166,3.62707,3.62235,3.61751,3.61254,3.60746,3.60225,3.59693,3.59149,3.58593,3.58026,3.57448,3.56859,3.56259,3.55649,3.55029,3.54399,3.53759,3.53111,3.52454,3.51789,3.51117,3.50437,3.49751,3.49059,3.48361,3.47659,3.46952,3.46242,3.45530,3.44815,3.44099,3.43383,3.42666,3.41951,3.41238,3.40528,3.39822,3.39120,3.38424,3.37734,3.37052,3.36378,3.35714,3.35060,3.34417,3.33787,3.33171,3.32569,3.31982,3.31412,3.30860,3.30326,3.29812,3.29319,3.28847,3.28398,3.27973,3.27573,3.27198,3.26850,3.26530,3.26238,3.25976,3.25744,3.25544,3.25376,3.25241,3.25141,3.25075,3.25044,3.25050,3.25094,3.25175,3.25295,3.25455,3.25654,3.25895,3.26176,3.26500,3.26866,3.27276,3.27729,3.28226,3.28767,3.29354,3.29987,3.30665,3.31390,3.32161,3.32979,3.33844,3.34757,3.35718,3.36726,3.37783,3.38887,3.40040,3.41241,3.42491,3.43789,3.45135,3.46529,3.47972,3.49462,3.51000,3.52585,3.54217,3.55896,3.57621,3.59391,3.61207,3.63067,3.64971,3.66918,3.68907,3.70937,3.73006,3.75115,3.77261,3.79443,3.81658,3.83905,3.86182,3.88490,3.90699,3.92939,3.95194,3.97576,4.02408,5.33363,4.13731,4.11894,4.13209,4.15212,4.17471,4.19853,4.22303,4.24792,4.27305,4.29829,4.32357,4.34882,4.37397,4.39897,4.42377,4.44830,4.47252,4.49635,4.51976,4.54266,4.56500,4.58670,4.60769,4.62790,4.64725,4.66564,4.68299,4.69921,4.71419,4.72783,4.74003,4.75068,4.75966,4.76685,4.77216,4.77544,4.77660,4.77553,4.77210,4.76624,4.75784,4.74682,4.73313,4.71670,4.69751,4.67555,4.65081,4.62334,4.59318,4.56043,4.52518,4.48756,4.44774,4.40588,4.36218,4.31687,4.27016,4.22230,4.17354,4.12415,4.07436,4.02445,3.97465,3.92522,3.87637,3.82834,3.78132,3.73550,3.69104,3.64811,3.60683,3.56733,3.52970,3.49402,3.46036,3.42878,3.39931,3.37198,3.34681,3.32380,3.30294,3.28424,3.26768,3.25322,3.24085,3.23054,3.22225,3.21595,3.21162,3.20920,3.20866,3.20998,3.21311,3.21803,3.22469,3.23307,3.24314,3.25487,3.26824,3.28322,3.29979,3.31793,3.33764,3.35888,3.38166,3.40596,3.43178,3.45912,3.48797,3.51833,3.55021,3.58362,3.61856,3.65506,3.69311,3.73275,3.77400,3.81687,3.86140,3.90761,3.95554,4.00523,4.05672,4.11005,4.16527,4.22244,4.28160,4.34282,4.40617,4.47171,4.53953,4.60969,4.68230,4.75743,4.83519,4.91568,4.99902,5.08532,5.17471,5.26733,5.36333,5.46285,5.56607,5.67315,5.78428,5.89967,6.01951,6.14403,6.27346,6.40806,6.54807,6.69377,6.84544,7.00338,7.16788,7.33925,7.51780,7.70383,7.89762,8.09944,8.30950,8.52798,8.75492,8.99030,9.23386,9.48514,9.74333,10.00719,10.27487,10.54371,10.80998,11.06852,11.31228,11.53175,11.71420,11.84279,11.89556,11.84433,11.65378,11.28101,10.67635,9.78625,8.55945,6.95733,4.96803,2.62155
3.70287,3.70283,3.70269,3.70246,3.70214,3.70173,3.70122,3.70062,3.69993,3.69914,3.69826,3.69729,3.69621,3.69504,3.69378,3.69241,3.69095,3.68939,3.68772,3.68595,3.68408,3.68211,3.68003,3.67784,3.67555,3.67315,3.67064,3.66802,3.66528,3.66244,3.65948,3.65640,3.65321,3.64990,3.64648,3.64294,3.63928,3.63550,3.63160,3.62758,3.62345,3.61919,3.61481,3.61032,3.60570,3.60097,3.59612,3.59115,3.58606,3.58087,3.57556,3.57013,3.56460,3.55896,3.55322,3.54738,3.54143,3.53539,3.52926,3.52304,3.51673,3.51035,3.50388,3.49735,3.49075,3.48409,3.47737,3.47060,3.46379,3.45694,3.45005,3.44315,3.43623,3.42929,3.42236,3.41543,3.40851,3.40162,3.39476,3.38793,3.38115,3.37443,3.36778,3.36120,3.35471,3.34831,3.34201,3.33583,3.32977,3.32384,3.31806,3.31243,3.30696,3.30167,3.29656,3.29164,3.28693,3.28243,3.27816,3.27412,3.27032,3.26677,3.26349,3.26048,3.25775,3.25531,3.25316,3.25133,3.24982,3.24863,3.24777,3.24726,3.24709,3.24729,3.24785,3.24878,3.25009,3.25179,3.25388,3.25638,3.25928,3.26259,3.26632,3.27048,3.27507,3.28009,3.28554,3.29145,3.29780,3.30460,3.31186,3.31957,3.32775,3.33640,3.34551,3.35509,3.36515,3.37567,3.38668,3.39816,3.41011,3.42254,3.43545,3.44884,3.46270,3.47704,3.49185,3.50712,3.52287,3.53908,3.55575,3.57288,3.59046,3.60849,3.62696,3.64586,3.66519,3.68494,3.70509,3.72564,3.74658,3.76789,3.78956,3.81158,3.83391,3.85655,3.87947,3.90268,3.92488,3.94737,3.96999,3.99391,4.04398,5.18157,4.15312,4.13653,4.14994,4.17000,4.19254,4.21626,4.24062,4.26533,4.29025,4.31525,4.34025,4.36518,4.38998,4.41460,4.43896,4.46302,4.48672,4.51000,4.53279,4.55503,4.57665,4.59758,4.61775,4.63708,4.65547,4.67285,4.68913,4.70420,4.71797,4.73033,4.74118,4.75040,4.75789,4.76354,4.76722,4.76883,4.76826,4.76540,4.76016,4.75244,4.74217,4.72927,4.71370,4.69542,4.67441,4.65067,4.62423,4.59513,4.56345,4.52928,4.49275,4.45400,4.41319,4.37051,4.32618,4.28040,4.23342,4.18547,4.13681,4.08768,4.03835,3.98905,3.94003,3.89152,3.84374,3.79689,3.75117,3.70674,3.66377,3.62239,3.58273,3.54490,3.50897,3.47502,3.44312,3.41330,3.38560,3.36005,3.33664,3.31538,3.29627,3.27929,3.26442,3.25165,3.24094,3.23227,3.22560,3.22089,3.21813,3.21726,3.21827,3.22110,3.22574,3.23214,3.24028,3.25012,3.26165,3.27483,3.28965,3.30608,3.32410,3.34369,3.36485,3.38757,3.41182,3.43762,3.46494,3.49380,3.52420,3.55613,3.58961,3.62465,3.66126,3.69945,3.73924,3.78066,3.82373,3.86848,3.91493,3.96313,4.01312,4.06492,4.11860,4.17419,4.23176,4.29136,4.35305,4.41690,4.48299,4.55139,4.62218,4.69545,4.77131,4.84985,4.93118,5.01542,5.10270,5.19316,5.28693,5.38417,5.48506,5.58975,5.69846,5.81137,5.92870,6.05070,6.17760,6.30967,6.44721,6.59050,6.73988,6.89568,7.05828,7.22807,7.40544,7.59084,7.78471,7.98752,8.19974,8.42185,8.65434,8.89766,9.15223,9.41838,9.69634,9.98619,10.28773,10.60042,10.92323,11.25438,11.59114,11.92937,12.26304,12.58351,12.87853,13.13104,13.31755,13.40612,13.35421,13.10660,12.59421,11.73553,10.44286,8.63650,6.26869,3.35460
3.68346,3.68341,3.68327,3.68303,3.68270,3.68228,3.68176,3.68114,3.68043,3.67962,3.67872,3.67772,3.67662,3.67542,3.67412,3.67272,3.67122,3.66962,3.66792,3.66611,3.66420,3.66219,3.66007,3.65784,3.65550,3.65306,3.65050,3.64784,3.64506,3.64217,3.63917,3.63605,3.63282,3.62948,3.62602,3.62244,3.61875,3.61494,3.61102,3.60697,3.60282,3.59854,3.59415,3.58965,3.58503,3.58030,3.57545,3.57049,3.56543,3.56025,3.55497,3.54958,3.54409,3.53850,3.53281,3.52703,3.52115,3.51519,3.50915,3.50302,3.49682,3.49054,3.48420,3.47779,3.47133,3.46481,3.45825,3.45165,3.44502,3.43835,3.43167,3.42497,3.41826,3.41156,3.40486,3.39818,3.39152,3.38489,3.37830,3.37176,3.36528,3.35887,3.35253,3.34628,3.34012,3.33406,3.32811,3.32229,3.31660,3.31105,3.30566,3.30042,3.29536,3.29047,3.28578,3.28129,3.27700,3.27294,3.26910,3.26551,3.26216,3.25907,3.25625,3.25370,3.25144,3.24948,3.24781,3.24646,3.24542,3.24472,3.24435,3.24432,3.24465,3.24533,3.24638,3.24781,3.24961,3.25180,3.25439,3.25737,3.26076,3.26457,3.26879,3.27343,3.27850,3.28400,3.28993,3.29631,3.30313,3.31041,3.31813,3.32631,3.33495,3.34404,3.35361,3.36363,3.37413,3.38509,3.39652,3.40842,3.42079,3.43363,3.44695,3.46073,3.47498,3.48970,3.50488,3.52053,3.53663,3.55319,3.57020,3.58766,3.60556,3.62390,3.64267,3.66186,3.68146,3.70147,3.72188,3.74267,3.76384,3.78536,3.80723,3.82943,3.85193,3.87472,3.89777,3.92110,3.94339,3.96596,3.98863,4.01263,4.06459,5.05674,4.16958,4.15464,4.16828,4.18834,4.21080,4.23439,4.25858,4.28310,4.30778,4.33250,4.35720,4.38179,4.40621,4.43040,4.45430,4.47786,4.50101,4.52368,4.54583,4.56737,4.58824,4.60836,4.62766,4.64606,4.66346,4.67979,4.69494,4.70883,4.72134,4.73238,4.74184,4.74961,4.75558,4.75963,4.76167,4.76159,4.75927,4.75463,4.74756,4.73801,4.72588,4.71114,4.69373,4.67365,4.65087,4.62543,4.59736,4.56673,4.53363,4.49816,4.46046,4.42069,4.37903,4.33567,4.29082,4.24471,4.19757,4.14965,4.10120,4.05246,4.00367,3.95508,3.90692,3.85941,3.81275,3.76715,3.72276,3.67977,3.63830,3.59850,3.56047,3.52430,3.49007,3.45785,3.42769,3.39962,3.37368,3.34987,3.32820,3.30867,3.29127,3.27598,3.26279,3.25167,3.24260,3.23554,3.23046,3.22733,3.22612,3.22678,3.22930,3.23363,3.23975,3.24763,3.25723,3.26853,3.28150,3.29613,3.31238,3.33025,3.34972,3.37076,3.39338,3.41756,3.44329,3.47058,3.49942,3.52981,3.56175,3.59527,3.63035,3.66702,3.70530,3.74520,3.78674,3.82995,3.87486,3.92150,3.96990,4.02010,4.07215,4.12609,4.18197,4.23984,4.29977,4.36182,4.42606,4.49256,4.56140,4.63267,4.70645,4.78285,4.86198,4.94394,5.02886,5.11687,5.20811,5.30272,5.40088,5.50275,5.60852,5.71840,5.83258,5.95132,6.07485,6.20345,6.33740,6.47701,6.62263,6.77460,6.93333,7.09922,7.27273,7.45434,7.64459,7.84402,8.05324,8.27288,8.50363,8.74621,9.00136,9.26988,9.55256,9.85020,10.16356,10.49334,10.84010,11.20420,11.58564,11.98389,12.39764,12.82438,13.25992,13.69754,14.12689,14.53246,14.89128,15.16998,15.32077,15.27667,14.94646,14.21134,12.92727,10.94016,8.12248,4.43523
3.66426,3.66421,3.66407,3.66382,3.66349,3.66305,3.66252,3.66189,3.66116,3.66034,3.65941,3.65839,3.65727,3.65604,3.65472,3.65329,3.65177,3.65013,3.64840,3.64656,3.64462,3.64257,3.64041,3.63815,3.63578,3.63330,3.63071,3.62801,3.62520,3.62228,3.61925,3.61610,3.61285,3.60947,3.60599,3.60239,3.59868,3.59486,3.59092,3.58687,3.58270,3.57842,3.57404,3.56954,3.56493,3.56021,3.55538,3.55045,3.54541,3.54027,3.53503,3.52970,3.52426,3.51873,3.51312,3.50741,3.50162,3.49575,3.48981,3.48379,3.47770,3.47155,3.46534,3.45908,3.45277,3.44642,3.44003,3.43361,3.42716,3.42069,3.41422,3.40774,3.40126,3.39479,3.38834,3.38191,3.37552,3.36917,3.36287,3.35662,3.35045,3.34435,3.33833,3.33241,3.32659,3.32088,3.31529,3.30983,3.30452,3.29935,3.29434,3.28950,3.28484,3.28036,3.27609,3.27202,3.26816,3.26453,3.26114,3.25799,3.25509,3.25245,3.25009,3.24800,3.24621,3.24471,3.24352,3.24264,3.24208,3.24185,3.24196,3.24242,3.24323,3.24439,3.24593,3.24784,3.25013,3.25280,3.25587,3.25934,3.26321,3.26749,3.27219,3.27731,3.28285,3.28883,3.29523,3.30208,3.30936,3.31709,3.32527,3.33390,3.34299,3.35253,3.36253,3.37299,3.38391,3.39530,3.40715,3.41946,3.43224,3.44548,3.45918,3.47335,3.48798,3.50307,3.51861,3.53461,3.55106,3.56796,3.58530,3.60307,3.62128,3.63992,3.65897,3.67844,3.69831,3.71857,3.73921,3.76023,3.78161,3.80333,3.82538,3.84775,3.87040,3.89332,3.91649,3.93992,3.96229,3.98491,4.00761,4.03167,4.08567,4.95527,4.18644,4.17301,4.18684,4.20688,4.22924,4.25268,4.27667,4.30096,4.32538,4.34981,4.37416,4.39838,4.42239,4.44613,4.46953,4.49255,4.51510,4.53715,4.55860,4.57940,4.59948,4.61875,4.63715,4.65457,4.67095,4.68618,4.70017,4.71283,4.72405,4.73373,4.74177,4.74805,4.75247,4.75492,4.75529,4.75350,4.74943,4.74300,4.73414,4.72276,4.70881,4.69226,4.67307,4.65123,4.62677,4.59970,4.57010,4.53804,4.50361,4.46696,4.42822,4.38755,4.34516,4.30124,4.25600,4.20968,4.16251,4.11474,4.06660,4.01835,3.97021,3.92241,3.87519,3.82874,3.78326,3.73894,3.69593,3.65440,3.61446,3.57624,3.53984,3.50534,3.47281,3.44231,3.41387,3.38754,3.36332,3.34123,3.32128,3.30345,3.28774,3.27412,3.26258,3.25309,3.24562,3.24014,3.23663,3.23505,3.23536,3.23754,3.24155,3.24736,3.25495,3.26428,3.27533,3.28806,3.30247,3.31853,3.33622,3.35552,3.37642,3.39891,3.42297,3.44861,3.47582,3.50460,3.53495,3.56686,3.60036,3.63545,3.67215,3.71046,3.75041,3.79202,3.83532,3.88032,3.92708,3.97561,4.02596,4.07817,4.13229,4.18836,4.24645,4.30662,4.36892,4.43342,4.50021,4.56936,4.64095,4.71509,4.79186,4.87139,4.95378,5.03915,5.12765,5.21940,5.31458,5.41333,5.51585,5.62231,5.73293,5.84793,5.96755,6.09205,6.22170,6.35682,6.49772,6.64477,6.79834,6.95886,7.12677,7.30258,7.48681,7.68005,7.88294,8.09616,8.32046,8.55667,8.80566,9.06841,9.34596,9.63943,9.95003,10.27904,10.62783,10.99779,11.39035,11.80690,12.24870,12.71677,13.21166,13.73312,14.27966,14.84776,15.43074,16.01704,16.58758,17.11181,17.54182,17.80395,17.78744,17.33105,16.21207,14.14977,10.84757,6.10475
3.64525,3.64520,3.64505,3.64480,3.64446,3.64402,3.64347,3.64283,3.64209,3.64125,3.64031,3.63927,3.63813,3.63688,3.63554,3.63409,3.63254,3.63089,3.62913,3.62726,3.62529,3.62322,3.62104,3.61875,3.61635,3.61385,3.61123,3.60851,3.60568,3.60273,3.59968,3.59652,3.59324,3.58986,3.58636,3.58275,3.57903,3.57520,3.57126,3.56722,3.56306,3.55879,3.55442,3.54994,3.54535,3.54066,3.53587,3.53097,3.52598,3.52089,3.51571,3.51044,3.50507,3.49962,3.49409,3.48847,3.48278,3.47702,3.47119,3.46529,3.45934,3.45333,3.44727,3.44116,3.43502,3.42884,3.42263,3.41640,3.41015,3.40390,3.39764,3.39139,3.38515,3.37893,3.37273,3.36657,3.36046,3.35439,3.34838,3.34244,3.33657,3.33079,3.32510,3.31952,3.31404,3.30869,3.30346,3.29837,3.29343,3.28865,3.28403,3.27959,3.27533,3.27126,3.26740,3.26375,3.26033,3.25713,3.25417,3.25146,3.24901,3.24683,3.24492,3.24329,3.24196,3.24092,3.24020,3.23979,3.23970,3.23995,3.24053,3.24146,3.24275,3.24439,3.24640,3.24879,3.25155,3.25471,3.25825,3.26219,3.26654,3.27129,3.27646,3.28204,3.28805,3.29449,3.30135,3.30865,3.31639,3.32457,3.33320,3.34227,3.35180,3.36177,3.37220,3.38308,3.39442,3.40622,3.41848,3.43119,3.44436,3.45799,3.47208,3.48662,3.50162,3.51706,3.53296,3.54930,3.56608,3.58330,3.60096,3.61904,3.63754,3.65646,3.67579,3.69551,3.71563,3.73613,3.75700,3.77823,3.79980,3.82171,3.84393,3.86644,3.88923,3.91227,3.93554,3.95905,3.98147,4.00413,4.02685,4.05095,4.10715,4.87333,4.20358,4.19155,4.20554,4.22553,4.24776,4.27102,4.29479,4.31882,4.34295,4.36705,4.39104,4.41485,4.43842,4.46167,4.48454,4.50698,4.52892,4.55028,4.57102,4.59104,4.61028,4.62867,4.64611,4.66253,4.67783,4.69193,4.70472,4.71612,4.72601,4.73430,4.74087,4.74564,4.74849,4.74931,4.74801,4.74450,4.73869,4.73049,4.71983,4.70666,4.69093,4.67261,4.65168,4.62817,4.60209,4.57349,4.54245,4.50905,4.47342,4.43569,4.39602,4.35459,4.31159,4.26723,4.22173,4.17532,4.12824,4.08072,4.03301,3.98533,3.93792,3.89100,3.84477,3.79945,3.75520,3.71220,3.67061,3.63056,3.59216,3.55554,3.52077,3.48794,3.45710,3.42829,3.40157,3.37694,3.35443,3.33405,3.31578,3.29963,3.28557,3.27359,3.26367,3.25578,3.24989,3.24598,3.24401,3.24395,3.24576,3.24943,3.25492,3.26219,3.27123,3.28199,3.29447,3.30864,3.32447,3.34194,3.36105,3.38177,3.40410,3.42803,3.45354,3.48063,3.50931,3.53958,3.57143,3.60488,3.63993,3.67660,3.71490,3.75485,3.79648,3.83980,3.88485,3.93165,3.98025,4.03068,4.08298,4.13720,4.19339,4.25160,4.31190,4.37435,4.43901,4.50597,4.57530,4.64709,4.72143,4.79842,4.87817,4.96080,5.04642,5.13518,5.22722,5.32269,5.42175,5.52459,5.63140,5.74239,5.85778,5.97781,6.10275,6.23289,6.36853,6.51001,6.65769,6.81196,6.97327,7.14207,7.31890,7.50429,7.69889,7.90335,8.11842,8.34492,8.58374,8.83588,9.10242,9.38457,9.68366,10.00116,10.33868,10.69801,11.08112,11.49014,11.92743,12.39549,12.89700,13.43472,14.01142,14.62962,15.29133,15.99744,16.74679,17.53461,18.34994,19.17134,19.95976,20.64682,21.11601,21.17366,20.50888,18.65223,14.97505,8.83414
3.62636,3.62631,3.62616,3.62591,3.62556,3.62511,3.62456,3.62391,3.62316,3.62231,3.62136,3.62030,3.61915,3.61789,3.61653,3.61506,3.61349,3.61182,3.61004,3.60816,3.60617,3.60408,3.60188,3.59957,3.59716,3.59464,3.59201,3.58927,3.58643,3.58347,3.58041,3.57724,3.57396,3.57057,3.56707,3.56346,3.55975,3.55593,3.55200,3.54796,3.54383,3.53958,3.53524,3.53079,3.52624,3.52159,3.51684,3.51200,3.50707,3.50205,3.49694,3.49174,3.48646,3.48110,3.47566,3.47015,3.46458,3.45893,3.45323,3.44747,3.44166,3.43580,3.42990,3.42396,3.41800,3.41200,3.40599,3.39996,3.39393,3.38790,3.38187,3.37586,3.36987,3.36390,3.35797,3.35209,3.34625,3.34048,3.33477,3.32914,3.32359,3.31814,3.31278,3.30754,3.30241,3.29741,3.29255,3.28784,3.28327,3.27888,3.27465,3.27061,3.26675,3.26310,3.25966,3.25643,3.25343,3.25066,3.24814,3.24588,3.24387,3.24213,3.24068,3.23951,3.23863,3.23805,3.23779,3.23785,3.23823,3.23894,3.23999,3.24139,3.24315,3.24526,3.24775,3.25060,3.25384,3.25746,3.26147,3.26588,3.27069,3.27591,3.28154,3.28759,3.29405,3.30094,3.30826,3.31601,3.32419,3.33281,3.34188,3.35138,3.36133,3.37173,3.38258,3.39388,3.40563,3.41783,3.43048,3.44358,3.45714,3.47115,3.48561,3.50051,3.51586,3.53166,3.54789,3.56456,3.58167,3.59920,3.61716,3.63553,3.65432,3.67351,3.69309,3.71307,3.73342,3.75414,3.77522,3.79665,3.81840,3.84047,3.86284,3.88549,3.90840,3.93154,3.95489,3.97847,4.00092,4.02359,4.04631,4.07044,4.12903,4.80754,4.22096,4.21023,4.22433,4.24425,4.26632,4.28937,4.31290,4.33665,4.36045,4.38419,4.40779,4.43116,4.45424,4.47697,4.49928,4.52110,4.54238,4.56304,4.58301,4.60221,4.62058,4.63804,4.65449,4.66985,4.68404,4.69696,4.70852,4.71861,4.72714,4.73400,4.73909,4.74232,4.74357,4.74275,4.73977,4.73454,4.72698,4.71702,4.70459,4.68966,4.67218,4.65215,4.62955,4.60443,4.57681,4.54677,4.51438,4.47976,4.44303,4.40434,4.36386,4.32178,4.27830,4.23362,4.18798,4.14160,4.09471,4.04755,4.00035,3.95334,3.90674,3.86076,3.81561,3.77146,3.72849,3.68685,3.64670,3.60815,3.57132,3.53629,3.50316,3.47199,3.44283,3.41572,3.39069,3.36776,3.34694,3.32823,3.31163,3.29712,3.28470,3.27434,3.26602,3.25970,3.25537,3.25300,3.25255,3.25399,3.25729,3.26243,3.26937,3.27809,3.28856,3.30076,3.31465,3.33023,3.34748,3.36637,3.38689,3.40903,3.43278,3.45813,3.48509,3.51364,3.54378,3.57553,3.60889,3.64387,3.68047,3.71872,3.75863,3.80023,3.84353,3.88857,3.93537,3.98398,4.03442,4.08675,4.14100,4.19723,4.25550,4.31585,4.37835,4.44308,4.51010,4.57950,4.65136,4.72578,4.80285,4.88268,4.96538,5.05108,5.13991,5.23201,5.32754,5.42667,5.52956,5.63641,5.74743,5.86284,5.98288,6.10783,6.23795,6.37356,6.51499,6.66261,6.81682,6.97805,7.14677,7.32350,7.50882,7.70335,7.90777,8.12286,8.34944,8.58845,8.84092,9.10800,9.39096,9.69124,10.01043,10.35031,10.71290,11.10046,11.51552,11.96097,12.44002,12.95633,13.51400,14.11761,14.77227,15.48354,16.25741,17.10001,18.01713,19.01326,20.08972,21.24114,22.44896,23.66903,24.80823,25.68049,25.92563,24.87058,21.34029,13.59043
3.60752,3.60747,3.60732,3.60706,3.60671,3.60626,3.60570,3.60504,3.60429,3.60343,3.60246,3.60140,3.60023,3.59896,3.59759,3.59611,3.59453,3.59285,3.59106,3.58917,3.58717,3.58506,3.58285,3.58053,3.57811,3.57558,3.57295,3.57020,3.56735,3.56440,3.56133,3.55816,3.55489,3.55151,3.54802,3.54443,3.54073,3.53693,3.53302,3.52901,3.52491,3.52070,3.51639,3.51199,3.50749,3.50290,3.49821,3.49344,3.48858,3.48363,3.47860,3.47350,3.46831,3.46306,3.45773,3.45234,3.44689,3.44138,3.43582,3.43021,3.42455,3.41886,3.41313,3.40737,3.40159,3.39580,3.38999,3.38418,3.37837,3.37257,3.36678,3.36102,3.35528,3.34958,3.34393,3.33833,3.33278,3.32731,3.32191,3.31659,3.31137,3.30624,3.30123,3.29633,3.29156,3.28692,3.28243,3.27809,3.27391,3.26990,3.26607,3.26243,3.25898,3.25574,3.25271,3.24991,3.24733,3.24500,3.24291,3.24108,3.23952,3.23823,3.23722,3.23650,3.23608,3.23596,3.23615,3.23667,3.23751,3.23869,3.24020,3.24207,3.24429,3.24687,3.24981,3.25314,3.25683,3.26092,3.26539,3.27026,3.27553,3.28120,3.28728,3.29378,3.30069,3.30803,3.31579,3.32398,3.33260,3.34165,3.35114,3.36107,3.37144,3.38226,3.39351,3.40521,3.41736,3.42996,3.44299,3.45648,3.47041,3.48478,3.49960,3.51486,3.53055,3.54668,3.56325,3.58024,3.59765,3.61548,3.63373,3.65238,3.67144,3.69089,3.71072,3.73093,3.75150,3.77243,3.79370,3.81531,3.83723,3.85945,3.88195,3.90472,3.92773,3.95095,3.97436,3.99798,4.02045,4.04312,4.06580,4.08994,4.15112,4.75483,4.23837,4.22884,4.24303,4.26283,4.28472,4.30754,4.33079,4.35422,4.37767,4.40102,4.42419,4.44709,4.46966,4.49183,4.51354,4.53471,4.55529,4.57519,4.59436,4.61271,4.63016,4.64664,4.66206,4.67634,4.68937,4.70108,4.71136,4.72011,4.72724,4.73265,4.73623,4.73789,4.73754,4.73507,4.73040,4.72346,4.71416,4.70246,4.68829,4.67163,4.65246,4.63077,4.60657,4.57991,4.55084,4.51945,4.48582,4.45007,4.41236,4.37283,4.33167,4.28906,4.24521,4.20034,4.15466,4.10842,4.06183,4.01513,3.96854,3.92228,3.87657,3.83160,3.78757,3.74464,3.70299,3.66275,3.62406,3.58703,3.55177,3.51835,3.48686,3.45734,3.42985,3.40441,3.38106,3.35981,3.34066,3.32361,3.30865,3.29577,3.28496,3.27619,3.26944,3.26468,3.26189,3.26103,3.26208,3.26500,3.26977,3.27637,3.28475,3.29490,3.30679,3.32039,3.33570,3.35268,3.37132,3.39162,3.41354,3.43709,3.46226,3.48904,3.51743,3.54743,3.57904,3.61227,3.64713,3.68363,3.72179,3.76162,3.80313,3.84637,3.89135,3.93810,3.98666,4.03706,4.08935,4.14357,4.19977,4.25800,4.31832,4.38080,4.44550,4.51249,4.58185,4.65367,4.72804,4.80506,4.88482,4.96745,5.05306,5.14178,5.23376,5.32914,5.42809,5.53078,5.63740,5.74815,5.86325,5.98294,6.10748,6.23714,6.37223,6.51307,6.66003,6.81349,6.97388,7.14166,7.31735,7.50151,7.69475,7.89775,8.11127,8.33613,8.57326,8.82368,9.08855,9.36913,9.66687,9.98339,10.32049,10.68026,11.06502,11.47745,11.92059,12.39794,12.91351,13.47196,14.07865,14.73983,15.46277,16.25592,17.12911,18.09374,19.16285,20.35108,21.67412,23.14729,24.78185,26.57666,28.49897,30.44027,32.11285,32.80331,30.79593,22.20393
3.58870,3.58865,3.58850,3.58824,3.58789,3.58743,3.58687,3.58621,3.58545,3.58458,3.58361,3.58254,3.58137,3.58009,3.57871,3.57723,3.57564,3.57395,3.57216,3.57026,3.56825,3.56614,3.56393,3.56161,3.55919,3.55666,3.55403,3.55129,3.54844,3.54549,3.54244,3.53928,3.53602,3.53266,3.52919,3.52562,3.52195,3.51818,3.51431,3.51034,3.50628,3.50212,3.49786,3.49351,3.48908,3.48455,3.47994,3.47524,3.47047,3.46561,3.46068,3.45568,3.45060,3.44546,3.44026,3.43500,3.42969,3.42432,3.41891,3.41346,3.40797,3.40245,3.39691,3.39135,3.38577,3.38018,3.37459,3.36900,3.36342,3.35786,3.35233,3.34682,3.34135,3.33593,3.33055,3.32524,3.32000,3.31483,3.30974,3.30474,3.29985,3.29506,3.29039,3.28584,3.28143,3.27716,3.27304,3.26907,3.26528,3.26166,3.25822,3.25498,3.25194,3.24911,3.24650,3.24411,3.24196,3.24006,3.23840,3.23701,3.23589,3.23504,3.23447,3.23420,3.23423,3.23456,3.23521,3.23618,3.23748,3.23911,3.24109,3.24341,3.24609,3.24912,3.25253,3.25631,3.26046,3.26500,3.26993,3.27525,3.28096,3.28709,3.29361,3.30055,3.30791,3.31568,3.32387,3.33249,3.34154,3.35101,3.36092,3.37127,3.38205,3.39326,3.40492,3.41701,3.42955,3.44252,3.45594,3.46979,3.48409,3.49882,3.51398,3.52958,3.54561,3.56206,3.57894,3.59623,3.61394,3.63206,3.65059,3.66951,3.68882,3.70851,3.72857,3.74900,3.76978,3.79090,3.81235,3.83412,3.85619,3.87854,3.90116,3.92403,3.94712,3.97040,3.99386,4.01750,4.03997,4.06260,4.08524,4.10937,4.17336,4.71274,4.25572,4.24728,4.26152,4.28119,4.30286,4.32542,4.34837,4.37145,4.39452,4.41745,4.44015,4.46254,4.48457,4.50614,4.52721,4.54770,4.56753,4.58665,4.60498,4.62243,4.63893,4.65440,4.66875,4.68189,4.69374,4.70420,4.71317,4.72055,4.72626,4.73018,4.73224,4.73232,4.73034,4.72622,4.71987,4.71122,4.70021,4.68679,4.67092,4.65258,4.63177,4.60848,4.58276,4.55464,4.52422,4.49156,4.45679,4.42004,4.38145,4.34120,4.29946,4.25645,4.21235,4.16739,4.12180,4.07580,4.02961,3.98345,3.93756,3.89213,3.84737,3.80348,3.76062,3.71896,3.67866,3.63984,3.60263,3.56714,3.53345,3.50164,3.47178,3.44391,3.41807,3.39430,3.37261,3.35301,3.33550,3.32009,3.30675,3.29548,3.28625,3.27905,3.27385,3.27062,3.26934,3.26998,3.27250,3.27689,3.28311,3.29113,3.30094,3.31250,3.32579,3.34080,3.35750,3.37587,3.39590,3.41759,3.44091,3.46585,3.49243,3.52062,3.55044,3.58188,3.61496,3.64966,3.68602,3.72404,3.76374,3.80514,3.84826,3.89312,3.93977,3.98823,4.03853,4.09072,4.14484,4.20094,4.25907,4.31929,4.38166,4.44624,4.51311,4.58234,4.65401,4.72822,4.80506,4.88463,4.96704,5.05240,5.14086,5.23253,5.32757,5.42614,5.52840,5.63453,5.74475,5.85924,5.97826,6.10204,6.23085,6.36498,6.50476,6.65053,6.80266,6.96156,7.12768,7.30151,7.48359,7.67451,7.87493,8.08556,8.30720,8.54074,8.78716,9.04756,9.32317,9.61537,9.92571,10.25594,10.60805,10.98430,11.38727,11.81993,12.28569,12.78850,13.33294,13.92440,14.56919,15.27478,16.05004,16.90560,17.85426,18.91150,20.09617,21.43125,22.94484,24.67095,26.64997,28.92722,31.54601,34.52433,37.78169,40.90476,42.33647,36.26205
3.56982,3.56977,3.56962,3.56936,3.56901,3.56855,3.56799,3.56733,3.56656,3.56569,3.56472,3.56365,3.56247,3.56120,3.55981,3.55833,3.55674,3.55505,3.55326,3.55136,3.54936,3.54725,3.54504,3.54273,3.54031,3.53779,3.53517,3.53244,3.52961,3.52668,3.52364,3.52051,3.51727,3.51394,3.51050,3.50697,3.50333,3.49960,3.49578,3.49186,3.48785,3.48375,3.47956,3.47528,3.47092,3.46647,3.46194,3.45734,3.45266,3.44790,3.44308,3.43819,3.43324,3.42823,3.42316,3.41805,3.41288,3.40767,3.40243,3.39715,3.39184,3.38651,3.38116,3.37579,3.37042,3.36505,3.35969,3.35434,3.34900,3.34369,3.33841,3.33317,3.32798,3.32283,3.31775,3.31273,3.30779,3.30294,3.29817,3.29350,3.28894,3.28449,3.28017,3.27598,3.27193,3.26802,3.26427,3.26069,3.25728,3.25405,3.25101,3.24817,3.24554,3.24312,3.24092,3.23896,3.23723,3.23575,3.23453,3.23357,3.23289,3.23248,3.23236,3.23253,3.23300,3.23378,3.23488,3.23630,3.23805,3.24013,3.24256,3.24533,3.24846,3.25195,3.25581,3.26004,3.26464,3.26963,3.27500,3.28077,3.28693,3.29349,3.30045,3.30783,3.31561,3.32381,3.33243,3.34147,3.35094,3.36083,3.37115,3.38190,3.39307,3.40469,3.41673,3.42921,3.44212,3.45547,3.46925,3.48347,3.49811,3.51318,3.52868,3.54461,3.56096,3.57772,3.59490,3.61249,3.63049,3.64888,3.66767,3.68684,3.70639,3.72631,3.74659,3.76722,3.78819,3.80949,3.83110,3.85302,3.87522,3.89768,3.92040,3.94335,3.96650,3.98983,4.01331,4.03695,4.05939,4.08198,4.10454,4.12864,4.19571,4.67929,4.27291,4.26547,4.27973,4.29924,4.32066,4.34292,4.36554,4.38825,4.41089,4.43337,4.45557,4.47742,4.49886,4.51981,4.54020,4.55996,4.57902,4.59731,4.61475,4.63126,4.64677,4.66119,4.67443,4.68640,4.69702,4.70619,4.71382,4.71981,4.72406,4.72648,4.72699,4.72548,4.72187,4.71609,4.70807,4.69773,4.68503,4.66993,4.65240,4.63243,4.61002,4.58521,4.55803,4.52856,4.49686,4.46305,4.42724,4.38959,4.35024,4.30938,4.26719,4.22388,4.17965,4.13472,4.08932,4.04365,3.99796,3.95244,3.90732,3.86280,3.81906,3.77628,3.73465,3.69430,3.65537,3.61800,3.58230,3.54835,3.51624,3.48604,3.45780,3.43157,3.40739,3.38526,3.36521,3.34725,3.33137,3.31757,3.30583,3.29614,3.28848,3.28283,3.27916,3.27744,3.27765,3.27976,3.28375,3.28958,3.29723,3.30667,3.31789,3.33085,3.34553,3.36192,3.38000,3.39976,3.42117,3.44424,3.46894,3.49528,3.52326,3.55286,3.58410,3.61698,3.65151,3.68769,3.72553,3.76507,3.80630,3.84927,3.89398,3.94048,3.98878,4.03893,4.09097,4.14494,4.20088,4.25884,4.31889,4.38108,4.44547,4.51213,4.58114,4.65258,4.72653,4.80309,4.88235,4.96442,5.04941,5.13745,5.22867,5.32320,5.42121,5.52285,5.62830,5.73774,5.85138,5.96945,6.09217,6.21980,6.35263,6.49095,6.63508,6.78540,6.94227,7.10613,7.27744,7.45671,7.64448,7.84138,8.04808,8.26532,8.49392,8.73481,8.98900,9.25763,9.54198,9.84347,10.16373,10.50457,10.86807,11.25659,11.67282,12.11989,12.60136,13.12141,13.68489,14.29751,14.96601,15.69839,16.50425,17.39516,18.38520,19.49162,20.73579,22.14434,23.75081,25.59765,27.73871,30.24185,33.18981,36.67332,40.75370,45.30570,49.33105,47.31793
3.55083,3.55078,3.55062,3.55037,3.55001,3.54955,3.54899,3.54833,3.54757,3.54670,3.54573,3.54466,3.54348,3.54221,3.54083,3.53935,3.53776,3.53608,3.53429,3.53240,3.53040,3.52831,3.52611,3.52381,3.52141,3.51890,3.51630,3.51359,3.51079,3.50788,3.50488,3.50177,3.49857,3.49527,3.49188,3.48839,3.48480,3.48113,3.47736,3.47350,3.46956,3.46552,3.46141,3.45721,3.45293,3.44858,3.44414,3.43964,3.43507,3.43043,3.42573,3.42096,3.41615,3.41127,3.40636,3.40139,3.39639,3.39135,3.38627,3.38118,3.37606,3.37092,3.36578,3.36063,3.35548,3.35034,3.34521,3.34010,3.33501,3.32996,3.32495,3.31998,3.31507,3.31021,3.30542,3.30071,3.29608,3.29154,3.28710,3.28277,3.27854,3.27444,3.27047,3.26664,3.26295,3.25942,3.25604,3.25284,3.24982,3.24698,3.24434,3.24190,3.23967,3.23767,3.23589,3.23434,3.23304,3.23199,3.23119,3.23067,3.23041,3.23044,3.23076,3.23137,3.23229,3.23351,3.23505,3.23692,3.23911,3.24164,3.24452,3.24774,3.25132,3.25525,3.25955,3.26422,3.26927,3.27470,3.28051,3.28671,3.29331,3.30030,3.30770,3.31550,3.32371,3.33233,3.34136,3.35082,3.36069,3.37099,3.38170,3.39285,3.40442,3.41641,3.42884,3.44169,3.45497,3.46868,3.48282,3.49738,3.51236,3.52777,3.54359,3.55984,3.57649,3.59356,3.61103,3.62890,3.64716,3.66582,3.68485,3.70426,3.72404,3.74417,3.76465,3.78547,3.80661,3.82807,3.84983,3.87187,3.89418,3.91675,3.93955,3.96255,3.98575,4.00910,4.03258,4.05620,4.07860,4.10111,4.12357,4.14761,4.21803,4.65277,4.28979,4.28327,4.29751,4.31682,4.33797,4.35991,4.38215,4.40445,4.42665,4.44863,4.47030,4.49157,4.51239,4.53267,4.55234,4.57133,4.58958,4.60700,4.62351,4.63905,4.65352,4.66685,4.67894,4.68971,4.69907,4.70692,4.71318,4.71774,4.72052,4.72142,4.72036,4.71725,4.71202,4.70459,4.69489,4.68289,4.66853,4.65178,4.63263,4.61109,4.58716,4.56090,4.53235,4.50160,4.46873,4.43386,4.39713,4.35869,4.31869,4.27734,4.23481,4.19131,4.14706,4.10227,4.05715,4.01193,3.96681,3.92202,3.87775,3.83419,3.79152,3.74993,3.70955,3.67055,3.63303,3.59713,3.56294,3.53054,3.50002,3.47143,3.44481,3.42021,3.39766,3.37717,3.35875,3.34241,3.32814,3.31593,3.30577,3.29764,3.29153,3.28740,3.28524,3.28501,3.28669,3.29026,3.29569,3.30295,3.31201,3.32286,3.33547,3.34981,3.36588,3.38364,3.40309,3.42422,3.44700,3.47144,3.49752,3.52525,3.55461,3.58562,3.61828,3.65258,3.68855,3.72620,3.76553,3.80657,3.84933,3.89385,3.94015,3.98826,4.03822,4.09005,4.14381,4.19954,4.25728,4.31709,4.37903,4.44316,4.50954,4.57825,4.64937,4.72297,4.79915,4.87800,4.95962,5.04412,5.13162,5.22225,5.31613,5.41342,5.51427,5.61884,5.72732,5.83989,5.95677,6.07818,6.20436,6.33557,6.47209,6.61423,6.76233,6.91673,7.07785,7.24610,7.42195,7.60591,7.79855,8.00049,8.21239,8.43502,8.66921,8.91586,9.17601,9.45080,9.74151,10.04955,10.37656,10.72433,11.09493,11.49071,11.91433,12.36887,12.85784,13.38534,13.95611,14.57570,15.25063,15.98860,16.79878,17.69213,18.68183,19.78387,21.01767,22.40700,23.98091,25.77475,27.83075,30.19703,32.92147,36.03011,39.45804,42.82310,44.62010,38.94014
3.53171,3.53166,3.53150,3.53125,3.53090,3.53044,3.52988,3.52922,3.52846,3.52759,3.52663,3.52556,3.52439,3.52312,3.52175,3.52028,3.51871,3.51703,3.51525,3.51338,3.51140,3.50932,3.50714,3.50486,3.50248,3.50000,3.49742,3.49474,3.49197,3.48909,3.48613,3.48306,3.47990,3.47665,3.47331,3.46987,3.46635,3.46273,3.45903,3.45525,3.45138,3.44743,3.44340,3.43929,3.43511,3.43085,3.42653,3.42214,3.41768,3.41317,3.40860,3.40397,3.39930,3.39458,3.38981,3.38501,3.38018,3.37532,3.37043,3.36552,3.36060,3.35568,3.35074,3.34582,3.34090,3.33599,3.33110,3.32624,3.32142,3.31663,3.31189,3.30720,3.30258,3.29802,3.29353,3.28913,3.28482,3.28060,3.27649,3.27249,3.26861,3.26486,3.26124,3.25777,3.25445,3.25128,3.24829,3.24547,3.24284,3.24039,3.23815,3.23611,3.23429,3.23269,3.23132,3.23020,3.22931,3.22868,3.22832,3.22822,3.22840,3.22886,3.22961,3.23066,3.23201,3.23368,3.23566,3.23797,3.24060,3.24357,3.24689,3.25055,3.25457,3.25894,3.26368,3.26879,3.27427,3.28013,3.28637,3.29300,3.30003,3.30745,3.31526,3.32348,3.33211,3.34114,3.35058,3.36044,3.37071,3.38140,3.39251,3.40404,3.41599,3.42836,3.44116,3.45437,3.46801,3.48207,3.49655,3.51144,3.52676,3.54248,3.55862,3.57517,3.59212,3.60947,3.62722,3.64535,3.66388,3.68277,3.70204,3.72168,3.74166,3.76199,3.78266,3.80365,3.82495,3.84655,3.86843,3.89059,3.91300,3.93564,3.95849,3.98154,4.00475,4.02811,4.05157,4.07514,4.09747,4.11989,4.14223,4.16620,4.24028,4.63184,4.30625,4.30056,4.31475,4.33383,4.35468,4.37626,4.39810,4.41996,4.44167,4.46313,4.48423,4.50489,4.52505,4.54462,4.56354,4.58173,4.59912,4.61563,4.63119,4.64571,4.65911,4.67131,4.68222,4.69175,4.69982,4.70632,4.71118,4.71429,4.71557,4.71494,4.71231,4.70760,4.70075,4.69168,4.68034,4.66670,4.65071,4.63236,4.61165,4.58859,4.56322,4.53558,4.50575,4.47381,4.43987,4.40405,4.36650,4.32738,4.28685,4.24512,4.20236,4.15879,4.11462,4.07006,4.02533,3.98063,3.93619,3.89219,3.84883,3.80629,3.76476,3.72438,3.68531,3.64767,3.61159,3.57717,3.54450,3.51366,3.48472,3.45773,3.43273,3.40975,3.38882,3.36994,3.35314,3.33839,3.32571,3.31507,3.30647,3.29988,3.29529,3.29266,3.29199,3.29323,3.29637,3.30137,3.30822,3.31689,3.32735,3.33958,3.35357,3.36928,3.38671,3.40583,3.42664,3.44912,3.47326,3.49906,3.52651,3.55561,3.58636,3.61875,3.65281,3.68854,3.72594,3.76503,3.80583,3.84837,3.89265,3.93871,3.98658,4.03628,4.08787,4.14137,4.19682,4.25428,4.31380,4.37543,4.43923,4.50526,4.57359,4.64431,4.71748,4.79318,4.87153,4.95259,5.03650,5.12334,5.21325,5.30636,5.40278,5.50269,5.60622,5.71356,5.82487,5.94036,6.06024,6.18472,6.31406,6.44851,6.58835,6.73390,6.88548,7.04345,7.20821,7.38017,7.55980,7.74761,7.94415,8.15003,8.36591,8.59253,8.83070,9.08131,9.34535,9.62393,9.91827,10.22975,10.55989,10.91043,11.28330,11.68070,12.10511,12.55936,13.04667,13.57075,14.13581,14.74675,15.40919,16.12968,16.91577,17.77626,18.72132,19.76266,20.91365,22.18914,23.60493,25.17614,26.91340,28.81412,30.84281,32.88600,34.64670,35.39115,33.33878,24.31596
3.51238,3.51233,3.51218,3.51193,3.51157,3.51112,3.51056,3.50991,3.50915,3.50829,3.50734,3.50628,3.50512,3.50386,3.50250,3.50104,3.49948,3.49782,3.49606,3.49420,3.49224,3.49019,3.48803,3.48578,3.48343,3.48098,3.47843,3.47579,3.47306,3.47023,3.46731,3.46429,3.46119,3.45799,3.45471,3.45133,3.44788,3.44434,3.44071,3.43701,3.43322,3.42936,3.42543,3.42142,3.41735,3.41320,3.40900,3.40473,3.40040,3.39602,3.39159,3.38712,3.38260,3.37804,3.37344,3.36881,3.36416,3.35948,3.35479,3.35009,3.34538,3.34067,3.33596,3.33126,3.32657,3.32191,3.31728,3.31268,3.30812,3.30360,3.29914,3.29474,3.29041,3.28615,3.28198,3.27789,3.27390,3.27001,3.26623,3.26257,3.25904,3.25564,3.25238,3.24927,3.24631,3.24353,3.24091,3.23848,3.23623,3.23418,3.23233,3.23070,3.22928,3.22809,3.22714,3.22643,3.22596,3.22576,3.22581,3.22614,3.22675,3.22764,3.22882,3.23030,3.23209,3.23419,3.23661,3.23935,3.24242,3.24583,3.24958,3.25367,3.25812,3.26293,3.26810,3.27364,3.27955,3.28583,3.29250,3.29956,3.30700,3.31483,3.32306,3.33169,3.34072,3.35016,3.36000,3.37026,3.38092,3.39199,3.40348,3.41539,3.42771,3.44044,3.45360,3.46716,3.48115,3.49554,3.51035,3.52558,3.54121,3.55724,3.57368,3.59052,3.60775,3.62538,3.64339,3.66178,3.68054,3.69967,3.71916,3.73900,3.75918,3.77969,3.80052,3.82167,3.84311,3.86483,3.88682,3.90907,3.93155,3.95425,3.97715,4.00021,4.02342,4.04675,4.07017,4.09368,4.11592,4.13821,4.16041,4.18427,4.26237,4.61537,4.32216,4.31724,4.33134,4.35016,4.37067,4.39186,4.41327,4.43465,4.45584,4.47673,4.49723,4.51724,4.53670,4.55553,4.57366,4.59100,4.60750,4.62306,4.63762,4.65109,4.66338,4.67442,4.68411,4.69237,4.69911,4.70424,4.70767,4.70932,4.70909,4.70692,4.70271,4.69641,4.68794,4.67724,4.66429,4.64903,4.63146,4.61156,4.58935,4.56484,4.53810,4.50917,4.47814,4.44511,4.41020,4.37354,4.33528,4.29558,4.25464,4.21263,4.16975,4.12622,4.08223,4.03801,3.99375,3.94967,3.90596,3.86283,3.82045,3.77900,3.73864,3.69952,3.66178,3.62554,3.59091,3.55799,3.52685,3.49758,3.47022,3.44482,3.42143,3.40006,3.38073,3.36346,3.34825,3.33508,3.32397,3.31489,3.30782,3.30275,3.29966,3.29852,3.29931,3.30200,3.30658,3.31300,3.32125,3.33131,3.34316,3.35676,3.37211,3.38918,3.40796,3.42843,3.45058,3.47441,3.49989,3.52704,3.55584,3.58630,3.61842,3.65220,3.68765,3.72478,3.76360,3.80413,3.84639,3.89040,3.93619,3.98378,4.03319,4.08448,4.13767,4.19281,4.24994,4.30911,4.37037,4.43378,4.49940,4.56729,4.63753,4.71020,4.78536,4.86311,4.94354,5.02675,5.11285,5.20194,5.29414,5.38959,5.48843,5.59079,5.69684,5.80674,5.92068,6.03884,6.16144,6.28870,6.42085,6.55816,6.70090,6.84938,7.00391,7.16485,7.33257,7.50749,7.69006,7.88076,8.08012,8.28872,8.50720,8.73625,8.97663,9.22919,9.49484,9.77460,10.06960,10.38109,10.71046,11.05924,11.42916,11.82213,12.24029,12.68605,13.16208,13.67139,14.21735,14.80370,15.43463,16.11475,16.84911,17.64311,18.50235,19.43233,20.43772,21.52129,22.68164,23.90927,25.17938,26.43850,27.58004,28.39886,28.50924,27.20521,23.26471,14.83877
3.49283,3.49278,3.49263,3.49238,3.49203,3.49158,3.49103,3.49038,3.48963,3.48878,3.48784,3.48679,3.48564,3.48440,3.48305,3.48161,3.48007,3.47843,3.47669,3.47486,3.47293,3.47090,3.46877,3.46655,3.46424,3.46183,3.45933,3.45673,3.45405,3.45127,3.44840,3.44544,3.44240,3.43927,3.43605,3.43275,3.42937,3.42591,3.42237,3.41876,3.41507,3.41131,3.40748,3.40359,3.39963,3.39561,3.39153,3.38739,3.38321,3.37897,3.37469,3.37037,3.36602,3.36163,3.35721,3.35276,3.34830,3.34382,3.33933,3.33484,3.33035,3.32586,3.32138,3.31692,3.31248,3.30807,3.30370,3.29936,3.29508,3.29084,3.28667,3.28256,3.27853,3.27458,3.27071,3.26695,3.26328,3.25972,3.25628,3.25296,3.24978,3.24674,3.24384,3.24109,3.23851,3.23610,3.23387,3.23182,3.22996,3.22830,3.22685,3.22562,3.22461,3.22383,3.22329,3.22299,3.22294,3.22315,3.22363,3.22438,3.22541,3.22673,3.22834,3.23025,3.23247,3.23500,3.23785,3.24102,3.24452,3.24836,3.25254,3.25706,3.26194,3.26717,3.27277,3.27873,3.28506,3.29177,3.29886,3.30632,3.31418,3.32242,3.33106,3.34009,3.34952,3.35935,3.36958,3.38022,3.39126,3.40272,3.41458,3.42685,3.43953,3.45262,3.46612,3.48003,3.49434,3.50907,3.52420,3.53973,3.55567,3.57200,3.58873,3.60584,3.62335,3.64123,3.65949,3.67812,3.69711,3.71645,3.73614,3.75617,3.77653,3.79721,3.81820,3.83948,3.86104,3.88287,3.90495,3.92727,3.94980,3.97254,3.99545,4.01851,4.04170,4.06499,4.08834,4.11176,4.13387,4.15602,4.17804,4.20179,4.28429,4.60248,4.33748,4.33323,4.34721,4.36573,4.38587,4.40664,4.42758,4.44845,4.46909,4.48938,4.50923,4.52856,4.54728,4.56533,4.58262,4.59908,4.61464,4.62922,4.64274,4.65512,4.66627,4.67610,4.68455,4.69150,4.69689,4.70062,4.70261,4.70278,4.70103,4.69731,4.69153,4.68363,4.67356,4.66127,4.64672,4.62989,4.61078,4.58939,4.56573,4.53985,4.51181,4.48168,4.44954,4.41552,4.37974,4.34234,4.30347,4.26332,4.22206,4.17989,4.13700,4.09360,4.04990,4.00610,3.96241,3.91902,3.87613,3.83393,3.79259,3.75227,3.71313,3.67531,3.63893,3.60411,3.57095,3.53954,3.50994,3.48223,3.45645,3.43265,3.41085,3.39107,3.37334,3.35766,3.34402,3.33242,3.32286,3.31531,3.30976,3.30619,3.30458,3.30491,3.30715,3.31127,3.31726,3.32509,3.33474,3.34617,3.35938,3.37434,3.39104,3.40945,3.42957,3.45137,3.47486,3.50001,3.52684,3.55532,3.58547,3.61728,3.65075,3.68590,3.72273,3.76125,3.80149,3.84344,3.88715,3.93262,3.97989,4.02898,4.07994,4.13278,4.18756,4.24431,4.30308,4.36392,4.42689,4.49204,4.55944,4.62915,4.70124,4.77579,4.85288,4.93260,5.01504,5.10029,5.18847,5.27969,5.37407,5.47172,5.57280,5.67745,5.78581,5.89806,6.01437,6.13493,6.25995,6.38964,6.52423,6.66397,6.80913,6.96000,7.11688,7.28012,7.45006,7.62710,7.81166,8.00419,8.20519,8.41518,8.63475,8.86454,9.10522,9.35754,9.62233,9.90048,10.19297,10.50086,10.82532,11.16763,11.52918,11.91151,12.31627,12.74527,13.20045,13.68390,14.19784,14.74457,15.32642,15.94563,16.60420,17.30359,18.04424,18.82486,19.64124,20.48440,21.33759,22.17152,22.93677,23.55174,23.88412,23.72359,22.74603,20.47893,16.30369,9.57892
3.47303,3.47298,3.47283,3.47258,3.47224,3.47179,3.47125,3.47061,3.46987,3.46904,3.46810,3.46707,3.46594,3.46471,3.46339,3.46197,3.46045,3.45884,3.45713,3.45532,3.45342,3.45143,3.44934,3.44716,3.44489,3.44253,3.44007,3.43753,3.43490,3.43218,3.42937,3.42648,3.42350,3.42045,3.41731,3.41409,3.41080,3.40743,3.40398,3.40047,3.39689,3.39323,3.38952,3.38575,3.38191,3.37802,3.37408,3.37009,3.36605,3.36197,3.35785,3.35370,3.34951,3.34530,3.34107,3.33682,3.33255,3.32828,3.32400,3.31973,3.31546,3.31120,3.30697,3.30275,3.29856,3.29441,3.29030,3.28624,3.28223,3.27828,3.27440,3.27059,3.26687,3.26323,3.25968,3.25623,3.25290,3.24967,3.24657,3.24361,3.24077,3.23809,3.23555,3.23317,3.23096,3.22893,3.22708,3.22541,3.22394,3.22268,3.22163,3.22079,3.22019,3.21981,3.21968,3.21979,3.22016,3.22079,3.22168,3.22285,3.22431,3.22605,3.22808,3.23041,3.23306,3.23601,3.23928,3.24288,3.24681,3.25107,3.25567,3.26062,3.26592,3.27157,3.27759,3.28396,3.29071,3.29783,3.30532,3.31320,3.32146,3.33010,3.33913,3.34856,3.35838,3.36859,3.37921,3.39022,3.40164,3.41345,3.42567,3.43830,3.45133,3.46476,3.47860,3.49284,3.50748,3.52252,3.53796,3.55379,3.57002,3.58663,3.60363,3.62102,3.63877,3.65690,3.67539,3.69425,3.71345,3.73299,3.75287,3.77308,3.79360,3.81442,3.83554,3.85694,3.87860,3.90052,3.92267,3.94504,3.96761,3.99036,4.01326,4.03630,4.05945,4.08266,4.10592,4.12922,4.15120,4.17317,4.19499,4.21859,4.30593,4.59236,4.35203,4.34839,4.36221,4.38040,4.40014,4.42045,4.44089,4.46121,4.48126,4.50092,4.52009,4.53869,4.55664,4.57387,4.59029,4.60583,4.62043,4.63398,4.64643,4.65767,4.66765,4.67626,4.68342,4.68905,4.69306,4.69538,4.69591,4.69458,4.69131,4.68603,4.67869,4.66921,4.65756,4.64370,4.62760,4.60925,4.58865,4.56582,4.54079,4.51361,4.48436,4.45311,4.41997,4.38505,4.34850,4.31047,4.27111,4.23060,4.18914,4.14691,4.10411,4.06094,4.01762,3.97433,3.93128,3.88866,3.84665,3.80544,3.76519,3.72605,3.68817,3.65167,3.61668,3.58330,3.55162,3.52172,3.49367,3.46752,3.44332,3.42109,3.40088,3.38269,3.36654,3.35242,3.34034,3.33029,3.32225,3.31622,3.31217,3.31008,3.30993,3.31170,3.31537,3.32091,3.32830,3.33751,3.34852,3.36132,3.37588,3.39218,3.41020,3.42994,3.45138,3.47451,3.49931,3.52578,3.55393,3.58373,3.61521,3.64835,3.68317,3.71967,3.75786,3.79776,3.83938,3.88275,3.92787,3.97479,4.02352,4.07409,4.12655,4.18092,4.23725,4.29558,4.35596,4.41843,4.48306,4.54990,4.61902,4.69048,4.76435,4.84071,4.91965,5.00124,5.08559,5.17278,5.26292,5.35613,5.45252,5.55221,5.65535,5.76207,5.87251,5.98685,6.10526,6.22791,6.35499,6.48672,6.62332,6.76501,6.91206,7.06473,7.22331,7.38810,7.55945,7.73769,7.92322,8.11643,8.31778,8.52772,8.74677,8.97548,9.21442,9.46424,9.72560,9.99924,10.28594,10.58654,10.90192,11.23303,11.58088,11.94649,12.33097,12.73540,13.16087,13.60841,14.07894,14.57316,15.09142,15.63351,16.19834,16.78357,17.38490,17.99517,18.60304,19.19099,19.73251,20.18804,20.49939,20.58210,20.31622,19.53647,18.02646,15.52648,11.77186,6.58189
3.45291,3.45286,3.45272,3.45248,3.45214,3.45170,3.45117,3.45054,3.44981,3.44899,3.44807,3.44706,3.44595,3.44474,3.44344,3.44204,3.44056,3.43897,3.43730,3.43553,3.43366,3.43171,3.42967,3.42753,3.42531,3.42300,3.42060,3.41811,3.41554,3.41289,3.41015,3.40733,3.40444,3.40146,3.39841,3.39528,3.39208,3.38881,3.38547,3.38206,3.37859,3.37506,3.37147,3.36782,3.36412,3.36037,3.35658,3.35274,3.34885,3.34494,3.34099,3.33701,3.33301,3.32898,3.32494,3.32089,3.31683,3.31278,3.30872,3.30467,3.30063,3.29662,3.29262,3.28866,3.28473,3.28085,3.27701,3.27323,3.26950,3.26584,3.26226,3.25876,3.25534,3.25201,3.24879,3.24567,3.24266,3.23978,3.23702,3.23440,3.23192,3.22960,3.22742,3.22542,3.22358,3.22192,3.22045,3.21917,3.21809,3.21722,3.21656,3.21613,3.21592,3.21595,3.21623,3.21675,3.21753,3.21857,3.21988,3.22147,3.22334,3.22550,3.22795,3.23070,3.23377,3.23714,3.24083,3.24485,3.24920,3.25388,3.25890,3.26426,3.26997,3.27604,3.28246,3.28925,3.29640,3.30393,3.31182,3.32010,3.32875,3.33778,3.34721,3.35701,3.36721,3.37780,3.38879,3.40017,3.41195,3.42412,3.43669,3.44966,3.46303,3.47680,3.49096,3.50551,3.52047,3.53581,3.55154,3.56766,3.58417,3.60105,3.61831,3.63595,3.65394,3.67230,3.69101,3.71007,3.72947,3.74920,3.76925,3.78961,3.81028,3.83123,3.85246,3.87396,3.89570,3.91769,3.93989,3.96229,3.98487,4.00761,4.03049,4.05348,4.07655,4.09967,4.12281,4.14597,4.16777,4.18955,4.21114,4.23457,4.32725,4.58434,4.36570,4.36260,4.37622,4.39405,4.41335,4.43317,4.45307,4.47281,4.49223,4.51121,4.52967,4.54751,4.56465,4.58102,4.59653,4.61112,4.62470,4.63720,4.64854,4.65863,4.66739,4.67474,4.68059,4.68487,4.68749,4.68837,4.68743,4.68460,4.67981,4.67299,4.66409,4.65306,4.63985,4.62445,4.60684,4.58701,4.56499,4.54079,4.51446,4.48606,4.45568,4.42341,4.38935,4.35365,4.31644,4.27787,4.23813,4.19737,4.15581,4.11362,4.07101,4.02817,3.98531,3.94262,3.90029,3.85850,3.81745,3.77728,3.73817,3.70025,3.66366,3.62852,3.59494,3.56301,3.53282,3.50444,3.47793,3.45334,3.43070,3.41006,3.39142,3.37480,3.36020,3.34764,3.33710,3.32857,3.32205,3.31751,3.31494,3.31431,3.31560,3.31880,3.32388,3.33081,3.33958,3.35016,3.36253,3.37666,3.39255,3.41018,3.42952,3.45057,3.47332,3.49774,3.52385,3.55163,3.58107,3.61219,3.64498,3.67944,3.71558,3.75342,3.79296,3.83421,3.87721,3.92195,3.96848,4.01681,4.06698,4.11901,4.17293,4.22880,4.28665,4.34651,4.40845,4.47251,4.53875,4.60723,4.67800,4.75114,4.82672,4.90481,4.98550,5.06886,5.15499,5.24400,5.33596,5.43101,5.52924,5.63079,5.73578,5.84434,5.95662,6.07277,6.19295,6.31734,6.44611,6.57946,6.71760,6.86073,7.00908,7.16291,7.32247,7.48803,7.65989,7.83835,8.02375,8.21644,8.41678,8.62516,8.84201,9.06776,9.30287,9.54783,9.80316,10.06937,10.34702,10.63668,10.93890,11.25427,11.58333,11.92658,12.28447,12.65735,13.04540,13.44855,13.86644,14.29819,14.74229,15.19631,15.65653,16.11748,16.57128,17.00673,17.40814,17.75370,18.01344,18.14663,18.09868,17.79796,17.15320,16.05327,14.37220,11.98380,8.79012,4.76450
3.43249,3.43244,3.43230,3.43206,3.43173,3.43130,3.43078,3.43016,3.42945,3.42864,3.42774,3.42675,3.42566,3.42448,3.42321,3.42184,3.42039,3.41884,3.41720,3.41547,3.41365,3.41174,3.40975,3.40767,3.40550,3.40324,3.40091,3.39849,3.39599,3.39340,3.39074,3.38801,3.38519,3.38231,3.37935,3.37632,3.37322,3.37005,3.36683,3.36354,3.36019,3.35678,3.35332,3.34981,3.34626,3.34266,3.33901,3.33533,3.33162,3.32787,3.32410,3.32030,3.31649,3.31266,3.30883,3.30498,3.30114,3.29730,3.29347,3.28965,3.28586,3.28209,3.27835,3.27464,3.27098,3.26737,3.26381,3.26031,3.25687,3.25351,3.25023,3.24703,3.24393,3.24092,3.23802,3.23523,3.23257,3.23002,3.22761,3.22534,3.22322,3.22126,3.21945,3.21781,3.21635,3.21507,3.21398,3.21308,3.21239,3.21191,3.21165,3.21162,3.21181,3.21224,3.21292,3.21385,3.21504,3.21649,3.21821,3.22021,3.22250,3.22507,3.22794,3.23111,3.23459,3.23838,3.24249,3.24692,3.25168,3.25677,3.26220,3.26797,3.27410,3.28057,3.28740,3.29459,3.30214,3.31006,3.31835,3.32701,3.33605,3.34547,3.35527,3.36546,3.37603,3.38699,3.39833,3.41007,3.42220,3.43472,3.44763,3.46093,3.47463,3.48872,3.50319,3.51806,3.53331,3.54894,3.56496,3.58135,3.59812,3.61526,3.63277,3.65064,3.66886,3.68743,3.70635,3.72560,3.74518,3.76507,3.78528,3.80578,3.82657,3.84763,3.86896,3.89053,3.91234,3.93437,3.95660,3.97900,4.00157,4.02428,4.04711,4.07003,4.09300,4.11601,4.13900,4.16200,4.18360,4.20515,4.22649,4.24971,4.34828,4.57797,4.37847,4.37584,4.38922,4.40666,4.42549,4.44478,4.46411,4.48322,4.50198,4.52026,4.53796,4.55499,4.57129,4.58676,4.60133,4.61492,4.62746,4.63886,4.64906,4.65795,4.66547,4.67154,4.67606,4.67897,4.68017,4.67960,4.67719,4.67285,4.66654,4.65818,4.64774,4.63517,4.62045,4.60355,4.58447,4.56322,4.53983,4.51433,4.48677,4.45724,4.42582,4.39262,4.35775,4.32135,4.28358,4.24459,4.20456,4.16367,4.12210,4.08005,4.03772,3.99530,3.95299,3.91097,3.86943,3.82855,3.78850,3.74943,3.71150,3.67484,3.63957,3.60581,3.57366,3.54320,3.51451,3.48766,3.46269,3.43966,3.41858,3.39950,3.38242,3.36736,3.35432,3.34329,3.33428,3.32726,3.32223,3.31916,3.31805,3.31886,3.32159,3.32619,3.33266,3.34097,3.35110,3.36303,3.37674,3.39220,3.40941,3.42834,3.44899,3.47134,3.49537,3.52109,3.54848,3.57755,3.60829,3.64070,3.67478,3.71055,3.74800,3.78715,3.82802,3.87062,3.91496,3.96107,4.00897,4.05870,4.11027,4.16372,4.21909,4.27642,4.33574,4.39710,4.46056,4.52615,4.59394,4.66399,4.73635,4.81110,4.88830,4.96803,5.05036,5.13539,5.22319,5.31386,5.40751,5.50422,5.60412,5.70731,5.81392,5.92408,6.03792,6.15557,6.27720,6.40296,6.53301,6.66752,6.80669,6.95069,7.09974,7.25404,7.41382,7.57931,7.75075,7.92841,8.11254,8.30343,8.50136,8.70663,8.91955,9.14043,9.36960,9.60737,9.85406,10.10998,10.37543,10.65066,10.93590,11.23131,11.53698,11.85286,12.17876,12.51428,12.85872,13.21102,13.56963,13.93233,14.29607,14.65667,15.00847,15.34395,15.65308,15.92271,16.13562,16.26953,16.29590,16.17872,15.87340,15.32633,14.47549,13.25344,11.59359,9.44117,6.76882,3.59501
3.41170,3.41166,3.41152,3.41129,3.41096,3.41054,3.41003,3.40943,3.40873,3.40795,3.40707,3.40610,3.40504,3.40388,3.40264,3.40131,3.39989,3.39838,3.39678,3.39510,3.39333,3.39147,3.38953,3.38751,3.38540,3.38321,3.38094,3.37859,3.37617,3.37367,3.37109,3.36844,3.36572,3.36293,3.36007,3.35714,3.35415,3.35110,3.34799,3.34483,3.34161,3.33834,3.33502,3.33166,3.32825,3.32480,3.32132,3.31781,3.31427,3.31070,3.30711,3.30351,3.29989,3.29627,3.29264,3.28901,3.28539,3.28178,3.27818,3.27460,3.27105,3.26754,3.26405,3.26061,3.25722,3.25389,3.25061,3.24740,3.24426,3.24120,3.23822,3.23534,3.23255,3.22986,3.22729,3.22484,3.22251,3.22031,3.21825,3.21633,3.21457,3.21296,3.21152,3.21025,3.20916,3.20826,3.20755,3.20704,3.20674,3.20665,3.20678,3.20714,3.20773,3.20857,3.20965,3.21098,3.21257,3.21443,3.21656,3.21897,3.22167,3.22465,3.22793,3.23151,3.23540,3.23960,3.24411,3.24895,3.25412,3.25962,3.26546,3.27163,3.27816,3.28503,3.29225,3.29984,3.30778,3.31609,3.32476,3.33381,3.34323,3.35302,3.36319,3.37374,3.38468,3.39599,3.40769,3.41977,3.43224,3.44510,3.45834,3.47196,3.48597,3.50037,3.51515,3.53030,3.54584,3.56175,3.57804,3.59469,3.61172,3.62910,3.64684,3.66493,3.68336,3.70213,3.72123,3.74066,3.76040,3.78044,3.80078,3.82140,3.84230,3.86345,3.88485,3.90649,3.92834,3.95039,3.97262,3.99501,4.01755,4.04020,4.06296,4.08577,4.10863,4.13148,4.15431,4.17711,4.19849,4.21978,4.24083,4.26383,4.36891,4.57268,4.39015,4.38792,4.40103,4.41804,4.43636,4.45509,4.47381,4.49227,4.51032,4.52785,4.54476,4.56096,4.57637,4.59091,4.60450,4.61706,4.62852,4.63880,4.64782,4.65549,4.66175,4.66650,4.66967,4.67119,4.67097,4.66895,4.66505,4.65922,4.65139,4.64151,4.62956,4.61548,4.59927,4.58092,4.56043,4.53782,4.51312,4.48639,4.45770,4.42712,4.39475,4.36071,4.32513,4.28814,4.24991,4.21060,4.17039,4.12945,4.08799,4.04618,4.00422,3.96230,3.92061,3.87934,3.83866,3.79874,3.75974,3.72182,3.68511,3.64974,3.61582,3.58346,3.55275,3.52377,3.49659,3.47126,3.44783,3.42635,3.40683,3.38930,3.37377,3.36025,3.34874,3.33923,3.33172,3.32619,3.32263,3.32102,3.32135,3.32359,3.32771,3.33371,3.34155,3.35122,3.36270,3.37596,3.39098,3.40775,3.42626,3.44649,3.46842,3.49204,3.51735,3.54434,3.57301,3.60334,3.63535,3.66903,3.70440,3.74144,3.78019,3.82063,3.86281,3.90671,3.95238,3.99983,4.04908,4.10016,4.15310,4.20794,4.26471,4.32345,4.38420,4.44701,4.51192,4.57899,4.64826,4.71980,4.79367,4.86994,4.94866,5.02992,5.11378,5.20034,5.28967,5.38186,5.47700,5.57520,5.67655,5.78116,5.88915,6.00063,6.11572,6.23455,6.35725,6.48397,6.61485,6.75003,6.88969,7.03397,7.18305,7.33710,7.49630,7.66084,7.83090,8.00668,8.18837,8.37616,8.57026,8.77086,8.97814,9.19227,9.41343,9.64175,9.87735,10.12029,10.37061,10.62827,10.89313,11.16496,11.44338,11.72782,12.01751,12.31137,12.60794,12.90531,13.20099,13.49175,13.77342,14.04069,14.28682,14.50326,14.67932,14.80163,14.85369,14.81532,14.66221,14.36559,13.89234,13.20561,12.26654,11.03727,9.48569,7.59195,5.35608,2.80551
3.39051,3.39046,3.39033,3.39010,3.38978,3.38937,3.38888,3.38829,3.38761,3.38685,3.38599,3.38505,3.38402,3.38290,3.38169,3.38039,3.37901,3.37755,3.37600,3.37436,3.37264,3.37084,3.36896,3.36700,3.36496,3.36284,3.36065,3.35838,3.35603,3.35361,3.35113,3.34857,3.34595,3.34326,3.34051,3.33769,3.33482,3.33189,3.32891,3.32588,3.32279,3.31967,3.31649,3.31328,3.31003,3.30675,3.30344,3.30010,3.29674,3.29336,3.28996,3.28656,3.28314,3.27973,3.27632,3.27291,3.26951,3.26614,3.26278,3.25945,3.25615,3.25289,3.24967,3.24650,3.24339,3.24033,3.23734,3.23442,3.23158,3.22882,3.22616,3.22359,3.22112,3.21876,3.21652,3.21440,3.21241,3.21056,3.20885,3.20728,3.20588,3.20463,3.20356,3.20266,3.20195,3.20142,3.20109,3.20097,3.20105,3.20135,3.20187,3.20262,3.20361,3.20484,3.20632,3.20806,3.21005,3.21231,3.21485,3.21766,3.22076,3.22415,3.22783,3.23182,3.23611,3.24071,3.24564,3.25088,3.25644,3.26234,3.26858,3.27515,3.28207,3.28933,3.29695,3.30492,3.31324,3.32193,3.33098,3.34040,3.35019,3.36035,3.37088,3.38179,3.39307,3.40473,3.41677,3.42919,3.44199,3.45516,3.46872,3.48266,3.49697,3.51166,3.52673,3.54217,3.55798,3.57416,3.59070,3.60760,3.62486,3.64246,3.66042,3.67871,3.69734,3.71629,3.73556,3.75515,3.77503,3.79520,3.81566,3.83638,3.85736,3.87859,3.90005,3.92172,3.94358,3.96563,3.98785,4.01020,4.03268,4.05526,4.07791,4.10060,4.12331,4.14599,4.16862,4.19119,4.21231,4.23332,4.25406,4.27681,4.38911,4.56804,4.40060,4.39872,4.41152,4.42806,4.44584,4.46398,4.48204,4.49981,4.51713,4.53388,4.54996,4.56529,4.57977,4.59334,4.60592,4.61742,4.62777,4.63689,4.64470,4.65113,4.65610,4.65952,4.66132,4.66144,4.65978,4.65630,4.65093,4.64360,4.63427,4.62290,4.60946,4.59391,4.57626,4.55650,4.53466,4.51075,4.48482,4.45695,4.42719,4.39565,4.36243,4.32765,4.29145,4.25398,4.21540,4.17587,4.13557,4.09469,4.05342,4.01193,3.97043,3.92910,3.88811,3.84765,3.80789,3.76899,3.73110,3.69436,3.65891,3.62485,3.59231,3.56137,3.53211,3.50462,3.47894,3.45514,3.43325,3.41330,3.39533,3.37934,3.36535,3.35335,3.34335,3.33535,3.32932,3.32527,3.32316,3.32299,3.32473,3.32837,3.33389,3.34125,3.35045,3.36146,3.37426,3.38883,3.40515,3.42322,3.44301,3.46450,3.48770,3.51258,3.53915,3.56739,3.59731,3.62890,3.66216,3.69709,3.73371,3.77202,3.81203,3.85375,3.89720,3.94239,3.98935,4.03810,4.08866,4.14107,4.19534,4.25153,4.30965,4.36976,4.43188,4.49607,4.56238,4.63084,4.70153,4.77448,4.84977,4.92745,5.00759,5.09026,5.17552,5.26347,5.35417,5.44770,5.54416,5.64364,5.74622,5.85200,5.96109,6.07359,6.18961,6.30925,6.43264,6.55989,6.69113,6.82646,6.96604,7.10997,7.25840,7.41144,7.56924,7.73193,7.89961,8.07243,8.25049,8.43391,8.62276,8.81714,9.01711,9.22268,9.43386,9.65061,9.87284,10.10037,10.33297,10.57031,10.81191,11.05718,11.30531,11.55529,11.80582,12.05527,12.30159,12.54226,12.77410,12.99324,13.19490,13.37324,13.52118,13.63012,13.68976,13.68783,13.60987,13.43912,13.15643,12.74048,12.16832,11.41628,10.46160,9.28466,7.87197,6.21967,4.33708,2.24958
3.36892,3.36887,3.36874,3.36852,3.36821,3.36782,3.36734,3.36677,3.36611,3.36537,3.36454,3.36362,3.36262,3.36154,3.36037,3.35911,3.35778,3.35636,3.35486,3.35328,3.35162,3.34988,3.34806,3.34617,3.34420,3.34215,3.34004,3.33785,3.33559,3.33327,3.33088,3.32842,3.32590,3.32332,3.32069,3.31799,3.31524,3.31244,3.30960,3.30670,3.30376,3.30078,3.29776,3.29471,3.29163,3.28852,3.28538,3.28222,3.27905,3.27586,3.27266,3.26946,3.26626,3.26306,3.25987,3.25669,3.25353,3.25039,3.24728,3.24420,3.24116,3.23816,3.23522,3.23232,3.22948,3.22672,3.22402,3.22139,3.21886,3.21641,3.21405,3.21180,3.20966,3.20763,3.20572,3.20394,3.20229,3.20079,3.19943,3.19822,3.19717,3.19629,3.19558,3.19505,3.19471,3.19456,3.19461,3.19487,3.19534,3.19603,3.19694,3.19808,3.19947,3.20109,3.20297,3.20510,3.20749,3.21015,3.21309,3.21630,3.21980,3.22359,3.22768,3.23206,3.23676,3.24176,3.24708,3.25272,3.25868,3.26497,3.27160,3.27856,3.28586,3.29351,3.30151,3.30986,3.31856,3.32762,3.33704,3.34682,3.35697,3.36749,3.37837,3.38962,3.40125,3.41324,3.42562,3.43836,3.45148,3.46497,3.47883,3.49307,3.50767,3.52265,3.53799,3.55370,3.56977,3.58619,3.60298,3.62011,3.63759,3.65541,3.67356,3.69204,3.71085,3.72997,3.74939,3.76911,3.78912,3.80941,3.82996,3.85077,3.87182,3.89309,3.91458,3.93626,3.95813,3.98016,4.00233,4.02462,4.04702,4.06949,4.09201,4.11455,4.13708,4.15957,4.18197,4.20428,4.22513,4.24582,4.26622,4.28868,4.40900,4.56383,4.40987,4.40826,4.42071,4.43676,4.45396,4.47146,4.48885,4.50589,4.52243,4.53836,4.55358,4.56799,4.58152,4.59408,4.60561,4.61601,4.62522,4.63315,4.63974,4.64489,4.64854,4.65062,4.65104,4.64974,4.64665,4.64170,4.63485,4.62605,4.61524,4.60239,4.58749,4.57051,4.55147,4.53036,4.50721,4.48207,4.45499,4.42605,4.39532,4.36290,4.32892,4.29350,4.25679,4.21893,4.18009,4.14044,4.10016,4.05943,4.01844,3.97737,3.93641,3.89573,3.85552,3.81594,3.77716,3.73933,3.70258,3.66707,3.63290,3.60019,3.56904,3.53953,3.51174,3.48574,3.46157,3.43930,3.41894,3.40053,3.38409,3.36963,3.35716,3.34668,3.33818,3.33166,3.32710,3.32450,3.32383,3.32508,3.32823,3.33325,3.34013,3.34885,3.35938,3.37172,3.38582,3.40169,3.41930,3.43864,3.45969,3.48244,3.50689,3.53302,3.56083,3.59031,3.62146,3.65428,3.68877,3.72494,3.76279,3.80234,3.84359,3.88656,3.93126,3.97772,4.02594,4.07596,4.12780,4.18150,4.23707,4.29455,4.35398,4.41540,4.47885,4.54436,4.61199,4.68179,4.75380,4.82809,4.90469,4.98369,5.06513,5.14908,5.23562,5.32480,5.41671,5.51141,5.60899,5.70952,5.81310,5.91980,6.02971,6.14292,6.25952,6.37960,6.50326,6.63060,6.76169,6.89664,7.03555,7.17849,7.32555,7.47683,7.63238,7.79229,7.95661,8.12538,8.29864,8.47639,8.65863,8.84531,9.03635,9.23165,9.43103,9.63427,9.84106,10.05103,10.26369,10.47842,10.69446,10.91089,11.12655,11.34006,11.54972,11.75351,11.94896,12.13314,12.30253,12.45297,12.57951,12.67630,12.73652,12.75220,12.71417,12.61193,12.43369,12.16637,11.79583,11.30719,10.68546,9.91635,8.98747,7.88981,6.61941,5.17915,3.58036,1.84382
3.34685,3.34681,3.34668,3.34647,3.34617,3.34579,3.34532,3.34477,3.34414,3.34342,3.34262,3.34173,3.34077,3.33972,3.33859,3.33738,3.33609,3.33472,3.33328,3.33176,3.33016,3.32848,3.32673,3.32491,3.32302,3.32106,3.31903,3.31693,3.31477,3.31254,3.31025,3.30790,3.30549,3.30303,3.30051,3.29794,3.29532,3.29266,3.28995,3.28720,3.28441,3.28159,3.27873,3.27584,3.27293,3.26999,3.26704,3.26407,3.26109,3.25810,3.25511,3.25212,3.24913,3.24616,3.24319,3.24025,3.23733,3.23443,3.23157,3.22875,3.22597,3.22324,3.22057,3.21795,3.21540,3.21292,3.21052,3.20820,3.20596,3.20382,3.20179,3.19986,3.19804,3.19634,3.19477,3.19332,3.19202,3.19086,3.18985,3.18900,3.18831,3.18779,3.18745,3.18729,3.18732,3.18755,3.18798,3.18862,3.18947,3.19054,3.19184,3.19337,3.19515,3.19716,3.19943,3.20196,3.20475,3.20780,3.21113,3.21474,3.21864,3.22282,3.22730,3.23208,3.23717,3.24256,3.24827,3.25430,3.26065,3.26733,3.27434,3.28169,3.28937,3.29739,3.30576,3.31448,3.32355,3.33297,3.34275,3.35289,3.36339,3.37425,3.38548,3.39707,3.40902,3.42135,3.43404,3.44709,3.46052,3.47431,3.48847,3.50299,3.51787,3.53312,3.54872,3.56468,3.58100,3.59766,3.61467,3.63202,3.64970,3.66772,3.68605,3.70471,3.72367,3.74294,3.76250,3.78234,3.80246,3.82283,3.84346,3.86433,3.88542,3.90673,3.92822,3.94990,3.97174,3.99372,4.01583,4.03803,4.06032,4.08266,4.10503,4.12739,4.14972,4.17197,4.19412,4.21615,4.23668,4.25703,4.27705,4.29920,4.42845,4.55959,4.41771,4.41631,4.42838,4.44389,4.46048,4.47731,4.49397,4.51025,4.52599,4.54106,4.55537,4.56884,4.58138,4.59290,4.60335,4.61262,4.62066,4.62738,4.63271,4.63657,4.63890,4.63960,4.63863,4.63591,4.63138,4.62499,4.61668,4.60641,4.59414,4.57985,4.56353,4.54517,4.52478,4.50238,4.47800,4.45171,4.42355,4.39362,4.36200,4.32881,4.29416,4.25820,4.22106,4.18292,4.14392,4.10425,4.06408,4.02360,3.98298,3.94240,3.90205,3.86211,3.82273,3.78409,3.74634,3.70962,3.67407,3.63981,3.60696,3.57562,3.54588,3.51781,3.49149,3.46699,3.44433,3.42357,3.40474,3.38786,3.37294,3.36000,3.34903,3.34004,3.33303,3.32797,3.32487,3.32370,3.32445,3.32710,3.33163,3.33802,3.34625,3.35630,3.36815,3.38178,3.39718,3.41432,3.43319,3.45379,3.47608,3.50007,3.52575,3.55310,3.58213,3.61282,3.64518,3.67921,3.71492,3.75230,3.79136,3.83212,3.87458,3.91877,3.96469,4.01237,4.06182,4.11308,4.16616,4.22109,4.27791,4.33664,4.39732,4.45999,4.52469,4.59146,4.66034,4.73138,4.80463,4.88014,4.95797,5.03816,5.12077,5.20587,5.29352,5.38377,5.47670,5.57238,5.67086,5.77222,5.87653,5.98386,6.09428,6.20787,6.32469,6.44482,6.56832,6.69526,6.82570,6.95971,7.09733,7.23862,7.38361,7.53233,7.68480,7.84103,8.00099,8.16466,8.33197,8.50285,8.67716,8.85475,9.03542,9.21890,9.40486,9.59291,9.78257,9.97323,10.16421,10.35464,10.54354,10.72969,10.91169,11.08789,11.25632,11.41470,11.56036,11.69020,11.80061,11.88745,11.94595,11.97067,11.95544,11.89332,11.77663,11.59689,11.34500,11.01130,10.58588,10.05889,9.42109,8.66442,7.78285,6.77320,5.63609,4.37678,3.00588,1.53968
3.32435,3.32431,3.32419,3.32398,3.32370,3.32333,3.32288,3.32235,3.32174,3.32105,3.32028,3.31943,3.31850,3.31749,3.31641,3.31524,3.31401,3.31269,3.31130,3.30984,3.30831,3.30671,3.30503,3.30329,3.30148,3.29960,3.29766,3.29565,3.29359,3.29146,3.28928,3.28704,3.28475,3.28241,3.28002,3.27758,3.27510,3.27257,3.27001,3.26741,3.26478,3.26211,3.25942,3.25671,3.25397,3.25122,3.24845,3.24568,3.24290,3.24011,3.23733,3.23455,3.23179,3.22904,3.22631,3.22360,3.22093,3.21828,3.21568,3.21311,3.21060,3.20814,3.20574,3.20341,3.20115,3.19896,3.19685,3.19484,3.19291,3.19109,3.18937,3.18776,3.18627,3.18490,3.18366,3.18256,3.18160,3.18079,3.18013,3.17963,3.17930,3.17915,3.17917,3.17938,3.17978,3.18038,3.18119,3.18220,3.18344,3.18489,3.18657,3.18849,3.19065,3.19306,3.19571,3.19863,3.20181,3.20525,3.20898,3.21298,3.21726,3.22184,3.22671,3.23187,3.23735,3.24313,3.24922,3.25563,3.26236,3.26942,3.27681,3.28452,3.29258,3.30097,3.30970,3.31878,3.32821,3.33799,3.34812,3.35860,3.36944,3.38064,3.39219,3.40411,3.41638,3.42902,3.44202,3.45538,3.46909,3.48317,3.49761,3.51241,3.52756,3.54306,3.55891,3.57511,3.59166,3.60854,3.62576,3.64331,3.66118,3.67937,3.69788,3.71669,3.73579,3.75519,3.77486,3.79480,3.81501,3.83546,3.85614,3.87705,3.89816,3.91947,3.94096,3.96260,3.98439,4.00630,4.02832,4.05041,4.07256,4.09474,4.11693,4.13908,4.16118,4.18317,4.20503,4.22675,4.24694,4.26691,4.28653,4.30834,4.44756,4.55512,4.42407,4.42283,4.43448,4.44941,4.46536,4.48148,4.49740,4.51288,4.52777,4.54195,4.55533,4.56782,4.57933,4.58979,4.59912,4.60724,4.61409,4.61957,4.62362,4.62618,4.62715,4.62649,4.62412,4.61998,4.61402,4.60618,4.59643,4.58472,4.57102,4.55533,4.53764,4.51794,4.49626,4.47263,4.44710,4.41972,4.39056,4.35973,4.32732,4.29344,4.25823,4.22182,4.18436,4.14603,4.10697,4.06737,4.02740,3.98725,3.94708,3.90708,3.86742,3.82827,3.78979,3.75215,3.71547,3.67991,3.64558,3.61261,3.58110,3.55114,3.52282,3.49621,3.47137,3.44835,3.42720,3.40796,3.39064,3.37527,3.36186,3.35042,3.34095,3.33344,3.32788,3.32428,3.32260,3.32285,3.32499,3.32902,3.33491,3.34264,3.35220,3.36356,3.37671,3.39162,3.40829,3.42669,3.44681,3.46863,3.49215,3.51736,3.54424,3.57280,3.60302,3.63490,3.66845,3.70367,3.74056,3.77912,3.81936,3.86131,3.90495,3.95032,3.99743,4.04630,4.09694,4.14939,4.20366,4.25978,4.31779,4.37772,4.43959,4.50345,4.56933,4.63727,4.70732,4.77952,4.85390,4.93053,5.00945,5.09071,5.17436,5.26046,5.34906,5.44021,5.53397,5.63040,5.72956,5.83150,5.93627,6.04394,6.15456,6.26817,6.38484,6.50460,6.62749,6.75356,6.88283,7.01533,7.15106,7.29003,7.43223,7.57763,7.72619,7.87784,8.03251,8.19006,8.35036,8.51322,8.67842,8.84567,9.01465,9.18497,9.35615,9.52764,9.69879,9.86883,10.03689,10.20194,10.36277,10.51800,10.66606,10.80511,10.93307,11.04755,11.14584,11.22486,11.28116,11.31083,11.30954,11.27249,11.19439,11.06954,10.89177,10.65459,10.35130,9.97510,9.51940,8.97803,8.34566,7.61824,6.79340,5.87103,4.85372,3.74718,2.56048,1.30615
3.30181,3.30177,3.30165,3.30145,3.30118,3.30082,3.30039,3.29989,3.29930,3.29864,3.29790,3.29708,3.29619,3.29523,3.29419,3.29308,3.29189,3.29064,3.28931,3.28792,3.28645,3.28492,3.28332,3.28166,3.27993,3.27815,3.27630,3.27439,3.27243,3.27041,3.26834,3.26622,3.26405,3.26184,3.25957,3.25727,3.25493,3.25255,3.25014,3.24769,3.24522,3.24272,3.24020,3.23767,3.23511,3.23255,3.22997,3.22740,3.22482,3.22224,3.21968,3.21712,3.21458,3.21206,3.20957,3.20711,3.20468,3.20229,3.19994,3.19764,3.19540,3.19321,3.19110,3.18905,3.18707,3.18518,3.18338,3.18166,3.18005,3.17854,3.17714,3.17585,3.17469,3.17365,3.17275,3.17199,3.17137,3.17091,3.17060,3.17046,3.17048,3.17069,3.17108,3.17165,3.17242,3.17339,3.17457,3.17596,3.17757,3.17941,3.18147,3.18377,3.18631,3.18910,3.19214,3.19544,3.19901,3.20284,3.20694,3.21133,3.21600,3.22096,3.22621,3.23176,3.23761,3.24377,3.25025,3.25703,3.26414,3.27156,3.27932,3.28740,3.29582,3.30457,3.31366,3.32309,3.33287,3.34299,3.35346,3.36428,3.37545,3.38697,3.39885,3.41108,3.42366,3.43660,3.44990,3.46354,3.47755,3.49190,3.50661,3.52166,3.53706,3.55281,3.56890,3.58532,3.60208,3.61917,3.63659,3.65432,3.67237,3.69072,3.70938,3.72832,3.74755,3.76706,3.78683,3.80686,3.82713,3.84763,3.86835,3.88928,3.91039,3.93168,3.95314,3.97473,3.99644,4.01826,4.04016,4.06211,4.08410,4.10610,4.12808,4.15000,4.17184,4.19355,4.21509,4.23647,4.25628,4.27585,4.29503,4.31648,4.46688,4.55067,4.42935,4.42821,4.43940,4.45373,4.46899,4.48438,4.49951,4.51415,4.52816,4.54142,4.55383,4.56531,4.57577,4.58513,4.59332,4.60027,4.60589,4.61012,4.61288,4.61410,4.61373,4.61169,4.60792,4.60236,4.59498,4.58571,4.57453,4.56141,4.54632,4.52926,4.51024,4.48926,4.46635,4.44156,4.41494,4.38655,4.35649,4.32484,4.29172,4.25724,4.22155,4.18479,4.14711,4.10868,4.06966,4.03022,3.99054,3.95079,3.91115,3.87180,3.83289,3.79460,3.75708,3.72047,3.68491,3.65054,3.61747,3.58581,3.55565,3.52709,3.50020,3.47505,3.45169,3.43016,3.41052,3.39278,3.37696,3.36310,3.35118,3.34123,3.33323,3.32718,3.32307,3.32089,3.32063,3.32227,3.32579,3.33118,3.33841,3.34747,3.35834,3.37099,3.38542,3.40160,3.41951,3.43915,3.46049,3.48353,3.50826,3.53466,3.56273,3.59247,3.62387,3.65692,3.69164,3.72802,3.76607,3.80579,3.84720,3.89030,3.93510,3.98162,4.02989,4.07991,4.13170,4.18530,4.24072,4.29799,4.35715,4.41821,4.48121,4.54620,4.61319,4.68224,4.75337,4.82663,4.90206,4.97971,5.05961,5.14181,5.22637,5.31331,5.40270,5.49457,5.58897,5.68595,5.78555,5.88782,5.99279,6.10050,6.21099,6.32429,6.44042,6.55941,6.68125,6.80597,6.93354,7.06396,7.19720,7.33321,7.47192,7.61326,7.75711,7.90335,8.05181,8.20231,8.35460,8.50840,8.66340,8.81921,8.97539,9.13141,9.28669,9.44053,9.59216,9.74068,9.88506,10.02414,10.15660,10.28095,10.39552,10.49842,10.58754,10.66053,10.71477,10.74737,10.75517,10.73468,10.68215,10.59352,10.46450,10.29056,10.06701,9.78909,9.45209,9.05149,8.58311,8.04338,7.42955,6.73998,5.97438,5.13412,4.22245,3.24469,2.20830,1.12288
3.27955,3.27951,3.27940,3.27921,3.27895,3.27861,3.27820,3.27771,3.27715,3.27652,3.27582,3.27504,3.27419,3.27327,3.27228,3.27122,3.27009,3.26889,3.26763,3.26630,3.26491,3.26346,3.26194,3.26036,3.25872,3.25703,3.25528,3.25348,3.25162,3.24971,3.24776,3.24576,3.24371,3.24162,3.23950,3.23733,3.23514,3.23291,3.23065,3.22836,3.22606,3.22373,3.22138,3.21903,3.21666,3.21428,3.21191,3.20953,3.20716,3.20480,3.20245,3.20012,3.19781,3.19552,3.19327,3.19105,3.18887,3.18673,3.18464,3.18261,3.18064,3.17873,3.17689,3.17513,3.17345,3.17185,3.17035,3.16894,3.16763,3.16643,3.16535,3.16439,3.16355,3.16285,3.16228,3.16185,3.16158,3.16146,3.16150,3.16171,3.16209,3.16265,3.16340,3.16434,3.16547,3.16681,3.16836,3.17012,3.17210,3.17431,3.17675,3.17942,3.18234,3.18551,3.18893,3.19261,3.19655,3.20076,3.20525,3.21001,3.21506,3.22039,3.22602,3.23194,3.23817,3.24470,3.25154,3.25869,3.26616,3.27395,3.28207,3.29051,3.29928,3.30838,3.31781,3.32759,3.33770,3.34816,3.35896,3.37010,3.38159,3.39343,3.40561,3.41815,3.43103,3.44426,3.45784,3.47176,3.48604,3.50065,3.51561,3.53092,3.54656,3.56253,3.57884,3.59548,3.61244,3.62972,3.64731,3.66522,3.68342,3.70192,3.72071,3.73978,3.75911,3.77871,3.79856,3.81865,3.83897,3.85951,3.88024,3.90117,3.92227,3.94352,3.96492,3.98643,4.00805,4.02975,4.05151,4.07331,4.09511,4.11690,4.13864,4.16031,4.18186,4.20325,4.22446,4.24546,4.26488,4.28401,4.30273,4.32378,4.48681,4.54633,4.43375,4.43263,4.44333,4.45702,4.47157,4.48619,4.50050,4.51428,4.52738,4.53969,4.55111,4.56154,4.57092,4.57917,4.58620,4.59194,4.59633,4.59928,4.60074,4.60063,4.59890,4.59548,4.59032,4.58336,4.57456,4.56389,4.55132,4.53681,4.52037,4.50200,4.48169,4.45949,4.43542,4.40954,4.38190,4.35259,4.32169,4.28932,4.25558,4.22060,4.18453,4.14751,4.10970,4.07125,4.03235,3.99315,3.95384,3.91458,3.87555,3.83690,3.79881,3.76143,3.72490,3.68937,3.65497,3.62181,3.59002,3.55969,3.53090,3.50375,3.47829,3.45459,3.43270,3.41267,3.39451,3.37826,3.36394,3.35156,3.34112,3.33263,3.32608,3.32147,3.31879,3.31802,3.31915,3.32216,3.32704,3.33376,3.34231,3.35267,3.36483,3.37875,3.39443,3.41185,3.43100,3.45185,3.47440,3.49863,3.52454,3.55212,3.58136,3.61226,3.64481,3.67902,3.71488,3.75240,3.79159,3.83244,3.87498,3.91920,3.96513,4.01278,4.06216,4.11330,4.16620,4.22091,4.27744,4.33581,4.39605,4.45819,4.52227,4.58831,4.65634,4.72641,4.79854,4.87278,4.94915,5.02770,5.10846,5.19148,5.27679,5.36443,5.45444,5.54685,5.64169,5.73901,5.83882,5.94116,6.04605,6.15351,6.26355,6.37618,6.49140,6.60920,6.72956,6.85245,6.97782,7.10563,7.23579,7.36820,7.50277,7.63934,7.77774,7.91779,8.05924,8.20182,8.34523,8.48909,8.63298,8.77644,8.91892,9.05979,9.19836,9.33385,9.46536,9.59190,9.71236,9.82549,9.92993,10.02413,10.10643,10.17494,10.22766,10.26235,10.27660,10.26783,10.23323,10.16985,10.07456,9.94409,9.77506,9.56406,9.30767,9.00255,8.64557,8.23388,7.76505,7.23723,6.64931,6.00103,5.29322,4.52785,3.70819,2.83890,1.92600,0.97684
3.25797,3.25793,3.25783,3.25765,3.25740,3.25708,3.25669,3.25622,3.25569,3.25509,3.25442,3.25368,3.25288,3.25200,3.25106,3.25006,3.24899,3.24785,3.24666,3.24540,3.24408,3.24270,3.24127,3.23978,3.23823,3.23663,3.23498,3.23328,3.23154,3.22974,3.22791,3.22603,3.22411,3.22216,3.22017,3.21814,3.21609,3.21402,3.21191,3.20979,3.20765,3.20550,3.20333,3.20115,3.19897,3.19679,3.19461,3.19244,3.19028,3.18813,3.18600,3.18389,3.18181,3.17976,3.17775,3.17577,3.17384,3.17196,3.17014,3.16837,3.16667,3.16504,3.16348,3.16200,3.16061,3.15930,3.15810,3.15699,3.15599,3.15511,3.15434,3.15370,3.15319,3.15281,3.15257,3.15248,3.15254,3.15277,3.15315,3.15371,3.15444,3.15535,3.15646,3.15775,3.15925,3.16095,3.16286,3.16498,3.16733,3.16990,3.17271,3.17576,3.17905,3.18258,3.18637,3.19042,3.19474,3.19932,3.20418,3.20931,3.21472,3.22043,3.22642,3.23271,3.23930,3.24619,3.25339,3.26090,3.26873,3.27687,3.28533,3.29412,3.30323,3.31267,3.32245,3.33255,3.34299,3.35377,3.36489,3.37635,3.38815,3.40029,3.41277,3.42560,3.43876,3.45227,3.46612,3.48031,3.49484,3.50971,3.52491,3.54045,3.55631,3.57251,3.58902,3.60585,3.62300,3.64046,3.65822,3.67628,3.69462,3.71325,3.73216,3.75133,3.77076,3.79043,3.81035,3.83048,3.85083,3.87138,3.89211,3.91302,3.93408,3.95528,3.97660,3.99802,4.01952,4.04108,4.06268,4.08429,4.10589,4.12744,4.14893,4.17031,4.19155,4.21261,4.23344,4.25405,4.27304,4.29172,4.30994,4.33058,4.50792,4.54235,4.43759,4.43645,4.44662,4.45964,4.47345,4.48727,4.50073,4.51362,4.52579,4.53712,4.54752,4.55689,4.56517,4.57227,4.57813,4.58265,4.58579,4.58747,4.58762,4.58618,4.58309,4.57830,4.57175,4.56340,4.55322,4.54117,4.52723,4.51139,4.49364,4.47400,4.45247,4.42911,4.40394,4.37704,4.34846,4.31831,4.28667,4.25365,4.21938,4.18399,4.14763,4.11043,4.07257,4.03421,3.99550,3.95663,3.91775,3.87905,3.84068,3.80280,3.76557,3.72914,3.69365,3.65923,3.62601,3.59410,3.56360,3.53460,3.50719,3.48145,3.45742,3.43517,3.41475,3.39618,3.37950,3.36473,3.35188,3.34096,3.33198,3.32493,3.31981,3.31662,3.31533,3.31595,3.31844,3.32280,3.32901,3.33705,3.34689,3.35854,3.37195,3.38713,3.40404,3.42268,3.44303,3.46508,3.48881,3.51422,3.54129,3.57002,3.60041,3.63244,3.66613,3.70146,3.73844,3.77708,3.81737,3.85934,3.90297,3.94830,3.99532,4.04406,4.09452,4.14674,4.20072,4.25649,4.31407,4.37349,4.43477,4.49794,4.56302,4.63005,4.69905,4.77006,4.84311,4.91822,4.99543,5.07477,5.15628,5.23998,5.32591,5.41409,5.50455,5.59731,5.69240,5.78983,5.88962,5.99179,6.09633,6.20324,6.31251,6.42413,6.53806,6.65428,6.77272,6.89333,7.01601,7.14068,7.26721,7.39546,7.52526,7.65641,7.78870,7.92185,8.05556,8.18950,8.32328,8.45645,8.58851,8.71892,8.84704,8.97217,9.09355,9.21030,9.32148,9.42603,9.52279,9.61051,9.68779,9.75314,9.80493,9.84140,9.86067,9.86073,9.83943,9.79454,9.72370,9.62448,9.49436,9.33082,9.13134,8.89342,8.61470,8.29297,7.92626,7.51294,7.05178,6.54203,5.98356,5.37691,4.72339,4.02515,3.28520,2.50748,1.69679,0.85882
3.23746,3.23742,3.23732,3.23715,3.23692,3.23661,3.23624,3.23580,3.23530,3.23473,3.23410,3.23340,3.23263,3.23181,3.23092,3.22997,3.22896,3.22789,3.22676,3.22557,3.22433,3.22303,3.22168,3.22028,3.21883,3.21733,3.21578,3.21419,3.21255,3.21087,3.20916,3.20741,3.20562,3.20380,3.20195,3.20007,3.19817,3.19624,3.19430,3.19234,3.19037,3.18839,3.18640,3.18441,3.18242,3.18043,3.17845,3.17649,3.17453,3.17260,3.17069,3.16881,3.16696,3.16514,3.16337,3.16164,3.15996,3.15833,3.15677,3.15527,3.15383,3.15248,3.15120,3.15000,3.14890,3.14789,3.14698,3.14617,3.14548,3.14490,3.14445,3.14412,3.14393,3.14388,3.14397,3.14421,3.14461,3.14516,3.14589,3.14679,3.14787,3.14913,3.15058,3.15223,3.15408,3.15613,3.15840,3.16088,3.16359,3.16653,3.16970,3.17310,3.17676,3.18066,3.18481,3.18922,3.19390,3.19885,3.20406,3.20956,3.21534,3.22140,3.22775,3.23440,3.24134,3.24859,3.25614,3.26400,3.27217,3.28065,3.28945,3.29858,3.30802,3.31780,3.32789,3.33832,3.34908,3.36017,3.37160,3.38336,3.39546,3.40789,3.42066,3.43376,3.44721,3.46098,3.47509,3.48954,3.50431,3.51942,3.53485,3.55061,3.56669,3.58308,3.59979,3.61681,3.63413,3.65175,3.66966,3.68786,3.70633,3.72508,3.74408,3.76334,3.78285,3.80258,3.82254,3.84271,3.86307,3.88361,3.90433,3.92520,3.94620,3.96732,3.98854,4.00985,4.03121,4.05261,4.07403,4.09544,4.11680,4.13811,4.15931,4.18038,4.20129,4.22199,4.24243,4.26262,4.28116,4.29935,4.31705,4.33725,4.53093,4.53904,4.44128,4.44005,4.44965,4.46198,4.47501,4.48801,4.50060,4.51257,4.52378,4.53411,4.54347,4.55176,4.55892,4.56487,4.56952,4.57282,4.57470,4.57509,4.57393,4.57115,4.56672,4.56056,4.55265,4.54293,4.53139,4.51799,4.50272,4.48558,4.46657,4.44571,4.42302,4.39856,4.37237,4.34452,4.31508,4.28416,4.25186,4.21828,4.18357,4.14785,4.11128,4.07400,4.03617,3.99796,3.95953,3.92105,3.88268,3.84459,3.80694,3.76988,3.73356,3.69813,3.66371,3.63043,3.59841,3.56776,3.53856,3.51091,3.48488,3.46053,3.43794,3.41713,3.39816,3.38105,3.36583,3.35251,3.34111,3.33164,3.32409,3.31847,3.31476,3.31295,3.31304,3.31502,3.31885,3.32454,3.33206,3.34139,3.35251,3.36541,3.38007,3.39647,3.41460,3.43444,3.45598,3.47920,3.50410,3.53066,3.55888,3.58874,3.62026,3.65341,3.68821,3.72465,3.76273,3.80246,3.84385,3.88689,3.93161,3.97800,4.02609,4.07589,4.12741,4.18067,4.23569,4.29249,4.35109,4.41151,4.47378,4.53792,4.60395,4.67190,4.74180,4.81367,4.88755,4.96345,5.04140,5.12143,5.20356,5.28782,5.37422,5.46278,5.55353,5.64647,5.74160,5.83894,5.93849,6.04022,6.14414,6.25021,6.35840,6.46867,6.58096,6.69521,6.81132,6.92920,7.04873,7.16976,7.29214,7.41567,7.54013,7.66527,7.79082,7.91644,8.04179,8.16644,8.28996,8.41183,8.53149,8.64831,8.76162,8.87066,8.97459,9.07251,9.16344,9.24631,9.31995,9.38313,9.43451,9.47266,9.49606,9.50312,9.49214,9.46137,9.40899,9.33311,9.23183,9.10322,8.94536,8.75636,8.53442,8.27784,7.98505,7.65472,7.28572,6.87727,6.42891,5.94060,5.41277,4.84637,4.24286,3.60433,2.93343,2.23343,1.50818,0.76208
3.21832,3.21829,3.21820,3.21804,3.21781,3.21753,3.21718,3.21676,3.21629,3.21575,3.21515,3.21450,3.21378,3.21300,3.21216,3.21127,3.21032,3.20931,3.20825,3.20714,3.20598,3.20476,3.20350,3.20218,3.20083,3.19942,3.19798,3.19649,3.19497,3.19341,3.19182,3.19019,3.18853,3.18685,3.18514,3.18341,3.18165,3.17989,3.17810,3.17631,3.17451,3.17270,3.17089,3.16909,3.16728,3.16549,3.16371,3.16195,3.16021,3.15849,3.15680,3.15514,3.15352,3.15194,3.15040,3.14892,3.14749,3.14611,3.14481,3.14357,3.14240,3.14132,3.14031,3.13940,3.13858,3.13786,3.13724,3.13674,3.13634,3.13607,3.13593,3.13591,3.13604,3.13630,3.13672,3.13728,3.13801,3.13890,3.13996,3.14119,3.14261,3.14421,3.14601,3.14800,3.15020,3.15260,3.15522,3.15805,3.16111,3.16440,3.16792,3.17169,3.17569,3.17995,3.18446,3.18923,3.19426,3.19956,3.20513,3.21098,3.21711,3.22352,3.23022,3.23721,3.24450,3.25209,3.25998,3.26818,3.27669,3.28551,3.29464,3.30409,3.31386,3.32395,3.33436,3.34510,3.35617,3.36756,3.37929,3.39134,3.40372,3.41644,3.42948,3.44286,3.45656,3.47059,3.48495,3.49964,3.51465,3.52998,3.54563,3.56160,3.57787,3.59446,3.61135,3.62853,3.64602,3.66378,3.68183,3.70015,3.71874,3.73759,3.75668,3.77602,3.79558,3.81536,3.83535,3.85553,3.87589,3.89641,3.91709,3.93790,3.95883,3.97986,4.00097,4.02214,4.04334,4.06457,4.08578,4.10696,4.12808,4.14911,4.17001,4.19076,4.21130,4.23162,4.25165,4.27139,4.28945,4.30713,4.32430,4.34403,4.55649,4.53657,4.44506,4.44369,4.45269,4.46429,4.47653,4.48868,4.50037,4.51141,4.52163,4.53094,4.53924,4.54644,4.55246,4.55723,4.56068,4.56275,4.56336,4.56246,4.55999,4.55589,4.55011,4.54261,4.53334,4.52229,4.50941,4.49470,4.47814,4.45975,4.43953,4.41751,4.39372,4.36823,4.34108,4.31235,4.28214,4.25053,4.21764,4.18360,4.14852,4.11256,4.07586,4.03858,4.00086,3.96288,3.92480,3.88677,3.84897,3.81155,3.77467,3.73847,3.70310,3.66869,3.63537,3.60325,3.57245,3.54307,3.51518,3.48888,3.46422,3.44128,3.42010,3.40072,3.38318,3.36751,3.35373,3.34185,3.33189,3.32383,3.31770,3.31347,3.31114,3.31071,3.31215,3.31546,3.32061,3.32760,3.33640,3.34700,3.35937,3.37351,3.38939,3.40700,3.42632,3.44734,3.47005,3.49442,3.52047,3.54816,3.57751,3.60849,3.64111,3.67537,3.71126,3.74878,3.78794,3.82875,3.87120,3.91530,3.96107,4.00851,4.05764,4.10847,4.16102,4.21529,4.27131,4.32910,4.38867,4.45004,4.51325,4.57830,4.64522,4.71403,4.78476,4.85742,4.93204,5.00863,5.08722,5.16783,5.25047,5.33515,5.42189,5.51068,5.60155,5.69448,5.78947,5.88651,5.98557,6.08663,6.18966,6.29460,6.40141,6.51000,6.62030,6.73220,6.84559,6.96032,7.07625,7.19319,7.31092,7.42923,7.54783,7.66644,7.78471,7.90228,8.01872,8.13358,8.24635,8.35647,8.46333,8.56626,8.66453,8.75736,8.84388,8.92318,8.99427,9.05610,9.10754,9.14742,9.17447,9.18739,9.18481,9.16532,9.12745,9.06973,8.99064,8.88868,8.76235,8.61020,8.43080,8.22284,7.98508,7.71645,7.41600,7.08302,6.71699,6.31769,5.88515,5.41976,4.92224,4.39369,3.83560,3.24984,2.63873,2.00494,1.35155,0.68199
3.20092,3.20089,3.20080,3.20065,3.20044,3.20017,3.19984,3.19946,3.19901,3.19851,3.19795,3.19733,3.19665,3.19593,3.19514,3.19431,3.19342,3.19248,3.19149,3.19045,3.18936,3.18823,3.18705,3.18583,3.18457,3.18326,3.18192,3.18055,3.17914,3.17769,3.17622,3.17472,3.17319,3.17165,3.17008,3.16849,3.16689,3.16527,3.16365,3.16202,3.16039,3.15876,3.15713,3.15550,3.15389,3.15229,3.15071,3.14915,3.14762,3.14611,3.14464,3.14320,3.14181,3.14046,3.13916,3.13792,3.13673,3.13561,3.13456,3.13358,3.13268,3.13186,3.13113,3.13050,3.12996,3.12952,3.12919,3.12898,3.12888,3.12891,3.12907,3.12936,3.12980,3.13038,3.13110,3.13199,3.13304,3.13425,3.13564,3.13720,3.13895,3.14089,3.14302,3.14535,3.14788,3.15063,3.15359,3.15677,3.16017,3.16380,3.16767,3.17178,3.17613,3.18074,3.18559,3.19071,3.19608,3.20173,3.20764,3.21383,3.22030,3.22706,3.23410,3.24143,3.24905,3.25697,3.26520,3.27372,3.28255,3.29170,3.30115,3.31091,3.32100,3.33140,3.34212,3.35316,3.36452,3.37620,3.38821,3.40055,3.41321,3.42619,3.43950,3.45313,3.46709,3.48136,3.49596,3.51088,3.52611,3.54165,3.55751,3.57367,3.59013,3.60690,3.62395,3.64130,3.65893,3.67683,3.69500,3.71344,3.73213,3.75106,3.77023,3.78962,3.80923,3.82904,3.84904,3.86922,3.88956,3.91005,3.93068,3.95142,3.97226,3.99317,4.01415,4.03517,4.05620,4.07723,4.09822,4.11916,4.14001,4.16074,4.18132,4.20172,4.22189,4.24180,4.26140,4.28067,4.29824,4.31538,4.33199,4.35125,4.58542,4.53519,4.44928,4.44769,4.45607,4.46692,4.47834,4.48962,4.50040,4.51048,4.51971,4.52798,4.53520,4.54128,4.54616,4.54975,4.55199,4.55282,4.55217,4.54999,4.54621,4.54079,4.53369,4.52486,4.51427,4.50190,4.48773,4.47174,4.45394,4.43435,4.41297,4.38985,4.36503,4.33857,4.31054,4.28102,4.25009,4.21788,4.18449,4.15005,4.11470,4.07857,4.04182,4.00460,3.96707,3.92939,3.89171,3.85421,3.81703,3.78033,3.74425,3.70895,3.67456,3.64120,3.60900,3.57806,3.54849,3.52037,3.49379,3.46883,3.44554,3.42399,3.40421,3.38625,3.37013,3.35588,3.34351,3.33305,3.32448,3.31783,3.31307,3.31021,3.30924,3.31015,3.31292,3.31753,3.32398,3.33225,3.34231,3.35415,3.36775,3.38310,3.40018,3.41897,3.43947,3.46165,3.48550,3.51101,3.53818,3.56699,3.59744,3.62952,3.66323,3.69857,3.73553,3.77412,3.81434,3.85619,3.89969,3.94483,3.99163,4.04009,4.09023,4.14206,4.19559,4.25084,4.30783,4.36656,4.42706,4.48935,4.55344,4.61935,4.68710,4.75670,4.82818,4.90156,4.97683,5.05403,5.13316,5.21424,5.29726,5.38224,5.46917,5.55805,5.64887,5.74162,5.83627,5.93279,6.03115,6.13130,6.23318,6.33672,6.44185,6.54845,6.65642,6.76562,6.87592,6.98712,7.09904,7.21146,7.32413,7.43677,7.54907,7.66069,7.77125,7.88032,7.98745,8.09214,8.19383,8.29192,8.38578,8.47470,8.55793,8.63468,8.70408,8.76523,8.81718,8.85890,8.88935,8.90742,8.91198,8.90187,8.87587,8.83279,8.77141,8.69050,8.58888,8.46537,8.31886,8.14829,7.95267,7.73114,7.48292,7.20741,6.90412,6.57278,6.21329,5.82577,5.41058,4.96832,4.49983,4.00626,3.48899,2.94971,2.39035,1.81312,1.22049,0.61515
3.18557,3.18554,3.18546,3.18532,3.18512,3.18487,3.18457,3.18420,3.18379,3.18332,3.18279,3.18222,3.18159,3.18091,3.18018,3.17940,3.17857,3.17770,3.17678,3.17581,3.17480,3.17375,3.17266,3.17153,3.17036,3.16916,3.16792,3.16666,3.16536,3.16403,3.16268,3.16131,3.15991,3.15850,3.15707,3.15563,3.15418,3.15272,3.15126,3.14979,3.14833,3.14687,3.14541,3.14397,3.14255,3.14114,3.13976,3.13840,3.13707,3.13578,3.13452,3.13330,3.13214,3.13102,3.12995,3.12895,3.12800,3.12713,3.12633,3.12561,3.12497,3.12441,3.12395,3.12359,3.12332,3.12317,3.12312,3.12320,3.12339,3.12371,3.12417,3.12476,3.12550,3.12639,3.12743,3.12862,3.12999,3.13152,3.13323,3.13511,3.13719,3.13945,3.14191,3.14457,3.14743,3.15051,3.15380,3.15732,3.16105,3.16502,3.16923,3.17367,3.17836,3.18330,3.18850,3.19395,3.19966,3.20564,3.21189,3.21842,3.22522,3.23230,3.23967,3.24733,3.25528,3.26353,3.27207,3.28091,3.29006,3.29952,3.30928,3.31935,3.32973,3.34043,3.35145,3.36278,3.37443,3.38639,3.39868,3.41128,3.42421,3.43745,3.45101,3.46489,3.47909,3.49360,3.50842,3.52356,3.53900,3.55475,3.57080,3.58714,3.60378,3.62071,3.63793,3.65542,3.67318,3.69121,3.70949,3.72803,3.74680,3.76581,3.78504,3.80448,3.82412,3.84395,3.86395,3.88411,3.90442,3.92487,3.94542,3.96608,3.98681,4.00760,4.02843,4.04928,4.07012,4.09094,4.11169,4.13237,4.15293,4.17335,4.19359,4.21363,4.23340,4.25289,4.27203,4.29082,4.30786,4.32446,4.34047,4.35925,4.61867,4.53522,4.45427,4.45243,4.46015,4.47022,4.48080,4.49119,4.50104,4.51014,4.51836,4.52558,4.53171,4.53667,4.54039,4.54280,4.54383,4.54342,4.54151,4.53804,4.53297,4.52625,4.51784,4.50771,4.49582,4.48217,4.46674,4.44952,4.43052,4.40978,4.38730,4.36314,4.33735,4.30999,4.28115,4.25090,4.21934,4.18660,4.15279,4.11803,4.08247,4.04626,4.00953,3.97245,3.93516,3.89784,3.86063,3.82370,3.78719,3.75125,3.71602,3.68165,3.64827,3.61598,3.58491,3.55516,3.52682,3.49997,3.47471,3.45108,3.42915,3.40897,3.39058,3.37401,3.35929,3.34644,3.33547,3.32639,3.31921,3.31392,3.31052,3.30901,3.30937,3.31159,3.31566,3.32156,3.32928,3.33880,3.35010,3.36316,3.37797,3.39451,3.41277,3.43273,3.45437,3.47769,3.50268,3.52931,3.55758,3.58749,3.61903,3.65219,3.68697,3.72338,3.76139,3.80103,3.84229,3.88518,3.92970,3.97586,4.02367,4.07313,4.12425,4.17706,4.23155,4.28775,4.34567,4.40531,4.46671,4.52986,4.59479,4.66150,4.73002,4.80036,4.87253,4.94654,5.02239,5.10011,5.17968,5.26112,5.34441,5.42956,5.51655,5.60536,5.69598,5.78836,5.88249,5.97830,6.07574,6.17474,6.27522,6.37710,6.48025,6.58457,6.68989,6.79607,6.90291,7.01022,7.11777,7.22528,7.33249,7.43906,7.54467,7.64891,7.75138,7.85161,7.94911,8.04334,8.13373,8.21965,8.30044,8.37538,8.44374,8.50471,8.55745,8.60111,8.63476,8.65746,8.66826,8.66616,8.65015,8.61922,8.57237,8.50857,8.42686,8.32627,8.20589,8.06486,7.90238,7.71774,7.51031,7.27956,7.02510,6.74665,6.44406,6.11735,5.76670,5.39246,4.99514,4.57546,4.13429,3.67273,3.19204,2.69367,2.17928,1.65065,1.10979,0.55881
3.17258,3.17255,3.17248,3.17234,3.17216,3.17193,3.17164,3.17131,3.17092,3.17048,3.17000,3.16946,3.16888,3.16825,3.16757,3.16685,3.16608,3.16527,3.16442,3.16353,3.16260,3.16163,3.16063,3.15959,3.15852,3.15741,3.15628,3.15512,3.15393,3.15273,3.15150,3.15025,3.14898,3.14771,3.14642,3.14512,3.14382,3.14251,3.14120,3.13990,3.13860,3.13731,3.13604,3.13478,3.13354,3.13232,3.13113,3.12997,3.12885,3.12776,3.12671,3.12572,3.12477,3.12387,3.12304,3.12227,3.12157,3.12094,3.12038,3.11991,3.11952,3.11923,3.11903,3.11893,3.11894,3.11906,3.11929,3.11965,3.12013,3.12074,3.12149,3.12237,3.12341,3.12459,3.12594,3.12744,3.12911,3.13095,3.13297,3.13517,3.13756,3.14014,3.14292,3.14590,3.14909,3.15249,3.15611,3.15995,3.16401,3.16831,3.17284,3.17761,3.18263,3.18790,3.19342,3.19920,3.20524,3.21154,3.21812,3.22497,3.23209,3.23950,3.24719,3.25516,3.26343,3.27199,3.28084,3.29000,3.29945,3.30921,3.31927,3.32964,3.34031,3.35130,3.36260,3.37421,3.38613,3.39837,3.41092,3.42379,3.43697,3.45046,3.46427,3.47838,3.49281,3.50754,3.52258,3.53792,3.55357,3.56951,3.58574,3.60226,3.61907,3.63615,3.65351,3.67114,3.68903,3.70717,3.72555,3.74418,3.76303,3.78210,3.80137,3.82085,3.84051,3.86034,3.88033,3.90047,3.92073,3.94111,3.96158,3.98214,4.00275,4.02340,4.04407,4.06474,4.08537,4.10596,4.12646,4.14686,4.16712,4.18721,4.20710,4.22674,4.24611,4.26515,4.28382,4.30210,4.31861,4.33463,4.35004,4.36832,4.65732,4.53690,4.46036,4.45820,4.46523,4.47451,4.48423,4.49371,4.50261,4.51072,4.51791,4.52406,4.52910,4.53293,4.53549,4.53671,4.53653,4.53488,4.53171,4.52698,4.52063,4.51263,4.50293,4.49152,4.47837,4.46347,4.44681,4.42840,4.40827,4.38642,4.36290,4.33776,4.31107,4.28288,4.25329,4.22239,4.19028,4.15708,4.12292,4.08792,4.05223,4.01599,3.97935,3.94247,3.90550,3.86859,3.83190,3.79559,3.75979,3.72465,3.69030,3.65689,3.62453,3.59333,3.56340,3.53484,3.50774,3.48217,3.45820,3.43590,3.41531,3.39649,3.37947,3.36427,3.35093,3.33945,3.32986,3.32214,3.31632,3.31237,3.31031,3.31012,3.31178,3.31530,3.32064,3.32780,3.33676,3.34751,3.36002,3.37429,3.39029,3.40800,3.42742,3.44853,3.47131,3.49575,3.52184,3.54958,3.57894,3.60994,3.64255,3.67678,3.71262,3.75007,3.78913,3.82980,3.87209,3.91599,3.96152,4.00867,4.05747,4.10790,4.16000,4.21375,4.26918,4.32630,4.38511,4.44564,4.50788,4.57186,4.63758,4.70505,4.77429,4.84530,4.91809,4.99266,5.06902,5.14716,5.22708,5.30877,5.39222,5.47741,5.56432,5.65293,5.74318,5.83504,5.92845,6.02335,6.11965,6.21728,6.31613,6.41608,6.51700,6.61874,6.72112,6.82396,6.92703,7.03012,7.13294,7.23521,7.33661,7.43679,7.53536,7.63192,7.72600,7.81714,7.90480,7.98842,8.06741,8.14115,8.20895,8.27011,8.32391,8.36957,8.40630,8.43327,8.44965,8.45458,8.44721,8.42665,8.39205,8.34255,8.27733,8.19558,8.09653,7.97947,7.84373,7.68872,7.51390,7.31885,7.10322,6.86675,6.60930,6.33085,6.03148,5.71142,5.37099,5.01068,4.63109,4.23295,3.81713,3.38463,2.93658,2.47423,1.99896,1.51225,1.01570,0.51102
3.16225,3.16223,3.16216,3.16203,3.16187,3.16165,3.16138,3.16107,3.16072,3.16031,3.15986,3.15937,3.15883,3.15825,3.15762,3.15696,3.15626,3.15551,3.15473,3.15391,3.15306,3.15217,3.15125,3.15030,3.14932,3.14832,3.14729,3.14624,3.14516,3.14407,3.14296,3.14183,3.14070,3.13955,3.13840,3.13725,3.13609,3.13493,3.13378,3.13264,3.13150,3.13038,3.12928,3.12820,3.12714,3.12611,3.12511,3.12415,3.12322,3.12234,3.12150,3.12072,3.11998,3.11931,3.11870,3.11816,3.11769,3.11730,3.11699,3.11676,3.11662,3.11658,3.11664,3.11680,3.11708,3.11746,3.11797,3.11859,3.11935,3.12024,3.12127,3.12245,3.12377,3.12525,3.12689,3.12869,3.13066,3.13280,3.13512,3.13763,3.14033,3.14322,3.14631,3.14960,3.15310,3.15681,3.16075,3.16490,3.16928,3.17390,3.17875,3.18384,3.18918,3.19476,3.20060,3.20669,3.21305,3.21967,3.22656,3.23372,3.24116,3.24888,3.25688,3.26516,3.27373,3.28259,3.29175,3.30120,3.31095,3.32100,3.33135,3.34201,3.35296,3.36423,3.37580,3.38768,3.39987,3.41237,3.42518,3.43830,3.45172,3.46545,3.47949,3.49384,3.50848,3.52343,3.53867,3.55422,3.57005,3.58617,3.60258,3.61926,3.63622,3.65346,3.67095,3.68870,3.70670,3.72494,3.74342,3.76212,3.78104,3.80016,3.81947,3.83897,3.85864,3.87847,3.89843,3.91853,3.93874,3.95904,3.97942,3.99986,4.02034,4.04084,4.06133,4.08180,4.10222,4.12256,4.14280,4.16291,4.18285,4.20260,4.22212,4.24136,4.26030,4.27888,4.29706,4.31483,4.33078,4.34621,4.36099,4.37877,4.70263,4.54051,4.46786,4.46532,4.47164,4.48011,4.48895,4.49751,4.50545,4.51256,4.51871,4.52380,4.52773,4.53043,4.53183,4.53187,4.53047,4.52760,4.52319,4.51720,4.50959,4.50032,4.48937,4.47671,4.46232,4.44622,4.42838,4.40884,4.38760,4.36471,4.34021,4.31416,4.28662,4.25767,4.22741,4.19592,4.16333,4.12975,4.09531,4.06014,4.02438,3.98819,3.95170,3.91508,3.87847,3.84203,3.80591,3.77025,3.73519,3.70088,3.66744,3.63501,3.60368,3.57358,3.54480,3.51743,3.49155,3.46725,3.44457,3.42358,3.40432,3.38684,3.37116,3.35732,3.34533,3.33520,3.32694,3.32057,3.31607,3.31344,3.31268,3.31378,3.31673,3.32150,3.32810,3.33650,3.34668,3.35863,3.37234,3.38778,3.40494,3.42381,3.44437,3.46660,3.49050,3.51604,3.54323,3.57205,3.60250,3.63456,3.66823,3.70351,3.74039,3.77887,3.81896,3.86065,3.90394,3.94885,3.99536,4.04350,4.09326,4.14466,4.19769,4.25237,4.30871,4.36672,4.42640,4.48776,4.55082,4.61558,4.68205,4.75023,4.82013,4.89175,4.96509,5.04015,5.11693,5.19541,5.27558,5.35742,5.44092,5.52604,5.61274,5.70099,5.79073,5.88189,5.97442,6.06821,6.16319,6.25923,6.35621,6.45400,6.55243,6.65133,6.75050,6.84972,6.94874,7.04731,7.14512,7.24186,7.33717,7.43069,7.52199,7.61063,7.69615,7.77804,7.85577,7.92875,7.99640,8.05808,8.11313,8.16088,8.20061,8.23159,8.25309,8.26436,8.26463,8.25315,8.22917,8.19193,8.14074,8.07488,7.99371,7.89660,7.78299,7.65236,7.50427,7.33835,7.15428,6.95185,6.73093,6.49146,6.23350,5.95719,5.66278,5.35059,5.02108,4.67476,4.31227,3.93433,3.54175,3.13545,2.71640,2.28569,1.84446,1.39395,0.93544,0.47032
3.15472,3.15470,3.15463,3.15452,3.15437,3.15417,3.15393,3.15364,3.15331,3.15294,3.15253,3.15207,3.15158,3.15105,3.15047,3.14987,3.14922,3.14854,3.14783,3.14708,3.14631,3.14550,3.14466,3.14380,3.14292,3.14201,3.14108,3.14013,3.13917,3.13819,3.13720,3.13620,3.13519,3.13417,3.13316,3.13214,3.13113,3.13012,3.12912,3.12813,3.12716,3.12621,3.12527,3.12437,3.12349,3.12264,3.12183,3.12105,3.12032,3.11964,3.11901,3.11843,3.11791,3.11746,3.11707,3.11675,3.11651,3.11635,3.11627,3.11628,3.11639,3.11660,3.11691,3.11732,3.11785,3.11850,3.11927,3.12016,3.12119,3.12236,3.12366,3.12512,3.12672,3.12848,3.13041,3.13250,3.13476,3.13719,3.13981,3.14262,3.14561,3.14880,3.15219,3.15579,3.15959,3.16361,3.16785,3.17231,3.17700,3.18193,3.18709,3.19248,3.19813,3.20402,3.21017,3.21657,3.22324,3.23016,3.23736,3.24482,3.25256,3.26058,3.26888,3.27746,3.28633,3.29549,3.30493,3.31467,3.32471,3.33504,3.34567,3.35660,3.36784,3.37937,3.39121,3.40335,3.41580,3.42855,3.44160,3.45496,3.46862,3.48258,3.49684,3.51140,3.52626,3.54141,3.55686,3.57259,3.58860,3.60489,3.62147,3.63831,3.65541,3.67278,3.69040,3.70827,3.72637,3.74471,3.76326,3.78203,3.80100,3.82017,3.83951,3.85902,3.87868,3.89849,3.91843,3.93847,3.95861,3.97883,3.99910,4.01942,4.03975,4.06009,4.08039,4.10065,4.12084,4.14093,4.16089,4.18069,4.20030,4.21969,4.23882,4.25765,4.27615,4.29426,4.31193,4.32917,4.34454,4.35936,4.37350,4.39077,4.75591,4.54616,4.47694,4.47398,4.47956,4.48719,4.49515,4.50277,4.50974,4.51584,4.52095,4.52496,4.52779,4.52935,4.52959,4.52844,4.52584,4.52175,4.51611,4.50888,4.50003,4.48952,4.47734,4.46346,4.44789,4.43061,4.41164,4.39100,4.36873,4.34485,4.31943,4.29252,4.26420,4.23456,4.20369,4.17169,4.13868,4.10479,4.07013,4.03486,3.99910,3.96302,3.92674,3.89044,3.85425,3.81832,3.78280,3.74783,3.71355,3.68009,3.64758,3.61613,3.58586,3.55686,3.52923,3.50305,3.47840,3.45535,3.43395,3.41425,3.39631,3.38014,3.36579,3.35328,3.34261,3.33381,3.32687,3.32181,3.31861,3.31727,3.31779,3.32016,3.32436,3.33037,3.33819,3.34780,3.35919,3.37232,3.38720,3.40380,3.42211,3.44211,3.46379,3.48714,3.51213,3.53877,3.56704,3.59694,3.62844,3.66156,3.69628,3.73259,3.77050,3.81001,3.85111,3.89380,3.93809,3.98398,4.03147,4.08057,4.13128,4.18361,4.23757,4.29316,4.35038,4.40925,4.46977,4.53194,4.59578,4.66128,4.72845,4.79729,4.86779,4.93997,5.01380,5.08928,5.16639,5.24513,5.32546,5.40735,5.49079,5.57571,5.66208,5.74983,5.83890,5.92921,6.02067,6.11318,6.20662,6.30086,6.39577,6.49116,6.58687,6.68268,6.77838,6.87372,6.96843,7.06221,7.15476,7.24571,7.33470,7.42132,7.50515,7.58573,7.66256,7.73513,7.80290,7.86529,7.92173,7.97158,8.01421,8.04898,8.07521,8.09224,8.09939,8.09598,8.08134,8.05482,8.01577,7.96360,7.89771,7.81756,7.72265,7.61254,7.48683,7.34518,7.18733,7.01308,6.82230,6.61494,6.39102,6.15065,5.89401,5.62136,5.33303,5.02942,4.71103,4.37840,4.03216,3.67298,3.30161,2.91887,2.52561,2.12276,1.71127,1.29216,0.86651,0.43540
3.14963,3.14961,3.14955,3.14944,3.14930,3.14912,3.14890,3.14864,3.14834,3.14800,3.14762,3.14721,3.14676,3.14627,3.14575,3.14520,3.14462,3.14400,3.14336,3.14268,3.14198,3.14125,3.14050,3.13973,3.13894,3.13813,3.13730,3.13645,3.13560,3.13473,3.13386,3.13298,3.13209,3.13121,3.13032,3.12944,3.12857,3.12771,3.12686,3.12603,3.12522,3.12443,3.12366,3.12293,3.12222,3.12155,3.12093,3.12034,3.11980,3.11932,3.11888,3.11851,3.11820,3.11796,3.11778,3.11769,3.11767,3.11774,3.11789,3.11814,3.11849,3.11893,3.11949,3.12015,3.12093,3.12184,3.12286,3.12402,3.12531,3.12675,3.12832,3.13005,3.13193,3.13397,3.13617,3.13854,3.14109,3.14381,3.14672,3.14981,3.15310,3.15658,3.16026,3.16415,3.16826,3.17257,3.17711,3.18187,3.18686,3.19208,3.19754,3.20324,3.20919,3.21538,3.22183,3.22853,3.23549,3.24272,3.25021,3.25797,3.26601,3.27432,3.28291,3.29178,3.30093,3.31037,3.32010,3.33012,3.34044,3.35104,3.36195,3.37314,3.38464,3.39644,3.40853,3.42093,3.43362,3.44661,3.45990,3.47350,3.48738,3.50157,3.51604,3.53081,3.54587,3.56122,3.57685,3.59276,3.60894,3.62540,3.64213,3.65911,3.67636,3.69385,3.71159,3.72956,3.74776,3.76617,3.78480,3.80363,3.82264,3.84183,3.86119,3.88071,3.90036,3.92013,3.94002,3.96000,3.98006,4.00018,4.02034,4.04051,4.06069,4.08085,4.10095,4.12099,4.14093,4.16075,4.18041,4.19989,4.21916,4.23817,4.25690,4.27531,4.29334,4.31096,4.32812,4.34480,4.35958,4.37377,4.38725,4.40400,4.81820,4.55346,4.48727,4.48383,4.48865,4.49543,4.50248,4.50916,4.51513,4.52022,4.52427,4.52720,4.52892,4.52935,4.52843,4.52609,4.52230,4.51700,4.51014,4.50169,4.49161,4.47989,4.46651,4.45145,4.43471,4.41631,4.39625,4.37457,4.35130,4.32650,4.30021,4.27251,4.24348,4.21321,4.18180,4.14936,4.11600,4.08186,4.04706,4.01174,3.97605,3.94013,3.90412,3.86818,3.83246,3.79708,3.76221,3.72797,3.69450,3.66192,3.63036,3.59991,3.57070,3.54281,3.51633,3.49134,3.46791,3.44611,3.42597,3.40756,3.39091,3.37605,3.36301,3.35180,3.34244,3.33494,3.32930,3.32552,3.32360,3.32354,3.32531,3.32892,3.33435,3.34159,3.35062,3.36142,3.37398,3.38828,3.40432,3.42206,3.44150,3.46262,3.48541,3.50985,3.53593,3.56365,3.59299,3.62394,3.65650,3.69065,3.72641,3.76375,3.80268,3.84319,3.88529,3.92897,3.97425,4.02110,4.06956,4.11960,4.17124,4.22449,4.27934,4.33581,4.39389,4.45359,4.51491,4.57786,4.64243,4.70863,4.77645,4.84590,4.91695,4.98961,5.06386,5.13968,5.21705,5.29594,5.37633,5.45817,5.54142,5.62602,5.71191,5.79901,5.88726,5.97654,6.06676,6.15779,6.24950,6.34174,6.43434,6.52712,6.61986,6.71235,6.80433,6.89554,6.98569,7.07445,7.16149,7.24644,7.32890,7.40846,7.48467,7.55706,7.62514,7.68838,7.74625,7.79819,7.84362,7.88195,7.91258,7.93490,7.94829,7.95214,7.94586,7.92884,7.90052,7.86033,7.80776,7.74231,7.66354,7.57103,7.46444,7.34345,7.20782,7.05737,6.89198,6.71158,6.51619,6.30588,6.08079,5.84113,5.58716,5.31921,5.03767,4.74298,4.43564,4.11619,3.78522,3.44337,3.09131,2.72976,2.35946,1.98120,1.59579,1.20407,0.80693,0.40526
3.14643,3.14642,3.14636,3.14627,3.14614,3.14598,3.14577,3.14554,3.14527,3.14496,3.14462,3.14425,3.14384,3.14340,3.14294,3.14244,3.14191,3.14136,3.14078,3.14018,3.13956,3.13891,3.13824,3.13756,3.13685,3.13614,3.13541,3.13467,3.13392,3.13317,3.13241,3.13165,3.13089,3.13013,3.12938,3.12864,3.12791,3.12719,3.12649,3.12581,3.12515,3.12452,3.12392,3.12336,3.12283,3.12234,3.12189,3.12149,3.12114,3.12085,3.12062,3.12044,3.12034,3.12030,3.12034,3.12046,3.12067,3.12096,3.12134,3.12182,3.12240,3.12308,3.12388,3.12479,3.12582,3.12697,3.12825,3.12966,3.13121,3.13291,3.13475,3.13674,3.13889,3.14120,3.14368,3.14632,3.14915,3.15215,3.15534,3.15871,3.16228,3.16605,3.17003,3.17420,3.17860,3.18320,3.18803,3.19308,3.19837,3.20388,3.20963,3.21563,3.22186,3.22835,3.23509,3.24208,3.24933,3.25685,3.26463,3.27268,3.28100,3.28959,3.29847,3.30762,3.31705,3.32677,3.33677,3.34707,3.35765,3.36852,3.37969,3.39114,3.40290,3.41494,3.42729,3.43992,3.45286,3.46608,3.47960,3.49342,3.50752,3.52192,3.53660,3.55157,3.56682,3.58235,3.59816,3.61424,3.63059,3.64720,3.66407,3.68119,3.69856,3.71617,3.73401,3.75207,3.77035,3.78884,3.80753,3.82640,3.84544,3.86466,3.88402,3.90352,3.92315,3.94288,3.96271,3.98261,4.00258,4.02258,4.04260,4.06263,4.08263,4.10259,4.12248,4.14228,4.16196,4.18149,4.20084,4.21998,4.23889,4.25751,4.27582,4.29378,4.31133,4.32845,4.34506,4.36117,4.37534,4.38888,4.40169,4.41792,4.89053,4.56176,4.49826,4.49432,4.49835,4.50426,4.51039,4.51610,4.52108,4.52513,4.52813,4.52997,4.53057,4.52987,4.52779,4.52428,4.51930,4.51280,4.50473,4.49508,4.48381,4.47090,4.45634,4.44013,4.42228,4.40279,4.38169,4.35902,4.33482,4.30914,4.28205,4.25362,4.22394,4.19311,4.16123,4.12841,4.09477,4.06045,4.02557,3.99028,3.95471,3.91901,3.88333,3.84781,3.81259,3.77781,3.74362,3.71014,3.67751,3.64583,3.61523,3.58581,3.55767,3.53090,3.50558,3.48177,3.45956,3.43899,3.42012,3.40297,3.38760,3.37403,3.36228,3.35236,3.34429,3.33807,3.33370,3.33119,3.33053,3.33171,3.33473,3.33956,3.34620,3.35464,3.36485,3.37682,3.39054,3.40600,3.42316,3.44203,3.46258,3.48480,3.50868,3.53421,3.56136,3.59014,3.62053,3.65253,3.68612,3.72130,3.75807,3.79642,3.83635,3.87786,3.92094,3.96560,4.01183,4.05964,4.10902,4.15999,4.21254,4.26667,4.32239,4.37970,4.43860,4.49910,4.56118,4.62485,4.69011,4.75695,4.82537,4.89535,4.96688,5.03995,5.11453,5.19060,5.26813,5.34709,5.42742,5.50908,5.59201,5.67615,5.76142,5.84773,5.93498,6.02306,6.11185,6.20122,6.29099,6.38102,6.47110,6.56103,6.65058,6.73952,6.82756,6.91442,6.99978,7.08331,7.16466,7.24343,7.31921,7.39159,7.46009,7.52426,7.58360,7.63759,7.68571,7.72742,7.76216,7.78938,7.80851,7.81900,7.82029,7.81184,7.79312,7.76362,7.72287,7.67040,7.60581,7.52871,7.43878,7.33572,7.21932,7.08939,6.94580,6.78850,6.61747,6.43277,6.23451,6.02285,5.79802,5.56027,5.30994,5.04740,4.77305,4.48734,4.19077,3.88385,3.56714,3.24121,2.90667,2.56415,2.21430,1.85778,1.49529,1.12753,0.75523,0.37913
3.14464,3.14462,3.14457,3.14449,3.14437,3.14422,3.14404,3.14383,3.14359,3.14332,3.14301,3.14268,3.14232,3.14193,3.14151,3.14107,3.14061,3.14012,3.13961,3.13908,3.13853,3.13796,3.13737,3.13678,3.13616,3.13554,3.13491,3.13428,3.13364,3.13299,3.13235,3.13171,3.13107,3.13044,3.12982,3.12922,3.12863,3.12805,3.12750,3.12697,3.12647,3.12601,3.12557,3.12517,3.12481,3.12450,3.12423,3.12402,3.12386,3.12375,3.12371,3.12374,3.12384,3.12401,3.12426,3.12459,3.12502,3.12553,3.12613,3.12684,3.12765,3.12857,3.12960,3.13075,3.13202,3.13342,3.13495,3.13662,3.13842,3.14037,3.14248,3.14473,3.14714,3.14972,3.15247,3.15538,3.15848,3.16176,3.16522,3.16887,3.17272,3.17677,3.18103,3.18549,3.19016,3.19506,3.20017,3.20551,3.21107,3.21687,3.22291,3.22919,3.23571,3.24249,3.24951,3.25679,3.26432,3.27212,3.28018,3.28851,3.29711,3.30598,3.31513,3.32456,3.33426,3.34425,3.35452,3.36508,3.37592,3.38705,3.39847,3.41018,3.42218,3.43447,3.44705,3.45992,3.47308,3.48653,3.50027,3.51430,3.52862,3.54321,3.55809,3.57325,3.58868,3.60439,3.62036,3.63660,3.65310,3.66986,3.68686,3.70410,3.72159,3.73930,3.75723,3.77538,3.79373,3.81227,3.83100,3.84991,3.86897,3.88819,3.90754,3.92702,3.94660,3.96628,3.98603,4.00584,4.02569,4.04557,4.06544,4.08530,4.10511,4.12486,4.14452,4.16406,4.18345,4.20268,4.22170,4.24048,4.25900,4.27721,4.29508,4.31257,4.32963,4.34622,4.36227,4.37779,4.39132,4.40419,4.41629,4.43199,4.97436,4.57048,4.50939,4.50490,4.50812,4.51314,4.51833,4.52307,4.52704,4.53005,4.53198,4.53273,4.53221,4.53036,4.52713,4.52245,4.51629,4.50860,4.49935,4.48851,4.47607,4.46200,4.44630,4.42898,4.41004,4.38952,4.36743,4.34382,4.31873,4.29224,4.26441,4.23531,4.20506,4.17373,4.14144,4.10831,4.07446,4.04002,4.00513,3.96992,3.93454,3.89912,3.86382,3.82876,3.79410,3.75997,3.72650,3.69382,3.66204,3.63130,3.60168,3.57330,3.54624,3.52060,3.49643,3.47382,3.45282,3.43349,3.41586,3.39998,3.38588,3.37358,3.36310,3.35446,3.34766,3.34271,3.33960,3.33834,3.33892,3.34133,3.34556,3.35160,3.35943,3.36905,3.38043,3.39356,3.40842,3.42501,3.44329,3.46327,3.48492,3.50823,3.53318,3.55977,3.58798,3.61781,3.64924,3.68226,3.71687,3.75307,3.79084,3.83018,3.87109,3.91357,3.95761,4.00322,4.05039,4.09912,4.14942,4.20128,4.25470,4.30969,4.36624,4.42436,4.48404,4.54528,4.60808,4.67242,4.73831,4.80573,4.87467,4.94512,5.01705,5.09044,5.16527,5.24149,5.31908,5.39797,5.47813,5.55948,5.64196,5.72549,5.80998,5.89532,5.98141,6.06811,6.15528,6.24278,6.33042,6.41801,6.50536,6.59223,6.67837,6.76353,6.84741,6.92971,7.01009,7.08821,7.16369,7.23614,7.30513,7.37024,7.43101,7.48698,7.53764,7.58252,7.62109,7.65284,7.67726,7.69383,7.70203,7.70136,7.69133,7.67146,7.64131,7.60045,7.54849,7.48508,7.40989,7.32266,7.22317,7.11122,6.98670,6.84953,6.69968,6.53720,6.36216,6.17469,5.97497,5.76324,5.53976,5.30485,5.05885,4.80216,4.53518,4.25836,3.97217,3.67709,3.37364,3.06233,2.74371,2.41833,2.08674,1.74954,1.40729,1.06060,0.71008,0.35633
3.14380,3.14378,3.14374,3.14367,3.14356,3.14343,3.14327,3.14309,3.14287,3.14263,3.14237,3.14207,3.14176,3.14142,3.14105,3.14067,3.14026,3.13984,3.13939,3.13893,3.13846,3.13797,3.13747,3.13696,3.13644,3.13592,3.13539,3.13485,3.13432,3.13379,3.13326,3.13274,3.13223,3.13172,3.13124,3.13077,3.13032,3.12989,3.12948,3.12911,3.12876,3.12845,3.12818,3.12795,3.12776,3.12762,3.12754,3.12750,3.12753,3.12762,3.12777,3.12800,3.12830,3.12868,3.12914,3.12968,3.13032,3.13105,3.13188,3.13281,3.13385,3.13500,3.13627,3.13766,3.13917,3.14081,3.14259,3.14450,3.14656,3.14876,3.15112,3.15364,3.15631,3.15915,3.16216,3.16535,3.16871,3.17226,3.17599,3.17992,3.18405,3.18837,3.19290,3.19764,3.20260,3.20777,3.21316,3.21878,3.22463,3.23071,3.23703,3.24359,3.25039,3.25744,3.26474,3.27230,3.28011,3.28819,3.29652,3.30513,3.31400,3.32314,3.33256,3.34225,3.35222,3.36247,3.37300,3.38381,3.39491,3.40629,3.41796,3.42991,3.44215,3.45467,3.46748,3.48058,3.49396,3.50763,3.52158,3.53582,3.55033,3.56512,3.58018,3.59552,3.61113,3.62700,3.64313,3.65952,3.67615,3.69304,3.71016,3.72752,3.74511,3.76291,3.78092,3.79914,3.81754,3.83613,3.85489,3.87381,3.89288,3.91209,3.93142,3.95085,3.97038,3.98998,4.00964,4.02934,4.04906,4.06879,4.08850,4.10816,4.12777,4.14728,4.16668,4.18594,4.20504,4.22393,4.24260,4.26101,4.27912,4.29690,4.31431,4.33130,4.34784,4.36387,4.37934,4.39424,4.40712,4.41929,4.43067,4.44583,5.07162,4.57914,4.52021,4.51514,4.51754,4.52165,4.52588,4.52963,4.53257,4.53454,4.53538,4.53503,4.53339,4.53040,4.52601,4.52017,4.51283,4.50397,4.49355,4.48154,4.46795,4.45275,4.43594,4.41754,4.39757,4.37605,4.35301,4.32851,4.30261,4.27536,4.24684,4.21715,4.18637,4.15462,4.12199,4.08862,4.05463,4.02014,3.98530,3.95024,3.91510,3.88002,3.84514,3.81061,3.77655,3.74310,3.71039,3.67854,3.64766,3.61787,3.58926,3.56193,3.53597,3.51146,3.48846,3.46705,3.44726,3.42916,3.41278,3.39816,3.38532,3.37429,3.36508,3.35770,3.35215,3.34845,3.34659,3.34657,3.34837,3.35200,3.35743,3.36466,3.37367,3.38445,3.39699,3.41126,3.42726,3.44496,3.46435,3.48542,3.50815,3.53253,3.55855,3.58619,3.61545,3.64630,3.67876,3.71279,3.74841,3.78560,3.82435,3.86467,3.90655,3.94998,3.99496,4.04149,4.08958,4.13921,4.19039,4.24311,4.29737,4.35318,4.41053,4.46941,4.52982,4.59176,4.65522,4.72018,4.78663,4.85457,4.92396,4.99480,5.06704,5.14067,5.21563,5.29191,5.36943,5.44815,5.52800,5.60890,5.69079,5.77355,5.85710,5.94131,6.02605,6.11118,6.19655,6.28197,6.36727,6.45223,6.53662,6.62022,6.70274,6.78391,6.86343,6.94098,7.01620,7.08875,7.15823,7.22424,7.28637,7.34418,7.39722,7.44504,7.48715,7.52309,7.55237,7.57451,7.58903,7.59545,7.59332,7.58219,7.56164,7.53126,7.49068,7.43955,7.37758,7.30449,7.22006,7.12411,7.01650,6.89715,6.76601,6.62311,6.46848,6.30225,6.12455,5.93557,5.73555,5.52475,5.30348,5.07207,4.83088,4.58030,4.32073,4.05259,3.77632,3.49239,3.20124,2.90336,2.59921,2.28929,1.97409,1.65409,1.32981,1.00174,0.67040,0.33632
3.14340,3.14339,3.14335,3.14329,3.14320,3.14308,3.14295,3.14279,3.14260,3.14239,3.14216,3.14191,3.14164,3.14135,3.14103,3.14071,3.14036,3.14000,3.13963,3.13924,3.13884,3.13843,3.13801,3.13759,3.13717,3.13674,3.13631,3.13588,3.13545,3.13503,3.13462,3.13422,3.13383,3.13346,3.13310,3.13277,3.13246,3.13217,3.13191,3.13169,3.13150,3.13135,3.13124,3.13118,3.13116,3.13120,3.13129,3.13144,3.13165,3.13193,3.13228,3.13270,3.13320,3.13378,3.13445,3.13521,3.13606,3.13701,3.13806,3.13921,3.14048,3.14186,3.14336,3.14499,3.14674,3.14862,3.15064,3.15280,3.15511,3.15757,3.16018,3.16295,3.16588,3.16898,3.17225,3.17570,3.17933,3.18315,3.18715,3.19135,3.19574,3.20034,3.20514,3.21016,3.21538,3.22083,3.22650,3.23239,3.23851,3.24487,3.25147,3.25830,3.26538,3.27270,3.28028,3.28811,3.29619,3.30454,3.31314,3.32201,3.33115,3.34056,3.35024,3.36019,3.37042,3.38092,3.39170,3.40276,3.41410,3.42573,3.43763,3.44982,3.46229,3.47504,3.48807,3.50138,3.51498,3.52885,3.54300,3.55743,3.57213,3.58710,3.60234,3.61785,3.63362,3.64964,3.66592,3.68244,3.69921,3.71621,3.73344,3.75090,3.76857,3.78645,3.80453,3.82279,3.84124,3.85986,3.87864,3.89756,3.91662,3.93579,3.95508,3.97445,3.99390,4.01341,4.03296,4.05253,4.07210,4.09166,4.11118,4.13064,4.15001,4.16927,4.18839,4.20735,4.22612,4.24467,4.26296,4.28096,4.29864,4.31596,4.33288,4.34936,4.36535,4.38081,4.39567,4.40993,4.42212,4.43358,4.44421,4.45881,5.18451,4.58708,4.53012,4.52443,4.52598,4.52916,4.53243,4.53517,4.53708,4.53798,4.53774,4.53628,4.53351,4.52938,4.52384,4.51684,4.50835,4.49832,4.48675,4.47360,4.45888,4.44258,4.42470,4.40527,4.38430,4.36183,4.33791,4.31257,4.28590,4.25796,4.22882,4.19860,4.16737,4.13525,4.10236,4.06881,4.03474,4.00027,3.96554,3.93069,3.89585,3.86117,3.82677,3.79281,3.75940,3.72667,3.69476,3.66377,3.63381,3.60500,3.57742,3.55117,3.52632,3.50295,3.48113,3.46091,3.44234,3.42547,3.41034,3.39697,3.38538,3.37560,3.36765,3.36152,3.35722,3.35476,3.35413,3.35533,3.35834,3.36317,3.36979,3.37819,3.38837,3.40030,3.41398,3.42937,3.44648,3.46528,3.48577,3.50791,3.53171,3.55715,3.58421,3.61289,3.64317,3.67504,3.70850,3.74353,3.78013,3.81829,3.85801,3.89928,3.94209,3.98645,4.03234,4.07977,4.12874,4.17923,4.23126,4.28480,4.33987,4.39645,4.45454,4.51414,4.57523,4.63781,4.70185,4.76736,4.83431,4.90268,4.97244,5.04357,5.11604,5.18979,5.26480,5.34100,5.41834,5.49675,5.57615,5.65647,5.73761,5.81945,5.90188,5.98478,6.06800,6.15138,6.23474,6.31790,6.40065,6.48277,6.56403,6.64415,6.72286,6.79986,6.87485,6.94749,7.01741,7.08427,7.14766,7.20718,7.26243,7.31297,7.35836,7.39816,7.43192,7.45918,7.47951,7.49244,7.49755,7.49441,7.48262,7.46178,7.43155,7.39159,7.34159,7.28130,7.21048,7.12894,7.03656,6.93321,6.81885,6.69346,6.55707,6.40976,6.25165,6.08290,5.90369,5.71426,5.51486,5.30580,5.08739,4.85996,4.62387,4.37951,4.12725,3.86750,3.60066,3.32716,3.04740,2.76182,2.47083,2.17486,1.87435,1.56972,1.26141,0.94984,0.63545,0.31869
3.14298,3.14297,3.14294,3.14288,3.14281,3.14271,3.14260,3.14246,3.14230,3.14213,3.14194,3.14173,3.14150,3.14125,3.14100,3.14073,3.14044,3.14014,3.13984,3.13952,3.13920,3.13888,3.13854,3.13821,3.13788,3.13754,3.13721,3.13689,3.13657,3.13627,3.13597,3.13569,3.13543,3.13518,3.13496,3.13476,3.13459,3.13445,3.13434,3.13427,3.13424,3.13425,3.13430,3.13441,3.13456,3.13477,3.13504,3.13538,3.13578,3.13624,3.13679,3.13741,3.13811,3.13889,3.13977,3.14073,3.14180,3.14296,3.14423,3.14561,3.14710,3.14871,3.15045,3.15231,3.15429,3.15642,3.15868,3.16109,3.16364,3.16635,3.16921,3.17223,3.17542,3.17878,3.18231,3.18602,3.18991,3.19399,3.19826,3.20272,3.20738,3.21225,3.21732,3.22260,3.22810,3.23382,3.23976,3.24592,3.25232,3.25894,3.26581,3.27291,3.28026,3.28785,3.29570,3.30379,3.31214,3.32075,3.32962,3.33875,3.34815,3.35781,3.36775,3.37795,3.38843,3.39918,3.41020,3.42150,3.43308,3.44494,3.45707,3.46948,3.48217,3.49514,3.50839,3.52191,3.53570,3.54977,3.56411,3.57873,3.59360,3.60875,3.62415,3.63981,3.65572,3.67189,3.68830,3.70494,3.72182,3.73893,3.75626,3.77379,3.79154,3.80948,3.82761,3.84591,3.86438,3.88301,3.90179,3.92069,3.93972,3.95885,3.97807,3.99736,4.01671,4.03611,4.05552,4.07495,4.09435,4.11372,4.13302,4.15225,4.17136,4.19034,4.20917,4.22780,4.24622,4.26439,4.28227,4.29985,4.31707,4.33391,4.35031,4.36625,4.38167,4.39652,4.41075,4.42434,4.43582,4.44654,4.45639,4.47042,5.31575,4.59373,4.53856,4.53225,4.53293,4.53517,4.53744,4.53916,4.54003,4.53985,4.53852,4.53595,4.53205,4.52679,4.52010,4.51195,4.50231,4.49114,4.47843,4.46417,4.44836,4.43099,4.41208,4.39165,4.36973,4.34637,4.32160,4.29549,4.26811,4.23954,4.20985,4.17915,4.14754,4.11513,4.08204,4.04839,4.01430,3.97992,3.94537,3.91078,3.87631,3.84207,3.80822,3.77487,3.74215,3.71019,3.67911,3.64902,3.62001,3.59220,3.56567,3.54051,3.51679,3.49458,3.47394,3.45492,3.43757,3.42194,3.40804,3.39592,3.38558,3.37706,3.37035,3.36546,3.36240,3.36117,3.36176,3.36416,3.36837,3.37438,3.38218,3.39175,3.40307,3.41614,3.43094,3.44744,3.46565,3.48554,3.50710,3.53030,3.55515,3.58163,3.60972,3.63941,3.67070,3.70356,3.73800,3.77401,3.81157,3.85068,3.89133,3.93352,3.97725,4.02250,4.06928,4.11757,4.16738,4.21871,4.27153,4.32586,4.38168,4.43898,4.49776,4.55802,4.61972,4.68287,4.74744,4.81342,4.88078,4.94950,5.01954,5.09087,5.16345,5.23722,5.31215,5.38816,5.46518,5.54315,5.62196,5.70154,5.78177,5.86252,5.94368,6.02509,6.10660,6.18803,6.26920,6.34991,6.42992,6.50902,6.58693,6.66340,6.73813,6.81080,6.88111,6.94870,7.01323,7.07431,7.13156,7.18459,7.23298,7.27632,7.31418,7.34615,7.37180,7.39071,7.40245,7.40664,7.40287,7.39078,7.37002,7.34026,7.30120,7.25258,7.19416,7.12575,7.04720,6.95839,6.85924,6.74971,6.62982,6.49962,6.35919,6.20865,6.04817,5.87794,5.69818,5.50916,5.31115,5.10445,4.88937,4.66625,4.43545,4.19731,3.95221,3.70052,3.44260,3.17884,2.90963,2.63532,2.35631,2.07298,1.78569,1.49482,1.20075,0.90386,0.60452,0.30310
3.14217,3.14216,3.14213,3.14209,3.14203,3.14195,3.14186,3.14175,3.14162,3.14148,3.14133,3.14116,3.14098,3.14078,3.14058,3.14036,3.14014,3.13991,3.13968,3.13944,3.13919,3.13895,3.13870,3.13846,3.13822,3.13798,3.13776,3.13754,3.13733,3.13714,3.13696,3.13680,3.13666,3.13655,3.13646,3.13640,3.13637,3.13638,3.13642,3.13650,3.13663,3.13680,3.13702,3.13729,3.13762,3.13801,3.13846,3.13897,3.13956,3.14022,3.14095,3.14177,3.14267,3.14366,3.14474,3.14592,3.14720,3.14858,3.15007,3.15168,3.15339,3.15523,3.15720,3.15929,3.16152,3.16388,3.16639,3.16904,3.17184,3.17479,3.17790,3.18118,3.18462,3.18824,3.19202,3.19599,3.20015,3.20448,3.20902,3.21374,3.21867,3.22380,3.22914,3.23469,3.24045,3.24644,3.25264,3.25907,3.26574,3.27263,3.27976,3.28713,3.29474,3.30260,3.31071,3.31907,3.32768,3.33655,3.34567,3.35506,3.36471,3.37462,3.38481,3.39525,3.40597,3.41696,3.42823,3.43976,3.45157,3.46365,3.47601,3.48864,3.50154,3.51471,3.52816,3.54188,3.55587,3.57012,3.58464,3.59943,3.61447,3.62977,3.64533,3.66113,3.67718,3.69347,3.71000,3.72675,3.74373,3.76092,3.77833,3.79594,3.81374,3.83172,3.84988,3.86821,3.88669,3.90531,3.92406,3.94293,3.96190,3.98096,4.00010,4.01929,4.03853,4.05778,4.07704,4.09629,4.11550,4.13465,4.15372,4.17268,4.19152,4.21019,4.22869,4.24697,4.26501,4.28277,4.30023,4.31734,4.33408,4.35040,4.36626,4.38163,4.39644,4.41066,4.42422,4.43712,4.44787,4.45781,4.46686,4.48031,5.46852,4.59867,4.54517,4.53820,4.53800,4.53927,4.54054,4.54123,4.54103,4.53977,4.53734,4.53365,4.52863,4.52222,4.51440,4.50511,4.49432,4.48203,4.46821,4.45286,4.43598,4.41758,4.39767,4.37629,4.35347,4.32926,4.30371,4.27688,4.24886,4.21971,4.18954,4.15844,4.12651,4.09388,4.06065,4.02696,3.99293,3.95869,3.92438,3.89013,3.85608,3.82235,3.78908,3.75639,3.72442,3.69327,3.66306,3.63389,3.60587,3.57909,3.55363,3.52958,3.50700,3.48596,3.46651,3.44871,3.43259,3.41818,3.40553,3.39465,3.38557,3.37829,3.37282,3.36917,3.36734,3.36733,3.36913,3.37273,3.37813,3.38532,3.39428,3.40499,3.41746,3.43165,3.44756,3.46516,3.48446,3.50542,3.52803,3.55229,3.57818,3.60568,3.63478,3.66547,3.69774,3.73159,3.76699,3.80394,3.84244,3.88248,3.92405,3.96714,4.01174,4.05786,4.10549,4.15461,4.20523,4.25734,4.31092,4.36598,4.42250,4.48048,4.53990,4.60074,4.66300,4.72665,4.79167,4.85804,4.92573,4.99471,5.06493,5.13636,5.20894,5.28262,5.35734,5.43303,5.50960,5.58698,5.66506,5.74374,5.82290,5.90240,5.98210,6.06184,6.14146,6.22077,6.29956,6.37762,6.45472,6.53060,6.60501,6.67765,6.74823,6.81643,6.88193,6.94438,7.00342,7.05867,7.10977,7.15631,7.19791,7.23417,7.26467,7.28903,7.30685,7.31774,7.32132,7.31724,7.30515,7.28474,7.25570,7.21778,7.17073,7.11434,7.04846,6.97295,6.88771,6.79269,6.68787,6.57327,6.44896,6.31503,6.17160,6.01885,5.85695,5.68613,5.50664,5.31873,5.12269,4.91883,4.70745,4.48887,4.26344,4.03147,3.79333,3.54934,3.29985,3.04520,2.78574,2.52180,2.25373,1.98185,1.70650,1.42801,1.14671,0.86293,0.57700,0.28924
3.14048,3.14048,3.14046,3.14042,3.14037,3.14032,3.14024,3.14016,3.14006,3.13996,3.13984,3.13971,3.13958,3.13944,3.13929,3.13913,3.13897,3.13881,3.13865,3.13848,3.13832,3.13815,3.13799,3.13784,3.13770,3.13756,3.13744,3.13733,3.13723,3.13715,3.13710,3.13706,3.13705,3.13707,3.13712,3.13719,3.13731,3.13746,3.13765,3.13789,3.13817,3.13851,3.13889,3.13934,3.13984,3.14040,3.14104,3.14174,3.14251,3.14336,3.14429,3.14531,3.14641,3.14761,3.14890,3.15029,3.15178,3.15338,3.15509,3.15692,3.15886,3.16093,3.16313,3.16545,3.16792,3.17052,3.17326,3.17616,3.17920,3.18241,3.18577,3.18930,3.19299,3.19686,3.20090,3.20513,3.20954,3.21414,3.21893,3.22392,3.22911,3.23450,3.24010,3.24592,3.25194,3.25819,3.26466,3.27136,3.27828,3.28544,3.29283,3.30046,3.30834,3.31645,3.32482,3.33343,3.34230,3.35142,3.36080,3.37043,3.38033,3.39049,3.40091,3.41160,3.42255,3.43378,3.44527,3.45703,3.46905,3.48135,3.49392,3.50676,3.51986,3.53323,3.54687,3.56078,3.57495,3.58937,3.60406,3.61901,3.63420,3.64965,3.66534,3.68128,3.69745,3.71385,3.73048,3.74732,3.76438,3.78165,3.79912,3.81678,3.83461,3.85262,3.87080,3.88912,3.90759,3.92618,3.94489,3.96370,3.98260,4.00157,4.02060,4.03967,4.05876,4.07785,4.09693,4.11598,4.13496,4.15387,4.17268,4.19135,4.20988,4.22822,4.24636,4.26425,4.28188,4.29921,4.31621,4.33284,4.34906,4.36483,4.38012,4.39488,4.40906,4.42261,4.43548,4.44765,4.45764,4.46678,4.47501,4.48786,5.64568,4.60127,4.54931,4.54167,4.54056,4.54086,4.54112,4.54075,4.53948,4.53713,4.53359,4.52878,4.52263,4.51510,4.50614,4.49572,4.48382,4.47042,4.45551,4.43910,4.42119,4.40179,4.38093,4.35864,4.33497,4.30997,4.28369,4.25621,4.22760,4.19795,4.16735,4.13592,4.10374,4.07095,4.03766,4.00400,3.97009,3.93607,3.90207,3.86821,3.83463,3.80147,3.76884,3.73686,3.70567,3.67537,3.64607,3.61787,3.59086,3.56513,3.54077,3.51785,3.49643,3.47657,3.45833,3.44174,3.42685,3.41369,3.40228,3.39265,3.38480,3.37876,3.37453,3.37211,3.37151,3.37271,3.37571,3.38050,3.38708,3.39543,3.40554,3.41740,3.43098,3.44629,3.46329,3.48198,3.50235,3.52436,3.54802,3.57331,3.60021,3.62872,3.65881,3.69048,3.72372,3.75852,3.79486,3.83274,3.87215,3.91308,3.95553,3.99948,4.04494,4.09189,4.14032,4.19023,4.24161,4.29445,4.34875,4.40449,4.46165,4.52024,4.58022,4.64160,4.70433,4.76840,4.83379,4.90047,4.96839,5.03752,5.10782,5.17923,5.25170,5.32516,5.39955,5.47478,5.55076,5.62741,5.70460,5.78222,5.86014,5.93822,6.01629,6.09420,6.17175,6.24875,6.32498,6.40023,6.47423,6.54674,6.61747,6.68615,6.75245,6.81607,6.87667,6.93390,6.98741,7.03684,7.08181,7.12195,7.15688,7.18621,7.20958,7.22660,7.23693,7.24020,7.23609,7.22428,7.20447,7.17639,7.13981,7.09450,7.04030,6.97705,6.90463,6.82298,6.73206,6.63185,6.52239,6.40375,6.27602,6.13934,5.99386,5.83977,5.67729,5.50664,5.32808,5.14186,4.94829,4.74763,4.54021,4.32631,4.10626,3.88036,3.64893,3.41228,3.17073,2.92459,2.67416,2.41975,2.16165,1.90018,1.63563,1.36829,1.09845,0.82642,0.55246,0.27690
3.13750,3.13750,3.13749,3.13746,3.13743,3.13739,3.13734,3.13728,3.13722,3.13715,3.13707,3.13699,3.13690,3.13681,3.13671,3.13662,3.13652,3.13643,3.13634,3.13625,3.13616,3.13608,3.13602,3.13596,3.13591,3.13587,3.13585,3.13585,3.13587,3.13591,3.13597,3.13606,3.13618,3.13633,3.13652,3.13674,3.13700,3.13730,3.13764,3.13804,3.13848,3.13898,3.13953,3.14015,3.14083,3.14157,3.14238,3.14327,3.14423,3.14528,3.14641,3.14762,3.14893,3.15033,3.15183,3.15343,3.15514,3.15696,3.15889,3.16094,3.16311,3.16541,3.16784,3.17040,3.17310,3.17594,3.17892,3.18206,3.18535,3.18880,3.19241,3.19619,3.20014,3.20426,3.20856,3.21304,3.21771,3.22256,3.22761,3.23286,3.23831,3.24396,3.24982,3.25590,3.26219,3.26870,3.27543,3.28238,3.28957,3.29698,3.30463,3.31252,3.32065,3.32902,3.33764,3.34650,3.35562,3.36498,3.37461,3.38448,3.39462,3.40502,3.41567,3.42659,3.43777,3.44922,3.46093,3.47290,3.48514,3.49765,3.51042,3.52345,3.53675,3.55031,3.56413,3.57821,3.59254,3.60713,3.62197,3.63706,3.65240,3.66798,3.68379,3.69984,3.71611,3.73261,3.74932,3.76625,3.78337,3.80070,3.81820,3.83589,3.85375,3.87176,3.88993,3.90823,3.92666,3.94520,3.96384,3.98257,4.00137,4.02023,4.03913,4.05804,4.07697,4.09587,4.11474,4.13356,4.15230,4.17093,4.18944,4.20780,4.22599,4.24397,4.26171,4.27920,4.29638,4.31325,4.32975,4.34585,4.36153,4.37672,4.39141,4.40553,4.41904,4.43190,4.44404,4.45545,4.46465,4.47297,4.48034,4.49257,5.84936,4.60099,4.55049,4.54217,4.54014,4.53945,4.53867,4.53724,4.53489,4.53144,4.52679,4.52086,4.51359,4.50493,4.49485,4.48331,4.47031,4.45583,4.43987,4.42242,4.40351,4.38316,4.36140,4.33825,4.31378,4.28804,4.26110,4.23302,4.20389,4.17380,4.14285,4.11115,4.07880,4.04593,4.01264,3.97908,3.94536,3.91162,3.87798,3.84458,3.81154,3.77899,3.74705,3.71584,3.68547,3.65606,3.62770,3.60050,3.57453,3.54989,3.52665,3.50488,3.48463,3.46597,3.44894,3.43358,3.41992,3.40800,3.39784,3.38945,3.38286,3.37806,3.37506,3.37386,3.37447,3.37687,3.38107,3.38704,3.39479,3.40430,3.41555,3.42853,3.44322,3.45962,3.47771,3.49747,3.51889,3.54194,3.56663,3.59293,3.62083,3.65032,3.68138,3.71401,3.74819,3.78391,3.82116,3.85994,3.90023,3.94203,3.98532,4.03010,4.07636,4.12410,4.17329,4.22394,4.27604,4.32956,4.38451,4.44087,4.49862,4.55774,4.61822,4.68004,4.74317,4.80758,4.87325,4.94013,5.00818,5.07736,5.14762,5.21890,5.29114,5.36425,5.43817,5.51281,5.58806,5.66381,5.73996,5.81636,5.89288,5.96937,6.04564,6.12154,6.19685,6.27137,6.34489,6.41715,6.48790,6.55689,6.62382,6.68840,6.75033,6.80927,6.86491,6.91690,6.96489,7.00853,7.04745,7.08130,7.10972,7.13235,7.14884,7.15885,7.16207,7.15817,7.14686,7.12787,7.10095,7.06589,7.02249,6.97059,6.91006,6.84081,6.76276,6.67590,6.58022,6.47577,6.36262,6.24086,6.11062,5.97206,5.82537,5.67073,5.50837,5.33853,5.16146,4.97742,4.78667,4.58952,4.38622,4.17708,3.96237,3.74239,3.51743,3.28777,3.05369,2.81548,2.57341,2.32776,2.07880,1.82680,1.57203,1.31476,1.05524,0.79374,0.53053,0.26586
3.13297,3.13297,3.13296,3.13295,3.13293,3.13291,3.13288,3.13285,3.13282,3.13278,3.13275,3.13271,3.13267,3.13263,3.13259,3.13256,3.13253,3.13250,3.13248,3.13247,3.13247,3.13248,3.13250,3.13253,3.13258,3.13265,3.13274,3.13285,3.13298,3.13314,3.13333,3.13354,3.13379,3.13408,3.13440,3.13476,3.13517,3.13562,3.13612,3.13667,3.13728,3.13794,3.13867,3.13945,3.14031,3.14123,3.14223,3.14330,3.14446,3.14570,3.14702,3.14844,3.14995,3.15156,3.15327,3.15508,3.15701,3.15904,3.16120,3.16347,3.16587,3.16840,3.17106,3.17385,3.17679,3.17987,3.18309,3.18647,3.19001,3.19370,3.19756,3.20159,3.20579,3.21016,3.21471,3.21945,3.22437,3.22948,3.23479,3.24029,3.24600,3.25191,3.25803,3.26436,3.27090,3.27767,3.28465,3.29187,3.29930,3.30697,3.31488,3.32302,3.33140,3.34002,3.34888,3.35799,3.36735,3.37695,3.38681,3.39693,3.40730,3.41792,3.42880,3.43994,3.45134,3.46300,3.47492,3.48710,3.49955,3.51225,3.52521,3.53843,3.55190,3.56564,3.57962,3.59386,3.60835,3.62309,3.63807,3.65329,3.66875,3.68444,3.70037,3.71651,3.73287,3.74945,3.76623,3.78321,3.80038,3.81774,3.83527,3.85297,3.87082,3.88882,3.90695,3.92521,3.94358,3.96205,3.98060,3.99922,4.01790,4.03661,4.05535,4.07409,4.09281,4.11150,4.13014,4.14870,4.16715,4.18549,4.20367,4.22169,4.23950,4.25708,4.27441,4.29144,4.30816,4.32452,4.34050,4.35605,4.37114,4.38573,4.39977,4.41322,4.42604,4.43817,4.44955,4.46018,4.46855,4.47602,4.48252,4.49411,6.07926,4.59749,4.54837,4.53934,4.53639,4.53469,4.53287,4.53038,4.52693,4.52239,4.51662,4.50958,4.50118,4.49141,4.48022,4.46759,4.45351,4.43797,4.42098,4.40255,4.38268,4.36142,4.33879,4.31485,4.28964,4.26322,4.23566,4.20705,4.17747,4.14702,4.11578,4.08388,4.05143,4.01854,3.98533,3.95193,3.91847,3.88507,3.85187,3.81898,3.78653,3.75465,3.72345,3.69305,3.66355,3.63507,3.60769,3.58151,3.55662,3.53308,3.51098,3.49037,3.47132,3.45386,3.43805,3.42393,3.41151,3.40084,3.39192,3.38478,3.37942,3.37586,3.37409,3.37411,3.37592,3.37952,3.38490,3.39205,3.40095,3.41159,3.42397,3.43806,3.45386,3.47134,3.49049,3.51130,3.53375,3.55783,3.58352,3.61081,3.63968,3.67013,3.70214,3.73569,3.77078,3.80740,3.84554,3.88518,3.92631,3.96894,4.01303,4.05860,4.10563,4.15410,4.20401,4.25535,4.30810,4.36225,4.41779,4.47470,4.53296,4.59255,4.65345,4.71564,4.77908,4.84374,4.90958,4.97656,5.04465,5.11377,5.18388,5.25490,5.32677,5.39941,5.47273,5.54662,5.62099,5.69571,5.77065,5.84568,5.92065,5.99538,6.06970,6.14342,6.21634,6.28823,6.35887,6.42800,6.49538,6.56072,6.62374,6.68415,6.74163,6.79586,6.84652,6.89328,6.93579,6.97372,7.00672,7.03445,7.05657,7.07276,7.08270,7.08607,7.08260,7.07200,7.05403,7.02845,6.99508,6.95372,6.90423,6.84651,6.78047,6.70605,6.62323,6.53203,6.43248,6.32467,6.20868,6.08465,5.95272,5.81306,5.66587,5.51135,5.34973,5.18124,5.00611,4.82462,4.63701,4.44355,4.24449,4.04011,3.83067,3.61644,3.39767,3.17462,2.94756,2.71674,2.48241,2.24481,2.00420,1.76083,1.51492,1.26674,1.01651,0.76448,0.51089,0.25598
3.12721,3.12721,3.12721,3.12721,3.12720,3.12720,3.12720,3.12719,3.12719,3.12719,3.12720,3.12720,3.12721,3.12723,3.12725,3.12728,3.12731,3.12735,3.12741,3.12748,3.12756,3.12765,3.12776,3.12789,3.12804,3.12821,3.12841,3.12863,3.12888,3.12916,3.12947,3.12981,3.13019,3.13062,3.13108,3.13159,3.13214,3.13274,3.13340,3.13411,3.13488,3.13571,3.13660,3.13756,3.13860,3.13970,3.14088,3.14215,3.14349,3.14493,3.14645,3.14807,3.14978,3.15160,3.15352,3.15554,3.15768,3.15994,3.16231,3.16481,3.16744,3.17019,3.17308,3.17611,3.17928,3.18260,3.18607,3.18969,3.19347,3.19740,3.20151,3.20578,3.21023,3.21485,3.21965,3.22464,3.22981,3.23518,3.24074,3.24650,3.25245,3.25862,3.26499,3.27158,3.27837,3.28539,3.29263,3.30009,3.30778,3.31570,3.32385,3.33223,3.34086,3.34972,3.35882,3.36817,3.37776,3.38760,3.39769,3.40803,3.41863,3.42947,3.44057,3.45192,3.46353,3.47540,3.48752,3.49990,3.51253,3.52541,3.53855,3.55195,3.56559,3.57948,3.59363,3.60801,3.62264,3.63751,3.65262,3.66796,3.68353,3.69932,3.71533,3.73156,3.74799,3.76463,3.78146,3.79848,3.81567,3.83304,3.85058,3.86826,3.88609,3.90405,3.92214,3.94033,3.95861,3.97698,3.99542,4.01391,4.03244,4.05099,4.06954,4.08807,4.10657,4.12502,4.14339,4.16166,4.17980,4.19781,4.21564,4.23327,4.25068,4.26784,4.28471,4.30127,4.31748,4.33332,4.34873,4.36370,4.37817,4.39212,4.40549,4.41825,4.43034,4.44171,4.45231,4.46212,4.46964,4.47624,4.48183,4.49277,6.33030,4.59108,4.54325,4.53352,4.52963,4.52691,4.52404,4.52047,4.51594,4.51029,4.50342,4.49526,4.48576,4.47488,4.46260,4.44890,4.43377,4.41721,4.39923,4.37983,4.35906,4.33693,4.31350,4.28880,4.26290,4.23587,4.20777,4.17869,4.14873,4.11797,4.08652,4.05449,4.02200,3.98916,3.95610,3.92293,3.88979,3.85680,3.82408,3.79176,3.75995,3.72879,3.69838,3.66883,3.64024,3.61272,3.58635,3.56123,3.53743,3.51502,3.49408,3.47465,3.45680,3.44056,3.42598,3.41310,3.40193,3.39250,3.38483,3.37893,3.37480,3.37247,3.37192,3.37315,3.37616,3.38095,3.38750,3.39580,3.40584,3.41762,3.43110,3.44629,3.46317,3.48171,3.50192,3.52376,3.54722,3.57230,3.59898,3.62724,3.65706,3.68844,3.72137,3.75583,3.79181,3.82929,3.86828,3.90875,3.95069,3.99411,4.03897,4.08529,4.13303,4.18220,4.23278,4.28475,4.33810,4.39282,4.44889,4.50629,4.56500,4.62498,4.68623,4.74870,4.81237,4.87719,4.94312,5.01011,5.07812,5.14707,5.21692,5.28758,5.35897,5.43100,5.50358,5.57661,5.64995,5.72350,5.79710,5.87061,5.94387,6.01670,6.08892,6.16033,6.23071,6.29983,6.36747,6.43337,6.49726,6.55886,6.61790,6.67407,6.72706,6.77658,6.82228,6.86386,6.90098,6.93332,6.96055,6.98237,6.99845,7.00849,7.01222,7.00935,6.99964,6.98284,6.95875,6.92718,6.88797,6.84099,6.78613,6.72333,6.65253,6.57373,6.48695,6.39221,6.28960,6.17921,6.06116,5.93560,5.80268,5.66259,5.51552,5.36168,5.20129,5.03457,4.86175,4.68309,4.49881,4.30916,4.11438,3.91472,3.71041,3.50171,3.28883,3.07203,2.85153,2.62757,2.40036,2.17015,1.93716,1.70161,1.46373,1.22374,0.98186,0.73832,0.49335,0.24716
3.12072,3.12072,3.12072,3.12073,3.12074,3.12076,3.12078,3.12081,3.12084,3.12088,3.12092,3.12097,3.12103,3.12110,3.12118,3.12127,3.12137,3.12148,3.12161,3.12176,3.12192,3.12210,3.12231,3.12253,3.12278,3.12306,3.12336,3.12369,3.12406,3.12446,3.12489,3.12537,3.12588,3.12644,3.12704,3.12769,3.12840,3.12915,3.12996,3.13083,3.13177,3.13276,3.13383,3.13496,3.13617,3.13746,3.13883,3.14028,3.14181,3.14344,3.14516,3.14698,3.14890,3.15092,3.15305,3.15529,3.15764,3.16012,3.16271,3.16543,3.16828,3.17127,3.17439,3.17765,3.18105,3.18460,3.18831,3.19217,3.19619,3.20037,3.20471,3.20923,3.21392,3.21879,3.22384,3.22908,3.23450,3.24011,3.24592,3.25193,3.25814,3.26455,3.27117,3.27801,3.28505,3.29232,3.29980,3.30751,3.31544,3.32360,3.33199,3.34062,3.34948,3.35858,3.36791,3.37749,3.38731,3.39738,3.40769,3.41825,3.42906,3.44011,3.45142,3.46298,3.47479,3.48685,3.49916,3.51172,3.52453,3.53759,3.55090,3.56445,3.57825,3.59230,3.60658,3.62110,3.63586,3.65085,3.66607,3.68151,3.69717,3.71305,3.72913,3.74542,3.76191,3.77859,3.79545,3.81249,3.82970,3.84706,3.86458,3.88224,3.90002,3.91792,3.93593,3.95403,3.97222,3.99046,4.00876,4.02710,4.04545,4.06381,4.08215,4.10045,4.11870,4.13688,4.15495,4.17291,4.19072,4.20837,4.22582,4.24304,4.26002,4.27672,4.29312,4.30917,4.32485,4.34012,4.35495,4.36930,4.38313,4.39640,4.40907,4.42110,4.43244,4.44302,4.45281,4.46178,4.46844,4.47413,4.47881,4.48908,6.58831,4.58233,4.53569,4.52524,4.52040,4.51666,4.51273,4.50809,4.50247,4.49572,4.48775,4.47849,4.46789,4.45594,4.44259,4.42784,4.41169,4.39413,4.37520,4.35489,4.33325,4.31031,4.28611,4.26072,4.23419,4.20660,4.17802,4.14854,4.11826,4.08727,4.05567,4.02358,3.99112,3.95840,3.92554,3.89267,3.85990,3.82737,3.79520,3.76349,3.73238,3.70198,3.67240,3.64373,3.61609,3.58956,3.56423,3.54019,3.51750,3.49624,3.47647,3.45823,3.44159,3.42658,3.41323,3.40158,3.39166,3.38347,3.37704,3.37238,3.36949,3.36837,3.36903,3.37146,3.37566,3.38162,3.38933,3.39878,3.40995,3.42284,3.43742,3.45369,3.47163,3.49123,3.51246,3.53532,3.55978,3.58584,3.61348,3.64269,3.67345,3.70574,3.73956,3.77490,3.81174,3.85006,3.88987,3.93114,3.97386,4.01803,4.06363,4.11065,4.15908,4.20890,4.26009,4.31266,4.36656,4.42180,4.47834,4.53617,4.59526,4.65558,4.71710,4.77978,4.84359,4.90849,4.97442,5.04134,5.10917,5.17786,5.24734,5.31752,5.38832,5.45964,5.53137,5.60340,5.67560,5.74784,5.81997,5.89184,5.96326,6.03407,6.10406,6.17303,6.24075,6.30701,6.37154,6.43411,6.49443,6.55224,6.60725,6.65917,6.70768,6.75250,6.79330,6.82979,6.86164,6.88855,6.91022,6.92636,6.93668,6.94091,6.93880,6.93011,6.91461,6.89211,6.86245,6.82547,6.78105,6.72910,6.66956,6.60238,6.52755,6.44511,6.35508,6.25753,6.15257,6.04031,5.92088,5.79443,5.66113,5.52116,5.37473,5.22202,5.06325,4.89864,4.72839,4.55275,4.37191,4.18612,3.99559,3.80054,3.60118,3.39774,3.19044,2.97948,2.76507,2.54743,2.32677,2.10329,1.87721,1.64873,1.41806,1.18542,0.95101,0.71505,0.47775,0.23933
3.11389,3.11390,3.11391,3.11393,3.11396,3.11399,3.11404,3.11409,3.11415,3.11423,3.11431,3.11441,3.11452,3.11464,3.11477,3.11493,3.11509,3.11528,3.11548,3.11571,3.11596,3.11623,3.11652,3.11684,3.11719,3.11757,3.11798,3.11843,3.11891,3.11943,3.11999,3.12059,3.12124,3.12193,3.12267,3.12347,3.12432,3.12522,3.12619,3.12722,3.12831,3.12948,3.13071,3.13202,3.13341,3.13487,3.13642,3.13806,3.13979,3.14161,3.14352,3.14554,3.14766,3.14989,3.15222,3.15467,3.15724,3.15993,3.16274,3.16568,3.16876,3.17196,3.17531,3.17880,3.18243,3.18622,3.19016,3.19425,3.19850,3.20292,3.20751,3.21227,3.21720,3.22231,3.22760,3.23308,3.23875,3.24460,3.25066,3.25691,3.26336,3.27002,3.27688,3.28396,3.29125,3.29875,3.30648,3.31442,3.32259,3.33099,3.33961,3.34847,3.35756,3.36689,3.37645,3.38625,3.39629,3.40657,3.41710,3.42787,3.43888,3.45014,3.46164,3.47340,3.48539,3.49764,3.51013,3.52286,3.53584,3.54906,3.56253,3.57623,3.59018,3.60436,3.61877,3.63341,3.64828,3.66338,3.67869,3.69422,3.70996,3.72590,3.74205,3.75839,3.77491,3.79162,3.80850,3.82554,3.84273,3.86008,3.87756,3.89516,3.91288,3.93071,3.94862,3.96662,3.98467,4.00278,4.02092,4.03907,4.05723,4.07537,4.09348,4.11153,4.12951,4.14739,4.16515,4.18276,4.20021,4.21747,4.23452,4.25131,4.26783,4.28405,4.29994,4.31545,4.33057,4.34526,4.35947,4.37318,4.38635,4.39892,4.41087,4.42215,4.43270,4.44248,4.45144,4.45954,4.46532,4.47010,4.47384,4.48344,6.82684,4.57167,4.52611,4.51494,4.50915,4.50439,4.49940,4.49368,4.48698,4.47914,4.47008,4.45974,4.44807,4.43505,4.42066,4.40490,4.38776,4.36926,4.34940,4.32823,4.30577,4.28207,4.25717,4.23114,4.20405,4.17596,4.14696,4.11715,4.08660,4.05544,4.02376,3.99168,3.95931,3.92676,3.89417,3.86165,3.82932,3.79730,3.76572,3.73468,3.70430,3.67470,3.64598,3.61823,3.59156,3.56604,3.54178,3.51883,3.49727,3.47716,3.45857,3.44153,3.42610,3.41231,3.40020,3.38978,3.38109,3.37414,3.36894,3.36550,3.36383,3.36392,3.36578,3.36940,3.37477,3.38189,3.39074,3.40132,3.41360,3.42758,3.44325,3.46058,3.47957,3.50019,3.52243,3.54629,3.57173,3.59875,3.62733,3.65746,3.68912,3.72231,3.75700,3.79319,3.83085,3.86999,3.91059,3.95262,3.99610,4.04098,4.08728,4.13497,4.18403,4.23446,4.28623,4.33934,4.39375,4.44944,4.50640,4.56460,4.62401,4.68459,4.74632,4.80914,4.87303,4.93792,5.00377,5.07052,5.13810,5.20643,5.27545,5.34505,5.41515,5.48565,5.55642,5.62734,5.69829,5.76912,5.83967,5.90977,5.97925,6.04793,6.11559,6.18202,6.24701,6.31031,6.37168,6.43086,6.48758,6.54157,6.59255,6.64022,6.68431,6.72450,6.76051,6.79203,6.81878,6.84047,6.85683,6.86757,6.87245,6.87123,6.86369,6.84961,6.82882,6.80115,6.76647,6.72467,6.67565,6.61937,6.55580,6.48491,6.40674,6.32132,6.22872,6.12904,6.02238,5.90886,5.78864,5.66186,5.52870,5.38933,5.24394,5.09273,4.93589,4.77362,4.60613,4.43361,4.25627,4.07431,3.88792,3.69732,3.50269,3.30423,3.10213,2.89659,2.68780,2.47595,2.26124,2.04385,1.82399,1.60185,1.37763,1.15153,0.92375,0.69450,0.46398,0.23241
3.10716,3.10717,3.10719,3.10722,3.10726,3.10732,3.10738,3.10747,3.10756,3.10767,3.10780,3.10794,3.10810,3.10827,3.10846,3.10868,3.10891,3.10917,3.10945,3.10975,3.11008,3.11044,3.11082,3.11124,3.11169,3.11217,3.11269,3.11325,3.11384,3.11448,3.11516,3.11589,3.11667,3.11750,3.11838,3.11932,3.12031,3.12137,3.12249,3.12368,3.12493,3.12626,3.12766,3.12914,3.13070,3.13235,3.13408,3.13590,3.13781,3.13982,3.14193,3.14415,3.14647,3.14889,3.15144,3.15409,3.15687,3.15977,3.16280,3.16596,3.16925,3.17268,3.17624,3.17996,3.18382,3.18783,3.19200,3.19632,3.20081,3.20546,3.21028,3.21528,3.22044,3.22579,3.23132,3.23704,3.24294,3.24904,3.25533,3.26182,3.26851,3.27540,3.28250,3.28981,3.29734,3.30508,3.31303,3.32121,3.32961,3.33823,3.34709,3.35617,3.36548,3.37502,3.38480,3.39481,3.40507,3.41556,3.42628,3.43725,3.44846,3.45992,3.47161,3.48354,3.49572,3.50814,3.52079,3.53369,3.54683,3.56020,3.57381,3.58765,3.60173,3.61603,3.63056,3.64531,3.66028,3.67546,3.69086,3.70646,3.72226,3.73826,3.75445,3.77082,3.78737,3.80408,3.82096,3.83799,3.85516,3.87246,3.88989,3.90742,3.92506,3.94279,3.96059,3.97845,3.99636,4.01430,4.03226,4.05022,4.06816,4.08607,4.10392,4.12169,4.13937,4.15693,4.17435,4.19161,4.20868,4.22553,4.24214,4.25848,4.27452,4.29023,4.30558,4.32054,4.33508,4.34915,4.36273,4.37578,4.38825,4.40011,4.41131,4.42181,4.43157,4.44052,4.44862,4.45585,4.46072,4.46457,4.46737,4.47630,7.00913,4.55957,4.51500,4.50309,4.49634,4.49056,4.48453,4.47774,4.46996,4.46105,4.45092,4.43951,4.42679,4.41274,4.39734,4.38060,4.36251,4.34309,4.32237,4.30038,4.27715,4.25274,4.22720,4.20059,4.17298,4.14446,4.11511,4.08502,4.05429,4.02302,3.99131,3.95930,3.92708,3.89477,3.86250,3.83038,3.79853,3.76708,3.73613,3.70580,3.67620,3.64743,3.61960,3.59279,3.56711,3.54263,3.51944,3.49760,3.47718,3.45823,3.44082,3.42498,3.41076,3.39819,3.38730,3.37812,3.37065,3.36493,3.36095,3.35872,3.35826,3.35954,3.36258,3.36737,3.37390,3.38216,3.39214,3.40382,3.41720,3.43226,3.44899,3.46736,3.48737,3.50901,3.53224,3.55707,3.58346,3.61142,3.64092,3.67196,3.70450,3.73855,3.77409,3.81110,3.84957,3.88949,3.93085,3.97362,4.01780,4.06338,4.11034,4.15866,4.20832,4.25932,4.31162,4.36522,4.42008,4.47619,4.53352,4.59203,4.65170,4.71249,4.77436,4.83726,4.90114,4.96596,5.03166,5.09815,5.16539,5.23328,5.30174,5.37068,5.43999,5.50957,5.57928,5.64900,5.71860,5.78791,5.85678,5.92503,5.99248,6.05893,6.12417,6.18800,6.25018,6.31047,6.36862,6.42439,6.47749,6.52767,6.57464,6.61813,6.65785,6.69352,6.72486,6.75159,6.77344,6.79014,6.80144,6.80710,6.80689,6.80059,6.78803,6.76901,6.74341,6.71108,6.67192,6.62586,6.57285,6.51284,6.44584,6.37188,6.29098,6.20321,6.10866,6.00743,5.89964,5.78541,5.66491,5.53828,5.40568,5.26729,5.12329,4.97386,4.81917,4.65942,4.49478,4.32544,4.15158,3.97338,3.79101,3.60466,3.41450,3.22070,3.02344,2.82290,2.61925,2.41266,2.20333,1.99141,1.77712,1.56062,1.34211,1.12179,0.89985,0.67649,0.45193,0.22636
3.10102,3.10103,3.10105,3.10109,3.10115,3.10122,3.10132,3.10143,3.10155,3.10170,3.10186,3.10205,3.10226,3.10248,3.10273,3.10301,3.10331,3.10363,3.10399,3.10437,3.10478,3.10522,3.10570,3.10621,3.10676,3.10734,3.10797,3.10863,3.10935,3.11010,3.11091,3.11176,3.11267,3.11363,3.11465,3.11573,3.11687,3.11807,3.11935,3.12069,3.12210,3.12359,3.12516,3.12681,3.12854,3.13036,3.13227,3.13428,3.13637,3.13857,3.14087,3.14328,3.14579,3.14842,3.15116,3.15403,3.15701,3.16012,3.16336,3.16673,3.17023,3.17388,3.17767,3.18160,3.18568,3.18992,3.19431,3.19886,3.20358,3.20846,3.21351,3.21873,3.22413,3.22971,3.23547,3.24142,3.24755,3.25388,3.26040,3.26712,3.27404,3.28117,3.28850,3.29604,3.30379,3.31176,3.31994,3.32834,3.33696,3.34581,3.35488,3.36418,3.37370,3.38346,3.39344,3.40366,3.41412,3.42480,3.43573,3.44689,3.45829,3.46992,3.48179,3.49390,3.50624,3.51882,3.53164,3.54469,3.55797,3.57148,3.58522,3.59919,3.61339,3.62780,3.64243,3.65728,3.67233,3.68760,3.70306,3.71873,3.73458,3.75062,3.76683,3.78322,3.79977,3.81648,3.83334,3.85034,3.86746,3.88471,3.90207,3.91952,3.93706,3.95467,3.97234,3.99005,4.00780,4.02556,4.04332,4.06106,4.07876,4.09641,4.11398,4.13146,4.14882,4.16604,4.18310,4.19997,4.21663,4.23305,4.24921,4.26507,4.28061,4.29579,4.31059,4.32497,4.33890,4.35234,4.36526,4.37762,4.38938,4.40050,4.41094,4.42065,4.42959,4.43770,4.44493,4.45126,4.45522,4.45813,4.45996,4.46823,7.09851,4.54664,4.50294,4.49028,4.48258,4.47578,4.46870,4.46085,4.45201,4.44204,4.43085,4.41841,4.40466,4.38961,4.37323,4.35554,4.33654,4.31626,4.29471,4.27195,4.24801,4.22294,4.19680,4.16967,4.14162,4.11272,4.08308,4.05277,4.02190,3.99059,3.95892,3.92703,3.89502,3.86300,3.83110,3.79944,3.76812,3.73727,3.70699,3.67741,3.64861,3.62070,3.59379,3.56795,3.54328,3.51985,3.49774,3.47702,3.45774,3.43996,3.42373,3.40909,3.39608,3.38472,3.37505,3.36709,3.36084,3.35633,3.35356,3.35254,3.35326,3.35573,3.35993,3.36588,3.37354,3.38293,3.39402,3.40680,3.42125,3.43737,3.45514,3.47454,3.49556,3.51819,3.54240,3.56818,3.59551,3.62439,3.65479,3.68670,3.72011,3.75501,3.79137,3.82918,3.86843,3.90911,3.95120,3.99469,4.03956,4.08579,4.13338,4.18229,4.23253,4.28405,4.33686,4.39091,4.44619,4.50266,4.56031,4.61909,4.67896,4.73990,4.80185,4.86477,4.92859,4.99327,5.05873,5.12492,5.19173,5.25910,5.32693,5.39512,5.46356,5.53213,5.60070,5.66914,5.73729,5.80500,5.87211,5.93842,6.00376,6.06792,6.13069,6.19185,6.25117,6.30841,6.36333,6.41567,6.46517,6.51156,6.55458,6.59395,6.62941,6.66068,6.68751,6.70963,6.72679,6.73874,6.74527,6.74615,6.74119,6.73021,6.71303,6.68953,6.65958,6.62309,6.57998,6.53020,6.47373,6.41056,6.34072,6.26423,6.18117,6.09161,5.99565,5.89339,5.78497,5.67051,5.55015,5.42406,5.29239,5.15529,5.01294,4.86550,4.71313,4.55599,4.39426,4.22810,4.05765,3.88309,3.70457,3.52225,3.33628,3.14681,2.95402,2.75804,2.55905,2.35721,2.15269,1.94565,1.73628,1.52476,1.31126,1.09599,0.87914,0.66091,0.44150,0.22113
3.09581,3.09582,3.09585,3.09590,3.09597,3.09606,3.09618,3.09631,3.09647,3.09666,3.09686,3.09709,3.09734,3.09762,3.09793,3.09827,3.09863,3.09903,3.09945,3.09991,3.10040,3.10093,3.10150,3.10210,3.10274,3.10343,3.10416,3.10493,3.10576,3.10663,3.10756,3.10853,3.10957,3.11066,3.11182,3.11303,3.11432,3.11567,3.11709,3.11858,3.12015,3.12180,3.12353,3.12535,3.12725,3.12924,3.13133,3.13351,3.13579,3.13817,3.14066,3.14326,3.14596,3.14878,3.15172,3.15479,3.15797,3.16128,3.16473,3.16831,3.17202,3.17588,3.17988,3.18403,3.18833,3.19278,3.19739,3.20217,3.20710,3.21220,3.21748,3.22292,3.22855,3.23435,3.24034,3.24651,3.25287,3.25943,3.26617,3.27312,3.28026,3.28761,3.29517,3.30293,3.31090,3.31909,3.32749,3.33610,3.34494,3.35400,3.36328,3.37278,3.38251,3.39247,3.40265,3.41307,3.42371,3.43459,3.44570,3.45704,3.46862,3.48042,3.49246,3.50473,3.51724,3.52997,3.54293,3.55612,3.56954,3.58318,3.59704,3.61112,3.62542,3.63994,3.65466,3.66959,3.68472,3.70005,3.71557,3.73128,3.74717,3.76323,3.77946,3.79585,3.81240,3.82909,3.84591,3.86286,3.87993,3.89710,3.91437,3.93172,3.94914,3.96662,3.98414,4.00169,4.01925,4.03681,4.05435,4.07186,4.08931,4.10668,4.12396,4.14112,4.15814,4.17500,4.19168,4.20815,4.22438,4.24036,4.25604,4.27140,4.28641,4.30105,4.31528,4.32906,4.34236,4.35515,4.36740,4.37905,4.39008,4.40045,4.41011,4.41901,4.42711,4.43436,4.44071,4.44614,4.44917,4.45113,4.45200,4.45961,7.07448,4.53327,4.49033,4.47692,4.46826,4.46045,4.45233,4.44345,4.43356,4.42255,4.41033,4.39687,4.38213,4.36611,4.34879,4.33019,4.31032,4.28921,4.26690,4.24341,4.21880,4.19313,4.16647,4.13887,4.11043,4.08122,4.05133,4.02087,3.98993,3.95863,3.92706,3.89534,3.86359,3.83191,3.80044,3.76927,3.73852,3.70831,3.67875,3.64993,3.62197,3.59495,3.56897,3.54412,3.52047,3.49810,3.47709,3.45749,3.43935,3.42274,3.40768,3.39424,3.38242,3.37227,3.36381,3.35705,3.35201,3.34870,3.34712,3.34728,3.34918,3.35281,3.35816,3.36524,3.37403,3.38452,3.39670,3.41055,3.42607,3.44323,3.46202,3.48243,3.50444,3.52804,3.55320,3.57992,3.60817,3.63794,3.66923,3.70200,3.73625,3.77196,3.80912,3.84772,3.88773,3.92914,3.97194,4.01611,4.06163,4.10850,4.15668,4.20617,4.25693,4.30896,4.36221,4.41668,4.47233,4.52913,4.58705,4.64605,4.70609,4.76712,4.82910,4.89197,4.95568,5.02015,5.08532,5.15112,5.21745,5.28423,5.35136,5.41872,5.48621,5.55370,5.62105,5.68813,5.75477,5.82081,5.88608,5.95040,6.01356,6.07538,6.13562,6.19408,6.25053,6.30471,6.35640,6.40533,6.45126,6.49392,6.53306,6.56842,6.59975,6.62678,6.64927,6.66699,6.67970,6.68719,6.68925,6.68569,6.67634,6.66105,6.63969,6.61214,6.57832,6.53815,6.49158,6.43861,6.37921,6.31341,6.24124,6.16277,6.07807,5.98722,5.89033,5.78751,5.67888,5.56459,5.44476,5.31954,5.18908,5.05352,4.91302,4.76771,4.61776,4.46330,4.30448,4.14144,3.97431,3.80324,3.62837,3.44982,3.26774,3.08227,2.89354,2.70171,2.50691,2.30930,2.10904,1.90630,1.70124,1.49404,1.28488,1.07396,0.86148,0.64763,0.43262,0.21668
3.09191,3.09193,3.09196,3.09202,3.09211,3.09222,3.09236,3.09252,3.09271,3.09293,3.09317,3.09345,3.09375,3.09408,3.09444,3.09484,3.09527,3.09573,3.09622,3.09676,3.09733,3.09794,3.09859,3.09929,3.10003,3.10081,3.10165,3.10253,3.10346,3.10445,3.10549,3.10659,3.10775,3.10897,3.11026,3.11161,3.11304,3.11453,3.11610,3.11774,3.11946,3.12127,3.12316,3.12514,3.12720,3.12937,3.13162,3.13398,3.13643,3.13900,3.14167,3.14445,3.14734,3.15035,3.15348,3.15674,3.16012,3.16363,3.16728,3.17106,3.17498,3.17904,3.18325,3.18761,3.19212,3.19679,3.20161,3.20660,3.21175,3.21707,3.22256,3.22822,3.23406,3.24008,3.24629,3.25268,3.25926,3.26603,3.27300,3.28016,3.28752,3.29508,3.30285,3.31083,3.31901,3.32741,3.33602,3.34484,3.35388,3.36314,3.37263,3.38233,3.39225,3.40240,3.41278,3.42338,3.43421,3.44527,3.45655,3.46807,3.47981,3.49178,3.50397,3.51640,3.52905,3.54192,3.55502,3.56834,3.58188,3.59564,3.60961,3.62380,3.63819,3.65279,3.66759,3.68259,3.69779,3.71317,3.72873,3.74447,3.76038,3.77646,3.79269,3.80907,3.82560,3.84225,3.85903,3.87592,3.89291,3.91000,3.92716,3.94440,3.96169,3.97901,3.99637,4.01374,4.03110,4.04845,4.06575,4.08300,4.10018,4.11726,4.13423,4.15105,4.16772,4.18421,4.20049,4.21654,4.23232,4.24783,4.26302,4.27787,4.29234,4.30641,4.32005,4.33321,4.34588,4.35800,4.36955,4.38049,4.39078,4.40037,4.40923,4.41732,4.42457,4.43096,4.43642,4.44093,4.44303,4.44403,4.44393,4.45091,6.94406,4.51994,4.47765,4.46348,4.45387,4.44506,4.43593,4.42601,4.41510,4.40307,4.38985,4.37541,4.35971,4.34275,4.32453,4.30506,4.28437,4.26248,4.23944,4.21528,4.19007,4.16385,4.13670,4.10870,4.07992,4.05046,4.02039,3.98984,3.95888,3.92764,3.89622,3.86473,3.83329,3.80200,3.77098,3.74035,3.71022,3.68068,3.65186,3.62384,3.59673,3.57062,3.54559,3.52173,3.49912,3.47782,3.45790,3.43942,3.42243,3.40697,3.39309,3.38083,3.37020,3.36125,3.35398,3.34841,3.34456,3.34243,3.34203,3.34335,3.34640,3.35118,3.35767,3.36586,3.37575,3.38733,3.40058,3.41549,3.43204,3.45022,3.47002,3.49142,3.51440,3.53894,3.56504,3.59267,3.62182,3.65248,3.68462,3.71823,3.75330,3.78982,3.82776,3.86711,3.90785,3.94997,3.99346,4.03828,4.08444,4.13191,4.18066,4.23068,4.28195,4.33444,4.38812,4.44297,4.49895,4.55604,4.61419,4.67336,4.73351,4.79459,4.85655,4.91932,4.98285,5.04707,5.11189,5.17724,5.24303,5.30915,5.37551,5.44199,5.50847,5.57481,5.64088,5.70653,5.77159,5.83591,5.89929,5.96156,6.02251,6.08195,6.13965,6.19539,6.24895,6.30008,6.34856,6.39413,6.43655,6.47556,6.51093,6.54240,6.56974,6.59270,6.61107,6.62461,6.63313,6.63643,6.63433,6.62667,6.61331,6.59411,6.56897,6.53781,6.50056,6.45718,6.40764,6.35195,6.29011,6.22217,6.14817,6.06819,5.98231,5.89062,5.79323,5.69024,5.58179,5.46801,5.34901,5.22493,5.09591,4.96208,4.82357,4.68051,4.53303,4.38125,4.22530,4.06530,3.90136,3.73361,3.56216,3.38712,3.20863,3.02679,2.84174,2.65361,2.46253,2.26866,2.07212,1.87310,1.67175,1.46825,1.26278,1.05555,0.84673,0.63656,0.42523,0.21297
3.08973,3.08975,3.08979,3.08986,3.08996,3.09009,3.09025,3.09044,3.09066,3.09091,3.09119,3.09151,3.09186,3.09224,3.09266,3.09311,3.09360,3.09413,3.09469,3.09530,3.09595,3.09664,3.09738,3.09817,3.09900,3.09988,3.10081,3.10180,3.10284,3.10394,3.10510,3.10632,3.10760,3.10895,3.11036,3.11185,3.11340,3.11504,3.11675,3.11854,3.12041,3.12237,3.12441,3.12655,3.12878,3.13110,3.13352,3.13605,3.13868,3.14141,3.14426,3.14722,3.15030,3.15349,3.15681,3.16026,3.16383,3.16754,3.17138,3.17535,3.17947,3.18374,3.18815,3.19271,3.19742,3.20229,3.20732,3.21252,3.21787,3.22340,3.22910,3.23498,3.24103,3.24726,3.25368,3.26028,3.26707,3.27405,3.28122,3.28860,3.29617,3.30394,3.31191,3.32009,3.32848,3.33708,3.34589,3.35491,3.36415,3.37361,3.38328,3.39317,3.40329,3.41362,3.42418,3.43496,3.44596,3.45719,3.46864,3.48031,3.49221,3.50433,3.51668,3.52925,3.54203,3.55504,3.56826,3.58170,3.59535,3.60922,3.62329,3.63757,3.65205,3.66672,3.68159,3.69665,3.71189,3.72732,3.74291,3.75867,3.77459,3.79067,3.80689,3.82325,3.83974,3.85635,3.87306,3.88988,3.90679,3.92377,3.94082,3.95792,3.97507,3.99223,4.00941,4.02658,4.04374,4.06085,4.07791,4.09489,4.11178,4.12855,4.14519,4.16167,4.17797,4.19406,4.20993,4.22554,4.24087,4.25589,4.27057,4.28489,4.29881,4.31230,4.32533,4.33787,4.34988,4.36132,4.37217,4.38238,4.39191,4.40072,4.40878,4.41604,4.42244,4.42795,4.43252,4.43611,4.43728,4.43732,4.43625,4.44263,6.73781,4.50719,4.46543,4.45049,4.43994,4.43014,4.42001,4.40909,4.39717,4.38415,4.36996,4.35456,4.33794,4.32008,4.30100,4.28071,4.25924,4.23662,4.21290,4.18813,4.16235,4.13565,4.10808,4.07972,4.05066,4.02100,3.99081,3.96021,3.92929,3.89816,3.86694,3.83572,3.80463,3.77377,3.74326,3.71320,3.68370,3.65487,3.62681,3.59961,3.57337,3.54818,3.52412,3.50126,3.47968,3.45945,3.44063,3.42326,3.40741,3.39310,3.38038,3.36929,3.35984,3.35206,3.34597,3.34158,3.33889,3.33793,3.33868,3.34115,3.34534,3.35123,3.35883,3.36812,3.37909,3.39174,3.40604,3.42198,3.43955,3.45874,3.47952,3.50188,3.52581,3.55129,3.57830,3.60683,3.63686,3.66837,3.70135,3.73579,3.77166,3.80895,3.84765,3.88773,3.92919,3.97200,4.01614,4.06161,4.10837,4.15641,4.20571,4.25624,4.30798,4.36090,4.41497,4.47017,4.52645,4.58378,4.64213,4.70143,4.76166,4.82274,4.88464,4.94727,5.01058,5.07448,5.13890,5.20376,5.26894,5.33436,5.39989,5.46543,5.53084,5.59598,5.66072,5.72489,5.78833,5.85087,5.91234,5.97252,6.03124,6.08828,6.14342,6.19646,6.24715,6.29527,6.34058,6.38285,6.42184,6.45731,6.48903,6.51676,6.54028,6.55937,6.57383,6.58345,6.58805,6.58746,6.58152,6.57011,6.55309,6.53037,6.50186,6.46751,6.42727,6.38112,6.32906,6.27111,6.20729,6.13765,6.06227,5.98121,5.89456,5.80242,5.70490,5.60210,5.49414,5.38114,5.26323,5.14051,5.01311,4.88114,4.74472,4.60395,4.45895,4.30983,4.15667,3.99959,3.83868,3.67404,3.50577,3.33396,3.15873,2.98017,2.79840,2.61355,2.42572,2.23508,2.04174,1.84588,1.64766,1.44725,1.24484,1.04062,0.83481,0.62762,0.41926,0.20998
3.08964,3.08966,3.08971,3.08979,3.08990,3.09005,3.09023,3.09045,3.09069,3.09098,3.09130,3.09166,3.09205,3.09248,3.09295,3.09346,3.09401,3.09460,3.09524,3.09591,3.09664,3.09741,3.09823,3.09910,3.10003,3.10100,3.10203,3.10312,3.10427,3.10547,3.10674,3.10808,3.10948,3.11095,3.11249,3.11410,3.11579,3.11756,3.11941,3.12134,3.12336,3.12547,3.12766,3.12995,3.13233,3.13482,3.13740,3.14009,3.14289,3.14580,3.14882,3.15195,3.15520,3.15858,3.16208,3.16571,3.16947,3.17336,3.17739,3.18155,3.18586,3.19032,3.19493,3.19968,3.20460,3.20967,3.21490,3.22029,3.22585,3.23158,3.23748,3.24356,3.24981,3.25625,3.26287,3.26967,3.27667,3.28385,3.29123,3.29880,3.30657,3.31454,3.32272,3.33109,3.33968,3.34847,3.35747,3.36669,3.37611,3.38575,3.39561,3.40568,3.41597,3.42648,3.43721,3.44816,3.45933,3.47072,3.48233,3.49415,3.50620,3.51847,3.53095,3.54365,3.55656,3.56969,3.58303,3.59658,3.61033,3.62429,3.63846,3.65281,3.66737,3.68211,3.69704,3.71214,3.72742,3.74288,3.75849,3.77426,3.79019,3.80625,3.82245,3.83877,3.85521,3.87176,3.88841,3.90514,3.92195,3.93882,3.95574,3.97270,3.98968,4.00667,4.02366,4.04062,4.05755,4.07442,4.09121,4.10791,4.12450,4.14095,4.15725,4.17337,4.18928,4.20497,4.22041,4.23557,4.25043,4.26495,4.27912,4.29289,4.30624,4.31914,4.33156,4.34346,4.35480,4.36555,4.37568,4.38515,4.39392,4.40194,4.40919,4.41561,4.42116,4.42579,4.42945,4.43213,4.43236,4.43144,4.42941,4.43521,6.49440,4.49545,4.45412,4.43841,4.42693,4.41616,4.40504,4.39313,4.38025,4.36626,4.35113,4.33481,4.31729,4.29857,4.27867,4.25761,4.23541,4.21211,4.18776,4.16242,4.13614,4.10899,4.08105,4.05240,4.02312,3.99330,3.96304,3.93245,3.90161,3.87065,3.83967,3.80877,3.77807,3.74768,3.71770,3.68824,3.65941,3.63130,3.60403,3.57767,3.55231,3.52805,3.50496,3.48311,3.46257,3.44341,3.42568,3.40942,3.39469,3.38153,3.36996,3.36002,3.35173,3.34511,3.34018,3.33695,3.33542,3.33559,3.33748,3.34108,3.34638,3.35338,3.36206,3.37243,3.38446,3.39815,3.41348,3.43044,3.44901,3.46918,3.49093,3.51424,3.53910,3.56549,3.59340,3.62281,3.65370,3.68605,3.71986,3.75510,3.79175,3.82981,3.86924,3.91004,3.95219,3.99567,4.04046,4.08654,4.13389,4.18248,4.23230,4.28332,4.33550,4.38883,4.44327,4.49878,4.55533,4.61288,4.67139,4.73079,4.79105,4.85211,4.91389,4.97634,5.03938,5.10293,5.16691,5.23122,5.29575,5.36041,5.42508,5.48962,5.55392,5.61782,5.68118,5.74383,5.80562,5.86636,5.92587,5.98396,6.04043,6.09506,6.14766,6.19800,6.24586,6.29100,6.33322,6.37226,6.40792,6.43996,6.46816,6.49231,6.51219,6.52761,6.53838,6.54432,6.54527,6.54109,6.53163,6.51680,6.49648,6.47060,6.43912,6.40197,6.35915,6.31065,6.25649,6.19669,6.13130,6.06038,5.98400,5.90225,5.81520,5.72296,5.62563,5.52331,5.41611,5.30414,5.18751,5.06632,4.94067,4.81066,4.67639,4.53794,4.39540,4.24887,4.09842,3.94412,3.78606,3.62432,3.45898,3.29011,3.11781,2.94217,2.76330,2.58129,2.39626,2.20835,2.01770,1.82446,1.62879,1.43088,1.23091,1.02908,0.82562,0.62075,0.41469,0.20769
3.09192,3.09193,3.09199,3.09208,3.09221,3.09237,3.09258,3.09282,3.09309,3.09341,3.09377,3.09416,3.09460,3.09508,3.09560,3.09616,3.09677,3.09743,3.09813,3.09888,3.09968,3.10053,3.10143,3.10238,3.10339,3.10446,3.10559,3.10677,3.10802,3.10933,3.11071,3.11216,3.11368,3.11526,3.11693,3.11867,3.12049,3.12238,3.12437,3.12644,3.12859,3.13084,3.13318,3.13562,3.13816,3.14080,3.14354,3.14639,3.14935,3.15242,3.15560,3.15891,3.16233,3.16588,3.16956,3.17336,3.17730,3.18137,3.18559,3.18994,3.19443,3.19908,3.20387,3.20882,3.21392,3.21918,3.22461,3.23019,3.23595,3.24187,3.24797,3.25424,3.26069,3.26733,3.27414,3.28114,3.28833,3.29571,3.30328,3.31105,3.31901,3.32717,3.33554,3.34411,3.35288,3.36186,3.37104,3.38044,3.39005,3.39986,3.40990,3.42014,3.43060,3.44128,3.45217,3.46328,3.47460,3.48614,3.49790,3.50987,3.52206,3.53446,3.54707,3.55989,3.57293,3.58617,3.59961,3.61326,3.62711,3.64116,3.65540,3.66983,3.68445,3.69924,3.71422,3.72936,3.74468,3.76015,3.77577,3.79154,3.80745,3.82350,3.83966,3.85594,3.87232,3.88880,3.90537,3.92200,3.93870,3.95544,3.97223,3.98903,4.00584,4.02265,4.03943,4.05617,4.07286,4.08947,4.10599,4.12240,4.13867,4.15479,4.17073,4.18647,4.20199,4.21727,4.23227,4.24697,4.26134,4.27536,4.28899,4.30221,4.31498,4.32728,4.33906,4.35031,4.36098,4.37103,4.38044,4.38916,4.39715,4.40438,4.41081,4.41639,4.42108,4.42483,4.42759,4.42935,4.42863,4.42677,4.42376,4.42903,6.24668,4.48513,4.44412,4.42763,4.41522,4.40350,4.39141,4.37854,4.36471,4.34979,4.33375,4.31654,4.29817,4.27863,4.25795,4.23615,4.21326,4.18933,4.16441,4.13855,4.11181,4.08428,4.05602,4.02712,3.99766,3.96775,3.93747,3.90693,3.87623,3.84547,3.81477,3.78423,3.75396,3.72406,3.69465,3.66582,3.63768,3.61033,3.58385,3.55834,3.53388,3.51056,3.48844,3.46760,3.44810,3.43000,3.41335,3.39820,3.38459,3.37255,3.36212,3.35332,3.34618,3.34071,3.33692,3.33482,3.33442,3.33573,3.33873,3.34343,3.34983,3.35791,3.36767,3.37909,3.39217,3.40688,3.42323,3.44118,3.46074,3.48187,3.50456,3.52881,3.55459,3.58188,3.61067,3.64094,3.67267,3.70586,3.74047,3.77650,3.81392,3.85272,3.89288,3.93439,3.97721,4.02134,4.06676,4.11343,4.16135,4.21048,4.26080,4.31228,4.36489,4.41860,4.47338,4.52919,4.58598,4.64372,4.70235,4.76183,4.82209,4.88308,4.94472,5.00695,5.06969,5.13285,5.19634,5.26006,5.32391,5.38777,5.45152,5.51504,5.57818,5.64080,5.70275,5.76385,5.82396,5.88287,5.94041,5.99639,6.05061,6.10286,6.15293,6.20060,6.24566,6.28790,6.32708,6.36300,6.39543,6.42417,6.44900,6.46973,6.48616,6.49812,6.50543,6.50795,6.50553,6.49804,6.48537,6.46744,6.44417,6.41550,6.38140,6.34184,6.29682,6.24636,6.19048,6.12922,6.06265,5.99081,5.91380,5.83168,5.74456,5.65252,5.55566,5.45408,5.34787,5.23713,5.12195,5.00242,4.87862,4.75063,4.61853,4.48239,4.34228,4.19826,4.05039,3.89873,3.74334,3.58428,3.42160,3.25539,3.08570,2.91263,2.73625,2.55666,2.37398,2.18834,1.99986,1.80870,1.61504,1.41904,1.22091,1.02085,0.81910,0.61589,0.41147,0.20608
3.09634,3.09636,3.09642,3.09652,3.09666,3.09684,3.09706,3.09733,3.09763,3.09798,3.09837,3.09881,3.09929,3.09981,3.10038,3.10100,3.10167,3.10238,3.10315,3.10397,3.10484,3.10576,3.10674,3.10778,3.10887,3.11003,3.11125,3.11253,3.11388,3.11529,3.11678,3.11833,3.11996,3.12167,3.12345,3.12531,3.12725,3.12928,3.13139,3.13360,3.13589,3.13828,3.14076,3.14335,3.14603,3.14882,3.15171,3.15472,3.15783,3.16106,3.16441,3.16788,3.17147,3.17519,3.17903,3.18301,3.18712,3.19137,3.19576,3.20029,3.20497,3.20979,3.21477,3.21990,3.22518,3.23063,3.23624,3.24202,3.24796,3.25407,3.26036,3.26682,3.27346,3.28028,3.28728,3.29447,3.30185,3.30941,3.31717,3.32513,3.33328,3.34162,3.35017,3.35892,3.36787,3.37703,3.38639,3.39596,3.40574,3.41573,3.42593,3.43634,3.44696,3.45780,3.46884,3.48010,3.49157,3.50326,3.51515,3.52726,3.53958,3.55210,3.56484,3.57777,3.59092,3.60426,3.61780,3.63154,3.64548,3.65960,3.67391,3.68840,3.70307,3.71792,3.73293,3.74810,3.76344,3.77892,3.79454,3.81030,3.82619,3.84220,3.85832,3.87454,3.89086,3.90725,3.92372,3.94025,3.95682,3.97343,3.99006,4.00670,4.02333,4.03994,4.05650,4.07301,4.08945,4.10579,4.12202,4.13812,4.15407,4.16984,4.18542,4.20077,4.21589,4.23073,4.24528,4.25950,4.27338,4.28687,4.29996,4.31261,4.32480,4.33648,4.34763,4.35821,4.36819,4.37754,4.38621,4.39418,4.40139,4.40782,4.41343,4.41816,4.42199,4.42486,4.42671,4.42755,4.42590,4.42308,4.41911,4.42388,6.01519,4.47598,4.43520,4.41793,4.40462,4.39195,4.37892,4.36512,4.35036,4.33454,4.31762,4.29956,4.28037,4.26006,4.23864,4.21615,4.19262,4.16811,4.14265,4.11632,4.08919,4.06131,4.03279,4.00369,3.97411,3.94415,3.91389,3.88345,3.85293,3.82242,3.79204,3.76189,3.73208,3.70272,3.67390,3.64573,3.61830,3.59171,3.56605,3.54140,3.51785,3.49547,3.47433,3.45450,3.43604,3.41900,3.40343,3.38937,3.37687,3.36595,3.35664,3.34897,3.34296,3.33861,3.33595,3.33497,3.33569,3.33810,3.34220,3.34799,3.35547,3.36461,3.37542,3.38788,3.40198,3.41771,3.43505,3.45398,3.47450,3.49658,3.52021,3.54537,3.57205,3.60022,3.62988,3.66099,3.69356,3.72755,3.76296,3.79976,3.83793,3.87747,3.91834,3.96052,4.00401,4.04878,4.09480,4.14205,4.19051,4.24016,4.29095,4.34288,4.39589,4.44996,4.50505,4.56113,4.61813,4.67603,4.73476,4.79427,4.85450,4.91539,4.97685,5.03883,5.10122,5.16395,5.22691,5.29001,5.35313,5.41615,5.47895,5.54140,5.60335,5.66466,5.72516,5.78470,5.84309,5.90017,5.95574,6.00960,6.06158,6.11145,6.15902,6.20407,6.24639,6.28578,6.32202,6.35491,6.38423,6.40980,6.43142,6.44891,6.46209,6.47081,6.47490,6.47425,6.46873,6.45823,6.44266,6.42196,6.39608,6.36497,6.32861,6.28700,6.24016,6.18810,6.13087,6.06852,6.00110,5.92870,5.85138,5.76923,5.68232,5.59076,5.49463,5.39401,5.28899,5.17965,5.06606,4.94830,4.82644,4.70052,4.57062,4.43678,4.29904,4.15746,4.01206,3.86289,3.70998,3.55339,3.39314,3.22930,3.06192,2.89107,2.71682,2.53927,2.35851,2.17468,1.98790,1.79832,1.60612,1.41149,1.21463,1.01576,0.81512,0.61296,0.40953,0.20512
3.10254,3.10256,3.10263,3.10274,3.10289,3.10309,3.10333,3.10362,3.10395,3.10433,3.10476,3.10523,3.10575,3.10632,3.10694,3.10761,3.10834,3.10911,3.10994,3.11082,3.11177,3.11276,3.11382,3.11494,3.11612,3.11736,3.11867,3.12004,3.12149,3.12300,3.12459,3.12625,3.12799,3.12981,3.13170,3.13368,3.13575,3.13790,3.14014,3.14247,3.14490,3.14742,3.15005,3.15277,3.15560,3.15853,3.16157,3.16473,3.16800,3.17138,3.17489,3.17851,3.18227,3.18615,3.19016,3.19430,3.19858,3.20300,3.20756,3.21226,3.21711,3.22211,3.22727,3.23257,3.23804,3.24367,3.24946,3.25541,3.26154,3.26783,3.27430,3.28094,3.28776,3.29477,3.30195,3.30932,3.31688,3.32463,3.33257,3.34070,3.34903,3.35755,3.36627,3.37519,3.38432,3.39365,3.40318,3.41292,3.42286,3.43301,3.44337,3.45393,3.46471,3.47569,3.48689,3.49829,3.50990,3.52172,3.53375,3.54598,3.55842,3.57106,3.58390,3.59695,3.61019,3.62363,3.63726,3.65108,3.66509,3.67928,3.69365,3.70819,3.72291,3.73779,3.75282,3.76802,3.78336,3.79884,3.81445,3.83019,3.84604,3.86201,3.87807,3.89423,3.91046,3.92676,3.94312,3.95953,3.97597,3.99243,4.00890,4.02535,4.04179,4.05818,4.07452,4.09078,4.10695,4.12301,4.13894,4.15472,4.17033,4.18574,4.20094,4.21589,4.23058,4.24498,4.25906,4.27280,4.28617,4.29913,4.31166,4.32374,4.33532,4.34637,4.35687,4.36678,4.37607,4.38469,4.39263,4.39983,4.40626,4.41188,4.41666,4.42054,4.42350,4.42548,4.42644,4.42636,4.42377,4.41999,4.41507,4.41939,5.80923,4.46762,4.42698,4.40893,4.39473,4.38114,4.36719,4.35248,4.33683,4.32014,4.30237,4.28351,4.26354,4.24249,4.22038,4.19724,4.17312,4.14806,4.12213,4.09538,4.06789,4.03973,4.01098,3.98174,3.95209,3.92212,3.89194,3.86165,3.83134,3.80112,3.77111,3.74139,3.71208,3.68327,3.65507,3.62758,3.60089,3.57508,3.55025,3.52648,3.50385,3.48242,3.46226,3.44344,3.42601,3.41003,3.39553,3.38256,3.37115,3.36134,3.35315,3.34659,3.34169,3.33846,3.33690,3.33703,3.33885,3.34235,3.34753,3.35439,3.36292,3.37311,3.38495,3.39844,3.41354,3.43026,3.44858,3.46847,3.48994,3.51295,3.53750,3.56356,3.59112,3.62016,3.65066,3.68261,3.71599,3.75078,3.78696,3.82452,3.86343,3.90367,3.94523,3.98808,4.03221,4.07759,4.12420,4.17201,4.22099,4.27113,4.32238,4.37472,4.42811,4.48251,4.53789,4.59419,4.65138,4.70940,4.76820,4.82771,4.88787,4.94862,5.00986,5.07154,5.13355,5.19580,5.25820,5.32063,5.38297,5.44512,5.50693,5.56827,5.62900,5.68896,5.74799,5.80593,5.86260,5.91782,5.97140,6.02317,6.07291,6.12043,6.16553,6.20801,6.24766,6.28428,6.31767,6.34763,6.37398,6.39653,6.41510,6.42953,6.43967,6.44536,6.44648,6.44292,6.43457,6.42135,6.40320,6.38005,6.35188,6.31866,6.28040,6.23709,6.18877,6.13547,6.07724,6.01414,5.94622,5.87357,5.79626,5.71436,5.62795,5.53713,5.44195,5.34251,5.23886,5.13108,5.01922,4.90334,4.78348,4.65969,4.53200,4.40044,4.26504,4.12581,3.98278,3.83597,3.68539,3.53106,3.37302,3.21131,3.04595,2.87701,2.70455,2.52866,2.34944,2.16699,1.98146,1.79300,1.60178,1.40800,1.21188,1.01364,0.81353,0.61183,0.40881,0.20477
3.11023,3.11025,3.11032,3.11044,3.11061,3.11082,3.11108,3.11140,3.11176,3.11216,3.11262,3.11314,3.11370,3.11431,3.11498,3.11570,3.11648,3.11731,3.11820,3.11915,3.12016,3.12123,3.12236,3.12355,3.12482,3.12614,3.12754,3.12901,3.13055,3.13216,3.13385,3.13561,3.13746,3.13938,3.14139,3.14349,3.14567,3.14794,3.15031,3.15277,3.15532,3.15798,3.16073,3.16359,3.16656,3.16963,3.17282,3.17612,3.17954,3.18308,3.18673,3.19052,3.19442,3.19846,3.20263,3.20694,3.21138,3.21596,3.22069,3.22556,3.23058,3.23575,3.24108,3.24656,3.25220,3.25800,3.26396,3.27009,3.27639,3.28286,3.28950,3.29632,3.30332,3.31050,3.31786,3.32541,3.33314,3.34106,3.34917,3.35748,3.36597,3.37467,3.38356,3.39265,3.40194,3.41143,3.42112,3.43102,3.44111,3.45142,3.46193,3.47264,3.48356,3.49469,3.50602,3.51756,3.52930,3.54125,3.55339,3.56574,3.57829,3.59104,3.60399,3.61713,3.63046,3.64398,3.65769,3.67159,3.68566,3.69991,3.71432,3.72891,3.74366,3.75856,3.77362,3.78881,3.80415,3.81962,3.83521,3.85091,3.86672,3.88263,3.89863,3.91470,3.93084,3.94704,3.96328,3.97955,3.99584,4.01214,4.02843,4.04469,4.06092,4.07708,4.09318,4.10918,4.12507,4.14084,4.15645,4.17190,4.18715,4.20219,4.21699,4.23153,4.24578,4.25972,4.27333,4.28656,4.29940,4.31182,4.32378,4.33526,4.34623,4.35665,4.36649,4.37571,4.38429,4.39219,4.39937,4.40580,4.41144,4.41625,4.42019,4.42323,4.42531,4.42641,4.42646,4.42547,4.42194,4.41722,4.41135,4.41526,5.63089,4.45972,4.41916,4.40034,4.38526,4.37077,4.35593,4.34033,4.32382,4.30629,4.28772,4.26807,4.24737,4.22562,4.20286,4.17912,4.15445,4.12891,4.10254,4.07542,4.04763,4.01923,3.99032,3.96098,3.93130,3.90138,3.87132,3.84121,3.81116,3.78128,3.75166,3.72240,3.69362,3.66540,3.63785,3.61106,3.58512,3.56012,3.53614,3.51325,3.49154,3.47107,3.45190,3.43409,3.41770,3.40276,3.38933,3.37744,3.36712,3.35841,3.35131,3.34586,3.34206,3.33992,3.33946,3.34068,3.34358,3.34815,3.35440,3.36231,3.37188,3.38310,3.39596,3.41044,3.42654,3.44423,3.46351,3.48435,3.50675,3.53067,3.55612,3.58306,3.61149,3.64138,3.67271,3.70548,3.73965,3.77522,3.81216,3.85045,3.89008,3.93101,3.97324,4.01674,4.06149,4.10746,4.15463,4.20298,4.25246,4.30306,4.35474,4.40746,4.46120,4.51590,4.57153,4.62804,4.68538,4.74348,4.80231,4.86178,4.92184,4.98240,5.04339,5.10472,5.16631,5.22804,5.28983,5.35155,5.41308,5.47431,5.53509,5.59529,5.65476,5.71334,5.77088,5.82720,5.88213,5.93549,5.98709,6.03676,6.08429,6.12949,6.17217,6.21213,6.24918,6.28312,6.31376,6.34093,6.36444,6.38412,6.39982,6.41139,6.41868,6.42158,6.41997,6.41376,6.40287,6.38722,6.36678,6.34150,6.31137,6.27638,6.23654,6.19187,6.14242,6.08821,6.02931,5.96578,5.89768,5.82508,5.74806,5.66668,5.58103,5.49118,5.39718,5.29910,5.19699,5.09092,4.98091,4.86700,4.74922,4.62760,4.50214,4.37285,4.23974,4.10281,3.96205,3.81747,3.66907,3.51684,3.36080,3.20097,3.03738,2.87007,2.69909,2.52452,2.34645,2.16500,1.98030,1.79251,1.60180,1.40838,1.21248,1.01434,0.81423,0.61244,0.40926,0.20500
3.11914,3.11916,3.11924,3.11937,3.11955,3.11978,3.12006,3.12039,3.12078,3.12122,3.12171,3.12226,3.12286,3.12352,3.12423,3.12500,3.12583,3.12672,3.12767,3.12868,3.12976,3.13090,3.13210,3.13338,3.13472,3.13613,3.13761,3.13917,3.14080,3.14251,3.14429,3.14616,3.14811,3.15014,3.15226,3.15447,3.15677,3.15916,3.16164,3.16423,3.16691,3.16969,3.17258,3.17558,3.17868,3.18189,3.18522,3.18866,3.19222,3.19591,3.19971,3.20365,3.20771,3.21190,3.21623,3.22069,3.22529,3.23004,3.23493,3.23996,3.24514,3.25048,3.25597,3.26162,3.26743,3.27339,3.27953,3.28583,3.29230,3.29894,3.30575,3.31274,3.31991,3.32726,3.33479,3.34250,3.35040,3.35849,3.36677,3.37524,3.38390,3.39276,3.40181,3.41106,3.42051,3.43015,3.44000,3.45005,3.46030,3.47075,3.48140,3.49226,3.50331,3.51457,3.52603,3.53770,3.54956,3.56162,3.57388,3.58634,3.59900,3.61184,3.62488,3.63811,3.65152,3.66512,3.67890,3.69285,3.70698,3.72127,3.73573,3.75034,3.76511,3.78003,3.79509,3.81028,3.82560,3.84105,3.85660,3.87226,3.88801,3.90385,3.91977,3.93575,3.95178,3.96786,3.98397,4.00009,4.01622,4.03234,4.04844,4.06449,4.08049,4.09642,4.11225,4.12798,4.14358,4.15903,4.17431,4.18941,4.20429,4.21894,4.23333,4.24744,4.26124,4.27471,4.28781,4.30053,4.31283,4.32469,4.33607,4.34694,4.35728,4.36704,4.37621,4.38474,4.39260,4.39976,4.40618,4.41182,4.41666,4.42064,4.42375,4.42593,4.42714,4.42734,4.42650,4.42458,4.42013,4.41446,4.40765,4.41120,5.47838,4.45196,4.41144,4.39186,4.37591,4.36055,4.34483,4.32838,4.31103,4.29270,4.27335,4.25297,4.23156,4.20916,4.18579,4.16150,4.13633,4.11033,4.08358,4.05615,4.02810,3.99951,3.97048,3.94109,3.91143,3.88160,3.85170,3.82183,3.79208,3.76256,3.73338,3.70462,3.67640,3.64880,3.62192,3.59586,3.57069,3.54651,3.52339,3.50140,3.48062,3.46112,3.44294,3.42614,3.41078,3.39690,3.38453,3.37372,3.36449,3.35686,3.35085,3.34649,3.34378,3.34273,3.34336,3.34565,3.34961,3.35525,3.36254,3.37149,3.38209,3.39433,3.40819,3.42366,3.44073,3.45939,3.47961,3.50138,3.52469,3.54952,3.57585,3.60366,3.63294,3.66366,3.69582,3.72938,3.76433,3.80066,3.83834,3.87735,3.91768,3.95929,4.00217,4.04630,4.09164,4.13819,4.18590,4.23475,4.28471,4.33575,4.38783,4.44091,4.49496,4.54994,4.60579,4.66246,4.71991,4.77807,4.83688,4.89628,4.95619,5.01653,5.07722,5.13817,5.19928,5.26046,5.32159,5.38256,5.44324,5.50350,5.56322,5.62224,5.68042,5.73760,5.79361,5.84830,5.90148,5.95298,6.00261,6.05019,6.09554,6.13846,6.17877,6.21627,6.25079,6.28214,6.31014,6.33463,6.35544,6.37242,6.38542,6.39432,6.39898,6.39931,6.39522,6.38662,6.37345,6.35566,6.33323,6.30612,6.27434,6.23790,6.19681,6.15111,6.10083,6.04604,5.98679,5.92314,5.85515,5.78289,5.70644,5.62585,5.54120,5.45253,5.35992,5.26339,5.16300,5.05877,4.95073,4.83889,4.72327,4.60385,4.48065,4.35363,4.22279,4.08810,3.94954,3.80709,3.66073,3.51044,3.35622,3.19806,3.03599,2.87004,2.70024,2.52667,2.34941,2.16858,1.98430,1.79675,1.60610,1.41257,1.21640,1.01784,0.81720,0.61476,0.41085,0.20582
3.12895,3.12898,3.12906,3.12919,3.12938,3.12963,3.12993,3.13029,3.13070,3.13117,3.13169,3.13227,3.13292,3.13362,3.13438,3.13520,3.13608,3.13703,3.13804,3.13911,3.14025,3.14146,3.14274,3.14408,3.14550,3.14700,3.14856,3.15021,3.15193,3.15373,3.15561,3.15758,3.15963,3.16177,3.16399,3.16631,3.16873,3.17123,3.17384,3.17654,3.17935,3.18226,3.18527,3.18840,3.19163,3.19498,3.19845,3.20203,3.20573,3.20956,3.21351,3.21759,3.22180,3.22615,3.23063,3.23524,3.24000,3.24490,3.24995,3.25514,3.26048,3.26598,3.27163,3.27744,3.28341,3.28955,3.29584,3.30231,3.30894,3.31575,3.32273,3.32988,3.33721,3.34473,3.35242,3.36030,3.36836,3.37661,3.38505,3.39368,3.40250,3.41151,3.42072,3.43012,3.43972,3.44951,3.45951,3.46970,3.48009,3.49068,3.50147,3.51245,3.52364,3.53503,3.54661,3.55839,3.57037,3.58254,3.59490,3.60746,3.62021,3.63314,3.64627,3.65957,3.67305,3.68672,3.70055,3.71455,3.72872,3.74305,3.75754,3.77217,3.78695,3.80187,3.81692,3.83210,3.84739,3.86280,3.87830,3.89390,3.90958,3.92534,3.94116,3.95703,3.97294,3.98889,4.00485,4.02081,4.03676,4.05269,4.06858,4.08441,4.10017,4.11584,4.13140,4.14683,4.16212,4.17724,4.19218,4.20691,4.22140,4.23564,4.24960,4.26326,4.27660,4.28957,4.30217,4.31435,4.32609,4.33737,4.34815,4.35840,4.36810,4.37720,4.38567,4.39349,4.40062,4.40703,4.41268,4.41753,4.42155,4.42471,4.42697,4.42828,4.42862,4.42793,4.42618,4.42336,4.41797,4.41136,4.40361,4.40685,5.34827,4.44398,4.40345,4.38312,4.36633,4.35011,4.33354,4.31627,4.29811,4.27901,4.25892,4.23784,4.21578,4.19276,4.16883,4.14402,4.11840,4.09201,4.06492,4.03721,4.00895,3.98023,3.95113,3.92173,3.89214,3.86245,3.83276,3.80316,3.77375,3.74464,3.71593,3.68771,3.66007,3.63312,3.60694,3.58163,3.55725,3.53391,3.51166,3.49059,3.47075,3.45221,3.43503,3.41925,3.40493,3.39210,3.38079,3.37105,3.36289,3.35634,3.35142,3.34814,3.34651,3.34654,3.34824,3.35159,3.35662,3.36329,3.37163,3.38160,3.39322,3.40645,3.42130,3.43775,3.45578,3.47538,3.49654,3.51923,3.54344,3.56915,3.59635,3.62501,3.65513,3.68667,3.71962,3.75397,3.78969,3.82676,3.86516,3.90487,3.94587,3.98814,4.03165,4.07639,4.12231,4.16940,4.21763,4.26696,4.31737,4.36882,4.42127,4.47468,4.52902,4.58423,4.64026,4.69707,4.75459,4.81276,4.87153,4.93080,4.99052,5.05060,5.11094,5.17147,5.23207,5.29264,5.35307,5.41324,5.47303,5.53230,5.59091,5.64872,5.70558,5.76133,5.81581,5.86884,5.92027,5.96990,6.01757,6.06309,6.10629,6.14697,6.18496,6.22008,6.25216,6.28102,6.30650,6.32844,6.34670,6.36114,6.37163,6.37805,6.38030,6.37830,6.37196,6.36123,6.34606,6.32641,6.30228,6.27365,6.24053,6.20294,6.16092,6.11449,6.06372,6.00865,5.94935,5.88587,5.81828,5.74664,5.67102,5.59147,5.50804,5.42079,5.32975,5.23495,5.13643,5.03418,4.92823,4.81856,4.70517,4.58802,4.46710,4.34236,4.21377,4.08128,3.94485,3.80444,3.66001,3.51152,3.35895,3.20228,3.04151,2.87666,2.70777,2.53490,2.35812,2.17755,1.99332,1.80559,1.61457,1.42046,1.22354,1.02407,0.82236,0.61875,0.41357,0.20719
3.13940,3.13943,3.13951,3.13966,3.13986,3.14012,3.14044,3.14082,3.14125,3.14175,3.14231,3.14293,3.14361,3.14435,3.14515,3.14602,3.14696,3.14796,3.14903,3.15016,3.15137,3.15264,3.15399,3.15541,3.15691,3.15848,3.16013,3.16186,3.16367,3.16556,3.16754,3.16961,3.17176,3.17400,3.17633,3.17876,3.18128,3.18390,3.18662,3.18945,3.19237,3.19541,3.19855,3.20180,3.20517,3.20865,3.21225,3.21597,3.21981,3.22378,3.22787,3.23210,3.23645,3.24094,3.24557,3.25034,3.25525,3.26030,3.26550,3.27085,3.27635,3.28200,3.28781,3.29378,3.29991,3.30620,3.31266,3.31928,3.32607,3.33304,3.34018,3.34749,3.35498,3.36265,3.37051,3.37854,3.38676,3.39517,3.40376,3.41254,3.42151,3.43067,3.44003,3.44958,3.45932,3.46926,3.47939,3.48972,3.50024,3.51096,3.52188,3.53299,3.54430,3.55580,3.56750,3.57939,3.59147,3.60374,3.61620,3.62885,3.64168,3.65470,3.66789,3.68126,3.69481,3.70852,3.72240,3.73644,3.75065,3.76500,3.77950,3.79414,3.80892,3.82383,3.83886,3.85401,3.86926,3.88461,3.90006,3.91558,3.93118,3.94684,3.96255,3.97830,3.99407,4.00987,4.02566,4.04145,4.05721,4.07293,4.08859,4.10418,4.11968,4.13508,4.15035,4.16547,4.18043,4.19521,4.20978,4.22412,4.23821,4.25203,4.26554,4.27874,4.29158,4.30405,4.31611,4.32775,4.33892,4.34960,4.35977,4.36938,4.37841,4.38683,4.39461,4.40170,4.40809,4.41373,4.41860,4.42265,4.42585,4.42817,4.42958,4.43003,4.42948,4.42790,4.42525,4.42151,4.41519,4.40765,4.39898,4.40195,5.23680,4.43550,4.39493,4.37386,4.35624,4.33919,4.32181,4.30373,4.28481,4.26497,4.24417,4.22243,4.19975,4.17616,4.15171,4.12644,4.10040,4.07366,4.04629,4.01835,3.98994,3.96112,3.93199,3.90264,3.87317,3.84366,3.81421,3.78493,3.75590,3.72724,3.69903,3.67137,3.64436,3.61808,3.59262,3.56808,3.54452,3.52203,3.50067,3.48052,3.46164,3.44408,3.42789,3.41314,3.39985,3.38806,3.37782,3.36914,3.36206,3.35659,3.35274,3.35053,3.34998,3.35107,3.35383,3.35824,3.36430,3.37202,3.38137,3.39236,3.40498,3.41920,3.43502,3.45243,3.47141,3.49195,3.51402,3.53761,3.56271,3.58929,3.61734,3.64684,3.67778,3.71012,3.74386,3.77897,3.81544,3.85323,3.89234,3.93273,3.97439,4.01729,4.06141,4.10673,4.15320,4.20081,4.24953,4.29932,4.35015,4.40198,4.45477,4.50848,4.56306,4.61847,4.67466,4.73156,4.78911,4.84726,4.90593,4.96505,5.02453,5.08430,5.14426,5.20431,5.26435,5.32428,5.38397,5.44331,5.50216,5.56039,5.61787,5.67444,5.72995,5.78425,5.83718,5.88856,5.93823,5.98601,6.03174,6.07523,6.11631,6.15481,6.19055,6.22336,6.25309,6.27957,6.30265,6.32219,6.33806,6.35013,6.35829,6.36245,6.36251,6.35840,6.35007,6.33747,6.32057,6.29935,6.27380,6.24394,6.20979,6.17136,6.12870,6.08186,6.03089,5.97584,5.91678,5.85376,5.78684,5.71608,5.64154,5.56326,5.48128,5.39564,5.30637,5.21348,5.11698,5.01686,4.91311,4.80571,4.69462,4.57980,4.46119,4.33875,4.21240,4.08209,3.94774,3.80930,3.66669,3.51988,3.36880,3.21344,3.05378,2.88981,2.72157,2.54910,2.37249,2.19184,2.00728,1.81898,1.62716,1.43204,1.23389,1.03301,0.82973,0.62440,0.41740,0.20913
3.15013,3.15016,3.15025,3.15041,3.15062,3.15090,3.15123,3.15163,3.15209,3.15262,3.15321,3.15386,3.15458,3.15536,3.15621,3.15713,3.15811,3.15917,3.16029,3.16149,3.16276,3.16410,3.16552,3.16701,3.16858,3.17024,3.17197,3.17378,3.17568,3.17766,3.17973,3.18189,3.18414,3.18649,3.18892,3.19146,3.19409,3.19682,3.19966,3.20259,3.20564,3.20879,3.21206,3.21544,3.21893,3.22254,3.22627,3.23013,3.23411,3.23821,3.24244,3.24681,3.25130,3.25594,3.26071,3.26562,3.27068,3.27588,3.28123,3.28673,3.29238,3.29819,3.30415,3.31027,3.31655,3.32300,3.32961,3.33639,3.34334,3.35046,3.35775,3.36522,3.37286,3.38069,3.38869,3.39688,3.40525,3.41380,3.42254,3.43147,3.44059,3.44989,3.45939,3.46908,3.47895,3.48903,3.49929,3.50975,3.52040,3.53124,3.54228,3.55350,3.56492,3.57653,3.58834,3.60032,3.61250,3.62486,3.63741,3.65014,3.66304,3.67613,3.68938,3.70281,3.71640,3.73016,3.74408,3.75815,3.77237,3.78673,3.80124,3.81587,3.83064,3.84552,3.86052,3.87562,3.89082,3.90611,3.92147,3.93691,3.95241,3.96796,3.98354,3.99915,4.01478,4.03041,4.04602,4.06161,4.07716,4.09265,4.10807,4.12341,4.13863,4.15374,4.16870,4.18349,4.19811,4.21252,4.22670,4.24064,4.25431,4.26768,4.28074,4.29345,4.30579,4.31773,4.32924,4.34031,4.35089,4.36096,4.37050,4.37946,4.38781,4.39554,4.40260,4.40896,4.41459,4.41945,4.42352,4.42676,4.42914,4.43062,4.43116,4.43074,4.42932,4.42684,4.42328,4.41864,4.41140,4.40294,4.39334,4.39609,5.14027,4.42610,4.38548,4.36368,4.34526,4.32741,4.30923,4.29039,4.27073,4.25019,4.22873,4.20636,4.18311,4.15899,4.13406,4.10837,4.08197,4.05493,4.02732,3.99921,3.97068,3.94182,3.91272,3.88346,3.85414,3.82485,3.79570,3.76677,3.73817,3.70998,3.68231,3.65525,3.62888,3.60331,3.57860,3.55484,3.53212,3.51049,3.49004,3.47082,3.45290,3.43633,3.42115,3.40742,3.39516,3.38443,3.37524,3.36763,3.36161,3.35721,3.35443,3.35329,3.35379,3.35595,3.35975,3.36520,3.37230,3.38104,3.39140,3.40339,3.41699,3.43219,3.44898,3.46733,3.48724,3.50869,3.53167,3.55615,3.58211,3.60955,3.63844,3.66876,3.70050,3.73363,3.76813,3.80399,3.84118,3.87968,3.91946,3.96052,4.00281,4.04632,4.09103,4.13689,4.18389,4.23200,4.28118,4.33139,4.38260,4.43478,4.48788,4.54185,4.59664,4.65222,4.70851,4.76546,4.82301,4.88109,4.93962,4.99853,5.05774,5.11715,5.17668,5.23621,5.29565,5.35489,5.41380,5.47226,5.53014,5.58730,5.64361,5.69891,5.75306,5.80590,5.85726,5.90698,5.95490,6.00085,6.04466,6.08615,6.12517,6.16155,6.19511,6.22571,6.25319,6.27741,6.29823,6.31552,6.32916,6.33904,6.34507,6.34717,6.34526,6.33929,6.32922,6.31501,6.29665,6.27413,6.24746,6.21666,6.18176,6.14279,6.09980,6.05284,6.00196,5.94722,5.88868,5.82638,5.76040,5.69077,5.61755,5.54077,5.46046,5.37664,5.28932,5.19850,5.10418,5.00632,4.90490,4.79987,4.69116,4.57873,4.46249,4.34237,4.21828,4.09012,3.95782,3.82129,3.68043,3.53519,3.38549,3.23128,3.07254,2.90924,2.74142,2.56910,2.39236,2.21130,2.02606,1.83682,1.64378,1.44721,1.24737,1.04460,0.83925,0.63169,0.42234,0.21163
3.16087,3.16090,3.16100,3.16116,3.16138,3.16168,3.16203,3.16245,3.16294,3.16349,3.16411,3.16480,3.16555,3.16638,3.16727,3.16823,3.16927,3.17038,3.17156,3.17281,3.17415,3.17555,3.17704,3.17860,3.18025,3.18198,3.18379,3.18569,3.18767,3.18974,3.19191,3.19416,3.19651,3.19895,3.20149,3.20413,3.20687,3.20971,3.21265,3.21571,3.21887,3.22214,3.22553,3.22903,3.23265,3.23639,3.24025,3.24423,3.24834,3.25258,3.25695,3.26145,3.26608,3.27086,3.27577,3.28083,3.28603,3.29137,3.29687,3.30251,3.30831,3.31427,3.32038,3.32665,3.33308,3.33967,3.34644,3.35336,3.36046,3.36773,3.37517,3.38279,3.39058,3.39855,3.40670,3.41503,3.42355,3.43224,3.44113,3.45019,3.45945,3.46889,3.47852,3.48834,3.49835,3.50854,3.51893,3.52951,3.54028,3.55124,3.56238,3.57372,3.58524,3.59695,3.60885,3.62093,3.63319,3.64563,3.65825,3.67105,3.68402,3.69716,3.71046,3.72394,3.73757,3.75136,3.76529,3.77938,3.79361,3.80797,3.82247,3.83708,3.85182,3.86667,3.88161,3.89666,3.91179,3.92699,3.94227,3.95760,3.97298,3.98840,4.00385,4.01930,4.03476,4.05020,4.06562,4.08100,4.09632,4.11157,4.12673,4.14179,4.15672,4.17151,4.18614,4.20059,4.21484,4.22887,4.24265,4.25617,4.26939,4.28230,4.29487,4.30708,4.31890,4.33029,4.34124,4.35172,4.36170,4.37114,4.38002,4.38831,4.39598,4.40300,4.40932,4.41493,4.41980,4.42388,4.42714,4.42956,4.43110,4.43173,4.43142,4.43012,4.42781,4.42444,4.41999,4.41443,4.40629,4.39691,4.38640,4.38899,5.05554,4.41546,4.37478,4.35228,4.33309,4.31446,4.29552,4.27595,4.25558,4.23437,4.21229,4.18934,4.16555,4.14095,4.11559,4.08953,4.06281,4.03552,4.00771,3.97947,3.95088,3.92203,3.89299,3.86387,3.83476,3.80574,3.77692,3.74839,3.72024,3.69257,3.66547,3.63903,3.61335,3.58849,3.56456,3.54161,3.51974,3.49900,3.47946,3.46119,3.44424,3.42866,3.41449,3.40178,3.39057,3.38088,3.37275,3.36620,3.36124,3.35790,3.35618,3.35610,3.35766,3.36086,3.36570,3.37219,3.38030,3.39005,3.40142,3.41439,3.42897,3.44513,3.46286,3.48215,3.50297,3.52533,3.54919,3.57454,3.60136,3.62963,3.65934,3.69046,3.72298,3.75688,3.79213,3.82871,3.86660,3.90578,3.94623,3.98792,4.03082,4.07492,4.12018,4.16657,4.21407,4.26264,4.31224,4.36285,4.41441,4.46690,4.52026,4.57446,4.62943,4.68512,4.74148,4.79844,4.85594,4.91391,4.97226,5.03092,5.08980,5.14882,5.20786,5.26683,5.32563,5.38413,5.44222,5.49976,5.55663,5.61270,5.66781,5.72182,5.77459,5.82594,5.87574,5.92381,5.97000,6.01413,6.05606,6.09560,6.13261,6.16693,6.19841,6.22689,6.25224,6.27432,6.29302,6.30821,6.31979,6.32767,6.33177,6.33203,6.32838,6.32079,6.30922,6.29366,6.27411,6.25057,6.22306,6.19160,6.15625,6.11702,6.07399,6.02719,5.97668,5.92253,5.86477,5.80347,5.73868,5.67043,5.59876,5.52370,5.44526,5.36346,5.27828,5.18970,5.09771,5.00226,4.90328,4.80072,4.69451,4.58454,4.47073,4.35297,4.23115,4.10516,3.97489,3.84022,3.70106,3.55730,3.40886,3.25568,3.09769,2.93488,2.76725,2.59483,2.41769,2.23591,2.04966,1.85910,1.66445,1.46599,1.26402,1.05887,0.85094,0.64063,0.42839,0.21468
3.17143,3.17147,3.17157,3.17174,3.17197,3.17228,3.17265,3.17309,3.17360,3.17418,3.17483,3.17556,3.17635,3.17721,3.17815,3.17916,3.18024,3.18140,3.18264,3.18396,3.18535,3.18682,3.18838,3.19001,3.19173,3.19354,3.19543,3.19741,3.19947,3.20163,3.20389,3.20623,3.20868,3.21122,3.21386,3.21660,3.21944,3.22239,3.22545,3.22861,3.23189,3.23528,3.23878,3.24241,3.24615,3.25001,3.25400,3.25811,3.26235,3.26672,3.27122,3.27586,3.28063,3.28554,3.29059,3.29579,3.30113,3.30661,3.31225,3.31804,3.32398,3.33008,3.33633,3.34275,3.34933,3.35607,3.36297,3.37005,3.37729,3.38470,3.39229,3.40005,3.40798,3.41610,3.42439,3.43286,3.44151,3.45034,3.45936,3.46856,3.47795,3.48752,3.49727,3.50722,3.51735,3.52767,3.53817,3.54886,3.55974,3.57080,3.58205,3.59349,3.60510,3.61690,3.62888,3.64104,3.65338,3.66589,3.67858,3.69143,3.70446,3.71764,3.73099,3.74450,3.75815,3.77196,3.78591,3.80000,3.81422,3.82857,3.84304,3.85762,3.87232,3.88711,3.90199,3.91696,3.93201,3.94712,3.96229,3.97750,3.99275,4.00802,4.02331,4.03859,4.05386,4.06910,4.08431,4.09945,4.11453,4.12951,4.14439,4.15915,4.17377,4.18823,4.20251,4.21660,4.23046,4.24408,4.25744,4.27051,4.28328,4.29570,4.30777,4.31945,4.33072,4.34156,4.35192,4.36179,4.37114,4.37994,4.38815,4.39576,4.40272,4.40900,4.41458,4.41943,4.42351,4.42679,4.42924,4.43083,4.43153,4.43130,4.43012,4.42794,4.42474,4.42049,4.41513,4.40868,4.39962,4.38933,4.37793,4.38041,4.98002,4.40335,4.36260,4.33942,4.31949,4.30010,4.28044,4.26016,4.23913,4.21729,4.19462,4.17113,4.14685,4.12181,4.09607,4.06967,4.04269,4.01518,3.98723,3.95891,3.93031,3.90151,3.87259,3.84365,3.81478,3.78607,3.75762,3.72953,3.70187,3.67476,3.64826,3.62248,3.59750,3.57340,3.55026,3.52815,3.50714,3.48731,3.46870,3.45139,3.43542,3.42083,3.40768,3.39600,3.38583,3.37720,3.37012,3.36462,3.36073,3.35845,3.35779,3.35876,3.36137,3.36561,3.37148,3.37899,3.38812,3.39887,3.41122,3.42518,3.44071,3.45782,3.47649,3.49670,3.51843,3.54167,3.56640,3.59261,3.62027,3.64937,3.67988,3.71179,3.74508,3.77972,3.81570,3.85299,3.89156,3.93141,3.97249,4.01480,4.05829,4.10294,4.14873,4.19562,4.24359,4.29259,4.34259,4.39356,4.44544,4.49821,4.55181,4.60618,4.66129,4.71706,4.77345,4.83038,4.88779,4.94559,5.00372,5.06209,5.12060,5.17917,5.23769,5.29606,5.35416,5.41189,5.46911,5.52571,5.58154,5.63647,5.69037,5.74307,5.79444,5.84431,5.89255,5.93897,5.98344,6.02579,6.06587,6.10352,6.13859,6.17093,6.20040,6.22687,6.25020,6.27028,6.28700,6.30025,6.30995,6.31602,6.31839,6.31702,6.31186,6.30288,6.29006,6.27342,6.25294,6.22865,6.20057,6.16875,6.13322,6.09403,6.05123,6.00487,5.95502,5.90172,5.84502,5.78498,5.72162,5.65499,5.58511,5.51200,5.43565,5.35606,5.27320,5.18705,5.09755,5.00465,4.90826,4.80830,4.70468,4.59727,4.48596,4.37062,4.25112,4.12732,3.99908,3.86626,3.72875,3.58641,3.43914,3.28686,3.12949,2.96698,2.79934,2.62657,2.44874,2.26594,2.07832,1.88606,1.68940,1.48860,1.28401,1.07599,0.86494,0.65132,0.43562,0.21833
3.18155,3.18158,3.18169,3.18186,3.18211,3.18243,3.18282,3.18328,3.18382,3.18443,3.18511,3.18586,3.18669,3.18759,3.18857,3.18963,3.19076,3.19198,3.19327,3.19464,3.19609,3.19763,3.19925,3.20096,3.20275,3.20463,3.20660,3.20866,3.21081,3.21306,3.21540,3.21783,3.22037,3.22301,3.22575,3.22859,3.23154,3.23459,3.23776,3.24103,3.24442,3.24793,3.25155,3.25529,3.25915,3.26314,3.26725,3.27148,3.27585,3.28035,3.28498,3.28975,3.29465,3.29970,3.30488,3.31022,3.31569,3.32132,3.32709,3.33302,3.33910,3.34534,3.35174,3.35829,3.36501,3.37189,3.37894,3.38615,3.39353,3.40108,3.40881,3.41671,3.42478,3.43303,3.44145,3.45006,3.45884,3.46780,3.47695,3.48628,3.49579,3.50548,3.51536,3.52542,3.53566,3.54609,3.55670,3.56750,3.57848,3.58964,3.60098,3.61250,3.62421,3.63609,3.64814,3.66037,3.67277,3.68535,3.69808,3.71099,3.72405,3.73727,3.75065,3.76417,3.77784,3.79165,3.80560,3.81968,3.83388,3.84820,3.86263,3.87717,3.89180,3.90653,3.92133,3.93621,3.95116,3.96616,3.98120,3.99627,4.01137,4.02648,4.04159,4.05668,4.07175,4.08677,4.10174,4.11663,4.13144,4.14614,4.16072,4.17517,4.18945,4.20356,4.21747,4.23117,4.24462,4.25782,4.27073,4.28334,4.29562,4.30754,4.31908,4.33022,4.34093,4.35118,4.36094,4.37018,4.37888,4.38702,4.39454,4.40144,4.40768,4.41322,4.41804,4.42211,4.42540,4.42787,4.42949,4.43024,4.43009,4.42900,4.42694,4.42389,4.41980,4.41465,4.40840,4.40105,4.39110,4.37991,4.36764,4.37004,4.91148,4.38946,4.34865,4.32482,4.30416,4.28406,4.26370,4.24275,4.22109,4.19866,4.17544,4.15146,4.12672,4.10129,4.07521,4.04853,4.02133,3.99366,3.96562,3.93727,3.90869,3.87999,3.85123,3.82252,3.79394,3.76559,3.73755,3.70993,3.68280,3.65627,3.63041,3.60532,3.58107,3.55775,3.53542,3.51417,3.49405,3.47513,3.45747,3.44113,3.42614,3.41257,3.40044,3.38980,3.38067,3.37308,3.36706,3.36262,3.35979,3.35856,3.35895,3.36097,3.36462,3.36989,3.37679,3.38531,3.39544,3.40718,3.42052,3.43543,3.45192,3.46997,3.48956,3.51067,3.53330,3.55741,3.58301,3.61005,3.63854,3.66844,3.69974,3.73242,3.76645,3.80182,3.83851,3.87648,3.91572,3.95620,3.99790,4.04079,4.08484,4.13003,4.17632,4.22368,4.27208,4.32149,4.37185,4.42314,4.47531,4.52832,4.58211,4.63663,4.69183,4.74764,4.80401,4.86087,4.91813,4.97574,5.03359,5.09162,5.14972,5.20779,5.26575,5.32347,5.38084,5.43776,5.49408,5.54970,5.60446,5.65824,5.71089,5.76227,5.81224,5.86063,5.90731,5.95211,5.99489,6.03549,6.07377,6.10958,6.14278,6.17323,6.20079,6.22536,6.24680,6.26502,6.27991,6.29140,6.29940,6.30385,6.30470,6.30192,6.29547,6.28535,6.27154,6.25406,6.23292,6.20815,6.17978,6.14786,6.11244,6.07355,6.03127,5.98563,5.93670,5.88452,5.82914,5.77060,5.70893,5.64416,5.57630,5.50534,5.43129,5.35411,5.27377,5.19022,5.10338,5.01319,4.91953,4.82230,4.72138,4.61663,4.50792,4.39507,4.27794,4.15637,4.03018,3.89922,3.76333,3.62237,3.47620,3.32472,3.16783,3.00548,2.83763,2.66429,2.48551,2.30139,2.11207,1.91774,1.71864,1.51508,1.30739,1.09598,0.88129,0.66380,0.44405,0.22259
3.19129,3.19132,3.19143,3.19162,3.19188,3.19221,3.19262,3.19310,3.19366,3.19429,3.19500,3.19579,3.19666,3.19760,3.19862,3.19972,3.20091,3.20217,3.20351,3.20494,3.20646,3.20806,3.20974,3.21152,3.21338,3.21534,3.21738,3.21952,3.22175,3.22409,3.22651,3.22904,3.23167,3.23440,3.23724,3.24018,3.24323,3.24639,3.24966,3.25304,3.25654,3.26016,3.26390,3.26775,3.27173,3.27584,3.28007,3.28443,3.28892,3.29354,3.29830,3.30320,3.30823,3.31341,3.31873,3.32419,3.32980,3.33556,3.34147,3.34753,3.35375,3.36012,3.36665,3.37334,3.38020,3.38721,3.39439,3.40174,3.40926,3.41695,3.42480,3.43283,3.44104,3.44941,3.45797,3.46670,3.47561,3.48470,3.49396,3.50341,3.51304,3.52284,3.53283,3.54300,3.55335,3.56388,3.57460,3.58549,3.59656,3.60781,3.61924,3.63084,3.64261,3.65456,3.66669,3.67897,3.69143,3.70405,3.71683,3.72977,3.74286,3.75611,3.76950,3.78303,3.79670,3.81050,3.82443,3.83849,3.85265,3.86693,3.88131,3.89578,3.91035,3.92499,3.93970,3.95447,3.96930,3.98417,3.99907,4.01399,4.02892,4.04385,4.05876,4.07364,4.08848,4.10327,4.11798,4.13260,4.14712,4.16152,4.17579,4.18989,4.20382,4.21756,4.23108,4.24437,4.25740,4.27015,4.28259,4.29472,4.30649,4.31789,4.32889,4.33946,4.34958,4.35923,4.36836,4.37697,4.38501,4.39245,4.39928,4.40546,4.41095,4.41574,4.41979,4.42307,4.42555,4.42720,4.42799,4.42789,4.42688,4.42492,4.42199,4.41806,4.41309,4.40705,4.39991,4.39167,4.38083,4.36877,4.35563,4.35802,4.84858,4.37392,4.33305,4.30860,4.28725,4.26646,4.24544,4.22386,4.20161,4.17863,4.15490,4.13046,4.10532,4.07954,4.05316,4.02625,3.99887,3.97110,3.94300,3.91466,3.88617,3.85761,3.82906,3.80061,3.77237,3.74441,3.71682,3.68971,3.66315,3.63723,3.61204,3.58766,3.56417,3.54165,3.52016,3.49978,3.48056,3.46258,3.44587,3.43051,3.41652,3.40396,3.39286,3.38325,3.37517,3.36863,3.36366,3.36028,3.35850,3.35832,3.35976,3.36282,3.36749,3.37379,3.38171,3.39123,3.40236,3.41507,3.42938,3.44525,3.46268,3.48165,3.50214,3.52415,3.54765,3.57263,3.59906,3.62694,3.65623,3.68692,3.71899,3.75242,3.78718,3.82326,3.86063,3.89926,3.93914,3.98024,4.02253,4.06598,4.11057,4.15626,4.20302,4.25082,4.29963,4.34940,4.40010,4.45168,4.50410,4.55730,4.61125,4.66588,4.72113,4.77695,4.83326,4.88999,4.94708,5.00444,5.06198,5.11962,5.17727,5.23481,5.29216,5.34920,5.40581,5.46187,5.51727,5.57187,5.62555,5.67815,5.72956,5.77961,5.82817,5.87509,5.92023,5.96343,6.00456,6.04347,6.08001,6.11405,6.14546,6.17411,6.19988,6.22266,6.24235,6.25885,6.27208,6.28197,6.28846,6.29149,6.29104,6.28707,6.27957,6.26854,6.25398,6.23592,6.21437,6.18939,6.16100,6.12925,6.09419,6.05589,6.01438,5.96972,5.92197,5.87117,5.81735,5.76056,5.70082,5.63813,5.57250,5.50392,5.43237,5.35780,5.28016,5.19938,5.11537,5.02803,4.93725,4.84288,4.74479,4.64282,4.53679,4.42652,4.31183,4.19253,4.06843,3.93933,3.80506,3.66544,3.52031,3.36954,3.21302,3.05066,2.88241,2.70828,2.52830,2.34255,2.15119,1.95440,1.75245,1.54565,1.33436,1.11903,0.90012,0.67818,0.45377,0.22750
3.20074,3.20078,3.20089,3.20108,3.20135,3.20170,3.20213,3.20263,3.20321,3.20387,3.20461,3.20543,3.20633,3.20731,3.20838,3.20952,3.21075,3.21206,3.21346,3.21495,3.21652,3.21818,3.21993,3.22177,3.22371,3.22573,3.22786,3.23007,3.23239,3.23480,3.23732,3.23993,3.24265,3.24547,3.24841,3.25144,3.25459,3.25785,3.26123,3.26472,3.26833,3.27205,3.27590,3.27987,3.28396,3.28818,3.29253,3.29701,3.30162,3.30637,3.31125,3.31627,3.32143,3.32674,3.33218,3.33777,3.34351,3.34940,3.35544,3.36163,3.36798,3.37448,3.38115,3.38797,3.39495,3.40210,3.40941,3.41689,3.42453,3.43235,3.44033,3.44849,3.45682,3.46532,3.47399,3.48284,3.49187,3.50107,3.51046,3.52001,3.52975,3.53966,3.54976,3.56003,3.57048,3.58110,3.59190,3.60288,3.61404,3.62537,3.63687,3.64854,3.66038,3.67239,3.68456,3.69690,3.70940,3.72206,3.73487,3.74783,3.76094,3.77420,3.78759,3.80112,3.81477,3.82855,3.84246,3.85647,3.87059,3.88481,3.89912,3.91352,3.92799,3.94253,3.95713,3.97179,3.98648,4.00120,4.01594,4.03069,4.04544,4.06017,4.07486,4.08952,4.10412,4.11865,4.13308,4.14742,4.16164,4.17571,4.18964,4.20339,4.21695,4.23029,4.24340,4.25626,4.26884,4.28113,4.29309,4.30471,4.31596,4.32681,4.33725,4.34724,4.35676,4.36578,4.37428,4.38222,4.38958,4.39633,4.40244,4.40789,4.41263,4.41665,4.41991,4.42239,4.42406,4.42488,4.42484,4.42389,4.42202,4.41920,4.41539,4.41058,4.40472,4.39781,4.38979,4.38068,4.36897,4.35603,4.34205,4.34450,4.79028,4.35688,4.31597,4.29092,4.26892,4.24748,4.22582,4.20365,4.18085,4.15735,4.13317,4.10831,4.08281,4.05673,4.03010,4.00300,3.97549,3.94765,3.91955,3.89128,3.86291,3.83453,3.80623,3.77810,3.75022,3.72269,3.69560,3.66902,3.64306,3.61779,3.59330,3.56966,3.54695,3.52524,3.50461,3.48511,3.46681,3.44977,3.43403,3.41965,3.40667,3.39512,3.38505,3.37648,3.36944,3.36395,3.36003,3.35770,3.35696,3.35782,3.36030,3.36439,3.37009,3.37740,3.38632,3.39684,3.40894,3.42263,3.43788,3.45469,3.47305,3.49293,3.51432,3.53720,3.56156,3.58738,3.61464,3.64333,3.67341,3.70487,3.73769,3.77185,3.80732,3.84408,3.88212,3.92139,3.96189,4.00358,4.04643,4.09042,4.13551,4.18168,4.22888,4.27710,4.32628,4.37638,4.42738,4.47922,4.53185,4.58522,4.63928,4.69398,4.74925,4.80502,4.86124,4.91782,4.97468,5.03176,5.08895,5.14617,5.20332,5.26030,5.31700,5.37332,5.42914,5.48433,5.53878,5.59235,5.64492,5.69634,5.74649,5.79522,5.84239,5.88786,5.93149,5.97313,6.01265,6.04991,6.08478,6.11714,6.14685,6.17380,6.19790,6.21902,6.23710,6.25204,6.26378,6.27225,6.27741,6.27923,6.27768,6.27274,6.26442,6.25272,6.23766,6.21926,6.19757,6.17262,6.14446,6.11314,6.07871,6.04124,6.00076,5.95734,5.91101,5.86182,5.80981,5.75499,5.69739,5.63700,5.57382,5.50782,5.43896,5.36718,5.29242,5.21458,5.13356,5.04924,4.96147,4.87010,4.77497,4.67588,4.57264,4.46504,4.35287,4.23591,4.11393,3.98673,3.85407,3.71577,3.57163,3.42150,3.26523,3.10272,2.93391,2.75876,2.57731,2.38964,2.19589,1.99626,1.79102,1.58050,1.36510,1.14528,0.92157,0.69455,0.46483,0.23308
3.21003,3.21007,3.21019,3.21039,3.21067,3.21103,3.21147,3.21199,3.21260,3.21328,3.21405,3.21490,3.21584,3.21686,3.21796,3.21915,3.22042,3.22179,3.22324,3.22478,3.22641,3.22813,3.22994,3.23185,3.23385,3.23595,3.23815,3.24044,3.24283,3.24533,3.24793,3.25063,3.25343,3.25635,3.25937,3.26251,3.26575,3.26911,3.27259,3.27618,3.27989,3.28373,3.28768,3.29176,3.29597,3.30030,3.30477,3.30936,3.31409,3.31896,3.32396,3.32910,3.33438,3.33980,3.34537,3.35109,3.35695,3.36297,3.36913,3.37545,3.38192,3.38855,3.39534,3.40229,3.40940,3.41667,3.42410,3.43170,3.43947,3.44741,3.45551,3.46379,3.47223,3.48085,3.48964,3.49861,3.50774,3.51706,3.52654,3.53621,3.54604,3.55606,3.56625,3.57661,3.58715,3.59786,3.60874,3.61980,3.63103,3.64242,3.65399,3.66572,3.67762,3.68967,3.70189,3.71427,3.72680,3.73948,3.75231,3.76529,3.77840,3.79165,3.80503,3.81854,3.83218,3.84592,3.85978,3.87374,3.88780,3.90194,3.91617,3.93048,3.94485,3.95928,3.97375,3.98827,4.00281,4.01737,4.03193,4.04650,4.06104,4.07555,4.09002,4.10443,4.11877,4.13302,4.14717,4.16120,4.17509,4.18883,4.20239,4.21577,4.22893,4.24187,4.25455,4.26696,4.27908,4.29088,4.30234,4.31343,4.32414,4.33444,4.34429,4.35369,4.36259,4.37097,4.37881,4.38608,4.39275,4.39878,4.40417,4.40886,4.41285,4.41609,4.41856,4.42023,4.42107,4.42107,4.42018,4.41838,4.41565,4.41196,4.40728,4.40159,4.39487,4.38708,4.37819,4.36822,4.35565,4.34187,4.32706,4.32964,4.73579,4.33852,4.29757,4.27196,4.24933,4.22727,4.20503,4.18230,4.15898,4.13502,4.11041,4.08519,4.05938,4.03303,4.00620,3.97896,3.95137,3.92351,3.89545,3.86728,3.83908,3.81093,3.78292,3.75514,3.72767,3.70061,3.67403,3.64804,3.62270,3.59810,3.57433,3.55145,3.52954,3.50867,3.48891,3.47031,3.45294,3.43685,3.42209,3.40870,3.39672,3.38620,3.37715,3.36962,3.36362,3.35917,3.35630,3.35501,3.35531,3.35721,3.36071,3.36582,3.37254,3.38085,3.39076,3.40226,3.41533,3.42997,3.44617,3.46391,3.48317,3.50395,3.52622,3.54996,3.57517,3.60182,3.62989,3.65936,3.69021,3.72242,3.75598,3.79084,3.82701,3.86444,3.90311,3.94301,3.98410,4.02635,4.06974,4.11424,4.15981,4.20643,4.25405,4.30265,4.35217,4.40258,4.45384,4.50590,4.55871,4.61222,4.66637,4.72110,4.77635,4.83204,4.88812,4.94451,5.00112,5.05787,5.11467,5.17143,5.22806,5.28444,5.34047,5.39604,5.45104,5.50534,5.55882,5.61135,5.66280,5.71305,5.76194,5.80936,5.85516,5.89920,5.94135,5.98148,6.01945,6.05513,6.08841,6.11916,6.14728,6.17265,6.19519,6.21480,6.23140,6.24494,6.25535,6.26259,6.26662,6.26743,6.26498,6.25930,6.25038,6.23824,6.22291,6.20443,6.18283,6.15816,6.13048,6.09984,6.06629,6.02989,5.99069,5.94874,5.90407,5.85674,5.80675,5.75413,5.69889,5.64102,5.58048,5.51725,5.45128,5.38248,5.31078,5.23606,5.15819,5.07704,4.99245,4.90423,4.81218,4.71611,4.61577,4.51095,4.40139,4.28684,4.16705,4.04177,3.91075,3.77376,3.63059,3.48103,3.32491,3.16212,2.99256,2.81618,2.63300,2.44309,2.24659,2.04371,1.83472,1.61998,1.39991,1.17502,0.94587,0.71308,0.47735,0.23940
3.21936,3.21941,3.21953,3.21974,3.22003,3.22040,3.22086,3.22140,3.22203,3.22274,3.22354,3.22442,3.22539,3.22645,3.22759,3.22882,3.23014,3.23155,3.23306,3.23465,3.23634,3.23812,3.23999,3.24197,3.24403,3.24620,3.24847,3.25084,3.25331,3.25588,3.25856,3.26135,3.26424,3.26724,3.27036,3.27358,3.27693,3.28038,3.28396,3.28765,3.29146,3.29540,3.29946,3.30365,3.30796,3.31241,3.31698,3.32169,3.32653,3.33151,3.33663,3.34189,3.34729,3.35283,3.35852,3.36436,3.37034,3.37647,3.38276,3.38920,3.39579,3.40254,3.40945,3.41652,3.42375,3.43114,3.43870,3.44641,3.45430,3.46235,3.47057,3.47896,3.48752,3.49624,3.50514,3.51421,3.52345,3.53287,3.54246,3.55221,3.56215,3.57225,3.58253,3.59297,3.60359,3.61438,3.62534,3.63646,3.64775,3.65921,3.67083,3.68261,3.69455,3.70665,3.71890,3.73130,3.74385,3.75655,3.76939,3.78236,3.79547,3.80871,3.82207,3.83555,3.84914,3.86284,3.87664,3.89053,3.90451,3.91858,3.93271,3.94691,3.96116,3.97546,3.98979,4.00415,4.01853,4.03291,4.04728,4.06164,4.07596,4.09024,4.10446,4.11861,4.13267,4.14663,4.16047,4.17417,4.18772,4.20110,4.21429,4.22727,4.24002,4.25253,4.26477,4.27671,4.28835,4.29964,4.31058,4.32114,4.33129,4.34100,4.35026,4.35904,4.36731,4.37504,4.38220,4.38878,4.39474,4.40005,4.40469,4.40863,4.41184,4.41430,4.41596,4.41682,4.41684,4.41600,4.41426,4.41161,4.40802,4.40346,4.39792,4.39137,4.38378,4.37512,4.36538,4.35456,4.34115,4.32654,4.31093,4.31371,4.68459,4.31909,4.27812,4.25197,4.22875,4.20611,4.18331,4.16007,4.13628,4.11189,4.08690,4.06135,4.03527,4.00870,3.98172,3.95438,3.92676,3.89892,3.87095,3.84292,3.81493,3.78705,3.75937,3.73197,3.70495,3.67839,3.65237,3.62698,3.60229,3.57840,3.55536,3.53327,3.51218,3.49216,3.47329,3.45561,3.43918,3.42405,3.41026,3.39787,3.38690,3.37740,3.36938,3.36288,3.35792,3.35452,3.35268,3.35243,3.35376,3.35669,3.36122,3.36734,3.37506,3.38437,3.39526,3.40773,3.42176,3.43734,3.45447,3.47312,3.49328,3.51494,3.53808,3.56267,3.58871,3.61617,3.64504,3.67528,3.70689,3.73984,3.77411,3.80967,3.84650,3.88458,3.92388,3.96438,4.00604,4.04884,4.09275,4.13774,4.18377,4.23081,4.27882,4.32777,4.37761,4.42831,4.47980,4.53206,4.58502,4.63863,4.69283,4.74756,4.80275,4.85834,4.91426,4.97041,5.02673,5.08313,5.13952,5.19579,5.25186,5.30762,5.36295,5.41776,5.47191,5.52530,5.57780,5.62929,5.67963,5.72869,5.77635,5.82247,5.86693,5.90958,5.95030,5.98896,6.02544,6.05962,6.09139,6.12063,6.14725,6.17116,6.19227,6.21050,6.22579,6.23809,6.24735,6.25354,6.25663,6.25662,6.25350,6.24728,6.23798,6.22564,6.21027,6.19194,6.17068,6.14654,6.11958,6.08986,6.05743,6.02235,5.98466,5.94442,5.90165,5.85639,5.80866,5.75846,5.70580,5.65064,5.59297,5.53272,5.46983,5.40420,5.33574,5.26432,5.18979,5.11199,5.03074,4.94582,4.85702,4.76410,4.66681,4.56489,4.45804,4.34600,4.22848,4.10519,3.97584,3.84018,3.69794,3.54889,3.39285,3.22964,3.05915,2.88131,2.69612,2.50364,2.30401,2.09742,1.88418,1.66466,1.43931,1.20867,0.97336,0.73406,0.49153,0.24656
3.22880,3.22884,3.22897,3.22918,3.22948,3.22987,3.23035,3.23091,3.23156,3.23229,3.23312,3.23403,3.23503,3.23612,3.23731,3.23858,3.23994,3.24140,3.24296,3.24460,3.24634,3.24818,3.25012,3.25215,3.25429,3.25652,3.25886,3.26130,3.26385,3.26650,3.26926,3.27212,3.27510,3.27819,3.28139,3.28471,3.28814,3.29169,3.29536,3.29915,3.30307,3.30711,3.31127,3.31556,3.31998,3.32453,3.32921,3.33403,3.33898,3.34407,3.34930,3.35468,3.36019,3.36585,3.37165,3.37760,3.38370,3.38995,3.39635,3.40291,3.40962,3.41648,3.42351,3.43069,3.43803,3.44554,3.45320,3.46103,3.46903,3.47719,3.48552,3.49401,3.50268,3.51151,3.52051,3.52967,3.53901,3.54852,3.55820,3.56805,3.57806,3.58825,3.59861,3.60913,3.61982,3.63067,3.64169,3.65288,3.66423,3.67573,3.68740,3.69922,3.71119,3.72332,3.73559,3.74801,3.76057,3.77327,3.78610,3.79907,3.81216,3.82537,3.83869,3.85213,3.86567,3.87931,3.89303,3.90685,3.92074,3.93470,3.94872,3.96280,3.97692,3.99107,4.00525,4.01944,4.03363,4.04782,4.06199,4.07612,4.09021,4.10424,4.11819,4.13206,4.14583,4.15948,4.17299,4.18635,4.19954,4.21254,4.22534,4.23791,4.25023,4.26229,4.27407,4.28553,4.29666,4.30744,4.31784,4.32784,4.33741,4.34654,4.35518,4.36333,4.37095,4.37801,4.38449,4.39037,4.39561,4.40018,4.40407,4.40724,4.40967,4.41133,4.41219,4.41223,4.41142,4.40974,4.40716,4.40365,4.39921,4.39379,4.38739,4.37998,4.37153,4.36203,4.35144,4.33979,4.32556,4.31014,4.29375,4.29682,4.63615,4.29872,4.25773,4.23108,4.20730,4.18412,4.16080,4.13709,4.11286,4.08808,4.06277,4.03693,4.01062,3.98389,3.95679,3.92940,3.90178,3.87401,3.84617,3.81833,3.79058,3.76301,3.73570,3.70873,3.68219,3.65616,3.63072,3.60596,3.58195,3.55878,3.53651,3.51522,3.49496,3.47582,3.45784,3.44108,3.42560,3.41144,3.39864,3.38724,3.37729,3.36880,3.36181,3.35635,3.35242,3.35005,3.34925,3.35002,3.35238,3.35633,3.36187,3.36900,3.37771,3.38800,3.39986,3.41329,3.42826,3.44478,3.46282,3.48237,3.50342,3.52594,3.54993,3.57536,3.60222,3.63048,3.66012,3.69113,3.72348,3.75714,3.79211,3.82835,3.86583,3.90454,3.94444,3.98552,4.02773,4.07105,4.11546,4.16091,4.20737,4.25481,4.30319,4.35247,4.40260,4.45355,4.50525,4.55767,4.61075,4.66443,4.71865,4.77335,4.82846,4.88391,4.93963,4.99553,5.05153,5.10755,5.16348,5.21925,5.27473,5.32984,5.38446,5.43848,5.49179,5.54426,5.59578,5.64621,5.69545,5.74334,5.78978,5.83464,5.87778,5.91908,5.95842,5.99567,6.03074,6.06349,6.09384,6.12168,6.14692,6.16949,6.18930,6.20630,6.22043,6.23165,6.23994,6.24525,6.24760,6.24697,6.24338,6.23685,6.22740,6.21507,6.19990,6.18194,6.16125,6.13787,6.11187,6.08330,6.05223,6.01869,5.98275,5.94443,5.90378,5.86082,5.81556,5.76799,5.71811,5.66589,5.61127,5.55419,5.49458,5.43232,5.36730,5.29936,5.22835,5.15407,5.07633,4.99488,4.90949,4.81989,4.72579,4.62690,4.52291,4.41350,4.29834,4.17712,4.04950,3.91519,3.77389,3.62534,3.46929,3.30555,3.13397,2.95446,2.76699,2.57162,2.36845,2.15771,1.93970,1.71482,1.48354,1.24646,1.00424,0.75763,0.50746,0.25460
3.23843,3.23847,3.23860,3.23883,3.23914,3.23954,3.24003,3.24061,3.24128,3.24204,3.24289,3.24383,3.24487,3.24599,3.24721,3.24853,3.24994,3.25144,3.25304,3.25474,3.25653,3.25843,3.26042,3.26252,3.26472,3.26702,3.26942,3.27193,3.27455,3.27728,3.28012,3.28306,3.28612,3.28929,3.29258,3.29599,3.29951,3.30315,3.30691,3.31080,3.31481,3.31894,3.32321,3.32760,3.33212,3.33677,3.34156,3.34648,3.35154,3.35674,3.36208,3.36756,3.37318,3.37894,3.38486,3.39092,3.39713,3.40349,3.41000,3.41667,3.42349,3.43046,3.43760,3.44489,3.45234,3.45995,3.46773,3.47566,3.48376,3.49203,3.50045,3.50905,3.51781,3.52674,3.53583,3.54509,3.55452,3.56411,3.57387,3.58380,3.59390,3.60416,3.61458,3.62517,3.63592,3.64684,3.65791,3.66915,3.68054,3.69208,3.70378,3.71563,3.72763,3.73978,3.75206,3.76448,3.77704,3.78973,3.80255,3.81549,3.82855,3.84172,3.85500,3.86838,3.88185,3.89542,3.90906,3.92278,3.93657,3.95041,3.96431,3.97825,3.99222,4.00621,4.02022,4.03423,4.04822,4.06220,4.07614,4.09004,4.10388,4.11764,4.13131,4.14489,4.15834,4.17166,4.18483,4.19783,4.21064,4.22325,4.23564,4.24778,4.25966,4.27126,4.28255,4.29352,4.30413,4.31437,4.32422,4.33365,4.34263,4.35115,4.35917,4.36667,4.37362,4.38001,4.38579,4.39095,4.39547,4.39930,4.40243,4.40482,4.40647,4.40732,4.40738,4.40659,4.40495,4.40243,4.39901,4.39466,4.38936,4.38309,4.37584,4.36758,4.35829,4.34795,4.33654,4.32407,4.30904,4.29284,4.27570,4.27914,4.59012,4.27758,4.23659,4.20947,4.18517,4.16147,4.13768,4.11353,4.08891,4.06379,4.03818,4.01211,3.98561,3.95875,3.93159,3.90418,3.87662,3.84895,3.82128,3.79367,3.76622,3.73899,3.71208,3.68556,3.65953,3.63406,3.60924,3.58514,3.56183,3.53940,3.51791,3.49744,3.47804,3.45977,3.44270,3.42688,3.41235,3.39916,3.38734,3.37695,3.36801,3.36054,3.35457,3.35013,3.34724,3.34589,3.34612,3.34792,3.35129,3.35625,3.36279,3.37091,3.38061,3.39187,3.40469,3.41906,3.43496,3.45240,3.47134,3.49178,3.51370,3.53708,3.56190,3.58815,3.61580,3.64485,3.67525,3.70700,3.74007,3.77444,3.81008,3.84698,3.88510,3.92441,3.96490,4.00653,4.04928,4.09310,4.13798,4.18387,4.23074,4.27856,4.32728,4.37686,4.42726,4.47842,4.53031,4.58287,4.63603,4.68976,4.74397,4.79861,4.85361,4.90889,4.96438,5.02000,5.07565,5.13126,5.18673,5.24195,5.29684,5.35128,5.40517,5.45840,5.51085,5.56239,5.61293,5.66232,5.71046,5.75721,5.80246,5.84607,5.88794,5.92794,5.96596,6.00188,6.03560,6.06702,6.09604,6.12259,6.14657,6.16792,6.18657,6.20249,6.21561,6.22593,6.23341,6.23804,6.23983,6.23879,6.23493,6.22829,6.21890,6.20680,6.19205,6.17469,6.15479,6.13240,6.10759,6.08040,6.05090,6.01913,5.98515,5.94898,5.91067,5.87021,5.82763,5.78290,5.73601,5.68692,5.63556,5.58186,5.52572,5.46702,5.40562,5.34136,5.27406,5.20350,5.12945,5.05167,4.96987,4.88376,4.79302,4.69733,4.59634,4.48970,4.37703,4.25798,4.13218,3.99928,3.85895,3.71087,3.55477,3.39040,3.21759,3.03620,2.84619,2.64758,2.44049,2.22512,2.00180,1.77093,1.53304,1.28876,1.03882,0.78403,0.52531,0.26362
3.24841,3.24845,3.24859,3.24882,3.24914,3.24955,3.25006,3.25066,3.25135,3.25213,3.25301,3.25398,3.25504,3.25621,3.25746,3.25882,3.26027,3.26182,3.26346,3.26521,3.26706,3.26901,3.27106,3.27322,3.27547,3.27784,3.28031,3.28289,3.28558,3.28838,3.29129,3.29432,3.29745,3.30071,3.30408,3.30757,3.31118,3.31491,3.31876,3.32273,3.32684,3.33107,3.33542,3.33991,3.34453,3.34928,3.35417,3.35919,3.36436,3.36966,3.37510,3.38068,3.38641,3.39228,3.39830,3.40446,3.41078,3.41725,3.42386,3.43064,3.43756,3.44464,3.45188,3.45927,3.46683,3.47454,3.48242,3.49045,3.49865,3.50701,3.51553,3.52422,3.53307,3.54209,3.55127,3.56061,3.57012,3.57979,3.58963,3.59963,3.60979,3.62012,3.63061,3.64125,3.65206,3.66302,3.67414,3.68542,3.69684,3.70842,3.72014,3.73201,3.74403,3.75618,3.76846,3.78088,3.79343,3.80610,3.81889,3.83179,3.84481,3.85793,3.87114,3.88445,3.89785,3.91133,3.92488,3.93849,3.95216,3.96588,3.97963,3.99342,4.00723,4.02105,4.03487,4.04868,4.06246,4.07621,4.08992,4.10356,4.11713,4.13061,4.14399,4.15725,4.17037,4.18335,4.19616,4.20878,4.22121,4.23341,4.24537,4.25707,4.26849,4.27960,4.29040,4.30085,4.31093,4.32062,4.32990,4.33874,4.34712,4.35502,4.36240,4.36924,4.37552,4.38122,4.38630,4.39074,4.39451,4.39759,4.39995,4.40157,4.40242,4.40247,4.40171,4.40011,4.39764,4.39428,4.39002,4.38482,4.37868,4.37157,4.36348,4.35438,4.34426,4.33311,4.32089,4.30763,4.29182,4.27487,4.25700,4.26091,4.54629,4.25590,4.21491,4.18735,4.16257,4.13841,4.11418,4.08963,4.06466,4.03924,4.01337,3.98710,3.96047,3.93352,3.90633,3.87896,3.85148,3.82397,3.79651,3.76917,3.74203,3.71519,3.68871,3.66268,3.63719,3.61231,3.58812,3.56470,3.54212,3.52045,3.49977,3.48012,3.46159,3.44421,3.42806,3.41317,3.39960,3.38738,3.37656,3.36717,3.35923,3.35278,3.34783,3.34442,3.34254,3.34222,3.34346,3.34627,3.35066,3.35662,3.36415,3.37325,3.38391,3.39613,3.40990,3.42520,3.44203,3.46036,3.48020,3.50151,3.52428,3.54850,3.57415,3.60120,3.62964,3.65945,3.69060,3.72308,3.75686,3.79191,3.82821,3.86575,3.90448,3.94439,3.98544,4.02761,4.07087,4.11518,4.16050,4.20682,4.25407,4.30224,4.35128,4.40114,4.45177,4.50314,4.55518,4.60785,4.66108,4.71482,4.76900,4.82356,4.87842,4.93351,4.98874,5.04405,5.09934,5.15451,5.20949,5.26416,5.31843,5.37220,5.42535,5.47777,5.52936,5.57999,5.62954,5.67791,5.72497,5.77060,5.81468,5.85711,5.89775,5.93650,5.97326,6.00792,6.04039,6.07056,6.09837,6.12372,6.14656,6.16683,6.18447,6.19945,6.21173,6.22131,6.22816,6.23229,6.23372,6.23246,6.22853,6.22199,6.21287,6.20122,6.18710,6.17056,6.15167,6.13049,6.10707,6.08148,6.05377,6.02399,5.99218,5.95838,5.92261,5.88487,5.84517,5.80349,5.75980,5.71403,5.66614,5.61601,5.56355,5.50861,5.45104,5.39066,5.32727,5.26063,5.19048,5.11656,5.03855,4.95613,4.86895,4.77665,4.67884,4.57513,4.46511,4.34837,4.22450,4.09310,3.95379,3.80620,3.65001,3.48494,3.31075,3.12729,2.93446,2.73228,2.52084,2.30035,2.07113,1.83361,1.58836,1.33606,1.07750,0.81357,0.54529,0.27372
3.25878,3.25883,3.25897,3.25920,3.25953,3.25996,3.26048,3.26109,3.26180,3.26261,3.26351,3.26451,3.26561,3.26680,3.26810,3.26949,3.27098,3.27257,3.27427,3.27606,3.27796,3.27996,3.28207,3.28428,3.28660,3.28903,3.29156,3.29421,3.29697,3.29984,3.30282,3.30592,3.30913,3.31246,3.31591,3.31949,3.32318,3.32699,3.33093,3.33500,3.33919,3.34351,3.34796,3.35254,3.35725,3.36210,3.36708,3.37220,3.37746,3.38286,3.38840,3.39408,3.39991,3.40588,3.41200,3.41827,3.42468,3.43125,3.43797,3.44484,3.45186,3.45904,3.46638,3.47387,3.48152,3.48933,3.49730,3.50542,3.51371,3.52216,3.53077,3.53955,3.54848,3.55758,3.56684,3.57626,3.58584,3.59558,3.60549,3.61555,3.62577,3.63616,3.64670,3.65739,3.66824,3.67925,3.69040,3.70171,3.71316,3.72476,3.73650,3.74837,3.76039,3.77253,3.78481,3.79721,3.80973,3.82237,3.83512,3.84798,3.86094,3.87400,3.88714,3.90037,3.91368,3.92705,3.94049,3.95398,3.96752,3.98110,3.99470,4.00832,4.02196,4.03559,4.04921,4.06280,4.07636,4.08987,4.10332,4.11669,4.12998,4.14316,4.15623,4.16916,4.18195,4.19456,4.20700,4.21923,4.23125,4.24302,4.25454,4.26578,4.27673,4.28735,4.29764,4.30756,4.31709,4.32622,4.33492,4.34316,4.35093,4.35818,4.36491,4.37109,4.37669,4.38168,4.38605,4.38976,4.39278,4.39511,4.39670,4.39753,4.39759,4.39684,4.39527,4.39284,4.38955,4.38536,4.38026,4.37423,4.36725,4.35931,4.35039,4.34048,4.32955,4.31759,4.30458,4.29055,4.27400,4.25631,4.23774,4.24224,4.50440,4.23379,4.19282,4.16486,4.13963,4.11503,4.09040,4.06550,4.04022,4.01454,3.98847,3.96204,3.93531,3.90832,3.88115,3.85385,3.82650,3.79918,3.77196,3.74492,3.71814,3.69171,3.66570,3.64019,3.61527,3.59101,3.56748,3.54476,3.52292,3.50203,3.48215,3.46336,3.44569,3.42922,3.41399,3.40005,3.38743,3.37619,3.36636,3.35796,3.35103,3.34559,3.34166,3.33926,3.33840,3.33909,3.34134,3.34516,3.35054,3.35748,3.36599,3.37606,3.38769,3.40085,3.41555,3.43177,3.44950,3.46873,3.48943,3.51160,3.53522,3.56026,3.58672,3.61456,3.64377,3.67433,3.70621,3.73940,3.77386,3.80958,3.84653,3.88469,3.92402,3.96450,4.00609,4.04878,4.09253,4.13729,4.18305,4.22976,4.27739,4.32588,4.37521,4.42532,4.47617,4.52771,4.57989,4.63264,4.68591,4.73964,4.79377,4.84821,4.90291,4.95778,5.01274,5.06772,5.12261,5.17734,5.23181,5.28591,5.33956,5.39263,5.44504,5.49666,5.54738,5.59710,5.64570,5.69305,5.73906,5.78360,5.82656,5.86783,5.90730,5.94488,5.98045,6.01392,6.04522,6.07424,6.10093,6.12522,6.14704,6.16636,6.18313,6.19732,6.20893,6.21793,6.22433,6.22814,6.22939,6.22810,6.22431,6.21806,6.20942,6.19842,6.18514,6.16963,6.15196,6.13219,6.11038,6.08660,6.06089,6.03330,6.00387,5.97264,5.93961,5.90479,5.86818,5.82975,5.78945,5.74722,5.70298,5.65664,5.60805,5.55709,5.50356,5.44727,5.38800,5.32549,5.25946,5.18962,5.11562,5.03711,4.95371,4.86502,4.77060,4.67002,4.56284,4.44858,4.32679,4.19701,4.05880,3.91176,3.75549,3.58965,3.41398,3.22826,3.03237,2.82628,2.61007,2.38394,2.14822,1.90336,1.64996,1.38875,1.12061,0.84652,0.56758,0.28498
3.26965,3.26970,3.26984,3.27009,3.27043,3.27086,3.27140,3.27203,3.27276,3.27359,3.27451,3.27554,3.27667,3.27789,3.27922,3.28065,3.28218,3.28381,3.28555,3.28739,3.28934,3.29139,3.29355,3.29582,3.29820,3.30069,3.30328,3.30599,3.30882,3.31176,3.31481,3.31798,3.32127,3.32467,3.32820,3.33185,3.33562,3.33952,3.34354,3.34769,3.35196,3.35637,3.36091,3.36558,3.37038,3.37532,3.38040,3.38561,3.39096,3.39645,3.40209,3.40786,3.41379,3.41985,3.42607,3.43243,3.43894,3.44560,3.45241,3.45938,3.46650,3.47377,3.48120,3.48878,3.49652,3.50442,3.51247,3.52069,3.52906,3.53759,3.54628,3.55513,3.56414,3.57331,3.58264,3.59213,3.60178,3.61158,3.62155,3.63167,3.64194,3.65237,3.66296,3.67369,3.68458,3.69562,3.70680,3.71812,3.72959,3.74120,3.75294,3.76482,3.77682,3.78895,3.80121,3.81358,3.82607,3.83867,3.85137,3.86417,3.87706,3.89004,3.90310,3.91623,3.92944,3.94270,3.95601,3.96937,3.98277,3.99619,4.00962,4.02307,4.03651,4.04994,4.06334,4.07671,4.09003,4.10328,4.11646,4.12956,4.14255,4.15542,4.16816,4.18075,4.19318,4.20542,4.21746,4.22929,4.24088,4.25222,4.26329,4.27405,4.28451,4.29463,4.30439,4.31377,4.32274,4.33130,4.33940,4.34703,4.35417,4.36078,4.36685,4.37236,4.37726,4.38155,4.38519,4.38816,4.39044,4.39200,4.39282,4.39287,4.39213,4.39058,4.38819,4.38495,4.38084,4.37583,4.36990,4.36305,4.35525,4.34649,4.33676,4.32604,4.31431,4.30158,4.28781,4.27303,4.25575,4.23735,4.21812,4.22332,4.46434,4.21145,4.17051,4.14217,4.11653,4.09154,4.06655,4.04133,4.01578,3.98988,3.96365,3.93711,3.91032,3.88333,3.85621,3.82902,3.80185,3.77475,3.74781,3.72111,3.69473,3.66874,3.64322,3.61826,3.59393,3.57030,3.54745,3.52546,3.50438,3.48428,3.46523,3.44729,3.43051,3.41494,3.40064,3.38764,3.37599,3.36573,3.35688,3.34948,3.34355,3.33911,3.33619,3.33480,3.33494,3.33664,3.33988,3.34469,3.35106,3.35898,3.36846,3.37948,3.39205,3.40615,3.42176,3.43889,3.45751,3.47761,3.49918,3.52219,3.54663,3.57249,3.59973,3.62834,3.65831,3.68960,3.72220,3.75608,3.79121,3.82758,3.86516,3.90392,3.94382,3.98486,4.02698,4.07017,4.11438,4.15959,4.20575,4.25284,4.30081,4.34961,4.39921,4.44955,4.50059,4.55228,4.60456,4.65738,4.71067,4.76437,4.81841,4.87272,4.92723,4.98186,5.03653,5.09115,5.14564,5.19991,5.25385,5.30738,5.36039,5.41277,5.46443,5.51525,5.56512,5.61394,5.66159,5.70796,5.75295,5.79643,5.83831,5.87848,5.91685,5.95330,5.98776,6.02014,6.05035,6.07833,6.10402,6.12736,6.14829,6.16679,6.18284,6.19640,6.20747,6.21607,6.22219,6.22586,6.22711,6.22598,6.22252,6.21677,6.20879,6.19865,6.18640,6.17212,6.15587,6.13772,6.11773,6.09595,6.07244,6.04724,6.02040,5.99192,5.96184,5.93014,5.89681,5.86182,5.82512,5.78662,5.74626,5.70389,5.65940,5.61261,5.56334,5.51137,5.45645,5.39830,5.33664,5.27111,5.20137,5.12702,5.04764,4.96280,4.87201,4.77481,4.67068,4.55911,4.43958,4.31159,4.17462,4.02820,3.87188,3.70527,3.52803,3.33990,3.14070,2.93037,2.70896,2.47666,2.23379,1.98084,1.71844,1.44738,1.16861,0.88322,0.59242,0.29755
3.28121,3.28126,3.28140,3.28165,3.28200,3.28245,3.28300,3.28365,3.28439,3.28524,3.28620,3.28725,3.28840,3.28966,3.29102,3.29248,3.29405,3.29573,3.29751,3.29939,3.30139,3.30349,3.30570,3.30803,3.31046,3.31300,3.31566,3.31843,3.32132,3.32432,3.32744,3.33068,3.33404,3.33752,3.34112,3.34484,3.34869,3.35267,3.35677,3.36100,3.36536,3.36985,3.37447,3.37922,3.38411,3.38914,3.39430,3.39960,3.40505,3.41063,3.41635,3.42222,3.42823,3.43439,3.44069,3.44714,3.45375,3.46050,3.46740,3.47445,3.48166,3.48902,3.49653,3.50420,3.51202,3.52000,3.52814,3.53643,3.54488,3.55349,3.56225,3.57117,3.58025,3.58949,3.59888,3.60843,3.61814,3.62800,3.63801,3.64818,3.65850,3.66897,3.67959,3.69036,3.70127,3.71233,3.72353,3.73486,3.74634,3.75794,3.76968,3.78155,3.79353,3.80564,3.81786,3.83020,3.84264,3.85518,3.86782,3.88055,3.89336,3.90626,3.91922,3.93225,3.94534,3.95847,3.97165,3.98486,3.99810,4.01135,4.02461,4.03786,4.05110,4.06431,4.07749,4.09061,4.10368,4.11666,4.12956,4.14236,4.15503,4.16758,4.17998,4.19221,4.20427,4.21612,4.22776,4.23917,4.25033,4.26121,4.27181,4.28209,4.29204,4.30164,4.31086,4.31968,4.32809,4.33606,4.34355,4.35056,4.35706,4.36302,4.36842,4.37324,4.37744,4.38102,4.38393,4.38616,4.38769,4.38848,4.38852,4.38779,4.38625,4.38390,4.38071,4.37665,4.37172,4.36589,4.35915,4.35148,4.34287,4.33331,4.32278,4.31127,4.29877,4.28528,4.27077,4.25527,4.23729,4.21821,4.19834,4.20438,4.42605,4.18907,4.14817,4.11949,4.09348,4.06813,4.04283,4.01733,3.99155,3.96547,3.93911,3.91250,3.88569,3.85874,3.83172,3.80468,3.77771,3.75087,3.72425,3.69792,3.67196,3.64645,3.62146,3.59706,3.57335,3.55038,3.52823,3.50697,3.48667,3.46738,3.44917,3.43209,3.41620,3.40155,3.38818,3.37613,3.36544,3.35615,3.34829,3.34188,3.33695,3.33351,3.33159,3.33120,3.33234,3.33503,3.33927,3.34506,3.35240,3.36129,3.37173,3.38370,3.39720,3.41221,3.42874,3.44676,3.46626,3.48722,3.50964,3.53348,3.55873,3.58538,3.61340,3.64278,3.67348,3.70549,3.73879,3.77335,3.80915,3.84615,3.88434,3.92368,3.96415,4.00572,4.04836,4.09202,4.13669,4.18232,4.22888,4.27632,4.32461,4.37370,4.42355,4.47411,4.52532,4.57714,4.62951,4.68237,4.73565,4.78930,4.84324,4.89740,4.95170,5.00608,5.06044,5.11470,5.16877,5.22256,5.27597,5.32891,5.38128,5.43298,5.48389,5.53392,5.58295,5.63089,5.67762,5.72303,5.76703,5.80950,5.85035,5.88948,5.92679,5.96220,5.99563,6.02699,6.05623,6.08327,6.10806,6.13057,6.15075,6.16857,6.18403,6.19712,6.20783,6.21618,6.22219,6.22590,6.22734,6.22656,6.22361,6.21854,6.21143,6.20234,6.19134,6.17849,6.16386,6.14753,6.12955,6.10998,6.08888,6.06628,6.04221,6.01671,5.98977,5.96140,5.93157,5.90023,5.86733,5.83280,5.79652,5.75837,5.71820,5.67583,5.63106,5.58365,5.53334,5.47983,5.42280,5.36187,5.29667,5.22677,5.15171,5.07101,4.98415,4.89060,4.78980,4.68118,4.56416,4.43816,4.30260,4.15693,4.00065,3.83327,3.65440,3.46370,3.26094,3.04602,2.81894,2.57988,2.32915,2.06727,1.79489,1.51289,1.22229,0.92429,0.62024,0.31162
3.29340,3.29345,3.29361,3.29386,3.29422,3.29468,3.29524,3.29590,3.29667,3.29754,3.29851,3.29959,3.30077,3.30206,3.30345,3.30495,3.30656,3.30827,3.31009,3.31202,3.31406,3.31621,3.31847,3.32085,3.32333,3.32593,3.32865,3.33148,3.33443,3.33749,3.34068,3.34398,3.34741,3.35096,3.35463,3.35843,3.36235,3.36640,3.37058,3.37488,3.37932,3.38389,3.38859,3.39343,3.39840,3.40351,3.40876,3.41414,3.41967,3.42533,3.43114,3.43710,3.44319,3.44944,3.45583,3.46236,3.46905,3.47588,3.48287,3.49000,3.49729,3.50473,3.51233,3.52007,3.52797,3.53603,3.54424,3.55261,3.56113,3.56980,3.57863,3.58762,3.59676,3.60606,3.61551,3.62511,3.63486,3.64477,3.65483,3.66503,3.67539,3.68589,3.69654,3.70733,3.71826,3.72933,3.74053,3.75187,3.76334,3.77494,3.78666,3.79850,3.81046,3.82253,3.83471,3.84700,3.85938,3.87186,3.88442,3.89707,3.90979,3.92259,3.93544,3.94835,3.96131,3.97431,3.98734,4.00040,4.01346,4.02653,4.03960,4.05265,4.06567,4.07865,4.09158,4.10445,4.11724,4.12995,4.14255,4.15503,4.16738,4.17959,4.19163,4.20350,4.21516,4.22662,4.23784,4.24882,4.25952,4.26994,4.28005,4.28983,4.29927,4.30833,4.31700,4.32526,4.33309,4.34045,4.34733,4.35371,4.35956,4.36486,4.36958,4.37371,4.37720,4.38006,4.38223,4.38372,4.38449,4.38451,4.38378,4.38226,4.37993,4.37678,4.37278,4.36792,4.36218,4.35554,4.34800,4.33952,4.33012,4.31976,4.30845,4.29618,4.28293,4.26870,4.25347,4.23727,4.21862,4.19890,4.17842,4.18543,4.38932,4.16668,4.12584,4.09686,4.07050,4.04483,4.01925,3.99352,3.96755,3.94134,3.91489,3.88825,3.86146,3.83459,3.80769,3.78084,3.75411,3.72757,3.70130,3.67537,3.64986,3.62485,3.60041,3.57661,3.55354,3.53125,3.50982,3.48931,3.46980,3.45133,3.43396,3.41776,3.40277,3.38903,3.37659,3.36550,3.35577,3.34746,3.34058,3.33516,3.33122,3.32878,3.32785,3.32845,3.33059,3.33426,3.33948,3.34624,3.35455,3.36439,3.37577,3.38867,3.40310,3.41902,3.43644,3.45534,3.47571,3.49752,3.52077,3.54543,3.57148,3.59891,3.62770,3.65782,3.68925,3.72197,3.75595,3.79117,3.82761,3.86523,3.90401,3.94393,3.98495,4.02704,4.07016,4.11429,4.15939,4.20543,4.25236,4.30014,4.34873,4.39809,4.44817,4.49892,4.55029,4.60222,4.65465,4.70753,4.76079,4.81437,4.86819,4.92218,4.97626,5.03037,5.08440,5.13828,5.19192,5.24523,5.29811,5.35046,5.40219,5.45319,5.50337,5.55262,5.60083,5.64790,5.69374,5.73823,5.78127,5.82278,5.86265,5.90080,5.93713,5.97157,6.00405,6.03450,6.06285,6.08906,6.11308,6.13487,6.15443,6.17172,6.18674,6.19949,6.21000,6.21827,6.22435,6.22827,6.23007,6.22982,6.22757,6.22338,6.21733,6.20948,6.19990,6.18868,6.17587,6.16156,6.14579,6.12862,6.11012,6.09031,6.06923,6.04690,6.02331,5.99847,5.97233,5.94486,5.91599,5.88563,5.85366,5.81996,5.78435,5.74666,5.70664,5.66407,5.61864,5.57005,5.51795,5.46193,5.40159,5.33646,5.26605,5.18983,5.10723,5.01767,4.92053,4.81517,4.70095,4.57720,4.44329,4.29857,4.14245,3.97436,3.79384,3.60046,3.39394,3.17409,2.94088,2.69446,2.43514,2.16344,1.88006,1.58594,1.28220,0.97016,0.65133,0.32736
3.30627,3.30632,3.30648,3.30674,3.30710,3.30757,3.30815,3.30883,3.30961,3.31050,3.31150,3.31260,3.31381,3.31512,3.31655,3.31808,3.31972,3.32147,3.32333,3.32530,3.32739,3.32958,3.33189,3.33431,3.33685,3.33951,3.34228,3.34516,3.34817,3.35130,3.35454,3.35791,3.36140,3.36502,3.36876,3.37263,3.37662,3.38074,3.38499,3.38937,3.39388,3.39853,3.40331,3.40822,3.41327,3.41846,3.42378,3.42925,3.43486,3.44060,3.44649,3.45252,3.45870,3.46503,3.47150,3.47811,3.48488,3.49179,3.49885,3.50607,3.51343,3.52095,3.52861,3.53643,3.54440,3.55253,3.56081,3.56924,3.57782,3.58656,3.59545,3.60450,3.61369,3.62304,3.63253,3.64218,3.65198,3.66192,3.67202,3.68225,3.69264,3.70316,3.71382,3.72463,3.73557,3.74664,3.75784,3.76917,3.78063,3.79221,3.80390,3.81571,3.82763,3.83966,3.85179,3.86401,3.87633,3.88873,3.90121,3.91376,3.92638,3.93906,3.95180,3.96458,3.97740,3.99025,4.00312,4.01600,4.02888,4.04176,4.05462,4.06745,4.08024,4.09297,4.10565,4.11825,4.13076,4.14317,4.15546,4.16762,4.17963,4.19148,4.20316,4.21463,4.22590,4.23694,4.24773,4.25826,4.26850,4.27844,4.28806,4.29733,4.30623,4.31475,4.32286,4.33054,4.33777,4.34453,4.35079,4.35653,4.36172,4.36635,4.37038,4.37381,4.37659,4.37872,4.38016,4.38090,4.38091,4.38016,4.37865,4.37635,4.37323,4.36928,4.36449,4.35883,4.35229,4.34485,4.33651,4.32725,4.31706,4.30594,4.29386,4.28084,4.26686,4.25192,4.23600,4.21913,4.19983,4.17949,4.15844,4.16658,4.35405,4.14437,4.10360,4.07434,4.04768,4.02173,3.99591,3.96998,3.94386,3.91755,3.89105,3.86442,3.83769,3.81093,3.78420,3.75758,3.73112,3.70491,3.67902,3.65352,3.62850,3.60401,3.58014,3.55696,3.53455,3.51296,3.49226,3.47252,3.45381,3.43617,3.41966,3.40434,3.39025,3.37743,3.36593,3.35579,3.34703,3.33968,3.33378,3.32935,3.32639,3.32494,3.32500,3.32659,3.32970,3.33436,3.34054,3.34827,3.35753,3.36832,3.38063,3.39445,3.40978,3.42660,3.44491,3.46467,3.48589,3.50854,3.53261,3.55807,3.58491,3.61311,3.64265,3.67350,3.70564,3.73905,3.77370,3.80958,3.84664,3.88487,3.92423,3.96470,4.00625,4.04884,4.09244,4.13702,4.18254,4.22896,4.27624,4.32434,4.37322,4.42283,4.47312,4.52405,4.57555,4.62757,4.68005,4.73293,4.78615,4.83964,4.89332,4.94712,5.00097,5.05479,5.10849,5.16198,5.21518,5.26800,5.32034,5.37210,5.42319,5.47352,5.52297,5.57145,5.61886,5.66510,5.71007,5.75368,5.79582,5.83641,5.87536,5.91258,5.94801,5.98156,6.01318,6.04280,6.07037,6.09585,6.11922,6.14043,6.15949,6.17638,6.19111,6.20369,6.21415,6.22251,6.22882,6.23312,6.23546,6.23592,6.23454,6.23142,6.22661,6.22019,6.21223,6.20282,6.19203,6.17991,6.16654,6.15198,6.13627,6.11945,6.10155,6.08258,6.06255,6.04144,6.01921,5.99582,5.97120,5.94523,5.91782,5.88881,5.85802,5.82525,5.79028,5.75282,5.71259,5.66923,5.62238,5.57161,5.51648,5.45649,5.39110,5.31974,5.24179,5.15661,5.06351,4.96180,4.85073,4.72958,4.59760,4.45408,4.29831,4.12965,3.94750,3.75139,3.54090,3.31581,3.07602,2.82163,2.55293,2.27045,1.97495,1.66742,1.34909,1.02143,0.68611,0.34497
3.31980,3.31985,3.32001,3.32028,3.32065,3.32113,3.32172,3.32241,3.32321,3.32412,3.32514,3.32626,3.32750,3.32884,3.33029,3.33186,3.33353,3.33532,3.33722,3.33923,3.34136,3.34360,3.34595,3.34842,3.35101,3.35371,3.35654,3.35948,3.36254,3.36573,3.36903,3.37246,3.37601,3.37969,3.38350,3.38743,3.39149,3.39568,3.40000,3.40445,3.40903,3.41375,3.41860,3.42359,3.42872,3.43398,3.43938,3.44492,3.45060,3.45642,3.46239,3.46850,3.47475,3.48115,3.48769,3.49438,3.50122,3.50821,3.51534,3.52263,3.53006,3.53765,3.54538,3.55327,3.56130,3.56949,3.57783,3.58632,3.59496,3.60376,3.61270,3.62179,3.63103,3.64042,3.64996,3.65965,3.66948,3.67945,3.68957,3.69983,3.71023,3.72077,3.73144,3.74225,3.75319,3.76425,3.77544,3.78676,3.79819,3.80974,3.82140,3.83317,3.84504,3.85701,3.86907,3.88122,3.89346,3.90577,3.91816,3.93061,3.94311,3.95567,3.96827,3.98091,3.99358,4.00626,4.01896,4.03166,4.04434,4.05701,4.06965,4.08225,4.09480,4.10728,4.11969,4.13200,4.14422,4.15631,4.16828,4.18010,4.19176,4.20325,4.21454,4.22562,4.23647,4.24708,4.25743,4.26750,4.27727,4.28671,4.29582,4.30456,4.31293,4.32089,4.32843,4.33553,4.34215,4.34829,4.35391,4.35900,4.36353,4.36748,4.37083,4.37354,4.37561,4.37701,4.37771,4.37770,4.37695,4.37544,4.37315,4.37007,4.36617,4.36143,4.35585,4.34939,4.34207,4.33384,4.32472,4.31468,4.30373,4.29185,4.27904,4.26529,4.25060,4.23496,4.21838,4.20087,4.18096,4.16003,4.13843,4.14787,4.32010,4.12216,4.08148,4.05198,4.02505,3.99887,3.97284,3.94675,3.92052,3.89415,3.86764,3.84105,3.81442,3.78781,3.76129,3.73492,3.70877,3.68292,3.65744,3.63241,3.60788,3.58395,3.56068,3.53814,3.51640,3.49552,3.47558,3.45662,3.43872,3.42192,3.40628,3.39184,3.37866,3.36677,3.35620,3.34701,3.33921,3.33283,3.32791,3.32445,3.32248,3.32201,3.32305,3.32561,3.32970,3.33532,3.34246,3.35114,3.36134,3.37306,3.38630,3.40103,3.41726,3.43496,3.45413,3.47476,3.49681,3.52029,3.54516,3.57142,3.59903,3.62798,3.65826,3.68982,3.72266,3.75675,3.79206,3.82857,3.86624,3.90506,3.94499,3.98600,4.02806,4.07113,4.11520,4.16020,4.20612,4.25291,4.30053,4.34894,4.39808,4.44792,4.49841,4.54948,4.60110,4.65319,4.70570,4.75857,4.81173,4.86511,4.91864,4.97225,5.02585,5.07937,5.13272,5.18582,5.23857,5.29089,5.34269,5.39387,5.44433,5.49399,5.54273,5.59046,5.63710,5.68253,5.72667,5.76943,5.81071,5.85044,5.88853,5.92491,5.95950,5.99224,6.02309,6.05198,6.07887,6.10375,6.12657,6.14733,6.16603,6.18266,6.19724,6.20980,6.22036,6.22897,6.23567,6.24052,6.24358,6.24492,6.24460,6.24271,6.23933,6.23452,6.22837,6.22096,6.21235,6.20263,6.19185,6.18008,6.16735,6.15371,6.13919,6.12379,6.10751,6.09034,6.07224,6.05315,6.03300,6.01167,5.98906,5.96499,5.93928,5.91174,5.88209,5.85007,5.81535,5.77757,5.73633,5.69119,5.64167,5.58722,5.52728,5.46122,5.38837,5.30802,5.21942,5.12179,5.01432,4.89617,4.76651,4.62452,4.46938,4.30032,4.11666,3.91779,3.70321,3.47259,3.22576,2.96276,2.68387,2.38959,2.08074,1.75837,1.42385,1.07878,0.72504,0.36470
3.33397,3.33403,3.33419,3.33446,3.33484,3.33533,3.33593,3.33664,3.33746,3.33838,3.33942,3.34057,3.34183,3.34320,3.34468,3.34628,3.34798,3.34980,3.35174,3.35379,3.35596,3.35824,3.36064,3.36315,3.36579,3.36854,3.37141,3.37441,3.37752,3.38076,3.38413,3.38761,3.39123,3.39496,3.39883,3.40283,3.40695,3.41120,3.41559,3.42011,3.42476,3.42954,3.43446,3.43952,3.44472,3.45005,3.45552,3.46113,3.46688,3.47277,3.47881,3.48499,3.49131,3.49778,3.50440,3.51116,3.51806,3.52512,3.53232,3.53967,3.54717,3.55481,3.56261,3.57056,3.57865,3.58690,3.59529,3.60383,3.61252,3.62136,3.63035,3.63949,3.64877,3.65819,3.66776,3.67748,3.68734,3.69733,3.70747,3.71774,3.72815,3.73870,3.74937,3.76017,3.77110,3.78215,3.79332,3.80461,3.81601,3.82752,3.83913,3.85084,3.86266,3.87456,3.88655,3.89862,3.91076,3.92298,3.93525,3.94758,3.95997,3.97239,3.98485,3.99733,4.00983,4.02234,4.03485,4.04735,4.05983,4.07228,4.08469,4.09704,4.10933,4.12154,4.13367,4.14569,4.15759,4.16937,4.18100,4.19247,4.20376,4.21486,4.22576,4.23643,4.24686,4.25703,4.26692,4.27651,4.28579,4.29473,4.30332,4.31153,4.31935,4.32674,4.33370,4.34020,4.34621,4.35172,4.35670,4.36113,4.36499,4.36826,4.37091,4.37292,4.37427,4.37493,4.37489,4.37413,4.37262,4.37034,4.36729,4.36342,4.35874,4.35323,4.34686,4.33963,4.33152,4.32253,4.31264,4.30184,4.29014,4.27752,4.26399,4.24954,4.23417,4.21787,4.20064,4.18252,4.16203,4.14054,4.11843,4.12934,4.28737,4.10010,4.05952,4.02981,4.00265,3.97626,3.95007,3.92386,3.89756,3.87117,3.84469,3.81818,3.79168,3.76526,3.73897,3.71289,3.68709,3.66163,3.63659,3.61203,3.58804,3.56469,3.54203,3.52015,3.49910,3.47896,3.45978,3.44162,3.42454,3.40859,3.39381,3.38027,3.36799,3.35703,3.34740,3.33916,3.33232,3.32691,3.32295,3.32047,3.31947,3.31997,3.32198,3.32551,3.33057,3.33714,3.34524,3.35486,3.36599,3.37863,3.39277,3.40840,3.42551,3.44409,3.46412,3.48558,3.50847,3.53275,3.55842,3.58545,3.61382,3.64352,3.67451,3.70678,3.74031,3.77506,3.81101,3.84813,3.88640,3.92579,3.96627,4.00780,4.05036,4.09391,4.13841,4.18384,4.23014,4.27728,4.32521,4.37390,4.42330,4.47335,4.52401,4.57523,4.62694,4.67909,4.73161,4.78445,4.83753,4.89079,4.94416,4.99755,5.05089,5.10410,5.15709,5.20979,5.26210,5.31393,5.36519,5.41578,5.46563,5.51462,5.56267,5.60968,5.65556,5.70023,5.74358,5.78553,5.82601,5.86493,5.90223,5.93782,5.97166,6.00368,6.03384,6.06210,6.08843,6.11281,6.13521,6.15564,6.17411,6.19062,6.20520,6.21788,6.22870,6.23772,6.24497,6.25054,6.25448,6.25687,6.25778,6.25731,6.25552,6.25250,6.24833,6.24310,6.23687,6.22973,6.22172,6.21292,6.20337,6.19310,6.18214,6.17051,6.15819,6.14518,6.13142,6.11686,6.10141,6.08497,6.06740,6.04855,6.02822,6.00618,5.98218,5.95593,5.92708,5.89525,5.86002,5.82093,5.77745,5.72901,5.67500,5.61473,5.54749,5.47250,5.38893,5.29591,5.19255,5.07791,4.95104,4.81099,4.65684,4.48768,4.30269,4.10112,3.88237,3.64597,3.39166,3.11942,2.82946,2.52230,2.19876,1.86000,1.50749,1.14303,0.76869,0.38684
3.34879,3.34885,3.34901,3.34929,3.34968,3.35018,3.35078,3.35151,3.35234,3.35328,3.35434,3.35551,3.35679,3.35819,3.35970,3.36132,3.36306,3.36491,3.36688,3.36897,3.37117,3.37350,3.37594,3.37850,3.38118,3.38398,3.38690,3.38994,3.39311,3.39640,3.39982,3.40336,3.40703,3.41082,3.41475,3.41880,3.42299,3.42730,3.43175,3.43633,3.44105,3.44589,3.45088,3.45600,3.46126,3.46666,3.47220,3.47787,3.48369,3.48965,3.49575,3.50200,3.50839,3.51492,3.52160,3.52842,3.53539,3.54251,3.54977,3.55718,3.56473,3.57244,3.58029,3.58829,3.59644,3.60473,3.61317,3.62176,3.63049,3.63937,3.64840,3.65757,3.66688,3.67634,3.68593,3.69567,3.70554,3.71555,3.72570,3.73598,3.74639,3.75693,3.76759,3.77838,3.78929,3.80031,3.81145,3.82270,3.83406,3.84552,3.85708,3.86873,3.88047,3.89230,3.90420,3.91617,3.92822,3.94032,3.95248,3.96469,3.97693,3.98921,4.00151,4.01383,4.02615,4.03847,4.05079,4.06308,4.07533,4.08755,4.09971,4.11181,4.12383,4.13576,4.14759,4.15930,4.17088,4.18232,4.19360,4.20471,4.21562,4.22633,4.23682,4.24707,4.25706,4.26678,4.27620,4.28531,4.29409,4.30252,4.31058,4.31824,4.32549,4.33232,4.33868,4.34457,4.34997,4.35484,4.35917,4.36294,4.36613,4.36871,4.37065,4.37195,4.37258,4.37251,4.37173,4.37022,4.36796,4.36492,4.36110,4.35646,4.35101,4.34472,4.33758,4.32958,4.32071,4.31096,4.30032,4.28879,4.27635,4.26302,4.24879,4.23366,4.21763,4.20070,4.18286,4.16416,4.14311,4.12109,4.09851,4.11110,4.25580,4.07825,4.03779,4.00791,3.98056,3.95400,3.92768,3.90139,3.87505,3.84867,3.82226,3.79586,3.76954,3.74333,3.71732,3.69156,3.66612,3.64108,3.61650,3.59246,3.56903,3.54627,3.52425,3.50304,3.48270,3.46330,3.44490,3.42754,3.41129,3.39619,3.38230,3.36965,3.35828,3.34824,3.33955,3.33225,3.32637,3.32192,3.31893,3.31741,3.31738,3.31885,3.32182,3.32631,3.33231,3.33983,3.34887,3.35941,3.37147,3.38502,3.40006,3.41657,3.43455,3.45399,3.47486,3.49715,3.52085,3.54593,3.57238,3.60017,3.62929,3.65971,3.69141,3.72437,3.75856,3.79396,3.83054,3.86827,3.90712,3.94707,3.98808,4.03012,4.07315,4.11716,4.16209,4.20790,4.25457,4.30204,4.35028,4.39924,4.44887,4.49911,4.54993,4.60127,4.65305,4.70524,4.75776,4.81056,4.86355,4.91668,4.96986,5.02303,5.07610,5.12899,5.18162,5.23391,5.28577,5.33711,5.38784,5.43786,5.48710,5.53545,5.58283,5.62914,5.67430,5.71823,5.76083,5.80203,5.84176,5.87994,5.91650,5.95139,5.98455,6.01593,6.04551,6.07324,6.09911,6.12310,6.14520,6.16543,6.18380,6.20033,6.21504,6.22799,6.23923,6.24879,6.25676,6.26320,6.26818,6.27179,6.27410,6.27520,6.27518,6.27412,6.27211,6.26922,6.26555,6.26115,6.25609,6.25044,6.24424,6.23753,6.23034,6.22266,6.21451,6.20585,6.19664,6.18683,6.17632,6.16501,6.15276,6.13940,6.12473,6.10851,6.09049,6.07035,6.04774,6.02227,5.99347,5.96087,5.92391,5.88198,5.83442,5.78050,5.71944,5.65040,5.57246,5.48467,5.38603,5.27549,5.15198,5.01441,4.86171,4.69283,4.50679,4.30268,4.07975,3.83739,3.57522,3.29311,2.99121,2.67001,2.33037,1.97351,1.60105,1.21498,0.81764,0.41168
3.36430,3.36436,3.36453,3.36481,3.36520,3.36571,3.36633,3.36707,3.36791,3.36887,3.36995,3.37114,3.37245,3.37387,3.37540,3.37705,3.37882,3.38071,3.38271,3.38483,3.38707,3.38943,3.39191,3.39451,3.39723,3.40008,3.40305,3.40614,3.40935,3.41269,3.41616,3.41976,3.42348,3.42733,3.43131,3.43542,3.43966,3.44403,3.44854,3.45318,3.45795,3.46286,3.46791,3.47309,3.47841,3.48387,3.48947,3.49521,3.50109,3.50711,3.51327,3.51958,3.52603,3.53262,3.53936,3.54624,3.55327,3.56044,3.56775,3.57522,3.58283,3.59058,3.59848,3.60653,3.61472,3.62306,3.63154,3.64017,3.64894,3.65785,3.66690,3.67610,3.68544,3.69491,3.70453,3.71428,3.72416,3.73418,3.74432,3.75460,3.76500,3.77553,3.78617,3.79694,3.80782,3.81881,3.82991,3.84111,3.85242,3.86382,3.87531,3.88689,3.89855,3.91028,3.92209,3.93396,3.94589,3.95788,3.96990,3.98197,3.99407,4.00619,4.01832,4.03046,4.04260,4.05472,4.06682,4.07889,4.09091,4.10288,4.11479,4.12662,4.13836,4.14999,4.16151,4.17290,4.18415,4.19524,4.20616,4.21689,4.22741,4.23772,4.24778,4.25760,4.26714,4.27639,4.28533,4.29395,4.30222,4.31012,4.31763,4.32474,4.33143,4.33766,4.34343,4.34871,4.35347,4.35770,4.36138,4.36448,4.36699,4.36887,4.37012,4.37070,4.37061,4.36981,4.36829,4.36603,4.36301,4.35922,4.35463,4.34923,4.34302,4.33597,4.32807,4.31931,4.30969,4.29919,4.28782,4.27556,4.26242,4.24840,4.23349,4.21771,4.20104,4.18350,4.16509,4.14583,4.12425,4.10174,4.07872,4.09319,4.22534,4.05666,4.01634,3.98631,3.95881,3.93212,3.90570,3.87937,3.85303,3.82670,3.80039,3.77415,3.74802,3.72207,3.69635,3.67094,3.64591,3.62131,3.59722,3.57372,3.55086,3.52872,3.50736,3.48684,3.46723,3.44859,3.43097,3.41442,3.39901,3.38477,3.37176,3.36001,3.34955,3.34044,3.33269,3.32633,3.32140,3.31791,3.31587,3.31532,3.31625,3.31867,3.32260,3.32804,3.33499,3.34344,3.35341,3.36487,3.37783,3.39228,3.40821,3.42560,3.44444,3.46472,3.48642,3.50953,3.53403,3.55989,3.58711,3.61565,3.64551,3.67664,3.70904,3.74267,3.77752,3.81355,3.85074,3.88906,3.92848,3.96897,4.01050,4.05303,4.09654,4.14098,4.18631,4.23251,4.27953,4.32732,4.37584,4.42505,4.47489,4.52532,4.57628,4.62772,4.67957,4.73179,4.78429,4.83702,4.88991,4.94289,4.99589,5.04882,5.10161,5.15418,5.20645,5.25834,5.30975,5.36060,5.41080,5.46027,5.50891,5.55664,5.60337,5.64901,5.69349,5.73672,5.77862,5.81912,5.85815,5.89564,5.93155,5.96580,5.99837,6.02921,6.05830,6.08560,6.11112,6.13484,6.15676,6.17692,6.19532,6.21199,6.22699,6.24036,6.25215,6.26243,6.27126,6.27874,6.28492,6.28991,6.29378,6.29663,6.29855,6.29962,6.29993,6.29957,6.29862,6.29715,6.29523,6.29292,6.29027,6.28731,6.28407,6.28056,6.27678,6.27271,6.26829,6.26347,6.25816,6.25225,6.24560,6.23803,6.22935,6.21931,6.20763,6.19401,6.17806,6.15938,6.13750,6.11191,6.08201,6.04717,6.00667,5.95974,5.90554,5.84313,5.77154,5.68970,5.59652,5.49080,5.37135,5.23692,5.08628,4.91819,4.73150,4.52511,4.29808,4.04963,3.77921,3.48658,3.17178,2.83527,2.47791,2.10100,1.70631,1.29605,0.87286,0.43974
3.38053,3.38058,3.38076,3.38104,3.38144,3.38196,3.38259,3.38334,3.38420,3.38518,3.38627,3.38748,3.38881,3.39025,3.39181,3.39349,3.39528,3.39720,3.39923,3.40139,3.40366,3.40606,3.40858,3.41122,3.41398,3.41687,3.41988,3.42301,3.42628,3.42966,3.43318,3.43682,3.44059,3.44450,3.44853,3.45269,3.45699,3.46142,3.46598,3.47067,3.47550,3.48047,3.48557,3.49081,3.49619,3.50171,3.50736,3.51316,3.51910,3.52517,3.53139,3.53775,3.54426,3.55090,3.55770,3.56463,3.57171,3.57893,3.58630,3.59381,3.60146,3.60926,3.61720,3.62529,3.63352,3.64190,3.65041,3.65907,3.66787,3.67681,3.68589,3.69510,3.70446,3.71395,3.72357,3.73332,3.74321,3.75322,3.76336,3.77363,3.78401,3.79452,3.80514,3.81587,3.82671,3.83766,3.84871,3.85985,3.87110,3.88243,3.89384,3.90534,3.91691,3.92854,3.94024,3.95200,3.96381,3.97566,3.98754,3.99946,4.01140,4.02335,4.03530,4.04725,4.05918,4.07110,4.08297,4.09481,4.10659,4.11830,4.12994,4.14148,4.15293,4.16425,4.17545,4.18651,4.19741,4.20814,4.21868,4.22902,4.23914,4.24903,4.25866,4.26803,4.27711,4.28588,4.29434,4.30244,4.31019,4.31756,4.32452,4.33107,4.33717,4.34281,4.34797,4.35263,4.35676,4.36034,4.36336,4.36578,4.36760,4.36879,4.36933,4.36920,4.36838,4.36685,4.36459,4.36159,4.35782,4.35327,4.34793,4.34178,4.33481,4.32700,4.31835,4.30885,4.29850,4.28727,4.27518,4.26222,4.24840,4.23370,4.21814,4.20173,4.18446,4.16634,4.14737,4.12758,4.10551,4.08254,4.05911,4.07571,4.19596,4.03539,3.99522,3.96509,3.93746,3.91068,3.88421,3.85786,3.83156,3.80531,3.77914,3.75308,3.72719,3.70152,3.67613,3.65110,3.62649,3.60237,3.57880,3.55585,3.53359,3.51208,3.49139,3.47158,3.45271,3.43484,3.41802,3.40230,3.38773,3.37436,3.36223,3.35138,3.34184,3.33365,3.32684,3.32142,3.31744,3.31490,3.31382,3.31422,3.31610,3.31948,3.32435,3.33073,3.33862,3.34800,3.35888,3.37126,3.38512,3.40045,3.41725,3.43550,3.45519,3.47631,3.49883,3.52275,3.54803,3.57467,3.60265,3.63193,3.66250,3.69434,3.72742,3.76172,3.79721,3.83386,3.87165,3.91054,3.95052,3.99154,4.03357,4.07658,4.12054,4.16540,4.21114,4.25770,4.30505,4.35315,4.40194,4.45139,4.50143,4.55203,4.60311,4.65464,4.70655,4.75877,4.81124,4.86390,4.91668,4.96950,5.02230,5.07499,5.12750,5.17975,5.23165,5.28313,5.33410,5.38447,5.43416,5.48308,5.53115,5.57828,5.62439,5.66940,5.71323,5.75580,5.79705,5.83690,5.87529,5.91217,5.94749,5.98119,6.01325,6.04364,6.07233,6.09931,6.12459,6.14815,6.17002,6.19022,6.20879,6.22575,6.24117,6.25510,6.26759,6.27874,6.28860,6.29726,6.30481,6.31134,6.31694,6.32170,6.32572,6.32909,6.33190,6.33425,6.33620,6.33783,6.33923,6.34044,6.34152,6.34252,6.34344,6.34431,6.34512,6.34586,6.34647,6.34690,6.34706,6.34684,6.34609,6.34464,6.34229,6.33879,6.33387,6.32718,6.31836,6.30697,6.29254,6.27451,6.25229,6.22518,6.19243,6.15321,6.10662,6.05165,5.98724,5.91221,5.82534,5.72531,5.61077,5.48030,5.33246,5.16584,4.97905,4.77077,4.53984,4.28526,4.00629,3.70250,3.37382,3.02062,2.64376,2.24462,1.82511,1.38770,0.93537,0.47153
3.39747,3.39753,3.39770,3.39799,3.39840,3.39892,3.39957,3.40032,3.40120,3.40219,3.40330,3.40453,3.40588,3.40734,3.40893,3.41063,3.41245,3.41440,3.41646,3.41865,3.42096,3.42339,3.42594,3.42862,3.43142,3.43434,3.43740,3.44057,3.44388,3.44731,3.45087,3.45456,3.45838,3.46233,3.46641,3.47063,3.47497,3.47945,3.48406,3.48881,3.49369,3.49871,3.50387,3.50916,3.51459,3.52016,3.52587,3.53172,3.53771,3.54384,3.55011,3.55652,3.56308,3.56977,3.57661,3.58359,3.59072,3.59798,3.60539,3.61295,3.62064,3.62848,3.63646,3.64458,3.65284,3.66125,3.66979,3.67847,3.68729,3.69625,3.70535,3.71458,3.72394,3.73343,3.74306,3.75281,3.76269,3.77269,3.78281,3.79306,3.80342,3.81389,3.82448,3.83517,3.84596,3.85686,3.86785,3.87893,3.89010,3.90135,3.91268,3.92408,3.93555,3.94707,3.95866,3.97029,3.98196,3.99367,4.00540,4.01716,4.02892,4.04069,4.05245,4.06420,4.07592,4.08761,4.09925,4.11084,4.12236,4.13381,4.14516,4.15641,4.16755,4.17856,4.18943,4.20014,4.21068,4.22103,4.23119,4.24113,4.25083,4.26029,4.26948,4.27839,4.28699,4.29528,4.30323,4.31082,4.31804,4.32486,4.33127,4.33724,4.34275,4.34779,4.35233,4.35636,4.35985,4.36278,4.36513,4.36688,4.36801,4.36850,4.36833,4.36749,4.36594,4.36368,4.36069,4.35694,4.35243,4.34714,4.34105,4.33415,4.32643,4.31789,4.30850,4.29827,4.28719,4.27526,4.26247,4.24883,4.23434,4.21899,4.20281,4.18579,4.16794,4.14927,4.12977,4.10949,4.08696,4.06356,4.03976,4.05873,4.16763,4.01450,3.97451,3.94430,3.91658,3.88974,3.86325,3.83692,3.81070,3.78457,3.75856,3.73272,3.70709,3.68174,3.65671,3.63209,3.60793,3.58430,3.56127,3.53890,3.51725,3.49640,3.47640,3.45731,3.43920,3.42210,3.40609,3.39120,3.37748,3.36498,3.35374,3.34379,3.33516,3.32790,3.32202,3.31755,3.31451,3.31291,3.31278,3.31413,3.31696,3.32128,3.32709,3.33440,3.34321,3.35351,3.36531,3.37858,3.39333,3.40954,3.42720,3.44631,3.46684,3.48878,3.51211,3.53682,3.56288,3.59028,3.61900,3.64901,3.68029,3.71282,3.74657,3.78152,3.81763,3.85490,3.89327,3.93273,3.97325,4.01478,4.05731,4.10078,4.14518,4.19045,4.23657,4.28348,4.33116,4.37954,4.42859,4.47826,4.52849,4.57923,4.63044,4.68204,4.73398,4.78620,4.83864,4.89121,4.94387,4.99653,5.04912,5.10157,5.15379,5.20572,5.25726,5.30833,5.35886,5.40877,5.45795,5.50635,5.55386,5.60042,5.64594,5.69035,5.73357,5.77554,5.81618,5.85544,5.89326,5.92960,5.96440,5.99763,6.02927,6.05930,6.08770,6.11446,6.13960,6.16312,6.18506,6.20543,6.22429,6.24168,6.25766,6.27228,6.28564,6.29779,6.30882,6.31883,6.32789,6.33612,6.34361,6.35044,6.35673,6.36256,6.36804,6.37325,6.37827,6.38319,6.38808,6.39300,6.39800,6.40314,6.40842,6.41388,6.41951,6.42529,6.43117,6.43711,6.44301,6.44876,6.45423,6.45924,6.46358,6.46702,6.46925,6.46996,6.46875,6.46518,6.45876,6.44891,6.43501,6.41634,6.39210,6.36140,6.32327,6.27665,6.22035,6.15310,6.07355,5.98024,5.87162,5.74609,5.60201,5.43771,5.25156,5.04197,4.80750,4.54690,4.25917,3.94365,3.60010,3.22877,2.83050,2.40670,1.95947,1.49155,1.00631,0.50766
3.41509,3.41515,3.41533,3.41562,3.41604,3.41657,3.41722,3.41799,3.41888,3.41988,3.42101,3.42225,3.42362,3.42511,3.42671,3.42844,3.43029,3.43226,3.43435,3.43657,3.43891,3.44137,3.44396,3.44667,3.44951,3.45247,3.45556,3.45878,3.46213,3.46560,3.46920,3.47294,3.47680,3.48080,3.48492,3.48918,3.49357,3.49810,3.50276,3.50756,3.51249,3.51756,3.52276,3.52810,3.53358,3.53920,3.54496,3.55085,3.55689,3.56307,3.56939,3.57584,3.58244,3.58918,3.59606,3.60309,3.61025,3.61756,3.62501,3.63259,3.64032,3.64819,3.65620,3.66435,3.67264,3.68107,3.68963,3.69833,3.70717,3.71614,3.72524,3.73447,3.74384,3.75333,3.76295,3.77269,3.78255,3.79254,3.80264,3.81285,3.82318,3.83361,3.84415,3.85479,3.86553,3.87636,3.88728,3.89829,3.90938,3.92054,3.93177,3.94307,3.95442,3.96583,3.97729,3.98878,4.00031,4.01186,4.02343,4.03501,4.04660,4.05817,4.06973,4.08126,4.09276,4.10422,4.11561,4.12694,4.13819,4.14936,4.16042,4.17136,4.18218,4.19286,4.20338,4.21373,4.22390,4.23387,4.24363,4.25315,4.26243,4.27145,4.28019,4.28862,4.29675,4.30454,4.31197,4.31904,4.32572,4.33198,4.33782,4.34321,4.34813,4.35256,4.35648,4.35987,4.36271,4.36498,4.36667,4.36774,4.36818,4.36797,4.36710,4.36553,4.36327,4.36028,4.35655,4.35207,4.34682,4.34079,4.33396,4.32633,4.31788,4.30860,4.29850,4.28755,4.27577,4.26315,4.24968,4.23538,4.22024,4.20428,4.18749,4.16989,4.15149,4.13229,4.11231,4.09157,4.06861,4.04481,4.02066,4.04230,4.14029,3.99401,3.95421,3.92395,3.89618,3.86931,3.84284,3.81657,3.79045,3.76447,3.73867,3.71307,3.68774,3.66272,3.63809,3.61390,3.59021,3.56710,3.54463,3.52286,3.50185,3.48167,3.46237,3.44402,3.42666,3.41036,3.39516,3.38111,3.36824,3.35662,3.34626,3.33722,3.32951,3.32317,3.31822,3.31468,3.31258,3.31193,3.31274,3.31503,3.31880,3.32405,3.33079,3.33903,3.34875,3.35996,3.37265,3.38682,3.40244,3.41952,3.43804,3.45798,3.47934,3.50209,3.52622,3.55171,3.57854,3.60669,3.63613,3.66686,3.69884,3.73204,3.76645,3.80204,3.83877,3.87663,3.91558,3.95559,3.99663,4.03867,4.08167,4.12560,4.17042,4.21609,4.26257,4.30982,4.35780,4.40646,4.45575,4.50563,4.55603,4.60691,4.65822,4.70988,4.76185,4.81406,4.86644,4.91893,4.97145,5.02394,5.07632,5.12852,5.18045,5.23205,5.28323,5.33392,5.38402,5.43346,5.48217,5.53005,5.57704,5.62305,5.66802,5.71186,5.75452,5.79592,5.83602,5.87475,5.91206,5.94792,5.98228,6.01513,6.04644,6.07620,6.10440,6.13105,6.15616,6.17976,6.20188,6.22255,6.24183,6.25978,6.27644,6.29191,6.30625,6.31956,6.33191,6.34341,6.35414,6.36422,6.37374,6.38281,6.39152,6.39997,6.40827,6.41651,6.42477,6.43315,6.44170,6.45051,6.45962,6.46909,6.47894,6.48920,6.49986,6.51091,6.52231,6.53402,6.54594,6.55797,6.56998,6.58179,6.59321,6.60398,6.61382,6.62239,6.62931,6.63413,6.63633,6.63533,6.63048,6.62101,6.60611,6.58482,6.55612,6.51885,6.47174,6.41341,6.34235,6.25694,6.15546,6.03608,5.89692,5.73603,5.55148,5.34139,5.10397,4.83764,4.54109,4.21336,3.85398,3.46302,3.04124,2.59011,2.11188,1.60960,1.08709,0.54886
