# rows 430:5:700 nm, cols 0:1:89 deg, 100*(1-R)
8.425379734742082860e+01,8.442374657893672918e+01,8.493316507393915060e+01,8.577964176452258016e+01,8.695533189616682535e+01,8.844098542163756349e+01,9.019734103652635326e+01,9.215424339748905425e+01,9.419898035887719345e+01,9.616730630202251007e+01,9.784299377151484123e+01,9.897282696943402414e+01,9.930068649862843699e+01,9.861493041211350885e+01,9.679212260265059342e+01,9.381903780581379237e+01,8.979055001566892713e+01,8.489990183344741581e+01,7.943648618772233760e+01,7.378506209366298663e+01,6.840967742465306856e+01,6.382473374608025551e+01,6.058458883164406927e+01,5.932632473872199341e+01,6.080062948416791357e+01,6.510607954684775223e+01,6.742315990559856687e+01,6.027087526118384631e+01,5.180030181603192574e+01,4.681641278201477263e+01,4.304982635222449971e+01,3.947787549602038837e+01,3.658217825818921654e+01,3.520453395888912951e+01,3.582254696395115445e+01,3.319863880342802531e+01,3.049763058749602607e+01,2.930511961266981658e+01,2.834673051637199848e+01,2.769495198240246125e+01,2.765780789205656376e+01,2.799391320691779583e+01,1.656976581096685308e+01,2.374586947298487161e+01,1.653356605816767200e+01,1.526330989874502464e+01,1.420610628856422508e+01,1.304062620319258414e+01,1.199284084409495321e+01,1.159322666772474264e+01,1.380553148859922175e+01,1.927798661158328741e+01,1.356229517370886128e+01,1.119526393901373318e+01,1.102400132837128055e+01,1.235297927841698673e+01,1.483145367324909536e+01,1.462917792880118384e+01,1.324041326001459495e+01,1.275540496328591011e+01,1.266787010354286735e+01,1.279623819196002898e+01,1.333509524798736123e+01,1.459447915794132022e+01,1.676522294996836138e+01,1.956978000748426183e+01,2.183672330532095884e+01,2.215036644590823300e+01,2.046759868974409358e+01,1.781150147206274070e+01,1.508316154560672651e+01,1.278483790455617886e+01,1.115015667312639991e+01,1.034624191039852370e+01,1.075679040458901170e+01,1.359526654202650775e+01,2.179434165806664225e+01,2.849359193872563623e+01,1.783695216046506005e+01,1.018637184724913070e+01,6.801860116329438988e+00,5.098221223359278298e+00,4.083188160172546155e+00,3.382887201691653356e+00,2.834675204952885608e+00,2.356995987507404244e+00,1.904388525774003416e+00,1.450737662421730523e+00,9.828577637034929815e-01,4.976906558261218194e-01
9.898388276374670625e+01,9.902970228259241026e+01,9.915698271293868515e+01,9.933502966629002628e+01,9.951233945787730306e+01,9.961671001688183935e+01,9.955655455539364596e+01,9.922429681242964250e+01,9.850254221201619487e+01,9.727330423534461090e+01,9.543016207584088306e+01,9.289315720979145397e+01,8.962640133589235347e+01,8.565774127402674765e+01,8.109711911471772794e+01,7.614631491225365778e+01,7.109208241385499605e+01,6.628182413385582095e+01,6.209356565989259025e+01,5.892092456439112169e+01,5.719143975107749611e+01,5.741238100831769486e+01,6.010563076653029668e+01,6.483654843358627318e+01,6.694088327155370166e+01,6.097140408950647839e+01,5.304495267891371668e+01,4.730170300618559054e+01,4.240270131060759695e+01,3.782326124302725390e+01,3.415734869414070829e+01,3.205621729176322532e+01,3.207289580067137535e+01,3.241259273440392263e+01,2.923270825011210405e+01,2.812151485387789407e+01,2.807708849891690051e+01,2.830806348343406498e+01,2.892627476121183605e+01,3.040457095745985328e+01,3.358679252805979587e+01,4.039267235268849987e+01,2.540099941852889032e+01,1.484675399746937430e+01,1.353407473771737202e+01,1.244014130357737891e+01,1.134612072350205025e+01,1.042989760591791537e+01,1.010749963912416227e+01,1.236909674978203810e+01,1.955240686007286754e+01,1.214052429491126972e+01,9.908339446813485552e+00,9.668095633746265349e+00,1.046483673896934086e+01,1.241732965100146302e+01,1.417886634073622965e+01,1.339001736853343516e+01,1.249216900283256493e+01,1.217014584121929310e+01,1.228541361497362772e+01,1.294798846461196007e+01,1.435865830604796756e+01,1.653133471440290236e+01,1.886260009410667493e+01,2.003031022617363277e+01,1.927030212917954088e+01,1.720572926074859055e+01,1.479677510631391968e+01,1.265378075014279524e+01,1.109031474156252273e+01,1.033613106071762289e+01,1.085056470702965292e+01,1.397891452066399864e+01,2.170274599114643266e+01,2.243779190324326578e+01,1.336845130279273874e+01,8.417611965096227777e+00,6.168371798219174806e+00,5.003090293878431183e+00,4.316776385623244394e+00,3.869091899827026282e+00,3.547967711150246117e+00,3.289833981047474154e+00,3.049027691481198676e+00,2.784556145412508954e+00,2.455320694606744070e+00,2.022621433802795909e+00,1.460637771261130702e+00,7.722460734918001890e-01
9.400113518941253687e+01,9.387342563937238538e+01,9.348322287461459723e+01,9.280993136144149958e+01,9.182140566563103334e+01,9.047752796972017109e+01,8.873577211617795513e+01,8.655911889947034865e+01,8.392639129344358651e+01,8.084434194321538314e+01,7.735964572308556342e+01,7.356775220265510029e+01,6.961528973906247586e+01,6.569438532093400340e+01,6.203089616083700975e+01,5.887260254803263848e+01,5.648563672247844636e+01,5.516611105075421762e+01,5.526530020410314137e+01,5.718721678007576514e+01,6.113711833065798373e+01,6.587950428862627916e+01,6.678189693972760210e+01,6.096968617472140295e+01,5.335848450718179237e+01,4.675592535188993537e+01,4.077342400572623404e+01,3.553938697122526946e+01,3.160449975756563035e+01,2.932060253344930345e+01,2.895987749596145022e+01,3.037907843169218580e+01,2.907390461311272389e+01,2.708067933426096019e+01,2.717925724665592924e+01,2.793286068314072423e+01,2.884818558270387712e+01,3.005827659388009465e+01,3.200791147594470942e+01,3.540554782812341017e+01,4.072749317979747019e+01,4.618564870110145648e+01,1.364281324828213826e+01,1.196776859256363323e+01,1.089530456590948049e+01,9.912445184307161483e+00,9.133400343993546500e+00,8.885416687866831253e+00,1.116312127463393544e+01,1.975813677221472986e+01,1.063036917460570230e+01,8.771343337061821899e+00,8.584684767064842958e+00,9.135012036670442370e+00,1.050752813371058636e+01,1.272184109688570075e+01,1.342251733556225624e+01,1.241466473765177092e+01,1.182047710228522064e+01,1.186662725755975956e+01,1.256753459084146662e+01,1.400192808971260128e+01,1.600746983038850857e+01,1.775008713512367109e+01,1.803913894286415243e+01,1.672451357714108866e+01,1.466688415886958552e+01,1.263570909632539774e+01,1.104643004107955839e+01,1.015750836093010179e+01,1.036095222371172753e+01,1.270474238309462578e+01,1.872124902501013466e+01,1.988707630350315014e+01,1.252136792734706106e+01,8.175701732107487629e+00,6.198296625634935886e+00,5.222016577115251579e+00,4.718255055850217872e+00,4.486557243362576664e+00,4.451024440691786488e+00,4.593727218222887210e+00,4.933750651548218791e+00,5.522731044944273471e+00,6.444132390812118416e+00,7.799191265045801735e+00,9.633997685099915387e+00,1.169146954480078193e+01,1.278919994661724679e+01,9.963548750039642243e+00
7.423677682401977052e+01,7.404784682257218265e+01,7.348306194783826584e+01,7.254922507487522410e+01,7.126019858318748845e+01,6.964032402869864313e+01,6.772844492460848187e+01,6.558176288856331837e+01,6.327868030600696159e+01,6.091999307593147961e+01,5.862839158303265918e+01,5.654714414604071493e+01,5.483980578791653215e+01,5.369335972071043273e+01,5.332651234040429955e+01,5.400019278230801234e+01,5.600783675861384836e+01,5.955081786543661337e+01,6.420689372331189304e+01,6.771057480875381884e+01,6.625185032130092111e+01,5.973874230142046571e+01,5.187662582969883118e+01,4.445197514386832438e+01,3.789070399949535783e+01,3.263019349062920327e+01,2.894200683040841682e+01,2.687344614138085319e+01,2.648974304817312131e+01,2.794205743667706088e+01,2.901742306043391295e+01,2.684082084830825465e+01,2.635691529925859911e+01,2.724000920389324421e+01,2.835351279834685911e+01,2.935373952764091143e+01,3.036641709831457803e+01,3.168901515550000170e+01,3.355686757412016163e+01,3.500692338316797247e+01,3.407015909739919124e+01,2.754609000957675136e+01,1.064093085834122476e+01,9.567158515886731607e+00,8.704859420734889497e+00,8.053652205604965530e+00,7.870229958400543069e+00,1.017217438275486074e+01,1.926042888208294812e+01,9.196275291388623430e+00,7.806442627663745526e+00,7.713059685137501731e+00,8.150815562944547565e+00,9.142941353827783502e+00,1.098463623661827171e+01,1.286577883555779422e+01,1.245953483363391179e+01,1.161240718592071453e+01,1.151114394576507927e+01,1.216081824868280314e+01,1.351551663475447640e+01,1.526267594709076469e+01,1.645300209541912295e+01,1.614750321791909116e+01,1.461355335092329177e+01,1.272802680982499979e+01,1.108196525562268420e+01,9.983717212493804283e+00,9.728813136490643387e+00,1.098066925637187730e+01,1.506305375956749160e+01,1.846823735437905611e+01,1.315432739585046207e+01,8.596147785295048749e+00,6.483490420247017383e+00,5.508342287855971797e+00,5.089834139995453199e+00,5.031342754029322073e+00,5.310588924327941385e+00,6.046039429630645223e+00,7.592133309939475438e+00,1.088143061999200611e+01,1.829400250466899536e+01,3.183157110484485841e+01,3.139700848225544050e+01,1.655988033951754090e+01,8.438279051137676845e+00,4.671114124529229805e+00,2.595159957788539806e+00,1.181995253655965250e+00
5.616371694746990784e+01,5.606386177157429529e+01,5.577114161178467100e+01,5.530621795424487175e+01,5.470392001590920472e+01,5.401376992097495133e+01,5.330065826915526372e+01,5.264575300784336775e+01,5.214788888614858564e+01,5.192581345457726627e+01,5.212148707171496653e+01,5.290338126726339141e+01,5.446414125892573566e+01,5.699264507978101335e+01,6.056132710457990953e+01,6.479650324491878166e+01,6.825722709558628765e+01,6.835758442867901863e+01,6.366676219926614522e+01,5.592519631572980643e+01,4.761199229611321471e+01,4.006726309419520504e+01,3.390345417034860986e+01,2.933480066034180922e+01,2.631384540948313955e+01,2.472195365471769790e+01,2.454993792412290077e+01,2.596884602009570386e+01,2.820740459539753431e+01,2.736284245107186663e+01,2.606458096629923205e+01,2.664206417363557122e+01,2.777237439055835111e+01,2.860899297675118902e+01,2.898193823234003119e+01,2.910908183156808349e+01,2.923986529712863103e+01,2.943381883473876570e+01,2.861328477714086915e+01,2.643572534031179799e+01,2.256898754390127593e+01,1.705377649553445707e+01,8.456346371390367267e+00,7.688702139253845047e+00,7.148689207590197547e+00,7.015552914221034442e+00,9.317444400336594157e+00,1.745846729571758260e+01,7.962741516692862120e+00,7.008612962544757963e+00,7.006494924269768276e+00,7.392027805841361321e+00,8.157987932921928476e+00,9.541284708923170044e+00,1.163198942194908447e+01,1.239530497493364081e+01,1.153465649628968492e+01,1.121255900050666199e+01,1.172368328188346709e+01,1.292231752035770675e+01,1.438622568643508259e+01,1.513668359559180487e+01,1.447687787864151332e+01,1.290907178831024460e+01,1.124555213161188050e+01,9.944409734126136158e+00,9.266599505003247472e+00,9.588598386361081083e+00,1.177584302241760916e+01,1.586611815598819675e+01,1.445608548980590413e+01,9.617284975696671623e+00,6.993665537875537908e+00,5.819932453595244581e+00,5.360340849748923553e+00,5.363959282039942877e+00,5.838522942572432761e+00,7.052225529896505307e+00,9.828129009214570999e+00,1.628322383400351470e+01,2.592929705772184690e+01,2.010726141176331083e+01,1.038793909708591912e+01,6.054620768573881762e+00,4.094859336335110456e+00,3.013559359382111946e+00,2.276071999602113927e+00,1.672218878965381350e+00,1.112061126878183259e+00,5.583491797425788050e-01
5.127048551363574092e+01,5.130674556998327063e+01,5.142372702844666321e+01,5.164617374239479375e+01,5.201576195541051106e+01,5.259159490322385011e+01,5.345032926972616849e+01,5.468458010392570401e+01,5.639604875542800499e+01,5.867468456924169828e+01,6.154458153572521439e+01,6.484160588279881665e+01,6.799262196214584719e+01,6.979979102105335187e+01,6.870502118442790618e+01,6.396007193370795108e+01,5.653509983793652793e+01,4.827481851870801677e+01,4.062130181043796995e+01,3.428862236997446189e+01,2.946524712351467201e+01,2.606696700835205860e+01,2.393070196713809139e+01,2.293998600991758963e+01,2.310857260820247205e+01,2.461279628857917601e+01,2.722601555466393108e+01,2.799661594356753724e+01,2.646310890215737288e+01,2.642432409538313465e+01,2.731741553014023083e+01,2.791475449702847200e+01,2.777575084268135797e+01,2.710514936544943154e+01,2.628162889589539120e+01,2.553546581037795704e+01,2.485095034646840162e+01,2.329027211727385804e+01,2.127262011905215644e+01,1.875190925735463665e+01,1.573686105116702905e+01,1.234706435178585338e+01,6.842094094528650139e+00,6.385370112606292281e+00,6.282656138732766848e+00,8.481241593280341107e+00,1.466328356672871358e+01,6.965942062823415881e+00,6.354248611020041793e+00,6.426039784664139276e+00,6.785055106950776960e+00,7.414053997020186415e+00,8.461679552358170042e+00,1.020935962291200738e+01,1.186448829578026221e+01,1.151600459001505072e+01,1.097027336562597100e+01,1.126311462627277393e+01,1.225055246493542782e+01,1.344801553685261908e+01,1.389152341157855375e+01,1.305195250219619574e+01,1.154144134420502787e+01,1.009542116928301425e+01,9.081799941038394053e+00,8.744696934642416153e+00,9.529104466564186637e+00,1.220267096746108137e+01,1.458856633236111833e+01,1.129052109110981661e+01,7.873535228851902268e+00,6.229793018585172426e+00,5.564933794321314409e+00,5.479925963525023036e+00,5.931011385617923182e+00,7.198751345046161987e+00,1.019768105298867233e+01,1.676104604390973307e+01,2.127221188904527693e+01,1.320068552512508830e+01,7.479395412661816067e+00,5.120525348629678675e+00,4.056721857234912854e+00,3.484018711469993868e+00,3.097109411574949789e+00,2.756335579283253345e+00,2.383536933598362495e+00,1.930610087309680978e+00,1.374090008159045695e+00,7.188662494716613338e-01
6.210112247563139931e+01,6.226580262344436534e+01,6.276079118135656643e+01,6.358597333746456570e+01,6.473026390524947260e+01,6.615165063935711487e+01,6.774255165256502664e+01,6.927770975573611167e+01,7.035512006138738172e+01,7.037723181892837943e+01,6.866973010168993596e+01,6.480438417787385674e+01,5.895952964734352264e+01,5.193995783171983760e+01,4.477021928180520405e+01,3.825278884173337701e+01,3.280693131155318554e+01,2.854124134847146976e+01,2.539394649984689778e+01,2.324821778313070908e+01,2.200554404177907841e+01,2.163256376508389067e+01,2.220074026270084744e+01,2.389706236659247907e+01,2.665810783154805108e+01,2.845174366156460977e+01,2.736827876841097051e+01,2.671471889486257822e+01,2.712219429405922000e+01,2.730485637905710661e+01,2.664967754240816689e+01,2.537738156268989442e+01,2.396563592118867803e+01,2.271284804968731663e+01,2.171080846410058385e+01,2.078899544845089764e+01,1.918809215146541902e+01,1.759199798598172038e+01,1.589876445289288753e+01,1.405330191540579143e+01,1.214763715155602242e+01,1.006227443085175821e+01,5.741009982473055828e+00,5.643527109059065516e+00,7.504037966487842048e+00,1.202359789662230583e+01,6.187964933702483350e+00,5.820607014321277362e+00,5.946169121186373197e+00,6.289241739681006749e+00,6.831057554768483087e+00,7.658998695405361268e+00,9.002816415572256759e+00,1.082933497528487621e+01,1.138465146417702023e+01,1.079074224831325601e+01,1.080849676209836296e+01,1.154334071377631687e+01,1.250842083258350002e+01,1.276841981013830996e+01,1.186588284429288542e+01,1.044750304537972418e+01,9.189205421672586027e+00,8.400504541433239325e+00,8.315998696480086494e+00,9.394057805052312915e+00,1.200331608916250836e+01,1.267190165088562992e+01,9.363188065140015226e+00,6.927782423613226825e+00,5.832945799372168949e+00,5.505749136655113674e+00,5.751506510414228224e+00,6.722315348902252907e+00,9.083950053687539494e+00,1.417924147448426098e+01,1.811613699728539117e+01,1.202516045960839719e+01,7.216416436755357822e+00,5.279264631267754915e+00,4.522847474624325237e+00,4.252396184632800669e+00,4.208090673688880123e+00,4.272494270080818168e+00,4.369600910045212672e+00,4.421959874620440267e+00,4.325948974858628837e+00,3.941204735524395097e+00,3.113298407797215894e+00,1.759643690806811378e+00
6.845941166880223250e+01,6.830356213824758527e+01,6.780708330511400561e+01,6.688673653072146408e+01,6.541789430355149193e+01,6.326218389044552026e+01,6.031327010469884442e+01,5.655367232605591710e+01,5.209910930467573564e+01,4.719970514193878586e+01,4.218631406839408271e+01,3.738662906409011555e+01,3.305491529432318032e+01,2.934320403856651893e+01,2.631163396953677491e+01,2.395904541595065140e+01,2.225662486699802045e+01,2.117668153027837263e+01,2.071670183605610660e+01,2.092311318582070712e+01,2.191677392560011839e+01,2.388369157430743073e+01,2.676051908822902803e+01,2.898694829850730770e+01,2.847957988453919853e+01,2.744011309025464840e+01,2.719347036731234368e+01,2.674191173917368403e+01,2.549828833535907791e+01,2.373798757186891351e+01,2.196354488082191736e+01,2.045570984514692014e+01,1.927319622709622138e+01,1.838941683706254437e+01,1.747215307800130546e+01,1.606567147129007722e+01,1.487093540497111910e+01,1.372846089859782737e+01,1.256906795432761825e+01,1.144797574992846378e+01,1.040705787374944791e+01,9.230561769641676406e+00,5.071818159140029536e+00,6.255723932511680907e+00,1.039769150046815405e+01,5.590445639927976273e+00,5.400292452111676411e+00,5.544825205103709465e+00,5.875526772673278941e+00,6.357232374018106924e+00,7.040089184337128714e+00,8.075280212545488112e+00,9.641822544870780831e+00,1.090201995170406768e+01,1.063128116218725694e+01,1.038323968609351411e+01,1.083217010584065498e+01,1.159483045207367979e+01,1.177447821470402012e+01,1.088855247715162555e+01,9.568641628642648556e+00,8.459399974054527149e+00,7.834224728972039031e+00,7.911829750755227764e+00,9.102546352083074055e+00,1.132088637577010104e+01,1.101616234069462408e+01,8.182624868458422185e+00,6.363181017625896274e+00,5.611854981452236046e+00,5.536109182676385743e+00,6.086092409581844720e+00,7.604505760446667040e+00,1.100056123000572228e+01,1.550970514488172469e+01,1.272385534266017260e+01,7.843683968672820583e+00,5.712266834185197872e+00,4.992751352510738094e+00,4.903653776165550759e+00,5.180578307871686050e+00,5.759199218828392475e+00,6.671560962778366743e+00,8.024012988111618228e+00,1.000728013599891852e+01,1.291863165687321313e+01,1.716588542279388108e+01,2.315863673940931022e+01,3.071936710281369898e+01,3.557942289793778201e+01
4.109490992803061005e+01,4.084780802426840296e+01,4.011754924945112322e+01,3.893778140197263582e+01,3.736556043878533018e+01,3.548069499449913167e+01,3.338182716299507291e+01,3.117862175017982551e+01,2.898130244415879631e+01,2.689025083433169527e+01,2.498856059913031658e+01,2.333929658318727363e+01,2.198758992452290073e+01,2.096657830246357790e+01,2.030602786223523282e+01,2.004311692756886032e+01,2.023582981646832124e+01,2.097941646604051158e+01,2.241924952649204528e+01,2.470797924364320863e+01,2.766971716670258985e+01,2.988956460247881353e+01,2.963639941476423445e+01,2.835078121417186026e+01,2.735009400034198279e+01,2.607299255566612928e+01,2.419310070036523186e+01,2.205940285840481963e+01,2.010297584087452805e+01,1.851198904316528981e+01,1.728632455587109007e+01,1.637109083696309852e+01,1.570203288155276411e+01,1.482253078531072887e+01,1.367267946233569020e+01,1.281034761754491491e+01,1.205511696940502198e+01,1.134207389082859763e+01,1.070867177807983595e+01,1.023294881230492059e+01,9.984822262076509247e+00,9.832602140707590976e+00,4.926790830546323718e+00,1.113569755221076640e+01,5.135089407708925968e+00,5.021320772154513890e+00,5.205415664457224700e+00,5.524374942809351374e+00,5.961109492059357251e+00,6.543458062895613381e+00,7.364540296801170172e+00,8.596818073101875513e+00,1.004523097327045811e+01,1.037653950836416783e+01,1.000154292275650114e+01,1.014688398877840925e+01,1.071890246427419413e+01,1.089669808873854251e+01,1.008750297520072436e+01,8.859881877698839503e+00,7.859771292205963711e+00,7.342344602180617130e+00,7.500519369367686373e+00,8.661048092451695268e+00,1.043716484686578738e+01,9.772096803763385964e+00,7.422219759743775569e+00,5.997550312835842057e+00,5.475395238125968511e+00,5.590800192976286276e+00,6.398318837354355360e+00,8.362841584197955314e+00,1.203350801491147593e+01,1.342808485596880175e+01,9.215581507995352695e+00,6.380912562554219569e+00,5.387240914545610160e+00,5.283445029885314170e+00,5.712096843072567154e+00,6.632416890361048090e+00,8.196345192023546389e+00,1.075430894379738689e+01,1.482236177215052741e+01,2.035991421412142088e+01,2.421823380198467746e+01,2.153134824741655962e+01,1.508784646062141199e+01,9.567057033214842576e+00,5.636074529643253506e+00,2.641108487940502236e+00
2.452160857889711565e+01,2.443285630115479279e+01,2.417304163547332507e+01,2.376093602153073192e+01,2.322604709915807675e+01,2.260620874031298300e+01,2.194472489526690850e+01,2.128755702158207086e+01,2.068109165905104163e+01,2.017098162427330976e+01,1.980245175300848715e+01,1.962236787654617487e+01,1.968335036949455485e+01,2.005023310084182953e+01,2.080877494986133058e+01,2.207359642430311197e+01,2.397802497656758192e+01,2.657353701171567550e+01,2.944898874080853446e+01,3.120604453406599177e+01,3.070802082671895050e+01,2.904420468659927224e+01,2.718900773599212073e+01,2.502447963811100706e+01,2.259801401197025683e+01,2.026760435418555417e+01,1.830140042286747359e+01,1.675950548273206309e+01,1.558488335286054571e+01,1.470058007299306269e+01,1.405928332134247505e+01,1.356287162537832458e+01,1.271359685700927855e+01,1.182482668715287843e+01,1.123007176627592862e+01,1.075612524642184376e+01,1.034511376144840966e+01,1.002297376112660743e+01,9.872343752395673633e+00,1.003296616514364104e+01,1.075844516979429599e+01,1.265907005614728220e+01,1.782665407385649559e+01,4.808721340258625965e+00,4.721204462487849085e+00,4.916513777104292160e+00,5.223022415057143597e+00,5.623506182068416237e+00,6.131804285526754050e+00,6.803518279229292531e+00,7.761384124004044871e+00,9.053775595065294723e+00,9.889534462719961283e+00,9.646958796411608361e+00,9.515250046335598455e+00,9.885778074943418758e+00,1.011040803743150640e+01,9.434208985836090022e+00,8.291645860215746566e+00,7.362996976009283934e+00,6.905254017172346437e+00,7.079231398105967799e+00,8.123632223637189398e+00,9.542311856949293514e+00,8.857505836791590426e+00,6.907408294115702674e+00,5.743055281619069419e+00,5.375340722915911584e+00,5.627096951638000277e+00,6.614566307745506357e+00,8.792385475942076312e+00,1.183550322915709607e+01,1.097943989880072380e+01,7.544089125563580467e+00,5.858304517964896263e+00,5.470048740612409865e+00,5.810090491158492298e+00,6.751989377028855266e+00,8.435050565616519336e+00,1.117493971522868179e+01,1.505518495337713247e+01,1.828755985691705632e+01,1.728072443082986354e+01,1.331240276882312834e+01,9.932110768122193178e+00,7.790258549750939565e+00,6.366731430302452921e+00,5.148529790934364136e+00,3.773019485070261414e+00,2.044763617638900577e+00
1.960148120893756385e+01,1.958667782341440144e+01,1.954554959192070740e+01,1.948782168929293945e+01,1.942934518331854576e+01,1.939171172956147871e+01,1.940200111228411828e+01,1.949291706059361928e+01,1.970359996769007793e+01,2.008139920741205486e+01,2.068475749022649168e+01,2.158677315581776313e+01,2.287680675547079190e+01,2.465000193339308510e+01,2.695229032018157156e+01,2.960439210282525124e+01,3.187368166699157257e+01,3.254864224326539102e+01,3.125117503077471426e+01,2.888305155256500711e+01,2.614939718983226769e+01,2.331202046946900808e+01,2.063739223400317258e+01,1.835463553175342710e+01,1.653911141447292721e+01,1.514512212200347463e+01,1.408368786640197357e+01,1.327471489848552899e+01,1.267135394655283243e+01,1.225289245225122947e+01,1.183652097044665119e+01,1.103915707549545289e+01,1.039313613099506206e+01,1.001144046125657106e+01,9.740666258973430303e+00,9.525911635468020222e+00,9.380301398211221553e+00,9.373020493269191178e+00,9.631267903434871158e+00,1.038031498902886085e+01,1.213443911512491802e+01,1.679852533591340702e+01,4.866960494119176417e+00,4.473767444423693007e+00,4.668356376679838604e+00,4.962171441104756830e+00,5.331372354254715340e+00,5.781614569314275087e+00,6.344580259201637595e+00,7.099435591969793791e+00,8.141363873769780213e+00,9.161011502350536517e+00,9.256631716210851124e+00,8.955011337916719327e+00,9.101327795217549976e+00,9.379789124854786664e+00,8.898298394543591172e+00,7.843378839930736923e+00,6.952883775921314680e+00,6.515099172402250005e+00,6.659218805749789638e+00,7.549080770164029452e+00,8.713591853468670934e+00,8.169929063260440216e+00,6.543812382507175229e+00,5.554046360309849995e+00,5.285758339978330334e+00,5.620712187554167016e+00,6.693062050108755656e+00,8.828832613464731693e+00,1.094334087854442750e+01,9.295392847510131062e+00,6.736905146081550555e+00,5.703038508763080827e+00,5.706873134873591269e+00,6.414395057170441561e+00,7.840323453966679956e+00,1.018126172928661788e+01,1.336586639210498539e+01,1.573950454945578414e+01,1.483609974693587219e+01,1.221186397636369136e+01,1.042317923329594365e+01,9.890028222784907896e+00,1.033603850080680964e+01,1.154974178215318936e+01,1.342418178772202353e+01,1.579961972868008147e+01,1.791187614579259346e+01,1.613169487466741359e+01
2.052952551619651089e+01,2.056536997184394977e+01,2.067627838559271680e+01,2.087248362508053035e+01,2.117141212560675712e+01,2.159826651989622448e+01,2.218680624804851931e+01,2.298000977027404446e+01,2.402951914115867282e+01,2.539069504029320967e+01,2.710508388411652092e+01,2.915201613725526641e+01,3.134167540353725201e+01,3.316349595264060923e+01,3.381050589194727252e+01,3.273531827300237040e+01,3.023637662078603228e+01,2.707186052775483276e+01,2.383500883847942120e+01,2.087745450719964424e+01,1.838068230946095127e+01,1.638573074230166426e+01,1.484021131610653299e+01,1.365444234732451356e+01,1.274033314413600593e+01,1.203066680166995361e+01,1.148710421208276600e+01,1.110019891451552354e+01,1.083940877376412537e+01,1.041131798635974803e+01,9.719349208021021980e+00,9.285771020321620384e+00,9.067543233005926240e+00,8.930162457680179244e+00,8.815632005468355459e+00,8.723621059123654931e+00,8.705091287368183828e+00,8.850114429928112258e+00,9.279840710742703891e+00,1.015791807397634727e+01,1.168914125419748729e+01,1.365379288428784044e+01,4.297830321067541703e+00,4.454746294819500463e+00,4.733221659740626919e+00,5.074405316803021648e+00,5.476237210709844483e+00,5.955287837348377522e+00,6.559865177279666781e+00,7.371679599743064415e+00,8.325298007808413558e+00,8.751099301028709476e+00,8.457520460315603117e+00,8.375671860833922011e+00,8.660384014222110238e+00,8.436058653129041573e+00,7.496411957188175990e+00,6.618030917736672514e+00,6.167708103866187841e+00,6.252077233567976400e+00,6.976709857419605143e+00,7.960224422837891112e+00,7.623244938033080231e+00,6.273205497618439708e+00,5.402910154860995462e+00,5.191607331414949122e+00,5.561022315448727049e+00,6.628722112640161868e+00,8.552744774346676238e+00,9.928565471620288463e+00,8.244080631588257546e+00,6.326948139300836438e+00,5.695553010335585142e+00,5.978480110286310989e+00,6.982303338874052301e+00,8.772607942132559344e+00,1.135697885039648192e+01,1.378330005248087353e+01,1.399028867233620410e+01,1.240296145226407276e+01,1.133465903979595879e+01,1.157194786955416710e+01,1.298552112914659418e+01,1.521769265493111334e+01,1.752835636595346713e+01,1.864009396873821345e+01,1.745601619080161626e+01,1.414131682618262609e+01,9.731181985603743811e+00,4.967864101852892844e+00
2.688932574157922772e+01,2.698448421844194911e+01,2.727286892175939670e+01,2.776250670500524009e+01,2.846401065791861384e+01,2.938476344773770421e+01,3.051688291298205868e+01,3.181428896949221041e+01,3.315440406578606769e+01,3.429026402219326286e+01,3.483362570133208180e+01,3.435733780712811836e+01,3.265115740154173807e+01,2.992299315381306002e+01,2.668058280490578227e+01,2.342971314771313729e+01,2.049862909300963310e+01,1.803028537476269832e+01,1.603930216688382870e+01,1.447161589560699291e+01,1.324813054694454806e+01,1.229053884651284356e+01,1.153396537300930191e+01,1.093221651661686522e+01,1.045992274180661497e+01,1.011290182649393543e+01,9.894554486269180771e+00,9.706703842402198745e+00,9.227641866933744552e+00,8.692682163927024419e+00,8.431937770196640258e+00,8.323102401931770089e+00,8.242855057308961619e+00,8.130036582858291894e+00,7.983240802003499503e+00,7.852201786337086986e+00,7.808867427242316417e+00,7.919418621835760952e+00,8.228275801291095704e+00,8.729417755399948575e+00,9.252924697149754962e+00,9.052662906246911945e+00,4.276973710810172413e+00,4.531670990842795455e+00,4.847853027380977231e+00,5.205884888394574084e+00,5.616937338159444515e+00,6.107069134774389951e+00,6.734762506990499276e+00,7.523566874178722053e+00,8.119813036908530179e+00,7.991990391458458909e+00,7.733481071798875561e+00,7.931222912747948328e+00,7.991227042183113305e+00,7.236369323137347820e+00,6.356514102754839968e+00,5.866387916363424715e+00,5.872579623785966874e+00,6.435935961217964518e+00,7.278210901842863123e+00,7.160961106917596020e+00,6.063147836945514513e+00,5.277552239072336171e+00,5.090269531006564208e+00,5.454151050156497149e+00,6.451949973259774040e+00,8.104136951339269146e+00,9.036954530960761289e+00,7.583521605701526447e+00,6.111146443294734887e+00,5.741661806092990261e+00,6.223689651396391298e+00,7.438883352687231110e+00,9.410608542715891645e+00,1.179485834275288880e+01,1.315913544998109685e+01,1.261544561802919695e+01,1.175586023697039550e+01,1.179917737588312932e+01,1.255363681942147736e+01,1.316996451902440235e+01,1.284420227695085615e+01,1.160999786346568285e+01,1.019621343943565250e+01,9.186520457067871348e+00,8.708647242545053402e+00,8.490320002875639815e+00,7.776254153416228831e+00,5.224658586771735003e+00
3.539579784850693045e+01,3.542013760139514034e+01,3.547751862330598982e+01,3.551949778897702714e+01,3.546163957192114680e+01,3.518341570430480658e+01,3.453989897933017517e+01,3.339498056748515609e+01,3.167591131411579042e+01,2.942513587107552553e+01,2.680855721075391429e+01,2.406272261431092829e+01,2.141405458505205672e+01,1.902120342869848457e+01,1.696103998919622313e+01,1.524496053221355751e+01,1.384431676087556440e+01,1.271224669218955583e+01,1.179828731526442098e+01,1.105675316547860554e+01,1.045106771081383279e+01,9.955971044374933854e+00,9.558903692232600946e+00,9.260868386682341580e+00,9.072233786982408787e+00,8.970858881326048362e+00,8.754489081620665303e+00,8.266671181886254161e+00,7.905023465195803567e+00,7.764471050386356765e+00,7.695403630955899743e+00,7.583924657250662449e+00,7.384703304312334460e+00,7.124529210456231887e+00,6.872828341056291812e+00,6.697235824644920399e+00,6.640329045528259755e+00,6.717920436918756621e+00,6.918261042762474666e+00,7.183612099133807050e+00,7.355995004356175038e+00,7.023976412625998478e+00,4.355567643919100007e+00,4.641983476647770779e+00,4.963830701158721936e+00,5.317371686765315353e+00,5.717219011954388641e+00,6.202179586209077833e+00,6.818028063290593188e+00,7.427300502307887520e+00,7.515825308835200502e+00,7.191455756044518033e+00,7.214736094211737338e+00,7.490947721776453072e+00,7.037669685006797238e+00,6.170416728441341370e+00,5.616886453884950114e+00,5.532453016835536808e+00,5.944127653358410868e+00,6.661082697617015214e+00,6.743405534781798494e+00,5.891294987649386528e+00,5.172388376950953770e+00,4.984827897937216257e+00,5.314132055425513812e+00,6.205250346398782924e+00,7.595294029429267013e+00,8.306972481614138815e+00,7.151763727564763862e+00,5.994319883573973051e+00,5.797506797846518900e+00,6.413187861730373918e+00,7.752394332402445798e+00,9.739100338990503758e+00,1.173286692672990128e+01,1.242363076067633010e+01,1.189505440879543485e+01,1.147268783330392949e+01,1.137803061483473321e+01,1.100983162286428652e+01,1.013173918407681562e+01,9.251244186456631269e+00,9.091052758160689251e+00,1.032787988468972884e+01,1.384930533779906625e+01,2.055358765375840946e+01,2.776757268807544676e+01,2.619239603165776131e+01,1.684808200562098079e+01,7.797258661553718717e+00
2.782276074658701503e+01,2.767560583566832833e+01,2.723491260420327720e+01,2.650512371153552849e+01,2.549992035914851840e+01,2.424882668999230972e+01,2.280134213487245987e+01,2.122541061918221672e+01,1.959937335295542837e+01,1.799992455405270420e+01,1.649067584472167880e+01,1.511521694658799575e+01,1.389587770564419955e+01,1.283689347970942052e+01,1.192968549034286774e+01,1.115833252426978817e+01,1.050419447410884111e+01,9.949411353199854702e+00,9.479435997995510732e+00,9.084923102722552102e+00,8.763288971245920322e+00,8.519919523056396216e+00,8.366783460170223563e+00,8.303952096628597346e+00,8.235086345698604759e+00,7.927788508173283510e+00,7.515220410295109232e+00,7.295632139540986216e+00,7.200472007693525356e+00,7.082668716998286484e+00,6.860268686981507713e+00,6.540248443114471399e+00,6.192319345001706665e+00,5.892313935253323365e+00,5.687674314445434476e+00,5.596900823701211891e+00,5.620894609052617952e+00,5.749870197710427178e+00,5.961112125885836832e+00,6.205807445479627482e+00,6.378048847684780753e+00,6.215328200959602256e+00,4.457969327163469053e+00,4.743524606702854030e+00,5.047042040954674569e+00,5.372951960647798231e+00,5.746292365703709493e+00,6.212236483009037080e+00,6.746339250928389930e+00,7.001026723613046343e+00,6.735076219962765620e+00,6.566297076273707845e+00,6.878765817818810469e+00,6.836020389439811495e+00,6.057084259446865460e+00,5.423164997076545646e+00,5.236607461078479631e+00,5.505954428450987592e+00,6.100084378208303626e+00,6.338714619590013477e+00,5.734437169709948989e+00,5.080674229278581144e+00,4.877247708285503691e+00,5.153177863813295900e+00,5.922635967287459557e+00,7.085280371335811012e+00,7.703020260859938517e+00,6.846503413266513682e+00,5.924225693529705516e+00,5.839400887156021014e+00,6.534328215330043044e+00,7.923027199892285211e+00,9.822911342405781454e+00,1.144756454522386591e+01,1.179891191783314319e+01,1.126951316250774937e+01,1.060623334029945397e+01,9.743139802955491646e+00,8.696370913192597030e+00,7.970849454625394515e+00,8.209919113127117640e+00,1.016066761010259256e+01,1.447616100829012353e+01,1.839866647105348108e+01,1.566053658505718360e+01,1.015305782480784202e+01,6.246039398498370865e+00,3.834569671475640540e+00,2.238626050827985381e+00,1.040764006660666041e+00
1.677266944220249201e+01,1.669037256661485458e+01,1.644824061156997530e+01,1.606016307498214957e+01,1.554797648556525047e+01,1.493946796525242959e+01,1.426568455628867227e+01,1.355788473860481957e+01,1.284464264380682508e+01,1.214962361000643298e+01,1.149036943340454542e+01,1.087815346714184983e+01,1.031872112415089759e+01,9.813606285757693115e+00,9.361715734151943025e+00,8.960955991327335113e+00,8.609784855268443948e+00,8.308663910629920935e+00,8.061425406712530162e+00,7.876372150299526531e+00,7.765606493086463225e+00,7.734684009729908993e+00,7.735122872200594912e+00,7.589781283381147325e+00,7.230351110283339544e+00,6.933856413395189655e+00,6.777751263916864666e+00,6.629767876439474072e+00,6.385069908317664300e+00,6.035024374746833509e+00,5.645759521502535350e+00,5.294782771844430691e+00,5.029751805088378269e+00,4.867233839665852102e+00,4.806802522628217389e+00,4.842029886739018352e+00,4.964846171916659223e+00,5.164742078223460986e+00,5.423661104585608683e+00,5.705176826859426065e+00,5.930371377650489606e+00,5.893081388965882184e+00,4.543967851447461292e+00,4.803148930747802581e+00,5.067513046450155656e+00,5.353537651231099481e+00,5.699940262354264320e+00,6.132128973434380903e+00,6.468642481695042079e+00,6.342092969711288220e+00,6.048253853161467575e+00,6.209886983467482580e+00,6.537256509249123049e+00,6.015911403663953827e+00,5.303673972492428668e+00,5.000498434553357185e+00,5.135257685013772111e+00,5.607446008616556732e+00,5.946836557282164648e+00,5.586794365923042349e+00,5.009018212949034599e+00,4.781346126921448558e+00,4.993776206576705512e+00,5.642638788865960819e+00,6.618750285576124881e+00,7.205266925719122639e+00,6.625695136082421222e+00,5.889349298319912052e+00,5.872443376414238081e+00,6.602743921659914861e+00,7.987210087052599050e+00,9.757017369518393934e+00,1.108140879381414123e+01,1.117414151323970017e+01,1.038046318831713499e+01,9.213109982815726795e+00,7.956486619670499749e+00,7.064277214974179486e+00,7.053700196707179515e+00,8.536404896842487489e+00,1.199546209354955906e+01,1.466261591373050344e+01,1.189711198622537225e+01,7.755128187776838544e+00,5.019787923820084430e+00,3.373168061854570077e+00,2.313045957842474465e+00,1.560799820082503508e+00,9.724290248222189348e-01,4.686602308898502045e-01
1.144303145832152779e+01,1.140660021639361332e+01,1.129927606101156456e+01,1.112674894063315811e+01,1.089780773047372975e+01,1.062341547857197455e+01,1.031562925802908026e+01,9.986534175287719250e+00,9.647349336604882808e+00,9.307821224102607260e+00,8.975959914735099687e+00,8.658114068342804615e+00,8.359337409499579152e+00,8.083980359365995128e+00,7.836443768900480222e+00,7.622044316243259843e+00,7.447921930449852290e+00,7.323715143773679159e+00,7.260727668626443254e+00,7.264306489208882667e+00,7.303330903042326128e+00,7.252927828582178549e+00,6.987624255401614803e+00,6.660027796478296125e+00,6.428843188649668861e+00,6.224038764482231478e+00,5.943805260717748951e+00,5.573076655828024251e+00,5.171316554998117709e+00,4.809119329044841962e+00,4.528056998440721514e+00,4.340292104068899093e+00,4.242683849164441412e+00,4.227675495664373173e+00,4.288213214246572313e+00,4.418818604512741999e+00,4.614552416861505968e+00,4.868391974131225375e+00,5.166494390689635452e+00,5.479227361671346053e+00,5.739921435542205685e+00,5.765044388878004966e+00,4.577681683913004562e+00,4.791273925592054894e+00,5.006098421630889028e+00,5.258382079949797117e+00,5.590546445348021365e+00,5.937163093488329046e+00,5.966057612442110525e+00,5.652586763330513797e+00,5.592588598555203738e+00,6.035714049378504420e+00,5.981264072142689514e+00,5.261432637333996354e+00,4.824436240594199177e+00,4.825151142099470825e+00,5.173951852145163954e+00,5.554597052411280877e+00,5.421624303185268445e+00,4.944778370198865680e+00,4.694637514009558643e+00,4.839630352705959204e+00,5.374703432914729184e+00,6.196176684040088922e+00,6.771437574635918999e+00,6.439909701349588289e+00,5.865568650447672283e+00,5.888178536943023289e+00,6.619973222848285488e+00,7.961509076314632338e+00,9.579540892835524346e+00,1.062904921739264985e+01,1.041150940929491675e+01,9.240722371242382494e+00,7.774434915972516791e+00,6.576890287814385339e+00,6.089223511573504943e+00,6.740453664122636468e+00,9.081315414499668393e+00,1.211420860495855401e+01,1.116369187298938925e+01,7.629406743192812534e+00,5.045658276934283926e+00,3.510953240675596110e+00,2.559352020227967373e+00,1.911430554330351139e+00,1.424230201362752801e+00,1.022607743668446645e+00,6.652291160459622432e-01,3.288149414743202215e-01
8.813639940340411982e+00,8.795134547316585838e+00,8.740451712141016571e+00,8.652014102469751222e+00,8.533615695023311076e+00,8.390102420872558753e+00,8.227007988759648782e+00,8.050207541536224198e+00,7.865646701754336334e+00,7.679189920406981784e+00,7.496614398757439623e+00,7.323758666395563388e+00,7.166819452014038916e+00,7.032768211065898001e+00,6.929790750280839795e+00,6.867400829154846065e+00,6.854975994743384149e+00,6.894610902523778506e+00,6.958366234118273930e+00,6.950224577672470261e+00,6.753179480054072314e+00,6.429977025903044208e+00,6.131791929512631079e+00,5.852568131959134945e+00,5.522669225975695539e+00,5.133875830483458635e+00,4.737085594478129380e+00,4.388183461740647218e+00,4.117157104888136132e+00,3.930111334390162803e+00,3.821522800508492246e+00,3.783101626561102826e+00,3.807728258915066277e+00,3.890471680298435153e+00,4.028280754182800294e+00,4.219038966601540430e+00,4.460085152454640323e+00,4.745932772251904019e+00,5.064450392681152380e+00,5.389321111692635391e+00,5.660261275209799159e+00,5.702720308841824348e+00,4.535663878426410278e+00,4.695484185926268594e+00,4.874507145479755721e+00,5.120617290476769945e+00,5.434896843376213482e+00,5.586883869281312087e+00,5.345937565341996489e+00,5.114515034223066081e+00,5.397525433790018035e+00,5.811633908946800986e+00,5.296645505494890216e+00,4.719903814310222323e+00,4.578294988745423844e+00,4.802338494113477907e+00,5.171602951869791909e+00,5.227107488261339974e+00,4.880950667838823698e+00,4.620364435630985867e+00,4.699013794003237265e+00,5.130125564822463069e+00,5.822322264799839608e+00,6.386460574372431864e+00,6.268400183688660476e+00,5.845907696554542454e+00,5.891082480444986835e+00,6.597913383339504279e+00,7.865749757362483052e+00,9.308994839613138339e+00,1.006866565544293124e+01,9.510981796931282872e+00,8.068019054101949195e+00,6.582028210014767566e+00,5.617195749565828677e+00,5.491938761344083986e+00,6.602288319376126147e+00,9.232037456580988177e+00,1.082211564175770135e+01,8.482337301618114722e+00,5.737287001794832975e+00,4.052383584144170214e+00,3.080351430898320420e+00,2.486709382240548383e+00,2.091632751648753175e+00,1.795280606072413576e+00,1.531456089318883329e+00,1.247663249170005706e+00,9.030039410669377098e-01,4.801222462433418769e-01
7.299406670784957640e+00,7.289229393751817554e+00,7.259167408839505953e+00,7.210605878131692847e+00,7.145777729148150570e+00,7.067668624519718890e+00,6.979917394090096039e+00,6.886738080139409135e+00,6.792888363556226494e+00,6.703702360161689633e+00,6.625189833728062361e+00,6.564164565182773359e+00,6.528256381334829328e+00,6.525349794180090868e+00,6.561124327312417570e+00,6.631334606991712732e+00,6.703448596771299783e+00,6.695420153379338934e+00,6.516463039901077003e+00,6.194541488154470699e+00,5.840835533716804306e+00,5.485037577901152872e+00,5.103567548569065693e+00,4.704529158255343901e+00,4.327742853239024967e+00,4.009192068165390310e+00,3.764603424594681336e+00,3.593762522537691240e+00,3.489539893208326582e+00,3.443814917817666910e+00,3.449966712789698242e+00,3.503446057290893201e+00,3.601539158170974364e+00,3.742832057280454094e+00,3.926524659976182718e+00,4.151571995109870628e+00,4.415543767324447977e+00,4.712982069956106912e+00,5.032637869251111340e+00,5.351312738151214887e+00,5.614755135822746546e+00,5.651890581876561903e+00,4.416367515935004207e+00,4.539885202505233863e+00,4.717285722752007082e+00,4.982523568085217569e+00,5.207830737607721971e+00,5.090736234783910241e+00,4.783724925215848245e+00,4.817431078710532333e+00,5.373672155618169910e+00,5.362270186997387000e+00,4.707049737026203218e+00,4.403847896631196690e+00,4.498745950597049514e+00,4.817058358494086256e+00,5.005050997068149599e+00,4.812462312261789776e+00,4.563789557114961148e+00,4.581571975607889868e+00,4.919235174168735014e+00,5.502612496848868773e+00,6.049044713669404771e+00,6.106195942540071364e+00,5.831571902741550240e+00,5.891775748912708721e+00,6.552179308334915575e+00,7.716824303591285350e+00,8.953833779395203862e+00,9.406497294431348521e+00,8.566985622735213468e+00,7.038817608824388117e+00,5.692274752659498560e+00,4.967424455034286090e+00,5.098462278342008602e+00,6.465910479254088905e+00,9.004026798224519013e+00,9.503445692396962130e+00,7.110058267407093346e+00,5.130670694994332592e+00,4.136810983010263953e+00,3.851955071700385869e+00,4.226042584502298638e+00,5.623232027975211267e+00,9.272945612372751611e+00,1.703716815574526322e+01,1.918048506677405385e+01,1.027239559386308088e+01,4.706206542880431165e+00,1.898023683557381602e+00
6.412224079152628597e+00,6.407745467850400445e+00,6.394695954836504548e+00,6.374230811944814334e+00,6.348265154059062887e+00,6.319464343316150590e+00,6.291238491135042743e+00,6.267737917938964287e+00,6.253822340377645617e+00,6.254914417333745646e+00,6.276496054989944007e+00,6.322650424482290532e+00,6.392325309149771151e+00,6.471097496611366573e+00,6.518101361979089958e+00,6.462505671661721962e+00,6.247000455478890046e+00,5.897697052234396331e+00,5.493219034149610103e+00,5.077799218424527972e+00,4.665801794084045717e+00,4.277423321135853662e+00,3.937629568959288839e+00,3.662139890402882347e+00,3.453972382309400402e+00,3.308168447887793739e+00,3.217114606922577558e+00,3.173629682150180820e+00,3.172131707457426231e+00,3.208787952497682561e+00,3.281255531354865251e+00,3.388292191732034109e+00,3.529327001450721646e+00,3.703997047006379884e+00,3.911633883955845103e+00,4.150694953506905982e+00,4.418149586543307805e+00,4.708752049596864886e+00,5.013641908384114387e+00,5.315645254613343695e+00,5.569845057277655442e+00,5.605784817646942031e+00,4.241319053546277473e+00,4.365616180953413306e+00,4.578699892898474566e+00,4.830504736725527160e+00,4.844785575431886926e+00,4.550906912939378657e+00,4.389627630478321052e+00,4.756099433053972980e+00,5.268932981883622801e+00,4.784337489988277348e+00,4.303512015331889984e+00,4.256056693806797853e+00,4.494244292541327290e+00,4.750880100368592984e+00,4.716563326683842483e+00,4.512910552923554697e+00,4.481832454312284497e+00,4.735928694973856601e+00,5.225151460605781395e+00,5.744201506704027516e+00,5.935687901825248858e+00,5.805643348868539277e+00,5.882496314694130035e+00,6.478652238925819873e+00,7.507110389545445628e+00,8.501619465675535281e+00,8.660573972973272916e+00,7.664852434572755335e+00,6.208241921946577868e+00,5.055850798741278851e+00,4.529068061070695705e+00,4.823249787260719401e+00,6.305321923405626805e+00,8.682683257728029957e+00,8.790749273445186418e+00,6.939163109639279625e+00,6.074114890706772130e+00,6.950180434863673540e+00,9.946258139880715277e+00,1.086425115258009555e+01,6.789051157910108714e+00,3.972193834814508051e+00,2.607695761641792842e+00,1.871260799681506715e+00,1.396082528821596114e+00,1.026180278325050654e+00,6.880519920355432362e-01,3.484569779101942544e-01
6.042662442848922844e+00,6.043554562926645168e+00,6.046597221281880152e+00,6.052875086531828153e+00,6.064139353537734145e+00,6.082684884119804458e+00,6.111078259580149385e+00,6.151570748173895709e+00,6.204867022240301289e+00,6.267673300713738627e+00,6.328311261797003873e+00,6.360641032160807562e+00,6.321071214186558151e+00,6.161569376738351700e+00,5.865001063113850499e+00,5.467660686896769207e+00,5.030296934749223681e+00,4.599283833350775730e+00,4.202216240038647577e+00,3.856392426092580816e+00,3.570914456843288232e+00,3.346894024584456950e+00,3.179853927906450828e+00,3.062959778175189385e+00,2.989367315849711382e+00,2.953363904692596353e+00,2.950683524444430716e+00,2.978411167909755797e+00,3.034731682214331094e+00,3.118637796325385292e+00,3.229631519558839869e+00,3.367418185844539558e+00,3.531587789577850245e+00,3.721297803035539253e+00,3.935014346134702024e+00,4.170425937077659739e+00,4.424674614195145850e+00,4.694920917110834147e+00,4.978571763963801189e+00,5.269831926928314481e+00,5.538084345755045490e+00,5.608148766581743772e+00,4.060573801941869121e+00,4.228681181635551845e+00,4.476469317355624256e+00,4.599583408635854909e+00,4.381691587432500867e+00,4.113336335786454967e+00,4.217873347271694939e+00,4.851222023642320913e+00,4.909177264595476764e+00,4.303555702246852910e+00,4.087244043650740011e+00,4.223445708163708900e+00,4.491159921792164944e+00,4.593977178102393033e+00,4.470002715510212887e+00,4.408880195564202076e+00,4.589486817668431584e+00,4.996994757820594657e+00,5.482649390755767627e+00,5.770592416114239676e+00,5.776585881391560484e+00,5.876171235278282445e+00,6.392295358646649106e+00,7.248661518188170838e+00,7.972759673375717782e+00,7.893812590658666473e+00,6.882194232770344478e+00,5.591972119415355991e+00,4.639346434154967724e+00,4.274485408320916058e+00,4.684493794466915162e+00,6.239385306452360780e+00,8.639300331799514510e+00,9.097060832764626070e+00,8.543247642668138297e+00,9.420397793029898992e+00,8.870405247348889688e+00,5.889987218810954772e+00,3.816326851279061572e+00,2.740622477364884624e+00,2.159850028406984368e+00,1.821340150103090139e+00,1.609285061886489565e+00,1.460169330295246759e+00,1.324673175446555717e+00,1.150588812931530036e+00,8.832660560520455562e-01,4.902455053065635227e-01
6.120064687827064809e+00,6.123900567481399548e+00,6.135247737330740136e+00,6.153470700668117743e+00,6.176960339263326105e+00,6.202190675312024837e+00,6.222220213224860075e+00,6.224710368929065041e+00,6.190220672422230841e+00,6.093024110445721675e+00,5.908045294353025945e+00,5.624769948088292892e+00,5.259200401128594216e+00,4.849930801659452229e+00,4.439871343790802172e+00,4.061054058631730079e+00,3.731154800066183164e+00,3.456610729261400117e+00,3.236681709999555956e+00,3.066767198385966786e+00,2.940815322411460819e+00,2.852846676416609384e+00,2.797731478441334296e+00,2.771453924485600684e+00,2.771089448627106488e+00,2.794652199928160385e+00,2.840898788743473347e+00,2.909123885180708857e+00,2.998954449490609520e+00,3.110136888578729497e+00,3.242311753490667581e+00,3.394784188347799159e+00,3.566328855837697098e+00,3.755118869590612363e+00,3.958935132731822293e+00,4.175871488963178280e+00,4.405739383214335447e+00,4.652139996546711842e+00,4.924246544254295976e+00,5.233902594295969379e+00,5.568898752496420634e+00,5.736171661555333756e+00,3.944114544138654921e+00,4.151060481611557051e+00,4.347116172779019294e+00,4.238532444587828074e+00,3.937676908280163257e+00,3.848070897148625491e+00,4.260792504935184688e+00,4.861252947786931955e+00,4.414583540560346187e+00,3.998943684345146465e+00,4.007758593243182510e+00,4.239869550919939556e+00,4.437316585112482947e+00,4.419452550089831178e+00,4.356373043294303748e+00,4.475186256543106644e+00,4.810384706864823556e+00,5.258242699194215497e+00,5.609067512958265667e+00,5.735783793534587893e+00,5.865754440873427455e+00,6.287779673719473550e+00,6.935120662917304557e+00,7.379872374453633199e+00,7.151197282079335693e+00,6.242596217188046026e+00,5.166765019633611900e+00,4.407347866913147172e+00,4.190153814310793479e+00,4.717834455041503006e+00,6.395652232294302131e+00,9.115284740286266896e+00,1.040942599542220570e+01,9.846630952716829199e+00,7.485014100262166181e+00,4.978879363986377093e+00,3.481468965974887642e+00,2.667466663574735719e+00,2.215904670067825322e+00,1.970787746990709799e+00,1.865372782731811174e+00,1.878380533049250900e+00,2.015337557690732861e+00,2.297145876554829158e+00,2.736064300053264731e+00,3.258072642275999797e+00,3.503692022520155103e+00,2.614912045992268119e+00
5.969918693418973632e+00,5.962007706667915130e+00,5.936832982826556915e+00,5.890087575482483295e+00,5.814780947317332860e+00,5.701960067644740171e+00,5.542507072446944960e+00,5.330334563994543196e+00,5.066341835180033115e+00,4.761056820532272305e+00,4.433539094403904812e+00,4.106317397988834550e+00,3.799251134302816801e+00,3.525705521918132135e+00,3.292046129106784846e+00,3.099243688525932239e+00,2.945011872829583766e+00,2.825582903549250791e+00,2.736881813388325480e+00,2.675177473753775903e+00,2.637371343099736976e+00,2.621068756824551649e+00,2.624535144242823304e+00,2.646599315192132984e+00,2.686535947835078098e+00,2.743939685904261960e+00,2.818591615332688427e+00,2.910313454670787614e+00,3.018805125324719452e+00,3.143468936309734563e+00,3.283241739068287757e+00,3.436489191847713620e+00,3.601065720670293402e+00,3.774704678130991198e+00,3.955957722306768787e+00,4.145917522831032542e+00,4.350880063428808064e+00,4.585800177711440995e+00,4.877325080979488803e+00,5.260772429057292143e+00,5.744412056112224718e+00,6.089832588676169500e+00,3.853834359663288467e+00,4.089349253121410399e+00,4.095668812139596326e+00,3.819581834854224311e+00,3.613659192820417587e+00,3.770779561402215485e+00,4.437334020267780232e+00,4.573120574771049718e+00,4.007100552834030438e+00,3.851583396471003340e+00,4.010813801976831350e+00,4.250356716952152780e+00,4.343840443388002903e+00,4.313760868505500667e+00,4.387116477722430297e+00,4.658188650566574829e+00,5.065714013069955612e+00,5.451795383901147929e+00,5.677242079764810434e+00,5.841342756818335147e+00,6.156178513331278523e+00,6.562815982077774279e+00,6.746906282498543739e+00,6.468168281489328209e+00,5.745331601474013006e+00,4.904677455803163610e+00,4.334041055990067726e+00,4.269409623910469520e+00,4.944052064233606103e+00,6.783544972910160453e+00,9.687378304077775226e+00,1.044228704909395589e+01,7.882817668345809992e+00,5.291104556737346698e+00,3.725466889011797011e+00,2.857242365049805777e+00,2.373074915368422744e+00,2.114889954522436444e+00,2.018392493128517984e+00,2.079695251114210830e+00,2.359967595974832300e+00,3.046632334929477715e+00,4.678945527139921623e+00,9.007817493350223970e+00,2.115225159922292519e+01,2.824303735374881086e+01,1.213877183462741627e+01,4.110747739379672083e+00
4.617413698820405088e+00,4.598921535236111247e+00,4.543685758983695422e+00,4.452630901268039842e+00,4.327899168538462682e+00,4.173493788835402896e+00,3.995689115420608672e+00,3.802865857086934476e+00,3.604639807725629197e+00,3.410511650470482437e+00,3.228536870589615582e+00,3.064485361217228476e+00,2.921668522721976302e+00,2.801298897798587539e+00,2.703104409165790756e+00,2.625952798490938100e+00,2.568351361258935928e+00,2.528785234564501216e+00,2.505913006279547606e+00,2.498657307795970617e+00,2.506226501275443663e+00,2.528094278347059465e+00,2.563953754044634437e+00,2.613654141078836091e+00,2.677121996795794878e+00,2.754265467319860772e+00,2.844859328099547113e+00,2.948412158385294024e+00,3.064026947902642739e+00,3.190285860967767562e+00,3.325221363675578967e+00,3.466478918947368815e+00,3.611823874526631784e+00,3.760182189811467346e+00,3.913414682680271817e+00,4.079002399742570617e+00,4.273772385321161771e+00,4.528628884546481714e+00,4.893177993782494184e+00,5.432666919203854583e+00,6.175090780810277735e+00,6.775152638234482438e+00,3.839008395893772629e+00,3.949005329330979031e+00,3.738699862701577725e+00,3.473607447700111095e+00,3.454483407868347289e+00,3.882380953269581880e+00,4.536991882384078245e+00,4.140936820957330511e+00,3.777023125605505349e+00,3.827279503243141701e+00,4.059880582028618790e+00,4.245092959034668212e+00,4.280805203345772192e+00,4.331254291017150315e+00,4.546567573583848443e+00,4.913210864201200678e+00,5.314314448198409480e+00,5.613624512983128589e+00,5.808056797027938423e+00,6.003406129207111697e+00,6.152780384551426174e+00,6.124321271441846015e+00,5.883913279306440813e+00,5.391547747337854801e+00,4.790611910241238114e+00,4.405033087151433158e+00,4.495778814354356001e+00,5.299874582626240560e+00,7.069267087170283403e+00,9.238870963778945011e+00,9.005549959397551874e+00,6.459692157709007176e+00,4.435672008185909121e+00,3.277424516369886742e+00,2.636196061832851711e+00,2.287345362289650019e+00,2.129012265216112532e+00,2.136203137466219371e+00,2.357818906651365509e+00,2.985981504184742619e+00,4.656991671245592102e+00,9.654911424476663839e+00,1.925697984912997285e+01,1.123428983462324560e+01,4.591201553158530402e+00,2.233592018850305561e+00,1.161614901962715329e+00,5.117872647739662995e-01
3.298962542587546842e+00,3.288152222996210128e+00,3.256372099024984479e+00,3.205532404670297097e+00,3.138667526323968282e+00,3.059692568289207326e+00,2.973053138819392593e+00,2.883305921833945185e+00,2.794702572684826247e+00,2.710859273230514788e+00,2.634569877214998357e+00,2.567774899169328329e+00,2.511655749207308830e+00,2.466801284347419632e+00,2.433394424705936920e+00,2.411381505113940893e+00,2.400605233497954405e+00,2.400896493494508732e+00,2.412128513787792361e+00,2.434239966689855095e+00,2.467233231361687373e+00,2.511152092523261103e+00,2.566040773982558587e+00,2.631884282889584981e+00,2.708529346684840355e+00,2.795586792799698017e+00,2.892321583925616668e+00,2.997547929775146169e+00,3.109566014964848524e+00,3.226204615424443922e+00,3.345067336173168648e+00,3.464111139890801994e+00,3.582702691350792001e+00,3.703296213097506673e+00,3.833877493903381506e+00,3.991386536506769112e+00,4.206542903920517773e+00,4.530690006776394441e+00,5.043760664620133838e+00,5.849929586534385884e+00,6.980578202672749200e+00,7.829441053377895088e+00,3.785514007042034557e+00,3.668817396501355965e+00,3.386964913878820482e+00,3.258132508529842930e+00,3.455295808316594108e+00,4.114352748869354315e+00,4.324248316376388956e+00,3.800044150072912075e+00,3.694086050177813885e+00,3.876093213523545966e+00,4.114313455871210223e+00,4.235111173773987048e+00,4.293338580268191151e+00,4.464232958645308891e+00,4.790071314784327683e+00,5.190316012796314382e+00,5.536539205341838965e+00,5.746687410205053581e+00,5.810763266520679871e+00,5.710899759862431146e+00,5.538254105937867600e+00,5.396359242331572048e+00,5.147678664999388864e+00,4.780776968995148479e+00,4.567391127830977560e+00,4.776987001679611211e+00,5.559542280815077397e+00,6.809436339513208480e+00,7.984339999084721917e+00,7.788092573224503212e+00,5.796318624191709290e+00,4.081927463931023681e+00,3.092545330574258955e+00,2.553360324360121059e+00,2.276003495775613672e+00,2.181190502761154448e+00,2.267697134385271429e+00,2.634785258722494028e+00,3.639549829097643574e+00,6.567423584600695641e+00,1.394052619086172484e+01,1.103415396274461990e+01,4.653680157252848559e+00,2.399750299715186497e+00,1.456323897250477728e+00,9.345659870421796356e-01,5.720302469601978856e-01,2.742814318683284291e-01
2.635088661858075998e+00,2.630445341201381737e+00,2.616842141627406804e+00,2.595224663318729252e+00,2.567058291443280460e+00,2.534179432851613178e+00,2.498619734593532371e+00,2.462430315772801137e+00,2.427531718129105620e+00,2.395608012700101153e+00,2.368052433423672998e+00,2.345960718410633472e+00,2.330160357634636359e+00,2.321260683810866254e+00,2.319709675536474336e+00,2.325846737790482344e+00,2.339944730683674035e+00,2.362237851005644096e+00,2.392934087905862484e+00,2.432211897221403518e+00,2.480200812470712002e+00,2.536945431828718789e+00,2.602352199236079855e+00,2.676119417239586351e+00,2.757654046886348631e+00,2.845985433042685919e+00,2.939697609168090420e+00,3.036919159903272991e+00,3.135431726913617823e+00,3.232980690591014117e+00,3.327886390713019615e+00,3.420054315582854443e+00,3.512473256819959033e+00,3.613307300122237109e+00,3.738813778082328287e+00,3.917679995406175841e+00,4.198033137162926920e+00,4.658774825017775179e+00,5.422772389261698578e+00,6.638424813265042523e+00,8.254639117041428165e+00,9.083310507559804847e+00,3.600675704158573520e+00,3.336218936094237364e+00,3.139387904777068972e+00,3.186054604902666121e+00,3.609764630806933106e+00,4.274986119396140261e+00,3.947643462149841298e+00,3.632966069692744604e+00,3.721632445475786533e+00,3.968097629472655541e+00,4.170114588149409940e+00,4.269283401243962217e+00,4.412631035254865886e+00,4.699187418407612782e+00,5.086569540319341165e+00,5.453233201924067686e+00,5.654657627671832998e+00,5.579519952044353914e+00,5.270487432310333453e+00,5.027101890733631784e+00,5.008071880742859250e+00,4.989472535713246337e+00,4.839323479640511572e+00,4.766980603663983906e+00,5.009762012970941925e+00,5.566381282036958922e+00,6.154922759009706645e+00,6.746706017249948673e+00,6.929763644269115730e+00,5.500867370142625390e+00,3.953090965337002771e+00,3.030688956443250426e+00,2.539113079883481561e+00,2.303087016168092749e+00,2.251373933772482516e+00,2.396644436675443579e+00,2.876961199575323036e+00,4.191385071154218878e+00,8.043691969472877901e+00,1.281731515206216976e+01,6.679359167298670741e+00,3.261380719498441216e+00,2.037466586326486251e+00,1.468376452715747238e+00,1.116214408040105965e+00,8.352880936939310885e-01,5.671089482394031656e-01,2.891594650553219736e-01
2.339402405099233473e+00,2.337615724267361195e+00,2.332409200288232398e+00,2.324228317613108441e+00,2.313767861667570536e+00,2.301908751089309924e+00,2.289644457889972173e+00,2.278007930026593186e+00,2.268008498185158928e+00,2.260585083946287099e+00,2.256578089296090717e+00,2.256718683361880196e+00,2.261631581813894343e+00,2.271846131902754973e+00,2.287810414406066251e+00,2.309903728959916691e+00,2.338443772051745917e+00,2.373685694408700364e+00,2.415810874297075195e+00,2.464903704817156260e+00,2.520915200165108061e+00,2.583613209827362311e+00,2.652521140908359332e+00,2.726851194491031194e+00,2.805445195481148790e+00,2.886746857316335735e+00,2.968843508771334960e+00,3.049630655370694221e+00,3.127164364593437718e+00,3.200268185920274178e+00,3.269451138232304377e+00,3.338183961403762279e+00,3.414613429216106777e+00,3.513949744442712575e+00,3.662162721338579896e+00,3.902406436426097969e+00,4.306682394690519722e+00,4.994790832836615735e+00,6.148219775659469200e+00,7.921406647564377401e+00,9.903897263784511296e+00,1.005485095838811738e+01,3.310564398927606788e+00,3.070361382586650478e+00,3.021751211292067474e+00,3.249911623719337062e+00,3.871212597085382789e+00,4.139961165197258985e+00,3.672126229491179394e+00,3.613195190472173746e+00,3.824033808723692474e+00,4.081450322866652769e+00,4.247026942670761862e+00,4.387402274027829563e+00,4.638734424911694632e+00,5.003127292005915550e+00,5.363842491452775363e+00,5.524904709123901192e+00,5.312212440445640560e+00,4.862679864071884239e+00,4.609919449187794172e+00,4.705405948184671061e+00,4.883178908511665028e+00,4.922134642305286967e+00,4.945234329302605758e+00,5.124068664372005699e+00,5.356711285489024199e+00,5.455011751813021448e+00,5.751518330090588549e+00,6.232082510949465970e+00,5.374207543413755950e+00,3.953031828536590631e+00,3.044427321558840216e+00,2.569265255780017743e+00,2.356958567054023845e+00,2.335695434829920814e+00,2.523395498071512311e+00,3.077901385019410352e+00,4.567275870214936973e+00,8.646172444587808315e+00,1.065199809885985971e+01,5.406459874345115324e+00,3.283199557372151745e+00,2.728209249209179177e+00,2.871372707819341841e+00,3.755724092186563112e+00,6.326469436700588034e+00,1.468894740520911846e+01,3.802958581748276856e+01,2.156551818987984959e+01
2.214227823752801250e+00,2.213805042319416660e+00,2.212617425839646934e+00,2.210900543927452055e+00,2.209026012709447429e+00,2.207473417957617201e+00,2.206797059713294651e+00,2.207591942437447941e+00,2.210462876772445462e+00,2.215999341525742850e+00,2.224757225728601906e+00,2.237247088688443242e+00,2.253927405421141117e+00,2.275200524954523740e+00,2.301408742724442291e+00,2.332827875640564042e+00,2.369655916179924660e+00,2.411994668013184295e+00,2.459822768799146964e+00,2.512959361004052372e+00,2.571019213886294175e+00,2.633362822874585341e+00,2.699049505403494642e+00,2.766808264135156570e+00,2.835050185297460779e+00,2.901956253918824835e+00,2.965682904127331376e+00,3.024730165535194359e+00,3.078510542019885499e+00,3.128143566334751213e+00,3.177498295825131880e+00,3.234553218039915023e+00,3.313307899468487250e+00,3.436866042195452220e+00,3.643063918150057923e+00,3.995275831040334680e+00,4.602132746285092502e+00,5.644105048477388031e+00,7.353979862615345198e+00,9.692634940820067158e+00,1.142989905703417719e+01,1.033011938498078486e+01,3.035399462388788105e+00,2.919185383796429889e+00,3.023874706257789757e+00,3.434878651076256340e+00,4.070583672589345170e+00,3.828685098177364576e+00,3.567359377115653096e+00,3.696733306722843615e+00,3.970641491215420871e+00,4.208427434787798127e+00,4.376180233983517631e+00,4.601618983003641361e+00,4.933848696553755353e+00,5.261205769976018409e+00,5.347749316425320920e+00,5.014772372313524684e+00,4.506537326914461516e+00,4.283935054399234943e+00,4.463762354768419094e+00,4.790703092140624619e+00,4.984834978098784397e+00,5.060041563985839375e+00,5.116683072202199867e+00,5.055974379859784484e+00,4.865481319481768097e+00,4.979196804441210489e+00,5.577973496732413494e+00,5.289879024357080795e+00,4.034357330874471792e+00,3.112593398870233674e+00,2.633209902102096045e+00,2.434213845512522845e+00,2.438231772284882304e+00,2.662707196469504822e+00,3.269646800075420856e+00,4.826806917073989567e+00,8.743517451622606629e+00,9.901874724603709765e+00,6.484495198806527583e+00,8.139949048324945480e+00,1.528968076604389026e+01,5.523425046816621276e+00,2.161200285147235611e+00,1.227821262775075084e+00,8.160627173051882011e-01,5.591817133926868522e-01,3.570929007673084854e-01,1.752721285919633942e-01
2.174757002392191385e+00,2.175059805167633975e+00,2.176015882852422312e+00,2.177764982705876484e+00,2.180529588158508503e+00,2.184600719854890016e+00,2.190320617652874446e+00,2.198064189495030352e+00,2.208220888385215019e+00,2.221178160303405313e+00,2.237306924399840025e+00,2.256948842965766922e+00,2.280404527471657783e+00,2.307921380342603523e+00,2.339679523409543549e+00,2.375774230399296805e+00,2.416193496796570361e+00,2.460789932688700610e+00,2.509247220962507186e+00,2.561043204934798645e+00,2.615414580418529145e+00,2.671332452302621618e+00,2.727503701654776513e+00,2.782419618598075406e+00,2.834479036865045209e+00,2.882215672926990990e+00,2.924655781364349227e+00,2.961822181864093295e+00,2.995390379839968364e+00,3.029509618483494648e+00,3.071859400884380253e+00,3.135172202962732690e+00,3.239796594486787917e+00,3.418540647495382778e+00,3.726239295550182185e+00,4.258166301148702537e+00,5.180077762371504413e+00,6.743683645914799740e+00,9.107064823459376512e+00,1.155749056535330155e+01,1.217552711666876064e+01,1.007922348500537346e+01,2.860281693247257451e+00,2.884613981804839966e+00,3.137223516032583426e+00,3.704976747355737121e+00,4.007905910841347286e+00,3.618224670675385113e+00,3.609135709734667685e+00,3.857365892838127142e+00,4.150451663743059960e+00,4.372430578279029589e+00,4.588382994212036436e+00,4.880217615920101615e+00,5.146053356661961509e+00,5.130315200197954617e+00,4.713754157583527338e+00,4.222024071889651786e+00,4.048151790726450372e+00,4.273997007316532759e+00,4.695630015780127842e+00,5.008100208423593713e+00,5.108250004051151372e+00,5.036678808827499410e+00,4.765387945021803517e+00,4.417922779147398060e+00,4.398718049878702629e+00,4.963906158120767742e+00,5.167120664554126108e+00,4.175996399597792674e+00,3.234692609514744355e+00,2.734747922077829241e+00,2.543691043508022886e+00,2.578177247490165414e+00,2.857607249356308721e+00,3.557340346474013870e+00,5.270191802760493260e+00,9.489145496988681927e+00,1.342975376357906647e+01,1.263795780022081061e+01,4.460869645938081440e+00,2.180230660881998794e+00,1.452886278557152799e+00,1.119864144470428258e+00,9.164600587020732547e-01,7.591923741119832592e-01,6.153793155271092274e-01,4.708449103866030327e-01,3.200025415754481628e-01,1.622223073218576062e-01
2.181562233892941904e+00,2.182276545129235856e+00,2.184449395130405591e+00,2.188168632516962475e+00,2.193574529708719467e+00,2.200851199393816238e+00,2.210215691150263506e+00,2.221905580083882725e+00,2.236165744047835524e+00,2.253234769163603435e+00,2.273331081786045260e+00,2.296638547603591096e+00,2.323290974316594149e+00,2.353354768572646361e+00,2.386808997079370442e+00,2.423522366732799860e+00,2.463227279167456985e+00,2.505492279554677459e+00,2.549696082545227505e+00,2.595009069163722870e+00,2.640391715781098547e+00,2.684623520844842126e+00,2.726379773165277243e+00,2.764375452716161252e+00,2.797593849222612672e+00,2.825611112650694423e+00,2.849018839776862322e+00,2.869942574248618428e+00,2.892670447122480670e+00,2.924468326544760188e+00,2.976803526087745677e+00,3.067491509664166394e+00,3.224843284510758856e+00,3.495960560112898463e+00,3.963107030973589406e+00,4.772924004670087150e+00,6.167800867896399808e+00,8.401241671234839004e+00,1.114237109895432809e+01,1.274127859394709184e+01,1.208314036654281054e+01,9.773978334118826439e+00,2.795657426745912222e+00,2.949916076700342948e+00,3.346440307559128691e+00,3.924991782392739381e+00,3.777036189007410005e+00,3.579503378507575828e+00,3.755595054991678339e+00,4.070212271902784451e+00,4.356986090138281753e+00,4.586619012389514083e+00,4.832429558326900576e+00,5.008733903181516567e+00,4.876884433973128097e+00,4.425913989213103861e+00,4.003006043448564810e+00,3.881720126826981865e+00,4.118472166090459297e+00,4.580114772680133228e+00,4.974166652415890510e+00,5.092400073560754414e+00,4.922037637370579866e+00,4.519080528486895787e+00,4.087129502787933966e+00,3.966112695814827394e+00,4.410334136379834291e+00,4.935846024033185842e+00,4.337060751711230289e+00,3.406207552931783678e+00,2.876000335365347382e+00,2.694067653650877858e+00,2.780709532398950579e+00,3.180911302049982403e+00,4.176166313903484806e+00,6.806700094379936061e+00,1.355250446495894678e+01,1.121900933467619943e+01,4.797865698954318248e+00,2.504048104496403582e+00,1.699161649577984878e+00,1.348254445261132251e+00,1.156569388456241132e+00,1.024338186628970249e+00,9.106765939331684656e-01,7.958311206805790405e-01,6.692126917430041289e-01,5.254902663511362704e-01,3.635449977241966835e-01,1.862556369689571945e-01
2.213239899895513840e+00,2.214174051793849074e+00,2.216994561751328696e+00,2.221754237231610141e+00,2.228536656205415412e+00,2.237449786674283736e+00,2.248617528787388853e+00,2.262169513872880344e+00,2.278229429887024260e+00,2.296902017438862131e+00,2.318258730709521487e+00,2.342321933190683048e+00,2.369047460483963974e+00,2.398305503919195836e+00,2.429860134869599175e+00,2.463348498843709322e+00,2.498261863254480630e+00,2.533932381203174433e+00,2.569531628763388476e+00,2.604089495777794916e+00,2.636544371806115450e+00,2.665836914597585761e+00,2.691058917349731239e+00,2.711665059241097353e+00,2.727749071266349912e+00,2.740380246703810752e+00,2.751998571779268321e+00,2.766889297822894278e+00,2.791818444105498287e+00,2.837036852435370626e+00,2.918102768146391135e+00,3.059440692441350862e+00,3.301472564803598075e+00,3.714835056454746098e+00,4.426974573179198735e+00,5.658930733880818131e+00,7.698792573113255600e+00,1.048156626279057591e+01,1.270014210922727571e+01,1.290457129696387284e+01,1.170416872378853235e+01,9.749775833943541414e+00,2.830486413516608568e+00,3.105984259919347679e+00,3.619903286356784822e+00,3.932454533759277560e+00,3.641538598389515435e+00,3.688907883857317493e+00,3.984417543761220593e+00,4.323645281777244165e+00,4.589053770366591678e+00,4.788066793809342414e+00,4.851273816502787994e+00,4.609732504134211872e+00,4.174137641773789653e+00,3.845842268826271670e+00,3.774181607324711418e+00,3.997443428199864979e+00,4.450953418286740515e+00,4.888898969193733457e+00,5.030411750064200938e+00,4.804576989703179812e+00,4.329854052782755147e+00,3.853244646227094172e+00,3.656556401518984423e+00,3.956503369016739491e+00,4.602494523389255576e+00,4.472296719230506312e+00,3.631035329189991057e+00,3.069831858330618335e+00,2.906402078646341813e+00,3.095822679731852212e+00,3.788541777432696822e+00,5.708457900420360609e+00,9.761074209842412586e+00,8.389060486161181274e+00,7.746045060046080621e+00,4.249896965500865598e+00,2.398911626543953624e+00,1.722114144307007599e+00,1.435878120627454013e+00,1.288872674642937977e+00,1.193667943167953105e+00,1.113312079589479087e+00,1.028487016524426423e+00,9.268585292393383135e-01,7.996799316826730397e-01,6.414556782899927256e-01,4.511325569368063171e-01,2.335985073073310048e-01
2.254596641208472807e+00,2.255604204137551250e+00,2.258635221460791875e+00,2.263713530464805945e+00,2.270875069385269729e+00,2.280162313141176345e+00,2.291616698842957600e+00,2.305269201986281935e+00,2.321129216263695394e+00,2.339171879055124137e+00,2.359324004774387973e+00,2.381448886416714927e+00,2.405330460267440795e+00,2.430657765316834862e+00,2.457011331353686767e+00,2.483854141584562747e+00,2.510531126989401507e+00,2.536282646322862711e+00,2.560278809941074485e+00,2.581682339060020759e+00,2.599747284489806187e+00,2.613958805996574597e+00,2.624215341650404376e+00,2.631050168619064600e+00,2.635887925422153444e+00,2.641339062564473927e+00,2.651560156602694729e+00,2.672763028698443843e+00,2.714061285490831921e+00,2.789041535196512545e+00,2.918833153548083814e+00,3.138227396505421929e+00,3.507892099655318674e+00,4.137798063505848667e+00,5.223986541809644280e+00,7.054856083626614982e+00,9.733910215458486448e+00,1.231501923464637471e+01,1.317453061403357495e+01,1.252723977987970727e+01,1.153520868653312803e+01,1.016465222399394186e+01,2.948014982182267651e+00,3.337806864913495097e+00,3.852548365256325269e+00,3.796322797622175838e+00,3.676236644959485211e+00,3.905915623723066332e+00,4.265146400360508849e+00,4.573496682553135351e+00,4.731641426008925677e+00,4.670232045262801002e+00,4.344699384223749128e+00,3.961961358699372937e+00,3.731922372712848102e+00,3.704004363333435190e+00,3.901047482231490005e+00,4.310072194321623584e+00,4.753694444237376970e+00,4.925666779667103867e+00,4.689534505155812383e+00,4.187543268772819793e+00,3.689719337727137560e+00,3.437939479321183711e+00,3.605380269504432356e+00,4.213888806571208789e+00,4.509030511982381029e+00,3.893175825953765212e+00,3.323869791651334893e+00,3.202522659450646181e+00,3.593802289168057662e+00,4.927239515171444317e+00,7.781577380217563622e+00,6.069032565079601760e+00,5.605823017027811161e+00,6.896975380052550619e+00,4.433997329094285789e+00,2.534389665719394280e+00,1.839696947143520944e+00,1.570823302224377827e+00,1.453168858905029559e+00,1.393095934716437334e+00,1.352015599478328944e+00,1.309516584420111762e+00,1.251131891080214942e+00,1.163832109666285142e+00,1.034897629841258215e+00,8.533824350631880051e-01,6.141123390119851422e-01,3.229885395375831081e-01
2.293732338934817427e+00,2.294684999518481483e+00,2.297542493967685839e+00,2.302302324119420707e+00,2.308956899521952266e+00,2.317488491802521811e+00,2.327862358071663973e+00,2.340018222731443664e+00,2.353860380241767913e+00,2.369246794207957585e+00,2.385977751922008228e+00,2.403784925287810736e+00,2.422322125163089979e+00,2.441159639860335240e+00,2.459784811194953846e+00,2.477612355481539907e+00,2.494008726337326731e+00,2.508335278775541966e+00,2.520014783880797360e+00,2.528624636128351533e+00,2.534017816034372927e+00,2.536469845813038582e+00,2.536848137718938911e+00,2.536802137851457140e+00,2.538982826653579661e+00,2.547324445138565707e+00,2.567468755740021091e+00,2.607499304624605330e+00,2.679316182386459744e+00,2.801302585124521016e+00,3.003588695353198723e+00,3.338514867759823090e+00,3.900938663028807873e+00,4.862443501074298347e+00,6.494349803876698246e+00,8.994961228747989423e+00,1.174193340769724614e+01,1.311977626678850761e+01,1.287778720722922898e+01,1.223146906878198692e+01,1.182568409274125187e+01,1.112845433784269744e+01,3.140375558388841526e+00,3.617544073127776372e+00,3.927023547170960249e+00,3.748439268245762346e+00,3.858045207084748185e+00,4.194629834954078262e+00,4.528634830346112139e+00,4.654761380203997767e+00,4.478100396302697739e+00,4.106209448197972733e+00,3.795519102272804091e+00,3.653853273515028643e+00,3.663400916143355612e+00,3.831769324673084398e+00,4.175364542724047112e+00,4.588426733917094325e+00,4.789497899831940408e+00,4.581809862358143803e+00,4.087361322227445193e+00,3.584561640741845689e+00,3.294514512443025289e+00,3.356441066246507177e+00,3.852131393594160347e+00,4.416649855967258453e+00,4.168782472074772372e+00,3.654073468365470756e+00,3.617453824734517820e+00,4.362617717909245130e+00,6.408217554568262919e+00,5.947780592823015411e+00,3.957332716167150100e+00,4.540000349292849791e+00,6.250977382325073606e+00,4.828314823290602575e+00,2.791352181084150175e+00,2.009728741394845031e+00,1.735298427567133484e+00,1.642296844850066329e+00,1.621750563579749116e+00,1.631398559864094544e+00,1.650404471669186801e+00,1.664127319975428065e+00,1.657498035133075920e+00,1.611207478149223604e+00,1.499836681928190529e+00,1.293811561229563090e+00,9.688556996496178186e-01,5.242264361535631245e-01
2.319998849571414112e+00,2.320783746478660703e+00,2.323130274644802373e+00,2.327013083434981144e+00,2.332387086781184671e+00,2.339183359680596652e+00,2.347303705324321754e+00,2.356614241087029438e+00,2.366938510707450316e+00,2.378050844111667672e+00,2.389670972265345306e+00,2.401461271592264524e+00,2.413028452624588205e+00,2.423931980783700091e+00,2.433701937712018371e+00,2.441869259483731014e+00,2.448011140991845913e+00,2.451813698894977911e+00,2.453152677558612105e+00,2.452191283615179351e+00,2.449492849284640172e+00,2.446146319428055271e+00,2.443906662267858465e+00,2.445363189061877662e+00,2.454170637475661110e+00,2.475417705017357584e+00,2.516279575593649565e+00,2.587236122098324209e+00,2.704405909545537501e+00,2.894097465280620618e+00,3.201787845724046733e+00,3.709611676487556409e+00,4.567045707780637009e+00,6.021026584933464321e+00,8.314167950262607576e+00,1.108245497264545065e+01,1.285330581695392027e+01,1.296595598961128815e+01,1.249793554656918282e+01,1.235238651727360626e+01,1.270175679288133530e+01,1.277291604610745246e+01,3.394015685666040838e+00,3.866196011542066824e+00,3.894550259368623202e+00,3.858615619981398126e+00,4.122153264249095450e+00,4.440770669554172656e+00,4.535956718957723233e+00,4.279567746209012036e+00,3.901934666395601159e+00,3.665970996134859661e+00,3.596674783631381711e+00,3.637168611974073151e+00,3.780017979754357604e+00,4.051260037430248317e+00,4.404282197631392393e+00,4.620645828188784776e+00,4.469462455382355870e+00,4.013442005000610990e+00,3.520332660450620210e+00,3.205407892134592984e+00,3.188458555234296998e+00,3.558090877123432083e+00,4.211264332446429393e+00,4.395607137957746602e+00,4.058686871779815242e+00,4.172488676221819404e+00,5.341119949325090488e+00,6.307293453904105895e+00,3.932896935150020923e+00,3.215924697422822831e+00,3.904982458876982143e+00,5.554410935992692977e+00,5.239865936524257251e+00,3.153495786856164163e+00,2.226102178901911977e+00,1.926075959902751045e+00,1.857065657252077173e+00,1.886194814605657299e+00,1.967059835344409091e+00,2.081861061648360156e+00,2.222438216950650691e+00,2.381676137914345848e+00,2.546224291651422167e+00,2.686448709885380648e+00,2.741925544162304718e+00,2.607269495111119717e+00,2.141012626564431365e+00,1.242563186695144761e+00
2.325667385518370711e+00,2.326200065927563898e+00,2.327784544647437670e+00,2.330379593034126451e+00,2.333914759192501354e+00,2.338287998372901022e+00,2.343362845828300678e+00,2.348965661774204960e+00,2.354883683192032784e+00,2.360864855025524012e+00,2.366620676318909045e+00,2.371833561221836639e+00,2.376170433927682346e+00,2.379304377964919226e+00,2.380946051598908930e+00,2.380886174412388812e+00,2.379049651174880431e+00,2.375560925930675360e+00,2.370819280680214192e+00,2.365582664721610495e+00,2.361060312342089240e+00,2.359019369300385804e+00,2.361921072558748058e+00,2.373120893699209866e+00,2.397200308618230302e+00,2.440557776222518349e+00,2.512500185830868205e+00,2.627303044718543035e+00,2.808174263055240871e+00,3.094998876043408842e+00,3.559395693201428124e+00,4.331727729780576297e+00,5.632913997247346316e+00,7.718152513858466790e+00,1.041129436218522031e+01,1.245366099117485348e+01,1.288996630617214123e+01,1.255398610135610760e+01,1.246890892467094147e+01,1.304142027905338352e+01,1.428987751607531109e+01,1.527104859095318545e+01,3.686741082344824338e+00,4.005713364805063570e+00,3.932627818922074248e+00,4.068536732800209776e+00,4.319010644071985539e+00,4.369812509068681905e+00,4.088377878361393769e+00,3.742558248962946088e+00,3.572744181921572171e+00,3.558143552514914099e+00,3.623197377758669013e+00,3.746404743134179594e+00,3.949783232673387268e+00,4.225290122972680251e+00,4.432758540910319844e+00,4.349220595687275370e+00,3.958682906430999182e+00,3.490953431697429998e+00,3.163068744896002649e+00,3.090442241083368735e+00,3.353704929406930990e+00,3.976177756521848128e+00,4.524947286101932420e+00,4.526000807009111782e+00,4.856887041964275120e+00,6.014782323292200417e+00,4.830112161690436778e+00,3.093933018771211074e+00,2.871214043267689142e+00,3.478870489571628255e+00,4.883957775245129085e+00,5.492835776081761878e+00,3.635392971154494113e+00,2.506555248669506408e+00,2.154641029897175208e+00,2.111450458516217488e+00,2.211079820753392156e+00,2.407718351018028891e+00,2.704178242136445753e+00,3.138318718708477117e+00,3.799338936516405418e+00,4.891367443600613818e+00,6.951103565208005541e+00,1.171443439685602073e+01,2.428660914979362673e+01,2.619742279465544499e+01,1.222688505803180092e+01,6.079077935087440210e+00
2.305934140373355756e+00,2.306176785492664028e+00,2.306889363397357506e+00,2.308025722401030322e+00,2.309508762175460639e+00,2.311230456969526337e+00,2.313052483244015800e+00,2.314808057615647119e+00,2.316305769651916258e+00,2.317336358518318207e+00,2.317683507976764368e+00,2.317139784252253421e+00,2.315528771100727745e+00,2.312734224652346349e+00,2.308736662446453369e+00,2.303657264497083190e+00,2.297808457174266294e+00,2.291750390566771323e+00,2.286353225264026179e+00,2.282867468493532392e+00,2.283009592511919816e+00,2.289079377682345928e+00,2.304141473630394454e+00,2.332331694915334985e+00,2.379399406308935205e+00,2.453694477321888279e+00,2.568001342452741476e+00,2.743019881182351405e+00,3.014093287124142151e+00,3.444212605984953157e+00,4.147581190714744181e+00,5.320287766999709511e+00,7.211820985415585028e+00,9.772352241885329249e+00,1.197462391533092863e+01,1.269877995974697527e+01,1.248950916504693076e+01,1.240460413851121046e+01,1.297008696074297696e+01,1.440768350780111717e+01,1.674769384512035941e+01,1.875111175708781275e+01,3.955214612458468615e+00,4.052313239288308111e+00,4.042112501093941823e+00,4.167267689650833162e+00,4.148501150480221611e+00,3.892928388767624703e+00,3.614231337358209117e+00,3.500223831752413695e+00,3.524669773533295469e+00,3.608251946331364479e+00,3.717219872355581600e+00,3.862477767495853254e+00,4.054915017749993744e+00,4.226294236280847549e+00,4.202791225969804145e+00,3.900128160829685608e+00,3.477766222695355403e+00,3.149718288464697924e+00,3.039451796765835212e+00,3.222268113673254497e+00,3.766874461546354524e+00,4.528406339615854037e+00,4.985562927392717114e+00,5.541439277595650026e+00,5.811452834486341423e+00,3.770291772314604550e+00,2.725039024639264174e+00,2.672319906291009683e+00,3.174258551333530853e+00,4.299812904697963845e+00,5.420519337786233294e+00,4.194389352688876471e+00,2.861968922480506716e+00,2.429002970879579060e+00,2.421389123550199418e+00,2.638976442025797731e+00,3.067655146612735528e+00,3.836718755697443584e+00,5.392577686569799411e+00,9.317789222743378730e+00,1.627454251745179548e+01,9.335744412435342809e+00,6.632895379917491674e+00,8.102974460800016487e+00,1.267734836888858574e+01,2.130482073524444431e+01,2.749358156655057428e+01,1.739097964653770845e+01
2.262125688577287796e+00,2.262101101676461390e+00,2.262014465151951370e+00,2.261827565461349554e+00,2.261478172565833944e+00,2.260882504074590571e+00,2.259939214887296544e+00,2.258535423266472275e+00,2.256555380269587019e+00,2.253892434783277832e+00,2.250464919933770069e+00,2.246236470281970377e+00,2.241241068411969906e+00,2.235612840344236574e+00,2.229620350447936161e+00,2.223705044890578186e+00,2.218523816931627923e+00,2.214996801437940643e+00,2.214363993203616321e+00,2.218258912879200739e+00,2.228815581259935286e+00,2.248838811521047809e+00,2.282091891823756491e+00,2.333799716164808302e+00,2.411549699539350389e+00,2.526940561503132621e+00,2.698669672704512301e+00,2.958430950086921030e+00,3.362216161108422252e+00,4.010817390313881070e+00,5.078016063266477254e+00,6.798111609140877754e+00,9.199434403157525253e+00,1.146791197621586100e+01,1.243247699420040320e+01,1.235406081035862513e+01,1.225909913074566582e+01,1.274731743521824257e+01,1.410979251721099459e+01,1.659431684804687634e+01,2.023264047689266221e+01,2.307783793297619823e+01,4.127380507718525493e+00,4.062780918225728399e+00,4.013459217857517913e+00,3.905300230631247871e+00,3.701647705595889626e+00,3.517957175835939587e+00,3.452739076839983490e+00,3.502527680065070648e+00,3.598848112891617212e+00,3.698306969168041469e+00,3.798196552913779556e+00,3.913715624001390392e+00,4.028614507515304588e+00,4.040392330134768173e+00,3.834837368767607391e+00,3.479412521028746319e+00,3.166069737790611072e+00,3.033805517435517185e+00,3.162140725912765404e+00,3.632687233149345385e+00,4.472339389629276241e+00,5.364794049347176852e+00,6.028195213668174901e+00,5.144548520375669121e+00,3.238815524067506502e+00,2.553182439870638198e+00,2.554769229637976480e+00,2.965487454197357486e+00,3.854719142345175431e+00,5.093523671650257434e+00,4.749134399844678889e+00,3.330399228655611665e+00,2.780797641281962385e+00,2.829273651103214604e+00,3.271201636253162626e+00,4.262071205845030519e+00,6.627286890067862757e+00,1.181107256773812253e+01,8.242474204801297333e+00,4.734763711837885580e+00,4.917799069653138844e+00,6.835531460025700667e+00,1.076509736028110709e+01,1.486322348250106451e+01,1.169715551945357213e+01,6.076026402861067766e+00,2.901012403997960121e+00,1.190268590162002482e+00
2.200289262116461586e+00,2.200078406113581408e+00,2.199439160570937357e+00,2.198352285229820957e+00,2.196788408259431336e+00,2.194712252768771243e+00,2.192088899942123970e+00,2.188892384846596872e+00,2.185116933965702835e+00,2.180791115936042690e+00,2.175995087824977858e+00,2.170880993162971340e+00,2.165696445567355521e+00,2.160810992530870500e+00,2.156745629437617495e+00,2.154206022661075970e+00,2.154121388842267226e+00,2.157693380846414932e+00,2.166463495278125873e+00,2.182414551228128996e+00,2.208133783446386555e+00,2.247086208256732220e+00,2.304085697935842614e+00,2.386125398178073898e+00,2.503875752244399955e+00,2.674452921123871008e+00,2.926642528680134525e+00,3.310798562814620816e+00,3.916699801968714922e+00,4.898736046945528777e+00,6.471917319507847211e+00,8.708008763539121233e+00,1.097058568597710781e+01,1.211958615027934982e+01,1.217328132510679950e+01,1.207719715264821048e+01,1.247550250126194804e+01,1.368838075016216571e+01,1.600905157683671831e+01,1.976020301733350948e+01,2.472798264864345441e+01,2.751859455770588880e+01,4.110628645406954718e+00,3.879832733712962334e+00,3.671043632685200286e+00,3.516158234306365760e+00,3.437089576587459838e+00,3.423841960353857239e+00,3.489806889676994039e+00,3.593560218578950582e+00,3.686646872753485127e+00,3.753100524333041754e+00,3.804068078572275802e+00,3.853560136374634126e+00,3.868935070547929733e+00,3.752675545995143302e+00,3.484720078500069818e+00,3.204738027912024112e+00,3.064889469373710540e+00,3.159383011647198813e+00,3.576240125056784347e+00,4.419916479211671856e+00,5.586869188491794702e+00,6.167414243706570431e+00,4.586159388344501764e+00,3.001975588638794434e+00,2.480054908103856981e+00,2.488678804040089787e+00,2.826173603169601645e+00,3.536478396638476074e+00,4.674721095305844898e+00,5.126185755531587063e+00,3.927500282597296000e+00,3.245150421858467027e+00,3.393013502939945525e+00,4.290468612371000745e+00,6.654539910127299507e+00,1.038749035823400746e+01,5.792825139210511232e+00,3.655517123885598796e+00,3.870174616018806635e+00,5.146376403912333863e+00,7.665947705808351387e+00,1.099089367949470741e+01,1.035697657249179393e+01,6.010256728050111796e+00,3.147189397307958991e+00,1.722095999967332425e+00,9.403648897382543836e-01,4.226060573891521344e-01
2.130131393870238199e+00,2.129853941930881511e+00,2.129023206728186679e+00,2.127645015603851775e+00,2.125732321042161921e+00,2.123310132638867032e+00,2.120422547024181092e+00,2.117141961915136594e+00,2.113580538070425341e+00,2.109903933045553792e+00,2.106347293677290899e+00,2.103233500741019668e+00,2.100993777265747209e+00,2.100191106079485337e+00,2.101547605790654583e+00,2.105978312455691892e+00,2.114636050666951483e+00,2.128975819566925054e+00,2.150853378211126099e+00,2.182683410473118535e+00,2.227701566440876135e+00,2.290409443326801853e+00,2.377347769115467635e+00,2.498472614318369978e+00,2.669666291708816530e+00,2.917414209644819678e+00,3.287550894997615103e+00,3.860856596909656435e+00,4.775144160959299278e+00,6.225040055084662960e+00,8.302055722120172732e+00,1.050765137820028983e+01,1.178246095088432099e+01,1.196192523374211092e+01,1.187953231329304060e+01,1.219817402904452841e+01,1.325275053502180711e+01,1.533213651963744084e+01,1.881703606973740150e+01,2.397090732027984217e+01,2.973467526455940657e+01,3.079920930441187821e+01,3.785874979915371252e+00,3.470943236735146709e+00,3.344175804330729029e+00,3.350525530657910700e+00,3.398016892235022901e+00,3.479475904481010851e+00,3.587371925231264136e+00,3.676327621998365380e+00,3.719205964980054624e+00,3.719618264784729789e+00,3.705088530670286318e+00,3.695893279786244268e+00,3.643994560405761085e+00,3.476489926936898733e+00,3.252998774836379781e+00,3.121613521577515371e+00,3.198378584580496842e+00,3.581265184503523713e+00,4.398133530962899940e+00,5.621440191879711890e+00,5.978362835025574640e+00,4.258566101028837814e+00,2.925721590620478096e+00,2.465333222230170485e+00,2.457049228954144571e+00,2.734927099204975676e+00,3.314896233038577833e+00,4.289344452306376176e+00,5.203738899429555254e+00,4.604217348045491320e+00,3.857325303005354478e+00,4.184705031016344279e+00,5.915235817731967494e+00,9.059193750240257970e+00,5.535620297859211725e+00,3.200682883304928339e+00,3.141954806112590148e+00,3.886397064240965094e+00,5.371380464460306925e+00,7.813391632982746415e+00,9.788985195288613994e+00,7.639184498605155582e+00,4.318686747774391321e+00,2.447724769556258728e+00,1.504322509177158373e+00,9.625581758528012344e-01,5.880848116320613883e-01,2.820244565258089864e-01
2.063026074483198524e+00,2.062812551685688778e+00,2.062182111111365845e+00,2.061166083396959170e+00,2.059819843179733212e+00,2.058227541540214034e+00,2.056508720996208517e+00,2.054826796835462766e+00,2.053399388732912723e+00,2.052510514378047546e+00,2.052524747215944689e+00,2.053903648826171935e+00,2.057225196391199162e+00,2.063207661299915063e+00,2.072740645452852970e+00,2.086928051040448651e+00,2.107151167122478519e+00,2.135165743577671638e+00,2.173256668541356795e+00,2.224491127719174788e+00,2.293142761871536095e+00,2.385419131734334286e+00,2.510740466445171570e+00,2.684043437823446787e+00,2.930014064598907009e+00,3.290883054881821312e+00,3.840094054675580182e+00,4.701383855493301844e+00,6.049417590825090230e+00,7.979875109026568936e+00,1.009537598302293659e+01,1.144037253930814124e+01,1.173106541068116293e+01,1.167651982953645806e+01,1.193435695041191735e+01,1.284665657261157001e+01,1.468415009901247181e+01,1.781244927366898523e+01,2.263604135679313600e+01,2.893249060362872527e+01,3.407819945429479702e+01,3.202139195412055983e+01,3.326805715426106591e+00,3.198664081967095285e+00,3.253095814912021488e+00,3.356718167776429063e+00,3.461074053830803798e+00,3.574023868641584833e+00,3.661864284507121425e+00,3.689585680422280412e+00,3.652876753042022528e+00,3.582564204878058156e+00,3.530975219207688198e+00,3.508078288577609616e+00,3.438073054255075256e+00,3.295439491693508138e+00,3.192682460372076036e+00,3.265923939867354520e+00,3.628694421770273237e+00,4.402629228447296761e+00,5.495544253893324793e+00,5.577068729065470798e+00,4.080263024267938299e+00,2.942932370403750220e+00,2.491078560932524777e+00,2.450366046409402365e+00,2.677050564740790506e+00,3.162637772168563899e+00,3.986471845611228026e+00,5.045060208566343185e+00,5.217522885243031538e+00,4.637699551593210678e+00,5.252074660812089846e+00,7.679574191762839064e+00,6.432548087571765549e+00,3.190485557494127100e+00,2.688842425093640465e+00,3.064083741069345557e+00,3.927368062825264960e+00,5.400074837757040669e+00,7.542835696085159469e+00,8.683284419132908383e+00,6.448217836826897198e+00,3.798561919665921494e+00,2.344355081903615190e+00,1.601896971701743944e+00,1.161965350879323733e+00,8.390906802376418838e-01,5.547863227285065868e-01,2.780315927283005806e-01
2.010775796232777690e+00,2.010743730555353270e+00,2.010665040752712684e+00,2.010593077582534249e+00,2.010619518206069323e+00,2.010878492698164877e+00,2.011552348120870803e+00,2.012879069493211937e+00,2.015161442555690741e+00,2.018778178941571522e+00,2.024197476285016783e+00,2.031993923687502868e+00,2.042870393609486079e+00,2.057687753740555792e+00,2.077507167301761992e+00,2.103652916254805660e+00,2.137808965891963009e+00,2.182171552265765868e+00,2.239696101471944090e+00,2.314506002133476237e+00,2.412585432994951429e+00,2.542982797024495589e+00,2.719951307408596808e+00,2.966824828081693344e+00,3.323029530041221591e+00,3.856099949531111015e+00,4.677900625210229535e+00,5.944229072744700026e+00,7.744671616938180847e+00,9.751619743029138476e+00,1.111778751422675171e+01,1.149789689919409241e+01,1.148088187141766880e+01,1.169848462474382167e+01,1.249337076663865531e+01,1.411573919512507658e+01,1.689283676136042089e+01,2.124338827220619663e+01,2.730483664446296999e+01,3.371060004225481066e+01,3.656531450503710801e+01,3.168651889459743742e+01,3.105287878168194737e+00,3.172246246567045347e+00,3.310148921901623353e+00,3.441769994689902745e+00,3.563355635212683836e+00,3.653712630506200654e+00,3.673710435291743792e+00,3.612372909343486427e+00,3.499003757405949600e+00,3.400771237806710090e+00,3.374092941948925173e+00,3.379401909743640076e+00,3.333960671810975995e+00,3.283105974449429532e+00,3.367472178865149601e+00,3.719608902142679252e+00,4.438018816357369722e+00,5.293849483095813824e+00,5.115946632754586609e+00,3.969721062226483355e+00,3.032464392945510845e+00,2.565952272109628396e+00,2.478465828842291163e+00,2.657138431296257597e+00,3.074791528382136985e+00,3.787884707163036158e+00,4.833550774842554354e+00,5.646342726688646785e+00,5.588883316985182148e+00,6.518107581049914501e+00,7.585600133188652450e+00,3.918357018377571777e+00,2.533422430614074017e+00,2.556636572108716976e+00,3.057972879156567458e+00,3.935857627100136646e+00,5.322330593358470807e+00,7.184365233815115381e+00,8.010805418911060016e+00,6.064556270073973465e+00,3.805461080618854908e+00,2.556325079268750855e+00,1.929489006384099703e+00,1.564055936128583291e+00,1.284469638214624787e+00,1.009827006213792622e+00,7.055930278966560110e-01,3.649447969793939706e-01
1.981326227384805350e+00,1.981567130895811601e+00,1.982313144748348854e+00,1.983634896648578394e+00,1.985652501254753233e+00,1.988539202422123786e+00,1.992526577691045020e+00,1.997911477194025398e+00,2.005065028588504106e+00,2.014444310031993091e+00,2.026607736913632607e+00,2.042235922501844936e+00,2.062160915853705756e+00,2.087408558948156134e+00,2.119261705984309963e+00,2.159357054737709447e+00,2.209836916378948857e+00,2.273592354472386834e+00,2.354661442481065237e+00,2.458896943065158602e+00,2.595112683431533007e+00,2.777096011112811791e+00,3.027193909624181778e+00,3.382667097549996171e+00,3.906259550507940048e+00,4.699689810130958101e+00,5.901000147028789833e+00,7.587039291977770716e+00,9.475680566069366151e+00,1.082267919377175502e+01,1.126760891108655827e+01,1.129395926313556586e+01,1.149140485763961905e+01,1.219592631000685401e+01,1.363763945064406791e+01,1.609949940393287093e+01,1.996178353965931507e+01,2.550261686971768782e+01,3.210406159536988469e+01,3.712470362235082888e+01,3.720140075106846922e+01,3.095184629094551809e+01,3.105683735416220337e+00,3.252396664549261907e+00,3.400168263706571103e+00,3.533695874795306224e+00,3.634859788600097730e+00,3.656601575925511050e+00,3.581749040812365337e+00,3.437468644841701337e+00,3.295758654418556866e+00,3.241993678552801406e+00,3.288139571896198099e+00,3.341937869506872438e+00,3.368934834816794677e+00,3.482094460363405197e+00,3.827546821212479689e+00,4.470459148969485597e+00,5.046289340024046055e+00,4.656642980708436852e+00,3.823293486526457841e+00,3.134246674332685778e+00,2.672868894527125061e+00,2.530921920240991607e+00,2.660151377104069681e+00,3.024358000791238510e+00,3.658488439486284882e+00,4.643384358039592819e+00,5.827332731759460316e+00,6.551498161305369550e+00,7.540310918716119915e+00,5.864300473545736025e+00,2.895899157450654293e+00,2.303528860146308865e+00,2.507831115319270054e+00,3.048299294242418078e+00,3.902954814121728511e+00,5.182564702916636179e+00,6.829922003865651625e+00,7.629154321260067206e+00,6.095830360578147200e+00,4.116577108152242204e+00,3.007753874770280333e+00,2.503345545519763959e+00,2.264736335118966437e+00,2.105747426104165321e+00,1.920416231860166967e+00,1.638985806013826263e+00,1.219110192545946880e+00,6.570203869201929336e-01
1.981394377549916541e+00,1.981974115290474625e+00,1.983741183850340484e+00,1.986779845127939481e+00,1.991232891774197267e+00,1.997305320036080190e+00,2.005269789294183980e+00,2.015474286976814966e+00,2.028352701281832537e+00,2.044439450787272072e+00,2.064390023169937471e+00,2.089010387765799504e+00,2.119300027533221886e+00,2.156516237331418395e+00,2.202272168000996011e+00,2.258689344884601269e+00,2.328639826172584915e+00,2.416139027524377703e+00,2.526997454768431517e+00,2.669926653697896057e+00,2.858453666046334440e+00,3.114271858767669876e+00,3.473032529978703487e+00,3.993609283832766366e+00,4.768918607505079343e+00,5.920111538855876709e+00,7.506664008315611092e+00,9.273478282672476425e+00,1.056978934667572823e+01,1.105429072088861631e+01,1.112541605084628138e+01,1.132019946759969997e+01,1.196023404873560736e+01,1.325559152764362914e+01,1.544443630354406238e+01,1.884758212396729959e+01,2.377869527806388916e+01,3.007899329877135131e+01,3.610043199755846643e+01,3.881727220813557011e+01,3.688883732260684667e+01,3.050669395586140809e+01,3.204874971041893339e+00,3.354221575022042767e+00,3.488217894605594172e+00,3.604978899177258000e+00,3.641556335505136133e+00,3.565289895132262021e+00,3.402350942878928919e+00,3.225931665529235826e+00,3.135334942216738696e+00,3.187466956552120756e+00,3.322156072290205486e+00,3.446460117419625213e+00,3.609823451598370703e+00,3.952584363674405132e+00,4.502936028913739896e+00,4.808587885199910872e+00,4.268430907410847297e+00,3.636722064416719746e+00,3.209852994636919199e+00,2.811375057905807218e+00,2.618012917339274104e+00,2.692833466482547067e+00,3.010682163571321013e+00,3.590609456716309378e+00,4.522337668746700956e+00,5.874833222848129921e+00,7.324024005121154701e+00,7.885005685759949756e+00,4.557281689415115800e+00,2.508283536729527530e+00,2.217992206657615206e+00,2.487798435218879778e+00,3.035306779583180070e+00,3.856906137883786556e+00,5.040254442875358620e+00,6.541369152276987897e+00,7.449815498818046500e+00,6.401906376879740179e+00,4.692521330178989203e+00,3.736193511956953373e+00,3.445365068830419375e+00,3.525448439216916086e+00,3.808984123573844194e+00,4.196647684206810780e+00,4.579146193572080747e+00,4.752796158413530314e+00,4.327034636893389852e+00,2.772869375559516847e+00
2.014467137045805600e+00,2.015433341908456910e+00,2.018363918175913874e+00,2.023355567076490225e+00,2.030572253400619864e+00,2.040249679148753437e+00,2.052702164074893254e+00,2.068332697717800706e+00,2.087647387647040276e+00,2.111276235288428449e+00,2.140003275795732129e+00,2.174810877776223172e+00,2.216945855600238602e+00,2.268019788144548521e+00,2.330163986073641169e+00,2.406273518792578781e+00,2.500399444467538146e+00,2.618392819453307929e+00,2.768984165367993633e+00,2.965623406091189018e+00,3.229634057882158071e+00,3.595501307908599564e+00,4.118898612520727198e+00,4.884800827974355997e+00,5.997812581150419042e+00,7.496630498441048118e+00,9.140327069289089224e+00,1.036235666565239555e+01,1.086385123749774628e+01,1.097880326206268720e+01,1.118582214523069496e+01,1.178441170162435370e+01,1.296299862834575656e+01,1.491539867591227164e+01,1.789831528588947762e+01,2.221939255061369067e+01,2.800030412619192077e+01,3.434532523476052290e+01,3.873755037106205634e+01,3.920667656480600982e+01,3.641292597331573688e+01,3.057580268199213691e+01,3.309060011526732126e+00,3.426035489285017555e+00,3.542338701996139427e+00,3.609808512546508474e+00,3.550147596500874414e+00,3.381660606720449103e+00,3.180658440297912115e+00,3.052516301995211734e+00,3.084198427841000623e+00,3.266250792827252170e+00,3.492185678756476452e+00,3.729413057655595054e+00,4.076379449362987906e+00,4.522202330647218105e+00,4.591384042814860678e+00,3.953020152003994259e+00,3.421339688634295051e+00,3.204479765122059121e+00,2.944705836056016324e+00,2.730518587300689859e+00,2.748507928697241365e+00,3.020697860101961840e+00,3.559904912220446249e+00,4.453424636554281335e+00,5.865311028623731993e+00,7.717475360342129775e+00,7.610880719458767985e+00,3.952254836875179755e+00,2.384306717979733925e+00,2.188879734625803763e+00,2.471755797089825180e+00,3.011243217751768952e+00,3.799117264676366013e+00,4.902887006001366288e+00,6.303570086724863408e+00,7.364777228731700376e+00,6.860339870471143797e+00,5.499221849419500430e+00,4.789499158444399107e+00,4.936148290529973615e+00,5.834348061927663309e+00,7.621722742062808642e+00,1.078241107697566292e+01,1.593310970894197354e+01,2.146826779180255329e+01,2.021808826452680208e+01,1.243282100042170057e+01,5.443423171470684885e+00
2.083883671662434267e+00,2.085278315607452804e+00,2.089498946869705609e+00,2.096656786676165396e+00,2.106941076399104773e+00,2.120625362869632546e+00,2.138077338080079937e+00,2.159773496724537445e+00,2.186320608857528214e+00,2.218487131404855983e+00,2.257249458213839155e+00,2.303860773682764318e+00,2.359955000228519673e+00,2.427706288093722797e+00,2.510078162767936938e+00,2.611220295584604223e+00,2.737112863884494374e+00,2.896632017942257775e+00,3.103333820855547209e+00,3.378436587645228251e+00,3.755629287448836173e+00,4.287849443559843543e+00,5.052530487487927324e+00,6.137445801437413806e+00,7.557705331625164114e+00,9.078189158219718280e+00,1.020936492176097765e+01,1.070927060998130287e+01,1.086544577113663834e+01,1.109624991503104141e+01,1.167196296246013532e+01,1.275597100354053381e+01,1.449847590101926897e+01,1.709911072936019139e+01,2.085376835440673204e+01,2.604998941227611908e+01,3.231083499611062848e+01,3.771993274860631118e+01,3.996116852448368917e+01,3.898178555634480347e+01,3.622338100286547302e+01,3.118617346832738235e+01,3.379311408017127150e+00,3.460341181720583137e+00,3.551439183889959494e+00,3.534571624410443036e+00,3.378738816059800865e+00,3.165124197536983708e+00,3.005399853856416392e+00,3.003598756458969454e+00,3.196907113351921126e+00,3.507277214175275049e+00,3.836233311962056192e+00,4.200308459402746664e+00,4.541784084206401673e+00,4.419129312922065012e+00,3.721004157724960848e+00,3.226481630524657973e+00,3.128860351091533598e+00,3.045224004439739396e+00,2.869408048492627650e+00,2.837081863747425992e+00,3.060104568835531058e+00,3.564164224364685385e+00,4.431929311232385871e+00,5.853360138611396479e+00,7.752424807341529167e+00,7.103478122078410451e+00,3.813691970217092386e+00,2.425272198360906017e+00,2.207355898961393947e+00,2.466344693926003639e+00,2.987557418217101635e+00,3.745727109804819488e+00,4.790719530086350986e+00,6.127900166852795039e+00,7.345522856303277059e+00,7.414715334360888477e+00,6.531554657421012600e+00,6.219214210626788919e+00,7.107800497908822734e+00,9.354642034374460735e+00,1.247347097135189742e+01,1.287593111704257254e+01,8.798231359899721937e+00,5.093270639607605510e+00,3.066920516233229144e+00,1.953656630834221808e+00,1.211442905322979158e+00,5.922717154096868164e-01
2.191954844456323048e+00,2.193827209068921480e+00,2.199487640830521951e+00,2.209067831201660947e+00,2.222793067356754193e+00,2.240991702392458595e+00,2.264110088481285921e+00,2.292735004057999681e+00,2.327626789690850906e+00,2.369768240902048184e+00,2.420437231181793436e+00,2.481315814906592809e+00,2.554656517169429097e+00,2.643539995739763171e+00,2.752281351303875745e+00,2.887081980949635085e+00,3.057090556130281911e+00,3.276141490748663010e+00,3.565570240584592376e+00,3.958519174983998745e+00,4.505359877733616791e+00,5.275785593768866910e+00,6.339685906539482829e+00,7.686332523151062190e+00,9.082599492723153034e+00,1.011219929856274113e+01,1.059741943366887540e+01,1.079225749160663739e+01,1.105499144292001468e+01,1.162013640712600271e+01,1.262162770596950701e+01,1.416928411119186038e+01,1.642320291464259796e+01,1.967678357083268992e+01,2.430418550070885431e+01,3.025262362174762032e+01,3.617673266383549446e+01,3.977452533796047618e+01,4.020070364442494082e+01,3.871959165590388352e+01,3.649237411684469379e+01,3.227087596028359684e+01,3.389549907211719670e+00,3.449125871369929097e+00,3.493383020586815491e+00,3.381998140779818307e+00,3.171991384596473118e+00,2.989378209334203618e+00,2.950769587242496605e+00,3.126676588397980794e+00,3.487252316897182514e+00,3.910331006058576087e+00,4.309127650681277011e+00,4.559270668813475424e+00,4.288871890958234623e+00,3.555198331365927444e+00,3.065695649425848046e+00,3.007225243405753368e+00,3.073919178492034998e+00,3.006825558357695272e+00,2.953871275904274007e+00,3.125478076963628116e+00,3.592576368764288652e+00,4.436827014759980869e+00,5.832763126689122224e+00,7.528901776546148561e+00,6.538884953177093173e+00,3.896722364611404643e+00,2.591390820952454987e+00,2.273080567677121522e+00,2.472234855975463663e+00,2.963268715783451412e+00,3.694095524023111032e+00,4.696695521811178331e+00,5.994850320673705824e+00,7.349919402683657843e+00,7.978262713625361435e+00,7.706725284892601557e+00,7.896882655393289596e+00,9.358886089554285803e+00,1.091492707398123940e+01,9.207404086517524178e+00,5.643654989669522060e+00,3.417129851956279829e+00,2.389642443255557414e+00,1.919002132701019825e+00,1.650110488011979903e+00,1.396969082899479631e+00,1.053562411271358190e+00,5.771421931534570504e-01
2.342362193219627020e+00,2.344784525107734829e+00,2.352105053512953958e+00,2.364486970478751893e+00,2.382211243156695524e+00,2.405691314102020861e+00,2.435496369327583288e+00,2.472386451344044112e+00,2.517364637075192313e+00,2.571754540115911425e+00,2.637316285974133923e+00,2.716422130044016114e+00,2.812326224391781260e+00,2.929585324750449971e+00,3.074724102847770091e+00,3.257297246387169665e+00,3.491582364830891905e+00,3.799206771911545211e+00,4.212868518884604896e+00,4.780183049150843466e+00,5.562210420443158831e+00,6.609138944830594831e+00,7.882953642351941959e+00,9.153118576184571253e+00,1.007583143153208916e+01,1.053884103957867246e+01,1.076980852904720898e+01,1.106777559210243567e+01,1.162588081572699750e+01,1.254553369764369641e+01,1.390556785200239887e+01,1.585056428316449129e+01,1.867821291144174012e+01,2.279095188629205637e+01,2.831825857601718610e+01,3.438808058980416149e+01,3.896349908776149817e+01,4.062189530678613636e+01,4.005934318161820329e+01,3.874862238581586382e+01,3.723710121983960875e+01,3.372764988297037547e+01,3.341445177639812414e+00,3.399199817937770263e+00,3.376783000390282119e+00,3.200211741816350042e+00,3.007202847091194897e+00,2.935008005200567816e+00,3.077042641474880824e+00,3.448961862764876596e+00,3.946562716234280899e+00,4.395478152296816710e+00,4.580641304766064792e+00,4.204720729595933904e+00,3.450194806344120124e+00,2.950536516639834517e+00,2.882265269160766419e+00,3.034485781573459384e+00,3.113352281356185358e+00,3.095138352878046284e+00,3.222532180279369385e+00,3.646612390952963523e+00,4.461689173277072484e+00,5.802696936981965870e+00,7.186335312572788681e+00,6.000985435641858601e+00,4.017382369944066944e+00,2.864180816531480822e+00,2.407399805275467486e+00,2.504773916934677214e+00,2.947275654304648551e+00,3.649103550714416500e+00,4.621050694539818871e+00,5.897528165466092709e+00,7.365059619003311298e+00,8.488052762055907863e+00,8.879356350937495534e+00,9.403425416033339701e+00,1.007417508254994054e+01,8.386026616892227281e+00,5.136559149552200054e+00,3.112778720767384044e+00,2.264127957581563155e+00,1.999353782135804281e+00,1.995456095500514060e+00,2.087963724695018897e+00,2.161481184758917706e+00,2.094957885232973105e+00,1.750241083526216102e+00,1.028763239683594399e+00
2.539713271454124843e+00,2.542798234116094847e+00,2.552122737009909770e+00,2.567899699509523792e+00,2.590498108990790804e+00,2.620466191565595793e+00,2.658568209959666362e+00,2.705840236755330253e+00,2.763673468865190941e+00,2.833938699946925155e+00,2.919173667987484677e+00,3.022868110540266606e+00,3.149902498617440649e+00,3.307229513078957517e+00,3.504934872464282591e+00,3.757865948934235867e+00,4.088007519273507029e+00,4.527453877312459518e+00,5.120333936029286548e+00,5.917324027997428182e+00,6.946535017889243768e+00,8.142933494330161892e+00,9.283939345135772570e+00,1.009932947062586095e+01,1.053755750235620958e+01,1.080125590769759292e+01,1.113070518615064586e+01,1.167416316166750612e+01,1.250281053325197433e+01,1.368176368825313460e+01,1.536134508940779675e+01,1.783893601417685204e+01,2.150457864493089488e+01,2.657760051255771927e+01,3.254340237274519865e+01,3.774597805630064329e+01,4.047487977050167274e+01,4.076836482004105022e+01,3.998526856343313796e+01,3.918679972910279474e+01,3.839567609431019690e+01,3.543329134759183319e+01,3.246195698033116361e+00,3.312134127591048749e+00,3.228530794636275125e+00,3.049244016258778611e+00,2.950438012654843511e+00,3.050953043575543866e+00,3.400452935610343008e+00,3.933560592315921145e+00,4.434100347138225651e+00,4.589646103806376942e+00,4.150832886634425734e+00,3.386775430212773941e+00,2.869969014714479627e+00,2.767475469952074274e+00,2.941558498186591653e+00,3.148126287924046807e+00,3.227637914305392375e+00,3.340461661611615618e+00,3.717538095385808372e+00,4.491116782061443935e+00,5.748431942240705972e+00,6.804821458885346175e+00,5.515376606874533572e+00,4.035554324836054363e+00,3.165998130686098477e+00,2.612435142684421674e+00,2.570148515641534903e+00,2.937695260169959077e+00,3.601972223360494496e+00,4.547034165880092793e+00,5.808474350849124335e+00,7.355756444542516093e+00,8.859982227518470310e+00,9.814136450112997068e+00,1.018608940682040931e+01,8.975565623541125859e+00,5.803490361528873542e+00,3.375108231231682687e+00,2.295282720345248606e+00,1.977180137306311369e+00,2.039315787000939295e+00,2.313794392360690733e+00,2.727147981021227352e+00,3.232493454805274169e+00,3.757354252386524429e+00,4.129617536006424672e+00,3.965256898862379309e+00,2.656569558091015359e+00
2.793371157032276120e+00,2.797301542002283981e+00,2.809188015604013877e+00,2.829323013531959141e+00,2.858216407618718868e+00,2.896632470812032789e+00,2.945648755601548707e+00,3.006745644583985744e+00,3.081940582639108861e+00,3.173989118053377467e+00,3.286687488218587028e+00,3.425330658992264965e+00,3.597406956718551818e+00,3.813642011572282442e+00,4.089515317730052502e+00,4.447263216162566479e+00,4.917834487395533749e+00,5.540435980517766090e+00,6.352724780909801972e+00,7.358382419319142720e+00,8.468460532480559522e+00,9.477769389207546524e+00,1.018984624589998056e+01,1.060316249187138737e+01,1.089211317395947276e+01,1.123925607349549693e+01,1.174972408838268478e+01,1.247550861642727682e+01,1.348797108248890275e+01,1.495127625426946238e+01,1.714884140937589052e+01,2.043509017610036693e+01,2.506447510183189564e+01,3.077449267896059837e+01,3.630343123499200431e+01,3.990688135452542440e+01,4.104397953407610089e+01,4.073564195828709700e+01,4.021495218407983430e+01,4.004299297951301639e+01,3.988620541694031374e+01,3.727319389539878358e+01,3.150152043443243954e+00,3.224916551563139500e+00,3.116542974115676934e+00,3.006742292018704799e+00,3.065272835160648413e+00,3.370493978636390775e+00,3.894621656261176845e+00,4.426973708994941248e+00,4.586842645084776571e+00,4.129766649134780643e+00,3.367910693091502594e+00,2.830918605471755001e+00,2.684367087660000095e+00,2.839514889370009509e+00,3.121076580437809334e+00,3.329718262087277836e+00,3.479015204381430415e+00,3.815545468492509418e+00,4.534356351258850282e+00,5.687438082748752066e+00,6.458150941958162861e+00,5.126011782691808349e+00,3.954068219499329295e+00,3.418112010756946262e+00,2.893427959762739921e+00,2.698550052182446812e+00,2.955742864189747632e+00,3.564984163944373563e+00,4.480217329451630093e+00,5.727393980264605666e+00,7.321978741880719177e+00,9.070816893673383063e+00,1.036038671692179847e+01,1.017998745832016105e+01,7.561026715064889103e+00,4.417006646106624856e+00,2.669130580153411536e+00,2.017970247500733283e+00,1.943450763329668263e+00,2.192769990158538462e+00,2.676749836940106597e+00,3.391506248211029195e+00,4.389500677528978656e+00,5.774356803817159545e+00,7.701042334284946556e+00,1.034214103281254538e+01,1.359316167797408603e+01,1.487467926164379683e+01
3.116581519512695575e+00,3.121649701708784086e+00,3.136990776195291986e+00,3.163024704802297471e+00,3.200487445251953833e+00,3.250490238806336141e+00,3.314614105393820509e+00,3.395053501669909046e+00,3.494831022062749870e+00,3.618116457747988512e+00,3.770699099395202758e+00,3.960679814649370467e+00,4.199457048703991724e+00,4.503034587507171338e+00,4.893444939006919014e+00,5.399309783641159655e+00,6.052543012998667926e+00,6.874481080432470748e+00,7.843346926853255852e+00,8.853725162847014829e+00,9.729777227772217429e+00,1.034490539649135599e+01,1.073149788331946297e+01,1.103037993460005417e+01,1.137078345206545826e+01,1.182514304239994374e+01,1.244371390153804491e+01,1.331609289318760325e+01,1.461322572896757066e+01,1.659093776382327690e+01,1.955964734611143996e+01,2.377916721723939375e+01,2.915531422904819081e+01,3.477599038755623440e+01,3.903504364768433277e+01,4.097800329926312202e+01,4.118181290816982454e+01,4.085911794228471905e+01,4.082917261633542694e+01,4.127495742677588453e+01,4.162461399587328259e+01,3.914531426932184388e+01,3.091301153909220556e+00,3.171869518962677770e+00,3.095509283844055659e+00,3.117287523685186024e+00,3.364473028914449770e+00,3.839489509545912505e+00,4.364030725122180598e+00,4.545969562824058841e+00,4.117038306448517204e+00,3.376347752363106913e+00,2.821089429366430146e+00,2.627020498441834384e+00,2.741298092934774111e+00,3.043765359385397495e+00,3.365164215077598442e+00,3.605059071959204609e+00,3.928855349910687078e+00,4.584341104833988823e+00,5.617405508561635230e+00,6.156005808064191065e+00,4.818278829546596143e+00,3.801369380701946632e+00,3.535598519855576161e+00,3.186967511136917786e+00,2.892073522982663292e+00,3.008004597052327256e+00,3.535091463499984155e+00,4.408021535638306787e+00,5.632228824397578215e+00,7.237184653848505178e+00,9.090819193110789342e+00,1.046419049368518728e+01,9.728228315802089909e+00,6.592331931735828654e+00,3.792509103922658831e+00,2.404440911478977760e+00,1.945112802222859205e+00,1.992293026633906727e+00,2.359368043335230425e+00,3.000829909846225441e+00,3.963463422464186259e+00,5.383441524714549509e+00,7.510451109258264424e+00,1.071826455913574883e+01,1.532415724418398995e+01,2.067492114705444806e+01,2.325600233296022523e+01,1.731688357463265859e+01
3.532618739679282971e+00,3.539296690441440241e+00,3.559533043165674648e+00,3.593951821255336743e+00,3.643650338503168218e+00,3.710293142779219622e+00,3.796260778612681186e+00,3.904873286644106045e+00,4.040717329168797001e+00,4.210114905398931739e+00,4.421773734375811671e+00,4.687631868257891021e+00,5.023788592664990560e+00,5.451043541031075357e+00,5.993630346440048662e+00,6.672888873281590527e+00,7.490765793717879539e+00,8.402195138612466252e+00,9.297317936574422959e+00,1.004012465615666727e+01,1.056315042332072096e+01,1.091410398999123110e+01,1.119780121258803263e+01,1.150193383279243164e+01,1.188405502513925072e+01,1.240638682490386913e+01,1.317393789342972177e+01,1.435043745954624939e+01,1.615740948274748590e+01,1.886256108657245889e+01,2.271613997499296644e+01,2.773069503273413261e+01,3.327635642081821032e+01,3.797384318925431756e+01,4.064052032423725791e+01,4.140069532001015062e+01,4.130736634661247564e+01,4.130885290438897073e+01,4.184212456075692899e+01,4.284149573017930379e+01,4.355390912605299292e+01,4.098678635712423102e+01,3.120278746879812104e+00,3.209889557016931683e+00,3.220237969907924214e+00,3.402849053342138497e+00,3.800121667962641503e+00,4.271508624483044692e+00,4.467121455871803093e+00,4.104507327894602042e+00,3.412130770423171811e+00,2.846268898261694602e+00,2.604625062420851123e+00,2.668329376529843255e+00,2.955195131084686899e+00,3.344471101679757918e+00,3.699484815546516536e+00,4.056951381088902409e+00,4.654722493325014199e+00,5.561276302800344240e+00,5.920713220895079232e+00,4.599512220077772717e+00,3.640312078492602410e+00,3.532257446623277009e+00,3.428756636596719254e+00,3.152402844530888260e+00,3.123632848261981287e+00,3.534016011404195190e+00,4.342403602477062918e+00,5.528663701310043699e+00,7.110082846860787953e+00,8.956430186592934106e+00,1.024112920337324439e+01,9.191513361546288507e+00,6.101328032081287489e+00,3.604038565088163448e+00,2.375932204958985938e+00,1.986010444451835610e+00,2.087081959313008550e+00,2.526248075339787569e+00,3.280572472331644285e+00,4.425464554366175918e+00,6.132736395395887996e+00,8.635303912100278367e+00,1.191958890401013704e+01,1.476047501991894961e+01,1.462988600934838068e+01,1.131977477187185954e+01,7.187585501223525242e+00,3.443936687500226412e+00
4.076859197665849699e+00,4.085887947362332184e+00,4.113279201793417883e+00,4.159973132329342072e+00,4.227623371569610988e+00,4.318737017965956326e+00,4.436890603736132199e+00,4.587040541658071291e+00,4.775944662784182171e+00,5.012690124814822568e+00,5.309248946713795547e+00,5.680780718061462231e+00,6.144931551987964369e+00,6.718481049781699355e+00,7.408619027010432845e+00,8.196962471490198965e+00,9.022433039552080203e+00,9.785375860579115681e+00,1.039393957494740839e+01,1.082290855852420286e+01,1.111995262009415342e+01,1.135928665497147882e+01,1.160544922736769280e+01,1.191683261491921542e+01,1.236843872694022295e+01,1.306801188242425837e+01,1.416140343081051611e+01,1.583662302005654965e+01,1.832435198449510239e+01,2.185858054023723795e+01,2.651579065874823016e+01,3.188002490231169972e+01,3.682354042482429435e+01,4.009525467963855050e+01,4.142981995964139230e+01,4.162833903857685414e+01,4.167070059736940379e+01,4.215360735187455532e+01,4.324680257305819708e+01,4.471595655302330385e+01,4.564191266604230890e+01,4.276526982250386766e+01,3.259665254736776596e+00,3.369357974387821031e+00,3.492116837312586597e+00,3.790795092791077181e+00,4.168110026505456034e+00,4.344696841221917794e+00,4.064940584064147266e+00,3.455631717307594553e+00,2.897588503665637916e+00,2.612456810489238723e+00,2.621184829493206081e+00,2.871088574803626337e+00,3.281791951730950174e+00,3.735920075322995970e+00,4.172819283793749889e+00,4.740377041882193332e+00,5.524088228840118298e+00,5.745077828954814336e+00,4.451513488001834773e+00,3.492931285556122312e+00,3.442846520642861563e+00,3.554788290419297336e+00,3.424882229350056928e+00,3.307548270104021526e+00,3.574337144119588139e+00,4.286689401262866461e+00,5.412106793953541661e+00,6.937695799110432660e+00,8.699505955656494649e+00,9.819415849287860709e+00,8.693821786036370014e+00,5.910869351137238326e+00,3.662683424539736610e+00,2.491370337775167254e+00,2.100404384027299010e+00,2.210069490629174016e+00,2.686755676680641081e+00,3.517175460701094103e+00,4.788814201675561932e+00,6.675475683842413410e+00,9.310893477828797060e+00,1.221511890329864869e+01,1.357662974739336548e+01,1.220910334358198313e+01,9.618168214720324016e+00,7.169516050435298382e+00,4.932520120142980247e+00,2.586695573730790620e+00
4.803114574936850900e+00,4.815581649325428870e+00,4.853431933873286752e+00,4.918045568062012762e+00,5.011834052074314982e+00,5.138410682787252881e+00,5.302829848711743566e+00,5.511875621590678342e+00,5.774329049519844048e+00,6.101022728058369538e+00,6.504239575453373945e+00,6.995575344091154335e+00,7.580886290380862036e+00,8.251195785893694179e+00,8.971522105550333137e+00,9.677033095549225195e+00,1.029061441847673919e+01,1.076028049841366574e+01,1.108557667203537989e+01,1.130806262621203473e+01,1.148402446088119255e+01,1.167082046692171637e+01,1.193155163512890127e+01,1.234427475106620875e+01,1.300772617586705238e+01,1.404663675982154025e+01,1.562059153489913044e+01,1.792983210235625791e+01,2.118972890644079854e+01,2.551213228498183838e+01,3.063602887222068816e+01,3.567068832986826266e+01,3.941018627674989006e+01,4.130095493361043424e+01,4.185029492938857487e+01,4.198583000450364011e+01,4.240530094543787243e+01,4.342762209588175892e+01,4.504770514082323274e+01,4.689598603148963463e+01,4.787952190563987642e+01,4.447601351415616477e+01,3.514241746215329698e+00,3.643436903009500405e+00,3.829979086580892478e+00,4.080999429595122407e+00,4.194481686439289092e+00,3.981696100368115054e+00,3.485679743488767635e+00,2.966760275894109178e+00,2.649501423208200368e+00,2.602377487214946328e+00,2.803675106078484802e+00,3.201926338385829851e+00,3.715169542712626338e+00,4.249460501977830873e+00,4.831540835794934097e+00,5.513012370848457522e+00,5.627143042697612785e+00,4.365914908730184507e+00,3.374238013247488066e+00,3.313268894090093397e+00,3.562355900309832624e+00,3.640325058110405188e+00,3.544165165294543840e+00,3.673472683202660960e+00,4.255303541947896839e+00,5.289781831935568945e+00,6.730217312458364631e+00,8.365018957846825032e+00,9.313302602200824509e+00,8.253165302442532436e+00,5.871141232861198489e+00,3.863719135594623211e+00,2.710725907364430753e+00,2.277235809017552626e+00,2.361259438174745373e+00,2.846779525708320602e+00,3.723691933308947988e+00,5.083225694705606479e+00,7.095528430073216875e+00,9.828738619395327447e+00,1.260342685879201063e+01,1.374106434491463347e+01,1.300547395561109099e+01,1.209295479868682754e+01,1.193631108966024534e+01,1.239832437486530026e+01,1.254428600796517657e+01,9.751034981687300984e+00
5.781788626213901772e+00,5.798981504506728335e+00,5.851154140366931600e+00,5.940112820207188449e+00,6.068941687574480603e+00,6.242082363490720098e+00,6.465362107558791926e+00,6.745829899191857493e+00,7.091124861837039717e+00,7.507899883992119605e+00,7.998641835058595717e+00,8.556426824640483986e+00,9.158514680666430152e+00,9.762835291335381527e+00,1.031426217683899438e+01,1.076356921344485684e+01,1.108893981778791371e+01,1.130322504315157772e+01,1.144407113969696610e+01,1.156063931071313888e+01,1.170788389688051012e+01,1.194742051799062565e+01,1.235040417636402665e+01,1.300167423545950385e+01,1.400705839638721706e+01,1.550380577916548042e+01,1.766757468167168099e+01,2.069493664953596834e+01,2.471460931225790603e+01,2.957378624281454904e+01,3.458525297117665787e+01,3.865476880755647215e+01,4.104995079903872579e+01,4.198892207629505435e+01,4.228059476588851595e+01,4.267191832251459971e+01,4.358924075057173297e+01,4.516445426522449935e+01,4.726620462578943460e+01,4.939092513605949364e+01,5.025793485175545072e+01,4.611353001086624204e+01,3.848218158501715003e+00,3.939910776976485174e+00,4.037670846673224290e+00,4.044192197208706929e+00,3.853132990747187847e+00,3.477512438110652582e+00,3.038310262989840638e+00,2.712475907720079960e+00,2.613429551085388880e+00,2.759685312811055447e+00,3.124243864116937885e+00,3.655551887952779300e+00,4.270513684299793056e+00,4.907876729730609178e+00,5.528019954798257807e+00,5.564174832343926624e+00,4.336561127927041071e+00,3.291491508332367033e+00,3.175387121167605464e+00,3.484746062485255536e+00,3.752001027600160299e+00,3.785086074496357700e+00,3.837325656671497498e+00,4.267611288598849306e+00,5.176236033739356479e+00,6.503486268403968040e+00,7.992826089989579330e+00,8.794268446763119584e+00,7.855863292882769855e+00,5.876897653184220971e+00,4.130813949546929820e+00,3.005892559850098511e+00,2.512373905729003987e+00,2.544831219926435573e+00,3.013779018652140707e+00,3.911200000034309454e+00,5.328324990024602137e+00,7.437665753742117580e+00,1.030623253840079556e+01,1.327444903253389796e+01,1.490548485755792640e+01,1.534512663340075278e+01,1.628095447166315779e+01,1.848353138780004556e+01,2.146630539600649001e+01,2.347689686452807223e+01,2.172984811544989014e+01,1.404764968053940954e+01
7.067145549746878253e+00,7.089583183220349305e+00,7.157461149930099964e+00,7.272439453570855861e+00,7.437141750188103195e+00,7.654844702524698619e+00,7.928832249723516412e+00,8.261179949596986205e+00,8.650705672713277394e+00,9.090002161610666320e+00,9.562124496338331170e+00,1.003877712369347641e+01,1.048299296491306265e+01,1.085820236316104115e+01,1.114088875959943259e+01,1.132947252566536278e+01,1.144425313563683844e+01,1.152083731109973996e+01,1.160332194264679373e+01,1.174073403031879970e+01,1.198665501794230437e+01,1.240134975382714089e+01,1.305658362431339015e+01,1.404345205306660738e+01,1.548214941728140914e+01,1.752842445658047055e+01,2.036092566601004350e+01,2.411363620389683859e+01,2.870696612064107711e+01,3.361837207549485385e+01,3.789403882360347353e+01,4.071864573143507471e+01,4.205987212380837548e+01,4.256497582523117984e+01,4.298116980650365804e+01,4.381134375706501061e+01,4.528435366821042152e+01,4.740317547216356076e+01,4.992153561997616862e+01,5.218453771347407866e+01,5.271833996980005566e+01,4.760708881950881732e+01,4.151118007388099329e+00,4.070579460166712238e+00,3.927514903005757674e+00,3.697511321926250094e+00,3.412630066183619526e+00,3.087911699105916341e+00,2.792605843869599980e+00,2.654533813495130179e+00,2.743039507502387231e+00,3.060654958788200375e+00,3.578815127776935334e+00,4.238608881338223888e+00,4.945557054462479840e+00,5.557035858457726185e+00,5.551435949641247980e+00,4.360036466138050848e+00,3.249236288459300681e+00,3.047831256639454978e+00,3.359794171357566306e+00,3.757003045179829748e+00,3.969532731647817947e+00,4.045025217862119327e+00,4.339557659312331950e+00,5.090555918841788596e+00,6.275531664053679570e+00,7.612252488979942555e+00,8.299089074880217964e+00,7.491587100184338155e+00,5.867674411383383415e+00,4.402221151445151470e+00,3.347497650841790851e+00,2.800425105561332728e+00,2.764360505470064844e+00,3.193123933410757509e+00,4.084333894455960845e+00,5.525575606026766451e+00,7.690515665481234109e+00,1.067400496749789696e+01,1.390465561018208263e+01,1.597498436017239598e+01,1.662855176535915547e+01,1.658172246499012203e+01,1.545537755575491268e+01,1.286489136053079463e+01,9.564299896336414974e+00,6.486762270666912578e+00,3.956543175088333975e+00,1.872677324689631106e+00
