# rows 430:5:700 nm, cols 0:1:89 deg, 100*(1-R)
5.740887510641783109e+01,5.729112730111965845e+01,5.694925543975875115e+01,5.641733280437780707e+01,5.575198949770935286e+01,5.503217527046895441e+01,5.435906385729830959e+01,5.385678567442398190e+01,5.367531149262569556e+01,5.399750733677200998e+01,5.505286987751940586e+01,5.713968643882714105e+01,6.065068439986995941e+01,6.606546209069169606e+01,7.375034488312272174e+01,8.308421105040724797e+01,9.057257038716403486e+01,9.070755287729537031e+01,8.374382955330720790e+01,7.474538046203524289e+01,6.569728107736041522e+01,5.714972786783280867e+01,5.053469157176871818e+01,4.816155288772991838e+01,5.664105235635697966e+01,7.070205396490815986e+01,3.658703570311560327e+01,3.075573430403898456e+01,3.205303710515976690e+01,3.650068676425998149e+01,4.378998311760173578e+01,5.226994131923721199e+01,5.496373969456745101e+01,4.637992141748321728e+01,3.431993663739208955e+01,2.552223558935293823e+01,1.998997514361607841e+01,1.633904372522669846e+01,1.368029450826381321e+01,1.159432894029530559e+01,9.895503869548338827e+00,8.464874976003656570e+00,6.982739919083358338e+00,6.480610850454282534e+00,6.158279258334187212e+00,6.006927314468790691e+00,6.026003392336543030e+00,6.233501578039202684e+00,6.715321253880901509e+00,7.965349850997305303e+00,1.650041232164163318e+01,1.295958084503443430e+01,9.860406387357411262e+00,1.034911270141714112e+01,1.164489851803453035e+01,1.349194507628366324e+01,1.510671741918807598e+01,1.547363850455355561e+01,1.526399266447492309e+01,1.523246961217401463e+01,1.552734997957329099e+01,1.643730829565870266e+01,1.852376756977955807e+01,1.942277277094595078e+01,1.572355481099005914e+01,1.204025633189418443e+01,9.906469985041422177e+00,8.903635066252391539e+00,8.928057041012104733e+00,1.057141437589924671e+01,1.574183835469319348e+01,2.100573312420006644e+01,1.369456529198746964e+01,8.586919703392048575e+00,6.712298549999173858e+00,6.114633177706552125e+00,6.158122604942173339e+00,6.713483655868158095e+00,7.908642493353745806e+00,1.016851834553649248e+01,1.443299430180872100e+01,2.195802490315688260e+01,2.922089709610793307e+01,2.445210332542604448e+01,1.483636727555312973e+01,8.864242624602901799e+00,5.611326052662346520e+00,3.636135736679091401e+00,2.231162357300853216e+00,1.072722708444340256e+00
5.606294076786439007e+01,5.617161581319103192e+01,5.651117244038134402e+01,5.712283633900678836e+01,5.807748147794992377e+01,5.947898871910515339e+01,6.146868129978319928e+01,6.422879461726765271e+01,6.797751041202712941e+01,7.293279706461554213e+01,7.918495790217731667e+01,8.635628530635062816e+01,9.297314884571068205e+01,9.616127895350378196e+01,9.337859578784514270e+01,8.524337956806346028e+01,7.463881340920612217e+01,6.396712637436787929e+01,5.468674767944372661e+01,4.770376323237660898e+01,4.369535638926929266e+01,4.401626137946631445e+01,5.398983818448307659e+01,7.102409871357669147e+01,3.952043590175770760e+01,3.188940997661965326e+01,3.382766968967841592e+01,3.976447342586578770e+01,4.839823864519159713e+01,5.470502671263682970e+01,4.982934881239816605e+01,3.734034906581496926e+01,2.707237479840933858e+01,2.077804120234219099e+01,1.694550654619415653e+01,1.435512447886906351e+01,1.238473588109062540e+01,1.076893460330836660e+01,9.411272060783982596e+00,8.278697827402826448e+00,7.349315939322753621e+00,6.580638991330722831e+00,5.779015343070703636e+00,5.560972789074192235e+00,5.485451747393465638e+00,5.549076769378846308e+00,5.760774582455741033e+00,6.164209086208904509e+00,6.975070850329556649e+00,1.037764814412716063e+01,1.711331718340300867e+01,9.470001216660261179e+00,9.677959323519536028e+00,1.081821141257279706e+01,1.255687798099669550e+01,1.427338282479169251e+01,1.471641338653377673e+01,1.436764254656013406e+01,1.413140502422840505e+01,1.420677174836150236e+01,1.488046134254446073e+01,1.655703135641719470e+01,1.699733269537340163e+01,1.379958316290527165e+01,1.076183263246346300e+01,9.054730884613061193e+00,8.375842633523822300e+00,8.742834212278506101e+00,1.091185766578572824e+01,1.624657803199383110e+01,1.716186832140515861e+01,1.074561565186396095e+01,7.520116317384106353e+00,6.412735667289681807e+00,6.250898933694781334e+00,6.717613347786888234e+00,7.888627662432401877e+00,1.018680225103512171e+01,1.447260087900533776e+01,2.082243359779565139e+01,2.254921714375304020e+01,1.583591810729345539e+01,9.935783217365878883e+00,6.783527258584864938e+00,5.088264302466893874e+00,4.029487277992038763e+00,3.220057369304663020e+00,2.473468880583284957e+00,1.700966054886976497e+00,8.727504635846816683e-01
8.383892653679791351e+01,8.418938497278776367e+01,8.523925837885720114e+01,8.697612725936130573e+01,8.934997411385883481e+01,9.221952460848461897e+01,9.526295164613487998e+01,9.786353733561527690e+01,9.904801729431640922e+01,9.766277556866256759e+01,9.293335058180176134e+01,8.509806527930930997e+01,7.541435883872904355e+01,6.546024930178784018e+01,5.646625875993981225e+01,4.912397277724755185e+01,4.373272213586260193e+01,4.047110597394181042e+01,3.978150693478773547e+01,4.325243522882406211e+01,5.617720051277330384e+01,6.999694801518552367e+01,4.224259696510537054e+01,3.492494665223120620e+01,3.820204277684169369e+01,4.590366661421021632e+01,5.356230872045739488e+01,5.174652459521138326e+01,3.970575810400154637e+01,2.824022097763074868e+01,2.111294995459460466e+01,1.699242119144439656e+01,1.442584203314878266e+01,1.260071567122589187e+01,1.113315000365279239e+01,9.867959489449784627e+00,8.759452021284740653e+00,7.804234268754250969e+00,7.006957047631567903e+00,6.366239598929013255e+00,5.869870152512579153e+00,5.485894448237149668e+00,5.069377284033427244e+00,5.052808500309091677e+00,5.151963267405390567e+00,5.370914525303560616e+00,5.732626750068847699e+00,6.335868765419849780e+00,7.897378737502669388e+00,2.413254390362846635e+01,9.457629268038481030e+00,9.115261578650857288e+00,1.006002073331514524e+01,1.161892355465792193e+01,1.337873843971698662e+01,1.398012938805701566e+01,1.352123988152681378e+01,1.307856801627648125e+01,1.294676745440878030e+01,1.338688909139047567e+01,1.469638557863386374e+01,1.501982008778253075e+01,1.238290402526681611e+01,9.813542996365498539e+00,8.398303566232767636e+00,7.938572831793755391e+00,8.518996794868694877e+00,1.090004802941785300e+01,1.543523031231628373e+01,1.416546784772583223e+01,9.216269854975500664e+00,6.977177145227031474e+00,6.315302331946481829e+00,6.475812986492535117e+00,7.331749330034731393e+00,9.131533682076732106e+00,1.246051785148313229e+01,1.730473982345866091e+01,1.887902779531081165e+01,1.395902428425179664e+01,9.341818234816013700e+00,6.927670887583481374e+00,5.772297645901658392e+00,5.199593547770220425e+00,4.867683694028857033e+00,4.581012194388877745e+00,4.197417709950657105e+00,3.596840226177278055e+00,2.690292480637124228e+00,1.459581318620362111e+00
9.000852346575760521e+01,8.962050410270691714e+01,8.842669385988878616e+01,8.635062157902670776e+01,8.330694592336503490e+01,7.925928542237184615e+01,7.428115259624195232e+01,6.859071117849688903e+01,6.253350738268439102e+01,5.651489681858059555e+01,5.091660503193465814e+01,4.603955032367487377e+01,4.209430451094485903e+01,3.923716953129925145e+01,3.764765071658069218e+01,3.767454470728390703e+01,4.018051892763364918e+01,4.750496459577708919e+01,6.414417737780264872e+01,6.739172229543981985e+01,4.477693953103764102e+01,4.099510436187065920e+01,4.652423777082906042e+01,5.347426466020217362e+01,5.200881386417918151e+01,4.020693435315885012e+01,2.835830712663713982e+01,2.085929577349753217e+01,1.659190115024014034e+01,1.406251832235498966e+01,1.238311947737332730e+01,1.109946383872980569e+01,9.999724418771393175e+00,9.002878667267765422e+00,8.093669538257220353e+00,7.283124152927977768e+00,6.586396892121437752e+00,6.012996590065410984e+00,5.564540992519495077e+00,5.235654243694454202e+00,5.014263602826263266e+00,4.874089450789731437e+00,4.692607964386530384e+00,4.819396500719475007e+00,5.045482650408206204e+00,5.383293838580261337e+00,5.880612210204095192e+00,6.800760415206008602e+00,1.260449659243957399e+01,1.051425226655793210e+01,8.677357839210719348e+00,9.377688583827259450e+00,1.070501035342080698e+01,1.240917082959599504e+01,1.323639382215797689e+01,1.273582606644765391e+01,1.210202943169889167e+01,1.178434660185592264e+01,1.200919970632872236e+01,1.300621839336022489e+01,1.337610022616990690e+01,1.129926232590013946e+01,9.086580360560958525e+00,7.868786770362601324e+00,7.543729383014685652e+00,8.215571725698699979e+00,1.052541334883634327e+01,1.403815253466236257e+01,1.217915538956106936e+01,8.336487856967345067e+00,6.665513737112260806e+00,6.290508956307250266e+00,6.695056397651644176e+00,7.870068753577008636e+00,1.013485657467829704e+01,1.372831838150501227e+01,1.642237693691956935e+01,1.394132110177041994e+01,9.868403970163342365e+00,7.532057061312880109e+00,6.575572007543351027e+00,6.376322680437295887e+00,6.617464265507422283e+00,7.152888575514770864e+00,7.900233657864363934e+00,8.771069559411692751e+00,9.593502428777632929e+00,9.986334380367223318e+00,9.178002295668941102e+00,6.010710543308306342e+00
4.807303348624753880e+01,4.783180807232635345e+01,4.712619112859781723e+01,4.600932669667461283e+01,4.456618095113788769e+01,4.290787415739462318e+01,4.116410197655052627e+01,3.947535972883292743e+01,3.798794753703733562e+01,3.685577817859297767e+01,3.625455869938289055e+01,3.641857904787140399e+01,3.772486239554429233e+01,4.089123790210105369e+01,4.744455546747119712e+01,6.022360952242770082e+01,7.501377670048057666e+01,6.281869901518773247e+01,5.052565627058032049e+01,5.185161253604289300e+01,5.524236990568917349e+01,5.015511202914766642e+01,3.764262638634426139e+01,2.657818668822633512e+01,1.965367446122291284e+01,1.567808584048871978e+01,1.333758160918384661e+01,1.183537798134762831e+01,1.073960937554729966e+01,9.826587875331139088e+00,8.991725789982552897e+00,8.199495342344121696e+00,7.451513523118458160e+00,6.764769727101949570e+00,6.157958346483194845e+00,5.644732183297662687e+00,5.231930951718100076e+00,4.920517696097270743e+00,4.707351756744159843e+00,4.586468000247945653e+00,4.548351678786732855e+00,4.571236790737220446e+00,4.539200100963824980e+00,4.770947978344364238e+00,5.093338006752546221e+00,5.530625642256826069e+00,6.190720088476653338e+00,8.105645859203214343e+00,1.679890123906919541e+01,8.431411909757580148e+00,8.779449604593359879e+00,9.846024248261874945e+00,1.138324970942916536e+01,1.244880002389203710e+01,1.201969228343269336e+01,1.122336238934513730e+01,1.074104036544125762e+01,1.077523192598283153e+01,1.150576792075784738e+01,1.196671403177216320e+01,1.043596781325479839e+01,8.515931752535287558e+00,7.427816979520518004e+00,7.170643267324772197e+00,7.836004371576632543e+00,9.897585174643698025e+00,1.257844124456584112e+01,1.085539236317229950e+01,7.786393949660574521e+00,6.463228166425571963e+00,6.275532965995401113e+00,6.848987913096227231e+00,8.226400869586992570e+00,1.064000236468517535e+01,1.358103843766138574e+01,1.391741125233809662e+01,1.088412128764137954e+01,8.312366949847804776e+00,7.214284572407681395e+00,7.138247958674948102e+00,7.778634309408516856e+00,9.080043356720590708e+00,1.117330441457813350e+01,1.435587440839061202e+01,1.905000996589938467e+01,2.549161104312961257e+01,3.261679524751966852e+01,3.648349032879647780e+01,3.228878156724918824e+01,1.967258189766025822e+01
3.585328191324765612e+01,3.584727027581797643e+01,3.584052086095172029e+01,3.586719341449342835e+01,3.598559726463304287e+01,3.628164304427764364e+01,3.687692029053293652e+01,3.794611922698762640e+01,3.975318717302955918e+01,4.272534735464583378e+01,4.759928456106008809e+01,5.563939610818395920e+01,6.823918075086400847e+01,8.090336065254379605e+01,7.615504252572802102e+01,6.454268355668575907e+01,6.032577978261809193e+01,5.485947062410902220e+01,4.346939122199119510e+01,3.137283253490065249e+01,2.269478711960562123e+01,1.736881158967953453e+01,1.420926090489040838e+01,1.228801283410416723e+01,1.104103346221989668e+01,1.014332649519491625e+01,9.410523092661883027e+00,8.743245286418677154e+00,8.096327581705043741e+00,7.459293846120917948e+00,6.841664477810982525e+00,6.261431736002354143e+00,5.736971829086567887e+00,5.282580592337293268e+00,4.907043975076019748e+00,4.614152188911324615e+00,4.404077891501511743e+00,4.274842126442668366e+00,4.223389142288680453e+00,4.245834795429348496e+00,4.335711659171681553e+00,4.473742648967404811e+00,4.537093991109530933e+00,4.847924271660786211e+00,5.246543641537249059e+00,5.780786453592856589e+00,6.760147398951110276e+00,1.670271107589527304e+01,8.650152204381967636e+00,8.275501393800976047e+00,9.060972880172336374e+00,1.034074188766265223e+01,1.156731322678215079e+01,1.135980884046377071e+01,1.045081256455643270e+01,9.821758983717909786e+00,9.688989180307416405e+00,1.018661821787869570e+01,1.071053352541917469e+01,9.702393117104058717e+00,8.052752537727435822e+00,7.049155668901230243e+00,6.810002818587468809e+00,7.401667144250190233e+00,9.139644447901529745e+00,1.123461878091191934e+01,9.909499044345571050e+00,7.407752673950263045e+00,6.306080132550961892e+00,6.233777579908283961e+00,6.901560684072061136e+00,8.345518732954637642e+00,1.060061325761138029e+01,1.256788491245535155e+01,1.176195038347882615e+01,9.303901321379658640e+00,7.771173351490712200e+00,7.465348537526161898e+00,8.115943783266876821e+00,9.666240836161254180e+00,1.229437236023676050e+01,1.623937013040097810e+01,2.109043064691709191e+01,2.443707684981898254e+01,2.345358250635467456e+01,1.952027804912390607e+01,1.548761932215241188e+01,1.207888197075528325e+01,8.744427142151012688e+00,4.787890020824181470e+00
4.807485921583285204e+01,4.837121209065713145e+01,4.929348893207525606e+01,5.094681143375942867e+01,5.352529044962746241e+01,5.734065166717050488e+01,6.284825203705934626e+01,7.057966109203874794e+01,8.057274345192027454e+01,9.020809096496655854e+01,9.194065312734633721e+01,8.254752171181962694e+01,6.942219470616414867e+01,5.579194623043377277e+01,4.230374201801806322e+01,3.104643395387485327e+01,2.303241484643147174e+01,1.780032635669839181e+01,1.448887173824395802e+01,1.238968144624756818e+01,1.102590031554597871e+01,1.009470897265831724e+01,9.405475989807055015e+00,8.838446389898990674e+00,8.320689422742644226e+00,7.812352384142073447e+00,7.297809240794627783e+00,6.778505000745738585e+00,6.266292785850646752e+00,5.777440655753274257e+00,5.327994587256346115e+00,4.930952271461885417e+00,4.595177679053796815e+00,4.325588519494250050e+00,4.124035452882901964e+00,3.990393651434431810e+00,3.923562493208077040e+00,3.922208848193109443e+00,3.985123570781312630e+00,4.110863873935743484e+00,4.295318714225171419e+00,4.519336900721349082e+00,4.638191773553412389e+00,5.008867825908280835e+00,5.470899112321525593e+00,6.135529982447540220e+00,8.412168213309278997e+00,1.104537858759772107e+01,7.909250566944647787e+00,8.369515538713178771e+00,9.347679462584501664e+00,1.058236790770145141e+01,1.073394755980021742e+01,9.795846321053192085e+00,9.033419506235951246e+00,8.754277440042789848e+00,9.048690224968968465e+00,9.577058988567976883e+00,9.042705391339456611e+00,7.671248277660880355e+00,6.725497970349247900e+00,6.469818166154417405e+00,6.951364535315773807e+00,8.361322029757811691e+00,1.005090335559437520e+01,9.184084815651051059e+00,7.131358172105639603e+00,6.171590609314970166e+00,6.158385042069647319e+00,6.854085455767922497e+00,8.250992648209754421e+00,1.018447256345705831e+01,1.137258998734913540e+01,1.029174425588550434e+01,8.494163596708304453e+00,7.660974140063347981e+00,7.941610233187201828e+00,9.244311127627181435e+00,1.166689795712428968e+01,1.529172302386323423e+01,1.930220035163103631e+01,2.127999722890894319e+01,2.030882810838743424e+01,1.876347771627287031e+01,1.846390192479531223e+01,1.980398835534064972e+01,2.283857694469685384e+01,2.779334778956974361e+01,3.512469235098979681e+01,4.368654046770100763e+01
9.997126901424823586e+01,9.999695690923161351e+01,9.983158083886716838e+01,9.872298184099558682e+01,9.544986632268147275e+01,8.875512378394539326e+01,7.832441452758730804e+01,6.546592159285596324e+01,5.238575785651127603e+01,4.083445332011634576e+01,3.156886483289778056e+01,2.459314322093331029e+01,1.955045486175467317e+01,1.599331404700554771e+01,1.351592921866644481e+01,1.179656608297570131e+01,1.059619829624478626e+01,9.742304353671272565e+00,9.111431447643457915e+00,8.615304059468630982e+00,8.191241516911262011e+00,7.796143383197195575e+00,7.402847562791381009e+00,6.997640008604899542e+00,6.577927493944923931e+00,6.149528038958740339e+00,5.723564391990487721e+00,5.313354888385268815e+00,4.931819407848392345e+00,4.589759894200129864e+00,4.295087269655328832e+00,4.052822695490343463e+00,3.865589125159973882e+00,3.734319490149340393e+00,3.658983189229514377e+00,3.639217294801089242e+00,3.674809622349184401e+00,3.765999016528620569e+00,3.913499301967759969e+00,4.117863666836651504e+00,4.376473803162728160e+00,4.667883806197425933e+00,4.804986735660632391e+00,5.218566598313234550e+00,5.740642401013262841e+00,6.713964479913991923e+00,1.885255258499889308e+01,7.834768980898920709e+00,7.782053083179163444e+00,8.449142498028837878e+00,9.525740426299456942e+00,1.007972582153287000e+01,9.253381806198646586e+00,8.371833838693964580e+00,7.960413533114696349e+00,8.077451756481480061e+00,8.549109083226568373e+00,8.405360184576228022e+00,7.341625563138142851e+00,6.447799753929261968e+00,6.154481302213998362e+00,6.511269647762563118e+00,7.620993193510184227e+00,9.008269223886443910e+00,8.570352574745898622e+00,6.909754073754747594e+00,6.045052171967713051e+00,6.048730577201300029e+00,6.721178234407609864e+00,8.000181801138772641e+00,9.588843961938419369e+00,1.030524353038249075e+01,9.318756602786915977e+00,8.059233571789793160e+00,7.717026192397646867e+00,8.451139777919502549e+00,1.029185886787402637e+01,1.330264581529039347e+01,1.693150194305932388e+01,1.923276905613646903e+01,1.915666039576351309e+01,1.850410709234557771e+01,1.866960458015197588e+01,1.945416256593257742e+01,1.988150721334176296e+01,1.895770768362311642e+01,1.639080836277750919e+01,1.269270627441913035e+01,8.550857274442670075e+00,4.324304536307832514e+00
2.855742756124763915e+01,2.814949395637029639e+01,2.697965853300119221e+01,2.519796153503239822e+01,2.301744813186914485e+01,2.066850362517422823e+01,1.835486027805393050e+01,1.622491114448112626e+01,1.436369716609251412e+01,1.280128553069341812e+01,1.152876953135089089e+01,1.051441436673166052e+01,9.716138546401431597e+00,9.089590441606198112e+00,8.592643840165436586e+00,8.187545811988838906e+00,7.841791682247878370e+00,7.528466600928407360e+00,7.226456049693929629e+00,6.920645769659672375e+00,6.602027080340566734e+00,6.267519870298709606e+00,5.919342218010481105e+00,5.563880951608402015e+00,5.210191779480477514e+00,4.868393327823894445e+00,4.548250665882857646e+00,4.258165664627666658e+00,4.004654973879961943e+00,3.792268471245874295e+00,3.623824906314432326e+00,3.500823811387965279e+00,3.423915514886144429e+00,3.393350115345405982e+00,3.409363433379808406e+00,3.472483993971908767e+00,3.583755885909511996e+00,3.744859328641847451e+00,3.958031839676900976e+00,4.225342649009111717e+00,4.545120948183201115e+00,4.891298206652649583e+00,5.002165998427077653e+00,5.442192515298971855e+00,6.052246398313254616e+00,8.572828917324548215e+00,8.942955315027067087e+00,7.325160059115431999e+00,7.670180526396808141e+00,8.479854070735859395e+00,9.322002152407126374e+00,8.804913920944756001e+00,7.832616452626350423e+00,7.295660307148477131e+00,7.258294927007313824e+00,7.629112702564810888e+00,7.761729863816846375e+00,7.036336048567015666e+00,6.210203104340972224e+00,5.869778050077401055e+00,6.101243222374918673e+00,6.950599988476668933e+00,8.091143208985606350e+00,8.007047227652064336e+00,6.714988824175005533e+00,5.922637105070871044e+00,5.913492636435435656e+00,6.528890731549608084e+00,7.660456659570002991e+00,8.954463886183216204e+00,9.431751901152306772e+00,8.653206259233691355e+00,7.802458111942001118e+00,7.808448933520129032e+00,8.875253850512265785e+00,1.107923030522064423e+01,1.424749892059167244e+01,1.709518486083321420e+01,1.788416839365658717e+01,1.722300821184365915e+01,1.641648657328245164e+01,1.542903192903782816e+01,1.383045084613112508e+01,1.167051537558374541e+01,9.360475249375532769e+00,7.235686261312768153e+00,5.409791842897416103e+00,3.852625271190002199e+00,2.483905792540985757e+00,1.222232083271390657e+00
1.091970764355161272e+01,1.085963693288374188e+01,1.068575926910821927e+01,1.041573317649702091e+01,1.007494633873862178e+01,9.691788843771597328e+00,9.293105053902838364e+00,8.900827095522412691e+00,8.530215885323110925e+00,8.189590515250678493e+00,7.881109923618478952e+00,7.602109735385431222e+00,7.346603818565489163e+00,7.106720725876291667e+00,6.873979653646244969e+00,6.640385909071411241e+00,6.399344153690300629e+00,6.146369569041931769e+00,5.879550205906225457e+00,5.599704165556584456e+00,5.310198820266887054e+00,5.016454401494496729e+00,4.725220990359102480e+00,4.443767338911297493e+00,4.179130138419551166e+00,3.937540458739774429e+00,3.724086124072290005e+00,3.542608676657210687e+00,3.395790206675042278e+00,3.285365886907865018e+00,3.212399231016838108e+00,3.177570478734015325e+00,3.181445757179046652e+00,3.224710252311302483e+00,3.308360264322107724e+00,3.433856710726312933e+00,3.603246428153328296e+00,3.819250288585662734e+00,4.085250440475451938e+00,4.404714815561727725e+00,4.777252174465274059e+00,5.170580410896374879e+00,5.192906176542777530e+00,5.648131414426704744e+00,6.528573251328739779e+00,1.609348004724715508e+01,7.108179800447789631e+00,7.022500295174949336e+00,7.530421667181419920e+00,8.427314236302141381e+00,8.404457055378955488e+00,7.413610567130168860e+00,6.750670084891218892e+00,6.576610502587310059e+00,6.824674813302832987e+00,7.108370043501444080e+00,6.727588771430093040e+00,6.006610378899779334e+00,5.620761410208907627e+00,5.733842822899393177e+00,6.363590241981120776e+00,7.290600134756330952e+00,7.462979876262243906e+00,6.526409657859311153e+00,5.804186674747358055e+00,5.764215871520262269e+00,6.303991765138117209e+00,7.286390668918674152e+00,8.353717373796765600e+00,8.729670814888768504e+00,8.170198507324055726e+00,7.622544471377490360e+00,7.865544206403695782e+00,9.142323732881930454e+00,1.150730072929191294e+01,1.445896049585002530e+01,1.630390915385973116e+01,1.603982459829282803e+01,1.471398863362180975e+01,1.303712299244301676e+01,1.110993736662357989e+01,9.130732493585325571e+00,7.349168950821383106e+00,5.884684072813994860e+00,4.728545572442744316e+00,3.810353437693181355e+00,3.041385400815321827e+00,2.333269181902120071e+00,1.611087148849355000e+00,8.317070141012350426e-01
7.498908787121960628e+00,7.482443967978369415e+00,7.434145412504666872e+00,7.357093242274704181e+00,7.255784324543568253e+00,7.135350332630475023e+00,7.000745884843695421e+00,6.856072958451675525e+00,6.704149143604009708e+00,6.546356562381716593e+00,6.382749492006900560e+00,6.212363102980367202e+00,6.033651789060989756e+00,5.844985130082136493e+00,5.645134406461094656e+00,5.433688793436930453e+00,5.211348769494394517e+00,4.980058355086236510e+00,4.742960037539956097e+00,4.504185086500156032e+00,4.268521174832740073e+00,4.041020223969016278e+00,3.826615499776397922e+00,3.629806834408344507e+00,3.454450960037624974e+00,3.303668215612598491e+00,3.179854887288380283e+00,3.084776635774488796e+00,3.019713556860037507e+00,2.985629403162126660e+00,2.983343305349905883e+00,3.013689242834871607e+00,3.077654889353054202e+00,3.176497030708036462e+00,3.311836786235744512e+00,3.485747440041464529e+00,3.700865472954761870e+00,3.960582047087435331e+00,4.269365310730433016e+00,4.632893533116777540e+00,5.054598015255629129e+00,5.497493928523278228e+00,5.337017143385813789e+00,5.828284470762556957e+00,8.326961165445567303e+00,7.735298105532240065e+00,6.524070913980173358e+00,6.726150524317597856e+00,7.457291452641512386e+00,7.958509296746473893e+00,7.109778622049168106e+00,6.318072933462826057e+00,6.017051533070194580e+00,6.138239563377235086e+00,6.463061741167464014e+00,6.389182526669701545e+00,5.826491671775646530e+00,5.409702850736685775e+00,5.415008558320000276e+00,5.861665069411703399e+00,6.600541802856008111e+00,6.929329679612717285e+00,6.326730701453175953e+00,5.689265867280091094e+00,5.611481044855204381e+00,6.068235297035817766e+00,6.913601706220429577e+00,7.813748814267174048e+00,8.159274236293502014e+00,7.794370442249432429e+00,7.466632316012555393e+00,7.853609604048750192e+00,9.219552785733743150e+00,1.155826063839435847e+01,1.407152706635432793e+01,1.497377871227685375e+01,1.389467525562456629e+01,1.200771332720696982e+01,9.995650133643341206e+00,8.135636899173670500e+00,6.586847733628165003e+00,5.398965146957113603e+00,4.546616279827897955e+00,3.979250653932631110e+00,3.645402062371772001e+00,3.489805987696836809e+00,3.427516671061825448e+00,3.297924722046252644e+00,2.828878499576537031e+00,1.724531224882386304e+00
6.037680390711797074e+00,6.028615358038424965e+00,6.001652278994241030e+00,5.957444298365843771e+00,5.896948255368261727e+00,5.821263179820390654e+00,5.731465283934600308e+00,5.628478986508300252e+00,5.513012930253690769e+00,5.385573883054672883e+00,5.246554401436709369e+00,5.096375733723279566e+00,4.935657694021311492e+00,4.765382971700415915e+00,4.587024689466523419e+00,4.402612682173556280e+00,4.214725037050759404e+00,4.026405117852305260e+00,3.841017896690435141e+00,3.662069903776266067e+00,3.493022078754759452e+00,3.337123408705289229e+00,3.197286457960535344e+00,3.076016109954515798e+00,2.975392840315937981e+00,2.897103854151250601e+00,2.842510569882739091e+00,2.812739212037707048e+00,2.808781918682168310e+00,2.831597734345558948e+00,2.882205256734859944e+00,2.961761117857342196e+00,3.071621275753466662e+00,3.213386952160979249e+00,3.388948040906758497e+00,3.600562435639464987e+00,3.851066016473281284e+00,4.144418984713482246e+00,4.486958709783817056e+00,4.889621796932819286e+00,5.367784606840797501e+00,5.891835767385167344e+00,5.399492456293231157e+00,6.108997770897195423e+00,1.279768164497055949e+01,6.257467335591870849e+00,6.078559299411645966e+00,6.532351087141297086e+00,7.343029625277730510e+00,6.896802228867004558e+00,5.991077996822191665e+00,5.562735556906561740e+00,5.561620149477219499e+00,5.849711580769579200e+00,6.000507757013762600e+00,5.648370767835197981e+00,5.231674214109427012e+00,5.142637399564053524e+00,5.436313809218873416e+00,6.009520276584856546e+00,6.407150732307176355e+00,6.097115920031992431e+00,5.570162477359397180e+00,5.458760514950689036e+00,5.832684666103293836e+00,6.557376118234003570e+00,7.334140325402827010e+00,7.680631099061874245e+00,7.476076952992416480e+00,7.302791872968494857e+00,7.754665689451845090e+00,9.098702013413495493e+00,1.126510773201465554e+01,1.326567005500201013e+01,1.340918367687524793e+01,1.180629829982233758e+01,9.734570279859910968e+00,7.842887287404187724e+00,6.321607252522110088e+00,5.197315804002899498e+00,4.440904324822936289e+00,4.027621770525158240e+00,3.978366884399564540e+00,4.405955446527187291e+00,5.609398073834692688e+00,8.308373702947079664e+00,1.420718194730316064e+01,2.662937290298055260e+01,4.432206870374756136e+01,4.093737647782275957e+01
4.946309168950602242e+00,4.938958187418862167e+00,4.916992651856066487e+00,4.880666896377805486e+00,4.830381223469403906e+00,4.766655184326484829e+00,4.690104675342943175e+00,4.601431740194794173e+00,4.501432569984276100e+00,4.391024109882657456e+00,4.271284313375112163e+00,4.143496810793489971e+00,4.009188606302305224e+00,3.870149881650841728e+00,3.728427959142877057e+00,3.586292288501025105e+00,3.446172878588771304e+00,3.310579631474919182e+00,3.182013442053932550e+00,3.062881042792042763e+00,2.955424357890001907e+00,2.861672118181912694e+00,2.783417563854739818e+00,2.722222158405140924e+00,2.679442065213488711e+00,2.656272047560492844e+00,2.653800435295394777e+00,2.673068596927630214e+00,2.715128610132278020e+00,2.781093259431932641e+00,2.872173110204490065e+00,2.989696812810715976e+00,3.135114787752013576e+00,3.309997308689627271e+00,3.516065075746410695e+00,3.755353405648076404e+00,4.030751324763115484e+00,4.347457952649169677e+00,4.716507415251891544e+00,5.162419304596010505e+00,5.734648708769984893e+00,6.456972135834537774e+00,5.382806500160464580e+00,7.558485029516792686e+00,6.705641005966478829e+00,5.598672146737182942e+00,5.750473215337192912e+00,6.530414387501403795e+00,6.708301139400885127e+00,5.771163047312533045e+00,5.204303769162410553e+00,5.086575199956011595e+00,5.295464108963487959e+00,5.566878366378258391e+00,5.449684917063857270e+00,5.081324508571261056e+00,4.915898867216506041e+00,5.081254133544543805e+00,5.510691074247886512e+00,5.912453963729102924e+00,5.832741961465526259e+00,5.441359760624475683e+00,5.310431340815302548e+00,5.606969966642494363e+00,6.227382459244035218e+00,6.911208182468042693e+00,7.269579438635220825e+00,7.191344691973011294e+00,7.121081318357392220e+00,7.572981313428539529e+00,8.802679299193760798e+00,1.070301442341277109e+01,1.223022739880704712e+01,1.186611046146543913e+01,1.003621719530491951e+01,8.032582304492287051e+00,6.387854041164009899e+00,5.178479104646848796e+00,4.366209413376731518e+00,3.919366332735441105e+00,3.874229569986264998e+00,4.426446428636687358e+00,6.196199403347746326e+00,1.106197205251107007e+01,2.210884807774142757e+01,2.366659545830363953e+01,1.214132324275167818e+01,6.122490086905651552e+00,3.479697526539626828e+00,1.892322162942572383e+00
4.029072788454834964e+00,4.023014300142680355e+00,4.004919025998853854e+00,3.975026289191108120e+00,3.933731346780633409e+00,3.881581660425648117e+00,3.819274321280841100e+00,3.747655824361040278e+00,3.667724261674243369e+00,3.580632590616572575e+00,3.487690394029385743e+00,3.390360902417532962e+00,3.290250251961135408e+00,3.189087019145864232e+00,3.088691778324070825e+00,2.990938373078722012e+00,2.897710317574397898e+00,2.810856859636823302e+00,2.732153520875391095e+00,2.663271371074693583e+00,2.605758074530450941e+00,2.561032159932374874e+00,2.530390324998066376e+00,2.515026136535924994e+00,2.516057352181633178e+00,2.534558273493447977e+00,2.571592949947998363e+00,2.628244567692683553e+00,2.705635920439841691e+00,2.804935646717221509e+00,2.927345635449174477e+00,3.074068496802517814e+00,3.246264476301163882e+00,3.445033738899705433e+00,3.671521876767436243e+00,3.927385690565032839e+00,4.216168604699310762e+00,4.546856088328066647e+00,4.942619545621274035e+00,5.461952609204634435e+00,6.246106718407151703e+00,7.530737545042420322e+00,5.419076086834295758e+00,1.031194088599870540e+01,5.357252743213258839e+00,5.145511214086151419e+00,5.661478095518845954e+00,6.392632820660515414e+00,5.660095067938442526e+00,4.937804766906017662e+00,4.703072804474572877e+00,4.816281353927598374e+00,5.114192313568399761e+00,5.208767355505061758e+00,4.947631709435440506e+00,4.732005197273537078e+00,4.789443396061942693e+00,5.095318651649671793e+00,5.460801998365427679e+00,5.539220621396134803e+00,5.296135368652121755e+00,5.167585153710807511e+00,5.396350203395494205e+00,5.927076556000743679e+00,6.538343094417342627e+00,6.909461312872711147e+00,6.927322470571439794e+00,6.920675302836598597e+00,7.323580692948694626e+00,8.371256571700058657e+00,9.959432574749849110e+00,1.111568997835497008e+01,1.049047906445342804e+01,8.634623210288182804e+00,6.786484232481071466e+00,5.370377532014725119e+00,4.393277248123439449e+00,3.800380595508068282e+00,3.598613783859638815e+00,4.001958203102951472e+00,6.902336222431659785e+00,1.623047477144411488e+01,1.863254585814496522e+01,1.746384775199010164e+01,8.715013868428854948e+00,4.594087012583192298e+00,2.720249561858989473e+00,1.685954492022412321e+00,1.000802152758528685e+00,4.704440962169487150e-01
3.300139639207277931e+00,3.295559572033524010e+00,3.281900592897668556e+00,3.259405439402440763e+00,3.228475661771634808e+00,3.189667353507719127e+00,3.143685509469384964e+00,3.091377041211229582e+00,3.033722215738809957e+00,2.971824028841130172e+00,2.906894901338086257e+00,2.840240188527465293e+00,2.773238345855189024e+00,2.707318144296855245e+00,2.643933958975175358e+00,2.584540715453487181e+00,2.530570433509859996e+00,2.483412370116511170e+00,2.444398511330359014e+00,2.414795640819289435e+00,2.395804507498411340e+00,2.388565824457100639e+00,2.394172035066222115e+00,2.413683018950341097e+00,2.448143173514205628e+00,2.498596555874055269e+00,2.566095968707227115e+00,2.651701063663225444e+00,2.756459985957260272e+00,2.881369578524739516e+00,3.027312573089258052e+00,3.194980579706641066e+00,3.384817492121960925e+00,3.597076590576731014e+00,3.832213330147005159e+00,4.092120074076232683e+00,4.383367773135016243e+00,4.725280497562867055e+00,5.170327231210869456e+00,5.858849772107754816e+00,7.177437145960574583e+00,1.013805808781544826e+01,6.221273261219972817e+00,5.791457624152918093e+00,4.722767368492686302e+00,4.908796929445036206e+00,5.782953760017361944e+00,5.630165616670468332e+00,4.763418201006364150e+00,4.399520457919270378e+00,4.412992843712748581e+00,4.672445181498807720e+00,4.911125641896174621e+00,4.807966146760511705e+00,4.581623951355950908e+00,4.550084415757438272e+00,4.749650301418917309e+00,5.057636623862649117e+00,5.225838514239744548e+00,5.124099062027154261e+00,5.023265491034401009e+00,5.197956152581229006e+00,5.651681775308303735e+00,6.203767010655036884e+00,6.584069400981551468e+00,6.672676508877728452e+00,6.700430266671231649e+00,7.021215528041291343e+00,7.844776097845618246e+00,9.106440754267087101e+00,1.000288355185000633e+01,9.311340240622566711e+00,7.533338114625154347e+00,5.839835005243276811e+00,4.603392776467818415e+00,3.879282410041273721e+00,5.472102457694594690e+00,7.831632078140804865e+00,4.938843754762900495e+00,6.389383491852330010e+00,1.173681817306535535e+01,1.647964417788385560e+01,9.416004026593027376e+00,4.876934192386849887e+00,2.938324362734623385e+00,1.955521650991376426e+00,1.354624761992651027e+00,9.269884577136955350e-01,5.843922092447217942e-01,2.836705106779691121e-01
2.763483109744291344e+00,2.760331116766456816e+00,2.750948047054824208e+00,2.735551412743175703e+00,2.714499719147378531e+00,2.688286560649055801e+00,2.657532558571573666e+00,2.622975287052586868e+00,2.585457332129648123e+00,2.545912645373604732e+00,2.505351412840672864e+00,2.464843775798719605e+00,2.425502903233367480e+00,2.388468097492801867e+00,2.354888769321861197e+00,2.325910200569158981e+00,2.302661985891041319e+00,2.286249891053415695e+00,2.277751587146414902e+00,2.278216333943827721e+00,2.288668213247402328e+00,2.310111969355799211e+00,2.343539899057933695e+00,2.389937531808683513e+00,2.450285030867427327e+00,2.525550333993265006e+00,2.616669141777760998e+00,2.724506298266327065e+00,2.849793755347140856e+00,2.993044068132633129e+00,3.154449122417513074e+00,3.333799220362376747e+00,3.530512830809517943e+00,3.743983142570661560e+00,3.974693421540720362e+00,4.227105890021043422e+00,4.516702002823014261e+00,4.887429920061658883e+00,5.458439439325957210e+00,6.566812683948275442e+00,9.283491825141265252e+00,1.743847503031062018e+01,8.371561500933587752e+00,4.553157872875557288e+00,4.355363688472158046e+00,4.976172986700511558e+00,5.569162516781700489e+00,4.701779102841352476e+00,4.178311633448994478e+00,4.089407964724456335e+00,4.278382132525870851e+00,4.578432628887451727e+00,4.649848391653965685e+00,4.464763237035418442e+00,4.364909938347938834e+00,4.472835884151626473e+00,4.716352993087102874e+00,4.921635272229474722e+00,4.936066664729699127e+00,4.883778059618060219e+00,5.020778331531738914e+00,5.408717551418584790e+00,5.910777535883027234e+00,6.295693858085471106e+00,6.434999283807041337e+00,6.477168140372835836e+00,6.698984319128431508e+00,7.282523890940817424e+00,8.221850909043403988e+00,8.937987341578622846e+00,8.305911353883900006e+00,6.648679839007565207e+00,5.180748063258766578e+00,7.621403716052599364e+00,6.563209764208155050e+00,4.178434360481409371e+00,3.805384126552913138e+00,4.352765108035661079e+00,6.653138647731027255e+00,1.248731872981728763e+01,1.231947426393258382e+01,6.366730845313472997e+00,3.611720041166321948e+00,2.387368611459350642e+00,1.727812445453502654e+00,1.304736836826236868e+00,9.909102189331164823e-01,7.276815246850976138e-01,4.839067501920757408e-01,2.431574265036484661e-01
2.392044475698162920e+00,2.390100842084708077e+00,2.384330406271639724e+00,2.374913378244380979e+00,2.362146202530246430e+00,2.346435853319772669e+00,2.328292142174548385e+00,2.308318309719670225e+00,2.287200227365937533e+00,2.265694584633237696e+00,2.244616485652373150e+00,2.224826924382639071e+00,2.207220645472274256e+00,2.192714914497118084e+00,2.182239702384203284e+00,2.176729719191383694e+00,2.177118600074601229e+00,2.184335343140542118e+00,2.199302819768711448e+00,2.222937817311199105e+00,2.256151622610014229e+00,2.299849597494563191e+00,2.354927517088833966e+00,2.422261632976074885e+00,2.502688527644381100e+00,2.596970006110210782e+00,2.705737949360798034e+00,2.829415177774352586e+00,2.968112862506233629e+00,3.121516554265513221e+00,3.288798259248748579e+00,3.468643703234597364e+00,3.659586317912211229e+00,3.861045539459606601e+00,4.075910740362198581e+00,4.316583768410375832e+00,4.619371443036945912e+00,5.081699766497338899e+00,5.972456343722520877e+00,8.123759204115209798e+00,1.460862109150994392e+01,3.605261082793474969e+01,5.227726918970643233e+00,4.003345736643004749e+00,4.241920884851824169e+00,5.186682018536381555e+00,4.757705829760561222e+00,4.037395466841986469e+00,3.833469438156766884e+00,3.938716000841679943e+00,4.229416518699791183e+00,4.444715503294882630e+00,4.358281737012248414e+00,4.219473591382683075e+00,4.248303268349928885e+00,4.426426704774755194e+00,4.632225360198982678e+00,4.727456218903558494e+00,4.734747945405493041e+00,4.852735801077967537e+00,5.185832240223819944e+00,5.644078443682554180e+00,6.028815119633379460e+00,6.203193702157427936e+00,6.246616692699946682e+00,6.363995943361866026e+00,6.708108373339916497e+00,7.330023205078106230e+00,7.891073105367563123e+00,7.413987469625582527e+00,6.833749167928548474e+00,9.419691827194887068e+00,5.231378007694853949e+00,3.996074878187627633e+00,3.483022392532941769e+00,3.463321207967984261e+00,4.175956253415136210e+00,6.668293709916173206e+00,1.188903645578257517e+01,9.695404108759909434e+00,5.140488386002495247e+00,3.266058152623374511e+00,2.668145179363912156e+00,3.491208752110153135e+00,1.890907891864106460e+01,6.070018018549983019e+00,1.867860034321155993e+00,9.957629606064832828e-01,5.728708422279016332e-01,2.684659279970746937e-01
2.151120276732476633e+00,2.150133152037692064e+00,2.147220457469734001e+00,2.142527269614868946e+00,2.136292221411517644e+00,2.128842915208650766e+00,2.120589801074657110e+00,2.112018798360604244e+00,2.103682990240807182e+00,2.096193756622488635e+00,2.090211729326396650e+00,2.086437952756292624e+00,2.085605609745122546e+00,2.088472620393955204e+00,2.095815334460393586e+00,2.108423406883064288e+00,2.127095761940545060e+00,2.152637303239801625e+00,2.185855700871974783e+00,2.227557167712457264e+00,2.278539607533036637e+00,2.339580868964552529e+00,2.411419087860267041e+00,2.494721328408311400e+00,2.590036164844145006e+00,2.697725985338217392e+00,2.817876665496132915e+00,2.950187755784983157e+00,3.093858823392592328e+00,3.247512828794452133e+00,3.409245214519029954e+00,3.576975729994824604e+00,3.749447292169194590e+00,3.928560553461535321e+00,4.124544120722029028e+00,4.367684572925178976e+00,4.737366058898828669e+00,5.444596302978954583e+00,7.110875093111590495e+00,1.189868187553063628e+01,2.787272271255145739e+01,5.083683776222607520e+01,3.963302405365976000e+00,3.728800482238758818e+00,4.423636657080720624e+00,4.863256808677906662e+00,3.994910862199319013e+00,3.642906684847291299e+00,3.658316654932480816e+00,3.896557565030567272e+00,4.190455430607276099e+00,4.241421680440094377e+00,4.105983711997229335e+00,4.069305878165286217e+00,4.184589853184284003e+00,4.369305598279815683e+00,4.509979283518605442e+00,4.574540010187111427e+00,4.690459486583198334e+00,4.979751530272213955e+00,5.399031986932345539e+00,5.779799709295962984e+00,5.977948821867650864e+00,6.015073146445882202e+00,6.030610703105598880e+00,6.145381242551639644e+00,6.450749266165356488e+00,6.915473292346940859e+00,9.716415659836673768e+00,8.106917352672148525e+00,5.608971254302752563e+00,4.292093524796869453e+00,3.548809074792946827e+00,3.200228872332766539e+00,3.250763255762778581e+00,3.979901676141517353e+00,6.395174266253089712e+00,1.096305117894756975e+01,8.900478933515421076e+00,9.020178048652727654e+00,9.268249895814728134e+00,3.079674436229484780e+00,1.972120306128766209e+00,1.483245820610878951e+00,1.175645466416130880e+00,9.412651889629364277e-01,7.394368416178576098e-01,5.513371712688730497e-01,3.676555486609944801e-01,1.842382164718880944e-01
2.009362481299625802e+00,2.009115122293025912e+00,2.008412322434760533e+00,2.007371201943763950e+00,2.006184627463425407e+00,2.005117838758541104e+00,2.004503970927229428e+00,2.004738695184937747e+00,2.006274235905847192e+00,2.009613037118995749e+00,2.015301345535880362e+00,2.023922946653322619e+00,2.036093231962732286e+00,2.052453683829824627e+00,2.073666733409662566e+00,2.100410767099880616e+00,2.133374817141864277e+00,2.173252158694394254e+00,2.220731635314021624e+00,2.276485038134379302e+00,2.341148277889604223e+00,2.415293459015344091e+00,2.499388419891368507e+00,2.593740131199617771e+00,2.698419120128181525e+00,2.813164866362616312e+00,2.937278702738810310e+00,3.069524064162909571e+00,3.208078475732389911e+00,3.350624492325882109e+00,3.494740147147212816e+00,3.638879896416735704e+00,3.784495958930533810e+00,3.940454291592554448e+00,4.132553012345296928e+00,4.426094865971796466e+00,4.987441046040363979e+00,6.282029739880612418e+00,9.830871136787067144e+00,2.123235733285974192e+01,4.780958350645140342e+01,4.025005318378806862e+01,3.459547820885910951e+00,3.695241149607086939e+00,4.670309087227353828e+00,4.090486231758472258e+00,3.525889236420010064e+00,3.439041840852086196e+00,3.605933417145223974e+00,3.910846559272684875e+00,4.097077050636399598e+00,4.017827986465127843e+00,3.933973819693836749e+00,3.990175456074318561e+00,4.142719861359656086e+00,4.300866571035822261e+00,4.410531426159936430e+00,4.536165521019719371e+00,4.792401569196447220e+00,5.176680097516683787e+00,5.550743683357961089e+00,5.765149092763199867e+00,5.792805854170279822e+00,5.713112710388101867e+00,5.611608332202977500e+00,5.740469100355394261e+00,8.936170223213512287e+00,8.066670641587748491e+00,6.471268478297464988e+00,4.985142500086303663e+00,3.940822212614114584e+00,3.312639438224485033e+00,3.027104391115709170e+00,3.116949570771476719e+00,3.883039155882594962e+00,6.503392540657437770e+00,1.530978022645330583e+01,1.108780165280371932e+01,4.899233949928638587e+00,2.976085910918091493e+00,2.146284064887016285e+00,1.697968366793789485e+00,1.410148831211199827e+00,1.197525659816389698e+00,1.020841450947074236e+00,8.592033765238649146e-01,7.002864157656718547e-01,5.367388449324717037e-01,3.650306129351132967e-01,1.851256257480393685e-01
1.940953050624549814e+00,1.941279442748555795e+00,1.942290857179629349e+00,1.944083498631887785e+00,1.946816036124199290e+00,1.950707183282252011e+00,1.956032478822100629e+00,1.963120414622510079e+00,1.972348072456253654e+00,1.984136424169924418e+00,1.998945420193987133e+00,2.017268933679638998e+00,2.039629537329690212e+00,2.066572960796630998e+00,2.098661900378562262e+00,2.136468620267173435e+00,2.180565486247298956e+00,2.231512202133512091e+00,2.289838080481265692e+00,2.356017201096438640e+00,2.430433873525561506e+00,2.513335598808108529e+00,2.604771064531652414e+00,2.704512221171651021e+00,2.811963201922074163e+00,2.926066350952549744e+00,3.045229207461974674e+00,3.167319086436393150e+00,3.289808283358475194e+00,3.410210441802408177e+00,3.527045345814971977e+00,3.641758852341270281e+00,3.762474379870583974e+00,3.911695970365058894e+00,4.143898367684406558e+00,4.591810937539064774e+00,5.608961423226488385e+00,8.285762302033617743e+00,1.649655835120362823e+01,3.958025675537623300e+01,4.905059678835851145e+01,3.085236387482346387e+01,3.228304407508242324e+00,3.918062404484556893e+00,4.300692792315286006e+00,3.498027242039669638e+00,3.274308776048839853e+00,3.360604721854720811e+00,3.627197925056102612e+00,3.902625043380503200e+00,3.928350050063200705e+00,3.827841115089625212e+00,3.830734827036530454e+00,3.945673013654760197e+00,4.101285784891917530e+00,4.238801434583638894e+00,4.378367760433965472e+00,4.611114661275261817e+00,4.964067580913955169e+00,5.330060408184511545e+00,5.557102942555536274e+00,5.576218476487548870e+00,5.410944718176136092e+00,5.234310315230827904e+00,6.990277585573734243e+00,6.877836619642607729e+00,6.737703430737251864e+00,5.902247297086793409e+00,4.687702437563956437e+00,3.742044157137947025e+00,3.173936792980125432e+00,2.958859777583233708e+00,3.240501049024591129e+00,5.305343438463827610e+00,1.196377766108368590e+01,9.799486820571090107e+00,7.570317385112534936e+00,4.221274468520097578e+00,2.744084109786837367e+00,2.066641112409972614e+00,1.696764905081060704e+00,1.460998419475134646e+00,1.289259905717254906e+00,1.148102661567151905e+00,1.018561037379184242e+00,8.879144866384192092e-01,7.466400729121636104e-01,5.878846484716926390e-01,4.084114320017206978e-01,2.100179477170560638e-01
1.928037127910342541e+00,1.928812556145298451e+00,1.931165788724109600e+00,1.935177287117584299e+00,1.940979894104422065e+00,1.948756991390410143e+00,1.958740005796266725e+00,1.971205329332526013e+00,1.986470708625587278e+00,2.004891128256536259e+00,2.026854155877111374e+00,2.052774629238207638e+00,2.083088440686908793e+00,2.118245006865815405e+00,2.158697794400366021e+00,2.204892002988656508e+00,2.257248189815763695e+00,2.316140274513234232e+00,2.381866045894986961e+00,2.454608114037637456e+00,2.534383428886133327e+00,2.620980393798300057e+00,2.713884844825187326e+00,2.812200649734264424e+00,2.914578644092946647e+00,3.019180597424542256e+00,3.123724631612323499e+00,3.225687147603806260e+00,3.322778118546376724e+00,3.413874656595072832e+00,3.500735036315616444e+00,3.591156548512663971e+00,3.705198585322755367e+00,3.888979963170968723e+00,4.249951350195102506e+00,5.061519599118180501e+00,7.124173192283889122e+00,1.316290065229352990e+01,3.136899966004544993e+01,5.131011891318162554e+01,3.914858713790533074e+01,2.727799380360832515e+01,3.190437637033460838e+00,4.194645803011987084e+00,3.619889757545569076e+00,3.176106775008780136e+00,3.169026397822294339e+00,3.373715260178378195e+00,3.676212349040319793e+00,3.825071448093986248e+00,3.751139028280658927e+00,3.709750367821240680e+00,3.784890685416208989e+00,3.926157139780939165e+00,4.076225421693102646e+00,4.228224340785413204e+00,4.444724874399175185e+00,4.769340287391732325e+00,5.126780640178829174e+00,5.367398804189182471e+00,5.388975202338929904e+00,5.236371859534772355e+00,5.961526039502706986e+00,5.735389911490262449e+00,5.731086930747252950e+00,5.928376617377528746e+00,5.525116132725749196e+00,4.522089201987533613e+00,3.646330075295112216e+00,3.157294590711146043e+00,3.223721290910530612e+00,5.562373671982578927e+00,7.246960039682415200e+00,5.469246497542656904e+00,7.792474659261583447e+00,7.190856911190013356e+00,4.161585363753495415e+00,2.726143284970272695e+00,2.085107936143959506e+00,1.750251208340358744e+00,1.548433361532797203e+00,1.411142088936756522e+00,1.306349436839915334e+00,1.215795466983626838e+00,1.126144746084900561e+00,1.025027420986335258e+00,8.995577965639212081e-01,7.372364457573166163e-01,5.297335641755274160e-01,2.787386176656303505e-01
1.956440516075597102e+00,1.957568353017236085e+00,1.960974467055021098e+00,1.966726332070467542e+00,1.974935287270196405e+00,1.985754865544109293e+00,1.999378452805267159e+00,2.016036257275088950e+00,2.035991532147995997e+00,2.059535937392542593e+00,2.086983841658773819e+00,2.118665248710294158e+00,2.154916880704282889e+00,2.196070761963342388e+00,2.242439426297848648e+00,2.294296635171422238e+00,2.351852281690258728e+00,2.415220043663945937e+00,2.484376477469285582e+00,2.559110847824053181e+00,2.638966433967737668e+00,2.723176870102061997e+00,2.810605960028134120e+00,2.899707143756680150e+00,2.988530131384581345e+00,3.074817716348809959e+00,3.156256093412546093e+00,3.230969776797820714e+00,3.298398459577955855e+00,3.360795165564800513e+00,3.425854473097567077e+00,3.511740131030260947e+00,3.658014386760921610e+00,3.952964712356288324e+00,4.612074320098735747e+00,6.237559715157791729e+00,1.079070147944354296e+01,2.469175303461491566e+01,4.898232186276074884e+01,4.452950674488032945e+01,3.315673115085968448e+01,2.761893606290343328e+01,3.347284578296028101e+00,3.911758380731322760e+00,3.169254982261748843e+00,3.029135325100640319e+00,3.160328897377895352e+00,3.438256516764481852e+00,3.684189999559384088e+00,3.686742132118803195e+00,3.619372204342652388e+00,3.654466917274379334e+00,3.774161905821094010e+00,3.924669382049272848e+00,4.083921273100443727e+00,4.288652801219616784e+00,4.587823373116439285e+00,4.938494538959048441e+00,5.204904951516720502e+00,5.301847421121664183e+00,5.558678567551345040e+00,5.260034652714518089e+00,4.993930686518144313e+00,4.978722152271098267e+00,5.243288265921641766e+00,5.184037923000051507e+00,4.432298534972689552e+00,3.663371559127259758e+00,3.438305298107691144e+00,5.275184639948360399e+00,6.252458418775885818e+00,3.929988156967756385e+00,4.341387605973368480e+00,6.540650206196573890e+00,7.041324939512327852e+00,4.285713446393080162e+00,2.794783625863161980e+00,2.149731723150760665e+00,1.834571638608206712e+00,1.662905262784786231e+00,1.563906207690246575e+00,1.506955345980576233e+00,1.476671691091691052e+00,1.462875016146258922e+00,1.454725568295744953e+00,1.435367913578100563e+00,1.376385290987247600e+00,1.235064663259732853e+00,9.632365517010299527e-01,5.375942920594622976e-01
2.014987216217756227e+00,2.016384033846585488e+00,2.020592881401517271e+00,2.027668571076546300e+00,2.037701206569231260e+00,2.050814268614309377e+00,2.067161846809684178e+00,2.086924909270249096e+00,2.110306441772291652e+00,2.137525207585266873e+00,2.168807775498926560e+00,2.204378336499990265e+00,2.244445683821205684e+00,2.289186580136348681e+00,2.338724608191911081e+00,2.393103550952768721e+00,2.452254467270997829e+00,2.515956069027702746e+00,2.583788991185587136e+00,2.655086390519012518e+00,2.728886403048724762e+00,2.803896749491829876e+00,2.878488526396660863e+00,2.950745039004720738e+00,3.018602223602984136e+00,3.080129832095379605e+00,3.134019568365165043e+00,3.180378573734610193e+00,3.222007852018737850e+00,3.266568841188743910e+00,3.330662434057152232e+00,3.448606105579110626e+00,3.694009210065130056e+00,4.239987540718748171e+00,5.550811987414339121e+00,9.075154729215073601e+00,1.967106034229164635e+01,4.372383009949108867e+01,4.836434599903629561e+01,3.674590854738810464e+01,3.155886311735202199e+01,3.105732588936875871e+01,3.636827854778357239e+00,3.331751436963004132e+00,2.947671768241688639e+00,2.989598065315135500e+00,3.213026493933901495e+00,3.499198951260606982e+00,3.610034216087809611e+00,3.549971568730458937e+00,3.548490608154597492e+00,3.642525958284748011e+00,3.785133785297700726e+00,3.945610068635163614e+00,4.140713829925446454e+00,4.418039950343821687e+00,4.770312020877309322e+00,5.118900723165131339e+00,5.405158099713236908e+00,5.087159999192369497e+00,4.792044257631933313e+00,4.506145461182820000e+00,4.405332944195339273e+00,4.627391427804850466e+00,4.819172009386718969e+00,4.395598683993506839e+00,3.888727461731866786e+00,4.773654030403906567e+00,6.400051507669402007e+00,3.754531374347735984e+00,3.229869325256617962e+00,3.717054615112802551e+00,5.472472396860483812e+00,6.800657943798049665e+00,4.525996112463714915e+00,2.928176042710561866e+00,2.251036320518617906e+00,1.949529810994565793e+00,1.815750268888183250e+00,1.778720739049632904e+00,1.821700234565759580e+00,1.965553879210646393e+00,2.298461035708077027e+00,3.158960779795449980e+00,6.612559005665974432e+00,2.289559615919101176e+01,5.737214110077926144e+00,2.978742521807808963e+00,2.180043437106871096e+00,1.285128181613526266e+00
2.094610425950693688e+00,2.096192541036145940e+00,2.100952453531079733e+00,2.108930378879181333e+00,2.120191699800155760e+00,2.134824422267267430e+00,2.152935447568893323e+00,2.174645477773928803e+00,2.200082298462102681e+00,2.229372097615534010e+00,2.262628387089937743e+00,2.299938003671042619e+00,2.341343601555867515e+00,2.386822044927650044e+00,2.436258230311716400e+00,2.489414209690110624e+00,2.545894185578623237e+00,2.605107192874012156e+00,2.666231287991127630e+00,2.728186048032221755e+00,2.789624274638269341e+00,2.848958943660395704e+00,2.904447326585146705e+00,2.954360405370648479e+00,2.997272454984079015e+00,3.032516100874471654e+00,3.060873390849638831e+00,3.085643998508424968e+00,3.114425177846691373e+00,3.162456042955508195e+00,3.259792047489107336e+00,3.468696349140287793e+00,3.930939691160739713e+00,5.013174385867058547e+00,7.814557302083113832e+00,1.600140367866944757e+01,3.741485600773345510e+01,5.054988262907207286e+01,3.977341911831550192e+01,3.326583745697129046e+01,3.322578209664537496e+01,3.716227564763983082e+01,3.672038583133718781e+00,2.970277607245686013e+00,2.870057094640166007e+00,3.025055401339904471e+00,3.298906906023513219e+00,3.509176151935688992e+00,3.501032499011547117e+00,3.471992292182024542e+00,3.537726794317941348e+00,3.667573602192220061e+00,3.825709998991411176e+00,4.014658385139846075e+00,4.279768589578591964e+00,4.670376465885639483e+00,5.224654218744772649e+00,4.933647472937274792e+00,4.763905398303647232e+00,4.476842264881231159e+00,4.149843023172516965e+00,3.966924164866081348e+00,4.105098791208527942e+00,4.444926208873811291e+00,4.443712099253371406e+00,4.646912229616617651e+00,6.539466039162200595e+00,4.248451517003893230e+00,3.127190300892279673e+00,2.912686692708921221e+00,3.291531794270319278e+00,4.604478235141318265e+00,6.343178181060737941e+00,4.861834671632236926e+00,3.140853464142701057e+00,2.403672823044789020e+00,2.120402990140357602e+00,2.065501405281966463e+00,2.216331961629536274e+00,2.799873590670132195e+00,5.528723006836333553e+00,1.219166756359166826e+01,3.417024762528797499e+00,2.614190323337517441e+00,2.938917419854936153e+00,3.911169741903708363e+00,5.919052839578120562e+00,1.006847168167298534e+01,1.866834165671695800e+01,3.349239692689655357e+01
2.185243800570391137e+00,2.186916643742509159e+00,2.191942680212621841e+00,2.200343772120971764e+00,2.212154131449328709e+00,2.227416879722332599e+00,2.246179023450145529e+00,2.268484633620393431e+00,2.294365957028299263e+00,2.323832136570225249e+00,2.356855192058260329e+00,2.393352938679149666e+00,2.433168638051208532e+00,2.476047447757201425e+00,2.521610243325023148e+00,2.569326238345259750e+00,2.618487142796688261e+00,2.668187482121509024e+00,2.717318194775708573e+00,2.764583652301610961e+00,2.808555543123292253e+00,2.847780233683261386e+00,2.880959051994258502e+00,2.907224284926002156e+00,2.926541452626452156e+00,2.940291643663406340e+00,2.952153140794255837e+00,2.969572887198257405e+00,3.006556007904293004e+00,3.089653323564267584e+00,3.272288303520787256e+00,3.672796289378998935e+00,4.587661882798466095e+00,6.873666523509736059e+00,1.333372921376252407e+01,3.142767086597844184e+01,5.079693870738147865e+01,4.261118890588586794e+01,3.453050364657303817e+01,3.329708275433505804e+01,3.747689974096595478e+01,4.427340191244690004e+01,3.268364670534551486e+00,2.811933151822820776e+00,2.875754355540727225e+00,3.102820925151983378e+00,3.364554097026317692e+00,3.447836226111777869e+00,3.414308981612856897e+00,3.451849172651400011e+00,3.565876268149426043e+00,3.719594354481792209e+00,3.907841016314805849e+00,4.186399883518642895e+00,4.744095875004283869e+00,4.664043916022420078e+00,4.630440900975951735e+00,4.520627614448025078e+00,4.227683012802385676e+00,3.869679362864086869e+00,3.624409247004023449e+00,3.678224142428154764e+00,4.092597771697015219e+00,4.649315826960320308e+00,6.050458926499624468e+00,5.280517024625952516e+00,3.525622837318120872e+00,2.872126124973495287e+00,2.719790862251514341e+00,2.983112354975636649e+00,3.925124711479344164e+00,5.643629291800555947e+00,5.195467811331733188e+00,3.437383932896143079e+00,2.625478930974778358e+00,2.404837547292015820e+00,2.635667039427258551e+00,4.089460794029298185e+00,1.059948091866640496e+01,3.366977278705163279e+00,2.270678743324383575e+00,2.340345151162903647e+00,2.868520173123190187e+00,4.107259233562743361e+00,7.126554012656461268e+00,1.457978130412021045e+01,1.904924391017541652e+01,9.282744762328842825e+00,3.820163889553473968e+00,1.457791295433441547e+00
2.276825318737218939e+00,2.278477137873169411e+00,2.283432562960419077e+00,2.291690658655920476e+00,2.303247045438649998e+00,2.318089579499182928e+00,2.336192133665870863e+00,2.357506328830416553e+00,2.381951059381059999e+00,2.409399692554725636e+00,2.439664927005047446e+00,2.472481507804691336e+00,2.507487363045046713e+00,2.544204310468178853e+00,2.582020342788848843e+00,2.620176684826469593e+00,2.657764329529654912e+00,2.693736530374912785e+00,2.726945573243089171e+00,2.756213798354611999e+00,2.780450064991102366e+00,2.798823855212451139e+00,2.811011466335666675e+00,2.817536561602218548e+00,2.820250952410741085e+00,2.823063613919085668e+00,2.833178695068827579e+00,2.863476675197706989e+00,2.937626703385243232e+00,3.102156168243008771e+00,3.457775569483401146e+00,4.249943662819566370e+00,6.164814697462817072e+00,1.139027682715630974e+01,2.639399740406765815e+01,4.914443739744339723e+01,4.525944742409591015e+01,3.578043435759919788e+01,3.308301713134038380e+01,3.600161501390677188e+01,4.332676931111054586e+01,4.859925724824358895e+01,2.919310154772891686e+00,2.774686065375986388e+00,2.935714321683646766e+00,3.194472404128967380e+00,3.373348053449110040e+00,3.373336276042659954e+00,3.387302540648229332e+00,3.484024684944242445e+00,3.634486351762955536e+00,3.836438605610870134e+00,4.210395824719325830e+00,4.478677145955356487e+00,4.288054588603539941e+00,4.396627049176826674e+00,4.311209709402641366e+00,4.021069354998485501e+00,3.647834435045704815e+00,3.364993033253993460e+00,3.364374999373809239e+00,3.854611649897266012e+00,5.135407245675183141e+00,6.276581183080375936e+00,4.415821383226825603e+00,3.256175117847548428e+00,2.747076113806090625e+00,2.596659057399131054e+00,2.765430208118646593e+00,3.429134895260554927e+00,4.871924397095117598e+00,5.391939730772010719e+00,3.840167351164902598e+00,2.974975984676309082e+00,3.016320695244778527e+00,4.921099858429811569e+00,7.327478274087773080e+00,2.605206164018447623e+00,2.073560516843375723e+00,2.151014525097683094e+00,2.527212831512093416e+00,3.373025944744445503e+00,5.357199949106339787e+00,1.015137051506418331e+01,1.378411219795394516e+01,7.264381383293939010e+00,3.294625232791625891e+00,1.698940809437110566e+00,9.097645778401886041e-01,4.065355027321637671e-01
2.358215475011093964e+00,2.359719928925185783e+00,2.364224657463465107e+00,2.371702823168697627e+00,2.382106563700170376e+00,2.395362272468026799e+00,2.411363972522151400e+00,2.429964814500285009e+00,2.450966817227806516e+00,2.474109129599932899e+00,2.499055353092471954e+00,2.525380857353098918e+00,2.552561576562162315e+00,2.579966509484465931e+00,2.606857051988642482e+00,2.632397311820111607e+00,2.655680575752761285e+00,2.675777951409119559e+00,2.691815737174452217e+00,2.703088322920232933e+00,2.709213987285963299e+00,2.710343649351276696e+00,2.707441675282051818e+00,2.702682191012639734e+00,2.700063058095647506e+00,2.706475989336665222e+00,2.733793230378900319e+00,2.803335859610545100e+00,2.956272027135475877e+00,3.280029833053776933e+00,3.982653796763546694e+00,5.628620299957209916e+00,9.968592081635630819e+00,2.242850125611588652e+01,4.609128576395602295e+01,4.756644864122696958e+01,3.713041016753753354e+01,3.295437787232587112e+01,3.449071240930661020e+01,4.065255431840465405e+01,4.864675323770506310e+01,4.761443923588922900e+01,2.764957935691791935e+00,2.807720163581284289e+00,3.026346192047002504e+00,3.262441808390581510e+00,3.337155595580765244e+00,3.342794819624750335e+00,3.422744874529592973e+00,3.575576000164715218e+00,3.829674823463125044e+00,4.377791435320066427e+00,3.922514863003023766e+00,4.047124837208970760e+00,4.178150755302779018e+00,4.116683269665200484e+00,3.842695676872387445e+00,3.470899832992735412e+00,3.176513609711340003e+00,3.171343551491534463e+00,3.821210564296506629e+00,5.596470823762478730e+00,5.509588289638678305e+00,4.054851203149745231e+00,3.153047984987655816e+00,2.689288691806668297e+00,2.521218035036687510e+00,2.616545123865865463e+00,3.082782568752184815e+00,4.192251257034818046e+00,5.311741666271307949e+00,4.354608855940611534e+00,3.584466721747037177e+00,4.794721365777665056e+00,6.809758225293061074e+00,2.592415837811146151e+00,2.022575982237406755e+00,2.019351382064094036e+00,2.234264734901558747e+00,2.712559949834347783e+00,3.738707227295323676e+00,6.135389589100426200e+00,1.055845325711233329e+01,9.015043687600998723e+00,4.290912452056527826e+00,2.237690226418220796e+00,1.346588895947209430e+00,8.584161031547576926e-01,5.236682872340581163e-01,2.507415261289391850e-01
2.417781605408320100e+00,2.419011590378272736e+00,2.422684536615149486e+00,2.428748562901894559e+00,2.437114376943938510e+00,2.447651142528195489e+00,2.460180927298072362e+00,2.474472032925334464e+00,2.490231695196354345e+00,2.507098903669868761e+00,2.524638443104598728e+00,2.542337706862307645e+00,2.559608364060772523e+00,2.575795539724090588e+00,2.590197721128861819e+00,2.602101039265103388e+00,2.610831805374091985e+00,2.615831215264807774e+00,2.616756233719352842e+00,2.613611652827363407e+00,2.606922041556614111e+00,2.597962577127455042e+00,2.589092230533851513e+00,2.584287599402834701e+00,2.590097735818519542e+00,2.617521964594948791e+00,2.686005706885263855e+00,2.832600345166413902e+00,3.134768020828793134e+00,3.773051089951584558e+00,5.224440457314161179e+00,8.928004898088314434e+00,1.941676148561484183e+01,4.237576505982637798e+01,4.934051222359223488e+01,3.858129160831477122e+01,3.299552532058213927e+01,3.323189758377983338e+01,3.806707968344576187e+01,4.596834857656409667e+01,5.091946654994289645e+01,4.339345397345232413e+01,2.733682554298833001e+00,2.880199917762649164e+00,3.118832743113930661e+00,3.280961099831802841e+00,3.310781026134812510e+00,3.380165040696536671e+00,3.551079528768918969e+00,3.958048098402944248e+00,3.820755392491659297e+00,3.691051280514767718e+00,3.834947281846845524e+00,3.958020747426815866e+00,3.921745099504925225e+00,3.677914768746226581e+00,3.325278188893765474e+00,3.047378962783342526e+00,3.101820562941826065e+00,3.995711891504960533e+00,5.398967538581200820e+00,4.839160689587229669e+00,3.880481942267088868e+00,3.126632372341298094e+00,2.672897683074193509e+00,2.479448759639935052e+00,2.517367713613549718e+00,2.846808096854958059e+00,3.673692840131237425e+00,4.960654965103961089e+00,4.936581258987327026e+00,4.769170171953607706e+00,7.274545711992086439e+00,3.029369569363027370e+00,2.090780129805869247e+00,1.964715808392569762e+00,2.056141807475919681e+00,2.312630483446176388e+00,2.827551801555194810e+00,3.904187583859708432e+00,6.293055279506420518e+00,9.450209634639271883e+00,6.731082310190283913e+00,3.386694912761756271e+00,1.976197521733302764e+00,1.331417422486613766e+00,9.560217597382569821e-01,6.813155226647049645e-01,4.444542594495226595e-01,2.205537686391645380e-01
2.446452810076948925e+00,2.447306704785012776e+00,2.449845212270607142e+00,2.453998269190749149e+00,2.459647390181474158e+00,2.466623332733641760e+00,2.474703322592275434e+00,2.483608391550640171e+00,2.493001612756573504e+00,2.502488295586835498e+00,2.511619514269192166e+00,2.519900669281383010e+00,2.526807079690218671e+00,2.531808828480108797e+00,2.534407188671083944e+00,2.534184950705653527e+00,2.530872981923304454e+00,2.524435765784693864e+00,2.515180357041379988e+00,2.503897870276006188e+00,2.492057616867993097e+00,2.482097929046400697e+00,2.477908626983893470e+00,2.485710486688685883e+00,2.515788177597721997e+00,2.586143933955076246e+00,2.730748410092598277e+00,3.019707618792466519e+00,3.613495810296496469e+00,4.926169922660528222e+00,8.174474610348681836e+00,1.718737332018396202e+01,3.866484848399186802e+01,5.044972840465005248e+01,4.008179998053736881e+01,3.320599826470036220e+01,3.225967958219278131e+01,3.585628410727018434e+01,4.296489850833412305e+01,4.996326138567398800e+01,4.967182644941371450e+01,3.916085735709917515e+01,2.772444080653446719e+00,2.974678728614210677e+00,3.192212571877539595e+00,3.286629843406008167e+00,3.363794408999565277e+00,3.596353022534115595e+00,3.995886818851390743e+00,3.496478677991299300e+00,3.541033886093303273e+00,3.646096350247363116e+00,3.741823159113655262e+00,3.725345811974445365e+00,3.523417556294994313e+00,3.209380606641165645e+00,2.980585659354550998e+00,3.164611914055881492e+00,4.214056410598077562e+00,4.803562627819757402e+00,4.316706472344833401e+00,3.759572199380034618e+00,3.143955444932222676e+00,2.691748933203119698e+00,2.469251430946206582e+00,2.461185804063026339e+00,2.698490441476519841e+00,3.327333226732820393e+00,4.539837540357960499e+00,5.532319946235642050e+00,6.817583149278072518e+00,4.415906046012441521e+00,2.391016925899747125e+00,2.017592248872146499e+00,1.983833895230946442e+00,2.102848411429647513e+00,2.370542467627134720e+00,2.882328379130039142e+00,3.913162176472884113e+00,6.051898263332455841e+00,8.327244886744145091e+00,5.795214791142965893e+00,3.134153014652585334e+00,1.998070453559752657e+00,1.473372683850526776e+00,1.162334208093529497e+00,9.237601809987783241e-01,7.028191401277750217e-01,4.777828516718818364e-01,2.426258005217896141e-01
2.438727810506524651e+00,2.439158308407873843e+00,2.440424575749688962e+00,2.442450911363314159e+00,2.445111161065249838e+00,2.448229050445571708e+00,2.451579282980720365e+00,2.454890054718439352e+00,2.457847839615689978e+00,2.460105497234110761e+00,2.461294928262791615e+00,2.461045630262614914e+00,2.459010568358488413e+00,2.454900781411017974e+00,2.448530164649498353e+00,2.439872101315554431e+00,2.429130481194230473e+00,2.416829962543132204e+00,2.403935641938914625e+00,2.392023522718433881e+00,2.383546206904307851e+00,2.382285792664085022e+00,2.394187546219495033e+00,2.428996882480749520e+00,2.503673909035586398e+00,2.649995518949110895e+00,2.932831811542535583e+00,3.498358068733997683e+00,4.715931415227625934e+00,7.644751345787526020e+00,1.558358650736172457e+01,3.539818821604085741e+01,5.088953232286768014e+01,4.155137416423180241e+01,3.355064736055729213e+01,3.154455992786252594e+01,3.404338527529939995e+01,4.017834410536637080e+01,4.774120923222540114e+01,5.116867250642724940e+01,4.672087531869362209e+01,3.639242527428001495e+01,2.848805937201581706e+00,3.073113359491430607e+00,3.249259310042429405e+00,3.377847982241788394e+00,3.757830427589436972e+00,3.461483411279953071e+00,3.366741248246873930e+00,3.419413222018552467e+00,3.476620614368419737e+00,3.530079199890945318e+00,3.520343775675049969e+00,3.367533582755255495e+00,3.113774594057316936e+00,2.971169295283138112e+00,3.328466774464633460e+00,4.250435237339766914e+00,4.224423071182748401e+00,3.870882123835517330e+00,3.614003559179979064e+00,3.170709581222763696e+00,2.734894168595403130e+00,2.483866455770689097e+00,2.437101006513509027e+00,2.612448163346969832e+00,3.118503168161812500e+00,4.223140423662286480e+00,6.114960717603324269e+00,7.196447707031239815e+00,3.337685391379663358e+00,2.291683904525843030e+00,2.032221022162739033e+00,2.019547936809273914e+00,2.144457185607095973e+00,2.408399791688098368e+00,2.893552708070057378e+00,3.826052572531390972e+00,5.642360471536300714e+00,7.479861350490901728e+00,5.475465167632576069e+00,3.181412354370050100e+00,2.187174573563310798e+00,1.751741334912804149e+00,1.512691250416153821e+00,1.332677442922136635e+00,1.150674058774936448e+00,9.342375821230541888e-01,6.672239870133100936e-01,3.498086234873243328e-01
2.395893310681118660e+00,2.395925449405811314e+00,2.395999532171178004e+00,2.396049083894880027e+00,2.395965147839740350e+00,2.395599332403630655e+00,2.394768657625589992e+00,2.393262762659298382e+00,2.390854162362576751e+00,2.387312337244340554e+00,2.382422501239678247e+00,2.376009925620681251e+00,2.367970746991665543e+00,2.358310357930792911e+00,2.347190987141090091e+00,2.334991331776214984e+00,2.322383858294974068e+00,2.310441027018261817e+00,2.300792890869607366e+00,2.295880727801513643e+00,2.299396474967230208e+00,2.317093297739836188e+00,2.358366607418171945e+00,2.439516181422152208e+00,2.590915877293809011e+00,2.874001013024474194e+00,3.425327797649213579e+00,4.583664096691220102e+00,7.299087143283545132e+00,1.448514950529462553e+01,3.279272272132318733e+01,5.079681322812573541e+01,4.290351187864581561e+01,3.398026368245437112e+01,3.104108118617963186e+01,3.258848506177558590e+01,3.775731715393113319e+01,4.517555786049156552e+01,5.073554559288987775e+01,4.995526692024682092e+01,4.400878484986456840e+01,3.537834381382536719e+01,2.953233798895271711e+00,3.191006974035359711e+00,3.444872722979441804e+00,3.650287185965772618e+00,3.257044754850157986e+00,3.284595326784778280e+00,3.319845910688923318e+00,3.332484340685704094e+00,3.335795926574292025e+00,3.314924336753577450e+00,3.210396730023235001e+00,3.039346307623902455e+00,3.021914550459325888e+00,3.532619445593754293e+00,4.109019406301595012e+00,3.781087076269051828e+00,3.496956800697748058e+00,3.423682473882472266e+00,3.180844802070126320e+00,2.797643820359363431e+00,2.524577726029619829e+00,2.443907534980160889e+00,2.578181797803269504e+00,3.022065284262809293e+00,4.099713198735388531e+00,6.622469286739907091e+00,5.746325749395064797e+00,3.191459174057054149e+00,2.344667477692063962e+00,2.083746914131157091e+00,2.063847338359670047e+00,2.183762391829757732e+00,2.436813378282287612e+00,2.886694105437337399e+00,3.708914329565082824e+00,5.225050296790678672e+00,6.862439213643334313e+00,5.496043979123776957e+00,3.446027909859861182e+00,2.553332086072002127e+00,2.247788510613291102e+00,2.188387907973599056e+00,2.253759998758331218e+00,2.399255660513299748e+00,2.591430699617092159e+00,2.745496050063156446e+00,2.622245228473774059e+00,1.772866040308762603e+00
2.325040164837399725e+00,2.324767081161138726e+00,2.323932569952147364e+00,2.322491791743597211e+00,2.320373211793202994e+00,2.317483605610948239e+00,2.313715471403088308e+00,2.308957224993091195e+00,2.303106624739581498e+00,2.296087935315549444e+00,2.287873415727070814e+00,2.278509867613265349e+00,2.268151321229794348e+00,2.257099683659136158e+00,2.245856712877847272e+00,2.235193709699745401e+00,2.226251136294066235e+00,2.220691513610906220e+00,2.220950662767495754e+00,2.230676084371818746e+00,2.255533440025292435e+00,2.304767342703650801e+00,2.394389418948073001e+00,2.554106688901813804e+00,2.843531521415920693e+00,3.393611709106725272e+00,4.524048471515529357e+00,7.113672743995991254e+00,1.380923244264263872e+01,3.092385671161292748e+01,5.040161909118252481e+01,4.405916415456294999e+01,3.443716226287525473e+01,3.069995286051622330e+01,3.143768951111860588e+01,3.572437274258148676e+01,4.266597539441030307e+01,4.936108988205759829e+01,5.131891474464731573e+01,4.795245635509522231e+01,4.270061998922367508e+01,3.647226704864179680e+01,3.119558605444550103e+00,3.543463783803435518e+00,3.234275097813688049e+00,3.171804281915746593e+00,3.217210283279592353e+00,3.233642107336232030e+00,3.208489980872908376e+00,3.160900088217533099e+00,3.111877567766774266e+00,3.045783390262979395e+00,2.976945742402747896e+00,3.115552544077471175e+00,3.690381374837903294e+00,3.897522402595132718e+00,3.455591494397158847e+00,3.191019779002046697e+00,3.194338987941025554e+00,3.138785917781650170e+00,2.860474811451974020e+00,2.584528766685534329e+00,2.474911214155983696e+00,2.581505226944069697e+00,3.006412487054765936e+00,4.150827275625612600e+00,6.510629745176244043e+00,4.822309490599874238e+00,3.309134356685683453e+00,2.473853037523476850e+00,2.158839011908064709e+00,2.112989475543325391e+00,2.220262811315165674e+00,2.458922221273374120e+00,2.872958175201190123e+00,3.593411190686324197e+00,4.858393659707004986e+00,6.373247070124277158e+00,5.699235812054093131e+00,3.917435402748159490e+00,3.187093329184687018e+00,3.244457335677797261e+00,3.992892445185614037e+00,6.087506123124319934e+00,1.147507293533878148e+01,1.173633718912724433e+01,4.401367020784563877e+00,1.853380180133512578e+00,9.154762272725713856e-01,4.003714994688323259e-01
2.238421128526724146e+00,2.237978920037309027e+00,2.236646409376663591e+00,2.234407092580925625e+00,2.231237337678049215e+00,2.227112321103830173e+00,2.222014584704856688e+00,2.215945458880086427e+00,2.208939685118782581e+00,2.201083709357576357e+00,2.192538371112295881e+00,2.183567200105707151e+00,2.174572460872781221e+00,2.166142826868733273e+00,2.159119791256325360e+00,2.154695900073477777e+00,2.154569130295447277e+00,2.161199428487825536e+00,2.178256910722242701e+00,2.211442527950246983e+00,2.270064304081420570e+00,2.370228788559658462e+00,2.541710815979181248e+00,2.843855603720446545e+00,3.405714881916699355e+00,4.538058436007852414e+00,7.080064222985393840e+00,1.351000402958257851e+01,2.980403285494849186e+01,4.995471368957174718e+01,4.496042253604623795e+01,3.486346597492834576e+01,3.047544802766050154e+01,3.054062616833586219e+01,3.405983430909566323e+01,4.040145287302491539e+01,4.758607838619979447e+01,5.162030459667646198e+01,5.053228820707111879e+01,4.710721499394993117e+01,4.486335094764925202e+01,4.543774788827126088e+01,3.328522352076679347e+00,3.071231076794012083e+00,3.113909804814385396e+00,3.160308689045621122e+00,3.161366999367443142e+00,3.106336908152007581e+00,3.013569227976331533e+00,2.926735949732472974e+00,2.883599485348553593e+00,2.928114109564261547e+00,3.234032374222872708e+00,3.769469643033018791e+00,3.700420294154982415e+00,3.225482363855491919e+00,2.957129141752590229e+00,2.965166253871998059e+00,3.037283820398384293e+00,2.905839221574113562e+00,2.661681989473452248e+00,2.531397977265292809e+00,2.619086163841732873e+00,3.054679545879701585e+00,4.311088285899589145e+00,5.644909338179903813e+00,4.199538147890291562e+00,3.474608455596084333e+00,2.667460392146092651e+00,2.264154294929099365e+00,2.173011217836484654e+00,2.259759120994775383e+00,2.482353692285887981e+00,2.865355290964077817e+00,3.504491165622458659e+00,4.579021783239278776e+00,5.993483286325307802e+00,6.014157332539371126e+00,4.662362387991292323e+00,4.356810673981104109e+00,5.681788174628144006e+00,9.141574570983157955e+00,6.515743861975553664e+00,2.562491120487697671e+00,1.467841261900360017e+00,1.098665082754979316e+00,8.942213692688438798e-01,7.101181344087770242e-01,5.022245418600190803e-01,2.619948191014742633e-01
2.149325766058962639e+00,2.148861367206422734e+00,2.147472051977783458e+00,2.145170671105112170e+00,2.141982693320576558e+00,2.137952385722763360e+00,2.133151694654689123e+00,2.127692113102086502e+00,2.121740014480710812e+00,2.115536270740259184e+00,2.109421573219583124e+00,2.103869944556890914e+00,2.099534837546279675e+00,2.097315637745522654e+00,2.098458607768771689e+00,2.104717889272023079e+00,2.118624422511916627e+00,2.143955096459393417e+00,2.186587475312018469e+00,2.256130676258405465e+00,2.369203584288426256e+00,2.556436399471695431e+00,2.878535983875352144e+00,3.466410632045391349e+00,4.631668091856577796e+00,7.202578774284718044e+00,1.357479097653408928e+01,2.943632204306793199e+01,4.966788002582013206e+01,4.556918965278752154e+01,3.520277022935536593e+01,3.032598298836719408e+01,2.985515660713302566e+01,3.273510291054417820e+01,3.847590754093985765e+01,4.576962480495372176e+01,5.136059326975651373e+01,5.256352170028789317e+01,5.137584177599330104e+01,5.369150609863330459e+01,6.859819762698387535e+01,5.738583514700054877e+01,2.956177346957833407e+00,3.048486457558674534e+00,3.104515647320216232e+00,3.096954000795415496e+00,3.019528473657562273e+00,2.889857613231305855e+00,2.763896498118212364e+00,2.728441173762519156e+00,2.883351550210622172e+00,3.338385697375767514e+00,3.770953971913404423e+00,3.536647573639029041e+00,3.060916327573592888e+00,2.781303557175585084e+00,2.758931909627382328e+00,2.883812360230253447e+00,2.903517461112969933e+00,2.739312617775091496e+00,2.606344040994756917e+00,2.681619882066610394e+00,3.142502029153237952e+00,4.459645191123962071e+00,4.678230134402183715e+00,3.675735553552594848e+00,3.528872705237695584e+00,2.898418905188693273e+00,2.402585452700178870e+00,2.245723883485861716e+00,2.302395701721748900e+00,2.506944518878762018e+00,2.864478065431463882e+00,3.443652076634262649e+00,4.383446037356897307e+00,5.711170612686988335e+00,6.370664787294200160e+00,5.765742443835552677e+00,6.451766521162028312e+00,8.070928953367072722e+00,3.974969730010813329e+00,1.890958767526140782e+00,1.397393052391526780e+00,1.269525388407721778e+00,1.221896909354014404e+00,1.169921546575447557e+00,1.075302831353863731e+00,9.142521789869073601e-01,6.743520160426008658e-01,3.605016927067716814e-01
2.070595748043069229e+00,2.070242992037862884e+00,2.069197706535397252e+00,2.067500074430705936e+00,2.065221233588254712e+00,2.062469709930592199e+00,2.059400844448833201e+00,2.056229776625340122e+00,2.053248957881192993e+00,2.050851866989922279e+00,2.049565798877006628e+00,2.050098681221412811e+00,2.053408546030710546e+00,2.060810898365361687e+00,2.074151474235730319e+00,2.096095350016502490e+00,2.130630165692759537e+00,2.183978902190264471e+00,2.266332343057375631e+00,2.395311744341066529e+00,2.603319180605256911e+00,2.954286151389562409e+00,3.585148770216184388e+00,4.818761268243598295e+00,7.501323662367909151e+00,1.402545996325321731e+01,2.983966261380066598e+01,4.967508159878254759e+01,4.586647176799415604e+01,3.541029330524535368e+01,3.022058711434163314e+01,2.935359939273012486e+01,3.173174590818229746e+01,3.695056228256743225e+01,4.419220345128454142e+01,5.102483204639729308e+01,5.481191975106236214e+01,5.765167552711085364e+01,6.972939236856664991e+01,7.949706571727095650e+01,5.933381254238092595e+01,4.765192502441360034e+01,2.950503556533590199e+00,3.041959309639841180e+00,3.040440604751271092e+00,2.949171400856531733e+00,2.792363341036430135e+00,2.634121634131392220e+00,2.598839736069291639e+00,2.847291205036062145e+00,3.406429547835343463e+00,3.726476509700171746e+00,3.412975283734265286e+00,2.949256818534551350e+00,2.657836389276502231e+00,2.595029217239352981e+00,2.715598524588203055e+00,2.846134393801436069e+00,2.802652105132763527e+00,2.697964925651596957e+00,2.768630887372713900e+00,3.256818584843101938e+00,4.511868210285618908e+00,3.967409336706939627e+00,3.256066950478797573e+00,3.420445902903490598e+00,3.119997286829634398e+00,2.584397547801164929e+00,2.342085321808906606e+00,2.355188987023737468e+00,2.537894411152286089e+00,2.875018883832913819e+00,3.414640591755491172e+00,4.271083355992422170e+00,5.547222352707182225e+00,6.761230051676148101e+00,7.229457203473743654e+00,7.773023926984334864e+00,4.034542685925790906e+00,1.949185324007629561e+00,1.488883578813160469e+00,1.423981270130991739e+00,1.463581120807178060e+00,1.525698397691499508e+00,1.574633080576859356e+00,1.582705396453532032e+00,1.518445615459063092e+00,1.344909459070919855e+00,1.029116482114511566e+00,5.652088912882380356e-01
2.012005078026901650e+00,2.011877146389062787e+00,2.011514882627207790e+00,2.010984272044669119e+00,2.010400033404169395e+00,2.009933123990081949e+00,2.009822131534910739e+00,2.010389711221827191e+00,2.012066033839887691e+00,2.015422562447222177e+00,2.021221783986471010e+00,2.030492555954066525e+00,2.044647957104595015e+00,2.065675883381157263e+00,2.096458171671122805e+00,2.141324883563155979e+00,2.207056295614284736e+00,2.304777307808447695e+00,2.453728222145756810e+00,2.689233559920944927e+00,3.080766122023859133e+00,3.776380553579072874e+00,5.122480481959579279e+00,8.015426435118699899e+00,1.492410067424623321e+01,3.106531511902133147e+01,5.001500037301027390e+01,4.583779996031746862e+01,3.545486075251732672e+01,3.014144895121688705e+01,2.902766426756097218e+01,3.105775808000484872e+01,3.590522444939876578e+01,4.315102915961658425e+01,5.127720877119605802e+01,5.868736329090350523e+01,6.970997981368446972e+01,8.785468058213385234e+01,7.314662685463450487e+01,5.837001314484030701e+01,5.260814475065733831e+01,4.784703992476902101e+01,2.928259854556758413e+00,2.976102731285013014e+00,2.886151834524552928e+00,2.711861406210969161e+00,2.530924438782278241e+00,2.495175251077119682e+00,2.808038130475321026e+00,3.408437135007391650e+00,3.640771705930134772e+00,3.310580571902688174e+00,2.868491338746326225e+00,2.568167612572469505e+00,2.465997427110688811e+00,2.551450526397269769e+00,2.731975155893828777e+00,2.818516888908151330e+00,2.784995431846726266e+00,2.865811136357265809e+00,3.371017204601511885e+00,4.433872724604803750e+00,3.481428864456859174e+00,2.927499046071646571e+00,3.187215148475908144e+00,3.232935131385716865e+00,2.788382770221886631e+00,2.461374207329014574e+00,2.415837176538915276e+00,2.570364806880798270e+00,2.889257786370758030e+00,3.403758942711476720e+00,4.214707495983727625e+00,5.477135758679607669e+00,7.132144925346617370e+00,8.311154536775710255e+00,5.574708474916489465e+00,2.475582351505090095e+00,1.664726812742356454e+00,1.524634904290256276e+00,1.579524743367977102e+00,1.703841337745992668e+00,1.856251025596367121e+00,2.017692064266007890e+00,2.171385229783728832e+00,2.291118192261643038e+00,2.329127606377934256e+00,2.204127532147248658e+00,1.804909150152500530e+00,1.047602394223345890e+00
1.982138908093322716e+00,1.982336246367433219e+00,1.982959056865918335e+00,1.984101579997576970e+00,1.985927271543252992e+00,1.988679172601748313e+00,1.992696198492982518e+00,1.998437634434035992e+00,2.006519692202024530e+00,2.017770616352110302e+00,2.033315395794188518e+00,2.054709293618361965e+00,2.084154451033104483e+00,2.124862570217100899e+00,2.181683864006078721e+00,2.262241424716382454e+00,2.379070514270664738e+00,2.553865658298692942e+00,2.826430641719857029e+00,3.274896142217698092e+00,4.065197045706048229e+00,5.583220166692481889e+00,8.814959581903881514e+00,1.638717370367767145e+01,3.319111507714001164e+01,5.061377035930718904e+01,4.547384817262773993e+01,3.533315254971791575e+01,3.009804714252960522e+01,2.890567233647247747e+01,3.077814699680052613e+01,3.550996786288956031e+01,4.312175061567052126e+01,5.334104850868953918e+01,6.718805066984995733e+01,8.849426596406168244e+01,8.655882404478776948e+01,6.737720280379377868e+01,5.768426468255524497e+01,5.403452090746559833e+01,5.284126211772432669e+01,4.941817025185062562e+01,2.873032500849981297e+00,2.832154324387214928e+00,2.654577138419544902e+00,2.463512260861644432e+00,2.434911840193854093e+00,2.782456720013282148e+00,3.360800004774788796e+00,3.534540610806558014e+00,3.229186423363072933e+00,2.817731091350639261e+00,2.512884422874916979e+00,2.377109769650531668e+00,2.418582006955982688e+00,2.599239182339518894e+00,2.785262533940824348e+00,2.858636774421929871e+00,2.974577480349349656e+00,3.484632874352111553e+00,4.292289423452400499e+00,3.167403549567437970e+00,2.691331226031068447e+00,2.937356968300786075e+00,3.205831530396174855e+00,2.987601505088899323e+00,2.617489331518974005e+00,2.497708572287948847e+00,2.613269973113285793e+00,2.912925915550745870e+00,3.412600300175006041e+00,4.206837596962764714e+00,5.488832464811577161e+00,7.391389857834118615e+00,7.827866728155042253e+00,4.066383474254098296e+00,2.205947549648401562e+00,1.702927534340470395e+00,1.646599915355906329e+00,1.756846985138671435e+00,1.944782520928367564e+00,2.182327848583420771e+00,2.463591506896656291e+00,2.791452461142163166e+00,3.170099617358435040e+00,3.594410690202920478e+00,4.024770036492286707e+00,4.324992948760031375e+00,4.136718580995824013e+00,2.801934372130732154e+00
1.988286172440267840e+00,1.988918533695827051e+00,1.990858922266758313e+00,1.994240137258795897e+00,1.999293538398427827e+00,2.006365629206108281e+00,2.015944741569319909e+00,2.028702315490171770e+00,2.045556397978676166e+00,2.067770354506359709e+00,2.097109336277669378e+00,2.136094631961027446e+00,2.188429624432131071e+00,2.259737876319922734e+00,2.358892814726365472e+00,2.500522431134744039e+00,2.709976201622743552e+00,3.033778791867880464e+00,3.563199061228239373e+00,4.491702712400935660e+00,6.266941842770146209e+00,1.001643615710653457e+01,1.860484380582556696e+01,3.629411835678948250e+01,5.127627918082422553e+01,4.477275254832282769e+01,3.507713562454175360e+01,3.014159974457036739e+01,2.908029714093127893e+01,3.107431567214937829e+01,3.616754629379510533e+01,4.511425013152376806e+01,5.977362534850109910e+01,8.325930937952965394e+01,9.514121216824217697e+01,7.803980480781471840e+01,6.437845481186548113e+01,5.749053611311758516e+01,5.475360493341678847e+01,5.446106892627545903e+01,5.474024145962034993e+01,5.108805385265671362e+01,2.760236391520298760e+00,2.619300484934616868e+00,2.431402387719461267e+00,2.418694885570737974e+00,2.774108742957470675e+00,3.278783100484294888e+00,3.409356205761071568e+00,3.155884375145423526e+00,2.787803536710753427e+00,2.485198721827197588e+00,2.322222258369932568e+00,2.320950036933666638e+00,2.473796093485636227e+00,2.709934258431745402e+00,2.899139020339602801e+00,3.083613433875187493e+00,3.592120820645883228e+00,4.144445010587949341e+00,2.968479568712889538e+00,2.525925913893656283e+00,2.721832622925346445e+00,3.071218514562767954e+00,3.118951053620944158e+00,2.804513208512293687e+00,2.608764660133477964e+00,2.670697178922343262e+00,2.945303893131390183e+00,3.433783644222043741e+00,4.225741509848013777e+00,5.529263743379686957e+00,7.330936768268792036e+00,6.459604444705480120e+00,3.643433979675669843e+00,2.301545786239089786e+00,1.841718376314638306e+00,1.793742849867618894e+00,1.932426687341193272e+00,2.171837216355909650e+00,2.487547082781027541e+00,2.884512347078604932e+00,3.387932528064374615e+00,4.045138512284207621e+00,4.935477240671303889e+00,6.189926060019324439e+00,8.026551580327900837e+00,1.081349496829404622e+01,1.513055052950948998e+01,2.059578878651329248e+01
2.039073646422184805e+00,2.040298097902271124e+00,2.044035069832650375e+00,2.050480418239830627e+00,2.059978064538570131e+00,2.073049299155726999e+00,2.090440738199650372e+00,2.113200043606466849e+00,2.142795127851859771e+00,2.181304231790726078e+00,2.231725698208464337e+00,2.298497196562165890e+00,2.388395600079662451e+00,2.512158252786766965e+00,2.687537496206082732e+00,2.945359925833979098e+00,3.342281839023542034e+00,3.989528280569198948e+00,5.122694587197051952e+00,7.284118860379451554e+00,1.181294592506398899e+01,2.186275012640767201e+01,4.035998752455211047e+01,5.169825264980336499e+01,4.377113285615443772e+01,3.478120961314706960e+01,3.040595608526184179e+01,2.978126827328875237e+01,3.239333298143897366e+01,3.885468173306472295e+01,5.139552461284595353e+01,7.388750837518313119e+01,9.471769362667225778e+01,8.639146897012763304e+01,7.232143812733089305e+01,6.304061263897287404e+01,5.771681830860134710e+01,5.541353699863180537e+01,5.537767416242517271e+01,5.664957613207790388e+01,5.741237590844967542e+01,5.288283304005674523e+01,2.591051733497695686e+00,2.430646905064870467e+00,2.438461212683740165e+00,2.779015183777588938e+00,3.177823283492553497e+00,3.262748638849988225e+00,3.072338883087288863e+00,2.764549998178156276e+00,2.475442434861152563e+00,2.292298042179741202e+00,2.252796547214408474e+00,2.366821701121568644e+00,2.608972098141104645e+00,2.889174903902358427e+00,3.170194081551935827e+00,3.683385004274142283e+00,4.017497831061190183e+00,2.843727319077338223e+00,2.409018576203769690e+00,2.549009059076268180e+00,2.891705146387435477e+00,3.132229221667603980e+00,2.984808960512985720e+00,2.748985917194901596e+00,2.744350371038495329e+00,2.983385053439047141e+00,3.457439159338882018e+00,4.247011821960677835e+00,5.535845366135605516e+00,6.868360253240890501e+00,5.318504012263048253e+00,3.585179112972936011e+00,2.532454571470055260e+00,2.031333911079058474e+00,1.950282261668867534e+00,2.097348103726615065e+00,2.376723366093813627e+00,2.760956740497788608e+00,3.261416047121179496e+00,3.920114753709569300e+00,4.816094403888637743e+00,6.081787676449323499e+00,7.915317571692859211e+00,1.051186348139852100e+01,1.363914837737585373e+01,1.561656987956738796e+01,1.370830062178531961e+01,7.832608839799637401e+00
2.148456594012526644e+00,2.150544786428620903e+00,2.156909950736030090e+00,2.167863217345944449e+00,2.183956055928115703e+00,2.206036021752000309e+00,2.235339364201260892e+00,2.273640058022907695e+00,2.323489822201185717e+00,2.388611108238125613e+00,2.474557360957230223e+00,2.589859073581513016e+00,2.748091472918989808e+00,2.971776215392107900e+00,3.300134369047480476e+00,3.805430236434470537e+00,4.629788241334042986e+00,6.074142762846279631e+00,8.825864861010245477e+00,1.452636475682263040e+01,2.654568788117651579e+01,4.511192688923709682e+01,5.155342309251886945e+01,4.259798781802408740e+01,3.465544126046630424e+01,3.120083246484615103e+01,3.155525781358667814e+01,3.582022401306782200e+01,4.582780224740510278e+01,6.522489617090516845e+01,8.779413672843894290e+01,8.809305560149935843e+01,7.775330519416060326e+01,6.914227219580142503e+01,6.262335313203745102e+01,5.828029633729342152e+01,5.621707466365359807e+01,5.623825738482310044e+01,5.785139818929894062e+01,6.008503546845454224e+01,6.094202100831400770e+01,5.537144685309980474e+01,2.454134656448192509e+00,2.485044990431062306e+00,2.793663503745513754e+00,3.074713031663844909e+00,3.100018944854099345e+00,2.963056090369575735e+00,2.731565633973864760e+00,2.473349749819564458e+00,2.279469925979338285e+00,2.207321601191658544e+00,2.280792504314610447e+00,2.501231439966811188e+00,2.828575648040376755e+00,3.209296078349810344e+00,3.745084055089087371e+00,3.917243095896971727e+00,2.767464869535818384e+00,2.324754684442287278e+00,2.412251129358611301e+00,2.712882697872509574e+00,3.039022443113159611e+00,3.099210220111991987e+00,2.904611833589543224e+00,2.834914636122776166e+00,3.024997875224899602e+00,3.475319269803689437e+00,4.250774426848180632e+00,5.466216106503685168e+00,6.175479467875211625e+00,4.530625055271919166e+00,3.573373488729614245e+00,2.805306787614303410e+00,2.256962923669747489e+00,2.113056483113295858e+00,2.247976160076903263e+00,2.554236762798911542e+00,2.995612921728141309e+00,3.584538162207584477e+00,4.371480130715054813e+00,5.446293324420414805e+00,6.930207900696339074e+00,8.879567108547925969e+00,1.090434102153146156e+01,1.169564845046897616e+01,1.024745079787136071e+01,7.573641109911388725e+00,4.889942958359849712e+00,2.415016439796602299e+00
2.343524088608794909e+00,2.346998458547000510e+00,2.357594848088950812e+00,2.375851895177782946e+00,2.402733723279770750e+00,2.439743708438468772e+00,2.489116604853158776e+00,2.554134381246497831e+00,2.639648295294350078e+00,2.752960457509789904e+00,2.905359142301855435e+00,3.114896780663944931e+00,3.411647146568475009e+00,3.848180744299789513e+00,4.521687437693366896e+00,5.623733179566192675e+00,7.559097637913625434e+00,1.123739397349864433e+01,1.869249125991010629e+01,3.304810103534192933e+01,4.981461271952645120e+01,5.069004973362724797e+01,4.156633554207853365e+01,3.515235749695049350e+01,3.324716239241624294e+01,3.571417201331649238e+01,4.381799321208828246e+01,6.028553082469532143e+01,8.046318937318289954e+01,8.426577083352630382e+01,7.765796864118019016e+01,7.221971703765763095e+01,6.740618900712179595e+01,6.274376130679409869e+01,5.911891235462237404e+01,5.723589685877472277e+01,5.726889070452043740e+01,5.902209630225468118e+01,6.195002149157484439e+01,6.493674504081370458e+01,6.578196926214495477e+01,5.910399811651964797e+01,2.565683142348562651e+00,2.838530270497319208e+00,3.004969465463491751e+00,2.954893812816195009e+00,2.841008355637075766e+00,2.689133946543553755e+00,2.482575936192177313e+00,2.290760600192875973e+00,2.192310618920023657e+00,2.228256874423606426e+00,2.416156238290545488e+00,2.752777930097682901e+00,3.209893916518025136e+00,3.789886393060970526e+00,3.869584724496610839e+00,2.747732400450719759e+00,2.280787531404881996e+00,2.318729284055609519e+00,2.570816999035163697e+00,2.910701645020641326e+00,3.133515863763436382e+00,3.066172934012889595e+00,2.960310284198286457e+00,3.087783346697503539e+00,3.500036560588115631e+00,4.245402139862486379e+00,5.341586780099971676e+00,5.513656869779870462e+00,4.006179167032875021e+00,3.536864848936960293e+00,3.083823759898651762e+00,2.536549944950550195e+00,2.308184054804962582e+00,2.405071604475716995e+00,2.721014491656137402e+00,3.206833322404478714e+00,3.870980556250713800e+00,4.766366957388634695e+00,5.982078333055373953e+00,7.602814982401362442e+00,9.523064714648343809e+00,1.105483562706616141e+01,1.120301147883679960e+01,1.022314242504603854e+01,9.218002794365398600e+00,8.505330966308576990e+00,7.502927579949558279e+00,4.961961171562223605e+00
2.676760749768680725e+00,2.682697892315322186e+00,2.700835985250860105e+00,2.732195720713015419e+00,2.778622877033964933e+00,2.843039650648759853e+00,2.929877518525969560e+00,3.045807211357609567e+00,3.200983573408255900e+00,3.411226561003011248e+00,3.701985466246249246e+00,4.115870164612744908e+00,4.727701306981013651e+00,5.676298185269024188e+00,7.235432692693910539e+00,9.978407347175298980e+00,1.514393736615634545e+01,2.512243718360933542e+01,4.136620586286726819e+01,5.334028865806590147e+01,4.942075401791770872e+01,4.136668469144228766e+01,3.728848066870249767e+01,3.823711783927622321e+01,4.509526890922614939e+01,5.938343445034838197e+01,7.585464423434925152e+01,7.907621153351529131e+01,7.366511038734954298e+01,7.038130786519644744e+01,6.881497803737940444e+01,6.649078212071097482e+01,6.320405430970240701e+01,6.018785848273638805e+01,5.849269303129752728e+01,5.855870379405694592e+01,6.040262957258812548e+01,6.373639474941450089e+01,6.786850918518109665e+01,7.142525228129811410e+01,7.181642929972321099e+01,6.307918313112732278e+01,2.906725499630158360e+00,2.967986849223991364e+00,2.830071184760507563e+00,2.699981906599524528e+00,2.611900053556603929e+00,2.478829566724316535e+00,2.309745983683764159e+00,2.193853173872861717e+00,2.195579377548861899e+00,2.346692859037480261e+00,2.666043426986219878e+00,3.159191790267978917e+00,3.784579404149712722e+00,3.836557166273912856e+00,2.756058982603359908e+00,2.258405789140405240e+00,2.248712396802576841e+00,2.453005490850235226e+00,2.770349993653598020e+00,3.077398183611945726e+00,3.173178304265478200e+00,3.097816276013798387e+00,3.163875495619139500e+00,3.521159309742505350e+00,4.215190687628068034e+00,5.161924883154900279e+00,4.957072620446201228e+00,3.616220116288293429e+00,3.430426765268557165e+00,3.284397722567922173e+00,2.831225593277642005e+00,2.526584172856372046e+00,2.561383763354041498e+00,2.866423627681657926e+00,3.380860166455690319e+00,4.104834438092341387e+00,5.089836111139600661e+00,6.422531868264935717e+00,8.164417787044842001e+00,1.014512979612651833e+01,1.171601565524922250e+01,1.240348780903828185e+01,1.298981516097010847e+01,1.456505706860065175e+01,1.739375618928733402e+01,2.043926385728716966e+01,2.065703069349312671e+01,1.425651238290356382e+01
3.262556245974013169e+00,3.273345118633397277e+00,3.306389687133881594e+00,3.363820313375454063e+00,3.449533196665877099e+00,3.569801381467918588e+00,3.734352481013802905e+00,3.958242742734396913e+00,4.265173397734534078e+00,4.693555123618908809e+00,5.308071213502674190e+00,6.222790151574630890e+00,7.649622385690846293e+00,1.000363448449164139e+01,1.412820964673462498e+01,2.166773848823224569e+01,3.473428664595421367e+01,5.033272801081404424e+01,5.505308204794777538e+01,4.889948298392629056e+01,4.354553112588257591e+01,4.338473075952384761e+01,4.951442773854264345e+01,6.196571502926995123e+01,7.403117440662147430e+01,7.466325344163851696e+01,6.893860039813762342e+01,6.576025913984176441e+01,6.588844017034017497e+01,6.672316470534330790e+01,6.609703406353553135e+01,6.390920400836120052e+01,6.146315456935309385e+01,5.999736966598700860e+01,6.014820737241164750e+01,6.209276976696119732e+01,6.570553098243051693e+01,7.051246890188484429e+01,7.545806936980193314e+01,7.857299196964089560e+01,7.662839531629204259e+01,6.386148041841428835e+01,3.012075287936710755e+00,2.755744842089868918e+00,2.569123948737439544e+00,2.506179034059163868e+00,2.454887519050630296e+00,2.335650748130602139e+00,2.216294654158690314e+00,2.188412622357183146e+00,2.302927387728881392e+00,2.592489592130031717e+00,3.086686275445993388e+00,3.740189501923130155e+00,3.817692052618359977e+00,2.796866462443570178e+00,2.264894630256386598e+00,2.206948861596402800e+00,2.365958531617962102e+00,2.649023095077218670e+00,2.980973845862910920e+00,3.210561266366140920e+00,3.234391744432085769e+00,3.265822671359708274e+00,3.554204780077052650e+00,4.177100443297810273e+00,4.971803575097021977e+00,4.544275904762518081e+00,3.330581865935711150e+00,3.293083625672377224e+00,3.395582054134393957e+00,3.122046882004980706e+00,2.784336707296319879e+00,2.738437866016707467e+00,3.006933684566770459e+00,3.529580146149091657e+00,4.295066952368031821e+00,5.349292568253050106e+00,6.775449921969678435e+00,8.624335237960689682e+00,1.071009932534051678e+01,1.242594020079084061e+01,1.329293045318467037e+01,1.334662447934842433e+01,1.213125793248836004e+01,9.436464611159678384e+00,6.404047545144619491e+00,3.993714208601462090e+00,2.288579005625457352e+00,1.041711785415000424e+00
4.364292096726485326e+00,4.385724034915206460e+00,4.451586967527987326e+00,4.566837886384266909e+00,4.740662279510443611e+00,4.988141150619362918e+00,5.333274011450983565e+00,5.814419938476622640e+00,6.494312146880442782e+00,7.479137909972088494e+00,8.956254557377164360e+00,1.127069476784350321e+01,1.507722740496742020e+01,2.158561843517354717e+01,3.251817604980843157e+01,4.746683875981866407e+01,5.771871414055289762e+01,5.636458303936713321e+01,5.174772337910356157e+01,5.135268031219004570e+01,5.707109254657560626e+01,6.709525614038433616e+01,7.375500384550745991e+01,7.110115976349844402e+01,6.479234544404921792e+01,6.104232098699466746e+01,6.097105582053330153e+01,6.320418056088945491e+01,6.550967600906747634e+01,6.609012557787279718e+01,6.482007260687875316e+01,6.293513004762074559e+01,6.175445901670008908e+01,6.205344204037235301e+01,6.412753682872627792e+01,6.794473716873153535e+01,7.311610382925952933e+01,7.867566773283384407e+01,8.282359984816396548e+01,8.300323637034009039e+01,7.656296333349661154e+01,6.027910466507451304e+01,2.772180851833505599e+00,2.465646592004111515e+00,2.374783693342852331e+00,2.387305635296099737e+00,2.346564365055747725e+00,2.247728004808013935e+00,2.198004168611800146e+00,2.276751813856336959e+00,2.529987950953205278e+00,2.999740957299246169e+00,3.650042052703850182e+00,3.776813742503271065e+00,2.843961327860333732e+00,2.287372560465472660e+00,2.182762779919877882e+00,2.298049033513871464e+00,2.543447931534115192e+00,2.866570211159669146e+00,3.172296858949463783e+00,3.323581922248908249e+00,3.375380726460608383e+00,3.595852349331241093e+00,4.129886781466629131e+00,4.780150338893229822e+00,4.237619571397233109e+00,3.103004895121430629e+00,3.130267660295515952e+00,3.404403579470816066e+00,3.350940109281907997e+00,3.057148961752964578e+00,2.933942200843231429e+00,3.140223886544990517e+00,3.645324933092575215e+00,4.427233266283082003e+00,5.519759727431372553e+00,6.993523354628605304e+00,8.873825923759504519e+00,1.091062799846227449e+01,1.231287109303694827e+01,1.212696083381122847e+01,1.014974302279241236e+01,7.299408501276493766e+00,4.788548416238636030e+00,3.044260956398714413e+00,1.925228863840500182e+00,1.200992493326547006e+00,7.032594947640635752e-01,3.258793670991688707e-01
6.657834112981342756e+00,6.705596526663981649e+00,6.852989131019771030e+00,7.113096458086087814e+00,7.510529195131310232e+00,8.086583960828352957e+00,8.908830586700522858e+00,1.008879288500024174e+01,1.181496406099851271e+01,1.441464876953619800e+01,1.846390958700696672e+01,2.493458931420257230e+01,3.509850655329421443e+01,4.887600394631229506e+01,6.076400277488303914e+01,6.377229418584215637e+01,6.181348908617692217e+01,6.229843034821583103e+01,6.716727394460507128e+01,7.287760975689310783e+01,7.332311907496371362e+01,6.779329287467695053e+01,6.123897001513311267e+01,5.717249269918382737e+01,5.635528159714105101e+01,5.827905765282801553e+01,6.173653365575992780e+01,6.496230773459036811e+01,6.642245709747268734e+01,6.593509186941051325e+01,6.461003205088772461e+01,6.377120778532731293e+01,6.427971536326597857e+01,6.650752172764448744e+01,7.045630142289927278e+01,7.572620655424378810e+01,8.132595794912187159e+01,8.554086816902307078e+01,8.626729007180091457e+01,8.193349200299510926e+01,7.206656471321673507e+01,5.533588554550455996e+01,2.449654669016121389e+00,2.252999627272234129e+00,2.280517220641065101e+00,2.330467395218938087e+00,2.286591782688751628e+00,2.229840748525835359e+00,2.275261365020253557e+00,2.489905408463144454e+00,2.922704020546040837e+00,3.545313946270822747e+00,3.720515717631622810e+00,2.895231467294223648e+00,2.330643972507506767e+00,2.183146873856900427e+00,2.255012682304502469e+00,2.462391674066999325e+00,2.762609677867966518e+00,3.097536682989798784e+00,3.356311183813764920e+00,3.482699362740016014e+00,3.660419467457676213e+00,4.096548788077147840e+00,4.617340619117582534e+00,4.032814274616969286e+00,2.934040532120107958e+00,2.971345515412893157e+00,3.349445041008813906e+00,3.503640487456183283e+00,3.331833113675430891e+00,3.164251475063406538e+00,3.288588221049315585e+00,3.745997502058995288e+00,4.513650539098145842e+00,5.606367247476229387e+00,7.066586614168413050e+00,8.863034301884331612e+00,1.062165657346736403e+01,1.134702536287468533e+01,1.011412449836410765e+01,7.515811063227884503e+00,4.984526834174940468e+00,3.179316430851730768e+00,2.036447551100639686e+00,1.328638543187365961e+00,8.778429338791582381e-01,5.729345490586457146e-01,3.483778758590849733e-01,1.654505793116101131e-01
1.209066311505839764e+01,1.221280341245867263e+01,1.259147739430908075e+01,1.326597534593165761e+01,1.431100363881683180e+01,1.585350376121022009e+01,1.810286083288212922e+01,2.140141411323467224e+01,2.629585747832985376e+01,3.357699290287013127e+01,4.400564290965154157e+01,5.696039594840623010e+01,6.831958603187796086e+01,7.342274609845375721e+01,7.418548401084458987e+01,7.521673969207999733e+01,7.691585013531944526e+01,7.617519777808709591e+01,7.127287182375452801e+01,6.424842692558152635e+01,5.802219049494424041e+01,5.408547692433314324e+01,5.275840480253292952e+01,5.387764651721555964e+01,5.698785630181038186e+01,6.116934875513815228e+01,6.498081918704076543e+01,6.709009515718010164e+01,6.727429472952496781e+01,6.650403769161215450e+01,6.605415865880223691e+01,6.681910775825383553e+01,6.920165881721675305e+01,7.318224202236174847e+01,7.828613296766174301e+01,8.346544669665642857e+01,8.714705246818107298e+01,8.772663324858577027e+01,8.432779356010307481e+01,7.709908557004422391e+01,6.655581590593297392e+01,5.127692792840489489e+01,2.186708996645481129e+00,2.145928720870027284e+00,2.262527194804531128e+00,2.311591491276243637e+00,2.276531232115330816e+00,2.294810146128556383e+00,2.469090016489783324e+00,2.857711777357552219e+00,3.435715391598448409e+00,3.641983770218393257e+00,2.928419671791204770e+00,2.379640609545075058e+00,2.201554506225622543e+00,2.231798702991871775e+00,2.400550183375671498e+00,2.671522923225033708e+00,3.006381406913583021e+00,3.330840635533616201e+00,3.554267172812930475e+00,3.736402526175441885e+00,4.081793255931898123e+00,4.485370794012411011e+00,3.901149831347949792e+00,2.807022870511266532e+00,2.816141650866688106e+00,3.248090309752726945e+00,3.566678854514715447e+00,3.565086906653824883e+00,3.414794276056920541e+00,3.456981794786895268e+00,3.837414599958688388e+00,4.555772984640271694e+00,5.605795988305284361e+00,6.987753505777849483e+00,8.595417311380204595e+00,9.952593110771301710e+00,1.008880155648377297e+01,8.473419410788807227e+00,6.033982208594002472e+00,3.938675552204362607e+00,2.521980457246952856e+00,1.644519902082763885e+00,1.108325419392564015e+00,7.711694778802069550e-01,5.453019419997429118e-01,3.789318247212625224e-01,2.422426975156266593e-01,1.187879559750526504e-01
2.682919366711913511e+01,2.717945293621232139e+01,2.826670047459309743e+01,3.020590182536703239e+01,3.320629157233400974e+01,3.759081474794949429e+01,4.378994917020856548e+01,5.221208312497574866e+01,6.276868772829221399e+01,7.395149853515900418e+01,8.263657259879406070e+01,8.663072067166484658e+01,8.684073609113406178e+01,8.483627683012956311e+01,8.074692342012947677e+01,7.453149489142005280e+01,6.723282301218959844e+01,6.037077443075817484e+01,5.499768175580606311e+01,5.154101790193391963e+01,5.007736492381865645e+01,5.056229374797342047e+01,5.288069924109484532e+01,5.672025879364821321e+01,6.134116169559060694e+01,6.552536141196897290e+01,6.811358825723914379e+01,6.887215913355946384e+01,6.864119442483523414e+01,6.860819974696870815e+01,6.964923072318374864e+01,7.214879053747655746e+01,7.601969355666552985e+01,8.068708933439292252e+01,8.508623784921248046e+01,8.789092124603682521e+01,8.803002668388779739e+01,8.512868355779610852e+01,7.948605210016113176e+01,7.168833641884194208e+01,6.200882133887444070e+01,4.857503627884197783e+01,2.028715286380966543e+00,2.139698441115100991e+00,2.298180991881915158e+00,2.331546860837296897e+00,2.339090912444197201e+00,2.472702094956380492e+00,2.813149536427272945e+00,3.339079018304369484e+00,3.558933822962617732e+00,2.943114488155207376e+00,2.426324785347144797e+00,2.237303497623899240e+00,2.231726058275729230e+00,2.361113269052039776e+00,2.599478261490828501e+00,2.919086498652478934e+00,3.272340174607291097e+00,3.579401322460729062e+00,3.811299174798088440e+00,4.096394128958658065e+00,4.397355609209718352e+00,3.837121597243853266e+00,2.726575388892227281e+00,2.674665801364350948e+00,3.125257110480039735e+00,3.559536129495033396e+00,3.734710827429410518e+00,3.669036451430240930e+00,3.656373121349609789e+00,3.939758506072754685e+00,4.573786728619166908e+00,5.540257319927821555e+00,6.793115633101232120e+00,8.158034561052440736e+00,9.133503250606223034e+00,8.948346602852907949e+00,7.380990185245406288e+00,5.257268804754056113e+00,3.464225250232133568e+00,2.251155190571818565e+00,1.502412307566258765e+00,1.051331727490101287e+00,7.744260835436334034e-01,5.930499091206131723e-01,4.591600669488493658e-01,3.442183401825782418e-01,2.326388502395526636e-01,1.179625555684626903e-01
6.528129047878094582e+01,6.604655657629128029e+01,6.835309407902319379e+01,7.220244340684875795e+01,7.748087154363490470e+01,8.375539025035665475e+01,9.003029608417676855e+01,9.475661240584962286e+01,9.646971512052461151e+01,9.469257606619000001e+01,9.003601197119681387e+01,8.352236842960817853e+01,7.612811369621816482e+01,6.871403325036317256e+01,6.197818807522238416e+01,5.638253177630437563e+01,5.215711159800319052e+01,4.937908032501646716e+01,4.806312356812032505e+01,4.822047268027295530e+01,4.986790454442099474e+01,5.296827606157177115e+01,5.728233977839680335e+01,6.217292954363551161e+01,6.658674916320363479e+01,6.952318863956075745e+01,7.076679643047003765e+01,7.104360779252590419e+01,7.142590320258643999e+01,7.272160928398217550e+01,7.524941308234440385e+01,7.882602214832228071e+01,8.279660981919698770e+01,8.616803770787942085e+01,8.795182416736766129e+01,8.757079553696330265e+01,8.498406053752788125e+01,8.048026292928736325e+01,7.444675456157993665e+01,6.723593182719666572e+01,5.882606852222909311e+01,4.709419890740894488e+01,1.973264528233298343e+00,2.205602281508434181e+00,2.361910213455864493e+00,2.397427288169229342e+00,2.495065955414887959e+00,2.782714834349364619e+00,3.250708977733651750e+00,3.468485295389167611e+00,2.928934597575427734e+00,2.446566950498807458e+00,2.270560578606550806e+00,2.244278409674715924e+00,2.336428286991321102e+00,2.539551735295941803e+00,2.835064897932693118e+00,3.191188176987047598e+00,3.550227151225138211e+00,3.850172142508678785e+00,4.120810803690577728e+00,4.341255206108829867e+00,3.814425517602715310e+00,2.679145824412998422e+00,2.537419344389024722e+00,2.980899313609175483e+00,3.489179633296335403e+00,3.816906741165726480e+00,3.882611130427360280e+00,3.867107073415976259e+00,4.053897837112807601e+00,4.574668512848612423e+00,5.421555583687021063e+00,6.511231260488692385e+00,7.624228443436642522e+00,8.299790333641032802e+00,8.002197812351653283e+00,6.658707676833963696e+00,4.852937413043001413e+00,3.269264836174201605e+00,2.168588206467303436e+00,1.486763591406869978e+00,1.084775623971645508e+00,8.495998429563389465e-01,7.052300057242111286e-01,6.025790853952939230e-01,5.101242794281701798e-01,4.086095358193819749e-01,2.887562058003778631e-01,1.502059096983199282e-01
9.970834872061472254e+01,9.969555423402817951e+01,9.954759091128715909e+01,9.896024492086260693e+01,9.751970360264148496e+01,9.485678580226235113e+01,9.082280987675763129e+01,8.558046305697055800e+01,7.954301273844845355e+01,7.321807737823901618e+01,6.706804005730447216e+01,6.144272814334927091e+01,5.657227307846144271e+01,5.259009378013197278e+01,4.956575869562919934e+01,4.753766086231795640e+01,4.654040595854920070e+01,4.662330529070647600e+01,4.785447861585936380e+01,5.029865251791692771e+01,5.394752560379914286e+01,5.858541093880216266e+01,6.363486971277612980e+01,6.817411600853122877e+01,7.135247745550724119e+01,7.299367681127407081e+01,7.372446861007124141e+01,7.448003861617183929e+01,7.595581456931866171e+01,7.836782215101118254e+01,8.143713312352205946e+01,8.449162856659444287e+01,8.671099732074343081e+01,8.748048483323684366e+01,8.661536725358539002e+01,8.426379933464404814e+01,8.064730502168812620e+01,7.594110014039863188e+01,7.033510105556580072e+01,6.403576222106241289e+01,5.689849031915665023e+01,4.665155708293128356e+01,2.019708685927157354e+00,2.328635354044061856e+00,2.463345126789207029e+00,2.546151534920682025e+00,2.778617550023010363e+00,3.186050968015785578e+00,3.393436906240343554e+00,2.910014502929092473e+00,2.447163473403413114e+00,2.297391517268865258e+00,2.272130764021862426e+00,2.334162368591974346e+00,2.500351187146598875e+00,2.766398795112101627e+00,3.110638419335554072e+00,3.493127248736604962e+00,3.852786839983046718e+00,4.150377311279807024e+00,4.328466999654945191e+00,3.843348305694416212e+00,2.684254520464390836e+00,2.421210128046968890e+00,2.834065749345748841e+00,3.385261485194135389e+00,3.830775638283778761e+00,4.042779071657620626e+00,4.082276201439083430e+00,4.198628987454478434e+00,4.591774656849434422e+00,5.292695894261378875e+00,6.202542856264336990e+00,7.082704777593562540e+00,7.541991374029743511e+00,7.242472250118858312e+00,6.171874159241152569e+00,4.667728333390042117e+00,3.246204875767755293e+00,2.209953994035518399e+00,1.561395204381887947e+00,1.190520865517652460e+00,9.919008616521174382e-01,8.893690776710871937e-01,8.304398604399354511e-01,7.778076696391078571e-01,7.042695632842654874e-01,5.914748201859332255e-01,4.314159541353168592e-01,2.285898204886227525e-01
7.835541094490459102e+01,7.794248573184351869e+01,7.671751215479596908e+01,7.472761070160588304e+01,7.206513025777283588e+01,6.887397159558446447e+01,6.534113794238297146e+01,6.167422722974944804e+01,5.807451483387010427e+01,5.471643661795464197e+01,5.173876847226473785e+01,4.924657594788230597e+01,4.732000827726886882e+01,4.602605367327949892e+01,4.543050635743514221e+01,4.560802550132969913e+01,4.664733408811640913e+01,4.864548831116673711e+01,5.167927130729835739e+01,5.573609796176833697e+01,6.059667543757281294e+01,6.572101522368750182e+01,7.030019851184196966e+01,7.362575773260174117e+01,7.557067425214771106e+01,7.667061307318247998e+01,7.770607016606984985e+01,7.922708500121245834e+01,8.133235800090756129e+01,8.368277800256196031e+01,8.567617206601832436e+01,8.674011681527706230e+01,8.660427580981426843e+01,8.534795183682743414e+01,8.319838289943623977e+01,8.029865842441934376e+01,7.665887459208676091e+01,7.229107614814354577e+01,6.733968275314255436e+01,6.200017365638638012e+01,5.606877254349815587e+01,4.712235908447483723e+01,2.150292667104991562e+00,2.485401019280497614e+00,2.615045077204336543e+00,2.796976861392386215e+00,3.138316082304437593e+00,3.326541641344982203e+00,2.884713929440207991e+00,2.422092142814680216e+00,2.295996339448180823e+00,2.295431854057872201e+00,2.344067323555099058e+00,2.475338261752835223e+00,2.707685581151464405e+00,3.030200127646121011e+00,3.414466819210315585e+00,3.811012619573150850e+00,4.152870530752428735e+00,4.331971795279043747e+00,3.900867037593902520e+00,2.732121509969909212e+00,2.320216468541214105e+00,2.678684670922204525e+00,3.249258616946471001e+00,3.778727533000725280e+00,4.125616919856378573e+00,4.263306101919484448e+00,4.356204538817065597e+00,4.629100814389241592e+00,5.169141436223245734e+00,5.891416039377994629e+00,6.562186523653945613e+00,6.861727663761785223e+00,6.597498038740424064e+00,5.793210489256017226e+00,4.585679143721888451e+00,3.318574321068967770e+00,2.328377056435182446e+00,1.696422074404302371e+00,1.349295085664037330e+00,1.190922708135089270e+00,1.145426052187625832e+00,1.157501438355845735e+00,1.184106314714150621e+00,1.187699375169759541e+00,1.133494919447630700e+00,9.918538399807386163e-01,7.461373138780036385e-01,4.033420920683150612e-01
5.746787050301342958e+01,5.724486936312514729e+01,5.659278323938372779e+01,5.556074581578127436e+01,5.422531846180811499e+01,5.268295747978230992e+01,5.104088965548091750e+01,4.940821093329182645e+01,4.788907066362051523e+01,4.657913642993134573e+01,4.556555862810307644e+01,4.492985890934384230e+01,4.475273364697598311e+01,4.511949767191541127e+01,4.612434159091360897e+01,4.787011706463866290e+01,5.045733726500111516e+01,5.395160374784902757e+01,5.831675198824138562e+01,6.331583521436962769e+01,6.843639009692091690e+01,7.297232637240975350e+01,7.634811510916428290e+01,7.848487805298194075e+01,7.982786309725182150e+01,8.099153364723285620e+01,8.236760166503202640e+01,8.395390005241974052e+01,8.541523807378055722e+01,8.630095297477045335e+01,8.630911241868390960e+01,8.543516994693986533e+01,8.390116247758976442e+01,8.194205339888691242e+01,7.963133321532835396e+01,7.686930544277903721e+01,7.352845515950150457e+01,6.963107598790298880e+01,6.538957543144803708e+01,6.101858689792399559e+01,5.624622258824736321e+01,4.845207585515311877e+01,2.359369154348811559e+00,2.683916783909823245e+00,2.851249449749837517e+00,3.122750937894092083e+00,3.284171632197363522e+00,2.873904470426391633e+00,2.393492282095210921e+00,2.272589313742567896e+00,2.309185183553685849e+00,2.367842697790156770e+00,2.472452387748358404e+00,2.668471957325169175e+00,2.962403483966080664e+00,3.334827566894738027e+00,3.747025543078574827e+00,4.130070021279008685e+00,4.345800597855697944e+00,3.992648647673036066e+00,2.841901748170316822e+00,2.257054650892098557e+00,2.531096158521051187e+00,3.100457858715177650e+00,3.686422732700345151e+00,4.144789454907426673e+00,4.399912462744870467e+00,4.521597477734395909e+00,4.705429170390851290e+00,5.086774946458261226e+00,5.622250441540477262e+00,6.105336444773168836e+00,6.278447833092737795e+00,6.046950112269122712e+00,5.472285901016582521e+00,4.557084671603650605e+00,3.459487819747508741e+00,2.514199535968208998e+00,1.889374580497016343e+00,1.561570762005692892e+00,1.450148417101626563e+00,1.483199569323501166e+00,1.607355031862833794e+00,1.780395423800751331e+00,1.961202839473874526e+00,2.100375565562173641e+00,2.133428295394690366e+00,1.981874067688194074e+00,1.572701692411626606e+00,8.844445179686299952e-01
4.775861185470932924e+01,4.766607092928130385e+01,4.739787263429833075e+01,4.698140817204517106e+01,4.645958294366643315e+01,4.588733320758958456e+01,4.532787033504030916e+01,4.484944322873870703e+01,4.452324938244321118e+01,4.442283013659474022e+01,4.462493379754013745e+01,4.521144702920254588e+01,4.627148870435966188e+01,4.790188527843485389e+01,5.020262144029694440e+01,5.326121198749186192e+01,5.711713049018614186e+01,6.169918156874465609e+01,6.674696545112695389e+01,7.177375234623988831e+01,7.617082628225855956e+01,7.948291792742506345e+01,8.166854407504824565e+01,8.307924356123299958e+01,8.416446947688585567e+01,8.517245305568860658e+01,8.604704260282102268e+01,8.652865725545385089e+01,8.636406588597805012e+01,8.548909255669624940e+01,8.406660334254173961e+01,8.236812686810633011e+01,8.059834178643745872e+01,7.877735293038691111e+01,7.674288211551075278e+01,7.427544419745683513e+01,7.128004306635482124e+01,6.789299137267157391e+01,6.441039336070858212e+01,6.104007344498574383e+01,5.741216106116756634e+01,5.064100144566280193e+01,2.631019382019539332e+00,2.931598509994315371e+00,3.143021007114910059e+00,3.265941893727430934e+00,2.877834228762465862e+00,2.367499864103694840e+00,2.227609953585774072e+00,2.297387691032559687e+00,2.389611472102626255e+00,2.485721785364347625e+00,2.647191625852507446e+00,2.906882992881798522e+00,3.257416698293158497e+00,3.668155892568991661e+00,4.077535164892642783e+00,4.343849158021972912e+00,4.093398836040273991e+00,3.003391760751761286e+00,2.238162884692607157e+00,2.393138685101159346e+00,2.940206594200533985e+00,3.560383346056750220e+00,4.104224786797505686e+00,4.474621860147376395e+00,4.666267822366321205e+00,4.808712723563823843e+00,5.053234529831263089e+00,5.410463853653646460e+00,5.721209776906577282e+00,5.781838208054123740e+00,5.559509926935768398e+00,5.158995051977255386e+00,4.523192924058894171e+00,3.627258462703819575e+00,2.745263669332032030e+00,2.126875295593344539e+00,1.816342230826706317e+00,1.759426788057139035e+00,1.895368925260054738e+00,2.182461436180527237e+00,2.596260921084847517e+00,3.120781266652072894e+00,3.736207936787994122e+00,4.399242052011431703e+00,5.006752116880197612e+00,5.329245642832636243e+00,4.922887555033117479e+00,3.183874433720756958e+00
4.453390495467213128e+01,4.451645193143266255e+01,4.447013296416560024e+01,4.441273693999563221e+01,4.437289691038889572e+01,4.438885633852687107e+01,4.450723736935613317e+01,4.478213746093615555e+01,4.527477738117240591e+01,4.605371811170091689e+01,4.719532720023347139e+01,4.878361667059548523e+01,5.090762513385927690e+01,5.365299040999656199e+01,5.708239840874686166e+01,6.119871119032151086e+01,6.588959846058126857e+01,7.087188756826787994e+01,7.568849730529713327e+01,7.982421232537998890e+01,8.292745873144427549e+01,8.497828433257053860e+01,8.623487119489317365e+01,8.700215992050964076e+01,8.742798413769109800e+01,8.746413703980340415e+01,8.697773225768396799e+01,8.590891054961717543e+01,8.436194703717056598e+01,8.257690559732996860e+01,8.081577825390068881e+01,7.923896053893612645e+01,7.783025752387794682e+01,7.639988101161584666e+01,7.467863335139031733e+01,7.248034727484903783e+01,6.984197977860826256e+01,6.703018940926813229e+01,6.438996388288768458e+01,6.208537365968228272e+01,5.961741939613103369e+01,5.374474936477069775e+01,2.951471773635971907e+00,3.208710566403660813e+00,3.282379256074552387e+00,2.903589147212537469e+00,2.354093970526149882e+00,2.171780941009937571e+00,2.256730207770085705e+00,2.394771085353464279e+00,2.507872335795124918e+00,2.644772178577592392e+00,2.866987582752811292e+00,3.187587106472355991e+00,3.584304777379476725e+00,4.003839956503707498e+00,4.316582258743562051e+00,4.182646482300677704e+00,3.203918405377892409e+00,2.276150204797933174e+00,2.274901876611457041e+00,2.774927532089244142e+00,3.409823676394574399e+00,4.015700270546873618e+00,4.487019938956726683e+00,4.770851449556778867e+00,4.922337528609588730e+00,5.070147081854803339e+00,5.269291228845762731e+00,5.420921477168160862e+00,5.372747872838568028e+00,5.129098194601411365e+00,4.836610269114660632e+00,4.446703651083449671e+00,3.787062196890622623e+00,3.004347079894187367e+00,2.400662009194631796e+00,2.105603257704324882e+00,2.107105742177006746e+00,2.364986740151597822e+00,2.860390373577681444e+00,3.607530008484360895e+00,4.657339276144190521e+00,6.104143716198140446e+00,8.099420660411006168e+00,1.087709567375707564e+01,1.480320619591606324e+01,2.049442461129704540e+01,2.914619316910481572e+01,4.301789866522687333e+01
4.527536727564225316e+01,4.531065908593926395e+01,4.542140919110985919e+01,4.562215194063274737e+01,4.593684682704246569e+01,4.639858804839151674e+01,4.704935904538819358e+01,4.793987490328697021e+01,4.912939453955060998e+01,5.068506922081338217e+01,5.267984285423163016e+01,5.518703890211080676e+01,5.826857637156339820e+01,6.195277953444844599e+01,6.619886958692683265e+01,7.085253288346133616e+01,7.561453297373719806e+01,8.006514931303068749e+01,8.377846546064741062e+01,8.648825096371750476e+01,8.818277925530716743e+01,8.903952329547280442e+01,8.926038814791684217e+01,8.895127549932701072e+01,8.812310437591959555e+01,8.678048328541105150e+01,8.501124046201933027e+01,8.301011780955266772e+01,8.102885267382384882e+01,7.929079660169718125e+01,7.791256424313210971e+01,7.685649276597904134e+01,7.592885904294308830e+01,7.484316140232256487e+01,7.335298029661940689e+01,7.140119314768874403e+01,6.918236371074613089e+01,6.705993990655542802e+01,6.538185678525978517e+01,6.423843750983027689e+01,6.296702471667712331e+01,5.784550560421565990e+01,3.285803199695980226e+00,3.353568999797418293e+00,2.963363574578969928e+00,2.362607443003295060e+00,2.116520764029494739e+00,2.192537499809588120e+00,2.372137977018429211e+00,2.526017076441311460e+00,2.658805810874709241e+00,2.845855722928969378e+00,3.129968702183905105e+00,3.502775101352595399e+00,3.918738367298102432e+00,4.264756678725944994e+00,4.243979259915620084e+00,3.420140653774383921e+00,2.378258693209589492e+00,2.189236376264103168e+00,2.612671569032243291e+00,3.242578624458958281e+00,3.890123740014206355e+00,4.443649964937557151e+00,4.824454917483222971e+00,5.025544079984167745e+00,5.127015966289194537e+00,5.201782537602140266e+00,5.210846937432300763e+00,5.054388335207294247e+00,4.760208938559062908e+00,4.507594529564729058e+00,4.305007774346636396e+00,3.901863071175715181e+00,3.268989377380426831e+00,2.700774086483570535e+00,2.420470686578113373e+00,2.477838452540304104e+00,2.863079219918374108e+00,3.584862842616654000e+00,4.696779813896134748e+00,6.299729922826657891e+00,8.509808280794562307e+00,1.131988219239163840e+01,1.424487516375856444e+01,1.598716224628191540e+01,1.522397607458817426e+01,1.221163131481517539e+01,8.269898189047719228e+00,4.176497941993650542e+00
4.904049811896443600e+01,4.912152359720225547e+01,4.936920441342571308e+01,4.979733195373259491e+01,5.042881314415959082e+01,5.129551500134250830e+01,5.243791356796398873e+01,5.390426884869364699e+01,5.574874175155514422e+01,5.802737537020690439e+01,6.079018487771728729e+01,6.406695545704694439e+01,6.784451972568039935e+01,7.203607925323996142e+01,7.645106070409173071e+01,8.078686920766028834e+01,8.467116614620789505e+01,8.776271522883756404e+01,8.986503029537831821e+01,9.097138072744102999e+01,9.120621603015808887e+01,9.072051105118077885e+01,8.962886155533621491e+01,8.802045850801029303e+01,8.600877287868699739e+01,8.376563929897154992e+01,8.151198895028974789e+01,7.947378032668591175e+01,7.782760846112653041e+01,7.665389915621383921e+01,7.590510447440802011e+01,7.539803040528644829e+01,7.485120445125077993e+01,7.398622840772009113e+01,7.266957060354303621e+01,7.101085287110346655e+01,6.933808776481842528e+01,6.806052839757241202e+01,6.748987678474071572e+01,6.761456337680573370e+01,6.754460667320131506e+01,6.287569280823982609e+01,3.506803784689416226e+00,3.085381128735464884e+00,2.406529493390374697e+00,2.072399103805711018e+00,2.114465717484792506e+00,2.318595512319054919e+00,2.524752438326383075e+00,2.680749705530960370e+00,2.844568594685781271e+00,3.088632110750733073e+00,3.428853698262179783e+00,3.829944683314157050e+00,4.194384239497184197e+00,4.270547278239089195e+00,3.625200184196364361e+00,2.540835033060795389e+00,2.149046342493776685e+00,2.463260680504886224e+00,3.065893551978504661e+00,3.736146526982886407e+00,4.352944243487788967e+00,4.824158704423719968e+00,5.099735775372327140e+00,5.204350729258266917e+00,5.199636034739107515e+00,5.090980704477199303e+00,4.830040241887778585e+00,4.462838640756928044e+00,4.188588695248995464e+00,4.094687820114495835e+00,3.937248912495472375e+00,3.509620913900346473e+00,3.013862600394179303e+00,2.751586618427803721e+00,2.854937958771552875e+00,3.353918376466469287e+00,4.276625116997312404e+00,5.675568704445865365e+00,7.570296341369253668e+00,9.751085380708591543e+00,1.148894465917883423e+01,1.177219317960027567e+01,1.046916188096784772e+01,8.540452162565248528e+00,6.816929894451795313e+00,5.461316384351677655e+00,4.168851311652643332e+00,2.423793160605880459e+00
