# rows 430:5:700 nm, cols 0:1:89 deg, 100*(1-R)
9.992735513951021176e+01,9.991148299989835380e+01,9.984889979535765292e+01,9.969449438670415020e+01,9.937304289994119699e+01,9.878148816150165601e+01,9.779667534495392545e+01,9.629215510824455748e+01,9.416601408700813636e+01,9.137686168940193454e+01,8.797798494170083927e+01,8.413487378839677433e+01,8.011504365637419767e+01,7.625236351619520292e+01,7.290251171510715267e+01,7.041057522029529991e+01,6.910353073888741449e+01,6.930554296936108472e+01,7.135500615313900141e+01,7.556160990631610730e+01,8.193333394184421081e+01,8.936221322212020368e+01,9.459672899375203770e+01,9.395424061998456011e+01,8.808168193342157792e+01,8.077943348699625403e+01,7.450995620385323548e+01,7.040819501127822377e+01,6.960176047057066739e+01,7.382561227102951307e+01,8.422876298930803785e+01,8.975255187587069372e+01,7.699766295311331987e+01,6.679463530136202110e+01,6.492508367309571327e+01,6.984298691951342164e+01,9.056168173664615040e+01,7.485284121638149202e+01,5.928913790177951881e+01,5.583638006776854468e+01,5.161963255874891843e+01,4.309991961707281405e+01,1.199213814395196920e+01,1.042112603172664720e+01,9.380513851530803748e+00,9.178673714539353767e+00,1.024088313467671441e+01,1.189896255731452968e+01,1.138591600191037934e+01,9.658472068192446969e+00,8.593801131088918410e+00,8.333054805062944936e+00,8.778458430571456361e+00,1.001032609837242404e+01,1.191921625293058717e+01,1.289494121846890273e+01,1.247947212633862080e+01,1.235569237011007182e+01,1.276544321726642650e+01,1.345377350428820229e+01,1.422883096636957667e+01,1.499018285679725082e+01,1.587571531609215469e+01,1.787464505551081828e+01,2.281342802026067318e+01,2.103186723273291392e+01,1.426334821275845322e+01,1.069551498906050568e+01,8.812853503777018815e+00,7.773798526975217449e+00,7.347984840594545375e+00,7.642178453349746547e+00,9.354805959636181001e+00,1.517749366389152854e+01,2.601844525055326685e+01,1.572568874441623343e+01,8.353595265706070805e+00,5.956464483536882959e+00,5.051186499313353728e+00,4.688888196959517529e+00,4.579393542254894811e+00,4.613229473585866991e+00,4.738228962694901014e+00,4.917612531848714497e+00,5.107885423269953762e+00,5.239358345081068791e+00,5.195636960482874045e+00,4.801053159067536491e+00,3.846615571838607472e+00,2.201726921010438431e+00
8.290707756453826960e+01,8.272680383553630179e+01,8.218902595986072868e+01,8.130419588607941250e+01,8.009385914335143752e+01,7.859587035547302492e+01,7.686983763378749757e+01,7.500128264233737241e+01,7.310327414449943717e+01,7.131514620852865960e+01,6.979913962491575319e+01,6.873686916324059837e+01,6.832773649821875495e+01,6.879006754831981141e+01,7.036163826229918072e+01,7.328599269490428014e+01,7.774633447919794094e+01,8.366045477205663872e+01,9.022399379223544713e+01,9.538876880292268368e+01,9.645004121549465026e+01,9.251235301606972428e+01,8.554572001804841364e+01,7.816817036457395318e+01,7.209683994583454592e+01,6.838731212291943962e+01,6.798009563458438720e+01,7.210488879867524759e+01,8.153753095544695384e+01,8.949937492718306942e+01,8.219450758485797337e+01,7.140552757053497146e+01,6.744977038042924278e+01,6.912447210196253877e+01,7.824962811848743627e+01,9.918226891599906025e+01,6.592970876796526625e+01,5.677270877982576280e+01,5.302706986000631417e+01,4.887458495910841094e+01,4.310195865671807525e+01,3.418595224349629547e+01,9.160638921734353346e+00,8.447689640751965712e+00,8.882707036100100595e+00,1.081007287439748055e+01,1.175488651117735373e+01,9.894493259006109653e+00,8.254901090468290903e+00,7.509200404403748585e+00,7.394113107772226634e+00,7.777852636917891971e+00,8.736569076834355130e+00,1.055662896221776137e+01,1.276276662212028157e+01,1.290369032052342035e+01,1.232059058686760800e+01,1.237560932609600428e+01,1.284107384013144504e+01,1.347914027206360643e+01,1.425991084524168606e+01,1.560661907647141788e+01,1.859374991584592607e+01,1.978612628058411360e+01,1.490688303047660312e+01,1.115516669928100413e+01,9.088486679470729968e+00,7.943697328852539208e+00,7.451729560745434355e+00,7.702713133767491449e+00,9.388158550882074849e+00,1.492970015719239285e+01,2.182300876872251649e+01,1.284030049009865593e+01,7.613129802470575136e+00,5.866791681460514774e+00,5.271454930386898496e+00,5.167827690891590997e+00,5.370031422419385692e+00,5.850296044789726757e+00,6.669031336384456665e+00,7.980661204550054677e+00,1.008773039573259744e+01,1.354902966645925488e+01,1.928744404553635050e+01,2.812012043353455581e+01,3.747118482189228672e+01,3.770159237499746041e+01,2.649301538768531472e+01,1.302586892434289823e+01
6.823571622822701954e+01,6.820415106345411971e+01,6.811833604829929811e+01,6.800496897842236876e+01,6.790871828543578204e+01,6.789243778107221772e+01,6.803740802409704713e+01,6.844355400438300308e+01,6.922943594982680793e+01,7.053124885770587582e+01,7.249854482218223950e+01,7.528084356026904800e+01,7.899198437802368744e+01,8.362693261937243960e+01,8.889705430729554791e+01,9.399011446764143329e+01,9.745293308915351815e+01,9.767338461076772660e+01,9.404777078493114573e+01,8.761305260716204657e+01,8.024434996549973675e+01,7.357263667996693357e+01,6.866271609697258782e+01,6.621408598187045413e+01,6.688859547431977148e+01,7.154744327047414743e+01,8.052898073400331214e+01,8.895572936894930649e+01,8.575054289039042033e+01,7.611721814918000462e+01,7.077940510562356735e+01,7.024223936064630891e+01,7.408700702680610561e+01,8.845469534218139529e+01,8.656348149689036120e+01,5.925732420963991842e+01,5.272423336223180002e+01,4.893823507350075630e+01,4.516356137306370044e+01,4.098279711538672387e+01,3.622977991603308823e+01,2.980866223722320285e+01,7.780057327058265138e+00,9.233826326907490056e+00,1.171022586589478465e+01,1.045477594751695882e+01,8.212760289481835230e+00,7.059778406718164590e+00,6.636532552918938954e+00,6.654372189727563836e+00,7.015636256570145335e+00,7.769802051555085853e+00,9.211349409349789852e+00,1.187782517637447910e+01,1.345616334564163630e+01,1.235231991802903195e+01,1.193151201959132734e+01,1.216888259558468377e+01,1.269282777973881338e+01,1.350230237674958644e+01,1.507919942897113508e+01,1.728293616425277079e+01,1.572450987464359962e+01,1.199906165123751833e+01,9.548946819010295073e+00,8.159349337584753670e+00,7.476032164235157929e+00,7.478951008041667237e+00,8.609804965053701409e+00,1.244296436859402277e+01,1.860076389084604997e+01,1.297359008649643286e+01,7.829089011899903028e+00,6.035029441106454229e+00,5.477567114311455043e+00,5.480799270228042808e+00,5.882538630158928861e+00,6.725916362577777363e+00,8.225774180850621065e+00,1.084713824281080541e+01,1.531982335749875190e+01,2.131645585194054249e+01,2.304114874350378273e+01,1.697968951475104049e+01,1.065165150063053190e+01,6.802001325586437552e+00,4.538628669313704123e+00,3.048325394009143707e+00,1.913163550296625992e+00,9.309880346779264571e-01
7.496830133307892652e+01,7.511462451834378840e+01,7.556148348158210126e+01,7.633202455743943915e+01,7.746283528791137485e+01,7.899998762337364155e+01,8.099119433044144500e+01,8.347094045730170819e+01,8.643359551386953399e+01,8.978821226196073724e+01,9.329192471484964244e+01,9.647618168550128814e+01,9.862307280324205294e+01,9.889971257796734960e+01,9.671486536248637833e+01,9.212296936117974155e+01,8.590196064406488574e+01,7.919725156972978652e+01,7.307294473224868625e+01,6.829853376217516825e+01,6.538782779364728981e+01,6.476009341662505392e+01,6.691539310012646524e+01,7.246081004038684625e+01,8.127083402621752839e+01,8.921039646733397888e+01,8.812588971857285003e+01,8.030674657872918942e+01,7.439899333039900853e+01,7.215924488519223701e+01,7.296742440171182409e+01,7.918719679097057451e+01,9.621807129902757083e+01,6.919001377242209117e+01,5.311890290260000569e+01,4.807891729054654917e+01,4.476687490073757658e+01,4.190717955475557233e+01,3.944751442573952716e+01,3.756655809831917026e+01,3.634800511097897413e+01,3.475024948195770946e+01,1.020505951103707432e+01,1.140872459819590645e+01,8.430601909782620140e+00,6.799287384452911809e+00,6.136222144354497310e+00,5.956760684566630992e+00,6.073612976747167380e+00,6.428017778959171480e+00,7.047681730598887029e+00,8.126987257011887067e+00,1.038827188024009729e+01,1.378278481063436267e+01,1.255114930783425287e+01,1.146009388016999608e+01,1.144806179621022935e+01,1.184545747289247331e+01,1.259576008351541709e+01,1.401387016780931738e+01,1.512550013226697843e+01,1.310464741161254665e+01,1.032505804937933291e+01,8.534268011798396003e+00,7.554642994237448228e+00,7.226896542760186115e+00,7.717954983868358099e+00,9.840616788798129733e+00,1.474987290281771735e+01,1.417935566397027181e+01,8.721707334078665497e+00,6.380746562994410453e+00,5.631829440375513585e+00,5.585179667266992887e+00,6.015892436014347311e+00,6.975427093752206709e+00,8.733942505787506860e+00,1.178812295169224811e+01,1.616298090084880101e+01,1.824084638970629868e+01,1.425668037764322804e+01,9.488473668872121181e+00,6.671521940252766569e+00,5.167364905803739639e+00,4.287687071330870126e+00,3.663072856929128207e+00,3.097846292371708721e+00,2.481737140704520783e+00,1.758233129342445800e+00,9.186595285619825191e-01
9.627868850165693004e+01,9.641762560068912080e+01,9.681989210007827751e+01,9.743912992476266766e+01,9.818942284761278927e+01,9.893427170542926774e+01,9.947667984231262039e+01,9.955907878851513715e+01,9.888626300933285052e+01,9.718346153583951263e+01,9.428672298661923890e+01,9.023338970868076103e+01,8.529890931555057421e+01,7.994618681376613267e+01,7.471169191663807396e+01,7.009424357305627495e+01,6.649931491269312289e+01,6.424860564443817168e+01,6.363499540883172756e+01,6.499504275364984096e+01,6.875093334665425004e+01,7.524667055920370728e+01,8.380382111637315745e+01,9.057691038045568632e+01,8.999191328519270883e+01,8.366697845380340937e+01,7.770412421857506047e+01,7.413364229224089286e+01,7.277460781161923364e+01,7.472092056372670754e+01,8.526912890123605848e+01,8.767934919756673651e+01,5.683559374894338134e+01,4.749979624472484829e+01,4.377538532485544209e+01,4.146088828536503712e+01,4.003408191859484333e+01,3.965609377686160997e+01,4.069084321533959780e+01,4.350901666305789917e+01,4.763864806064172086e+01,4.736819062725383844e+01,9.740374806134987296e+00,6.720953121504935623e+00,5.776742232463205617e+00,5.451732024434186030e+00,5.432544300050135000e+00,5.615276653615963731e+00,5.966789775751079716e+00,6.500765185973267357e+00,7.324691457240373182e+00,8.926042880302109239e+00,1.294809718397523746e+01,1.312258459637525299e+01,1.101834293070391624e+01,1.070675657634738798e+01,1.095168900012001245e+01,1.155904469247255406e+01,1.266961070774799225e+01,1.320372283143209557e+01,1.140401257662003687e+01,9.220401837283443314e+00,7.823692614176813720e+00,7.125848987884586094e+00,7.082087827041361194e+00,8.001850493198837455e+00,1.079135305499576702e+01,1.396745832141314025e+01,1.040924490586145978e+01,7.078743893401473031e+00,5.841093905690253330e+00,5.575074917032285526e+00,5.871413805929726060e+00,6.704965532091167191e+00,8.284128845412098485e+00,1.096481421903523490e+01,1.435064726327286522e+01,1.491872969938712323e+01,1.131834009720378376e+01,8.037156912492360306e+00,6.336798968125867404e+00,5.617561166710638432e+00,5.405482574736253376e+00,5.451792155469037837e+00,5.608960374300564489e+00,5.751765575999190361e+00,5.728666168354390464e+00,5.331959773636629762e+00,4.310345551635041517e+00,2.487199902104397786e+00
9.150242495690815758e+01,9.130117860119385398e+01,9.068967637218446498e+01,8.964757041534343784e+01,8.815057180671260539e+01,8.618396939275288560e+01,8.375890612530008639e+01,8.092759690592188804e+01,7.779259930735607043e+01,7.450617911442233776e+01,7.125925887530819125e+01,6.826402859062820028e+01,6.573739106982361591e+01,6.389222793184492843e+01,6.294050856281554474e+01,6.310824611786844685e+01,6.465710510817372381e+01,6.789429376694620544e+01,7.310769701564150580e+01,8.023835114434146476e+01,8.797204673419246035e+01,9.282474571021539589e+01,9.158825871039682909e+01,8.599696981346644975e+01,8.003092012814086331e+01,7.541215673210892589e+01,7.244328347059195039e+01,7.193561354998729485e+01,7.694040763823468865e+01,9.027365631176994043e+01,6.752442450623748016e+01,4.838553492155759272e+01,4.289456647420213642e+01,4.064354500254013658e+01,3.983191684630102003e+01,4.037450797892605436e+01,4.255863406367974733e+01,4.651680345779312375e+01,5.089298221020228397e+01,5.013649399503796644e+01,3.828882551592616323e+01,2.163048596104140131e+01,5.611354917354594463e+00,5.065657436711113348e+00,4.944112810021705329e+00,5.024123076151121303e+00,5.247625054828697344e+00,5.595395705996486058e+00,6.072607450568789922e+00,6.732403412948850807e+00,7.828632467061369837e+00,1.080705151172911549e+01,1.426066855284520152e+01,1.069669705472482413e+01,9.980146616255037628e+00,1.005116544767354902e+01,1.048139939257955966e+01,1.131160527631072199e+01,1.165676923558414124e+01,1.021248006818573728e+01,8.426688753552969757e+00,7.287021182061248936e+00,6.786946781789193750e+00,6.950410066010470622e+00,8.146207773527013529e+00,1.091613199945793511e+01,1.184570784796419218e+01,8.428688526186057572e+00,6.310732639784721876e+00,5.606346573592846383e+00,5.633262883800482790e+00,6.199867332655029095e+00,7.392825755244059494e+00,9.447234000438765378e+00,1.215310584261630744e+01,1.309107178915396297e+01,1.056327521926792024e+01,7.889387671877512886e+00,6.573835489462376280e+00,6.250716492155561355e+00,6.559892319646354331e+00,7.364287433008131600e+00,8.674412589137059371e+00,1.060851247760514759e+01,1.338971273471391044e+01,1.735663018158813031e+01,2.295484795754969554e+01,3.064595637718361587e+01,4.054218655770542767e+01,4.990902520610587345e+01
6.906095369226035530e+01,6.892194320646649430e+01,6.851360114752216646e+01,6.786217624281408689e+01,6.701187537177099784e+01,6.602512373975680759e+01,6.498230674331637147e+01,6.398083466255548757e+01,6.313378477674010725e+01,6.256882719183616359e+01,6.242841329386386917e+01,6.287204871291633879e+01,6.408048406838227606e+01,6.625877052293377290e+01,6.962727083648566406e+01,7.436937209264927162e+01,8.046115440643475836e+01,8.726930973016476401e+01,9.301606713777879065e+01,9.511763673525358342e+01,9.246256538172472972e+01,8.681652517048412676e+01,8.064725236479628734e+01,7.527765892681624393e+01,7.129649269930466460e+01,6.944651989970074624e+01,7.160062431363704150e+01,8.187834427480660793e+01,8.084424606578930650e+01,5.241199351088755520e+01,4.272963942031125129e+01,3.994220977805693451e+01,3.950212751364114894e+01,4.076731074903998575e+01,4.383798989960994419e+01,4.841702896047077331e+01,5.188861147000704932e+01,4.813137447360462318e+01,3.575864453159130818e+01,2.292034447909177075e+01,1.430908532003367739e+01,9.063450315841926397e+00,4.575211446295490703e+00,4.563335377659372583e+00,4.702533289710819631e+00,4.949245690628378824e+00,5.290807401389341358e+00,5.727196364673736717e+00,6.281185629408780891e+00,7.068728352143893723e+00,8.813961483740850866e+00,1.481559580731743964e+01,1.069086218070369654e+01,9.315978135403613081e+00,9.193604483616347522e+00,9.449766832737104494e+00,1.006292612898178618e+01,1.040127449708112550e+01,9.328296099546362186e+00,7.830788800685972717e+00,6.861575613784731686e+00,6.491848445328440853e+00,6.777721941075509626e+00,8.052276064304120240e+00,1.032300834882989804e+01,1.005255398051608751e+01,7.351318728075950659e+00,5.891643724089834500e+00,5.489259329830986189e+00,5.713325076909581135e+00,6.482453606778548760e+00,7.913274768206990828e+00,1.002115506215630703e+01,1.160506061982225035e+01,1.047404434903453918e+01,8.162131945083794804e+00,6.845711314411073722e+00,6.606818835504801868e+00,7.161848601854603480e+00,8.432033820380556932e+00,1.052237951536012517e+01,1.360241276303611002e+01,1.752792214401690529e+01,2.098887722125277833e+01,2.155658809548994981e+01,1.869149197923487549e+01,1.449324277563581731e+01,1.051049433585289350e+01,6.939023120260090494e+00,3.505362747287676939e+00
6.239675382877037180e+01,6.241741889715968483e+01,6.248773727002811995e+01,6.263267080046239954e+01,6.289381622626027735e+01,6.332945557052445906e+01,6.401470883990046445e+01,6.504173437746463549e+01,6.651956506902831734e+01,6.857222322964398131e+01,7.133152613384991980e+01,7.491616103316250985e+01,7.937945498277649392e+01,8.459630679552088850e+01,9.006607877082758762e+01,9.470753403303854157e+01,9.698697811994799167e+01,9.577860801872139973e+01,9.137049724706403708e+01,8.523501219760383663e+01,7.888119850428287805e+01,7.327803673664831763e+01,6.902147664202628619e+01,6.672984508253814795e+01,6.765575798561019383e+01,7.478076460790012447e+01,8.430457640010720866e+01,6.031648505725672749e+01,4.393954510632450905e+01,3.974416335976793846e+01,3.945311902090598011e+01,4.136957472503666366e+01,4.523721130678141122e+01,5.007956898514003541e+01,5.178065367769374205e+01,4.461297443217303282e+01,3.152173593261969842e+01,2.049266685212350936e+01,1.364381874503320979e+01,9.719839755045667218e+00,7.426348532435767424e+00,5.927706407383404041e+00,4.273237385170858715e+00,4.444679928978578332e+00,4.702732833243783439e+00,5.035318558837442282e+00,5.438954510341909021e+00,5.919817471852628188e+00,6.523933441403206857e+00,7.546015508373637992e+00,1.180702463969634053e+01,1.148154525901477996e+01,8.763273239273072335e+00,8.409919953758738131e+00,8.506943764299490951e+00,8.947734323952694524e+00,9.333520483198753936e+00,8.629692004997179922e+00,7.366976926361945566e+00,6.508952460868533407e+00,6.212800023417375250e+00,6.540154144398425018e+00,7.730270545525175230e+00,9.427166339934656136e+00,8.787691700004163664e+00,6.701400463185603229e+00,5.626278936761941907e+00,5.409023957356684065e+00,5.762330726794163027e+00,6.652473174350093110e+00,8.139347183903144156e+00,9.864958160931402986e+00,1.022085146644646869e+01,8.620326966130098967e+00,7.138235249817892480e+00,6.694524292340542360e+00,7.166891002470265448e+00,8.454605530424007753e+00,1.059799956504960861e+01,1.351010122290009541e+01,1.634036214972834955e+01,1.736943986887064995e+01,1.614807142859952904e+01,1.424830575275498568e+01,1.290565319272685230e+01,1.233189028905076157e+01,1.227455139690802888e+01,1.222953618955610011e+01,1.123344339049232588e+01,7.585270567783686246e+00
7.265502296326718579e+01,7.281992399531060300e+01,7.332164318567528483e+01,7.418072448922191597e+01,7.542948775120781590e+01,7.710821842759312972e+01,7.925762504379234485e+01,8.190454546205906183e+01,8.503607668487917692e+01,8.855602681402842791e+01,9.222078103009424410e+01,9.556905526311581411e+01,9.790311028754398137e+01,9.842759114465793857e+01,9.659906335689709067e+01,9.249282566643317693e+01,8.682465707981191372e+01,8.057966433391534622e+01,7.461880793759152652e+01,6.954091710314440888e+01,6.576981859228618532e+01,6.377550201453647816e+01,6.448916848751075293e+01,7.007872038417328042e+01,8.105970690119293920e+01,6.889464376921017674e+01,4.691551455200239928e+01,4.041368433610615085e+01,4.005675223437798849e+01,4.261191124235863725e+01,4.716739573373452998e+01,5.157247100290926767e+01,5.016348638244536318e+01,3.962058338830232174e+01,2.671524526152154877e+01,1.746756331436380805e+01,1.200458951835894439e+01,8.899669883505566759e+00,7.111712136243575344e+00,6.057671405397946351e+00,5.413652793139500652e+00,4.955490471017276022e+00,4.234703652263238638e+00,4.495274778490299106e+00,4.816190542763010285e+00,5.190764972722861081e+00,5.615899365364795948e+00,6.103562330616629339e+00,6.760961009115417752e+00,8.631665677041656437e+00,1.409015720045527686e+01,8.410754920218522557e+00,7.720350898401107109e+00,7.670539047989444192e+00,7.965249657727724752e+00,8.384803089775161311e+00,8.038081844318556435e+00,6.996557502303224041e+00,6.209069642074194206e+00,5.940150551353085007e+00,6.245658217349159713e+00,7.263213143198676391e+00,8.513297183036328875e+00,7.895694283476850650e+00,6.269978127603725859e+00,5.433750500534284100e+00,5.329743843965417227e+00,5.755183517647588509e+00,6.681371118771850526e+00,8.059202921216135351e+00,9.245319551198893038e+00,8.921324740070479820e+00,7.554627169625938166e+00,6.737998016170876348e+00,6.868440426927147513e+00,7.863123229153012872e+00,9.683304010577675314e+00,1.214791725922967913e+01,1.439319716313373121e+01,1.510173966819525759e+01,1.436638113013328777e+01,1.358989323590875742e+01,1.366414332325349790e+01,1.480657634537143608e+01,1.701793713849644263e+01,2.021937054208856566e+01,2.411041712431662987e+01,2.778702366028030823e+01,2.899942342837944409e+01,2.274435350624390750e+01
9.342828899894679751e+01,9.359847058549529208e+01,9.409860670845911557e+01,9.489485203045862249e+01,9.592214635190767069e+01,9.707188271894929699e+01,9.817733944452585604e+01,9.900296471218334204e+01,9.924941286600473234e+01,9.859067880292356278e+01,9.675354620217528634e+01,9.362318951665422162e+01,8.932205726834358472e+01,8.420301256618910202e+01,7.875039944926949431e+01,7.345074234026161264e+01,6.870731998680150809e+01,6.483106486471153573e+01,6.210455248187079036e+01,6.092566017731474659e+01,6.209935846863537989e+01,6.735931396391779913e+01,7.779729841299682391e+01,7.397725636232148361e+01,5.111130535448684498e+01,4.222463882988508743e+01,4.172875553642840885e+01,4.492623947572034382e+01,4.975587180845582225e+01,5.214020421607398248e+01,4.605092877139372831e+01,3.323132334617356776e+01,2.176239615847712727e+01,1.445089504868698427e+01,1.023730863303803318e+01,7.823271493981365232e+00,6.415631709990665676e+00,5.587458425388969196e+00,5.109335344342902374e+00,4.851065129236042495e+00,4.727030789631969654e+00,4.648612027469112284e+00,4.318539912195551445e+00,4.625197069883268952e+00,4.972164860742567249e+00,5.350718119204545431e+00,5.756222855007542272e+00,6.219231585677508889e+00,7.067591937342410091e+00,1.342066822072869314e+01,8.518532526973743302e+00,7.145563875207172622e+00,6.946050583574924886e+00,7.111218049203182900e+00,7.520924141008089592e+00,7.495761807298850776e+00,6.693996374980359931e+00,5.953900277433010757e+00,5.676634599898711109e+00,5.919292614875926617e+00,6.739335731633310900e+00,7.686161676360803163e+00,7.233008189603951088e+00,5.958627999980992129e+00,5.277599334462790281e+00,5.237317045234646251e+00,5.687352561122804850e+00,6.579754137859583629e+00,7.759332546849185164e+00,8.495173882286643163e+00,7.953991211519495508e+00,6.949098471367576302e+00,6.597451127059771991e+00,7.118884484482479458e+00,8.463423911609757155e+00,1.048588494979569852e+01,1.256164233168735045e+01,1.356896803828233544e+01,1.332164514489795337e+01,1.290140924343762308e+01,1.308818558924201803e+01,1.390876741812862072e+01,1.490449029953182603e+01,1.533611015973089842e+01,1.458647661603338364e+01,1.265135055312720525e+01,1.006221618381506389e+01,7.355232203056849549e+00,4.783227720005256423e+00,2.363902406111639820e+00
9.645781616407577985e+01,9.632960112676941833e+01,9.592979436395945925e+01,9.521502381084447109e+01,9.412045943748655930e+01,9.257209687514513519e+01,9.050489790754767228e+01,8.788502767331381449e+01,8.473119868942180233e+01,8.112762015711930985e+01,7.722202809384658906e+01,7.320796457304608396e+01,6.929828949815679096e+01,6.570189212197949757e+01,6.261523771192242549e+01,6.023764314216118976e+01,5.882070829538316303e+01,5.877648153715423263e+01,6.090085646102951955e+01,6.669450530667219823e+01,7.671239761984307393e+01,7.573122115196288462e+01,5.515990450470050632e+01,4.529377391640696260e+01,4.494317428370666789e+01,4.859417073613089144e+01,5.222429555674970203e+01,4.975041686442606448e+01,3.875517156873138447e+01,2.608663889301050531e+01,1.707298302202426754e+01,1.169156268783055808e+01,8.585464550313437471e+00,6.766563419583670580e+00,5.680391722803634913e+00,5.030019479766378865e+00,4.654066815268620871e+00,4.461465393046671224e+00,4.397686005638190565e+00,4.425921684545630619e+00,4.512985094814370157e+00,4.604299682096102408e+00,4.456203149312642608e+00,4.775874601349028303e+00,5.112722015904669348e+00,5.453991840569760718e+00,5.799148109053930966e+00,6.247528045892458692e+00,8.248573810639946657e+00,1.019783942943299770e+01,6.724823050951589387e+00,6.332416784076244198e+00,6.379265395803201955e+00,6.733258922956197878e+00,6.958475568830568392e+00,6.435579964754579052e+00,5.740704174685484773e+00,5.429931017168243557e+00,5.587817663131389168e+00,6.219771084722813370e+00,6.962888927782939774e+00,6.705917992154075691e+00,5.716375466065826139e+00,5.141170848414455818e+00,5.129385339922243325e+00,5.567972712657276446e+00,6.382622113983682510e+00,7.350018529558166591e+00,7.796646540171936479e+00,7.268802013161801412e+00,6.581491052850907408e+00,6.546071554446242224e+00,7.322929928123911303e+00,8.841239285517543678e+00,1.074980688467416279e+01,1.215582347706329891e+01,1.240507228977854126e+01,1.208552611590094727e+01,1.198442089686979628e+01,1.217244079044781380e+01,1.221259234203908584e+01,1.163713875834175937e+01,1.037526842512006553e+01,8.760903143148935257e+00,7.169143993260518322e+00,5.782330064539831227e+00,4.602396691420618247e+00,3.534766194542404705e+00,2.456926869342845876e+00,1.279383149681878606e+00
7.650269614566107634e+01,7.630298165000012034e+01,7.570763957918642006e+01,7.472898900585408910e+01,7.339032067330053621e+01,7.172907646506455137e+01,6.979961384821157822e+01,6.767445608509665078e+01,6.544346798172870194e+01,6.321140376043331344e+01,6.109552577490997294e+01,5.922624663734682571e+01,5.775510539577126679e+01,5.687675363438571452e+01,5.687718018214680171e+01,5.823204087265376927e+01,6.178321192543906193e+01,6.879403994923114851e+01,7.833976029941396746e+01,7.592593150610026953e+01,5.829243518666496016e+01,4.976870540016265210e+01,5.000445309319809439e+01,5.269374015075640472e+01,5.136977854764508322e+01,4.199255544433431453e+01,2.926249313663673490e+01,1.926741568832156659e+01,1.300877396292509047e+01,9.322104955765396994e+00,7.138673571306009435e+00,5.815771788986312529e+00,5.000463740766347698e+00,4.499738261162244513e+00,4.205527734786818073e+00,4.055353290807572897e+00,4.011727858574854366e+00,4.050921341139024356e+00,4.156169356346461896e+00,4.312375072293139766e+00,4.499040232111473081e+00,4.669775363833805315e+00,4.596062999936334492e+00,4.893980241937989639e+00,5.181017411079924528e+00,5.444512178880900777e+00,5.709371098902304986e+00,6.336017895853829351e+00,1.428179774287818837e+01,6.586003588440436651e+00,5.827877614000520623e+00,5.758614151783348234e+00,6.024294963529664315e+00,6.396649207236948520e+00,6.187781273820702310e+00,5.564296799227452794e+00,5.205431664216797927e+00,5.268935285869491558e+00,5.733807429949400181e+00,6.328884697360292577e+00,6.251175114803708688e+00,5.508885540803221126e+00,5.013316101132858194e+00,5.006265908837681522e+00,5.409261775065599132e+00,6.126437392735972765e+00,6.908706562632516146e+00,7.197586965790414126e+00,6.767141216549887872e+00,6.324241096209703983e+00,6.497301970300939367e+00,7.420855121993685799e+00,8.965126492810981063e+00,1.059209306079176294e+01,1.143263524304839507e+01,1.135759906702451616e+01,1.105212832864437189e+01,1.084390233671610559e+01,1.051300828147849842e+01,9.779981901594258176e+00,8.676930841278407414e+00,7.496494183891922347e+00,6.529280837892182277e+00,5.950774127611890840e+00,5.869017776839124956e+00,6.398402152627569173e+00,7.682659490745780140e+00,9.767333445673042291e+00,1.197837008894043720e+01,1.099709312951393514e+01
6.045306501923574416e+01,6.034775801401757178e+01,6.003821669313055054e+01,5.954363680597865027e+01,5.889620494583952848e+01,5.814144130030319957e+01,5.733890702144945806e+01,5.656378005133313280e+01,5.591033879297005882e+01,5.549929091370994172e+01,5.549245738143747531e+01,5.612117892608709724e+01,5.773933624953587440e+01,6.091182747271608378e+01,6.648107777807230434e+01,7.496886169099153108e+01,8.217369361191842358e+01,7.524221077129547552e+01,6.134512959638961149e+01,5.574463861175309631e+01,5.509067871319721377e+01,5.192742981150442461e+01,4.232949353226779010e+01,3.003213306592608234e+01,2.012524706087149795e+01,1.368373277072780780e+01,9.770421408016204623e+00,7.397018603878180443e+00,5.927641017369989385e+00,4.998140984565280220e+00,4.403878053601117948e+00,4.028206770730713870e+00,3.802975553454335245e+00,3.687300322755127091e+00,3.656012794177587732e+00,3.693146437264260840e+00,3.788015858230364685e+00,3.932540809472129251e+00,4.118928093005114199e+00,4.336753022943784508e+00,4.567162154068427071e+00,4.762917468400862830e+00,4.689913247268185259e+00,4.929184880333126628e+00,5.130285454703164660e+00,5.293814929581897033e+00,5.525017103781582506e+00,7.643494194005495679e+00,7.380824474446145977e+00,5.448479295606767359e+00,5.241685075378343939e+00,5.404578372897361760e+00,5.814752268097034715e+00,5.914213828914083315e+00,5.420536014667797886e+00,5.011209291606554928e+00,4.977516923146829697e+00,5.297921305032504691e+00,5.774111054121355835e+00,5.836594351120849566e+00,5.317140588531499290e+00,4.891001602811484439e+00,4.874248760216282506e+00,5.228035134931630523e+00,5.845439576811751081e+00,6.481799911034269002e+00,6.695958663415724210e+00,6.379625549797451889e+00,6.114784127454386820e+00,6.416278693917210063e+00,7.402283358282424786e+00,8.877477717785730249e+00,1.019625292898391677e+01,1.065296569456675257e+01,1.041008876005081696e+01,1.000125776369975483e+01,9.512750212337216738e+00,8.790854896548461639e+00,7.848796249379629941e+00,6.919082710749679954e+00,6.290313310453599094e+00,6.263871494386052952e+00,7.350731975641267013e+00,1.079971603127840574e+01,1.890221870977457641e+01,2.564736141531563973e+01,1.728571950125292744e+01,8.943054834693153765e+00,4.539362348271891889e+00,1.957019980646745871e+00
5.468924557928759356e+01,5.469308162033171072e+01,5.471295198787701963e+01,5.477453660481415199e+01,5.492278774812836417e+01,5.522582406066198502e+01,5.578191186988698291e+01,5.673154290190369409e+01,5.827774885197209898e+01,6.071802402537876731e+01,6.448274659485859672e+01,7.011553983568887816e+01,7.782983294453261180e+01,8.536809211238180239e+01,8.495728868537793232e+01,7.432096359886539005e+01,6.470165105529815719e+01,5.846034027800453003e+01,5.042052841448096956e+01,3.902756127904410732e+01,2.762995904367329203e+01,1.897271373022386598e+01,1.324968190032760340e+01,9.639244034187166577e+00,7.363445646853284288e+00,5.904230307427571489e+00,4.949685968049221785e+00,4.316290011853851638e+00,3.895350709475442486e+00,3.621351920826865189e+00,3.453990272777640591e+00,3.367994158229214996e+00,3.347252064373906766e+00,3.381316154796598639e+00,3.463205273561875686e+00,3.587889648529785092e+00,3.751074358455031010e+00,3.947998139274733198e+00,4.171936118732300081e+00,4.411780328037395726e+00,4.646553339348113987e+00,4.824899815733729724e+00,4.693746423908063292e+00,4.844377777237851568e+00,4.942981673963631195e+00,5.025672187730667595e+00,5.463073982629862435e+00,1.261275911450050558e+01,5.271475608118003642e+00,4.823492564723030895e+00,4.878978460717497967e+00,5.242472620977278730e+00,5.579394066719844503e+00,5.297354659419206691e+00,4.853680072793531863e+00,4.722851527094751312e+00,4.918124283846248446e+00,5.291162784233560679e+00,5.446729080674195700e+00,5.127462928731207903e+00,4.772480599858108796e+00,4.739895105926972718e+00,5.038903833792184983e+00,5.563610158535792216e+00,6.089784605803716389e+00,6.274225054910854027e+00,6.062351620048323397e+00,5.922607424320247560e+00,6.293024480923136821e+00,7.281157092539269904e+00,8.642345797647820405e+00,9.694446885643316136e+00,9.895648049027494508e+00,9.516605655549126297e+00,8.951657472809525729e+00,8.246445767944109662e+00,7.398347840183805424e+00,6.565047054924944447e+00,6.007687896772084812e+00,6.068463531453927473e+00,7.421230871360484649e+00,1.164193938424712371e+01,1.809461642007097382e+01,1.462051094868015433e+01,8.097343172452253768e+00,4.685132341400177758e+00,2.921733507326496060e+00,1.861940285587748711e+00,1.121661184598510275e+00,5.310477172694061387e-01
6.290890962293813971e+01,6.311370933005552075e+01,6.374793162986430417e+01,6.487287033456657070e+01,6.659642895378040350e+01,6.907945828473468453e+01,7.253413656591192193e+01,7.718035177503359989e+01,8.304867005119550072e+01,8.935010984248063437e+01,9.325228301072459658e+01,9.027969667717130164e+01,8.012708400492562077e+01,6.769612265326661316e+01,5.520591650358731783e+01,4.269217752794823895e+01,3.131162598003165343e+01,2.233643843138830576e+01,1.596282350826043839e+01,1.167090301623004933e+01,8.827395795749870544e+00,6.935480141299499302e+00,5.659775360728280802e+00,4.786417691523192630e+00,4.181323197353470356e+00,3.760295386760614811e+00,3.469936795803629792e+00,3.275942351419802723e+00,3.155991144145020577e+00,3.095407571451547213e+00,3.084470614977075087e+00,3.116696933091178678e+00,3.187689013111727476e+00,3.294293063766395857e+00,3.433898579428551479e+00,3.603760695762114885e+00,3.800253131287445463e+00,4.017964516118199825e+00,4.248494441513117614e+00,4.478478406394970079e+00,4.684672292818947703e+00,4.812533974264376901e+00,4.579761872256571387e+00,4.632604281078012143e+00,4.645113525258848242e+00,4.728490443694721712e+00,6.811246764242584462e+00,5.725866694816494906e+00,4.509170373575499546e+00,4.443050671241177696e+00,4.712913683529573738e+00,5.164553614780231783e+00,5.162879453746493930e+00,4.732115957107230209e+00,4.506775665182615853e+00,4.591058316772822501e+00,4.870302278933480444e+00,5.072809583684978918e+00,4.925161103766861892e+00,4.650895375391694841e+00,4.604366256972591387e+00,4.848781072191443720e+00,5.291239040161022089e+00,5.734232425827956448e+00,5.909848882379642454e+00,5.784293138959439418e+00,5.729107826476054655e+00,6.124521402650673352e+00,7.074127885812120375e+00,8.309534312348487717e+00,9.153312046136797164e+00,9.177232266986267817e+00,8.677508662983868248e+00,7.982350225720002967e+00,7.179507298144571337e+00,6.366123442118154507e+00,5.739073892050727821e+00,5.579755620147630601e+00,6.412708435522973538e+00,9.467198998445503832e+00,1.457352859050224936e+01,1.211478281539551993e+01,6.924323691772116263e+00,4.200562677480313312e+00,2.801789300621126966e+00,1.972009369652649724e+00,1.407631576829471154e+00,9.785022060490700113e-01,6.217302532915081059e-01,3.028605301565567842e-01
9.553098122424030691e+01,9.581454335365719999e+01,9.659040686725217029e+01,9.759550419605098170e+01,9.826588022431666047e+01,9.759755996562645919e+01,9.418926798964793079e+01,8.685482030881573223e+01,7.572101926778600500e+01,6.251949228968436501e+01,4.940910410265827579e+01,3.785138637613533064e+01,2.846018693774907860e+01,2.126317815562969216e+01,1.596636256017087696e+01,1.216202196708087158e+01,9.460001847532584662e+00,7.543762820478572273e+00,6.178333977164274238e+00,5.197634545567897391e+00,4.487261816086896005e+00,3.969332333238684285e+00,3.590999532615868350e+00,3.316347679378917057e+00,3.120868434867418717e+00,2.987761037790015450e+00,2.905469052632358995e+00,2.866036654998449507e+00,2.863998909003773186e+00,2.895612426504601267e+00,2.958293572501191626e+00,3.050170040970934249e+00,3.169675785652037447e+00,3.315135379006584060e+00,3.484298014231246299e+00,3.673799940520994234e+00,3.878562228133186629e+00,4.091162558373328650e+00,4.301197321545413566e+00,4.494287461766166558e+00,4.648246022484259221e+00,4.709653537747660046e+00,4.353285173804044561e+00,4.327545994190917789e+00,4.303884184330186713e+00,4.618637431333960208e+00,1.039343664548455592e+01,4.359789908446232154e+00,4.098175336703646643e+00,4.259339676626194837e+00,4.705706402943388156e+00,4.985085371288566769e+00,4.653246798869914436e+00,4.340701634228794070e+00,4.322723454896514994e+00,4.516245567993926180e+00,4.728921589722556718e+00,4.716064627046590019e+00,4.532080039318209685e+00,4.479282530652939798e+00,4.672947654071901269e+00,5.044522727415268193e+00,5.424422177946541801e+00,5.600099875667041260e+00,5.542545619316419092e+00,5.542185066687910222e+00,5.931560989331375211e+00,6.817172901670343066e+00,7.932186113473305156e+00,8.621497464667926991e+00,8.519395558064912777e+00,7.923439827042755290e+00,7.149416345830306163e+00,6.334211112736309879e+00,5.616507811507720049e+00,5.196063994752875281e+00,5.397357047665951590e+00,6.965975525760315534e+00,1.095919659675912428e+01,1.205118482251503664e+01,7.473244693574687680e+00,4.501766552971364632e+00,3.023320902108650454e+00,2.194049815263898751e+00,1.658206526706695882e+00,1.268823155658582724e+00,9.582859452837100278e-01,6.920024596149154661e-01,4.506486187364822094e-01,2.225633034615537298e-01
4.899583164612450759e+01,4.825805708796239912e+01,4.610212355989027344e+01,4.270577858895088497e+01,3.837026832856532366e+01,3.349341520035776654e+01,2.850142410029133799e+01,2.376364210608548078e+01,1.953191829644680411e+01,1.592715356319737197e+01,1.296395359128179692e+01,1.058984737049883940e+01,8.720756759150539494e+00,7.265459524331263630e+00,6.139286516053288345e+00,5.270072060466080011e+00,4.599465374511013671e+00,4.081889396926641211e+00,3.682564702860391392e+00,3.375369379578008200e+00,3.140896275374527313e+00,2.964837428178268564e+00,2.836707901480417515e+00,2.748869634311157384e+00,2.695799121832376244e+00,2.673542433200648549e+00,2.679307197973535004e+00,2.711148648890615576e+00,2.767713278798888954e+00,2.848008394899070872e+00,2.951169076092119425e+00,3.076196914528162019e+00,3.221649786937963444e+00,3.385272746024492463e+00,3.563582890374439316e+00,3.751462646812053769e+00,3.941878472910631537e+00,4.125903231733774490e+00,4.293170294761250005e+00,4.432304829637867982e+00,4.527910790031075550e+00,4.532059548754485689e+00,4.048791668894291540e+00,3.984609013887374651e+00,4.006446966897126316e+00,5.805593915029749752e+00,4.726332389096643993e+00,3.844541557574654433e+00,3.884137965439515838e+00,4.245642110550074122e+00,4.711412634803813226e+00,4.593076314229938006e+00,4.219645824087159269e+00,4.102966023708054522e+00,4.215673753733040208e+00,4.411008196929177672e+00,4.490796937802765676e+00,4.401944880043329178e+00,4.357002683537203325e+00,4.507347536372996899e+00,4.818261877302343343e+00,5.148174417370343647e+00,5.325229377737694669e+00,5.318732228032518883e+00,5.351587989249084742e+00,5.713323628675426313e+00,6.518170608062057170e+00,7.523350846776322598e+00,8.104966208497078384e+00,7.920334472831314088e+00,7.261042792535654655e+00,6.454345434078034849e+00,5.670093859448533280e+00,5.055040740931526777e+00,4.802476661987586937e+00,5.280513066731284511e+00,7.351386697802375636e+00,1.083207254207690973e+01,9.025836469846204579e+00,5.410390105270456829e+00,3.503736852305550098e+00,2.517649324235637920e+00,1.931564568817423222e+00,1.534481199949500052e+00,1.235029253236508140e+00,9.888479099829927677e-01,7.721515207115725588e-01,5.713058152376437882e-01,3.783267850852034542e-01,1.886897412804788843e-01
1.247407554532797747e+01,1.233161079930118476e+01,1.191949334672953675e+01,1.128036573199503501e+01,1.047566147889044075e+01,9.574235284594067252e+00,8.641394819089565971e+00,7.730921830491443991e+00,6.881228976535425090e+00,6.115296024961480725e+00,5.443111129051469987e+00,4.865177580869817220e+00,4.375990592323509176e+00,3.966887583343869927e+00,3.628088528312756189e+00,3.349990067908159563e+00,3.123880059125294650e+00,2.942252389619692821e+00,2.798873161668458120e+00,2.688708936219041945e+00,2.607790402347665015e+00,2.553055748988497520e+00,2.522197467693598760e+00,2.513522715028537746e+00,2.525828718433231757e+00,2.558289256335077866e+00,2.610344648674267631e+00,2.681585095549288145e+00,2.771615239771951789e+00,2.879886757927585528e+00,3.005486714158944750e+00,3.146874682143263602e+00,3.301575212773655288e+00,3.465859661867476404e+00,3.634498386947848658e+00,3.800731438376703242e+00,3.956675234504736238e+00,4.094390176416751181e+00,4.207611395804566889e+00,4.293214442446613432e+00,4.347680348730897926e+00,4.329346401620282059e+00,3.718212594634051626e+00,3.664385164390782101e+00,3.909070660184088553e+00,9.000896464607087921e+00,3.733296457092616372e+00,3.588614130066114516e+00,3.833408207947663904e+00,4.340173906617039279e+00,4.513198847534482638e+00,4.144570616085485604e+00,3.930402587428571959e+00,3.964820696244308884e+00,4.125486395570465703e+00,4.256792655905572431e+00,4.256621885011934836e+00,4.235866160401369207e+00,4.353405490577810788e+00,4.613213495284984589e+00,4.902404999128129326e+00,5.079525742752077910e+00,5.110031816301607854e+00,5.160987947946127363e+00,5.481203939502732325e+00,6.194232695337253958e+00,7.099309210387660940e+00,7.612244900956821603e+00,7.384426234979390991e+00,6.693429157621100245e+00,5.884611380138549563e+00,5.146049511405448307e+00,4.617755243653309805e+00,4.481830443584344792e+00,5.126463874725151193e+00,7.375606355324659802e+00,9.780704324724620591e+00,7.141679038283688108e+00,4.395569054355052963e+00,3.005862461388830731e+00,2.264144662460121360e+00,1.809944207964453433e+00,1.495549589040034988e+00,1.254545112277738461e+00,1.053190353841371163e+00,8.723413067169616397e-01,7.002506916319761743e-01,5.296259186966745247e-01,3.564746862099843483e-01,1.795899966264169478e-01
5.292440471379666889e+00,5.258672481893622574e+00,5.160170889007398287e+00,5.004860280645084814e+00,4.804475614629089009e+00,4.572774263452683563e+00,4.323708211997079331e+00,4.069927630453696210e+00,3.821824672311691096e+00,3.587145848130246506e+00,3.371067347735601238e+00,3.176566654766033171e+00,3.004926562518317468e+00,2.856247413664592116e+00,2.729893334922195436e+00,2.624841188931315017e+00,2.539930129565948214e+00,2.474025325296824729e+00,2.426115077519863661e+00,2.395360134440194244e+00,2.381110594879554121e+00,2.382901402963055748e+00,2.400433103107857402e+00,2.433540667286393511e+00,2.482149883138007329e+00,2.546217934285133211e+00,2.625652399749378585e+00,2.720201170590386130e+00,2.829305411213978161e+00,2.951910107769761815e+00,3.086234423395461945e+00,3.229520671348284910e+00,3.377810494237998284e+00,3.525842466762996175e+00,3.667222523643376419e+00,3.795066751895437296e+00,3.903308182856846109e+00,3.988721267177819385e+00,4.053347872093460147e+00,4.106058163831405317e+00,4.157789867389150018e+00,4.171765744980260315e+00,3.410140129261507447e+00,3.426043378314513888e+00,4.781459426951073510e+00,4.123167585854714545e+00,3.381286949420991839e+00,3.496447583706596696e+00,3.930057742795312059e+00,4.358975082464677797e+00,4.115291982711544172e+00,3.808987881593184355e+00,3.763648219311876986e+00,3.879903953095698022e+00,4.029252672153749160e+00,4.100224977629485679e+00,4.117369402381276799e+00,4.215052548973297064e+00,4.432830399705567359e+00,4.688169397116581649e+00,4.863455218013390535e+00,4.920121108941755139e+00,4.979492447325761795e+00,5.251195698426158742e+00,5.865961632404914639e+00,6.676858238899763265e+00,7.151466914683657805e+00,6.915611490927364713e+00,6.218922894788692091e+00,5.424512167464012435e+00,4.731292283618615535e+00,4.267607249460869667e+00,4.199447496041286421e+00,4.904376038966473672e+00,7.083789617864011845e+00,8.674344094149176954e+00,6.056206894444859934e+00,3.847016084604204522e+00,2.734919037292105060e+00,2.132880920913182710e+00,1.761596071923920981e+00,1.504940983481217742e+00,1.309450573593873290e+00,1.147005015507795989e+00,1.000571857335552650e+00,8.583444163870468380e-01,7.114209464783805004e-01,5.533594800557706250e-01,3.808470569164001951e-01,1.946836085684688911e-01
3.280794711595891311e+00,3.269637656730939312e+00,3.236915503117265835e+00,3.184773373119664797e+00,3.116470540393212474e+00,3.035981684570665529e+00,2.947563605689618171e+00,2.855364493921230817e+00,2.763129203068181994e+00,2.674022748129267768e+00,2.590566162433460828e+00,2.514660505723775863e+00,2.447667670089881398e+00,2.390518364849625321e+00,2.343824409133765663e+00,2.307980647324925361e+00,2.283249050717806039e+00,2.269822791467557277e+00,2.267871128603560216e+00,2.277567189486262578e+00,2.299100677365828460e+00,2.332676655536813914e+00,2.378500201947186810e+00,2.436745141436003070e+00,2.507503455889403821e+00,2.590710628204673238e+00,2.686041601152666658e+00,2.792773153523930851e+00,2.909612871280720103e+00,3.034504833536511015e+00,3.164440477962693343e+00,3.295332115644200588e+00,3.422045211678481635e+00,3.538724834316053780e+00,3.639569625647776085e+00,3.720170126343291805e+00,3.779414599181629697e+00,3.821804902169345652e+00,3.859891171225815487e+00,3.916130746653467831e+00,4.019102357056891783e+00,4.141550912264313489e+00,3.157087573485750642e+00,3.363464399229698643e+00,8.119082416729028751e+00,3.311739410238545567e+00,3.235062232444774200e+00,3.542100014111482231e+00,4.075651454377626770e+00,4.097556545708513909e+00,3.732454276342478394e+00,3.602343240705585536e+00,3.667618065120303861e+00,3.810058290582452045e+00,3.926934326534126107e+00,3.988145704893630850e+00,4.080907152144508387e+00,4.266488669693146996e+00,4.493612825331072536e+00,4.665072298677053197e+00,4.739254007629289944e+00,4.800569485936101444e+00,5.021144096987062433e+00,5.533783837412043383e+00,6.250534740243751664e+00,6.707968670271258205e+00,6.497460743812800033e+00,5.818625650855246967e+00,5.047827419448291941e+00,4.393792055316625422e+00,3.973111132627549225e+00,3.930901378295637016e+00,4.608100666729941786e+00,6.581252439040707891e+00,7.763861389325321660e+00,5.411452384040860153e+00,3.528659515581855644e+00,2.579165968749330684e+00,2.065868488621913635e+00,1.753248796899065098e+00,1.542614088931570926e+00,1.388385816313009169e+00,1.266519569727253547e+00,1.161990533486956245e+00,1.063079481599682463e+00,9.584000403128456469e-01,8.356323510358754092e-01,6.823241435788052200e-01,4.895000099281010542e-01,2.574628444211191081e-01
2.520033572766167129e+00,2.515655505494396316e+00,2.502792711110635171e+00,2.482230369633753320e+00,2.455185993247999132e+00,2.423191005306413182e+00,2.387956202302965458e+00,2.351242080358961761e+00,2.314750557052036584e+00,2.280047600125656437e+00,2.248518989375281052e+00,2.221355663153135040e+00,2.199561680631201277e+00,2.183976722788871783e+00,2.175305652909953480e+00,2.174149169082784105e+00,2.181031307873504410e+00,2.196421025596506649e+00,2.220746051854138869e+00,2.254397619441850242e+00,2.297724576734894164e+00,2.351014896170755542e+00,2.414461864987793582e+00,2.488111514031066118e+00,2.571787480135268034e+00,2.664990128796895785e+00,2.766769384760814354e+00,2.875576790507294866e+00,2.989113660011311069e+00,3.104210431206599896e+00,3.216797406682481153e+00,3.322054729522050387e+00,3.414848072291154502e+00,3.490546799153593227e+00,3.546265484925137379e+00,3.582477662381822192e+00,3.604897935471096382e+00,3.626668464798565861e+00,3.671366778155749078e+00,3.777870580639475229e+00,4.004178754485443470e+00,4.359716283366788403e+00,2.988620955147869296e+00,3.924012650343278175e+00,3.806151514689304349e+00,3.062282881608635599e+00,3.226335416836212389e+00,3.707994085464472178e+00,4.041555420670106535e+00,3.710320715719450657e+00,3.487201725676825070e+00,3.495235743648494875e+00,3.615525093634253118e+00,3.753868604042631674e+00,3.855502093836604693e+00,3.956553185800670835e+00,4.120082181383255104e+00,4.324099168747497224e+00,4.490564091545534708e+00,4.576279813275951902e+00,4.636448817194982475e+00,4.808333086745896878e+00,5.220235525573135860e+00,5.839698343174070772e+00,6.289098045761565281e+00,6.130782456125771773e+00,5.488936965473600438e+00,4.745502757999209287e+00,4.122532518090560316e+00,3.727836477682533456e+00,3.683665954339676585e+00,4.280778784762606648e+00,6.002875725225598202e+00,7.074258643069741836e+00,5.041264298971603885e+00,3.352189784934567207e+00,2.497253643620234165e+00,2.041859834910186855e+00,1.773261722375996108e+00,1.602473704240769958e+00,1.489626610306771237e+00,1.415394137347236736e+00,1.369603393873708441e+00,1.345626325531668055e+00,1.336116333767489728e+00,1.327863907086579420e+00,1.294810780431188135e+00,1.191425628853481911e+00,9.566605568258834680e-01,5.473818498356930462e-01
2.185842089067957517e+00,2.184157607665815348e+00,2.179228619674855594e+00,2.171418144293935093e+00,2.161298441740333587e+00,2.149607465733938128e+00,2.137197708215077263e+00,2.124984434000287692e+00,2.113899298684529526e+00,2.104853409983697965e+00,2.098711631900418428e+00,2.096277880218666567e+00,2.098289655073237725e+00,2.105419205119418713e+00,2.118278432683839974e+00,2.137424739647963978e+00,2.163365266104355644e+00,2.196557208147065232e+00,2.237401999858124046e+00,2.286231060768995071e+00,2.343280571019357161e+00,2.408652455054682839e+00,2.482258659888092467e+00,2.563746303788017045e+00,2.652402980721957348e+00,2.747045355400423716e+00,2.845901326569122425e+00,2.946507550310806245e+00,3.045660217138934645e+00,3.139475580857875592e+00,3.223631593850317945e+00,3.293861786523843982e+00,3.346744130486223323e+00,3.380768050338156527e+00,3.397600351585372547e+00,3.403485624711477531e+00,3.410942854474463548e+00,3.441542740957692637e+00,3.531875227974401454e+00,3.747336156617508962e+00,4.209294952098618481e+00,5.056566725236955051e+00,2.953013302103213444e+00,6.821387462723427220e+00,3.041638714116501330e+00,2.991285085044836922e+00,3.339251535600173959e+00,3.859550256686938852e+00,3.730290199869212842e+00,3.416911217542661916e+00,3.358235003850063016e+00,3.446189961184797923e+00,3.585660699678561159e+00,3.715674292742376927e+00,3.833507134259894755e+00,3.985819419924863105e+00,4.172272954267652878e+00,4.333462276995936335e+00,4.426431434165967183e+00,4.483877205426267665e+00,4.611815551201803309e+00,4.927940194626390102e+00,5.445217405673064448e+00,5.883932136688585501e+00,5.798941647321798065e+00,5.213798239433531378e+00,4.501120591263763515e+00,3.901915332815397708e+00,3.520378136737467578e+00,3.456470730996963336e+00,3.946217131311069437e+00,5.404255235317679151e+00,6.518287893055929594e+00,4.839075400783166003e+00,3.266592303929871655e+00,2.463864176447194687e+00,2.047639801859524322e+00,1.816282239008792931e+00,1.687983386079638937e+00,1.634336501413702347e+00,1.670700064468944035e+00,2.049460703822680863e+00,1.320071191072771377e+01,2.032099517687813162e+00,2.168640806100774476e+00,2.626937137237983499e+00,3.382035817966344560e+00,4.446707537745964167e+00,5.452844380694532589e+00,4.765889053371729744e+00
2.038756191586499344e+00,2.038393729851284419e+00,2.037374843516803757e+00,2.035900644269261761e+00,2.034292326627396008e+00,2.032972228449159147e+00,2.032440953134306838e+00,2.033253257333855757e+00,2.035995143896185411e+00,2.041263959341654832e+00,2.049652459700035401e+00,2.061736958917570472e+00,2.078068943341937480e+00,2.099168987608734938e+00,2.125521439815880598e+00,2.157568110776597603e+00,2.195699040043264105e+00,2.240238266712313298e+00,2.291422385645924820e+00,2.349369555869829096e+00,2.414036666480590121e+00,2.485162791562123275e+00,2.562198268504345400e+00,2.644221281192971063e+00,2.729848433928405704e+00,2.817153148722661982e+00,2.903616029585964764e+00,2.986143569235322204e+00,3.061202332195211984e+00,3.125118522919190234e+00,3.174579073698313714e+00,3.207334591523802736e+00,3.223054755954279926e+00,3.224257063847579818e+00,3.217285588060980750e+00,3.213550744951088056e+00,3.231796376064399734e+00,3.303389350378871381e+00,3.485674981140141071e+00,3.896988438105153385e+00,4.809616796740745492e+00,6.794225604283665731e+00,3.239236340068796238e+00,3.750032973078276655e+00,2.846452364383422751e+00,3.033524138318177688e+00,3.535117201156934286e+00,3.741778817610963426e+00,3.392213346229655535e+00,3.253531561824973828e+00,3.301051382909991894e+00,3.427039391440644955e+00,3.569312147934300405e+00,3.704315967686788724e+00,3.854968212779752434e+00,4.030340942638832580e+00,4.187487349701801698e+00,4.285275592203863226e+00,4.339593182098511193e+00,4.429608234307247372e+00,4.658121441367246263e+00,5.069534935429553357e+00,5.483916752224660129e+00,5.483868566241434372e+00,4.976958027334665857e+00,4.300841300401958556e+00,3.720240809564923090e+00,3.342930773354191309e+00,3.249690188748588504e+00,3.623718146560928055e+00,4.817543521341005608e+00,6.009767048500225251e+00,4.738142243695531164e+00,3.245439806158612051e+00,2.469514794673144387e+00,2.090097381659061782e+00,1.935728031465455690e+00,2.251935678853655975e+00,3.943055155042540783e+00,1.820738000835575576e+00,1.849213910385638648e+00,2.078649811353505683e+00,2.579831703462276415e+00,3.668311393699763556e+00,6.305872694749381502e+00,1.338821860804944031e+01,2.252189121342561506e+01,1.244618642022333788e+01,4.946597423151000150e+00,1.838793509678438021e+00
1.990844198788144226e+00,1.991234975251254813e+00,1.992450375322674105e+00,1.994617441645818445e+00,1.997940934896891285e+00,2.002693705530256274e+00,2.009204713170775758e+00,2.017845828168884914e+00,2.029018454809961014e+00,2.043140746914429151e+00,2.060635804286903294e+00,2.081920808942672174e+00,2.107396638294067870e+00,2.137437112878659562e+00,2.172376712564272339e+00,2.212495329100017116e+00,2.257998418556939058e+00,2.308990800292709533e+00,2.365442389306138260e+00,2.427144485172361144e+00,2.493656106172248421e+00,2.564241592507898737e+00,2.637803735027688390e+00,2.712821428702216764e+00,2.787307457307819369e+00,2.858809937286976854e+00,2.924488315154427642e+00,2.981297924942538646e+00,3.026310739516513415e+00,3.057179552157873736e+00,3.072719547079083569e+00,3.073548646751211866e+00,3.062726597195830625e+00,3.046407491703462256e+00,3.034728280606713291e+00,3.043596224405442641e+00,3.099003830424962302e+00,3.247995361838995620e+00,3.588011274561841990e+00,4.352838963860228283e+00,6.196540811327066578e+00,1.113964463037965302e+01,4.714396328620895638e+00,2.888449894076960955e+00,2.818647186601930255e+00,3.180791174316310865e+00,3.652751126013020766e+00,3.424353182111516958e+00,3.190119088731679931e+00,3.187015850294261377e+00,3.290536367759799852e+00,3.431737989186478544e+00,3.578304419151279170e+00,3.733016960772839177e+00,3.903342697705980413e+00,4.058391865491306483e+00,4.159869139413896022e+00,4.211676900656469158e+00,4.271025337728673321e+00,4.423979776848119272e+00,4.731787181096636097e+00,5.102597166449340804e+00,5.184191707717089592e+00,4.774822558016944996e+00,4.142880344931088032e+00,3.577341331182071205e+00,3.198610650235556019e+00,3.073847192492573654e+00,3.340494023155493597e+00,4.289337186730035612e+00,5.519993319621785410e+00,4.714130524293058677e+00,3.297929779815000906e+00,2.567152519132220867e+00,2.733167016140891636e+00,3.001755405701334034e+00,1.881702204428159497e+00,1.811785250890185495e+00,1.877721109736252281e+00,2.081368795335003519e+00,2.531880614173975808e+00,3.554309150434264986e+00,6.172620135473927405e+00,1.254803099310659675e+01,1.279641617946201038e+01,5.697119659996618957e+00,2.702483604749039703e+00,1.470402966696782165e+00,8.156881685110528579e-01,3.714859767519174127e-01
2.000339746226142967e+00,2.001200192383545406e+00,2.003810714086728950e+00,2.008257579866157272e+00,2.014680407249813676e+00,2.023266269747825419e+00,2.034242072565572990e+00,2.047865658217329354e+00,2.064416039101368838e+00,2.084182999365491451e+00,2.107456085164438608e+00,2.134512738974414514e+00,2.165605058829800367e+00,2.200944404316462766e+00,2.240682855878639579e+00,2.284890398933514533e+00,2.333526706646660287e+00,2.386406628342996328e+00,2.443159099111347210e+00,2.503180374152091936e+00,2.565584508306950617e+00,2.629157082794253419e+00,2.692322411124437043e+00,2.753139520191760781e+00,2.809347048067079022e+00,2.858479732009455709e+00,2.898076303899199679e+00,2.925987282968134373e+00,2.940770633515898957e+00,2.942138686863515762e+00,2.931405054707780788e+00,2.911897831915766233e+00,2.889382090234127176e+00,2.872703390375297428e+00,2.875195174131128795e+00,2.918112444601983491e+00,3.039222582961964569e+00,3.315350361947966285e+00,3.927374258229177073e+00,5.375897330692769316e+00,9.336376190995189006e+00,2.231562041534274243e+01,4.129799986955018376e+00,2.706355676296734458e+00,2.887638687590898812e+00,3.381326383877203412e+00,3.480193997446967558e+00,3.167913758445384254e+00,3.098876040203890625e+00,3.172294692132171523e+00,3.301635323993024063e+00,3.449657713126130787e+00,3.608154473613311986e+00,3.778502230698888020e+00,3.935118281040306254e+00,4.041125563713565683e+00,4.091739112387249300e+00,4.126982114492605547e+00,4.216562355281139318e+00,4.426916489666899324e+00,4.734168434832564110e+00,4.879521952216459013e+00,4.585344036343119711e+00,4.011786573954712054e+00,3.461764042350612414e+00,3.078265243195155154e+00,2.922047575204456127e+00,3.093283383614608972e+00,3.821201273539931442e+00,5.008233464413769376e+00,4.725984826491780311e+00,3.565393493517898804e+00,1.177625098422332428e+01,2.306715252679225614e+00,1.972238947331139691e+00,1.876588064771778086e+00,1.892088418603754540e+00,2.018517417338105968e+00,2.318484599079428943e+00,2.982251277428060732e+00,4.588008497797191332e+00,8.634748325317387341e+00,1.136292602831334619e+01,5.878297448203085196e+00,2.951005672789008827e+00,1.828741009203171952e+00,1.300409784895606435e+00,9.767784282364799786e-01,7.003423739042169416e-01,3.822366852955338956e-01
2.045102387741004613e+00,2.046257568400799975e+00,2.049742845950563996e+00,2.055616479369548610e+00,2.063972447510020736e+00,2.074935897260477002e+00,2.088656986621484357e+00,2.105303255204615809e+00,2.125050591963750790e+00,2.148072759217778405e+00,2.174529285632331721e+00,2.204551378727903632e+00,2.238225356679357514e+00,2.275572995600982917e+00,2.316528181461097180e+00,2.360909414355560898e+00,2.408388132997663078e+00,2.458453634097179652e+00,2.510376699412342205e+00,2.563176040931502975e+00,2.615594365675510957e+00,2.666094050415823702e+00,2.712885495041339468e+00,2.754003002066007788e+00,2.787441742656904253e+00,2.811363109071174371e+00,2.824363592526668576e+00,2.825786089847615035e+00,2.816038533631959329e+00,2.796884054764792182e+00,2.771693416890375072e+00,2.745718568460753239e+00,2.726575490687688230e+00,2.725367660030331152e+00,2.759409898806919337e+00,2.858878166400624643e+00,3.083759491161730537e+00,3.571061717296264426e+00,4.684777380883842213e+00,7.580042096557693121e+00,1.666157140153148219e+01,4.332926251367437942e+01,2.893906827210923627e+00,2.693528721608084986e+00,3.039020914350598623e+00,3.456910877763064160e+00,3.199938684127912047e+00,3.042548900847408255e+00,3.076868777284169632e+00,3.187555334088298942e+00,3.328157490007543906e+00,3.485353815921077292e+00,3.656928751519228360e+00,3.818512627263792591e+00,3.931170098931524581e+00,3.982686113484401602e+00,4.000175207876655037e+00,4.039039612349426989e+00,4.163261326775091753e+00,4.393394881724410617e+00,4.571597448800046593e+00,4.399398745031257718e+00,3.902450878019614322e+00,3.372095214201309421e+00,2.982583850672937409e+00,2.797512359138654148e+00,2.890082837976770680e+00,3.436092648165189889e+00,4.528356205417494174e+00,5.107296879136002943e+00,4.931781420658820636e+00,2.713062208738170611e+00,2.208390389099934570e+00,1.999727513916671473e+00,1.937578926116367839e+00,1.984130690229890526e+00,2.155912130438664143e+00,2.538886926040728742e+00,3.388804331610639764e+00,5.455841743170997127e+00,9.479097647436397267e+00,8.290174252859038972e+00,6.088288164040034367e+00,1.473151128189861225e+01,2.122781403592521876e+00,1.115545005042495319e+00,7.539088678552352540e-01,5.243145008611449498e-01,3.374281953692381819e-01,1.661647991415660108e-01
2.109739852661740578e+00,2.111054834854086959e+00,2.115011416685574908e+00,2.121643629954017563e+00,2.131005287696519090e+00,2.143165641658861809e+00,2.158203318548013172e+00,2.176198511168236926e+00,2.197223348426236011e+00,2.221330300638824085e+00,2.248538408611122641e+00,2.278817081035389158e+00,2.312067220502855847e+00,2.348099562678318541e+00,2.386610409908818120e+00,2.427155487608279039e+00,2.469123532911621233e+00,2.511712507465757582e+00,2.553913015845621359e+00,2.594505479645725643e+00,2.632079506092632748e+00,2.665085022172419826e+00,2.691924122281652565e+00,2.711089081535378309e+00,2.721344914919554547e+00,2.721944800763420602e+00,2.712856454029521913e+00,2.694972575668963533e+00,2.670286115189934861e+00,2.642038736683915978e+00,2.614905925639277040e+00,2.595377975699353357e+00,2.592673868369965717e+00,2.620914407920182931e+00,2.704278369058310538e+00,2.889741643491317014e+00,3.281269722404012157e+00,4.143331329535437924e+00,6.266206083993042242e+00,1.246465728025594188e+01,3.220802313850179388e+01,4.935538492086980256e+01,2.636915113339932670e+00,2.765808592550444978e+00,3.226790785659527927e+00,3.278764950314605464e+00,3.025699483909005671e+00,3.005496823950992713e+00,3.091853439213321231e+00,3.218728203932164078e+00,3.367660432803076809e+00,3.536948822205820964e+00,3.705124442927509865e+00,3.827708379203831335e+00,3.883214726103101366e+00,3.888814855236821799e+00,3.888574836219027553e+00,3.940395909259719609e+00,4.088798211528454907e+00,4.264256547343081571e+00,4.205052721604207733e+00,3.805482028543161199e+00,3.304240791752399709e+00,2.909637290219346806e+00,2.699510550370276540e+00,2.733185314819142064e+00,3.165115519751582340e+00,4.663942206086336029e+00,5.471876306070977414e+00,3.705962816814745153e+00,2.733851499322925704e+00,2.258933374847749143e+00,2.057430025250261973e+00,2.011008299549010836e+00,2.085819131963995154e+00,2.307909362447957413e+00,2.793094294206355244e+00,3.902748698909153102e+00,6.916665026479851264e+00,1.835723867313855351e+01,6.261383758869564886e+00,2.966091264540493544e+00,1.793769572511028088e+00,1.284837522588899716e+00,1.001003193942362479e+00,8.015694179724031088e-01,6.339778036256293881e-01,4.763815731582798918e-01,3.196501596094414310e-01,1.607886500901711813e-01
2.181104619907403563e+00,2.182454353399565505e+00,2.186507075333032901e+00,2.193272441805538264e+00,2.202763513392635986e+00,2.214992185629505173e+00,2.229962747198044326e+00,2.247663515384168420e+00,2.268056485157821101e+00,2.291064932416253530e+00,2.316558954742653498e+00,2.344339044875176636e+00,2.374118012523207533e+00,2.405501945740651237e+00,2.437971480683609471e+00,2.470865461302995669e+00,2.503370111791236585e+00,2.534518029080889967e+00,2.563202416962351293e+00,2.588212643001430724e+00,2.608296848215907460e+00,2.622255347284641047e+00,2.629064475268938494e+00,2.628024523294403281e+00,2.618918713450790747e+00,2.602165428067715336e+00,2.578946909138690735e+00,2.551308467768254040e+00,2.522246517028914337e+00,2.495845643128502545e+00,2.477594979500885586e+00,2.475145413480495105e+00,2.500059511648244914e+00,2.571840844249861924e+00,2.727588562307414755e+00,3.047005362907539983e+00,3.724752614103543635e+00,5.311178622245682490e+00,9.640403888225890228e+00,2.321663784988608015e+01,4.921587177583550954e+01,3.879283869438139476e+01,2.603406299556887404e+00,2.898255769742452692e+00,3.287750690854540636e+00,3.058374168362831824e+00,2.958570393890802563e+00,3.012962688157072577e+00,3.121594920749148905e+00,3.255769003449948684e+00,3.415115494011389252e+00,3.587263027236642365e+00,3.723396873911499760e+00,3.787590980156974041e+00,3.787194488002643133e+00,3.757957237287290475e+00,3.751101130989953347e+00,3.820798111917511619e+00,3.961714492749535133e+00,3.988457044035365051e+00,3.704319909236353237e+00,3.248934379636081449e+00,2.854118127014759754e+00,2.625957267919498683e+00,2.639892850960645632e+00,3.451207427860314425e+00,4.708220707553733675e+00,4.383989176431213330e+00,3.767873236686281047e+00,2.845786621560464358e+00,2.339398917648316534e+00,2.131455334068244056e+00,2.102224385874640333e+00,2.224252207452692698e+00,2.570485819804990690e+00,3.555827954432566607e+00,9.944365264450350850e+00,6.115293115756726294e+00,7.397517792118790680e+00,4.746176156477943664e+00,2.597582128747832897e+00,1.733613641588771515e+00,1.341016227566682595e+00,1.115312623562147998e+00,9.507898737043496418e-01,8.055468157007528163e-01,6.610540367944617302e-01,5.090940783700093064e-01,3.470971825812463329e-01,1.761910107408337645e-01
2.247899464130886926e+00,2.249159028652969461e+00,2.252932875800839341e+00,2.259205531210661810e+00,2.267948088203008972e+00,2.279113539296973023e+00,2.292630260661987496e+00,2.308393694310073574e+00,2.326256328592979372e+00,2.346016178601917357e+00,2.367404136518647118e+00,2.390070823265832978e+00,2.413573950946201752e+00,2.437367714465399349e+00,2.460796359524231036e+00,2.483094766449034374e+00,2.503399518660187617e+00,2.520774274524151259e+00,2.534253027113342327e+00,2.542903673822372035e+00,2.545911965786240572e+00,2.542682391456230206e+00,2.532948426086611970e+00,2.516881110344626471e+00,2.495184023566254794e+00,2.469166607822503856e+00,2.440798504096697297e+00,2.412766872197869006e+00,2.388589608188862456e+00,2.372888928463456892e+00,2.372028580600571424e+00,2.395538024292998003e+00,2.459295438847552973e+00,2.592935669064333482e+00,2.858414383607998932e+00,3.401546144972533714e+00,4.614677164879021909e+00,7.728359037958498767e+00,1.705916512813459107e+01,4.105125120825901064e+01,4.828174667249387397e+01,3.159813971000214750e+01,2.652352281488690178e+00,3.059240369701687889e+00,3.144262008061327052e+00,2.947217492342990575e+00,2.955149760947617388e+00,3.041987811110069551e+00,3.158238490103570939e+00,3.300320548159851874e+00,3.468380477083177205e+00,3.618708725568819951e+00,3.697016610159920003e+00,3.696848308331301958e+00,3.647696339106110131e+00,3.595463999832593238e+00,3.595904127654048210e+00,3.682173601007265873e+00,3.754910695501378903e+00,3.591171100945600436e+00,3.203446173544299835e+00,2.818890034253052068e+00,2.594105126269474759e+00,2.858019948905643481e+00,4.693919508498356485e+00,3.380251773211973010e+00,3.974563066443992376e+00,3.839212541065384343e+00,2.999832743579333716e+00,2.450594238556880189e+00,2.233415666233296015e+00,2.242949430235741115e+00,2.517263375164824346e+00,3.742083276488605836e+00,6.988049174024357768e+00,3.596294254468856977e+00,5.094819861092925173e+00,6.570761829337135040e+00,4.359820052651985911e+00,2.534774900175484902e+00,1.790425717286070473e+00,1.457862862438497054e+00,1.272367825181519585e+00,1.139049490998189640e+00,1.018704030386707871e+00,8.925156651531374052e-01,7.507004637310021877e-01,5.888125611049010999e-01,4.066854009200038256e-01,2.080694980246544645e-01
2.298710332312881022e+00,2.299760255731464476e+00,2.302897246951085553e+00,2.308082116676302142e+00,2.315246731192055485e+00,2.324289868319451280e+00,2.335071600496974042e+00,2.347406433613286048e+00,2.361055561412639392e+00,2.375718779374502709e+00,2.391026850028010742e+00,2.406535427699063590e+00,2.421722023673567037e+00,2.435987886085555498e+00,2.448667008488158991e+00,2.459044646961860980e+00,2.466387553923787834e+00,2.469987444770249674e+00,2.469217858166816715e+00,2.463602545501797358e+00,2.452891077624641536e+00,2.437135085136443724e+00,2.416757405450375984e+00,2.392607569121518729e+00,2.366001671111583882e+00,2.338753711617924669e+00,2.313220066139520803e+00,2.292401513882158515e+00,2.280186007669748882e+00,2.281891459467821903e+00,2.305437575556257279e+00,2.363891476014678972e+00,2.481233830486795355e+00,2.706376171192981239e+00,3.150648879409989611e+00,4.100699205239322076e+00,6.407684026817261902e+00,1.295404913231900146e+01,3.177232521595155745e+01,5.092109885766402755e+01,4.028203333233529548e+01,2.906223979700600779e+01,2.744069109819291530e+00,3.139507038476296863e+00,2.984393774722304826e+00,2.919082875118372833e+00,2.977874535658586730e+00,3.074288439900474401e+00,3.193930863945781962e+00,3.346224100402750423e+00,3.505743517399295683e+00,3.603820855599249029e+00,3.611461928427905921e+00,3.550874740524667672e+00,3.464797448637568777e+00,3.407434569596357044e+00,3.430725515791865909e+00,3.507498374060236124e+00,3.450136931081759784e+00,3.154927958442521607e+00,2.804715973608473689e+00,2.704665167588626851e+00,5.919958805345427066e+00,2.865661671317232262e+00,2.984223297547528020e+00,3.585438878018853970e+00,3.824452398479039061e+00,3.175334338702517911e+00,2.596883913826386614e+00,2.383972738614914544e+00,2.525927690498552813e+00,3.714837130487458339e+00,5.222711186087258817e+00,2.693492332898972386e+00,3.243562628131946290e+00,4.689585810599217197e+00,6.007532978703356008e+00,4.245973236970557174e+00,2.587793425381013090e+00,1.901148848342260056e+00,1.609940856879621407e+00,1.462448440891395141e+00,1.366118403911253942e+00,1.281434671918346702e+00,1.187614640220624462e+00,1.071424788843167164e+00,9.238008823127641378e-01,7.396460080855038477e-01,5.189969916288061924e-01,2.682327468432443851e-01
2.324780867990539068e+00,2.325523833138554153e+00,2.327733830712586105e+00,2.331353568735639037e+00,2.336285615634892121e+00,2.342389661442512150e+00,2.349479058414527533e+00,2.357317055974728071e+00,2.365613316286752088e+00,2.374021498042089284e+00,2.382138918760601243e+00,2.389509527309108261e+00,2.395631596178338096e+00,2.399971612046947200e+00,2.401985717099641704e+00,2.401149637959609784e+00,2.396997259089606036e+00,2.389166843092171977e+00,2.377452482394248889e+00,2.361856966556419302e+00,2.342641333240591539e+00,2.320366544500518380e+00,2.295924634287827004e+00,2.270560880164484985e+00,2.245895604278869140e+00,2.223965031065955333e+00,2.207317691375632052e+00,2.199232845142129467e+00,2.204187381048516858e+00,2.228830883195009882e+00,2.284048688376150160e+00,2.389519788292626679e+00,2.584493153080313910e+00,2.955649944255123174e+00,3.717556471588845390e+00,5.476718122191204685e+00,1.019882622966474806e+01,2.409879909054197711e+01,4.809749939547182862e+01,4.594568916201484399e+01,3.542217628027665199e+01,2.967287356850786395e+01,2.859994787351849421e+00,3.067788929686421362e+00,2.916802554905373324e+00,2.933311071886235410e+00,3.008222704118468371e+00,3.104504929285301085e+00,3.231365976239908289e+00,3.387759974195969637e+00,3.507464217985423183e+00,3.531262206078911170e+00,3.467709553935582889e+00,3.358025152434918059e+00,3.255001095475584805e+00,3.217386528903665166e+00,3.265929888522078883e+00,3.282105247965905193e+00,3.099464087645198429e+00,2.850623519910278070e+00,4.257582947211258073e+00,3.057159256054897689e+00,2.580100094371373665e+00,2.733921568007935399e+00,3.239777887599193384e+00,3.703365302489913802e+00,3.354881380139862479e+00,2.796755448732113347e+00,2.646412760503635830e+00,3.393009918278278025e+00,5.590389285539321129e+00,2.398927678577167377e+00,2.489071870754444582e+00,3.096254826345301581e+00,4.318827749720066222e+00,5.566614084778875871e+00,4.288967315677383318e+00,2.724690739948854024e+00,2.056845381971417197e+00,1.797440025091745497e+00,1.692692344138202465e+00,1.647604805697722163e+00,1.621599517556027159e+00,1.592132262418011202e+00,1.541815054338202540e+00,1.453489108270067387e+00,1.309114055460613990e+00,1.092082864840948631e+00,7.933489401419580034e-01,4.198882162161132747e-01
2.320119390062502784e+00,2.320501961321042028e+00,2.321627943701898289e+00,2.323431948041765338e+00,2.325804410172294112e+00,2.328590956532627931e+00,2.331592000266158315e+00,2.334563063206096523e+00,2.337216467108860218e+00,2.339225172761438820e+00,2.340229645272073888e+00,2.339848653664255984e+00,2.337694828779979250e+00,2.333395557963202638e+00,2.326619350299241606e+00,2.317107155367681415e+00,2.304707311466958064e+00,2.289411967807231107e+00,2.271392194652421814e+00,2.251028872311411355e+00,2.228937181402890211e+00,2.205984439460284552e+00,2.183304456281920380e+00,2.162316918259521437e+00,2.144768442554545462e+00,2.132825129522741836e+00,2.129270336331445801e+00,2.137909698183892981e+00,2.164391740295057431e+00,2.217903029171586216e+00,2.314828789979261892e+00,2.487190772001235395e+00,2.803804992874403545e+00,3.429106432351136657e+00,4.807752145932786547e+00,8.316471735129461251e+00,1.846330362027416427e+01,4.165793117496586717e+01,4.969324732677022638e+01,3.951160079637432432e+01,3.406707030903285727e+01,3.262772704210384944e+01,2.960617344691862662e+00,2.963041781278441533e+00,2.909703032295052338e+00,2.957700277634411901e+00,3.030864289039225667e+00,3.126978160603721690e+00,3.263518665580966704e+00,3.399209877313402739e+00,3.447974796174224643e+00,3.391274904326624373e+00,3.267328613242037605e+00,3.129394005868957329e+00,3.037769124975930879e+00,3.039332524962690130e+00,3.088039383664709092e+00,3.034260377271458253e+00,3.237884312832517431e+00,4.038688203131080456e+00,2.652125496003676641e+00,2.449159553568669434e+00,2.558338534112369889e+00,2.954024948845224152e+00,3.492814432706548011e+00,3.495779676192611873e+00,3.069491511627098213e+00,3.202322109287458751e+00,5.866728095999940606e+00,2.492460595573353643e+00,2.195110019244173039e+00,2.430741101158306883e+00,2.969599807467249164e+00,3.982114411519033226e+00,5.166846955532689023e+00,4.404541810408524327e+00,2.925817088111393183e+00,2.253015780674771928e+00,2.024772823330844851e+00,1.979945807549698955e+00,2.022548532052970138e+00,2.120316109109177116e+00,2.267844545362640574e+00,2.477749652031724370e+00,2.786205050717760479e+00,3.276225846120617291e+00,4.139154307062787197e+00,5.819743447589720731e+00,9.208670973267851778e+00,1.403838726196948627e+01
2.284557792912333962e+00,2.284585554033802257e+00,2.284648314113424394e+00,2.284684751543286652e+00,2.284593556326341979e+00,2.284234994913170169e+00,2.283433543182888936e+00,2.281982004355032068e+00,2.279647602943568607e+00,2.276180573233299587e+00,2.271325719157490930e+00,2.264837288659471426e+00,2.256497261324630355e+00,2.246136789418584634e+00,2.233660082370358957e+00,2.219069544866281163e+00,2.202490577409454975e+00,2.184194278588935667e+00,2.164616534484231636e+00,2.144372835945851374e+00,2.124269819081814337e+00,2.105317194841926920e+00,2.088747791847000990e+00,2.076059729608648041e+00,2.069105292181749878e+00,2.070270631265902495e+00,2.082830066699514759e+00,2.111644974935344976e+00,2.164576732617540245e+00,2.255475088412062235e+00,2.410908401503097931e+00,2.686575770295895893e+00,3.211402724132716990e+00,4.320374854596042979e+00,7.005527629710528004e+00,1.449613002032025300e+01,3.415701552938158159e+01,5.098712434271774896e+01,4.309519822873050998e+01,3.626463266044971334e+01,3.529280832558869463e+01,3.733153481243183336e+01,2.996956498574065986e+00,2.920994077511041009e+00,2.926940395972310593e+00,2.976714241080236079e+00,3.042565004179498267e+00,3.145593061941887036e+00,3.281228065421570861e+00,3.359620544943875409e+00,3.320911207474686044e+00,3.192081418200398701e+00,3.028889367495379847e+00,2.892572096719170371e+00,2.842086698148660329e+00,2.891131968425764143e+00,3.026810397320933710e+00,5.022686615944104815e+00,3.093803151938345763e+00,2.539649091196327646e+00,2.377792772640574537e+00,2.439626813059236898e+00,2.740341383994981950e+00,3.260149945063361976e+00,3.575642180827398597e+00,3.469698024339584741e+00,4.611945670511130579e+00,3.290238204438988845e+00,2.161716689071857544e+00,2.162729102629989963e+00,2.397830184568583434e+00,2.863618689895663927e+00,3.701001493746058912e+00,4.798970129948187946e+00,4.544988583220554546e+00,3.196174455837141881e+00,2.503496849047193162e+00,2.316213583655257757e+00,2.377708419540658369e+00,2.621570526026617554e+00,3.124364423323511275e+00,4.254064524970324612e+00,7.558955059846961255e+00,1.113848727098145730e+01,3.929495626334233993e+00,2.205708160162456188e+00,1.791434738488895118e+00,1.535625070636192913e+00,1.183799929260653805e+00,6.599459056163325954e-01
2.222558822320019889e+00,2.222295498206527942e+00,2.221489788211217231e+00,2.220095071285221877e+00,2.218035661746631249e+00,2.215209978642040944e+00,2.211495253847761688e+00,2.206754003202082703e+00,2.200842480093445630e+00,2.193621272672996447e+00,2.184968084772509478e+00,2.174792554399651578e+00,2.163052722824343466e+00,2.149772500686619736e+00,2.135059237329683945e+00,2.119120361790549634e+00,2.102278124944079174e+00,2.084981840792043961e+00,2.067817815397188230e+00,2.051518492251902526e+00,2.036974417623471645e+00,2.025255797030234284e+00,2.017655466863144120e+00,2.015773824890643162e+00,2.021682641519717549e+00,2.038237764931849494e+00,2.069681785392207818e+00,2.122839216501515303e+00,2.209596845959960199e+00,2.352372458479767836e+00,2.597116359725193391e+00,3.047176659425021583e+00,3.961580322194380166e+00,6.075944788688225628e+00,1.172707036052961271e+01,2.739195088450886573e+01,4.933910411267263640e+01,4.639712612692861171e+01,3.815214255548631428e+01,3.585529662369575021e+01,3.839131470987844352e+01,4.268566741851154234e+01,2.970984832289180755e+00,2.919005559909748637e+00,2.939783493873437958e+00,2.977205486969647374e+00,3.039911764628810964e+00,3.152655744922783221e+00,3.255748052876739074e+00,3.247476504737467629e+00,3.124846838433703589e+00,2.945189961450822569e+00,2.772999482903615309e+00,2.674041159844375848e+00,2.719941491514199505e+00,3.480446201450615451e+00,3.901915620580487243e+00,2.877764320727049796e+00,2.500321670507088534e+00,2.339639162640938519e+00,2.361177035704398186e+00,2.588182453488263590e+00,3.053834604781591189e+00,3.597321893173033303e+00,4.105441157158984389e+00,5.295549000396560402e+00,2.472562042005721494e+00,2.118699287003456000e+00,2.161180553378549973e+00,2.374231360684309067e+00,2.776095874888473425e+00,3.472224567122661476e+00,4.456961840535367259e+00,4.642079321254355406e+00,3.525937392098765777e+00,2.822569234764049639e+00,2.714876432149349039e+00,3.022714290339556520e+00,3.932742726917981546e+00,6.575472367652201555e+00,7.433079014645782578e+00,2.802999905622116650e+00,2.117921434096103894e+00,2.181435786011787226e+00,2.407437922244659578e+00,2.685913074421364399e+00,2.950570549429820666e+00,3.076045552957218376e+00,2.808304913843229222e+00,1.798182618938304334e+00
2.143449763528759711e+00,2.142998648648353210e+00,2.141636431443794120e+00,2.139337243660033305e+00,2.136060483093837892e+00,2.131754622510362296e+00,2.126362606099396757e+00,2.119828853919702993e+00,2.112107842317145767e+00,2.103174140267749515e+00,2.093033661567167414e+00,2.081735753611113626e+00,2.069385609795859615e+00,2.056156401859710048e+00,2.042300530760554622e+00,2.028159549921604299e+00,2.014172690566629065e+00,2.000884592874674350e+00,1.988953921635649991e+00,1.979166193265391449e+00,1.972456704866243360e+00,1.969953660884349311e+00,1.973058997222854050e+00,1.983598388316454297e+00,2.004099999877229088e+00,2.038321049776881111e+00,2.092274254583625925e+00,2.176321484423393571e+00,2.309700881034060238e+00,2.531042973994834799e+00,2.925000173497105393e+00,3.696943745738023868e+00,5.407903546144132712e+00,9.783478137638779160e+00,2.201018130120985106e+01,4.514165965250547430e+01,4.914053144230081926e+01,4.015874659288017767e+01,3.620786961170767881e+01,3.752928789308928970e+01,4.260293481517057756e+01,4.686476390784356738e+01,2.950790375144030087e+00,2.925684661291660937e+00,2.934664818569276967e+00,2.958024447923368605e+00,3.028393001572704524e+00,3.136463682448831225e+00,3.167195080389340056e+00,3.064226589572327519e+00,2.877218290405303414e+00,2.677670587269376234e+00,2.542517669936361635e+00,2.672777302361306617e+00,4.456471437387410361e+00,3.282259635577799983e+00,2.798171272684668587e+00,2.496354354245178264e+00,2.329446036549276400e+00,2.318852271510207785e+00,2.493824457011928342e+00,2.913425097542421405e+00,3.636652728592226769e+00,5.100186046394949990e+00,3.672845122374490678e+00,2.363061002211064299e+00,2.140234833623355648e+00,2.174948423119360541e+00,2.361882411283322547e+00,2.711697126266743307e+00,3.299678318553489476e+00,4.167194199170953794e+00,4.672047126963208008e+00,3.914455274311023913e+00,3.248731777081348415e+00,3.326388822236259202e+00,4.321321693553703547e+00,7.025098497359461014e+00,4.055646154852166063e+00,2.122582814064943868e+00,2.061269101187246378e+00,2.324072323116010974e+00,2.728247109053194563e+00,3.289440308308022587e+00,4.088268411813045233e+00,5.271013530654200530e+00,7.085146494134852979e+00,9.940805653822849308e+00,1.444285596398778893e+01,2.008646587603657352e+01
2.057373861812417104e+00,2.056851171252294108e+00,2.055281387915663949e+00,2.052660101541337045e+00,2.048982367190776976e+00,2.044246274469863067e+00,2.038457854926134516e+00,2.031637213786496865e+00,2.023825711236726388e+00,2.015093947461099599e+00,2.005550235069486487e+00,1.995349190036121989e+00,1.984700063025746086e+00,1.973874499346583988e+00,1.963213596704216357e+00,1.953134472089279594e+00,1.944137112925004018e+00,1.936813164800943454e+00,1.931859662478885298e+00,1.930102864035165844e+00,1.932540957178474628e+00,1.940420838800516190e+00,1.955376322049573456e+00,1.979679328188677090e+00,2.016706262891632129e+00,2.071833268496892089e+00,2.154233687215734161e+00,2.280695951372080366e+00,2.484306105130618114e+00,2.835876536273951309e+00,3.502219076515855622e+00,4.923084926051634724e+00,8.404830089043890951e+00,1.797694164268610706e+01,3.958898037542032711e+01,5.082314642802386118e+01,4.235933295648843711e+01,3.674593356241444297e+01,3.660302955740098696e+01,4.063557008193669162e+01,4.683452895821728390e+01,4.832547738296637618e+01,2.940665480230109097e+00,2.911766334255805333e+00,2.897558418943524394e+00,2.914831687536123539e+00,2.996369589313885307e+00,3.062771302505029603e+00,2.996358599527537692e+00,2.813889874862995910e+00,2.595873192915010286e+00,2.452665286876654083e+00,3.076705953364955448e+00,3.616109532949918215e+00,2.986147618791856750e+00,2.738826302939623147e+00,2.503004506901351789e+00,2.335303364958329908e+00,2.300595648339776034e+00,2.441678685723869258e+00,2.843044125830651581e+00,3.778236058986306212e+00,5.461043446608693230e+00,3.125419570375087552e+00,2.398038960055171032e+00,2.184773764706982035e+00,2.194999514930628948e+00,2.354743623239496930e+00,2.661899434176540069e+00,3.167261630316953180e+00,3.925899376194863510e+00,4.615254984729233456e+00,4.318143130508200755e+00,3.817568158345285845e+00,4.336578444273819777e+00,6.348515528654042228e+00,3.493447294982598983e+00,1.969993323422447595e+00,1.993202142819439082e+00,2.283343807333770847e+00,2.702823892607186806e+00,3.283917462474827964e+00,4.129889944475828578e+00,5.430917350135411326e+00,7.478629206438092147e+00,1.042773273487538432e+01,1.305855529870543208e+01,1.214984512200747346e+01,7.946763753306207434e+00,3.665833884120883734e+00
1.975185193314443755e+00,1.974695401824277941e+00,1.973230420743421476e+00,1.970804016117755353e+00,1.967441062817765207e+00,1.963180365826133755e+00,1.958078455995826417e+00,1.952214203232838230e+00,1.945694046501045271e+00,1.938657606865523686e+00,1.931283438954256582e+00,1.923794704358161578e+00,1.916464639239912060e+00,1.909621865074517810e+00,1.903655891917743759e+00,1.899023639858543611e+00,1.896258541735484915e+00,1.895984944010886686e+00,1.898942392137970003e+00,1.906027566817714014e+00,1.918367337326210009e+00,1.937447136844139273e+00,1.965340065975151873e+00,2.005125962270204454e+00,2.061684814056818915e+00,2.143266909508234619e+00,2.264773626554639208e+00,2.455074862449446726e+00,2.774650069860928880e+00,3.362222240158885267e+00,4.571788378373664585e+00,7.419134277681971312e+00,1.503106970163470280e+01,3.393052886522245615e+01,5.099699941239488510e+01,4.467338695233745938e+01,3.756602918520736267e+01,3.594602235340730090e+01,3.868324928162025600e+01,4.442730613170354559e+01,4.984842942003118083e+01,4.712812450654337937e+01,2.924877793942881610e+00,2.867302893359524596e+00,2.831575307356326565e+00,2.858206712620847689e+00,2.934991589791713373e+00,2.918452858417930340e+00,2.756537875636000390e+00,2.533725024526334302e+00,2.476124937932122627e+00,3.767705649642838495e+00,3.048363980144452867e+00,2.775147533127497734e+00,2.673589972608647614e+00,2.515223558775425694e+00,2.359970785728782161e+00,2.310227578625534406e+00,2.434850314928493908e+00,2.860384459040909988e+00,4.092803208550965799e+00,4.424871183690126664e+00,2.983687932945688903e+00,2.488482345385745198e+00,2.253327566805318760e+00,2.228511199187677150e+00,2.359615985245477887e+00,2.632228197764963085e+00,3.078090814304401679e+00,3.752003050656727012e+00,4.528945507796510839e+00,4.721305596149671935e+00,4.598839942003452030e+00,5.727541674218183942e+00,4.041367899109871153e+00,1.971927765709236002e+00,1.898367909451748048e+00,2.156041359702443039e+00,2.534137650278012188e+00,3.040059160251340487e+00,3.744458836151243197e+00,4.774562657198644366e+00,6.290682704246464141e+00,8.209329290398482470e+00,9.335992288770444958e+00,8.005701631616247482e+00,5.409479986842969268e+00,3.306658723971112046e+00,1.886351551614273703e+00,8.624734113445664541e-01
1.904932971927120189e+00,1.904555446658007245e+00,1.903431698492230595e+00,1.901588623081118534e+00,1.899072400803614169e+00,1.895950454264661023e+00,1.892314045528653565e+00,1.888281382155354571e+00,1.884001085148323540e+00,1.879655878497121790e+00,1.875466400766390151e+00,1.871695129794892498e+00,1.868650573078745047e+00,1.866692139098247161e+00,1.866236515947017338e+00,1.867767023764776990e+00,1.871848423356892166e+00,1.879151333110962163e+00,1.890493271885040905e+00,1.906908489614678182e+00,1.929768394522191066e+00,1.960993266696531290e+00,2.003434546144955419e+00,2.061589676964659112e+00,2.142998178514021745e+00,2.261115040611438864e+00,2.441606301928878064e+00,2.737204946366955660e+00,3.265981083776525740e+00,4.320438172913664943e+00,6.712484987067146136e+00,1.290121755367037437e+01,2.894208744386946819e+01,4.955514814627649400e+01,4.691709110388669046e+01,3.866550172838925192e+01,3.561628166880760205e+01,3.706791758073235599e+01,4.184846268039479611e+01,4.797804039451197866e+01,5.092840555230695543e+01,4.457135514904623363e+01,2.879568919890873602e+00,2.784853637139783622e+00,2.741872429725034088e+00,2.786501534161822669e+00,2.817772620256919769e+00,2.698454930769633719e+00,2.501131657155741816e+00,2.833908056148581878e+00,3.386971384251324935e+00,2.745726747419130476e+00,2.599383896652240900e+00,2.589321727186177924e+00,2.520180849396991274e+00,2.398390560772412083e+00,2.345625705015852436e+00,2.470590016228291219e+00,2.968844038246509776e+00,4.407889078227855251e+00,3.542449879034448301e+00,2.907855105935786000e+00,2.595771995555251621e+00,2.344955195884812493e+00,2.278075887718267190e+00,2.377424915885828494e+00,2.620480181995010760e+00,3.024152197225982164e+00,3.638957589163238637e+00,4.453736568054800671e+00,5.096619701060789431e+00,5.568792696836732503e+00,5.415197957435857745e+00,2.302215959329045880e+00,1.842628003291912897e+00,2.009682862811423831e+00,2.328613998867690160e+00,2.752859512957939181e+00,3.315742892327389058e+00,4.093054905204929206e+00,5.190412693973089908e+00,6.626313395627159153e+00,7.855583774255281426e+00,7.547901849729976576e+00,5.732674856708785960e+00,3.931632955937813811e+00,2.683466638132570026e+00,1.825281043268422998e+00,1.158250338368771448e+00,5.678414730939884691e-01
1.851704087503058815e+00,1.851490376235842561e+00,1.850860841702850479e+00,1.849850543746345277e+00,1.848518774353191674e+00,1.846950297459359902e+00,1.845256996034472241e+00,1.843579858719468501e+00,1.842091251548283459e+00,1.840997462970306309e+00,1.840541595164668642e+00,1.841007019499041331e+00,1.842721846235761962e+00,1.846065222625492552e+00,1.851476846175259539e+00,1.859472000149819948e+00,1.870665946154081993e+00,1.885814142931896420e+00,1.905879484910655286e+00,1.932146566214809624e+00,1.966420077988950688e+00,2.011379046096428702e+00,2.071231855073862871e+00,2.152980095895773438e+00,2.268984040629096199e+00,2.442492536634577327e+00,2.720439398044871560e+00,3.205641018969596079e+00,4.146058598339519286e+00,6.208863093426897350e+00,1.136886356418961341e+01,2.489896769857631398e+01,4.683748878632967205e+01,4.885262147940436961e+01,3.999439991498435631e+01,3.559659370595139904e+01,3.583256683272478682e+01,3.954472999578906212e+01,4.540200677727745671e+01,5.042758109986274206e+01,5.028660965629183721e+01,4.190353191976520009e+01,2.787565036914863015e+00,2.661777588637370684e+00,2.632065630423285896e+00,2.678103607283066623e+00,2.626309274840288310e+00,2.539507342336877471e+00,3.456856284558873504e+00,2.992067281457944095e+00,2.557350526353885378e+00,2.448086676064509248e+00,2.483066023922431143e+00,2.501309822286179596e+00,2.438736825654586049e+00,2.400895701613292577e+00,2.544185098977425064e+00,3.158707342290711928e+00,4.315142940153182671e+00,3.029295152018907089e+00,2.805242387370232571e+00,2.680321286310760609e+00,2.451277369743909418e+00,2.342976395487372798e+00,2.406525556154370804e+00,2.621953685494760045e+00,2.995125523262021083e+00,3.572465533229185475e+00,4.409943364278589684e+00,5.422942377691075677e+00,6.284903643157912612e+00,3.631987163728578327e+00,2.003593354872912347e+00,1.912778584306784602e+00,2.133416897178919136e+00,2.478343498503443598e+00,2.932684137350194398e+00,3.532221352178543938e+00,4.344103227134477052e+00,5.433650317633875737e+00,6.686293820844091407e+00,7.387350744306209194e+00,6.654739073226534352e+00,5.135088194983006282e+00,3.884767983074732811e+00,3.062982050264750900e+00,2.477391901168912725e+00,1.953084834154528160e+00,1.383449138358461283e+00,7.262468844528191525e-01
1.818181492774340047e+00,1.818159221632276168e+00,1.818105470140041202e+00,1.818059585102915765e+00,1.818087676631152672e+00,1.818283403152776145e+00,1.818769054816393727e+00,1.819696945589266424e+00,1.821251167301851659e+00,1.823649837798990703e+00,1.827148106939158190e+00,1.832042394332789037e+00,1.838676664175553643e+00,1.847452069284760690e+00,1.858842151290063249e+00,1.873417212276817789e+00,1.891883940664840225e+00,1.915150788790531688e+00,1.944437787461006373e+00,1.981465246672420299e+00,2.028787377578566975e+00,2.090402994221340904e+00,2.172920854048832062e+00,2.287895297624464863e+00,2.456786027890633939e+00,2.722232260516310731e+00,3.175818221414250520e+00,4.033107106994460622e+00,5.857627150134825378e+00,1.027492468753569099e+01,2.178248846979278142e+01,4.345383445590821481e+01,5.025763137391697910e+01,4.147343490825925727e+01,3.584442299810999089e+01,3.494829323312779934e+01,3.761633573058082902e+01,4.281985996528680261e+01,4.856670056550417058e+01,5.139582474267641032e+01,4.871916412595878398e+01,3.980330478669247185e+01,2.639156460461133946e+00,2.500006328404458245e+00,2.497217232424409072e+00,2.525726308059716985e+00,2.777560954820201822e+00,3.431703240335459704e+00,2.770339935543897347e+00,2.429336706803242318e+00,2.319748070494265235e+00,2.362535847538804745e+00,2.447502884830643488e+00,2.465263135378858994e+00,2.467630638994977588e+00,2.650095921762873896e+00,3.393690418293915378e+00,3.831682801316671494e+00,2.706570751488412974e+00,2.668180720557344898e+00,2.706789388855024292e+00,2.554285916374676724e+00,2.420018783912936122e+00,2.445051446966528541e+00,2.632417182481194828e+00,2.982214004809380370e+00,3.538341764696018021e+00,4.399769531802810718e+00,5.665144504616903554e+00,5.945545150956155211e+00,2.896356259979637748e+00,2.041889401695073936e+00,2.016658024194306620e+00,2.242691133461383046e+00,2.599739785952681626e+00,3.074409207578399084e+00,3.697081166923077422e+00,4.521998377755043208e+00,5.579551253862913285e+00,6.688134184897043255e+00,7.167818300350603522e+00,6.490007626003868602e+00,5.386128815773383316e+00,4.633208119736154096e+00,4.302641454441047841e+00,4.222684058699677223e+00,4.204947757933452657e+00,4.032115329436125606e+00,3.414443124357791071e+00,2.060046929014736072e+00
1.806132837164764471e+00,1.806312163782786140e+00,1.806863832463390107e+00,1.807829026187901533e+00,1.809276778030222133e+00,1.811304589275342103e+00,1.814039359491381731e+00,1.817638724722892007e+00,1.822292977064843278e+00,1.828227863095366335e+00,1.835708755418707927e+00,1.845047002912347800e+00,1.856609763386130041e+00,1.870835435704765182e+00,1.888258172042756033e+00,1.909547306378900355e+00,1.935571735857466447e+00,1.967507037872406883e+00,2.007017907869768081e+00,2.056577898482103706e+00,2.120049354525188612e+00,2.203778838969761011e+00,2.318767157040269034e+00,2.485214781872968626e+00,2.742687271440480412e+00,3.174666030057804456e+00,3.973362979413863627e+00,5.628134000510875978e+00,9.513628371180837817e+00,1.947071143512521019e+01,4.001267370358873876e+01,5.100280170266304935e+01,4.300340918172575044e+01,3.630689969719674082e+01,3.436816641202676692e+01,3.606321419448349275e+01,4.047965685579334405e+01,4.625815463462247124e+01,5.073296500728030622e+01,5.113740963813368978e+01,4.705996487012941287e+01,3.859913270476248215e+01,2.439728560018283865e+00,2.320622621227264037e+00,2.425476020542727262e+00,3.264981011087109142e+00,3.198765308935969109e+00,2.656309048468386003e+00,2.351769051471808147e+00,2.226893236434013268e+00,2.254942900124745631e+00,2.376134976475752225e+00,2.479615624232012205e+00,2.551294815183124953e+00,2.798488431135393029e+00,3.627026204363392736e+00,3.350878808670043618e+00,2.503021752189682481e+00,2.536574316965389819e+00,2.684307396555385417e+00,2.648335260956713455e+00,2.519526072969147101e+00,2.505946447185292136e+00,2.662164549839229899e+00,2.992314172673438133e+00,3.540054480562693229e+00,4.432509425587349838e+00,5.771619210598744054e+00,4.947070522470609077e+00,2.797193899696670538e+00,2.199680137694992599e+00,2.144334922872559446e+00,2.349467034691132827e+00,2.707785128822104426e+00,3.195943326822281438e+00,3.835417870316737421e+00,4.668714668462426332e+00,5.706426413187415392e+00,6.758146590620994765e+00,7.247428700569624738e+00,6.839478256937825407e+00,6.229697914725196739e+00,6.125466602276374850e+00,6.715081092757769099e+00,8.082379452786870644e+00,1.045789119598054029e+01,1.425228193939690513e+01,1.975460485495337082e+01,2.562498939543640475e+01,2.480793106791856673e+01
1.814711730117679611e+00,1.815092732979739498e+00,1.816249658978008608e+00,1.818224387446232271e+00,1.821087159431977742e+00,1.824937310098539989e+00,1.829904448977437426e+00,1.836150284479698414e+00,1.843871412806163956e+00,1.853303583462606596e+00,1.864728255926451084e+00,1.878482746246112889e+00,1.894976054640207241e+00,1.914713794238065425e+00,1.938337933157652238e+00,1.966691134001674612e+00,2.000922941826688284e+00,2.042669240236749673e+00,2.094364302713302983e+00,2.159802058246285128e+00,2.245186403657306595e+00,2.361189717255962606e+00,2.527211152999853105e+00,2.780759952112832334e+00,3.199719139084999942e+00,3.959884666638846529e+00,5.498138349474579911e+00,9.010191345691165310e+00,1.781997418920361298e+01,3.694064162331018508e+01,5.110525742479367040e+01,4.447629451365276054e+01,3.692140560918551273e+01,3.403769883226204485e+01,3.484857013878161780e+01,3.846399482133049474e+01,4.391406362155650100e+01,4.923397937714968009e+01,5.175988238566351640e+01,5.035815233760816056e+01,4.609715956525203495e+01,3.888101283456671098e+01,2.201497915461980703e+00,2.402186807969231008e+00,3.400337402463349257e+00,3.029946363268165577e+00,2.595968897787859220e+00,2.304126979092679939e+00,2.157567930966286518e+00,2.158583624360421727e+00,2.285948626635203595e+00,2.461207718909363962e+00,2.628173279524537165e+00,2.967550908777960572e+00,3.761471080923173282e+00,2.994664617314490851e+00,2.358918810289156731e+00,2.410687690398072291e+00,2.609243661999771646e+00,2.694288881520079393e+00,2.618301112464926916e+00,2.579043188477947446e+00,2.701641793764464339e+00,3.011514562766071101e+00,3.554757787301032756e+00,4.468169192823778779e+00,5.616512084112113001e+00,4.098549974830778098e+00,2.863376992821664579e+00,2.398164076434761149e+00,2.280957429688990068e+00,2.445567707377338529e+00,2.794495207774261303e+00,3.289425625281139354e+00,3.940638385216876927e+00,4.781123283652055633e+00,5.815030544738974960e+00,6.877597741828411770e+00,7.507755388042003375e+00,7.469629805594191652e+00,7.395814160609526233e+00,7.970589618442258661e+00,9.264678035226591390e+00,1.044113883789803410e+01,9.652675545907928978e+00,6.824318484454694911e+00,4.118166490826402182e+00,2.364069390782641555e+00,1.294617478381199227e+00,5.771179014578131650e-01
1.843589490923136509e+00,1.844167555649944834e+00,1.845915891965332900e+00,1.848877119557856830e+00,1.853122948810626003e+00,1.858755319922067439e+00,1.865908267105520491e+00,1.874750838152194898e+00,1.885491595886157334e+00,1.898385532226565253e+00,1.913744709955500500e+00,1.931954737984187265e+00,1.953500509658501194e+00,1.979006909736269471e+00,2.009304221943231106e+00,2.045535311830959380e+00,2.089335501291522679e+00,2.143143109199974194e+00,2.210753707715329419e+00,2.298348448215725703e+00,2.416489818047073967e+00,2.584203326311118598e+00,2.837851550604741924e+00,3.251853939196958088e+00,3.991208784336564008e+00,5.457047308610585290e+00,8.720104052571485909e+00,1.671513721739217218e+01,3.446946583748223958e+01,5.072333444269858660e+01,4.579628551600496422e+01,3.762342264354221300e+01,3.390514261348393177e+01,3.392863725616369663e+01,3.678937797598271686e+01,4.174450725766405412e+01,4.739376198328911016e+01,5.142826518316248041e+01,5.217673276105929858e+01,5.028361281342063904e+01,4.766285503874070173e+01,4.447070037577775281e+01,2.577376905574890742e+00,3.157057203109459032e+00,2.908413853518243553e+00,2.575908649176406051e+00,2.288579108622834646e+00,2.117443724911072245e+00,2.087034068263715625e+00,2.200524244881152391e+00,2.421488058968146451e+00,2.694966644358531838e+00,3.151775917563470752e+00,3.780287015079608626e+00,2.769419565945052675e+00,2.264494808753148014e+00,2.309497970297491598e+00,2.517575611443956252e+00,2.693225473811633464e+00,2.707846874632569012e+00,2.670093230342029944e+00,2.759454314391096563e+00,3.045636616316094170e+00,3.583146092121325399e+00,4.495140711375045228e+00,5.233245739371805705e+00,3.559622292375108632e+00,2.945600905875944697e+00,2.622372712756892987e+00,2.443531997784376131e+00,2.547276096824990788e+00,2.872667042876264620e+00,3.366478079886925379e+00,4.025432446843179690e+00,4.874223784953324312e+00,5.918185575083967365e+00,7.030271660229514552e+00,7.848104671037026137e+00,8.153756763402586927e+00,8.371965650080115395e+00,8.695636903047198274e+00,8.129069581312409198e+00,5.967138085420220506e+00,3.627543111386954955e+00,2.128818315719227527e+00,1.317669552047795456e+00,8.705643673204699340e-01,5.900715615467344577e-01,3.771237225055790176e-01,1.862601318858736477e-01
1.891350679346559538e+00,1.892121223139209274e+00,1.894447577203905997e+00,1.898374234181254838e+00,1.903976484575520267e+00,1.911362320275844517e+00,1.920675535839100334e+00,1.932100560881733209e+00,1.945869874802408361e+00,1.962275354255704762e+00,1.981685712974878832e+00,2.004573542093446292e+00,2.031557768091873939e+00,2.063471410917161464e+00,2.101471899182283387e+00,2.147225015141462912e+00,2.203220363027036388e+00,2.273330423072694728e+00,2.363839619744667608e+00,2.485423705313261067e+00,2.657156280011485627e+00,2.915114220309700244e+00,3.332180970202114345e+00,4.067370315834962113e+00,5.499624090963473044e+00,8.616657758684453938e+00,1.607232549940809108e+01,3.269055913559449067e+01,5.009587233572030129e+01,4.689282138283022050e+01,3.834599304645465168e+01,3.391971364867557526e+01,3.325934782625000707e+01,3.544444723448207668e+01,3.985938279998322287e+01,4.553165304482124043e+01,5.063227181774884400e+01,5.334031374382153246e+01,5.384077978356982896e+01,5.498162121782247169e+01,6.120060292130746404e+01,5.985047108781181890e+01,2.830518466571463332e+00,2.749083692139819846e+00,2.568476996389201794e+00,2.297076328946834334e+00,2.100061601555558433e+00,2.035978630170176551e+00,2.123954527764748690e+00,2.362724625175938176e+00,2.732532794243369700e+00,3.315848992069514445e+00,3.699332269979505039e+00,2.626687561988816366e+00,2.199149288209589770e+00,2.226056784395535892e+00,2.419859981657923598e+00,2.643420128486884124e+00,2.757911236050447634e+00,2.761170741011276242e+00,2.828053734751700965e+00,3.086548817658951727e+00,3.610584687204765331e+00,4.484036295390714244e+00,4.734753270164504535e+00,3.196378324531856663e+00,2.968573434330035177e+00,2.824321451383893233e+00,2.622947772001105182e+00,2.653583705135664772e+00,2.939021056197110848e+00,3.421283255508922316e+00,4.081600866008461281e+00,4.935352704758311226e+00,5.989959771008135370e+00,7.151246494027740930e+00,8.118235631399063124e+00,8.579905013510202849e+00,8.479180868149228445e+00,7.379437752342221657e+00,5.113060242758171725e+00,2.995882344189459978e+00,1.752114420734707245e+00,1.146031199326125183e+00,8.625324377275811472e-01,7.176189607483340893e-01,6.157663808792457338e-01,5.072138189903263594e-01,3.684572300843402815e-01,1.954227645571959826e-01
1.957545187354625682e+00,1.958507722163860265e+00,1.961411407621804770e+00,1.966305034455273493e+00,1.973271833176259982e+00,1.982432664519273580e+00,1.993951192043497134e+00,2.008041906840007940e+00,2.024982406586794959e+00,2.045132182523223818e+00,2.068961575750205562e+00,2.097096961242728153e+00,2.130392416724213867e+00,2.170045709326107186e+00,2.217790544510234163e+00,2.276224243283953008e+00,2.349384605477400356e+00,2.443804069288835201e+00,2.570520853687763285e+00,2.749111810527271604e+00,3.016260136230064504e+00,3.445215971872805927e+00,4.193498215145996966e+00,5.629730302864222047e+00,8.693177146514363685e+00,1.584698600048777273e+01,3.163041529600130275e+01,4.947170060034019912e+01,4.773241831440701333e+01,3.902795891548883844e+01,3.403748320532584870e+01,3.280583869900330996e+01,3.441578980103498964e+01,3.832648242620854262e+01,4.388607944541622885e+01,4.978565996176718045e+01,5.445547562172944112e+01,5.808169446729536389e+01,6.467240465135940042e+01,7.611835748729575357e+01,6.760906835682567362e+01,4.933308147474897254e+01,2.490109667309159391e+00,2.535305154872125044e+00,2.333361129380817633e+00,2.113370108560752580e+00,2.013378319886793832e+00,2.070970040393294020e+00,2.308277013230219943e+00,2.750343951643496876e+00,3.445108279344155644e+00,3.585937643321401858e+00,2.551239293899687510e+00,2.165444791542181502e+00,2.168002481498954026e+00,2.336843010921962893e+00,2.574421530470916153e+00,2.768948082492261875e+00,2.845861574717933884e+00,2.913202542841730747e+00,3.142615276203586383e+00,3.642601697663438998e+00,4.442265688283297820e+00,4.271215107480442086e+00,2.946534709641457361e+00,2.944592874305618224e+00,2.985054126309427680e+00,2.823725314098934902e+00,2.783412206396729260e+00,3.009696563121355695e+00,3.465899568501584760e+00,4.118596113492523081e+00,4.970863480744913687e+00,6.027677383726515181e+00,7.211010617509527876e+00,8.228686473695191239e+00,8.572609899990480287e+00,7.704315434900066428e+00,5.529783573738534130e+00,3.257758282922573745e+00,1.861235188745968827e+00,1.209161059679897399e+00,9.560786914704744177e-01,8.860477732999916256e-01,8.852455947949811055e-01,8.895337826335558695e-01,8.569244339778459008e-01,7.576246897661453872e-01,5.750043558093942409e-01,3.126867283435474931e-01
2.041572331501562143e+00,2.042735342248813701e+00,2.046243182586948706e+00,2.052153195269412755e+00,2.060564156477151521e+00,2.071621613550034269e+00,2.085526529092862624e+00,2.102548692617189907e+00,2.123047286536661193e+00,2.147502504024623171e+00,2.176564668109581824e+00,2.211131745047900665e+00,2.252474119816660902e+00,2.302440275874795272e+00,2.363805356939807645e+00,2.440881056140598027e+00,2.540622730307595667e+00,2.674725981141623521e+00,2.863795592475715246e+00,3.146116038179214147e+00,3.597340467605836256e+00,4.378054477919568477e+00,5.857871793490120993e+00,8.958182797098679373e+00,1.602743383559968038e+01,3.129482140425506742e+01,4.905499523073238777e+01,4.831436745961196522e+01,3.961667680210157982e+01,3.422173892311371191e+01,3.254470855597955392e+01,3.370074723378989745e+01,3.720827881526047776e+01,4.267539465738173021e+01,4.933951493154040691e+01,5.629025205516205688e+01,6.446427611633471599e+01,7.757638270671705527e+01,8.251450348071077201e+01,6.749612191510759374e+01,5.532503577786531679e+01,4.613428372932813204e+01,2.353305266795735484e+00,2.374458882710683838e+00,2.158657153072263135e+00,2.018837732257749984e+00,2.041866593984231759e+00,2.265812649072418417e+00,2.751305799484060621e+00,3.512691275604562513e+00,3.462485206730558929e+00,2.517379822484633323e+00,2.155357104187949346e+00,2.130025821407288689e+00,2.268831340227694948e+00,2.498773511632390587e+00,2.740963725065603818e+00,2.901986135718703785e+00,3.002574983514083584e+00,3.210149473015233568e+00,3.674741577193463282e+00,4.371718082665965177e+00,3.892237273272680653e+00,2.758216073864638851e+00,2.881329075119365424e+00,3.077850029130257958e+00,3.018230390923615225e+00,2.936483693463132205e+00,3.089239314215252996e+00,3.501317645984824978e+00,4.133462717602876424e+00,4.973051848018139154e+00,6.014788973713325326e+00,7.175873382140062873e+00,8.127872244527356571e+00,8.163086142324393890e+00,6.633053362676067266e+00,4.225152602929949097e+00,2.393582123657378435e+00,1.462023367839282439e+00,1.102003159515874131e+00,1.031884595377030589e+00,1.097970966158778872e+00,1.218577061100134529e+00,1.342892250311478186e+00,1.429370255391959610e+00,1.435226616904861086e+00,1.314641057991072781e+00,1.029014312650611274e+00,5.724421442935723192e-01
2.144026636291773702e+00,2.145414752067642539e+00,2.149602994816646184e+00,2.156664598453172932e+00,2.166727022258685409e+00,2.179980960649430255e+00,2.196694970341273034e+00,2.217238262558984818e+00,2.242115884603013143e+00,2.272023311457038730e+00,2.307932300296311467e+00,2.351228482807088405e+00,2.403937060297989259e+00,2.469103281771212188e+00,2.551454458917978840e+00,2.658594453112295142e+00,2.803250702202997324e+00,3.007708903499628494e+00,3.313061642962233933e+00,3.799753270175121322e+00,4.636549384530718854e+00,6.205964155872100818e+00,9.441026995019452528e+00,1.664075518783496577e+01,3.170149423194982319e+01,4.898114920656210103e+01,4.866038265522557538e+01,4.007686328756746263e+01,3.445176727426081698e+01,3.247497978382325812e+01,3.332766196720999829e+01,3.660493219020823119e+01,4.217502939437321174e+01,4.991032808840176926e+01,6.002018178322379072e+01,7.432876503467427654e+01,8.825608068118708616e+01,8.075718330223604369e+01,6.624752289209050105e+01,5.716739176144850632e+01,5.191040876127486570e+01,4.638340982195089168e+01,2.308892044326893433e+00,2.240576931883730971e+00,2.062060288595035651e+00,2.043290000574204957e+00,2.246617515942717080e+00,2.751590080619426004e+00,3.520063643191428948e+00,3.341838785779460697e+00,2.513719997392038774e+00,2.170400004471439992e+00,2.115145941603291391e+00,2.220981564395407837e+00,2.431623279700900753e+00,2.692888843456753278e+00,2.924829089320968301e+00,3.086845657410952626e+00,3.291605223487859000e+00,3.714150477032940323e+00,4.293903108788699186e+00,3.614228603508695681e+00,2.616615370040342725e+00,2.802120807496732979e+00,3.110615399071869902e+00,3.184647080773839178e+00,3.113822046110481523e+00,3.192132577166995056e+00,3.539986251448301591e+00,4.134535333742627827e+00,4.947117707513982054e+00,5.953963977591946843e+00,7.049836530935116308e+00,7.851717047369866087e+00,7.555580535384054386e+00,5.726084959909050198e+00,3.504392499457775756e+00,2.051550896258425016e+00,1.385534475231997575e+00,1.190192288238511864e+00,1.244192451089931595e+00,1.429961830837345182e+00,1.685525344395888414e+00,1.972432719670047518e+00,2.256671296441270513e+00,2.494535307716128081e+00,2.619041262331744946e+00,2.528384711551778796e+00,2.092685371297386965e+00,1.220241833809621035e+00
2.266285774250609286e+00,2.267951910238841240e+00,2.272983436394526713e+00,2.281482358837538804e+00,2.293627957789823313e+00,2.309692301402199721e+00,2.330065568331862735e+00,2.355295809576540833e+00,2.386150954410326541e+00,2.423716285070254273e+00,2.469550206317205898e+00,2.525938736206545521e+00,2.596322558699748484e+00,2.686036365821209415e+00,2.803635682840588395e+00,2.963378166303143324e+00,3.190088367895338450e+00,3.529225388190737611e+00,4.069035482195094033e+00,4.992688205151174508e+00,6.709319843275018513e+00,1.019450658693463652e+01,1.775340547047856887e+01,3.288642440774318487e+01,4.930592223421494680e+01,4.879826784773769788e+01,4.039632931439767560e+01,3.473121142726722610e+01,3.263086429490803653e+01,3.338142854635278667e+01,3.671031885644335802e+01,4.283113495695845074e+01,5.246234354858253823e+01,6.714589387467823656e+01,8.575857152700625363e+01,8.986181646253326960e+01,7.691363685966534547e+01,6.524830290825701695e+01,5.804537434420215902e+01,5.400962307228993353e+01,5.168503236643839927e+01,4.777264946227020914e+01,2.290213190371526153e+00,2.149748226646863714e+00,2.075602334161552598e+00,2.247978355325708222e+00,2.750471491859429740e+00,3.464405112699509015e+00,3.203480524215152059e+00,2.511112626974765227e+00,2.198201727403237271e+00,2.115943163234890179e+00,2.186785948433089821e+00,2.371118793888982168e+00,2.630712384499989120e+00,2.907618563255787159e+00,3.140533492424757434e+00,3.369757392734062940e+00,3.753111375752427037e+00,4.211495463280034990e+00,3.409216673878201487e+00,2.496970650926355617e+00,2.707345516331938207e+00,3.086088686270271886e+00,3.289699206719765012e+00,3.285788386523869065e+00,3.312993566603972262e+00,3.581771472042971638e+00,4.118689888528215270e+00,4.886810004739650104e+00,5.838406747840130251e+00,6.835967206271065244e+00,7.451812509531396955e+00,6.910872702306991577e+00,5.074970568143887917e+00,3.152268561681537129e+00,1.971816327880582254e+00,1.466220622636948967e+00,1.379452425471838772e+00,1.536946140135031502e+00,1.846473852191266030e+00,2.264177684954571390e+00,2.770793318931752403e+00,3.356733868463035453e+00,4.009637524311848722e+00,4.697494185082440765e+00,5.336948835797405977e+00,5.726431939089371426e+00,5.417065119579389076e+00,3.630719047334207694e+00
2.413219504732166953e+00,2.415268497424216676e+00,2.421465339387851579e+00,2.431964289286048242e+00,2.447038798551059990e+00,2.467109026806435512e+00,2.492787103609961363e+00,2.524948948585903352e+00,2.564847775915857220e+00,2.614295471581162822e+00,2.675958179661053205e+00,2.753850500978916038e+00,2.854187435599053746e+00,2.986906126880650714e+00,3.168497110994961119e+00,3.427523231233253753e+00,3.815963055000137771e+00,4.433951584696882442e+00,5.487275959973181294e+00,7.428903469664483339e+00,1.131164107632976012e+01,1.948854696153539123e+01,3.490858248872279290e+01,5.000558391213788667e+01,4.875566767830834181e+01,4.060108159136554207e+01,3.511134933752529008e+01,3.311600652149289914e+01,3.406166460963950016e+01,3.792059656487178643e+01,4.544927431036504828e+01,5.839346702282750812e+01,7.764762024127939810e+01,9.128323377059601285e+01,8.526752546024171409e+01,7.362657809621831007e+01,6.466229767272167805e+01,5.870631019520491378e+01,5.519946723020265722e+01,5.358535887910713313e+01,5.287797974198884532e+01,4.962150610456406952e+01,2.288663155192649512e+00,2.160893153179865855e+00,2.282372618063077674e+00,2.762992680525266920e+00,3.380248637024063640e+00,3.059595911028045734e+00,2.501141032563714006e+00,2.239677137941886720e+00,2.139562607232536884e+00,2.174175818570611707e+00,2.327613219085711282e+00,2.573252642806056478e+00,2.871005881974753038e+00,3.164974729863068159e+00,3.441996240664191298e+00,3.802434650560926332e+00,4.150894159735396549e+00,3.280438190807100085e+00,2.406652199740832998e+00,2.615475528853516973e+00,3.033293242996659700e+00,3.341427381678552244e+00,3.439757515794439335e+00,3.459434600394684090e+00,3.647075074138739215e+00,4.105721859972366161e+00,4.810337308052625716e+00,5.690118812655464708e+00,6.573754567266809623e+00,7.012185103590873325e+00,6.337657685840425437e+00,4.650564058729655947e+00,3.029415758711895279e+00,2.049839808426812127e+00,1.649636943702414982e+00,1.642658308033717596e+00,1.894943960793438187e+00,2.336746939187761551e+00,2.945265814069508714e+00,3.731092973428951076e+00,4.732610229125100432e+00,6.016986389590329054e+00,7.686172915700595354e+00,9.886085598081439940e+00,1.281616701290253602e+01,1.674198611808106563e+01,2.205215830895777174e+01,2.881894152997899283e+01
2.593453553631874797e+00,2.596086875028502661e+00,2.604067644568630602e+00,2.617646787967409239e+00,2.637272423805714361e+00,2.663640538051093021e+00,2.697779172071135267e+00,2.741183779070044402e+00,2.796034685482828852e+00,2.865551545616262796e+00,2.954584677845883967e+00,3.070631132494228144e+00,3.225642599364553220e+00,3.439374472128065019e+00,3.745881403437900659e+00,4.206784882766645417e+00,4.939960369921037042e+00,6.185287556716767554e+00,8.462367145231663557e+00,1.294087572051441093e+01,2.203353698448826492e+01,3.781878239948743925e+01,5.097191952091536393e+01,4.856676199405926297e+01,4.077473622827000099e+01,3.572507775010584652e+01,3.416142264889956692e+01,3.578656333675589707e+01,4.101077710109976948e+01,5.133468585946032903e+01,6.841891358054384398e+01,8.594679163064220973e+01,8.801354417696421706e+01,7.970287735216356850e+01,7.121816372558411956e+01,6.441219800375765203e+01,5.937489333667924996e+01,5.615860900489268914e+01,5.470133100300573403e+01,5.467575860289078094e+01,5.502082932831895334e+01,5.175303908656252361e+01,2.331382561628969619e+00,2.355100201049808994e+00,2.783850300131607280e+00,3.276876075257084686e+00,2.903709419861577601e+00,2.457860487256047222e+00,2.272370293456915658e+00,2.176029276696389569e+00,2.177395846334451157e+00,2.296071499027396712e+00,2.519226362435211808e+00,2.818810417411599101e+00,3.152630946913892451e+00,3.484893790548682091e+00,3.846112165430848329e+00,4.105953932539552653e+00,3.201565246594739733e+00,2.331265529131010261e+00,2.520136804258177321e+00,2.955457890025292578e+00,3.337379912510274327e+00,3.544177275836646324e+00,3.605229971500101271e+00,3.731449822357479906e+00,4.097350684061085602e+00,4.718290252037782295e+00,5.511226941354241404e+00,6.276495412306859478e+00,6.566315809513745272e+00,5.843840425759050383e+00,4.362837948768971685e+00,3.022346249870122570e+00,2.209820476102075659e+00,1.890071544260729652e+00,1.947078348500796974e+00,2.287110295416472372e+00,2.863093897921031861e+00,3.675307409682693205e+00,4.770037193499520711e+00,6.246734758834038281e+00,8.278984902305207783e+00,1.115224581167233353e+01,1.530203777535583676e+01,2.122225082272868235e+01,2.877318229414559525e+01,3.593530093748020704e+01,4.124473997679014303e+01,4.815336454050174098e+01
2.825342362486926717e+00,2.828950850752576240e+00,2.839916099428685392e+00,2.858673666679001357e+00,2.886006659267881247e+00,2.923143445604670099e+00,2.971921979061853403e+00,3.035058253679856488e+00,3.116586214407346400e+00,3.222591946875041913e+00,3.362472924028414578e+00,3.551172165551230719e+00,3.813302016759079205e+00,4.191106233894381639e+00,4.760622611147702798e+00,5.666292617382550745e+00,7.198910217832244385e+00,9.975851480590181453e+00,1.532550486882585616e+01,2.565814634326113364e+01,4.160977105451581082e+01,5.203121031921889994e+01,4.831335078187601795e+01,4.110950457874671571e+01,3.686747132432039109e+01,3.625549605947288967e+01,3.939333532010923733e+01,4.730994864411932355e+01,6.151121999425779308e+01,7.861487593749983205e+01,8.549823732818029498e+01,8.118793017231602960e+01,7.504216203537040997e+01,6.948179356199426593e+01,6.439983451022493455e+01,6.011957684469574303e+01,5.711846947186212020e+01,5.566733847377356170e+01,5.576832154918685092e+01,5.703813728575762809e+01,5.814879864701046586e+01,5.447313860091414028e+01,2.518398202022376076e+00,2.830773867099267704e+00,3.186783325780317977e+00,2.760616660445958104e+00,2.387561081800093632e+00,2.287182766986672888e+00,2.225781492732359368e+00,2.204229864922013782e+00,2.285199145646110708e+00,2.479369432110956062e+00,2.768271594527749180e+00,3.121456733190264288e+00,3.501283030693647103e+00,3.885231950082790320e+00,4.091081487752989965e+00,3.180874670720679198e+00,2.283692119366431683e+00,2.434037463632532372e+00,2.871316500483978018e+00,3.301154725656552102e+00,3.602753778420941799e+00,3.739883342805772060e+00,3.842904096361898780e+00,4.115307998004458234e+00,4.634315867669281275e+00,5.327195835020281933e+00,5.977902883771468723e+00,6.154971802382203094e+00,5.438923671745810040e+00,4.168029674750206581e+00,3.082682054575491826e+00,2.424899868476837472e+00,2.176236318685587090e+00,2.285528209737330840e+00,2.701032799297842235e+00,3.397692962150133944e+00,4.393392024632469806e+00,5.755756440347892244e+00,7.608725348594846949e+00,1.013555829545850173e+01,1.354203089528204274e+01,1.783202083792340176e+01,2.202879702634344028e+01,2.340474913985163141e+01,2.037341163256400733e+01,1.507337346929089605e+01,9.652778992907318667e+00,4.700465855564450735e+00
3.144554306897240359e+00,3.149913849786911690e+00,3.166249429300771467e+00,3.194364417448136706e+00,3.235713026531927827e+00,3.292599364881110269e+00,3.368517153655603558e+00,3.468715479337669549e+00,3.601147944411842161e+00,3.778101472307981989e+00,4.019081371148480741e+00,4.356120519614892217e+00,4.843983638093241062e+00,5.580730894501417794e+00,6.751180542392498651e+00,8.722260287681260493e+00,1.225046666512983329e+01,1.884954675227307064e+01,3.068914224738724528e+01,4.611261093211901141e+01,5.301134155087193989e+01,4.821038624240594572e+01,4.200596591644103484e+01,3.914902873109594594e+01,4.036565806887401919e+01,4.631317724447551143e+01,5.797814175003001225e+01,7.294568549278028513e+01,8.105809110559097519e+01,7.903080843672576350e+01,7.476728821244169865e+01,7.143591254723415318e+01,6.820203686272279242e+01,6.454711511058015105e+01,6.095282233672729433e+01,5.816473096680532251e+01,5.669969696406348447e+01,5.678081764054972069e+01,5.835125489741419358e+01,6.089161735372998407e+01,6.276484193188840521e+01,5.872537010967826632e+01,2.935975759790587780e+00,3.127722287805467793e+00,2.638257905019636418e+00,2.293332466328057428e+00,2.264142840502458842e+00,2.270097361675293968e+00,2.249724223056137618e+00,2.294229611126108459e+00,2.453213966710898752e+00,2.721741813133660148e+00,3.077276838342646315e+00,3.487755526874147805e+00,3.903435742487970650e+00,4.092610257098105997e+00,3.204155417051346433e+00,2.260771257798044331e+00,2.355145881971765220e+00,2.781935394482748514e+00,3.239673504552476047e+00,3.613988867457962328e+00,3.839180245688544879e+00,3.962849453760797225e+00,4.161368681471055986e+00,4.568005287076115195e+00,5.148003816527834786e+00,5.688178332632021217e+00,5.782180577491846662e+00,5.099584872862727991e+00,4.016887776461741666e+00,3.160462699803034958e+00,2.658379304904112672e+00,2.483727672288460475e+00,2.637157080889340754e+00,3.109490273524273540e+00,3.894498722355277387e+00,5.012524254760486464e+00,6.514487407856517365e+00,8.463534805645023695e+00,1.088261226323120567e+01,1.364600940225506598e+01,1.624668003399194305e+01,1.732701059761434692e+01,1.539216209824568793e+01,1.156421326517376258e+01,7.945195209327604147e+00,5.177708645623013695e+00,3.107076696531629878e+00,1.460121070156272793e+00
3.624111464034618368e+00,3.632825374679971020e+00,3.659469448763363886e+00,3.705620170344281483e+00,3.774152570328226375e+00,3.869673207091173239e+00,3.999272204938497666e+00,4.173804339710507350e+00,4.410097792707246001e+00,4.734866219000988252e+00,5.191886959476055274e+00,5.855716229249585680e+00,6.859024669679847364e+00,8.449131949697374466e+00,1.110634784167152667e+01,1.577243118883615480e+01,2.409579694063870292e+01,3.740058296427377371e+01,5.092491464605885909e+01,5.392875277627300079e+01,4.877751947017338097e+01,4.428275007350801218e+01,4.376494813424351804e+01,4.809802301559896875e+01,5.770481853374884906e+01,7.012381942276526559e+01,7.727242053469323935e+01,7.576146120377693194e+01,7.191930537991990491e+01,6.972674590292018593e+01,6.867768622743196261e+01,6.724113167622208209e+01,6.480520005549848861e+01,6.187106314216699587e+01,5.932938689274251942e+01,5.788332369260419341e+01,5.792896308194757893e+01,5.961568667786012554e+01,6.281864664885140570e+01,6.686351064515288556e+01,6.974965165141458101e+01,6.514719205663570278e+01,3.169343543673797114e+00,2.556224427996256487e+00,2.190906437342832191e+00,2.199184179029134434e+00,2.287831510184890060e+00,2.306187669071479984e+00,2.325390460970711004e+00,2.444139629601549402e+00,2.683715842802247842e+00,3.028652480327609364e+00,3.451930364913446958e+00,3.895028509297615571e+00,4.098108300973146711e+00,3.263032461050807687e+00,2.266199581689742892e+00,2.287107795128495713e+00,2.691617887374120333e+00,3.162156031212970397e+00,3.587580454289651666e+00,3.894615760322139852e+00,4.072031733600067760e+00,4.233068309741172541e+00,4.531855171731901777e+00,4.989013458953905911e+00,5.419905119848267283e+00,5.451035682052141063e+00,4.811504358079088384e+00,3.884318014837850885e+00,3.227132871194926533e+00,2.885083064639937245e+00,2.795229994727943534e+00,2.988259317364727607e+00,3.494449630204754520e+00,4.321789765538797568e+00,5.474937493040288317e+00,6.949725495901049044e+00,8.694195275069137807e+00,1.056476786428472892e+01,1.234355380742258035e+01,1.368295785248123764e+01,1.360469203331421362e+01,1.131797754093292241e+01,8.178046393284398974e+00,5.580904207559623131e+00,3.733955744046169034e+00,2.431438519924189468e+00,1.466605171886903314e+00,6.916138314596143033e-01
4.419466584079856375e+00,4.435035528443842523e+00,4.482793565857368101e+00,4.566054101982608415e+00,4.690912760573451301e+00,4.867264934813930743e+00,5.110609033651780209e+00,5.445196630153947837e+00,5.909624063946939287e+00,6.567050176372335457e+00,7.524514362970702308e+00,8.970631510858350310e+00,1.125021696259551618e+01,1.500551488103503139e+01,2.137615189852784070e+01,3.184059619480009573e+01,4.574366768987805187e+01,5.558516315007248210e+01,5.533854304121591383e+01,5.113787471295676568e+01,4.948408784712222541e+01,5.253670910421345042e+01,6.036006797167235050e+01,7.002490254204796827e+01,7.497099583939601075e+01,7.285984880783237827e+01,6.863139908586364868e+01,6.620948752418836136e+01,6.596774624090546979e+01,6.657695942027675073e+01,6.652757098290081217e+01,6.515071918204012036e+01,6.286880502676905991e+01,6.062308952374320370e+01,5.925315768419417140e+01,5.929925153580647645e+01,6.106164185397715727e+01,6.464553051296297781e+01,6.982207156064472997e+01,7.550964843418994121e+01,7.834264295325144190e+01,6.893361667421558536e+01,2.589843165643013201e+00,2.099512062827491032e+00,2.101693108790980702e+00,2.260196669498548694e+00,2.356001380330852157e+00,2.378036864318511245e+00,2.456297098138970902e+00,2.658388145823464832e+00,2.982040022661114342e+00,3.403012758101120472e+00,3.861750972790156666e+00,4.094770914114942428e+00,3.344425419845875602e+00,2.302288087149761964e+00,2.234517838378069499e+00,2.604480489077731775e+00,3.075435388746261545e+00,3.533890454948629412e+00,3.907622371805397066e+00,4.153712747975191633e+00,4.318106083316042287e+00,4.532211231151861419e+00,4.864734969881967075e+00,5.184256874005521709e+00,5.161798966066766248e+00,4.563654252377657983e+00,3.756235399208218695e+00,3.264165890128611913e+00,3.083443807344399268e+00,3.093994439389824436e+00,3.327679779610681621e+00,3.845775466251166730e+00,4.666951771690674988e+00,5.769465183305455547e+00,7.081580288536882151e+00,8.457434634304107135e+00,9.715431215284286992e+00,1.078264033388851573e+01,1.158047738351895006e+01,1.129842107541210083e+01,9.238805320499599461e+00,6.604653134627014310e+00,4.506787413543111853e+00,3.057124192676674568e+00,2.065674032196007648e+00,1.361177587346706908e+00,8.287829879965125102e-01,3.929586537925855438e-01
5.881326668760422649e+00,5.911944524043233784e+00,6.006176974445831540e+00,6.171560610370319111e+00,6.422101273517977660e+00,6.780877758633707231e+00,7.284746659238861000e+00,7.992743091806620015e+00,9.001293249594555235e+00,1.047229315908171365e+01,1.268525950397484436e+01,1.613009916628942619e+01,2.163844102588299378e+01,3.037232927953090922e+01,4.274910010217109857e+01,5.508517778358967831e+01,6.029596488245800856e+01,5.882198511442895494e+01,5.730495674498094161e+01,5.952171277951480022e+01,6.550987827266688157e+01,7.196190386154424345e+01,7.392319088698258156e+01,7.059966770194554897e+01,6.582456769360476301e+01,6.271266492220286182e+01,6.204595562071948223e+01,6.323079952175181262e+01,6.501280919835548389e+01,6.603731155244815909e+01,6.558398992367845892e+01,6.394768055077029345e+01,6.205093560708342437e+01,6.082407196469309696e+01,6.092719879352288359e+01,6.277748339119638388e+01,6.661735022797586225e+01,7.241519324563125792e+01,7.935019486676159772e+01,8.451201196067091814e+01,8.159555478866994349e+01,6.360093453158693677e+01,2.066177261295609746e+00,1.988513796567281666e+00,2.181233144627658938e+00,2.372661578306867192e+00,2.443296022836549675e+00,2.493387606432428960e+00,2.650327015751052784e+00,2.942240067944501547e+00,3.348517155058339245e+00,3.809670127968778353e+00,4.074689845854839731e+00,3.432355815454779524e+00,2.367439277233374106e+00,2.201734371753938380e+00,2.524660284300139779e+00,2.984468742990409318e+00,3.461177287942807101e+00,3.884626003457103405e+00,4.198769585717821329e+00,4.398464463532613777e+00,4.564982502298220446e+00,4.785192430365570182e+00,4.991544762987154549e+00,4.915418324922926629e+00,4.349599421168570679e+00,3.626812535436141349e+00,3.261444138596614195e+00,3.235848298613697160e+00,3.363411516739145402e+00,3.645479727208567056e+00,4.159774121719461704e+00,4.934363471085556618e+00,5.922910525782154600e+00,7.001425492923685212e+00,7.986763175540378512e+00,8.753380014482159410e+00,9.395449081343688391e+00,1.000021909374928519e+01,9.839731976630240240e+00,8.111318369868625311e+00,5.804386693207708170e+00,3.958987549397041672e+00,2.698286221965784382e+00,1.853241018613394075e+00,1.269868073167734757e+00,8.468160153719761496e-01,5.201326309091647282e-01,2.478879576707893051e-01
