# rows 430:5:700 nm, cols 0:1:89 deg, 100*(1-R)
7.942424624573601477e+01,7.963500466265981004e+01,8.026817368288091359e+01,8.132471467386083930e+01,8.280017613485604500e+01,8.467455818604264550e+01,8.689637853756033792e+01,8.936053046075274153e+01,9.188256045681963258e+01,9.417903413683593783e+01,9.587447244781108679e+01,9.656201552546336586e+01,9.592806916938233996e+01,9.389749072742728231e+01,9.070241109543061953e+01,8.680521144644920639e+01,8.271853450822031562e+01,7.884108611471751260e+01,7.539118794167684712e+01,7.243991294615396725e+01,7.000493617160194049e+01,6.816669854010689278e+01,6.718028162329736119e+01,6.756097272951136290e+01,7.003266974526511035e+01,7.454123255712556784e+01,7.632115714086403102e+01,6.880573527839672465e+01,5.934577754559586538e+01,5.311049673782671476e+01,4.840833681489120721e+01,4.420284849460303178e+01,4.083974064659919634e+01,3.911736222769308569e+01,3.950936158389984598e+01,3.625739855331597994e+01,3.298504566269291161e+01,3.147247023647452480e+01,3.033106493749953003e+01,2.962907613582224187e+01,2.970345599497148470e+01,3.037921953881712511e+01,1.916831259474038873e+01,2.493858945305189678e+01,1.992378712011341335e+01,1.966190002680782101e+01,1.932079149583546496e+01,1.842348823083973386e+01,1.713600804535825262e+01,1.608613792883442173e+01,1.721700277470328189e+01,2.141514840965275113e+01,1.701554069880740627e+01,1.424445985573659001e+01,1.351009654019081907e+01,1.425420118857672058e+01,1.599941977672918370e+01,1.600312486375361587e+01,1.520816674907675647e+01,1.490596726410375794e+01,1.469719718551059096e+01,1.444421667579705115e+01,1.447963278911954532e+01,1.527265657639765806e+01,1.712461203549005972e+01,2.000165054472503456e+01,2.323628614911564938e+01,2.536638308828835875e+01,2.513814290155021069e+01,2.279205069221559299e+01,1.951740202727694395e+01,1.633909517585823323e+01,1.380318355525140817e+01,1.215756157031862017e+01,1.167136479240127400e+01,1.312378928201514228e+01,1.878891545729177892e+01,2.938349806018399946e+01,2.535257794132768083e+01,1.470448282563587838e+01,9.303731796303104318e+00,6.645259896802380162e+00,5.121366930289095620e+00,4.110774714848552946e+00,3.352982439885709987e+00,2.723865700798033807e+00,2.157629451416576138e+00,1.617296380354837915e+00,1.082565907266197502e+00,5.441235211928741045e-01
9.742354004543641111e+01,9.743743428341971935e+01,9.746277244022495267e+01,9.745117536793938484e+01,9.732482958565179842e+01,9.698276272685939148e+01,9.631294414600044718e+01,9.521138001298712084e+01,9.360640026251833490e+01,9.148191491552893240e+01,8.889012211962577226e+01,8.594564378493942058e+01,8.280064341236574421e+01,7.961028293614153029e+01,7.650330973973444770e+01,7.357037921357051857e+01,7.087539128514379172e+01,6.848727347298562051e+01,6.652431724788756640e+01,6.520187999650215716e+01,6.487598706825239958e+01,6.606158074273378134e+01,6.927060085673872436e+01,7.391435568505897891e+01,7.542647790710684319e+01,6.893800911529149289e+01,6.001446630762967516e+01,5.309659852805452829e+01,4.732361687589794741e+01,4.214089068839997054e+01,3.800953559731748044e+01,3.554313005327149000e+01,3.532993001872104344e+01,3.536774478992074933e+01,3.154169495922101163e+01,3.003802273576587822e+01,2.977073329589276085e+01,2.989263218830460289e+01,3.053173270120577243e+01,3.220224489674880886e+01,3.581486122351149959e+01,4.335590992944149491e+01,2.594590222011634495e+01,1.794048216169956689e+01,1.733667612443211681e+01,1.661679276955809570e+01,1.551616801434770920e+01,1.426013265600913904e+01,1.337725239857980952e+01,1.481266138971544244e+01,2.081614189100628920e+01,1.485342624802248324e+01,1.213178856001606576e+01,1.142760398495818919e+01,1.181354009245214698e+01,1.328611483512469604e+01,1.486998010543901749e+01,1.476737092198472467e+01,1.415462589289855444e+01,1.366985829900170302e+01,1.340134644153264709e+01,1.363266411707484416e+01,1.468111060635672871e+01,1.667922545872051643e+01,1.934437343918931163e+01,2.168159783770129323e+01,2.233784529389213347e+01,2.093025758500702693e+01,1.832025581562967176e+01,1.554805358922142133e+01,1.325516615565320855e+01,1.177885261636095748e+01,1.148329159532794819e+01,1.332275421552782113e+01,1.952145057403065209e+01,2.566740328091115941e+01,1.804985954775215617e+01,1.108245885277744414e+01,7.730454302214006645e+00,6.001260252909279558e+00,4.981463375929751081e+00,4.306444676069642874e+00,3.812009834166008027e+00,3.411453429157718098e+00,3.050052248527135301e+00,2.686733343920466588e+00,2.287289622650823251e+00,1.824428420509227600e+00,1.282785379862994013e+00,6.659597204448641783e-01
8.744397874039775331e+01,8.730142675628792404e+01,8.687357353137691973e+01,8.616065661164456913e+01,8.516560255414793801e+01,8.389703872206928281e+01,8.237209053896872035e+01,8.061795467847080943e+01,7.867160142892677754e+01,7.657773546912750362e+01,7.438613051865974057e+01,7.215025050684334929e+01,6.992925109287688201e+01,6.779480963479763034e+01,6.584296609487564922e+01,6.420994058379079661e+01,6.309050647919194432e+01,6.275745365353259331e+01,6.357462997645806269e+01,6.595491837239542576e+01,7.003560551261831790e+01,7.443776631086119266e+01,7.472782479946329204e+01,6.829642542830924867e+01,5.969737855708399366e+01,5.205679292107071632e+01,4.529225022162493275e+01,3.947496613651989605e+01,3.506538687390673203e+01,3.240391254258015863e+01,3.179509009028633670e+01,3.306438156544931672e+01,3.129231047191809267e+01,2.881254564945619023e+01,2.865764970400417155e+01,2.927755053299243571e+01,3.016077655643583100e+01,3.146644864127379293e+01,3.367637559797223901e+01,3.752596014178097761e+01,4.336587759204652315e+01,4.881162234200879624e+01,1.634451360267005171e+01,1.512878307770135677e+01,1.418587545754446211e+01,1.305777860322028161e+01,1.193706679225010703e+01,1.123987854304932021e+01,1.289602816355965942e+01,2.057773134557825401e+01,1.270572442368766986e+01,1.034051685972638879e+01,9.791769776310299989e+00,1.005132190494322231e+01,1.111733016928029372e+01,1.303442145456652490e+01,1.420705987038195417e+01,1.368331379074567700e+01,1.294079241055663410e+01,1.261515802388900553e+01,1.294195344145663285e+01,1.409099896224811310e+01,1.603611236392852391e+01,1.827545724881091260e+01,1.968389071379375110e+01,1.931634945123147418e+01,1.744736943073392865e+01,1.505224813613066459e+01,1.289720461209256186e+01,1.140637293637718486e+01,1.094267388828449228e+01,1.229878679731777424e+01,1.718639422309258435e+01,2.196954358451215228e+01,1.595582340794441478e+01,1.020591657949049313e+01,7.387235702869842768e+00,5.954918216592108848e+00,5.159165861378511408e+00,4.700676445347307109e+00,4.452752147328364885e+00,4.360424822059217220e+00,4.402726279270785525e+00,4.575280583182483873e+00,4.875780561696907434e+00,5.279503402780028054e+00,5.689281822504255182e+00,5.848655594877783415e+00,5.260884449425184961e+00,3.325586350407649938e+00
7.266625781881654689e+01,7.255045761565978069e+01,7.220556076577915405e+01,7.163917946257953417e+01,7.086434402248690390e+01,6.990005338822190595e+01,6.877214949143198908e+01,6.751467021873071417e+01,6.617190069350709791e+01,6.480136497203700685e+01,6.347796521284424642e+01,6.229941698655117222e+01,6.139311041648439016e+01,6.092447076176726029e+01,6.110601128608387000e+01,6.220123337424578835e+01,6.449656749810563383e+01,6.814301269347598122e+01,7.260541934932913932e+01,7.558783672530410058e+01,7.353173368180372904e+01,6.632840128576592065e+01,5.755508382519919053e+01,4.926686745852188665e+01,4.201160899914538049e+01,3.618192369757748850e+01,3.202118397078115208e+01,2.958451082860533887e+01,2.895840644933385022e+01,3.030030309577595915e+01,3.115775576431971672e+01,2.848782518530104113e+01,2.769781244213531579e+01,2.843266380736120169e+01,2.948725518633732534e+01,3.052221962855043813e+01,3.169283895373056126e+01,3.332359000271642202e+01,3.565860026272886785e+01,3.760102207753062231e+01,3.705236395781194148e+01,3.079008971808633177e+01,1.320829653670870840e+01,1.211045799709218329e+01,1.105027483558658119e+01,1.009547092679343727e+01,9.563092437798093925e+00,1.140489530840976862e+01,2.012861573483068867e+01,1.072187354892786360e+01,8.885735348946832701e+00,8.520004945346681069e+00,8.749310140862620599e+00,9.537629536325752611e+00,1.113174842288268174e+01,1.313569832396411741e+01,1.338306858670961219e+01,1.248763233731564526e+01,1.202811936660122072e+01,1.234248836987913478e+01,1.346612978094858804e+01,1.522905170608164127e+01,1.697652088669151382e+01,1.762501947344683373e+01,1.667710376861957400e+01,1.475178718771499220e+01,1.272231124147222836e+01,1.113917328943023755e+01,1.035468647644384177e+01,1.090794192479538438e+01,1.401265520231036454e+01,1.885277191560621546e+01,1.583711906876022013e+01,1.039377542777748431e+01,7.516586171965111696e+00,6.106569184137300432e+00,5.396754764096867163e+00,5.087272197477665792e+00,5.083912112783628423e+00,5.412177932239248257e+00,6.234711744776522124e+00,7.993782416152517278e+00,1.187667522993697311e+01,2.103350803019385751e+01,3.726297394063485058e+01,3.267210949873216208e+01,1.599555425118057705e+01,7.860358343115924740e+00,4.024909934607889817e+00,1.756415330771843308e+00
6.156963498189828243e+01,6.150791383293672254e+01,6.132737491208312974e+01,6.104213179351003760e+01,6.067651447020321598e+01,6.026630697686751148e+01,5.986053569055447099e+01,5.952386682480843660e+01,5.933967288744364055e+01,5.941373567959835356e+01,5.987810445296575068e+01,6.089301308087357967e+01,6.263965595433418088e+01,6.528195284837269696e+01,6.883927292663967989e+01,7.285749836754462194e+01,7.586327108779425998e+01,7.540239113580149422e+01,7.014401336255356512e+01,6.171846130528047070e+01,5.264206615248900079e+01,4.438165633593767012e+01,3.758893735240583567e+01,3.248296425584437941e+01,2.902434788052820025e+01,2.710280489563785622e+01,2.671882540717373899e+01,2.805147263167915384e+01,3.022074710823121535e+01,2.901648102127935047e+01,2.736133029823699658e+01,2.776670332760032878e+01,2.882257500625331659e+01,2.965591765063253504e+01,3.011803056548681923e+01,3.045588218439063866e+01,3.093425472968952405e+01,3.160852858839371393e+01,3.122426696636302523e+01,2.937858883347199779e+01,2.566076356046583840e+01,1.993594296018553891e+01,1.042411522503258148e+01,9.446245608591208764e+00,8.648884858357430261e+00,8.245786116684161726e+00,1.020848975966763916e+01,1.870151258069188316e+01,9.050483212740711991e+00,7.743324620296865746e+00,7.538825408011717855e+00,7.771606423582378298e+00,8.394984861532183373e+00,9.603467657776754152e+00,1.161103138805112955e+01,1.295770102833333581e+01,1.227016455432878850e+01,1.161244443309163898e+01,1.180842470454406268e+01,1.280936669448313836e+01,1.432524813697718713e+01,1.562008017141864968e+01,1.573569060318811275e+01,1.452087351087487654e+01,1.272045598794156973e+01,1.106184324257064588e+01,9.962913329837874699e+00,9.789033665778479332e+00,1.126871623976724024e+01,1.514650314917799179e+01,1.607657612579943418e+01,1.134835377862939509e+01,8.013725509904967126e+00,6.384625286938816480e+00,5.620649708844016601e+00,5.356584002679132261e+00,5.506650945385560547e+00,6.192523764230717376e+00,7.889017146740462394e+00,1.204046484717056131e+01,2.197585629056990797e+01,2.813511404586164133e+01,1.539024282847447722e+01,7.906003997033628217e+00,4.851851070113366582e+00,3.350303214832561771e+00,2.424980577956936667e+00,1.730574511026161666e+00,1.128813265844974545e+00,5.604185338314304765e-01
5.890806181742240710e+01,5.895427248619697025e+01,5.910041295440792908e+01,5.936919154228705509e+01,5.979899713574068443e+01,6.044441190305058598e+01,6.137606077497912338e+01,6.267809955695567936e+01,6.443934509954421230e+01,6.672908349801912209e+01,6.953923872450754118e+01,7.266320403965683283e+01,7.549471774041241190e+01,7.685852041247513000e+01,7.528873407712146104e+01,7.008416290466725229e+01,6.214708398815160706e+01,5.328513433137662503e+01,4.499072313292934666e+01,3.804114831231967031e+01,3.266718430665912365e+01,2.880707065117786669e+01,2.630600795666893177e+01,2.504941453654057071e+01,2.505488810267441124e+01,2.650520952117780737e+01,2.912139243733879823e+01,2.969675882567565139e+01,2.781343636059103730e+01,2.756990811718582535e+01,2.837156558142766016e+01,2.893915725399223149e+01,2.884159644847636983e+01,2.831180149116379141e+01,2.774282169988702051e+01,2.736036606369403046e+01,2.711832951653172330e+01,2.586075772837644848e+01,2.403146041826673596e+01,2.153790050752315466e+01,1.832872109731916765e+01,1.452995832661094866e+01,8.196066734107132490e+00,7.519671468591648811e+00,7.203864448936236897e+00,9.153998657247441884e+00,1.614887912060225617e+01,7.741868803531959387e+00,6.864465168607636336e+00,6.784270901665056641e+00,7.028022422114377221e+00,7.552701059699773012e+00,8.479635751300730107e+00,1.010486819012126247e+01,1.207633613537468875e+01,1.216477532372155501e+01,1.135229996602649116e+01,1.133223988224499834e+01,1.213559494441341968e+01,1.338695136321843648e+01,1.432257357751418603e+01,1.411175879852436488e+01,1.281716099866201475e+01,1.119910506659009819e+01,9.861230940331600081e+00,9.148608695718618122e+00,9.462803558374277557e+00,1.155558997950001299e+01,1.465079140793383772e+01,1.278909647862076504e+01,8.990063896083944073e+00,6.856675019428037920e+00,5.862578484076830243e+00,5.506446260646081114e+00,5.643948966508050447e+00,6.409133095005459246e+00,8.404395232251204106e+00,1.342824945967213779e+01,2.237204748339902594e+01,1.800824832784952889e+01,9.358421277595441623e+00,5.775668828282554124e+00,4.263239120528194981e+00,3.480748837111979910e+00,2.971629964805799773e+00,2.553770713268477266e+00,2.140676938681362884e+00,1.687571202568405315e+00,1.175294364383350221e+00,6.059716231948453213e-01
6.987485008571300682e+01,7.003302446889230737e+01,7.050695514795954466e+01,7.129182234511513627e+01,7.236853379600790959e+01,7.368399607141276419e+01,7.511801084533969686e+01,7.643555307558875711e+01,7.723588873137327937e+01,7.694188406102318822e+01,7.491306205524233519e+01,7.073737974273987561e+01,6.456318626665711236e+01,5.714445322005641259e+01,4.949008912827190443e+01,4.243572182392993852e+01,3.645284640207323434e+01,3.169317995602720828e+01,2.811981449380120779e+01,2.562576845728712271e+01,2.411437779987091190e+01,2.355279697066192668e+01,2.401668843120681274e+01,2.569953826840645306e+01,2.850643522053486478e+01,3.022171554382597947e+01,2.885362054819811206e+01,2.797434075892126870e+01,2.826788132411682852e+01,2.839721221510036386e+01,2.774901711206235788e+01,2.656754576102112608e+01,2.534068977774597187e+01,2.435937043854177375e+01,2.369736735252761051e+01,2.312621540307457835e+01,2.167839724297071413e+01,2.014604917915776383e+01,1.839907023307087996e+01,1.636171013927456386e+01,1.415586088264798548e+01,1.168114664447594819e+01,6.651839660132763399e+00,6.376624668598296353e+00,8.056920664548083977e+00,1.344938200490350866e+01,6.770567743965083096e+00,6.203833924104507069e+00,6.211981783569830995e+00,6.465141129267415465e+00,6.927876829989365604e+00,7.671571546288391552e+00,8.918120236750247898e+00,1.083888945203372955e+01,1.192930484909153677e+01,1.124166556757212376e+01,1.093607592515195570e+01,1.148041867333453681e+01,1.247611760533604652e+01,1.316067525055563081e+01,1.278296629312439769e+01,1.150537774237689881e+01,1.006531232009022503e+01,8.980190706986213911e+00,8.554348960668489710e+00,9.202507447844032740e+00,1.146942484666244511e+01,1.319482432749230583e+01,1.054253072924758960e+01,7.712252674962138954e+00,6.249131209972347278e+00,5.643469029994441222e+00,5.610140893667470152e+00,6.184613426588736473e+00,7.825972284371463417e+00,1.192478544112656280e+01,1.885710117776710959e+01,1.537179425832206903e+01,8.528778265954350957e+00,5.688717568566481475e+00,4.565560422370795735e+00,4.077304251496983056e+00,3.848070111229606738e+00,3.722034001860041741e+00,3.612650608937317820e+00,3.452254087990014320e+00,3.174243356990968934e+00,2.712501616963236550e+00,2.017686423542841556e+00,1.088534862589451979e+00
7.450649542299831296e+01,7.433571642657990708e+01,7.379523543006528996e+01,7.280397560541884161e+01,7.124004268689658659e+01,6.896653158761174041e+01,6.587452369108476091e+01,6.193776852418621814e+01,5.725855062311504184e+01,5.207564507598267767e+01,4.671925330000915721e+01,4.153097215637120598e+01,3.678957938994372512e+01,3.267396798928332657e+01,2.926654460746391706e+01,2.658096561064634500e+01,2.459645248884753244e+01,2.328902041796822076e+01,2.265843646772987086e+01,2.275473757475317171e+01,2.370561071046458679e+01,2.570335556084761919e+01,2.865787003159516644e+01,3.087058524827299522e+01,3.015472831265890719e+01,2.889346918157412603e+01,2.850977785355166461e+01,2.798079689091748179e+01,2.671808255660959119e+01,2.501313488635306115e+01,2.337224780226748777e+01,2.206676472438169156e+01,2.113839911779217218e+01,2.053993050935318720e+01,1.985098248575238955e+01,1.847104138046795541e+01,1.725144008969542497e+01,1.600771333869334256e+01,1.466388724118983333e+01,1.330132742325553785e+01,1.198980006165560930e+01,1.050753615330006774e+01,5.710951408446995892e+00,6.756718276819984048e+00,1.169802796067556017e+01,6.075478987405880105e+00,5.734082770855264855e+00,5.781090249106779488e+00,6.039612880392408734e+00,6.460141596865787150e+00,7.084190671173962173e+00,8.056028389067670048e+00,9.630140991761916069e+00,1.130666419737027439e+01,1.120481465910516761e+01,1.063679316991268387e+01,1.086697608831418371e+01,1.161960455554855720e+01,1.215198614151915635e+01,1.172553350265222960e+01,1.051061145117375695e+01,9.218883884930995976e+00,8.317344993435549227e+00,8.082374573203255252e+00,8.901380992927098390e+00,1.100362209201754027e+01,1.169203673813519195e+01,9.141339885398313214e+00,6.980387847964997228e+00,5.924227168201690041e+00,5.589691797931761741e+00,5.840591179666820842e+00,6.891188347327226182e+00,9.570636373634888727e+00,1.494994382222947138e+01,1.538263706500613281e+01,9.216302649391728607e+00,6.142135278907612239e+00,5.023433631976503833e+00,4.675100617044336104e+00,4.686818600780351396e+00,4.917515407871131394e+00,5.320387309622553573e+00,5.884862152838543636e+00,6.608568837955520081e+00,7.465959040196235463e+00,8.346110729202782963e+00,8.922698975309906189e+00,8.441147209058307510e+00,5.668067346823224995e+00
4.551344252506366672e+01,4.524844530947380861e+01,4.446437294041143673e+01,4.319466122054544854e+01,4.149656371426308965e+01,3.945122633205866691e+01,3.716052838648089818e+01,3.473975160381376526e+01,3.230703286794265239e+01,2.997224743084688825e+01,2.782844036320590675e+01,2.594796409862676256e+01,2.438382515363646164e+01,2.317542983545801860e+01,2.235754966527061427e+01,2.197186935831154742e+01,2.208142817828536764e+01,2.278815473758852761e+01,2.424566500037015260e+01,2.660978101750384184e+01,2.967243262028180695e+01,3.190429195570585463e+01,3.149476167760343515e+01,3.000415909282593319e+01,2.884702256242794860e+01,2.746863728286992412e+01,2.554793807096817915e+01,2.344164003413976616e+01,2.157816423359124514e+01,2.013543550133094584e+01,1.909831272991318230e+01,1.839472431120410079e+01,1.793965207689913655e+01,1.715865834548413460e+01,1.594732849107563055e+01,1.500635595641873721e+01,1.412853480383904348e+01,1.324570365318742304e+01,1.241407216406733482e+01,1.173432030293131234e+01,1.129098777485319971e+01,1.093520640045588799e+01,5.384892197036894146e+00,1.253190399578629766e+01,5.559686419101838695e+00,5.321167150619531938e+00,5.429067208339932726e+00,5.689697600247445308e+00,6.078986628541416692e+00,6.620413803587577029e+00,7.403754286919372873e+00,8.628882405534321620e+00,1.031681928360743683e+01,1.101846604667958651e+01,1.040826902554834454e+01,1.028617026464432271e+01,1.078849599067250864e+01,1.123714424839075221e+01,1.085031110913474706e+01,9.724406809197061463e+00,8.550768679812614792e+00,7.775383324036666544e+00,7.649692503002825106e+00,8.502368622939137310e+00,1.029864438610923472e+01,1.044955761214426637e+01,8.236390504918468025e+00,6.522304696339231711e+00,5.732960697909628145e+00,5.599985865102641291e+00,6.097090924531101130e+00,7.592439146132812233e+00,1.101485288520870398e+01,1.467813779790323458e+01,1.091352931986766528e+01,7.013128046177574682e+00,5.517123493669395806e+00,5.116904989110149238e+00,5.246454594052729625e+00,5.748679335436235327e+00,6.642816751411362297e+00,8.079463882342308167e+00,1.038339020105436461e+01,1.414330342088103620e+01,2.011910182073505382e+01,2.770276684805631362e+01,3.092413994406835087e+01,2.451636154825940395e+01,1.486332483553042216e+01,6.844519922055214423e+00
2.731477728735107746e+01,2.721469952350200572e+01,2.692140675251460991e+01,2.645515421603747797e+01,2.584787815258788868e+01,2.514070004673781966e+01,2.438092729690621852e+01,2.361904467906579441e+01,2.290626169257219402e+01,2.229315813161854010e+01,2.182987580901571789e+01,2.156820602979272650e+01,2.156588755572210658e+01,2.189341506449098418e+01,2.264316254331251344e+01,2.393730592869831497e+01,2.591533357429490891e+01,2.862290666533122874e+01,3.160364991927659872e+01,3.336358233201154633e+01,3.272721022729319174e+01,3.086939567323787514e+01,2.884353381136017802e+01,2.655978463924859767e+01,2.407578552530003080e+01,2.174981919524980967e+01,1.984340309907952715e+01,1.840648769927698680e+01,1.736888379428151907e+01,1.663872352572508362e+01,1.615591854733032662e+01,1.579536551757280094e+01,1.492896715147153941e+01,1.392992204307710224e+01,1.323108483122783596e+01,1.263148308150652355e+01,1.206957221006396175e+01,1.158324089549493863e+01,1.127186767287309266e+01,1.129129154712467198e+01,1.190831064109749704e+01,1.373646808614854464e+01,1.706811633363033565e+01,5.192972526192218830e+00,4.997768827696913441e+00,5.130657498720103682e+00,5.390071304757459991e+00,5.754003595060841469e+00,6.234312601114067043e+00,6.885747860204460835e+00,7.842598098892961112e+00,9.259453104603965201e+00,1.048490712035472505e+01,1.020693049719123557e+01,9.764950159668572383e+00,9.990851868418470616e+00,1.038872407163453637e+01,1.011112422868045613e+01,9.094828386392839192e+00,8.010820143887787737e+00,7.312894834667604371e+00,7.230561988021344533e+00,8.022997061048576128e+00,9.512526066420001314e+00,9.479747789413428549e+00,7.623067135014238715e+00,6.213804547883860607e+00,5.605251699068758420e+00,5.619381349245077928e+00,6.305498458724578370e+00,8.107536288562666726e+00,1.154131373669480354e+01,1.252382958526839829e+01,8.569218469784855685e+00,6.193708321922408722e+00,5.449899570618410571e+00,5.495973973383772027e+00,6.056013103162394273e+00,7.145927002292951080e+00,8.986078526908213959e+00,1.200666582246422465e+01,1.654155539177903833e+01,2.085568418519405753e+01,1.993902570015433184e+01,1.477219369969979823e+01,1.035085786762642890e+01,7.518804187060768029e+00,5.536036039883319049e+00,3.792977971306799034e+00,1.970684317495385862e+00
2.163929945867112536e+01,2.162035745404193676e+01,2.156713727454794238e+01,2.149032511400940137e+01,2.140734038790863636e+01,2.134190873458908655e+01,2.132376802974084029e+01,2.138877923296709227e+01,2.157974887647679907e+01,2.194825881833972758e+01,2.255764403264288731e+01,2.348659240090226064e+01,2.483039940087182629e+01,2.668874115128785363e+01,2.910501616140994585e+01,3.187717327712933368e+01,3.421604795776106300e+01,3.484758766413409603e+01,3.339758624763820194e+01,3.083449168845321253e+01,2.792546254190013855e+01,2.496326243445707860e+01,2.222179427204543600e+01,1.992639665901884172e+01,1.814483503699153744e+01,1.682179613863399226e+01,1.585665610764633904e+01,1.515667187689706452e+01,1.466437537546791958e+01,1.435153673696602006e+01,1.398938836902186011e+01,1.309124678293035515e+01,1.231711774122477010e+01,1.182520703383312899e+01,1.143556673183759820e+01,1.108802608874930229e+01,1.080234591525485222e+01,1.065953652569806565e+01,1.079989629556603603e+01,1.146170666136917582e+01,1.317690569572121895e+01,1.790419976315933326e+01,5.269157377083932836e+00,4.733988874282224479e+00,4.876323899762491365e+00,5.132286000558073269e+00,5.473686500271468525e+00,5.905638804043733536e+00,6.460335594768418233e+00,7.223133953041172006e+00,8.337830475819673737e+00,9.648893350950570991e+00,9.924000470255322170e+00,9.332072350081821455e+00,9.252387960439211412e+00,9.590023730361064480e+00,9.476372686478217844e+00,8.596689115827082617e+00,7.578501130838843913e+00,6.916729016022560295e+00,6.828083605021739722e+00,7.507794693480319026e+00,8.741577878865559370e+00,8.722135652475415668e+00,7.192308788473122938e+00,5.997030675261094679e+00,5.509309805964512918e+00,5.621125034214191629e+00,6.421976676997531719e+00,8.328571628098124791e+00,1.119006597286644755e+01,1.059272866479103925e+01,7.422836884932348944e+00,5.897802211012503903e+00,5.598039831003543298e+00,5.990948366415816295e+00,6.972421252144589410e+00,8.696413970753070544e+00,1.147827072575695695e+01,1.526233659112721242e+01,1.776232572861438186e+01,1.595329325568772916e+01,1.259200906779085471e+01,1.056581229865186700e+01,9.926539601787244038e+00,1.016599205705175279e+01,1.087716491529961971e+01,1.159727477102167015e+01,1.138239041922783912e+01,8.201085743849967358e+00
2.244340557984943985e+01,2.248027071609534033e+01,2.259453502594126562e+01,2.279731508099494164e+01,2.310751657835476891e+01,2.355242193734266110e+01,2.416845911176991279e+01,2.500178738972627102e+01,2.610747522300220780e+01,2.754379751919889685e+01,2.935281544412907806e+01,3.150791920093436360e+01,3.380029239559123511e+01,3.568308392015326547e+01,3.630868413279899443e+01,3.511756561766559059e+01,3.243927779503103892e+01,2.908325605067969377e+01,2.568331231553067084e+01,2.260931386486983996e+01,2.004530674498061771e+01,1.802809068192450326e+01,1.649826318455687257e+01,1.535737902813255573e+01,1.450730682628762480e+01,1.387056363850313012e+01,1.340041859954053116e+01,1.308325269008546776e+01,1.287980708033229504e+01,1.242468791620954249e+01,1.158948670824482363e+01,1.103035177830424729e+01,1.070688058740143589e+01,1.046046391495059069e+01,1.022626250914639989e+01,1.000718519245447169e+01,9.862991373264007322e+00,9.893771680238206301e+00,1.022850823234354678e+01,1.103544036283423679e+01,1.252098618604317082e+01,1.445901486622994625e+01,4.549775009699541073e+00,4.657761888876565948e+00,4.905744807416367870e+00,5.226314731243553169e+00,5.617258765113208874e+00,6.096323821677196442e+00,6.715828253925515412e+00,7.580164569276226061e+00,8.722263423171018104e+00,9.428879766871901325e+00,8.970106516322950085e+00,8.595234411923623696e+00,8.816458391214165857e+00,8.895847200275941447e+00,8.199325193382234644e+00,7.235085748968050900e+00,6.576209922883213821e+00,6.446025706182889614e+00,6.988623562196427663e+00,8.015273302351655360e+00,8.101067218803237324e+00,6.871651543642665061e+00,5.834236765002565051e+00,5.423349028225599611e+00,5.587766221699830282e+00,6.425533841821051695e+00,8.253133021039149142e+00,1.041466193505881144e+01,9.279393057899454789e+00,6.836981645466333468e+00,5.818067261191862016e+00,5.819523744098153983e+00,6.498167631305307168e+00,7.855863581459365363e+00,1.008574984976022826e+01,1.318102738136128771e+01,1.563910367356673348e+01,1.497934368300784058e+01,1.283290917333690473e+01,1.185208571633920016e+01,1.242328888624766314e+01,1.426207860559501839e+01,1.702702952875433340e+01,2.005342223953359237e+01,2.200277650297365284e+01,2.119771280200337671e+01,1.685539957940160960e+01,9.532127044889083578e+00
2.920950138481083158e+01,2.931038448080243342e+01,2.961606470854660955e+01,3.013485630849439545e+01,3.087756260099667571e+01,3.185111808135470213e+01,3.304558330326364057e+01,3.440967743398244494e+01,3.581056286999400129e+01,3.698485360489993923e+01,3.752419203976509010e+01,3.698587434598539403e+01,3.515882224308559501e+01,3.226792641579412191e+01,2.884872624241279127e+01,2.543382408502758807e+01,2.236895524244126676e+01,1.980439202814769928e+01,1.775508282531411552e+01,1.616330880854398444e+01,1.494405898623723061e+01,1.401175607909839194e+01,1.329359238617437988e+01,1.273571116323253349e+01,1.230678019181388194e+01,1.200005945584035061e+01,1.181843671046292066e+01,1.164055633187300920e+01,1.106567647930991605e+01,1.038191578672278403e+01,1.000845268247639908e+01,9.802870730162693391e+00,9.620374886656545499e+00,9.392623955748003794e+00,9.121182837977093172e+00,8.864730226773032129e+00,8.704413774204034837e+00,8.711693754929283884e+00,8.931165048778810345e+00,9.351819688997331070e+00,9.792309722794968252e+00,9.482920123770899323e+00,4.476801586796308463e+00,4.705901196808470743e+00,5.007412133920197128e+00,5.360071641704400314e+00,5.776818443694820004e+00,6.286352416810392363e+00,6.958203804227625078e+00,7.868387202369220290e+00,8.726921282681754377e+00,8.613885986594160826e+00,8.048334181046268299e+00,8.070191114758928919e+00,8.317931461580997166e+00,7.874939482870413343e+00,6.973455695632346796e+00,6.291667066513029205e+00,6.095634757045376162e+00,6.493950768222045866e+00,7.345702818014987479e+00,7.563993431622106911e+00,6.619403719143823750e+00,5.707218323944962535e+00,5.340169819650575356e+00,5.518782753143369746e+00,6.328516657438876258e+00,7.967393782354315057e+00,9.574996415940962180e+00,8.427755623957345676e+00,6.526305014894218104e+00,5.829392034801895051e+00,6.045708144573591625e+00,6.948659289870495748e+00,8.583590654066576064e+00,1.103133908153526299e+01,1.365713245035957613e+01,1.444703620703286973e+01,1.321822140034680793e+01,1.235913803738231209e+01,1.270333399538214891e+01,1.366741278576155594e+01,1.422948025248722459e+01,1.363294790272315815e+01,1.204839124431178377e+01,1.019332630557869734e+01,8.511229133104370348e+00,6.968006232303713965e+00,5.229543014204440787e+00,2.920373445236390531e+00
3.825840607434732021e+01,3.828262759581528485e+01,3.833875891478270148e+01,3.837568155566661687e+01,3.830460869770975307e+01,3.799939116428522112e+01,3.730916357085300916e+01,3.609311949724560975e+01,3.427686253367463109e+01,3.190561031219143473e+01,2.915272260127137471e+01,2.626564688540349124e+01,2.348259314818532673e+01,2.097212261270302491e+01,1.881747152978865500e+01,1.703263301466568791e+01,1.558844750344721142e+01,1.443530297049451150e+01,1.351849050926867690e+01,1.278718134802528894e+01,1.219934755726226427e+01,1.172470739913127247e+01,1.134708658342755783e+01,1.106637413782278756e+01,1.089427891991239150e+01,1.080342810123340413e+01,1.054461700306399408e+01,9.921721678208294648e+00,9.427779047115681266e+00,9.188846180566923039e+00,9.028077113382737551e+00,8.813452476681726822e+00,8.495550114849326206e+00,8.108063396510578613e+00,7.731683338717221687e+00,7.442671569960412903e+00,7.286885361319384025e+00,7.278973251723397375e+00,7.403243840788564789e+00,7.596412337300528783e+00,7.694596284519295004e+00,7.282841229716741083e+00,4.532323982450225941e+00,4.808206648251367454e+00,5.129241488289770778e+00,5.492338895268522592e+00,5.914102987167469294e+00,6.438832511842296213e+00,7.138400679319834019e+00,7.944635225409180102e+00,8.181299104598283023e+00,7.619849682622192866e+00,7.386383803365115241e+00,7.696491705297736630e+00,7.582932173277646015e+00,6.790300003434768250e+00,6.068682992570573198e+00,5.788695513299524364e+00,6.043720145372089014e+00,6.737866868567765621e+00,7.075478231432930087e+00,6.407561757656965895e+00,5.606935058604123334e+00,5.260454178093709743e+00,5.423729460546478087e+00,6.161603543087212920e+00,7.573597484477923025e+00,8.816809406596560095e+00,7.864080266541606079e+00,6.358969512148093806e+00,5.874950120905686468e+00,6.242406333708605537e+00,7.303662540124200575e+00,9.090641510477848186e+00,1.147361543421057206e+01,1.336636274474520825e+01,1.334809706010926433e+01,1.244826819159823295e+01,1.207726312873803565e+01,1.198805191927476699e+01,1.148082369859155705e+01,1.050371605703894673e+01,9.632625594075605591e+00,9.462394353536307534e+00,1.043255241759923990e+01,1.303445642437899288e+01,1.801730854980375796e+01,2.633399297640594128e+01,3.822348349489364239e+01,4.927889005417907242e+01
3.037103998995092269e+01,3.021633983098212894e+01,2.975302890200410744e+01,2.898569087922934173e+01,2.792851109022891265e+01,2.661221033608793718e+01,2.508848561864607163e+01,2.342862255119485582e+01,2.171529760066155390e+01,2.003005821176910928e+01,1.844120512657164568e+01,1.699618514468756914e+01,1.571989463523624231e+01,1.461766866174044566e+01,1.368062224919006553e+01,1.289133005951384980e+01,1.222873776899175979e+01,1.167201021781161252e+01,1.120349358155111652e+01,1.081114302601262622e+01,1.049073503708589605e+01,1.024774542551880607e+01,1.009603394624154404e+01,1.003544639510962710e+01,9.948033867941985520e+00,9.547635591804137789e+00,8.996580630574513293e+00,8.666859601853559525e+00,8.481789739759548752e+00,8.268878608806073061e+00,7.934856999774653197e+00,7.490467903899267199e+00,7.017448266502657184e+00,6.602525121333990832e+00,6.298269312981341628e+00,6.123318940552646694e+00,6.076087989604294748e+00,6.143354036427295384e+00,6.298838319314437051e+00,6.490621388624018273e+00,6.611294107202270176e+00,6.401673804217134389e+00,4.629220570612768704e+00,4.917108067427689022e+00,5.232695717458602402e+00,5.581463160652933020e+00,5.991094997081458651e+00,6.519285245850459098e+00,7.189547237512461386e+00,7.636515381263464519e+00,7.267717715428290148e+00,6.810776691539910388e+00,7.014151800841483819e+00,7.245506996715711523e+00,6.667860528866798475e+00,5.908162190972221950e+00,5.528963380803341821e+00,5.643200779090362218e+00,6.186847860828548207e+00,6.605356950332041954e+00,6.205607274826219211e+00,5.520463144900300989e+00,5.181489628197955000e+00,5.309023796647660554e+00,5.950537381783604474e+00,7.138738155885581804e+00,8.156372909604403532e+00,7.462509608732736943e+00,6.262110507968444040e+00,5.921452403267934983e+00,6.388386089220365882e+00,7.543421456968313343e+00,9.368828253527317074e+00,1.153037054528287442e+01,1.282525525757021256e+01,1.250967180290751912e+01,1.167009996288352980e+01,1.089702752532797447e+01,9.965389279107483844e+00,9.003572863210207444e+00,8.547757063224459273e+00,9.184706536430397250e+00,1.157867225936296585e+01,1.623488054415162907e+01,2.091994574785451988e+01,1.955369475709880334e+01,1.358276404433556017e+01,8.333121220637295323e+00,4.740140077538823604e+00,2.164586633735221533e+00
1.884746323546613311e+01,1.876037488733928171e+01,1.850414281983983145e+01,1.809347077397778136e+01,1.755151722499624967e+01,1.690782821387817236e+01,1.619552346868719894e+01,1.544807042211642312e+01,1.469617347204668079e+01,1.396532988334281455e+01,1.327442842543802293e+01,1.263548120775856987e+01,1.205432057283852743e+01,1.153195548750791666e+01,1.106627756948892483e+01,1.065388889327369881e+01,1.029193259227103496e+01,9.979898269891517515e+00,9.721396483044220105e+00,9.525639359247218607e+00,9.406740206333852328e+00,9.371142674635123626e+00,9.359627224258604272e+00,9.155734573948603128e+00,8.675005450298488796e+00,8.258276736288316044e+00,8.006670409808446465e+00,7.765919429368395299e+00,7.414755072383238499e+00,6.945038678848525215e+00,6.434329626645007849e+00,5.971670290646668988e+00,5.610430332720472535e+00,5.367625854286506737e+00,5.240659100896638556e+00,5.220200834886679075e+00,5.295376554032515948e+00,5.453214208399637108e+00,5.673640424393266990e+00,5.918962278285144762e+00,6.110749097951940101e+00,6.048719765462795550e+00,4.723047404057778564e+00,4.995680958565418273e+00,5.282620453527131943e+00,5.601400610253859824e+00,5.996535588148987905e+00,6.522161708572415506e+00,7.033427657061719351e+00,6.939027236449502034e+00,6.387125673155525263e+00,6.345925570565480456e+00,6.789518543807315787e+00,6.582128746284210408e+00,5.826142000171397051e+00,5.333614837473843906e+00,5.308428589871505565e+00,5.706814132945337015e+00,6.157459133261289352e+00,6.004594772373228473e+00,5.449804816287217690e+00,5.114219283987053721e+00,5.194183675219099072e+00,5.731678817029594697e+00,6.721156774179226190e+00,7.598312529180550889e+00,7.166364015855341663e+00,6.213263984665751138e+00,5.967316665318156410e+00,6.490616746844668938e+00,7.684889770427560940e+00,9.470413187210624528e+00,1.136852117953499608e+01,1.223305580166372764e+01,1.167263738855943700e+01,1.053175399836991843e+01,9.267940877922576703e+00,8.141862416000300584e+00,7.599017048179979028e+00,8.143987910172278077e+00,1.035961061972341390e+01,1.421515744367516376e+01,1.613897656382690116e+01,1.291448879092753543e+01,8.608193574006950399e+00,5.603914131949050415e+00,3.693510956263179601e+00,2.411646518996124477e+00,1.468156791957997420e+00,6.983676825898177398e-01
1.328118963853627221e+01,1.324251689034137058e+01,1.312860752312423607e+01,1.294555417832277122e+01,1.270276728769479391e+01,1.241198028536305564e+01,1.208608091553222685e+01,1.173794861738692852e+01,1.137946892923549314e+01,1.102085455890670040e+01,1.067034179333321475e+01,1.033426880797190250e+01,1.001749571935907035e+01,9.724103300422337171e+00,9.458306340516919875e+00,9.225524202422242581e+00,9.033517346024655836e+00,8.893240908611854678e+00,8.817844976211585362e+00,8.813402731548048763e+00,8.841857156630839043e+00,8.751439877637267273e+00,8.389405495045920702e+00,7.942235758128257217e+00,7.607687022695419188e+00,7.307014079172979848e+00,6.922036276197641058e+00,6.436198345338917548e+00,5.918931613213995746e+00,5.451366749175868165e+00,5.080172830976725784e+00,4.817710250837315300e+00,4.658709741824451633e+00,4.592962881312012691e+00,4.611000353790961626e+00,4.705345145453398992e+00,4.869443028553710917e+00,5.094979367543029269e+00,5.367164573349181289e+00,5.656028678723346026e+00,5.896185468543224673e+00,5.911368753169532475e+00,4.775090809533844016e+00,5.010496778264905693e+00,5.254526820064553405e+00,5.546331890002220710e+00,5.944571803320175540e+00,6.427017162461345912e+00,6.573035902393065122e+00,6.088283034620878276e+00,5.782355121895488281e+00,6.177700468473057427e+00,6.439098733399384322e+00,5.817845872603577106e+00,5.206279025578730568e+00,5.036401616636765333e+00,5.290883077282626523e+00,5.723839960941212723e+00,5.779719031569463539e+00,5.379242475617673769e+00,5.055274514315799550e+00,5.083424407834846726e+00,5.517551877882631572e+00,6.334614057061893178e+00,7.111628651136559398e+00,6.917080285498489189e+00,6.182142762162068372e+00,6.001489590951791797e+00,6.547804981096105870e+00,7.738691506095241479e+00,9.434974517675298600e+00,1.106846695929992741e+01,1.157434161119950033e+01,1.070064736679312567e+01,9.222849878270956481e+00,7.799832657970617866e+00,6.899889608957221476e+00,6.925950901942412585e+00,8.341298286321219280e+00,1.135599844152057614e+01,1.353132038297679784e+01,1.136661119771817852e+01,7.796789857399244461e+00,5.249991488472072199e+00,3.655579007341791531e+00,2.616153769905738002e+00,1.880980648293140156e+00,1.313287936967344471e+00,8.373516921553525449e-01,4.089793080167991590e-01
1.051151563976008241e+01,1.049155628338441737e+01,1.043256177473315205e+01,1.033709865174141740e+01,1.020917928311104816e+01,1.005391454604206380e+01,9.877118352872326312e+00,9.684933615480506575e+00,9.483544777656028657e+00,9.279028111679865631e+00,9.077372073656341911e+00,8.884680605242834872e+00,8.707553329616523285e+00,8.553607723701261989e+00,8.432023235952723184e+00,8.353679526293888102e+00,8.329372075460838687e+00,8.361159112105799096e+00,8.414919704653488708e+00,8.374551187933576557e+00,8.098816255289676747e+00,7.664499047987582969e+00,7.257949842735877510e+00,6.876933954212227640e+00,6.441194377767422985e+00,5.941479393116100738e+00,5.436801694297077603e+00,4.991202242710834902e+00,4.638168060952763128e+00,4.383390236758543779e+00,4.219209572805882047e+00,4.134930714483308734e+00,4.121343037140490217e+00,4.171858123098481919e+00,4.282148591820367223e+00,4.449111137334083033e+00,4.669302179270640174e+00,4.936596194850628727e+00,5.238366927242166682e+00,5.548166970254952979e+00,5.807046427088180529e+00,5.848690113727617046e+00,4.755267354804548319e+00,4.941058346867577278e+00,5.152604726726939255e+00,5.447253267969265345e+00,5.860429025680602422e+00,6.157480287197714119e+00,5.858573059375404846e+00,5.381059877788385570e+00,5.516332826669090750e+00,6.101614551085599025e+00,5.856306599949023806e+00,5.158453975749410780e+00,4.831667469924704861e+00,4.940726627297675755e+00,5.313937555667003210e+00,5.521700713464916532e+00,5.295821710112402769e+00,5.003354972579754367e+00,4.982636003730512186e+00,5.319517361591985960e+00,5.989153119188229013e+00,6.683656876383292200e+00,6.687605177094280151e+00,6.155321497404520059e+00,6.023738123683408219e+00,6.567203739993709988e+00,7.721679419525528942e+00,9.295738887584025889e+00,1.066409634133010975e+01,1.083137322638778599e+01,9.656382549468677468e+00,8.010231003821077778e+00,6.676636599591811994e+00,6.088062036871777494e+00,6.576630322498832726e+00,8.536609895777813151e+00,1.129116538281902393e+01,1.120487969684056395e+01,8.269317792317231408e+00,5.701415600634939906e+00,4.090042754151879123e+00,3.094021022318138581e+00,2.436812502454777096e+00,1.959734936472556921e+00,1.569445352580123298e+00,1.206033864839661796e+00,8.311181045741800055e-01,4.273521329103746602e-01
8.853088275782393879e+00,8.841595035350668041e+00,8.807613778858403464e+00,8.752614487094545481e+00,8.678968661065567858e+00,8.589852337440273544e+00,8.489147897474724758e+00,8.381374123026963829e+00,8.271672347977743200e+00,8.165868500531825447e+00,8.070611586017605532e+00,7.993541568463047753e+00,7.943309201078818660e+00,7.928896918433303576e+00,7.956653347877706395e+00,8.021028243067496177e+00,8.082610056157157885e+00,8.042834821115274480e+00,7.793066907525059150e+00,7.368121584062792273e+00,6.904500254493406430e+00,6.441462074030335216e+00,5.952801297029020056e+00,5.447965836981804699e+00,4.972770798427806227e+00,4.568126577331376836e+00,4.251183358704702542e+00,4.020603580290559975e+00,3.867169100722678277e+00,3.780662674148205227e+00,3.752715257409633409e+00,3.777427981166581183e+00,3.851078208173364104e+00,3.971505486685367181e+00,4.137351633801211293e+00,4.347130423884015826e+00,4.598006149942723830e+00,4.884056029360928086e+00,5.193439876112382336e+00,5.502425614046457802e+00,5.757630275062641800e+00,5.797369656684536743e+00,4.656055623980104308e+00,4.806610449048442923e+00,5.020890720499804338e+00,5.357097237700658710e+00,5.718281808051894899e+00,5.644343007709107241e+00,5.133550476556846931e+00,4.971203886157837815e+00,5.525325268960523672e+00,5.846461087823772829e+00,5.206497510808771878e+00,4.707649601144758833e+00,4.663421957171687282e+00,4.946089878516868765e+00,5.239095613003685870e+00,5.191828458467084850e+00,4.960015338326329015e+00,4.900623585830987672e+00,5.149575479897627872e+00,5.694305930489673706e+00,6.314624908325039421e+00,6.472056459751163615e+00,6.130719506661441720e+00,6.042346826035426943e+00,6.563619925275432365e+00,7.655455174118652728e+00,9.081194443667872207e+00,1.017896064103718246e+01,1.003683795202154982e+01,8.662389734853604750e+00,7.019630558445277835e+00,5.865844073809589609e+00,5.540543284904120291e+00,6.338900308666661765e+00,8.526347586443971949e+00,1.058925817331344277e+01,9.389614482255471017e+00,6.844841218316943809e+00,5.106051420530510754e+00,4.227215510652737152e+00,3.999812954544990085e+00,4.453670726248071254e+00,6.059200365592287696e+00,1.039487683465998202e+01,2.082751347247728901e+01,2.599442195573703529e+01,1.304031233671385515e+01,4.758719688122903690e+00
7.816528648186105599e+00,7.810994507904156947e+00,7.794818879136822254e+00,7.769279669327766591e+00,7.736500596128670360e+00,7.699448215869830747e+00,7.661935622632065623e+00,7.628627574733137351e+00,7.605012791463816590e+00,7.597234981254075592e+00,7.611493219771492846e+00,7.652301102132252453e+00,7.718034853419353247e+00,7.791149794872342937e+00,7.822704418505121993e+00,7.728332353266309518e+00,7.440272348265586366e+00,6.991081008526622398e+00,6.476861929353471936e+00,5.952448985040970086e+00,5.435655170902164990e+00,4.949879381477872542e+00,4.523556942306417028e+00,4.174124845251481197e+00,3.904201684758323854e+00,3.707219894920887882e+00,3.573658851816774451e+00,3.494616235158498618e+00,3.463127500961582506e+00,3.474309844495682142e+00,3.525046047177504693e+00,3.613534344961866207e+00,3.738806537737260349e+00,3.900216529223343720e+00,4.096870203494917817e+00,4.326973457495486564e+00,4.587090405876670829e+00,4.871247506396569449e+00,5.169405013985950426e+00,5.463000911302295926e+00,5.707394980304658638e+00,5.743815456736767189e+00,4.496804434287193786e+00,4.650359542212001429e+00,4.915346327643654867e+00,5.278846973116402275e+00,5.399951517959388880e+00,4.979216866298719069e+00,4.601860109562005974e+00,4.868112555486492354e+00,5.584246003221271515e+00,5.326161357779380268e+00,4.671795829765923003e+00,4.455305627730088425e+00,4.623399144356943324e+00,4.936087536643062990e+00,5.047577382176493543e+00,4.910806645331833309e+00,4.832417952523549332e+00,5.004837528418670800e+00,5.442376376438096131e+00,5.991039096760730764e+00,6.255241017935331271e+00,6.091246121196403074e+00,6.050636604035175559e+00,6.537749876800402760e+00,7.544573265164400411e+00,8.796717438096358421e+00,9.620407449910073794e+00,9.229582172828221687e+00,7.786424674434089255e+00,6.253789994072689318e+00,5.287163000296257742e+00,5.154322930878540987e+00,6.136379711811379423e+00,8.380953915525623188e+00,9.960023100183557077e+00,8.653237024826410106e+00,7.040530766269736951e+00,6.961800489988489993e+00,9.387330333577303065e+00,1.296671304976686478e+01,9.072306890356518494e+00,4.901517886220596587e+00,2.994639219200090352e+00,2.044426649582775646e+00,1.469117983836876196e+00,1.048035325373031235e+00,6.867031431755710180e-01,3.426176924772095234e-01
7.325436101315396797e+00,7.325860200802980060e+00,7.327548677308437064e+00,7.331733647614690597e+00,7.340402893382913518e+00,7.356155737116742976e+00,7.381882091701719162e+00,7.420068018857706171e+00,7.471339477575922317e+00,7.531567015052686997e+00,7.586698009383141539e+00,7.605621061794010096e+00,7.536725190328974477e+00,7.323426256392062683e+00,6.946163228724966388e+00,6.449180598423942534e+00,5.905853368809854231e+00,5.371970067830234008e+00,4.880233046415294318e+00,4.450582403384206742e+00,4.093066286719770908e+00,3.808325657895927918e+00,3.590525687942391908e+00,3.431176699001503572e+00,3.321871530975584186e+00,3.255593372103948724e+00,3.227057454559023597e+00,3.232581890735275465e+00,3.269788312727817114e+00,3.337266269971372878e+00,3.434239993039911454e+00,3.560233490321795813e+00,3.714720213388189585e+00,3.896758187231896819e+00,4.104649588071229260e+00,4.335720297049972416e+00,4.586356762422449940e+00,4.852348068970502304e+00,5.128998531939998884e+00,5.408129849239362130e+00,5.659210476305154280e+00,5.723326908630443910e+00,4.325678859106685259e+00,4.532846512886523627e+00,4.866947913038610629e+00,5.121486169749866590e+00,4.869203840622882140e+00,4.391568724449568251e+00,4.348600288667148206e+00,5.010830785737852011e+00,5.407010460377859040e+00,4.749242593413138813e+00,4.331383957671364193e+00,4.362231042582553897e+00,4.640134105106175078e+00,4.866038298958197394e+00,4.850334467124683968e+00,4.781056651509008049e+00,4.891547347103797350e+00,5.237963040747661836e+00,5.719168309907085579e+00,6.049974017798631643e+00,6.042647515324173213e+00,6.057590587975947294e+00,6.502651217916066706e+00,7.402527691266169718e+00,8.455783578788167887e+00,9.013329952318361649e+00,8.459471231149073844e+00,7.063597396219822855e+00,5.696018513396694516e+00,4.904343913942954103e+00,4.920816270335992115e+00,6.035040419050496929e+00,8.377300987450130521e+00,1.006062656966242308e+01,9.749224402776391685e+00,1.039929801692162137e+01,1.060900402116997654e+01,7.094144127089519358e+00,4.394088902032533994e+00,3.035537482802030951e+00,2.311437143910111125e+00,1.881621616888673465e+00,1.599300702433859023e+00,1.389755949992954598e+00,1.202967067815041702e+00,9.959395045700092375e-01,7.318813124555623162e-01,3.935039183185939926e-01
7.333068901796790939e+00,7.336734272525280431e+00,7.347528444559126015e+00,7.364664700502432382e+00,7.386186550758777614e+00,7.407862280804067723e+00,7.421431509792819625e+00,7.412293115436763280e+00,7.357532026078383858e+00,7.226924699227977200e+00,6.991159730826601582e+00,6.638269114867179077e+00,6.187730599023022471e+00,5.685742116615511321e+00,5.183442460943332719e+00,4.718809257854905681e+00,4.312568664276106745e+00,3.972008339703791968e+00,3.695900169457289053e+00,3.478489839278153806e+00,3.312365531092353876e+00,3.190252173860008700e+00,3.105912503412078252e+00,3.054442145098723582e+00,3.032230638616306706e+00,3.036776088063286583e+00,3.066455478465968110e+00,3.120292693919546334e+00,3.197732025048272142e+00,3.298409266174173737e+00,3.421910229865576802e+00,3.567517042759082990e+00,3.733969309277562765e+00,3.919314597614320661e+00,4.120989565296417467e+00,4.336340321954534893e+00,4.563800496892223002e+00,4.804752438275250448e+00,5.065280367546842299e+00,5.354012787066397827e+00,5.659464214406161986e+00,5.813404503711550042e+00,4.222598877148664442e+00,4.494807969353886712e+00,4.818942772068712799e+00,4.758918050917348985e+00,4.285406185873541496e+00,4.018864761185037437e+00,4.369325182538852381e+00,5.189076080885268283e+00,4.932865176329559453e+00,4.307455106126467648e+00,4.168800125020455383e+00,4.369143042940182298e+00,4.652219595184758916e+00,4.764775838439028632e+00,4.739941961285198957e+00,4.808106174322601234e+00,5.077393493373605793e+00,5.495013001392401009e+00,5.859586432019381341e+00,5.982089663326006779e+00,6.061427027555499336e+00,6.462276937333443882e+00,7.234394483045925028e+00,8.065913433929027931e+00,8.381130896891232140e+00,7.758899453436862714e+00,6.498506879996512886e+00,5.325119701802593752e+00,4.705439757447504867e+00,4.873539706785501302e+00,6.165597476809625554e+00,8.849095453712308768e+00,1.134701966475342161e+01,1.159307138008582783e+01,9.014638416501853158e+00,5.868359965749103679e+00,3.988558487867188695e+00,2.968414030511290491e+00,2.387738562864316627e+00,2.045608725629521896e+00,1.851235778570670121e+00,1.763801195509961950e+00,1.764965869676038412e+00,1.840930879164437428e+00,1.959160814104032866e+00,2.028497329066025756e+00,1.853782541665616179e+00,1.182362076465404144e+00
7.058169722635065924e+00,7.047969029452394452e+00,7.015680546526570360e+00,6.956269266414372154e+00,6.861572369186608178e+00,6.721157048454262650e+00,6.524443712474681689e+00,6.264468770495346561e+00,5.942535423486816626e+00,5.571307242026335871e+00,5.173484765331548552e+00,4.775798722609359004e+00,4.401740927445507268e+00,4.067049607736383798e+00,3.779137506490937159e+00,3.539020056873587450e+00,3.343865868327289270e+00,3.189106740678382401e+00,3.069826622794602500e+00,2.981526299317383000e+00,2.920458070413300966e+00,2.883704335889936132e+00,2.869122696681081219e+00,2.875231925151289225e+00,2.901077395171269835e+00,2.946091184003951646e+00,3.009948190521827271e+00,3.092412659841892175e+00,3.193168398776102812e+00,3.311631684300997414e+00,3.446761481516058545e+00,3.596911526681723092e+00,3.759816421882167248e+00,3.932866383980304636e+00,4.113887146789285687e+00,4.302668701149814368e+00,4.503419960091081364e+00,4.728040082827567048e+00,4.999149300754234915e+00,5.348147196266972436e+00,5.786134420022803759e+00,6.116715500668035155e+00,4.158642504522658712e+00,4.505562153320408214e+00,4.617220239051500030e+00,4.231773456446585868e+00,3.833334622127781977e+00,3.885984384683383031e+00,4.601861392609540857e+00,5.076130418406088474e+00,4.404112059459608375e+00,4.049993174762834158e+00,4.135099957335897081e+00,4.417130217791653379e+00,4.638121322608701469e+00,4.692077108729586499e+00,4.744922710877763627e+00,4.951579618899226709e+00,5.310064346814646896e+00,5.683932056677876155e+00,5.905704764523422412e+00,6.053539825257714391e+00,6.410725452977472649e+00,7.033335488608027930e+00,7.623539499386944307e+00,7.735177546935112503e+00,7.135735650098473215e+00,6.075979685498966276e+00,5.119853965225096282e+00,4.688478035379651132e+00,5.050838352137132503e+00,6.602862049485969109e+00,9.604690688590444836e+00,1.161695546156003012e+01,9.433781219052693956e+00,6.346327948430163346e+00,4.377240356412315236e+00,3.263472852823667836e+00,2.621924553659038537e+00,2.248745303854837729e+00,2.050824830980824132e+00,1.997059945798485003e+00,2.103644490289635627e+00,2.448231250460075614e+00,3.231726194371287164e+00,4.970682762319422743e+00,9.123550441667727995e+00,1.992744595410823649e+01,4.035356203669411457e+01,3.167775250702316114e+01
5.386411041016170742e+00,5.364083377841922129e+00,5.297399994989593353e+00,5.187496038324734826e+00,5.036964980822999927e+00,4.850606973429661295e+00,4.635900226163569116e+00,4.402794788918451552e+00,4.162675884655908654e+00,3.926767097422168007e+00,3.704562751585505076e+00,3.502842418971852112e+00,3.325474826473517886e+00,3.173849147844642893e+00,3.047603953568833735e+00,2.945365111478426279e+00,2.865334198852131919e+00,2.805685223703169306e+00,2.764792898931656140e+00,2.741337779650243611e+00,2.734331537554668401e+00,2.743094570006721078e+00,2.767206051527593136e+00,2.806436535144385402e+00,2.860665991028044086e+00,2.929785690505393170e+00,3.013580796990700250e+00,3.111592896684289844e+00,3.222970079567577528e+00,3.346329668466696550e+00,3.479688442115180802e+00,3.620557969481497107e+00,3.766353041401360180e+00,3.915304587404222492e+00,4.068083857357285282e+00,4.230316117120125341e+00,4.416088183232314002e+00,4.652386943168385081e+00,4.983609163558622157e+00,5.470520615464247172e+00,6.150899581757385270e+00,6.760710537294000844e+00,4.203010444382748290e+00,4.446434063753601507e+00,4.204331436908792519e+00,3.749256309776061169e+00,3.594727330561409140e+00,3.990736720519416636e+00,4.870279071579497909e+00,4.636543348098665085e+00,4.037554258385700479e+00,3.962475115605079701e+00,4.193529653387784606e+00,4.481680227175466769e+00,4.635105698357344650e+00,4.706263428358625767e+00,4.867813803006426632e+00,5.173364288350357221e+00,5.541058211051796967e+00,5.833129839545680539e+00,6.046398283216303682e+00,6.360703373071496358e+00,6.812746885208231795e+00,7.151654506731586203e+00,7.113329289445823989e+00,6.615980533791288032e+00,5.801959873827478020e+00,5.081944237458624336e+00,4.857734004358360558e+00,5.423816754649002370e+00,7.042640221302431947e+00,9.311661099398326868e+00,9.916763614090108092e+00,7.733384896479433834e+00,5.365197528298725871e+00,3.874461140373930412e+00,3.013539802532005929e+00,2.515600696075626086e+00,2.241182386238527169e+00,2.135211199505526736e+00,2.206159163732746009e+00,2.549867144458661805e+00,3.476412113117177682e+00,6.030566759500133323e+00,1.382981898063129123e+01,2.224594028566793114e+01,1.039014788226004882e+01,4.341397717576889193e+00,2.038988471907332567e+00,8.530378279536621200e-01
3.785156289775393201e+00,3.772081789005010677e+00,3.733625763212633508e+00,3.672040157379941050e+00,3.590900264507190798e+00,3.494815756082059188e+00,3.389016383720444558e+00,3.278857272287094560e+00,3.169329459368275259e+00,3.064672345800090181e+00,2.968155612871004045e+00,2.882044306256048571e+00,2.807710551184139369e+00,2.745829433393276453e+00,2.696597714854354066e+00,2.659931829803863224e+00,2.635623107588980218e+00,2.623445071571384180e+00,2.623217384485276860e+00,2.634834575578859361e+00,2.658267316965345906e+00,2.693541735809146243e+00,2.740699454395101320e+00,2.799738650917882321e+00,2.870535180454703017e+00,2.952743637880028693e+00,3.045682627816925780e+00,3.148218478595365966e+00,3.258679498131455965e+00,3.374859978003263983e+00,3.494207686479966490e+00,3.614323092638760393e+00,3.733920137308621712e+00,3.854396358709211157e+00,3.982144743846616208e+00,4.131765431394240906e+00,4.330497087037255000e+00,4.624457663314474054e+00,5.086617280274563058e+00,5.818255539492600548e+00,6.884931463983690492e+00,7.847443144834764794e+00,4.238615081109752936e+00,4.167162705152616553e+00,3.721370864471129636e+00,3.431781119398391589e+00,3.560233457062289553e+00,4.282761631648601686e+00,4.827456349021108650e+00,4.156963173376304610e+00,3.858808559422355344e+00,3.992610962781872885e+00,4.295865015667699183e+00,4.545089710974981045e+00,4.670690567669333326e+00,4.810785948808393719e+00,5.071174373291276183e+00,5.422534575286253045e+00,5.758653842235661457e+00,6.025813939079749382e+00,6.293750322724234181e+00,6.554731117586931610e+00,6.645786958486943341e+00,6.520048365431541093e+00,6.185659211805227820e+00,5.644419663537214582e+00,5.166501817152857612e+00,5.126623746999214859e+00,5.743787256195931334e+00,6.887764981061583747e+00,8.019325779893392792e+00,8.427336436278176635e+00,6.937021349424754568e+00,4.974333382642958767e+00,3.674779447415499334e+00,2.921068520041258942e+00,2.494653614941233499e+00,2.279710077289243131e+00,2.241261804852201500e+00,2.423161189217515332e+00,3.023447379096610987e+00,4.738156829376871215e+00,1.008054267424155448e+01,1.715421202527572930e+01,8.507430493364530832e+00,3.792023894665796924e+00,2.067436468053085452e+00,1.241031167874007135e+00,7.295683169847633209e-01,3.423182434979854527e-01
2.968341616245728787e+00,2.962573894062914270e+00,2.945652553960331765e+00,2.918682405278616443e+00,2.883375137249455378e+00,2.841875047547692823e+00,2.796553280168989630e+00,2.749802270746859456e+00,2.703860451110262630e+00,2.660688675665712211e+00,2.621906849649779936e+00,2.588786178322177722e+00,2.562283200188741894e+00,2.543098053596282160e+00,2.531740610065724706e+00,2.528592150214747925e+00,2.533954991272402424e+00,2.548086409041028233e+00,2.571215702975515605e+00,2.603544356376985558e+00,2.645229326276266058e+00,2.696349091452754365e+00,2.756851812390237466e+00,2.826485579717763486e+00,2.904713274770753806e+00,2.990620401354182611e+00,3.082834943230539082e+00,3.179495056389991525e+00,3.278322798364330382e+00,3.376886368297948859e+00,3.473151469301860583e+00,3.566424916776322895e+00,3.658779619954666273e+00,3.757045989416218923e+00,3.875536220111697183e+00,4.039967037213076928e+00,4.293696944761293821e+00,4.708187739171654229e+00,5.398053862011376047e+00,6.521854861603593179e+00,8.137402545701755585e+00,9.334866105880735176e+00,4.106151107041300818e+00,3.728175701058278335e+00,3.353105962092584047e+00,3.303153037316541862e+00,3.718661388921629118e+00,4.606238215333546826e+00,4.422459470192563913e+00,3.855587753033951071e+00,3.838130481924695303e+00,4.105636612485119130e+00,4.421648679685641348e+00,4.628556810799199894e+00,4.778079942011315140e+00,5.005112215756524208e+00,5.335138345259348824e+00,5.693958175892599449e+00,5.996573775016534213e+00,6.207079228046952224e+00,6.261776833061505343e+00,6.130583669052813711e+00,5.981860182256415470e+00,5.844991713312475135e+00,5.579355320490675396e+00,5.320453280830350629e+00,5.372495144324163086e+00,5.790238982041606697e+00,6.255839285213027345e+00,6.758391229616977469e+00,7.364035569535021253e+00,6.534628861229863084e+00,4.836092973756600522e+00,3.615611821661945946e+00,2.907322058029349066e+00,2.518681740764261434e+00,2.341883494320351478e+00,2.352647692586917749e+00,2.622562472979061976e+00,3.446617594772294346e+00,5.915103493229145748e+00,1.260550671549673929e+01,1.108561307323556733e+01,4.889725143543222075e+00,2.656856316517774985e+00,1.732007397932577852e+00,1.222514612078728913e+00,8.641844924614394685e-01,5.623621600892692030e-01,2.791290631193765748e-01
2.589362990632382289e+00,2.586964272003067222e+00,2.579946161211021938e+00,2.568825269082175566e+00,2.554407167403582868e+00,2.537712961424132274e+00,2.519893782237137003e+00,2.502145887792961432e+00,2.485637382263639061e+00,2.471453879126350728e+00,2.460565866656116985e+00,2.453816303065115001e+00,2.451923964048763338e+00,2.455496623155817293e+00,2.465048075995890375e+00,2.481013825817313112e+00,2.503761382131941549e+00,2.533592170789855658e+00,2.570732812144793655e+00,2.615314012368030738e+00,2.667335751893773477e+00,2.726618262629776357e+00,2.792740097921853071e+00,2.864968283606605937e+00,2.942192119027153829e+00,3.022882554873773664e+00,3.105113269821879740e+00,3.186695778340742358e+00,3.265494483359754341e+00,3.339991666058228503e+00,3.410162280695705483e+00,3.478701632154379553e+00,3.552660067211355077e+00,3.645653450000896356e+00,3.781160718237486229e+00,3.998156369182104264e+00,4.361570792573821187e+00,4.981075443316207441e+00,6.035331329067061823e+00,7.742605803798330300e+00,9.959817916512836433e+00,1.077548635127989485e+01,3.754929430767550702e+00,3.330219684113755463e+00,3.158657607888404328e+00,3.346359715785696132e+00,4.040732325467999431e+00,4.634684678137190872e+00,3.996311741395475181e+00,3.751266266620811862e+00,3.933433350168091813e+00,4.271536094027084118e+00,4.565275718653039050e+00,4.759344247016283447e+00,4.971217514625003275e+00,5.279060929973178773e+00,5.643239751476524901e+00,5.957255173019349037e+00,6.090071002394004118e+00,5.935275886707680471e+00,5.632641941667082541e+00,5.514309741512679608e+00,5.577618358790026321e+00,5.564024290211833090e+00,5.472509487327581468e+00,5.498515507304091443e+00,5.592447292023328131e+00,5.572051946448086213e+00,5.781890358357189008e+00,6.507666513551590981e+00,6.281077975240068056e+00,4.835431370032350351e+00,3.643345461426550358e+00,2.945116114533297136e+00,2.573794300237786103e+00,2.421471191349655605e+00,2.467056393578981321e+00,2.797467802544550963e+00,3.767781797931468724e+00,6.672276451188463575e+00,1.240876050111696571e+01,8.047290995514778444e+00,4.044200797624042387e+00,2.709013812807337107e+00,2.232473740542828544e+00,2.095185707740676584e+00,2.138367742541014138e+00,2.256839957400802454e+00,2.221390687180613277e+00,1.558818102350234547e+00
2.413237323998707051e+00,2.412445669482687904e+00,2.410163693115374706e+00,2.406662721877117495e+00,2.402370728834646307e+00,2.397839933724199568e+00,2.393708442767383815e+00,2.390661045229025561e+00,2.389393644077908441e+00,2.390584401283213367e+00,2.394872928802627143e+00,2.402847168149302437e+00,2.415036278660442903e+00,2.431907032127833546e+00,2.453860865587076390e+00,2.481228753285735777e+00,2.514261282444407719e+00,2.553111666276497438e+00,2.597809916512727746e+00,2.648227181322548862e+00,2.704030652606670415e+00,2.764631948772833248e+00,2.829136097752282808e+00,2.896304749421285685e+00,2.964556190760492260e+00,3.032035247055453464e+00,3.096795656150153064e+00,3.157141645676098118e+00,3.212169798191166770e+00,3.262537182436664462e+00,3.311470361601243084e+00,3.366057578891612501e+00,3.438997724518799703e+00,3.551315140129851500e+00,3.737244086851021496e+00,4.053771600460231994e+00,4.599225201451573319e+00,5.544734972107834281e+00,7.154891341241976122e+00,9.602543458024792145e+00,1.199623338036751541e+01,1.144029703566962297e+01,3.348983093341084682e+00,3.082290267275034079e+00,3.122621197810282467e+00,3.543143167018458772e+00,4.392315477298880388e+00,4.284979927309540138e+00,3.760194106764824795e+00,3.797101778192613075e+00,4.107881432877791283e+00,4.467343674852153335e+00,4.735336233701204378e+00,4.958736687945108912e+00,5.248489189817440170e+00,5.603213844967191548e+00,5.899136983962272041e+00,5.926153090407226820e+00,5.578622984509506999e+00,5.174376615322529460e+00,5.117098493877669796e+00,5.352473302087002338e+00,5.546882716374135214e+00,5.565711256204086688e+00,5.495507136327404396e+00,5.303042772565014218e+00,5.011938453851105812e+00,5.046171992234005366e+00,5.746985619392841471e+00,6.032613330553104447e+00,4.910152530739331667e+00,3.733119669187034972e+00,3.022004090829444323e+00,2.654445076054579022e+00,2.519001219552285953e+00,2.592355794776768363e+00,2.965142474562176833e+00,4.007371428387673795e+00,7.000052672440904011e+00,1.159245017617851481e+01,7.494243311916704009e+00,5.448468007107932110e+00,8.209449268318969928e+00,2.033298765984331524e+01,5.986490202723571130e+00,2.106089617013895410e+00,1.125404669408514025e+00,6.942620352424877517e-01,4.202502206135050322e-01,2.009706629833685199e-01
2.340303899195361748e+00,2.340369475313908154e+00,2.340620861231668126e+00,2.341218302588887745e+00,2.342416960112614355e+00,2.344550702307346413e+00,2.348012371429875067e+00,2.353232706759023074e+00,2.360659860468505844e+00,2.370740858683695329e+00,2.383905593775670351e+00,2.400553144409045547e+00,2.421039537147706699e+00,2.445665566042354300e+00,2.474663005681310146e+00,2.508177496937802342e+00,2.546246574142463359e+00,2.588771809598744422e+00,2.635485031232343012e+00,2.685910275565173144e+00,2.739325904052336558e+00,2.794735459387942544e+00,2.850861480975619422e+00,2.906183193193923042e+00,2.959045318604625052e+00,3.007868679900693731e+00,3.051490614934904144e+00,3.089653046649032397e+00,3.123642604520093791e+00,3.157085817215576906e+00,3.196943905596194568e+00,3.254885457847622732e+00,3.349517383810429738e+00,3.510559355814701910e+00,3.787214364564794877e+00,4.265064550302932744e+00,5.097791011265961458e+00,6.548250039098069131e+00,8.925177956147889446e+00,1.191292991563150849e+01,1.335019431397024192e+01,1.119279792520839756e+01,3.059514232586413307e+00,2.993702618240445812e+00,3.227177654155255482e+00,3.875236932900483211e+00,4.487244787190092232e+00,3.919195170197697919e+00,3.726207691114491460e+00,3.959009523512646567e+00,4.344698296228388656e+00,4.697198388189461227e+00,4.965088546548857451e+00,5.247742377661013258e+00,5.580413879943368904e+00,5.825122945355887261e+00,5.719069225272521706e+00,5.221908370032202207e+00,4.789139743560843598e+00,4.797181395578786756e+00,5.154583904163545505e+00,5.503044153913771552e+00,5.592563685278828522e+00,5.421756782137432396e+00,5.035817331742320491e+00,4.601792551251593366e+00,4.506125210415423687e+00,5.080064986632559787e+00,5.719386353546607182e+00,5.024467311717339513e+00,3.883047615468027125e+00,3.142178364422898440e+00,2.768435896558030240e+00,2.649256919181786074e+00,2.758652375427228520e+00,3.192148444257592033e+00,4.330608812775382788e+00,7.435719001146134488e+00,1.252790944849850874e+01,1.462538149547769706e+01,1.012298101735009581e+01,3.257694989151316278e+00,1.801128756049408253e+00,1.275163322381733799e+00,9.951309735876545659e-01,7.991514253642306720e-01,6.335295561096021544e-01,4.768886842297148654e-01,3.204177663687524102e-01,1.613182227992226991e-01
2.323455724561462876e+00,2.324013501667532289e+00,2.325721205747766085e+00,2.328679820938250877e+00,2.333050762973543080e+00,2.339046272433820128e+00,2.346917260301095709e+00,2.356939558234161236e+00,2.369399403973704299e+00,2.384578709623474957e+00,2.402740281002424538e+00,2.424112755976859379e+00,2.448874683129087515e+00,2.477136936498625097e+00,2.508922622177611750e+00,2.544143853994729199e+00,2.582575362341210656e+00,2.623825996507234137e+00,2.667310964644953319e+00,2.712230293718997931e+00,2.757562534342050675e+00,2.802086931548464221e+00,2.844451349037324661e+00,2.883305701809057986e+00,2.917519569893034515e+00,2.946496566696432673e+00,2.970587949868153110e+00,2.991600244803427344e+00,3.013400620882866754e+00,3.042673207281376691e+00,3.090004710141824873e+00,3.171735760121219272e+00,3.313520127037072882e+00,3.557538744927413177e+00,3.977273014181847977e+00,4.706635551342175816e+00,5.986901509836107138e+00,8.170504941377497943e+00,1.129907086260405435e+01,1.381198289977683125e+01,1.345878857368201231e+01,1.061649461212583745e+01,2.922498114644489497e+00,3.035534933594175033e+00,3.455229142897442429e+00,4.236102808429487609e+00,4.220245036763858870e+00,3.751852771499675221e+00,3.842617328858488612e+00,4.206331337291935313e+00,4.626363808134570377e+00,4.968210824546814841e+00,5.263227951424109818e+00,5.562546557938663483e+00,5.719173546568967481e+00,5.463014557470636134e+00,4.880111492640382131e+00,4.477252654112562347e+00,4.535846154572142908e+00,4.957385463673280590e+00,5.406582036972573668e+00,5.552061773983075099e+00,5.317468878105713337e+00,4.821256088860925715e+00,4.309833325398725989e+00,4.111248204377638160e+00,4.512880095412241666e+00,5.302466117567239401e+00,5.113561591656856642e+00,4.080140381790320347e+00,3.304604102228636542e+00,2.920078433839456977e+00,2.827572933682875878e+00,3.010908229043840478e+00,3.616015014187712318e+00,5.234543359698284881e+00,1.030716657359636024e+01,1.776558927297179480e+01,7.385371073926960683e+00,3.313718261762799155e+00,2.035975424317348903e+00,1.517748567704413354e+00,1.247307424760435435e+00,1.069392231693677697e+00,9.259098180434577330e-01,7.912185904290769400e-01,6.527747259662763923e-01,5.046025111151486442e-01,3.449677745030133025e-01,1.754159464767868215e-01
2.337869750519672163e+00,2.338701342627458324e+00,2.341217271670936739e+00,2.345479512591863713e+00,2.351586510963943333e+00,2.359666234284807373e+00,2.369867007536208270e+00,2.382346537035995304e+00,2.397259458825429235e+00,2.414743608875724590e+00,2.434905040477941540e+00,2.457801661623237877e+00,2.483425294922969595e+00,2.511682047515906291e+00,2.542371203405879854e+00,2.575163513967959616e+00,2.609580869139338510e+00,2.644980969219101752e+00,2.680552798463420316e+00,2.715331270835608102e+00,2.748241928076033957e+00,2.778188190801511581e+00,2.804193251605135995e+00,2.825605224846405861e+00,2.842367667933398678e+00,2.855350607497875171e+00,2.866736286899917996e+00,2.880470459303108299e+00,2.902840994031774535e+00,2.943355564984884154e+00,3.016303677457310428e+00,3.143803679229528747e+00,3.361980056907509784e+00,3.733648686851265275e+00,4.373934932576773349e+00,5.496109366176504807e+00,7.448909732874509082e+00,1.047879777714435434e+01,1.358611692474334021e+01,1.438649597329122543e+01,1.284442326288685088e+01,1.025605979891537345e+01,2.919479120975065900e+00,3.190573702003152157e+00,3.790220989550241448e+00,4.389921389447525968e+00,3.928707991759461393e+00,3.789637314665794676e+00,4.079144365922959814e+00,4.528291173142817705e+00,4.955120086781128919e+00,5.288226497044767882e+00,5.545772830984452284e+00,5.579382460628701246e+00,5.179244715383735098e+00,4.581475613716001760e+00,4.243015240609581795e+00,4.330226881156429286e+00,4.762181172447976785e+00,5.262147238913428282e+00,5.462389429212876735e+00,5.213154656406970844e+00,4.667612697578283232e+00,4.113988724274597608e+00,3.835404534276254385e+00,4.066428011314638269e+00,4.826305983894063623e+00,5.118256820644306870e+00,4.316702765399627495e+00,3.519678959498440118e+00,3.126109994077386212e+00,3.089567971477968911e+00,3.452403950992233295e+00,4.630083904275150708e+00,8.529977807785593669e+00,1.075743116315159753e+01,9.000102296672608304e+00,5.893608108691738678e+00,3.061105550583387291e+00,2.018782999019874680e+00,1.587730452845814710e+00,1.365839370863364266e+00,1.222629859983270784e+00,1.107312019442763251e+00,9.961035976831622563e-01,8.759498585027669648e-01,7.390847560933000437e-01,5.814615514708965094e-01,4.027135149063276742e-01,2.064519000996023479e-01
2.366852138928188243e+00,2.367795127520522236e+00,2.370634704576302099e+00,2.375401478131444755e+00,2.382142420051325260e+00,2.390914949474542972e+00,2.401778908542162583e+00,2.414786624256670677e+00,2.429971238760431085e+00,2.447333468939549839e+00,2.466826959438228606e+00,2.488342468867399404e+00,2.511691336573329547e+00,2.536589083806384259e+00,2.562640675132854540e+00,2.589329952711216798e+00,2.616017058066710810e+00,2.641949175290858598e+00,2.666291408348420156e+00,2.688185578677304566e+00,2.706844553496856598e+00,2.721687759358537573e+00,2.732519629114804616e+00,2.739747871072251151e+00,2.744635600274680787e+00,2.749586029941186727e+00,2.758478789831442235e+00,2.777124428017818669e+00,2.813996256548123576e+00,2.881572703253265644e+00,2.998963344212213222e+00,3.197195850216638657e+00,3.530028414825880922e+00,4.096008141330287344e+00,5.080241382724715038e+00,6.805594899064415060e+00,9.618633317037827979e+00,1.298805951739065989e+01,1.466055207770298097e+01,1.387579385189008363e+01,1.228241236643023981e+01,1.034564766377921075e+01,3.023398061510451651e+00,3.446424435958506116e+00,4.151541985850526473e+00,4.228409837691304851e+00,3.837039639118922096e+00,3.985485910907748952e+00,4.415093020461413609e+00,4.909249585979069685e+00,5.302777144166636702e+00,5.516111958261715742e+00,5.402991039922133254e+00,4.891207197862923906e+00,4.336214862130227665e+00,4.072476249834988238e+00,4.167919194329739341e+00,4.568429322016220873e+00,5.073527884987938386e+00,5.327825265651098263e+00,5.111270295076364434e+00,4.562429641936627256e+00,3.988721494235325515e+00,3.649042853181860835e+00,3.733109915266030754e+00,4.354666041827637279e+00,4.980182796651433819e+00,4.559086300397008351e+00,3.792222723544891316e+00,3.405144433540130411e+00,3.489815661320450069e+00,4.295859111134947561e+00,7.110650666154572086e+00,8.304624985037790452e+00,5.378499199738373093e+00,7.185577849814639428e+00,5.977367012400947033e+00,3.226063734801898342e+00,2.144661594223595813e+00,1.721011004922634591e+00,1.521251546032420521e+00,1.405211529079275490e+00,1.319317611195724993e+00,1.238271118498968093e+00,1.147090756819368895e+00,1.034980643298821779e+00,8.935294497284695936e-01,7.171094486551288227e-01,5.046054288320389603e-01,2.614050152971003627e-01
2.396136310532981373e+00,2.397051473433275959e+00,2.399798183464540990e+00,2.404379014009050408e+00,2.410794649274206058e+00,2.419038582339672061e+00,2.429089897886238525e+00,2.440904340735017275e+00,2.454403939725680051e+00,2.469465559911832031e+00,2.485908926302360378e+00,2.503484937581079706e+00,2.521865506707632321e+00,2.540636753880187726e+00,2.559298132994591857e+00,2.577270935965003673e+00,2.593920443714048396e+00,2.608596522819994767e+00,2.620697351947542941e+00,2.629759846343149299e+00,2.635578080182643390e+00,2.638347976622612556e+00,2.638834084702113003e+00,2.638555011123400185e+00,2.639992053608763989e+00,2.646846320074347503e+00,2.664411044835790499e+00,2.700202012309382837e+00,2.765130761406209281e+00,2.875785124523044800e+00,3.058968443775311741e+00,3.360907895661124911e+00,3.866078256571103822e+00,4.733983802481478875e+00,6.253508913048211326e+00,8.805178300857408047e+00,1.220571154127473257e+01,1.452971370349589364e+01,1.437212226256744430e+01,1.317955678060813796e+01,1.217356450040958293e+01,1.098156004096251337e+01,3.218963475207592406e+00,3.786193335491483403e+00,4.358125533747014835e+00,4.032561238887777399e+00,3.955309679188356853e+00,4.309707878756352528e+00,4.827138930027752295e+00,5.280640099609468230e+00,5.453101223640444140e+00,5.193515719227459471e+00,4.623096948456028699e+00,4.146400465563138127e+00,3.953279509586504759e+00,4.043836733683181528e+00,4.386983007526712441e+00,4.857694286094194069e+00,5.155421684767491186e+00,5.008640558735166337e+00,4.494840829134805205e+00,3.918935217914809588e+00,3.534337063511983068e+00,3.502165854082828211e+00,3.952616265182795630e+00,4.706700460460333524e+00,4.755405623790243119e+00,4.125426015381106204e+00,3.784501841176912684e+00,4.118191590571218086e+00,5.866024177188267075e+00,8.001299595069767179e+00,4.276480343052080357e+00,4.099008321019126377e+00,6.080113542590614983e+00,6.243336555621659123e+00,3.560126976586674985e+00,2.339342995024074057e+00,1.887760115611647471e+00,1.699984193684156430e+00,1.611368604255281056e+00,1.561314493138055148e+00,1.522124293518389848e+00,1.477145119468570300e+00,1.412879323807247900e+00,1.315839604703150645e+00,1.171919365566842508e+00,9.682925995911917383e-01,6.982524773959219999e-01,3.678475906732314726e-01
2.415091899346610838e+00,2.415857892020045750e+00,2.418148957223154039e+00,2.421943448247021458e+00,2.427202302259967581e+00,2.433864714788569472e+00,2.441842400123817036e+00,2.451012786142769961e+00,2.461211646457073243e+00,2.472225880010092691e+00,2.483787425922368008e+00,2.495569660784235921e+00,2.507188061374521215e+00,2.518207392091964536e+00,2.528158111954148524e+00,2.536564954277276129e+00,2.542990529030375590e+00,2.547096145133487255e+00,2.548720753400135486e+00,2.547977129619427572e+00,2.545362763583514099e+00,2.541882639438475255e+00,2.539184161983953913e+00,2.539713645257890562e+00,2.546922790481609411e+00,2.565588404089302887e+00,2.602371043493367786e+00,2.666854946141195004e+00,2.773544413751394266e+00,2.945782988720524465e+00,3.223622085142763272e+00,3.679856773989254037e+00,4.451874239252129328e+00,5.793765746880019663e+00,8.081979971640951277e+00,1.136554056078619190e+01,1.413304016213602310e+01,1.455181851001139393e+01,1.361929833606669860e+01,1.286649256866573232e+01,1.266043383999747540e+01,1.226059815013953447e+01,3.497530135162030263e+00,4.149998534650811699e+00,4.316787719742610108e+00,4.028789929178810958e+00,4.238297294982606545e+00,4.722507118904395895e+00,5.201362362448147536e+00,5.338224970009619597e+00,4.967754765390086646e+00,4.396460799748602710e+00,4.008021836584374498e+00,3.872109052602812351e+00,3.950045575162908218e+00,4.224212622797374195e+00,4.630363752477584249e+00,4.948370511255129500e+00,4.892756698197797682e+00,4.449146689370397922e+00,3.889928918623031251e+00,3.474530727534463903e+00,3.353890927201375050e+00,3.646036466537827536e+00,4.362596504349203208e+00,4.838540073621411253e+00,4.507311534876867753e+00,4.296786878368741291e+00,5.076328176999822972e+00,7.377131372940382015e+00,4.834060105428417131e+00,3.173113244249758935e+00,3.521305776963368217e+00,5.169364829291989594e+00,6.341470724590092090e+00,4.027741997639444627e+00,2.595964150334029164e+00,2.083788658790075576e+00,1.900862932164359975e+00,1.843595344281756532e+00,1.840807833461455267e+00,1.862763136653600160e+00,1.893249250206419099e+00,1.919091574627174168e+00,1.924546266727755750e+00,1.887107571505963755e+00,1.774771678799313968e+00,1.547813268189357494e+00,1.170840586177201992e+00,6.382094367036739158e-01
2.415152921457142110e+00,2.415678344060112614e+00,2.417241900802924448e+00,2.419804875133846345e+00,2.423300861122790195e+00,2.427633181998434253e+00,2.432671764401050929e+00,2.438249994229546580e+00,2.444162282217243742e+00,2.450163302170471624e+00,2.455970125905271306e+00,2.461268744307543166e+00,2.465726689077318845e+00,2.469013583620971453e+00,2.470831361356129463e+00,2.470955501792482245e+00,2.469287900563377214e+00,2.465920979793800871e+00,2.461211645130834125e+00,2.455863299573213254e+00,2.451015299161474204e+00,2.448343353849913306e+00,2.450183300123298658e+00,2.459707149249368285e+00,2.481209251757343637e+00,2.520612106786002116e+00,2.586398912288756513e+00,2.691376082961005611e+00,2.856082973033791106e+00,3.115559368192521994e+00,3.533049677845889747e+00,4.227400193920127336e+00,5.420602761127657487e+00,7.465795772700323241e+00,1.055114013361586700e+01,1.357357732588945254e+01,1.451677800604242918e+01,1.382284760694065895e+01,1.313824902384068594e+01,1.314052354048358495e+01,1.383470900091568012e+01,1.433412877030677635e+01,3.849973669119077790e+00,4.416938554265881223e+00,4.245523569280774012e+00,4.235156850308374743e+00,4.621469789565080255e+00,5.061512067279916316e+00,5.157213658432202585e+00,4.745412790036795947e+00,4.225178974766530260e+00,3.918504154428570363e+00,3.823957501066743703e+00,3.885833695236962093e+00,4.090863871560967979e+00,4.415046959106461166e+00,4.722289301942450557e+00,4.758298237184344082e+00,4.415148957164527488e+00,3.894964041734738647e+00,3.462794779505484755e+00,3.276875141712587425e+00,3.442223576495040405e+00,4.042199488220488135e+00,4.786152312566227529e+00,4.909117425920705990e+00,4.971065129510399139e+00,6.257548014804326542e+00,6.294283667829092543e+00,3.392966651802731270e+00,2.791301553399061497e+00,3.178331195936567877e+00,4.451999187677646574e+00,6.102256294552121929e+00,4.611383263950363798e+00,2.935643590679748449e+00,2.319717387407571607e+00,2.132898923848758344e+00,2.115101560519305757e+00,2.181431784761123094e+00,2.304579636330594816e+00,2.479627511869286760e+00,2.713322858961320083e+00,3.020584299652218085e+00,3.422035717039717539e+00,3.936628237719497214e+00,4.555157859023351463e+00,5.155339632190303334e+00,5.277622871730480725e+00,3.833331777546356012e+00
2.390451506349922095e+00,2.390692911265590581e+00,2.391402273284493063e+00,2.392534914699506743e+00,2.394016057482872828e+00,2.395740643737398479e+00,2.397573676769559903e+00,2.399351685831718761e+00,2.400886095733012482e+00,2.401969447490848175e+00,2.402385544036933496e+00,2.401924649817388513e+00,2.400404809897638270e+00,2.397700129159408000e+00,2.393776444147355242e+00,2.388734264769476479e+00,2.382858297662371339e+00,2.376672574105809232e+00,2.371000667481371060e+00,2.367032387687917350e+00,2.366402627918895440e+00,2.371296062368644098e+00,2.384605370400527669e+00,2.410194876970828126e+00,2.453365063478829544e+00,2.521696419819663415e+00,2.626618423077986542e+00,2.786401275089689378e+00,3.032023541189154958e+00,3.418954184053690781e+00,4.050710660791557061e+00,5.121140376993005283e+00,6.952206435914587423e+00,9.804785139093063151e+00,1.292574483518511563e+01,1.431976112694692915e+01,1.387828160320279025e+01,1.321457656356330723e+01,1.320762032514559792e+01,1.408328682894062212e+01,1.582035938108693429e+01,1.738099358246796200e+01,4.229651073463780442e+00,4.502511699260858258e+00,4.327267649799216187e+00,4.536144737074621069e+00,4.857563653277008342e+00,4.885179126725192056e+00,4.514277463672411450e+00,4.092666761404184506e+00,3.858259551069487259e+00,3.791409727779060379e+00,3.835950294624890233e+00,3.977565042124264760e+00,4.213716741804073962e+00,4.478846590820384499e+00,4.585517764674118979e+00,4.364075464228267975e+00,3.911393446021693698e+00,3.479677508234235717e+00,3.247048142064745679e+00,3.316280461611076369e+00,3.786264847581244375e+00,4.619443373642829087e+00,5.251213959977363288e+00,5.759796594053456786e+00,6.893781373362140030e+00,4.608891790066116378e+00,2.876221518134269850e+00,2.616052919405065236e+00,2.949140228510727102e+00,3.906047955414604367e+00,5.541837516975878231e+00,5.177248505572629611e+00,3.368230531678451101e+00,2.601080910333430918e+00,2.402448258183476071e+00,2.443258609037335383e+00,2.628654844277045211e+00,2.961655570704713192e+00,3.527390563398835610e+00,4.589470265531025994e+00,7.065376923576948798e+00,1.480396223860640603e+01,1.931694784637715401e+01,7.743075154166012553e+00,5.691809919994383904e+00,6.062170816429834908e+00,6.787342037406974171e+00,5.742041241804418661e+00
2.341943645130517559e+00,2.341919599916153505e+00,2.341834806331133390e+00,2.341651667049315932e+00,2.341308854114598770e+00,2.340723585073500868e+00,2.339795348419948517e+00,2.338411588916633477e+00,2.336455960250649611e+00,2.333819799486880342e+00,2.330417453594857413e+00,2.326205973622386125e+00,2.321209479483643534e+00,2.315548208066986469e+00,2.309471958296172023e+00,2.303397479986157848e+00,2.297949554241440762e+00,2.294006430775952232e+00,2.292752409699727600e+00,2.295744373247576853e+00,2.305006065037717988e+00,2.323175809975763784e+00,2.353754012532371931e+00,2.401534270069272115e+00,2.473373797150246745e+00,2.579603423841425602e+00,2.736679347813242291e+00,2.972321989962645183e+00,3.335732919020595322e+00,3.917932711986715777e+00,4.888899959036430154e+00,6.538002188229407707e+00,9.155288634995184083e+00,1.225888094041949117e+01,1.400973988242443191e+01,1.383443444868002103e+01,1.319394595217423571e+01,1.311254198332064647e+01,1.392267940146072469e+01,1.579887504323097502e+01,1.879192018557314015e+01,2.149063509537878502e+01,4.560957977682300601e+00,4.536450954548277181e+00,4.500450585166582584e+00,4.625478383629122447e+00,4.552556165856936232e+00,4.278359941092368501e+00,3.997038865716828759e+00,3.830198802965445459e+00,3.780159821378270557e+00,3.806733207033152766e+00,3.893679723087806188e+00,4.046198480260009944e+00,4.247024770297214147e+00,4.387849356325679295e+00,4.290109683796283768e+00,3.934546341049527385e+00,3.525100654628698926e+00,3.262901125760875320e+00,3.263495703569996298e+00,3.626789873709301837e+00,4.440521802102814775e+00,5.491517441652005616e+00,6.515904305231745575e+00,6.461341150743182382e+00,3.749211775138749925e+00,2.684138814036884924e+00,2.534769848342155463e+00,2.802736036806718900e+00,3.524325557558927180e+00,4.905306341202752662e+00,5.535297569884067848e+00,3.924272453672084104e+00,2.957890583984434940e+00,2.736023692267686158e+00,2.875370606123894834e+00,3.304125772165389385e+00,4.210225820465729463e+00,6.437589518803211064e+00,1.312106917454183375e+01,1.091734400122681414e+01,4.812682537803181226e+00,4.347298513106845341e+00,5.567221518119957580e+00,8.549071235783312517e+00,1.483929488973547706e+01,2.329058612119343508e+01,1.916633600320339781e+01,8.101276417321834344e+00
2.275830493591579629e+00,2.275619401378281559e+00,2.274979438084379080e+00,2.273891301653430119e+00,2.272325402510855241e+00,2.270245918149382813e+00,2.267616816176809547e+00,2.264410142854367258e+00,2.260616887671762498e+00,2.256260696822254275e+00,2.251414617094060766e+00,2.246220918459496119e+00,2.240913904202768148e+00,2.235845543088210707e+00,2.231513867940648765e+00,2.228594558498309119e+00,2.227977219371790607e+00,2.230809941294409349e+00,2.238559349279678479e+00,2.253099428913318825e+00,2.276852727107159247e+00,2.313025534980861497e+00,2.366011610322948933e+00,2.442102210758156922e+00,2.550766731256226549e+00,2.707030096539808639e+00,2.936025213498405506e+00,3.281944960289506774e+00,3.825720978798585747e+00,4.717493635508917649e+00,6.215866810343174009e+00,8.613622853111435163e+00,1.162324995419112739e+01,1.362807824122783629e+01,1.371800856816916081e+01,1.312097914473441307e+01,1.295603993271785548e+01,1.362961866791653165e+01,1.536520562078564822e+01,1.843969329544004054e+01,2.288770779864235294e+01,2.635601483883738183e+01,4.751572470908261181e+00,4.545236264545127192e+00,4.402087152633704648e+00,4.207352823856180812e+00,4.031554389196201349e+00,3.916370113965794708e+00,3.827205766071828386e+00,3.789061789801517754e+00,3.796916358270241432e+00,3.837511990390063410e+00,3.916358893319071832e+00,4.043194441990549670e+00,4.179013788983032995e+00,4.184784244312533374e+00,3.950896024921846106e+00,3.591816263891234318e+00,3.318031499160423170e+00,3.271732554693063122e+00,3.559282072978908751e+00,4.320624589513021974e+00,5.622218065761153127e+00,6.960973437088857629e+00,5.681454768204652339e+00,3.406487228760590735e+00,2.632746344096692503e+00,2.508643329456217153e+00,2.716263185350253906e+00,3.270024816919470112e+00,4.361224394368534263e+00,5.521142106211430090e+00,4.579128541752542247e+00,3.423730512821454575e+00,3.168548283608685345e+00,3.493234758944696594e+00,4.497694234291294002e+00,7.308133070771982709e+00,1.290166054331723977e+01,5.843233544131853918e+00,3.488007630632095069e+00,3.646243210963862058e+00,4.766566367163416196e+00,7.170512608487911166e+00,1.169813235041832300e+01,1.476078266742888445e+01,9.422773205442148026e+00,4.494688813231628721e+00,2.131598467733086810e+00,8.815022954300921754e-01
2.201345335190818542e+00,2.201065019701697878e+00,2.200225490816465346e+00,2.198831934541911615e+00,2.196896127117597963e+00,2.194441206209019057e+00,2.191508476041581499e+00,2.188166332164231953e+00,2.184521367141512016e+00,2.180731673733671272e+00,2.177022314797660840e+00,2.173702915410835601e+00,2.171187413821473733e+00,2.170016277562303308e+00,2.170882086077541295e+00,2.174660498730673908e+00,2.182450563245108555e+00,2.195631554306176625e+00,2.215948913361487360e+00,2.245650994852455007e+00,2.287714392975792599e+00,2.346225113483291214e+00,2.427039291294175172e+00,2.538959286178321673e+00,2.695890653650878654e+00,2.920923976029110580e+00,3.254267070156346975e+00,3.768743763213389109e+00,4.598179954276082171e+00,5.973615102448404102e+00,8.175814613016797239e+00,1.104744969196007531e+01,1.320775780362422047e+01,1.354402785179038560e+01,1.301428794947126022e+01,1.277988636736020567e+01,1.330789630662225775e+01,1.483172933968744900e+01,1.766217745366476066e+01,2.216458837936475845e+01,2.798603726543864667e+01,3.096882799624964733e+01,4.664036051310160857e+00,4.220119425727686391e+00,3.893076624380609196e+00,3.774387570529502689e+00,3.810544082401845500e+00,3.826572039071896025e+00,3.809604801029364829e+00,3.800338991684504286e+00,3.801367730620808238e+00,3.817519049114836971e+00,3.870297795629029647e+00,3.969166035635018908e+00,4.039554094016772900e+00,3.936594570587415021e+00,3.661388937174359093e+00,3.398871638864364719e+00,3.323978060408916413e+00,3.562206483656793488e+00,4.276363950537664493e+00,5.657970587566440557e+00,6.887375895795622149e+00,5.106717807119920849e+00,3.314551584908509430e+00,2.656559512457101757e+00,2.518215269658063971e+00,2.670623596133414601e+00,3.103866850959169366e+00,3.954464805749102752e+00,5.197967967064343497e+00,5.185440387959561193e+00,4.023861276005269438e+00,3.742516031998599502e+00,4.432862771074541186e+00,6.812605406232030703e+00,1.117472742105148953e+01,5.051382404907656110e+00,3.027045923465654376e+00,3.095264241417106099e+00,3.834610998698151363e+00,5.311876814535709812e+00,8.076066093053091421e+00,1.149395627670091180e+01,9.691395265481917320e+00,5.124400072810475493e+00,2.656094712056644713e+00,1.488221615018581190e+00,8.357051599299003541e-01,3.830443967245633630e-01
2.129833034434813754e+00,2.129612340000597293e+00,2.128959992569479098e+00,2.127906115338440429e+00,2.126503964926251822e+00,2.124834504144024194e+00,2.123012789955502910e+00,2.121196154197013684e+00,2.119594148050973903e+00,2.118480236590014609e+00,2.118205297997877157e+00,2.119213152701426850e+00,2.122058694426365300e+00,2.127429826781168654e+00,2.136175488497460417e+00,2.149343836146055953e+00,2.168237582140219999e+00,2.194498346509643483e+00,2.230240164811769787e+00,2.278266920545402030e+00,2.342435302371248529e+00,2.428275977373228756e+00,2.544086296512071410e+00,2.702911591621348641e+00,2.926250837550326001e+00,3.251168013214655872e+00,3.744007559311102185e+00,4.525268449213570854e+00,5.801963043396907160e+00,7.835312409362793495e+00,1.054890155295415965e+01,1.277908477381863861e+01,1.332648439882346736e+01,1.288333043595559779e+01,1.260258005392060809e+01,1.300040700926235004e+01,1.431141948579446321e+01,1.682680640165732200e+01,2.097601482132608197e+01,2.698854017764218582e+01,3.336252539656341298e+01,3.388882668388895070e+01,4.128260303978925627e+00,3.650545733852772479e+00,3.536341318554592217e+00,3.657715074391609811e+00,3.795353633739384502e+00,3.829461926445376641e+00,3.811978891867739971e+00,3.779772891506327781e+00,3.743486851516519831e+00,3.728373459739620088e+00,3.771190539485191895e+00,3.860213476280860423e+00,3.873110122611578277e+00,3.713047786720391485e+00,3.492214117882486146e+00,3.407555008354434811e+00,3.616593150154168157e+00,4.295791773524937796e+00,5.612885883896701067e+00,6.380572070601853163e+00,4.729190069578093514e+00,3.344809193499953537e+00,2.729224573765232087e+00,2.554594015371858262e+00,2.654223530147470367e+00,2.998292452355122428e+00,3.671203238137976665e+00,4.780173013862465403e+00,5.522492848214155536e+00,4.752589781798444157e+00,4.510308790620321417e+00,5.874565252536234183e+00,9.672733157543156324e+00,5.758670967694367704e+00,2.894673945141135185e+00,2.702483317569959187e+00,3.147148298172863790e+00,4.025085912130887955e+00,5.578365730515888465e+00,8.160094628322166699e+00,1.007497225768654303e+01,7.270304090118795415e+00,3.937097860454996656e+00,2.273913736367760841e+00,1.460222194528149053e+00,9.761629727631948583e-01,6.165273236673707302e-01,3.016107121148303705e-01
2.073353671857625091e+00,2.073308390586792171e+00,2.073189459717705851e+00,2.073048413407230228e+00,2.072973787342258234e+00,2.073095069358421583e+00,2.073588204838494597e+00,2.074682658499193977e+00,2.076670085711640468e+00,2.079914778839264677e+00,2.084866267545715246e+00,2.092074827413759053e+00,2.102211280468524457e+00,2.116093498345450463e+00,2.134723680670380652e+00,2.159343187869433578e+00,2.191516202708410077e+00,2.233261175732870196e+00,2.287262578831805726e+00,2.357220306633789342e+00,2.448440997322787194e+00,2.568867070452518497e+00,2.730922277776670626e+00,2.954922803196002867e+00,3.275535785173233627e+00,3.754044493802166649e+00,4.500225762945254004e+00,5.700564766206639433e+00,7.593378002296091722e+00,1.014656192914113930e+01,1.237809523265253020e+01,1.308904071706703576e+01,1.274187567397659926e+01,1.243915050565518321e+01,1.273158013965273128e+01,1.385461371045768608e+01,1.606722824268306127e+01,1.977763713780660382e+01,2.540062049254527921e+01,3.245239101625298161e+01,3.757296301389834525e+01,3.440035100435670046e+01,3.538253278688796577e+00,3.369078625645904879e+00,3.496635361410027620e+00,3.721517075477165371e+00,3.846202190603797977e+00,3.843055661823124858e+00,3.784962604307751111e+00,3.704927969620330774e+00,3.631570418389484800e+00,3.613419718098553890e+00,3.683599309779195252e+00,3.775298189307951802e+00,3.745828021778774275e+00,3.602033175747654248e+00,3.530182346675392324e+00,3.726613017304813980e+00,4.378683678606298812e+00,5.520648607631417626e+00,5.728974450388157891e+00,4.438846584412137197e+00,3.441372849077428686e+00,2.854958008325336749e+00,2.629310301083043200e+00,2.674668541852043280e+00,2.950407290364054358e+00,3.501817480668611982e+00,4.446322366838972862e+00,5.558137998414824921e+00,5.562412937432670290e+00,5.547153343887534227e+00,7.759908231381884569e+00,7.816751138578426072e+00,3.246815194696095475e+00,2.490733869340322482e+00,2.693226708151474913e+00,3.240375300018749627e+00,4.145927202962962355e+00,5.642934955038270139e+00,7.885377451917174874e+00,9.017841699545348533e+00,6.385024096626068513e+00,3.700869069800982736e+00,2.369670269331347612e+00,1.711982700208480868e+00,1.306106562660847015e+00,9.793309051741250215e-01,6.638570645480790233e-01,3.374389469547600662e-01
2.039741512545822921e+00,2.039961039622029126e+00,2.040642094935418704e+00,2.041852777582464640e+00,2.043708848233705133e+00,2.046377149561351416e+00,2.050080472050885838e+00,2.055104000630492145e+00,2.061803612244150763e+00,2.070616525605062375e+00,2.082075185450282806e+00,2.096825877677588323e+00,2.115654552445156433e+00,2.139523903925155679e+00,2.169628309964899415e+00,2.207477481591602064e+00,2.255026932976633702e+00,2.314886185275477626e+00,2.390658915602850154e+00,2.487512973517735926e+00,2.613162516497724575e+00,2.779610805951093777e+00,3.006332640104991683e+00,3.326213161400071172e+00,3.796623926927300552e+00,4.518720060243586190e+00,5.661452233993791161e+00,7.439031891231162597e+00,9.837826895558322349e+00,1.201888112545942455e+01,1.284167169237369066e+01,1.259139471406880517e+01,1.229019234312875852e+01,1.250553514146994871e+01,1.347428420011030958e+01,1.542367958217769619e+01,1.871245030345956195e+01,2.378034523627210461e+01,3.060664318884034429e+01,3.727672410062523767e+01,3.944404486475807659e+01,3.346183023122433298e+01,3.286307345752215170e+00,3.355797125853188234e+00,3.588730849622456809e+00,3.811280463943755858e+00,3.869363964835892400e+00,3.803478221996581254e+00,3.687958306887595405e+00,3.564923297392597057e+00,3.487628828823896576e+00,3.514415435777162866e+00,3.637887367083714185e+00,3.730099094285188599e+00,3.699062979604916812e+00,3.670156971090221543e+00,3.867514381457115569e+00,4.484300745549285594e+00,5.364682032169376669e+00,5.095333980908667293e+00,4.125366302549283049e+00,3.514605002675408318e+00,3.007236338072960535e+00,2.732232467070250248e+00,2.719920115130591842e+00,2.937323037493233535e+00,3.402658213719977898e+00,4.211572721240319339e+00,5.400540238967588280e+00,6.247132401792110379e+00,6.810217754938596713e+00,8.832747484867653043e+00,4.772813009844323773e+00,2.560015196091336431e+00,2.405262507962313556e+00,2.732181975265124407e+00,3.310086099716125219e+00,4.196532721080981077e+00,5.580161550030227069e+00,7.509093619245588158e+00,8.396932486991669720e+00,6.205334944112705919e+00,3.891395634625816058e+00,2.738592951383633789e+00,2.196792024339666582e+00,1.876109530527059199e+00,1.601565294619522462e+00,1.294071168784660664e+00,9.211749536779945124e-01,4.818329937622323200e-01
2.035052798208913938e+00,2.035599358274775561e+00,2.037265758260775605e+00,2.040132796365656809e+00,2.044337295804110610e+00,2.050075458839450970e+00,2.057607826896745706e+00,2.067266199001160931e+00,2.079463103402967583e+00,2.094704799913560400e+00,2.113609392410231713e+00,2.136932581053008207e+00,2.165605099721545912e+00,2.200788346505144766e+00,2.243958808482238165e+00,2.297038871427514728e+00,2.362603884649550068e+00,2.444217556123662316e+00,2.546989040696545636e+00,2.678523797759124747e+00,2.850593120950173365e+00,3.082144556394239565e+00,3.404831048176637509e+00,3.873105476955451820e+00,4.581258389316489321e+00,5.683213649146479085e+00,7.368811554502386230e+00,9.624463219592637842e+00,1.171830057640834610e+01,1.260223334711498921e+01,1.244145712110833557e+01,1.216162755179520616e+01,1.232809126375848940e+01,1.317801954140800369e+01,1.491047593900902690e+01,1.782604670047568263e+01,2.231621209988166044e+01,2.855245495856334514e+01,3.556123141419510603e+01,4.026745942869287376e+01,3.946959696724174904e+01,3.236736246499604874e+01,3.278177347990673951e+00,3.451004669461421592e+00,3.707537097885882371e+00,3.869566971531979149e+00,3.836701503312411887e+00,3.698358448744687443e+00,3.533074190538365578e+00,3.402074969043256125e+00,3.374933109256106345e+00,3.488600193854241027e+00,3.667958222815159708e+00,3.770820298925592340e+00,3.821700560088814314e+00,4.036235611658356426e+00,4.602871647621453732e+00,5.181056940067341188e+00,4.579963888511828785e+00,3.804465544013635458e+00,3.514039001952573571e+00,3.168286854056778790e+00,2.869392791541547361e+00,2.796571102835987421e+00,2.958999316588162287e+00,3.361373339355711032e+00,4.077019751157173744e+00,5.234592825087469592e+00,6.684130045406733167e+00,8.096925088321594188e+00,7.983904570563193914e+00,3.457595914908129231e+00,2.358583331755792489e+00,2.405933135507165588e+00,2.778565036288460632e+00,3.361878738259060917e+00,4.214152781411639737e+00,5.480780532981500031e+00,7.177077958026534255e+00,8.095348402125202014e+00,6.439286419987810817e+00,4.390793049121177738e+00,3.374208451428251099e+00,2.987642150797986673e+00,2.848683768958770735e+00,2.760761991803173387e+00,2.605425972271624424e+00,2.290820215591649056e+00,1.747847926867784896e+00,9.597929296039087177e-01
2.062428668561444578e+00,2.063345119948944983e+00,2.066124868272178894e+00,2.070859824809923033e+00,2.077705668504137293e+00,2.086885824053386074e+00,2.098697557148154758e+00,2.113520838994886741e+00,2.131831025248320799e+00,2.154216997120550481e+00,2.181407352780651010e+00,2.214308730866298980e+00,2.254062769762288365e+00,2.302132225833730672e+00,2.360433616573831550e+00,2.431545715896876736e+00,2.519044698051353670e+00,2.628056246407362018e+00,2.766189292051768334e+00,2.945157837577716542e+00,3.183666153564224111e+00,3.512614078253029071e+00,3.984360212364390641e+00,4.687705218520554773e+00,5.763376903822803321e+00,7.376557871958588919e+00,9.500379182148410706e+00,1.148061311671564333e+01,1.237997681122326910e+01,1.229657450600853963e+01,1.205477174844440391e+01,1.219966153480471860e+01,1.296518403086427362e+01,1.452459215010904003e+01,1.711692800499147182e+01,2.105212164532337482e+01,2.656497669540538453e+01,3.331352429444461904e+01,3.932817651871624776e+01,4.144039010249734645e+01,3.871912682542365758e+01,3.166367785249271094e+01,3.350246999719697083e+00,3.555142930441124172e+00,3.789945857497345472e+00,3.854382838682601786e+00,3.725384916553897696e+00,3.527293701292599781e+00,3.348201955801710650e+00,3.264837165802769725e+00,3.340070657079818872e+00,3.558512707654615248e+00,3.789687323764034943e+00,3.957515766500685483e+00,4.211688173812222047e+00,4.711612046421508992e+00,4.986275863439559863e+00,4.181400286623504492e+00,3.499517630492809950e+00,3.404238471680764988e+00,3.282102594992308831e+00,3.023180929651658744e+00,2.898109766045475766e+00,3.005248407619243167e+00,3.356124642148095027e+00,4.008721970553041913e+00,5.119257347712824924e+00,6.880308828999027071e+00,8.954976473716836693e+00,6.590448776783075502e+00,2.996826426352550143e+00,2.314515543517647878e+00,2.428533939080201876e+00,2.815016288782290488e+00,3.393188872599894879e+00,4.209037796030146161e+00,5.373007434689514028e+00,6.901345631473665421e+00,7.950325363932475575e+00,6.902397426063688890e+00,5.142729887073905104e+00,4.304996877874689432e+00,4.217977448092247172e+00,4.551728402750532254e+00,5.157928800644584477e+00,5.977620462375410781e+00,6.943520665591718100e+00,7.836106621581750531e+00,7.976288470191650326e+00,5.816037885107904870e+00
2.125168930180176829e+00,2.126491544541719847e+00,2.130493882457318300e+00,2.137280412180642131e+00,2.147028637405723472e+00,2.159994589394309550e+00,2.176521404932263426e+00,2.197052068760529941e+00,2.222148023687708918e+00,2.252516308701690839e+00,2.289049392876418842e+00,2.332884305899129984e+00,2.385491688693752721e+00,2.448812203466543824e+00,2.525469579881733928e+00,2.619110636454857755e+00,2.734960941056641115e+00,2.880755766920284344e+00,3.068338493618805174e+00,3.316461667387748946e+00,3.655735989874553393e+00,4.137160929756911187e+00,4.845134851141508214e+00,5.908357822210019705e+00,7.466487928642717264e+00,9.469072008405731822e+00,1.131700568820773789e+01,1.219291049237146751e+01,1.217197498536966016e+01,1.198100462680431377e+01,1.212943812918337905e+01,1.284200695175523599e+01,1.426508241829893464e+01,1.657266683723977962e+01,1.998473318723690184e+01,2.475796687729431156e+01,3.096891039347742236e+01,3.752472067312505288e+01,4.160897491838176876e+01,4.139269730796135605e+01,3.791722492799621591e+01,3.149670653375489238e+01,3.429529272944265017e+00,3.638085828833892421e+00,3.818614006653264781e+00,3.765876306376680915e+00,3.555797268253935162e+00,3.334699050865697068e+00,3.197696433765928603e+00,3.221201069989687582e+00,3.435419596247568652e+00,3.761535048450448393e+00,4.068840136542684505e+00,4.392498645461251350e+00,4.819557029484600186e+00,4.822072977683655282e+00,3.901929967331274618e+00,3.255614921502925085e+00,3.232122908428225472e+00,3.316726352651611087e+00,3.181176684782105468e+00,3.032646149584450335e+00,3.084372677013735853e+00,3.388019255800256424e+00,3.997499950142446856e+00,5.077126903022888271e+00,6.963377525204750285e+00,9.101821326580806115e+00,5.740841073981717280e+00,2.931987680059000567e+00,2.357983220809733993e+00,2.468570332413444479e+00,2.849315323263168498e+00,3.418046005018005040e+00,4.203769701582560359e+00,5.290749790654192708e+00,6.707107503801656989e+00,7.908910604943031331e+00,7.515824767010848007e+00,6.151156156019887966e+00,5.600470156363734908e+00,6.084328922059301092e+00,7.513992113855283428e+00,1.013569429396280519e+01,1.442130193398849514e+01,1.953967533781056787e+01,1.992775250532909936e+01,1.358517946505757301e+01,7.304849839198568340e+00,3.130177627605146284e+00
2.225098890035170918e+00,2.226868981990559604e+00,2.232219419649938974e+00,2.241272142369643561e+00,2.254235407600080343e+00,2.271411984527560435e+00,2.293212054494020435e+00,2.320172549745969093e+00,2.352985669171792082e+00,2.392540871031556549e+00,2.439987140211030692e+00,2.496826429478904430e+00,2.565056077803906653e+00,2.647389901449925809e+00,2.747608594607942045e+00,2.871127658621719370e+00,3.025939393956744716e+00,3.224209526985744034e+00,3.485026647052436033e+00,3.839137803361081236e+00,4.336779780396671669e+00,5.058643884115332057e+00,6.121691921443350282e+00,7.638183829657396728e+00,9.526122516042899946e+00,1.122729226259187030e+01,1.204956105053287629e+01,1.207767870311693414e+01,1.194819550637533645e+01,1.212256301123624169e+01,1.280789732269853687e+01,1.411823668646496799e+01,1.615989756275235578e+01,1.907855857490827844e+01,2.316034968273458361e+01,2.874127003402941938e+01,3.534193600824409032e+01,4.071717556426196438e+01,4.245339251903346423e+01,4.080274296721058391e+01,3.743081464136803760e+01,3.185472938533397880e+01,3.477023291163727770e+00,3.680522329070234910e+00,3.774873521105992502e+00,3.609956227549182550e+00,3.358639573250687960e+00,3.170790223302555333e+00,3.137721044968533324e+00,3.317353863199379305e+00,3.689837165648479633e+00,4.130854416763307668e+00,4.554626802109074113e+00,4.918504674636769991e+00,4.696789350912822236e+00,3.714737562332270926e+00,3.074769288126866229e+00,3.043136185644124136e+00,3.252372372756373586e+00,3.298764406364917967e+00,3.187193316718750502e+00,3.193103026053212279e+00,3.449078320733112157e+00,4.023305071871807748e+00,5.082219687625755711e+00,6.979612592455719522e+00,8.640951062555480178e+00,5.317116823368650103e+00,3.080406733210661052e+00,2.468804054041506824e+00,2.523549852755779810e+00,2.880385021299214365e+00,3.435700130784802298e+00,4.197870730281727525e+00,5.230713152015531442e+00,6.574382464521788094e+00,7.911186906784717365e+00,8.170267236563166335e+00,7.360496690489148897e+00,7.238861418232955813e+00,8.531663120530941669e+00,1.120635423786326967e+01,1.381097876872987484e+01,1.221255304315636003e+01,7.684087592688825907e+00,4.520221434808391336e+00,2.852979443274650251e+00,1.901122455424453239e+00,1.218035726617272552e+00,6.068379098837728414e-01
2.364547673121775162e+00,2.366824329031702590e+00,2.373703122769654783e+00,2.385332766192349574e+00,2.401968843862656300e+00,2.423986459785254510e+00,2.451900237006077177e+00,2.486394469432773313e+00,2.528367891822380642e+00,2.579000157584565578e+00,2.639851377426227774e+00,2.713013179655554552e+00,2.801341870452056515e+00,2.908825334264264484e+00,3.041172467083697040e+00,3.206779845007701191e+00,3.418345619148066561e+00,3.695589988994352204e+00,4.069790396743377947e+00,4.590865555909884321e+00,5.336034004301836831e+00,6.409760422593125284e+00,7.893785178734691321e+00,9.668727953105493711e+00,1.121153180356630941e+01,1.195952878243352657e+01,1.202718422077815319e+01,1.196811782937695590e+01,1.218611132053666424e+01,1.285980866802649558e+01,1.406244892118961864e+01,1.583809883911786542e+01,1.829749123072827999e+01,2.177329861329165794e+01,2.673282592030064109e+01,3.307914860181253403e+01,3.918503704945071320e+01,4.250351023138632911e+01,4.233103483514311449e+01,4.020473822092544225e+01,3.739587226179844492e+01,3.267904763663217693e+01,3.485875216812039934e+00,3.680957119926020482e+00,3.665615915440534334e+00,3.423050526912141400e+00,3.188526483340281548e+00,3.097157405443018430e+00,3.225253418638018843e+00,3.597884205908541411e+00,4.136490326113717586e+00,4.677372657626022168e+00,5.006838716265527012e+00,4.620066234556219342e+00,3.607368559160550880e+00,2.958297230190387594e+00,2.880392498670603096e+00,3.122962022548514405e+00,3.340636136307906234e+00,3.341542199733193996e+00,3.331698909988967117e+00,3.540063925273395640e+00,4.078537900486811196e+00,5.116121632208914249e+00,6.945609961254306519e+00,7.934136600125163419e+00,5.027975077887647970e+00,3.344073809832681654e+00,2.658717729819382036e+00,2.607390165442746710e+00,2.916377418522508869e+00,3.451182740478953015e+00,4.194328545592407309e+00,5.191648221670053687e+00,6.492091034568591823e+00,7.937356956109542949e+00,8.784301561078589060e+00,8.660554946863330272e+00,8.994178389310736321e+00,1.057311758608330265e+01,1.156475331988056077e+01,8.951734650917586578e+00,5.380968520747098083e+00,3.375601100564673551e+00,2.487486248602799321e+00,2.088864296201087267e+00,1.847269989313227168e+00,1.585650238310498672e+00,1.202155545156946559e+00,6.595220278601487962e-01
2.547762605410175407e+00,2.550640810257098767e+00,2.559337966168961920e+00,2.574045200042007764e+00,2.595093195820941112e+00,2.622972111193688782e+00,2.658363212300884904e+00,2.702186850380483563e+00,2.755674234662697231e+00,2.820474973986553113e+00,2.898819788444861878e+00,2.993770280044294463e+00,3.109608989031320547e+00,3.252459745457358942e+00,3.431291414836223908e+00,3.659562568015750639e+00,3.957918283403227822e+00,4.358489936897957939e+00,4.911064062102566297e+00,5.688923395397871730e+00,6.781863497957052900e+00,8.236635905578260974e+00,9.893569530740030871e+00,1.126814331543599579e+01,1.193086056460847999e+01,1.203375959976114018e+01,1.205200746427152936e+01,1.232321179172977210e+01,1.298481286983496119e+01,1.406353800934072495e+01,1.556446257096111196e+01,1.761294651982407800e+01,2.058423269486686635e+01,2.497827370542473702e+01,3.091261622064771331e+01,3.730924818503754636e+01,4.183619175990506989e+01,4.303293062887066611e+01,4.183063597951198886e+01,3.988870381402601595e+01,3.782232534057833107e+01,3.389667644709260230e+01,3.459673617589098527e+00,3.634773181923323104e+00,3.509881586577456858e+00,3.249665795203782181e+00,3.098722436269762959e+00,3.165936030499305609e+00,3.504080025403810694e+00,4.085939843110065084e+00,4.730685469988305414e+00,5.063568606599089250e+00,4.578770459438086249e+00,3.557447466306951078e+00,2.890961860209584344e+00,2.752519395267549740e+00,2.965716178178334772e+00,3.286743130643321464e+00,3.449294100412747532e+00,3.482093915392325822e+00,3.653849307197987173e+00,4.151856681282461992e+00,5.156494838157898997e+00,6.856850435549044498e+00,7.231590831171541112e+00,4.718689592273928035e+00,3.582800469742741800e+00,2.916726743405217981e+00,2.727342693519951844e+00,2.958089531306806741e+00,3.460188380264273000e+00,4.184374882638808302e+00,5.157250917672362434e+00,6.431353312632470676e+00,7.953295075436073169e+00,9.265909502155555089e+00,9.833960656421092850e+00,1.035322053633669270e+01,1.068989217571195738e+01,8.428259993976894293e+00,5.067604754338517203e+00,3.155899721527122281e+00,2.421688568161250998e+00,2.246743015740071403e+00,2.306523062395005041e+00,2.433931160914437619e+00,2.508950909387053230e+00,2.405922057283405024e+00,1.985754684169704909e+00,1.156332729018405558e+00
2.781801885295953625e+00,2.785435755204435093e+00,2.796421957571815220e+00,2.815019864953915985e+00,2.841681183929878340e+00,2.877081931507763368e+00,2.922173486246582019e+00,2.978260532760201862e+00,3.047118613116028829e+00,3.131171869717663814e+00,3.233764525898219500e+00,3.359581267980327191e+00,3.515307740452944252e+00,3.710681101981505581e+00,3.960169218870523977e+00,4.285620734111805774e+00,4.720220870311098160e+00,5.313407965064920191e+00,6.133086291788503175e+00,7.250526123037992932e+00,8.672230568590745037e+00,1.020010907347801421e+01,1.140015320095004725e+01,1.197669467262056919e+01,1.211501092269213764e+01,1.221203866662541415e+01,1.253116256517610161e+01,1.315818769815195743e+01,1.408142544809188834e+01,1.530888699948659237e+01,1.701310300346332482e+01,1.958117147120840329e+01,2.348254220234217016e+01,2.894215694186500443e+01,3.531462366879046044e+01,4.066993508961319748e+01,4.312018341369638108e+01,4.283081022144543937e+01,4.138547516450385899e+01,3.997141861018127429e+01,3.867962538575473275e+01,3.544506159632064879e+01,3.427975964050289370e+00,3.561425149112373845e+00,3.360860572041957095e+00,3.155085720166295182e+00,3.154234834902669427e+00,3.436272389010308626e+00,4.009209531161661566e+00,4.713984097650603111e+00,5.079887395235838099e+00,4.571106957609116783e+00,3.564089277835835734e+00,2.876020302352233493e+00,2.672980552290460388e+00,2.826462528674289487e+00,3.174161009072018480e+00,3.485457733140939762e+00,3.627207661524445292e+00,3.793108747468187936e+00,4.248040878680270360e+00,5.204101979088848751e+00,6.740208995689811466e+00,6.661759454241478196e+00,4.416805900126008488e+00,3.703889871066179396e+00,3.220230236929833012e+00,2.910414347699552540e+00,3.026237665696007717e+00,3.474579478307537883e+00,4.174172720473256604e+00,5.127899833970794852e+00,6.385324573560602346e+00,7.955427115751523282e+00,9.585081989321153628e+00,1.068430700719246218e+01,1.092092598050473740e+01,9.289170830161385339e+00,5.846756796116481247e+00,3.414578880280516593e+00,2.430475479454075050e+00,2.228060895075545389e+00,2.399377209681241574e+00,2.765086112862102929e+00,3.242135128186840465e+00,3.771321716012643321e+00,4.264243250663291462e+00,4.533960419170779410e+00,4.202986783014017291e+00,2.730993276040449835e+00
3.078782447039107861e+00,3.083426167896641257e+00,3.097477882274146666e+00,3.121308358917274095e+00,3.155567231500366887e+00,3.201235372283206537e+00,3.259708936187921680e+00,3.332928475787522160e+00,3.423574959369268811e+00,3.535367953176837830e+00,3.673522793450056945e+00,3.845457664402940345e+00,4.061892279771250891e+00,4.338542932748956638e+00,4.698647529426802194e+00,5.176343176219289077e+00,5.819747299242439276e+00,6.688426699184613078e+00,7.829350406331148093e+00,9.204228644072987464e+00,1.058605503968571604e+01,1.160998689002450490e+01,1.210771227366669223e+01,1.228195475678701598e+01,1.244721348028591201e+01,1.278684588799090527e+01,1.333634369103825534e+01,1.407513156928756892e+01,1.505509302307391728e+01,1.649182363822885122e+01,1.874593853462076609e+01,2.222809411067032670e+01,2.720849157547569064e+01,3.335498806854554488e+01,3.918952461187038239e+01,4.271546614267420949e+01,4.337990350883401902e+01,4.241087406246667513e+01,4.122390133837028259e+01,4.047766347115150154e+01,3.992852201068245677e+01,3.726397890513355549e+01,3.413421173369024508e+00,3.480633704625746283e+00,3.270140149283662367e+00,3.194249577434704612e+00,3.403872868307156185e+00,3.926283063998170508e+00,4.629061935031875130e+00,5.027201477316900480e+00,4.564811617664110699e+00,3.606364391655469959e+00,2.900789768297906690e+00,2.633161272492567928e+00,2.715069884050413940e+00,3.035152302275845315e+00,3.435197081891150361e+00,3.723301434618608852e+00,3.938006860374487772e+00,4.359542370520530952e+00,5.251421223403696104e+00,6.606625233766116878e+00,6.229031188009592768e+00,4.146087600648473703e+00,3.671313032594847314e+00,3.473624484435244852e+00,3.148830940522862054e+00,3.128965434490349473e+00,3.494838019113211125e+00,4.156917006967097983e+00,5.089220704496410619e+00,6.329757328860030619e+00,7.916284286597630171e+00,9.709961022178470458e+00,1.107587112815605579e+01,1.075987560523276088e+01,7.814916469573784497e+00,4.470100006204802412e+00,2.728008073792898003e+00,2.188828819138299853e+00,2.258317265809606234e+00,2.652939550793087520e+00,3.268495038048602197e+00,4.085718444664143689e+00,5.131662756223076549e+00,6.464242923973262833e+00,8.154897476102773268e+00,1.021474474970640500e+01,1.221473625537722363e+01,1.147280084689780111e+01
3.459481636545980177e+00,3.465559013401686705e+00,3.483971325645462969e+00,3.515274235332710440e+00,3.560446470497646843e+00,3.620977032653116545e+00,3.699005546771072517e+00,3.797538392411148322e+00,3.920776920078128391e+00,4.074614570132228941e+00,4.267389024027856692e+00,4.511011155317734556e+00,4.822612738692133583e+00,5.226770306192007887e+00,5.757876153049812373e+00,6.460503327268596330e+00,7.380920587154815138e+00,8.534703364610374265e+00,9.838141196829376156e+00,1.105463120197351934e+01,1.190760498702365666e+01,1.233722774627710095e+01,1.253911136485688083e+01,1.274064365127842713e+01,1.304985437881959243e+01,1.347496265867802379e+01,1.402586850615357150e+01,1.480975599890907901e+01,1.605337037828975610e+01,1.806622311925803004e+01,2.119642415564567628e+01,2.572562717101862972e+01,3.153418063920454628e+01,3.756062093106731226e+01,4.193282375428250219e+01,4.355571011064947839e+01,4.314134625546668644e+01,4.211987649320018079e+01,4.145167380009784353e+01,4.141245808449877330e+01,4.154841619842349587e+01,3.930264327210295505e+01,3.449792528133222014e+00,3.445459236799996994e+00,3.308207765284021384e+00,3.428416084623342464e+00,3.870422721514898967e+00,4.513414739778065510e+00,4.910953634760328868e+00,4.541857347739730599e+00,3.677717824175208428e+00,2.969830581703458705e+00,2.640156243086178023e+00,2.646976956081181775e+00,2.911613500669663068e+00,3.334910895304699086e+00,3.752726265073758061e+00,4.072914653501912952e+00,4.491191455205800764e+00,5.312109164025824448e+00,6.489223521259002148e+00,5.936459832652252189e+00,3.944539208260011698e+00,3.554899204288797243e+00,3.614411367857184310e+00,3.422552470086526188e+00,3.292633133610012308e+00,3.542863050658318080e+00,4.144899645755772966e+00,5.046515059547829196e+00,6.264509630698045228e+00,7.839102530682051651e+00,9.670931753100031614e+00,1.106131054905661415e+01,1.026766858016928730e+01,6.872685211658868809e+00,3.864174119217445025e+00,2.481965858991963536e+00,2.153139809304982499e+00,2.377080409347342993e+00,2.933245964078656787e+00,3.758491477571679340e+00,4.878244755869531879e+00,6.387386318502475291e+00,8.458123462428412509e+00,1.135931306372561878e+01,1.545498981997490695e+01,2.107015233032234391e+01,2.779250461596840438e+01,3.082355312271770487e+01
3.955868251891192511e+00,3.964082798535617513e+00,3.989006206884315731e+00,4.031502985263212935e+00,4.093101673508869887e+00,4.176139906717879491e+00,4.283996883706009839e+00,4.421448072726485989e+00,4.595194134295810251e+00,4.814634845429499599e+00,5.092966298726109287e+00,5.448629533894299826e+00,5.906890762007344087e+00,6.500516114741872187e+00,7.266336018136387409e+00,8.230244952419329962e+00,9.370349342678396809e+00,1.056563480166637881e+01,1.159805655195109608e+01,1.228913492410106301e+01,1.265415058695716866e+01,1.285525691491986677e+01,1.303722563483839991e+01,1.325789165878972220e+01,1.353599975956623069e+01,1.393124150329360056e+01,1.458260073945727342e+01,1.569572287704236224e+01,1.752417743980430132e+01,2.036160194600320494e+01,2.448365082488054156e+01,2.990687689204447608e+01,3.591278242255111763e+01,4.088421227550320936e+01,4.340761302757984907e+01,4.363548654978410468e+01,4.283716597238053225e+01,4.214810639545433446e+01,4.211915689991437972e+01,4.278649126588651797e+01,4.353347283174618809e+01,4.150545505441329652e+01,3.549619143986881831e+00,3.505673366120709566e+00,3.521194230159330196e+00,3.853588672254293357e+00,4.389943128689988150e+00,4.735426571447765021e+00,4.465244827721015497e+00,3.745218911752179469e+00,3.069649309181987640e+00,2.687536865696671384e+00,2.618485308999107808e+00,2.814501892559484464e+00,3.213524249352650575e+00,3.706735161767338305e+00,4.157953993340957055e+00,4.622484442842522689e+00,5.381697672187679693e+00,6.392185531113292463e+00,5.749672295389240517e+00,3.806312594730210108e+00,3.405691972395430422e+00,3.619827911288564515e+00,3.652899368511353106e+00,3.510575371408153345e+00,3.629986904514459489e+00,4.141414465090509367e+00,4.994406962674302619e+00,6.177328216366939628e+00,7.712347506318595336e+00,9.490343604498807650e+00,1.075379476247100285e+01,9.704801145607277135e+00,6.398613319692591617e+00,3.692858355145378635e+00,2.466809836721450822e+00,2.220348657737747367e+00,2.529749616327903183e+00,3.205673546893250681e+00,4.205934860273030651e+00,5.581114289179300414e+00,7.451896770117761193e+00,9.971878949207525267e+00,1.316211346430838880e+01,1.641893306749913251e+01,1.799663781269405050e+01,1.622889944136626283e+01,1.171329311607787105e+01,6.071680187056838207e+00
4.625017349344073381e+00,4.636544215936345026e+00,4.671568587436436104e+00,4.731462461714707857e+00,4.818653283302609225e+00,4.936853521414008128e+00,5.091419434627275642e+00,5.289874947412698702e+00,5.542634577942751051e+00,5.863918434074366637e+00,6.272697609841482169e+00,6.793060751132684594e+00,7.452301875480438653e+00,8.272939454177997476e+00,9.252845003179588801e+00,1.033251977972053837e+01,1.137386298980176491e+01,1.220572099681103140e+01,1.273841502003967285e+01,1.302139645718929373e+01,1.316949558766045136e+01,1.326952027149226332e+01,1.336849070436914033e+01,1.351869201484967675e+01,1.381389017548598730e+01,1.439112792571963695e+01,1.542041082358345250e+01,1.710749825971591420e+01,1.970259475516048653e+01,2.346690519633616390e+01,2.849929037679795840e+01,3.434346122684437574e+01,3.968270064132730823e+01,4.299138386910578191e+01,4.391762163122767504e+01,4.343717278853169717e+01,4.275258774873493905e+01,4.260795651452839650e+01,4.327631096841822966e+01,4.463686130290821552e+01,4.589829932396660439e+01,4.382578338127881779e+01,3.734984162184473711e+00,3.713109028296990299e+00,3.900115446282237386e+00,4.290831694662511353e+00,4.533376412190870397e+00,4.324226277484477521e+00,3.775893117881135019e+00,3.185241699636742752e+00,2.773968971888696178e+00,2.631695219559881949e+00,2.752913267777956641e+00,3.100840241744906578e+00,3.611961083834946962e+00,4.173011075670329362e+00,4.730926324789330728e+00,5.461407107506177638e+00,6.328893069114371883e+00,5.654168730005038057e+00,3.732608508522150537e+00,3.263644592450010151e+00,3.533446157778796781e+00,3.778467976564869879e+00,3.749363709408648493e+00,3.770941872248978477e+00,4.161794279878650471e+00,4.940071232460674366e+00,6.070761668126989363e+00,7.543842247647170041e+00,9.215998685702864179e+00,1.030005436632602844e+01,9.186560454889303173e+00,6.219108129477124436e+00,3.783387620724543154e+00,2.606429639533847098e+00,2.360340996581600237e+00,2.702210280135441955e+00,3.461372218352853913e+00,4.604718980818867102e+00,6.195163817259596861e+00,8.354989520043732298e+00,1.116095247308959060e+01,1.431543301532640555e+01,1.669676195945795172e+01,1.703668770390383003e+01,1.566444229196580729e+01,1.372606567703813596e+01,1.126854980860367839e+01,7.042231527498143961e+00
5.555520807302483099e+00,5.572211209464528636e+00,5.622974109026057654e+00,5.709941520778882840e+00,5.836859664220616750e+00,6.009386276544992356e+00,6.235510164566937519e+00,6.526054238303591326e+00,6.895112693951055860e+00,7.359999558073648807e+00,7.939698511251691571e+00,8.649790568777170563e+00,9.490897616027215378e+00,1.042950761803998994e+01,1.138035269353627754e+01,1.221696462356021229e+01,1.282984264859418033e+01,1.319106218273982023e+01,1.335350775940247203e+01,1.339499709845812703e+01,1.338132745572029236e+01,1.337341774356426427e+01,1.344724891913975284e+01,1.370020667839841977e+01,1.424777184791397033e+01,1.522598625856930177e+01,1.680469521611771455e+01,1.920050867048850307e+01,2.265664460658830492e+01,2.731801043096856318e+01,3.291835232528966770e+01,3.843136078588324267e+01,4.237341109178773024e+01,4.400605908333441363e+01,4.393680471109515651e+01,4.332975272436043923e+01,4.306853965146515151e+01,4.359063337137209970e+01,4.499494814568273426e+01,4.702708510162363353e+01,4.867028432929024717e+01,4.623056537541678779e+01,4.018004068476987989e+00,4.043455936740469880e+00,4.242698489744423540e+00,4.338639089355456058e+00,4.129275977339396775e+00,3.736262550122404491e+00,3.286542295240191258e+00,2.890887249118567759e+00,2.686369844624092451e+00,2.729551986241129935e+00,3.011789262379171994e+00,3.498682805802677542e+00,4.119160653466646949e+00,4.785145973733251346e+00,5.535815912060360056e+00,6.298174809974832478e+00,5.630817380224373281e+00,3.719060190527234688e+00,3.146151861556045759e+00,3.403977286825377035e+00,3.787971222684727302e+00,3.945229167132113801e+00,3.959758921969780410e+00,4.221910276109253068e+00,4.893583501103559996e+00,5.948939488293691902e+00,7.340944905562030165e+00,8.884755045182291866e+00,9.797523850652044786e+00,8.728343227430846341e+00,6.174322226696515870e+00,4.018778317923454857e+00,2.860379196732631968e+00,2.563930924811042011e+00,2.892080434635246888e+00,3.696577505635079142e+00,4.947597369119760558e+00,6.712966852370616522e+00,9.112139398367723686e+00,1.216691452957797637e+01,1.543317784662208147e+01,1.785040515194912203e+01,1.897716402486005904e+01,1.996056220655971813e+01,2.218914348605503051e+01,2.650968103783932861e+01,3.363548539076364108e+01,4.313288768632597225e+01
6.878928249650650528e+00,6.903206870168210330e+00,6.977005530943003464e+00,7.103255153900711605e+00,7.286967052096859909e+00,7.535356558330574828e+00,7.857833703114824431e+00,8.265543081698911720e+00,8.769820430945895140e+00,9.378484941696141775e+00,1.008862459828032598e+01,1.087561801077061574e+01,1.168265981618172944e+01,1.242271250693585216e+01,1.300507095673537705e+01,1.337681953093982123e+01,1.354412168062993871e+01,1.355603184277567408e+01,1.347613865473773487e+01,1.336990526149928193e+01,1.330638344368146875e+01,1.336101144914608696e+01,1.361588860252529543e+01,1.416260817948414896e+01,1.511170651835295153e+01,1.660752864167365317e+01,1.884061949981603590e+01,2.203528883903256386e+01,2.635899455094320487e+01,3.167758798849041924e+01,3.721678292012682476e+01,4.162877355999793139e+01,4.392794352124146684e+01,4.434085526935359667e+01,4.389922546229117017e+01,4.357111651207250702e+01,4.392697086366818127e+01,4.520440344462702598e+01,4.737867092631869781e+01,5.003872568083407657e+01,5.186901809754497350e+01,4.867201299988277441e+01,4.355204523485878276e+00,4.289914394577576395e+00,4.189897523215346808e+00,3.915190196232953834e+00,3.616390895334165023e+00,3.335610402409261432e+00,3.020876880731893088e+00,2.782321430674139506e+00,2.748577176159838764e+00,2.956261712882368720e+00,3.393364014848332388e+00,4.022612586089957531e+00,4.771825841590549011e+00,5.584391545362421994e+00,6.296823858333732815e+00,5.670812917485134719e+00,3.766963609056206419e+00,3.063648535313312493e+00,3.266606855430487233e+00,3.714637298694856149e+00,4.049803775202476253e+00,4.161735393934962168e+00,4.334000921063896783e+00,4.872650185276206081e+00,5.824248025903244752e+00,7.117983645569248452e+00,8.530767414772967072e+00,9.309276172928381499e+00,8.334989710231987203e+00,6.171309970352578667e+00,4.314765113447105449e+00,3.199376292718447701e+00,2.831339559229917313e+00,3.104623736738332251e+00,3.911190713337298064e+00,5.223733420017828699e+00,7.106664314390687132e+00,9.669258488168729571e+00,1.289098739844626351e+01,1.624070969174529111e+01,1.864648858707799306e+01,1.966733904131077182e+01,1.978657141824892207e+01,1.902189557987585999e+01,1.689197509788028384e+01,1.340009961860804211e+01,9.141306962027561767e+00,4.642094021481701915e+00
